################################################################################
[1m                          Learning iteration 500/1000                           [0m 

                               Run name: original_core_920ms_fresh
                            Total steps: 2048 
                       Steps per second: 454 
                        Collection time: 4.183s 
                          Learning time: 0.318s 
                        Mean value loss: 521.5724
                    Mean surrogate loss: -0.0154
                      Mean entropy loss: -20.3227
                        Mean action std: 0.10
--------------------------------------------------------------------------------
                         Iteration time: 4.50s
                           Time elapsed: 00:00:04
                                    ETA: 00:37:26

################################################################################
[1m                          Learning iteration 501/1000                           [0m 

                               Run name: original_core_920ms_fresh
                            Total steps: 4096 
                       Steps per second: 609 
                        Collection time: 3.195s 
                          Learning time: 0.166s 
                        Mean value loss: 378.7529
                    Mean surrogate loss: -0.0137
                      Mean entropy loss: -20.3227
                            Mean reward: -1.02
                    Mean episode length: 31.50
                        Mean action std: 0.10
--------------------------------------------------------------------------------
                         Iteration time: 3.36s
                           Time elapsed: 00:00:07
                                    ETA: 00:32:37

################################################################################
[1m                          Learning iteration 502/1000                           [0m 

                               Run name: original_core_920ms_fresh
                            Total steps: 6144 
                       Steps per second: 691 
                        Collection time: 2.779s 
                          Learning time: 0.183s 
                        Mean value loss: 474.6678
                    Mean surrogate loss: -0.0096
                      Mean entropy loss: -20.3227
                            Mean reward: 26.60
                    Mean episode length: 38.00
                        Mean action std: 0.10
  Episode_Reward/motion_global_root_pos: 0.0022
  Episode_Reward/motion_global_root_ori: 0.0027
         Episode_Reward/motion_body_pos: 0.0044
         Episode_Reward/motion_body_ori: 0.0043
     Episode_Reward/motion_body_lin_vel: 0.0045
     Episode_Reward/motion_body_ang_vel: 0.0045
          Episode_Reward/action_rate_l2: -0.0007
             Episode_Reward/joint_limit: -0.0000
         Episode_Reward/self_collisions: -0.0003
Episode_Reward/action_target_reference_l2: -0.0036
Episode_Reward/action_target_soft_limit_barrier: -0.0010
                   Episode_Reward/alive: 0.6923
 Episode_Reward/non_timeout_termination: -0.7655
Episode_Reward/worst_ee_z_normalized_squared: -0.0035
Episode_Reward/right_wrist_prethreshold_barrier: 0.0000
 Episode_Reward/requested_effort_excess: 0.0000
Episode_Reward/root_world_tracking_error: -0.0046
Episode_Reward/measured_joint_posture_l2: -0.0098
Episode_Reward/measured_feet_world_position_l2: -0.0053
Episode_Reward/original_task_position_l2: -0.0043
Episode_Reward/original_task_orientation_l2: -0.0028
        Metrics/motion/error_anchor_pos: 0.2845
        Metrics/motion/error_anchor_rot: 0.1856
    Metrics/motion/error_anchor_lin_vel: 0.4935
    Metrics/motion/error_anchor_ang_vel: 0.8308
          Metrics/motion/error_body_pos: 0.2947
          Metrics/motion/error_body_rot: 0.2862
         Metrics/motion/error_joint_pos: 0.9106
         Metrics/motion/error_joint_vel: 4.9946
        Metrics/motion/sampling_entropy: 0.0000
      Metrics/motion/sampling_top1_prob: 0.0000
       Metrics/motion/sampling_top1_bin: 0.0000
      Metrics/motion/error_body_lin_vel: 0.5300
      Metrics/motion/error_body_ang_vel: 1.3813
           Episode_Termination/time_out: 0.0000
         Episode_Termination/anchor_pos: 0.0000
         Episode_Termination/anchor_ori: 0.0000
        Episode_Termination/ee_body_pos: 0.0000
Episode_Termination/corpus_clip_time_out: 0.0000
Episode_Termination/invalid_native_model_actuation: 0.0000
Episode_Termination/world_root_tracking_failure: 1.2222
 Episode_Reward/world_potential_shaping: 0.0203
--------------------------------------------------------------------------------
                         Iteration time: 2.96s
                           Time elapsed: 00:00:10
                                    ETA: 00:29:53

################################################################################
[1m                          Learning iteration 503/1000                           [0m 

                               Run name: original_core_920ms_fresh
                            Total steps: 8192 
                       Steps per second: 853 
                        Collection time: 2.232s 
                          Learning time: 0.168s 
                        Mean value loss: 443.7553
                    Mean surrogate loss: -0.0130
                      Mean entropy loss: -20.3227
                            Mean reward: 62.17
                    Mean episode length: 47.00
                        Mean action std: 0.10
  Episode_Reward/motion_global_root_pos: 0.0032
  Episode_Reward/motion_global_root_ori: 0.0036
         Episode_Reward/motion_body_pos: 0.0064
         Episode_Reward/motion_body_ori: 0.0058
     Episode_Reward/motion_body_lin_vel: 0.0064
     Episode_Reward/motion_body_ang_vel: 0.0062
          Episode_Reward/action_rate_l2: -0.0010
             Episode_Reward/joint_limit: 0.0000
         Episode_Reward/self_collisions: -0.0043
Episode_Reward/action_target_reference_l2: -0.0052
Episode_Reward/action_target_soft_limit_barrier: -0.0013
                   Episode_Reward/alive: 0.9726
 Episode_Reward/non_timeout_termination: -0.7655
Episode_Reward/worst_ee_z_normalized_squared: -0.0084
Episode_Reward/right_wrist_prethreshold_barrier: -0.0000
 Episode_Reward/requested_effort_excess: -0.0000
Episode_Reward/root_world_tracking_error: -0.0056
Episode_Reward/measured_joint_posture_l2: -0.0142
Episode_Reward/measured_feet_world_position_l2: -0.0071
Episode_Reward/original_task_position_l2: -0.0060
Episode_Reward/original_task_orientation_l2: -0.0041
        Metrics/motion/error_anchor_pos: 0.2847
        Metrics/motion/error_anchor_rot: 0.1815
    Metrics/motion/error_anchor_lin_vel: 0.4210
    Metrics/motion/error_anchor_ang_vel: 0.7753
          Metrics/motion/error_body_pos: 0.2975
          Metrics/motion/error_body_rot: 0.2980
         Metrics/motion/error_joint_pos: 0.9134
         Metrics/motion/error_joint_vel: 4.3520
        Metrics/motion/sampling_entropy: 0.0000
      Metrics/motion/sampling_top1_prob: 0.0000
       Metrics/motion/sampling_top1_bin: 0.0000
      Metrics/motion/error_body_lin_vel: 0.4701
      Metrics/motion/error_body_ang_vel: 1.2785
           Episode_Termination/time_out: 0.0000
         Episode_Termination/anchor_pos: 0.0000
         Episode_Termination/anchor_ori: 0.0000
        Episode_Termination/ee_body_pos: 0.0000
Episode_Termination/corpus_clip_time_out: 0.0000
Episode_Termination/invalid_native_model_actuation: 0.0000
Episode_Termination/world_root_tracking_failure: 1.3000
 Episode_Reward/world_potential_shaping: 0.0230
--------------------------------------------------------------------------------
                         Iteration time: 2.40s
                           Time elapsed: 00:00:13
                                    ETA: 00:27:19

################################################################################
[1m                          Learning iteration 504/1000                           [0m 

                               Run name: original_core_920ms_fresh
                            Total steps: 10240 
                       Steps per second: 836 
                        Collection time: 2.270s 
                          Learning time: 0.178s 
                        Mean value loss: 441.9420
                    Mean surrogate loss: -0.0096
                      Mean entropy loss: -20.3227
                            Mean reward: 77.13
                    Mean episode length: 51.12
                        Mean action std: 0.10
  Episode_Reward/motion_global_root_pos: 0.0035
  Episode_Reward/motion_global_root_ori: 0.0039
         Episode_Reward/motion_body_pos: 0.0071
         Episode_Reward/motion_body_ori: 0.0065
     Episode_Reward/motion_body_lin_vel: 0.0073
     Episode_Reward/motion_body_ang_vel: 0.0069
          Episode_Reward/action_rate_l2: -0.0010
             Episode_Reward/joint_limit: -0.0000
         Episode_Reward/self_collisions: -0.0011
Episode_Reward/action_target_reference_l2: -0.0060
Episode_Reward/action_target_soft_limit_barrier: -0.0015
                   Episode_Reward/alive: 1.0647
 Episode_Reward/non_timeout_termination: -0.7655
Episode_Reward/worst_ee_z_normalized_squared: -0.0123
Episode_Reward/right_wrist_prethreshold_barrier: -0.0003
 Episode_Reward/requested_effort_excess: -0.0000
Episode_Reward/root_world_tracking_error: -0.0055
Episode_Reward/measured_joint_posture_l2: -0.0173
Episode_Reward/measured_feet_world_position_l2: -0.0079
Episode_Reward/original_task_position_l2: -0.0066
Episode_Reward/original_task_orientation_l2: -0.0045
        Metrics/motion/error_anchor_pos: 0.2909
        Metrics/motion/error_anchor_rot: 0.2322
    Metrics/motion/error_anchor_lin_vel: 0.4475
    Metrics/motion/error_anchor_ang_vel: 0.9620
          Metrics/motion/error_body_pos: 0.2965
          Metrics/motion/error_body_rot: 0.3344
         Metrics/motion/error_joint_pos: 1.2114
         Metrics/motion/error_joint_vel: 5.6555
        Metrics/motion/sampling_entropy: 0.0000
      Metrics/motion/sampling_top1_prob: 0.0000
       Metrics/motion/sampling_top1_bin: 0.0000
      Metrics/motion/error_body_lin_vel: 0.5207
      Metrics/motion/error_body_ang_vel: 1.7346
           Episode_Termination/time_out: 0.0000
         Episode_Termination/anchor_pos: 0.0000
         Episode_Termination/anchor_ori: 0.0000
        Episode_Termination/ee_body_pos: 0.0000
Episode_Termination/corpus_clip_time_out: 0.0000
Episode_Termination/invalid_native_model_actuation: 0.0000
Episode_Termination/world_root_tracking_failure: 1.2727
 Episode_Reward/world_potential_shaping: 0.0246
--------------------------------------------------------------------------------
                         Iteration time: 2.45s
                           Time elapsed: 00:00:15
                                    ETA: 00:25:51

################################################################################
[1m                          Learning iteration 505/1000                           [0m 

                               Run name: original_core_920ms_fresh
                            Total steps: 12288 
                       Steps per second: 802 
                        Collection time: 2.380s 
                          Learning time: 0.173s 
                        Mean value loss: 401.5721
                    Mean surrogate loss: -0.0113
                      Mean entropy loss: -20.3227
                            Mean reward: 94.53
                    Mean episode length: 55.82
                        Mean action std: 0.10
  Episode_Reward/motion_global_root_pos: 0.0043
  Episode_Reward/motion_global_root_ori: 0.0053
         Episode_Reward/motion_body_pos: 0.0087
         Episode_Reward/motion_body_ori: 0.0086
     Episode_Reward/motion_body_lin_vel: 0.0095
     Episode_Reward/motion_body_ang_vel: 0.0090
          Episode_Reward/action_rate_l2: -0.0013
             Episode_Reward/joint_limit: -0.0000
         Episode_Reward/self_collisions: -0.0014
Episode_Reward/action_target_reference_l2: -0.0073
Episode_Reward/action_target_soft_limit_barrier: -0.0023
                   Episode_Reward/alive: 1.3552
 Episode_Reward/non_timeout_termination: -0.7655
Episode_Reward/worst_ee_z_normalized_squared: -0.0104
Episode_Reward/right_wrist_prethreshold_barrier: 0.0000
 Episode_Reward/requested_effort_excess: -0.0000
Episode_Reward/root_world_tracking_error: -0.0068
Episode_Reward/measured_joint_posture_l2: -0.0208
Episode_Reward/measured_feet_world_position_l2: -0.0100
Episode_Reward/original_task_position_l2: -0.0084
Episode_Reward/original_task_orientation_l2: -0.0053
        Metrics/motion/error_anchor_pos: 0.2908
        Metrics/motion/error_anchor_rot: 0.1606
    Metrics/motion/error_anchor_lin_vel: 0.5511
    Metrics/motion/error_anchor_ang_vel: 1.4230
          Metrics/motion/error_body_pos: 0.2919
          Metrics/motion/error_body_rot: 0.2574
         Metrics/motion/error_joint_pos: 0.9380
         Metrics/motion/error_joint_vel: 5.9819
        Metrics/motion/sampling_entropy: 0.0000
      Metrics/motion/sampling_top1_prob: 0.0000
       Metrics/motion/sampling_top1_bin: 0.0000
      Metrics/motion/error_body_lin_vel: 0.5777
      Metrics/motion/error_body_ang_vel: 1.7294
           Episode_Termination/time_out: 0.0000
         Episode_Termination/anchor_pos: 0.0000
         Episode_Termination/anchor_ori: 0.0000
        Episode_Termination/ee_body_pos: 0.0000
Episode_Termination/corpus_clip_time_out: 0.0000
Episode_Termination/invalid_native_model_actuation: 0.0000
Episode_Termination/world_root_tracking_failure: 1.0000
 Episode_Reward/world_potential_shaping: 0.0290
--------------------------------------------------------------------------------
                         Iteration time: 2.55s
                           Time elapsed: 00:00:18
                                    ETA: 00:25:00

################################################################################
[1m                          Learning iteration 506/1000                           [0m 

                               Run name: original_core_920ms_fresh
                            Total steps: 14336 
                       Steps per second: 832 
                        Collection time: 2.281s 
                          Learning time: 0.179s 
                        Mean value loss: 553.5879
                    Mean surrogate loss: -0.0111
                      Mean entropy loss: -20.3227
                            Mean reward: 106.86
                    Mean episode length: 59.27
                        Mean action std: 0.10
--------------------------------------------------------------------------------
                         Iteration time: 2.46s
                           Time elapsed: 00:00:20
                                    ETA: 00:24:16

################################################################################
[1m                          Learning iteration 507/1000                           [0m 

                               Run name: original_core_920ms_fresh
                            Total steps: 16384 
                       Steps per second: 909 
                        Collection time: 2.085s 
                          Learning time: 0.167s 
                        Mean value loss: 421.3869
                    Mean surrogate loss: -0.0114
                      Mean entropy loss: -20.3227
                            Mean reward: 110.50
                    Mean episode length: 60.31
                        Mean action std: 0.10
--------------------------------------------------------------------------------
                         Iteration time: 2.25s
                           Time elapsed: 00:00:22
                                    ETA: 00:23:30

################################################################################
[1m                          Learning iteration 508/1000                           [0m 

                               Run name: original_core_920ms_fresh
                            Total steps: 18432 
                       Steps per second: 748 
                        Collection time: 2.541s 
                          Learning time: 0.197s 
                        Mean value loss: 743.6121
                    Mean surrogate loss: -0.0113
                      Mean entropy loss: -20.3227
                            Mean reward: 124.12
                    Mean episode length: 64.41
                        Mean action std: 0.10
--------------------------------------------------------------------------------
                         Iteration time: 2.74s
                           Time elapsed: 00:00:25
                                    ETA: 00:23:20

################################################################################
[1m                          Learning iteration 509/1000                           [0m 

                               Run name: original_core_920ms_fresh
                            Total steps: 20480 
                       Steps per second: 808 
                        Collection time: 2.357s 
                          Learning time: 0.175s 
                        Mean value loss: 438.2461
                    Mean surrogate loss: -0.0132
                      Mean entropy loss: -20.3227
                            Mean reward: 127.48
                    Mean episode length: 65.52
                        Mean action std: 0.10
--------------------------------------------------------------------------------
                         Iteration time: 2.53s
                           Time elapsed: 00:00:28
                                    ETA: 00:23:02

################################################################################
[1m                          Learning iteration 510/1000                           [0m 

                               Run name: original_core_920ms_fresh
                            Total steps: 22528 
                       Steps per second: 871 
                        Collection time: 2.193s 
                          Learning time: 0.156s 
                        Mean value loss: 464.5954
                    Mean surrogate loss: -0.0137
                      Mean entropy loss: -20.3227
                            Mean reward: 124.99
                    Mean episode length: 64.74
                        Mean action std: 0.10
--------------------------------------------------------------------------------
                         Iteration time: 2.35s
                           Time elapsed: 00:00:30
                                    ETA: 00:22:38

################################################################################
[1m                          Learning iteration 511/1000                           [0m 

                               Run name: original_core_920ms_fresh
                            Total steps: 24576 
                       Steps per second: 912 
                        Collection time: 2.087s 
                          Learning time: 0.157s 
                        Mean value loss: 359.4157
                    Mean surrogate loss: -0.0104
                      Mean entropy loss: -20.3227
                            Mean reward: 126.66
                    Mean episode length: 65.22
                        Mean action std: 0.10
  Episode_Reward/motion_global_root_pos: 0.0040
  Episode_Reward/motion_global_root_ori: 0.0046
         Episode_Reward/motion_body_pos: 0.0080
         Episode_Reward/motion_body_ori: 0.0081
     Episode_Reward/motion_body_lin_vel: 0.0089
     Episode_Reward/motion_body_ang_vel: 0.0086
          Episode_Reward/action_rate_l2: -0.0011
             Episode_Reward/joint_limit: -0.0001
         Episode_Reward/self_collisions: -0.0025
Episode_Reward/action_target_reference_l2: -0.0058
Episode_Reward/action_target_soft_limit_barrier: -0.0015
                   Episode_Reward/alive: 1.2533
 Episode_Reward/non_timeout_termination: -0.7655
Episode_Reward/worst_ee_z_normalized_squared: -0.0152
Episode_Reward/right_wrist_prethreshold_barrier: 0.0000
 Episode_Reward/requested_effort_excess: -0.0000
Episode_Reward/root_world_tracking_error: -0.0075
Episode_Reward/measured_joint_posture_l2: -0.0154
Episode_Reward/measured_feet_world_position_l2: -0.0094
Episode_Reward/original_task_position_l2: -0.0079
Episode_Reward/original_task_orientation_l2: -0.0050
        Metrics/motion/error_anchor_pos: 0.2867
        Metrics/motion/error_anchor_rot: 0.1353
    Metrics/motion/error_anchor_lin_vel: 0.3999
    Metrics/motion/error_anchor_ang_vel: 1.0331
          Metrics/motion/error_body_pos: 0.2854
          Metrics/motion/error_body_rot: 0.2221
         Metrics/motion/error_joint_pos: 0.7080
         Metrics/motion/error_joint_vel: 3.8278
        Metrics/motion/sampling_entropy: 0.0000
      Metrics/motion/sampling_top1_prob: 0.0000
       Metrics/motion/sampling_top1_bin: 0.0000
      Metrics/motion/error_body_lin_vel: 0.4240
      Metrics/motion/error_body_ang_vel: 1.1729
           Episode_Termination/time_out: 0.0000
         Episode_Termination/anchor_pos: 0.0000
         Episode_Termination/anchor_ori: 0.0000
        Episode_Termination/ee_body_pos: 0.0000
Episode_Termination/corpus_clip_time_out: 0.0000
Episode_Termination/invalid_native_model_actuation: 0.0000
Episode_Termination/world_root_tracking_failure: 1.0000
 Episode_Reward/world_potential_shaping: 0.0276
--------------------------------------------------------------------------------
                         Iteration time: 2.24s
                           Time elapsed: 00:00:32
                                    ETA: 00:22:13

################################################################################
[1m                          Learning iteration 512/1000                           [0m 

                               Run name: original_core_920ms_fresh
                            Total steps: 26624 
                       Steps per second: 747 
                        Collection time: 2.582s 
                          Learning time: 0.160s 
                        Mean value loss: 421.3186
                    Mean surrogate loss: -0.0163
                      Mean entropy loss: -20.3227
                            Mean reward: 147.51
                    Mean episode length: 71.71
                        Mean action std: 0.10
  Episode_Reward/motion_global_root_pos: 0.0048
  Episode_Reward/motion_global_root_ori: 0.0060
         Episode_Reward/motion_body_pos: 0.0094
         Episode_Reward/motion_body_ori: 0.0093
     Episode_Reward/motion_body_lin_vel: 0.0108
     Episode_Reward/motion_body_ang_vel: 0.0101
          Episode_Reward/action_rate_l2: -0.0014
             Episode_Reward/joint_limit: -0.0000
         Episode_Reward/self_collisions: -0.0008
Episode_Reward/action_target_reference_l2: -0.0077
Episode_Reward/action_target_soft_limit_barrier: -0.0020
                   Episode_Reward/alive: 1.5578
 Episode_Reward/non_timeout_termination: -0.7655
Episode_Reward/worst_ee_z_normalized_squared: -0.0147
Episode_Reward/right_wrist_prethreshold_barrier: -0.0000
 Episode_Reward/requested_effort_excess: -0.0000
Episode_Reward/root_world_tracking_error: -0.0087
Episode_Reward/measured_joint_posture_l2: -0.0203
Episode_Reward/measured_feet_world_position_l2: -0.0124
Episode_Reward/original_task_position_l2: -0.0102
Episode_Reward/original_task_orientation_l2: -0.0067
        Metrics/motion/error_anchor_pos: 0.2831
        Metrics/motion/error_anchor_rot: 0.1467
    Metrics/motion/error_anchor_lin_vel: 0.6341
    Metrics/motion/error_anchor_ang_vel: 1.1228
          Metrics/motion/error_body_pos: 0.2935
          Metrics/motion/error_body_rot: 0.2649
         Metrics/motion/error_joint_pos: 0.8315
         Metrics/motion/error_joint_vel: 5.7534
        Metrics/motion/sampling_entropy: 0.0000
      Metrics/motion/sampling_top1_prob: 0.0000
       Metrics/motion/sampling_top1_bin: 0.0000
      Metrics/motion/error_body_lin_vel: 0.6523
      Metrics/motion/error_body_ang_vel: 1.7399
           Episode_Termination/time_out: 0.0000
         Episode_Termination/anchor_pos: 0.0000
         Episode_Termination/anchor_ori: 0.0000
        Episode_Termination/ee_body_pos: 0.0000
Episode_Termination/corpus_clip_time_out: 0.0000
Episode_Termination/invalid_native_model_actuation: 0.0000
Episode_Termination/world_root_tracking_failure: 1.2000
 Episode_Reward/world_potential_shaping: 0.0330
--------------------------------------------------------------------------------
                         Iteration time: 2.74s
                           Time elapsed: 00:00:35
                                    ETA: 00:22:11

################################################################################
[1m                          Learning iteration 513/1000                           [0m 

                               Run name: original_core_920ms_fresh
                            Total steps: 28672 
                       Steps per second: 956 
                        Collection time: 1.992s 
                          Learning time: 0.151s 
                        Mean value loss: 353.9079
                    Mean surrogate loss: -0.0123
                      Mean entropy loss: -20.3227
                            Mean reward: 160.64
                    Mean episode length: 75.50
                        Mean action std: 0.10
--------------------------------------------------------------------------------
                         Iteration time: 2.14s
                           Time elapsed: 00:00:37
                                    ETA: 00:21:48

################################################################################
[1m                          Learning iteration 514/1000                           [0m 

                               Run name: original_core_920ms_fresh
                            Total steps: 30720 
                       Steps per second: 316 
                        Collection time: 6.303s 
                          Learning time: 0.165s 
                        Mean value loss: 318.7931
                    Mean surrogate loss: -0.0148
                      Mean entropy loss: -20.3227
                            Mean reward: 162.29
                    Mean episode length: 76.05
                        Mean action std: 0.10
--------------------------------------------------------------------------------
                         Iteration time: 6.47s
                           Time elapsed: 00:00:44
                                    ETA: 00:23:47

################################################################################
[1m                          Learning iteration 515/1000                           [0m 

                               Run name: original_core_920ms_fresh
                            Total steps: 32768 
                       Steps per second: 790 
                        Collection time: 2.423s 
                          Learning time: 0.166s 
                        Mean value loss: 1242.3175
                    Mean surrogate loss: -0.0058
                      Mean entropy loss: -20.3227
                            Mean reward: 183.02
                    Mean episode length: 82.56
                        Mean action std: 0.10
--------------------------------------------------------------------------------
                         Iteration time: 2.59s
                           Time elapsed: 00:00:46
                                    ETA: 00:23:33

################################################################################
[1m                          Learning iteration 516/1000                           [0m 

                               Run name: original_core_920ms_fresh
                            Total steps: 34816 
                       Steps per second: 900 
                        Collection time: 2.121s 
                          Learning time: 0.154s 
                        Mean value loss: 1253.3895
                    Mean surrogate loss: -0.0062
                      Mean entropy loss: -20.3227
                            Mean reward: 199.68
                    Mean episode length: 87.36
                        Mean action std: 0.10
--------------------------------------------------------------------------------
                         Iteration time: 2.28s
                           Time elapsed: 00:00:49
                                    ETA: 00:23:12

################################################################################
[1m                          Learning iteration 517/1000                           [0m 

                               Run name: original_core_920ms_fresh
                            Total steps: 36864 
                       Steps per second: 903 
                        Collection time: 2.077s 
                          Learning time: 0.190s 
                        Mean value loss: 638.0391
                    Mean surrogate loss: -0.0086
                      Mean entropy loss: -20.3227
                            Mean reward: 200.54
                    Mean episode length: 87.67
                        Mean action std: 0.10
--------------------------------------------------------------------------------
                         Iteration time: 2.27s
                           Time elapsed: 00:00:51
                                    ETA: 00:22:53

################################################################################
[1m                          Learning iteration 518/1000                           [0m 

                               Run name: original_core_920ms_fresh
                            Total steps: 38912 
                       Steps per second: 918 
                        Collection time: 2.066s 
                          Learning time: 0.163s 
                        Mean value loss: 675.1357
                    Mean surrogate loss: 0.0006
                      Mean entropy loss: -20.3227
                            Mean reward: 213.28
                    Mean episode length: 91.58
                        Mean action std: 0.10
  Episode_Reward/motion_global_root_pos: 0.0071
  Episode_Reward/motion_global_root_ori: 0.0084
         Episode_Reward/motion_body_pos: 0.0143
         Episode_Reward/motion_body_ori: 0.0132
     Episode_Reward/motion_body_lin_vel: 0.0160
     Episode_Reward/motion_body_ang_vel: 0.0149
          Episode_Reward/action_rate_l2: -0.0020
             Episode_Reward/joint_limit: -0.0005
         Episode_Reward/self_collisions: -0.0008
Episode_Reward/action_target_reference_l2: -0.0120
Episode_Reward/action_target_soft_limit_barrier: -0.0026
                   Episode_Reward/alive: 2.1932
 Episode_Reward/non_timeout_termination: -0.7655
Episode_Reward/worst_ee_z_normalized_squared: -0.0303
Episode_Reward/right_wrist_prethreshold_barrier: -0.0056
 Episode_Reward/requested_effort_excess: -0.0000
Episode_Reward/root_world_tracking_error: -0.0099
Episode_Reward/measured_joint_posture_l2: -0.0326
Episode_Reward/measured_feet_world_position_l2: -0.0169
Episode_Reward/original_task_position_l2: -0.0136
Episode_Reward/original_task_orientation_l2: -0.0106
        Metrics/motion/error_anchor_pos: 0.2809
        Metrics/motion/error_anchor_rot: 0.1913
    Metrics/motion/error_anchor_lin_vel: 0.5600
    Metrics/motion/error_anchor_ang_vel: 1.0929
          Metrics/motion/error_body_pos: 0.2937
          Metrics/motion/error_body_rot: 0.3291
         Metrics/motion/error_joint_pos: 1.1643
         Metrics/motion/error_joint_vel: 5.1669
        Metrics/motion/sampling_entropy: 0.0000
      Metrics/motion/sampling_top1_prob: 0.0000
       Metrics/motion/sampling_top1_bin: 0.0000
      Metrics/motion/error_body_lin_vel: 0.6121
      Metrics/motion/error_body_ang_vel: 1.4618
           Episode_Termination/time_out: 0.0000
         Episode_Termination/anchor_pos: 0.0000
         Episode_Termination/anchor_ori: 0.0000
        Episode_Termination/ee_body_pos: 0.1667
Episode_Termination/corpus_clip_time_out: 0.0000
Episode_Termination/invalid_native_model_actuation: 0.0000
Episode_Termination/world_root_tracking_failure: 1.1667
 Episode_Reward/world_potential_shaping: 0.0365
--------------------------------------------------------------------------------
                         Iteration time: 2.23s
                           Time elapsed: 00:00:53
                                    ETA: 00:22:34

################################################################################
[1m                          Learning iteration 519/1000                           [0m 

                               Run name: original_core_920ms_fresh
                            Total steps: 40960 
                       Steps per second: 916 
                        Collection time: 2.081s 
                          Learning time: 0.155s 
                        Mean value loss: 598.1369
                    Mean surrogate loss: -0.0160
                      Mean entropy loss: -20.3227
                            Mean reward: 220.15
                    Mean episode length: 93.13
                        Mean action std: 0.10
--------------------------------------------------------------------------------
                         Iteration time: 2.24s
                           Time elapsed: 00:00:55
                                    ETA: 00:22:18

################################################################################
[1m                          Learning iteration 520/1000                           [0m 

                               Run name: original_core_920ms_fresh
                            Total steps: 43008 
                       Steps per second: 950 
                        Collection time: 1.983s 
                          Learning time: 0.172s 
                        Mean value loss: 514.8134
                    Mean surrogate loss: -0.0089
                      Mean entropy loss: -20.3227
                            Mean reward: 219.39
                    Mean episode length: 92.86
                        Mean action std: 0.10
--------------------------------------------------------------------------------
                         Iteration time: 2.15s
                           Time elapsed: 00:00:57
                                    ETA: 00:22:00

################################################################################
[1m                          Learning iteration 521/1000                           [0m 

                               Run name: original_core_920ms_fresh
                            Total steps: 45056 
                       Steps per second: 812 
                        Collection time: 2.363s 
                          Learning time: 0.157s 
                        Mean value loss: 1369.4623
                    Mean surrogate loss: -0.0074
                      Mean entropy loss: -20.3227
                            Mean reward: 264.40
                    Mean episode length: 104.47
                        Mean action std: 0.10
  Episode_Reward/motion_global_root_pos: 0.0110
  Episode_Reward/motion_global_root_ori: 0.0122
         Episode_Reward/motion_body_pos: 0.0220
         Episode_Reward/motion_body_ori: 0.0168
     Episode_Reward/motion_body_lin_vel: 0.0238
     Episode_Reward/motion_body_ang_vel: 0.0212
          Episode_Reward/action_rate_l2: -0.0028
             Episode_Reward/joint_limit: -0.0017
         Episode_Reward/self_collisions: -0.0027
Episode_Reward/action_target_reference_l2: -0.0195
Episode_Reward/action_target_soft_limit_barrier: -0.0025
                   Episode_Reward/alive: 3.1533
 Episode_Reward/non_timeout_termination: -0.7655
Episode_Reward/worst_ee_z_normalized_squared: -0.0767
Episode_Reward/right_wrist_prethreshold_barrier: -0.0101
 Episode_Reward/requested_effort_excess: -0.0000
Episode_Reward/root_world_tracking_error: -0.0108
Episode_Reward/measured_joint_posture_l2: -0.0480
Episode_Reward/measured_feet_world_position_l2: -0.0213
Episode_Reward/original_task_position_l2: -0.0196
Episode_Reward/original_task_orientation_l2: -0.0169
        Metrics/motion/error_anchor_pos: 0.2953
        Metrics/motion/error_anchor_rot: 0.1328
    Metrics/motion/error_anchor_lin_vel: 0.3869
    Metrics/motion/error_anchor_ang_vel: 1.1819
          Metrics/motion/error_body_pos: 0.2938
          Metrics/motion/error_body_rot: 0.2961
         Metrics/motion/error_joint_pos: 0.9536
         Metrics/motion/error_joint_vel: 5.6986
        Metrics/motion/sampling_entropy: 0.0000
      Metrics/motion/sampling_top1_prob: 0.0000
       Metrics/motion/sampling_top1_bin: 0.0000
      Metrics/motion/error_body_lin_vel: 0.4423
      Metrics/motion/error_body_ang_vel: 1.7018
           Episode_Termination/time_out: 0.0000
         Episode_Termination/anchor_pos: 0.0000
         Episode_Termination/anchor_ori: 0.0000
        Episode_Termination/ee_body_pos: 0.0000
Episode_Termination/corpus_clip_time_out: 0.0000
Episode_Termination/invalid_native_model_actuation: 0.0000
Episode_Termination/world_root_tracking_failure: 1.2857
 Episode_Reward/world_potential_shaping: 0.0438
--------------------------------------------------------------------------------
                         Iteration time: 2.52s
                           Time elapsed: 00:01:00
                                    ETA: 00:21:52

################################################################################
[1m                          Learning iteration 522/1000                           [0m 

                               Run name: original_core_920ms_fresh
                            Total steps: 47104 
                       Steps per second: 950 
                        Collection time: 2.002s 
                          Learning time: 0.153s 
                        Mean value loss: 687.1775
                    Mean surrogate loss: -0.0116
                      Mean entropy loss: -20.3227
                            Mean reward: 299.72
                    Mean episode length: 113.52
                        Mean action std: 0.10
--------------------------------------------------------------------------------
                         Iteration time: 2.15s
                           Time elapsed: 00:01:02
                                    ETA: 00:21:37

################################################################################
[1m                          Learning iteration 523/1000                           [0m 

                               Run name: original_core_920ms_fresh
                            Total steps: 49152 
                       Steps per second: 875 
                        Collection time: 2.178s 
                          Learning time: 0.161s 
                        Mean value loss: 514.2978
                    Mean surrogate loss: -0.0127
                      Mean entropy loss: -20.3226
                            Mean reward: 332.42
                    Mean episode length: 122.22
                        Mean action std: 0.10
--------------------------------------------------------------------------------
                         Iteration time: 2.34s
                           Time elapsed: 00:01:04
                                    ETA: 00:21:27

################################################################################
[1m                          Learning iteration 524/1000                           [0m 

                               Run name: original_core_920ms_fresh
                            Total steps: 51200 
                       Steps per second: 826 
                        Collection time: 2.178s 
                          Learning time: 0.299s 
                        Mean value loss: 650.6167
                    Mean surrogate loss: -0.0121
                      Mean entropy loss: -20.3226
                            Mean reward: 372.09
                    Mean episode length: 132.60
                        Mean action std: 0.10
--------------------------------------------------------------------------------
                         Iteration time: 2.48s
                           Time elapsed: 00:01:07
                                    ETA: 00:21:20

################################################################################
[1m                          Learning iteration 525/1000                           [0m 

                               Run name: original_core_920ms_fresh
                            Total steps: 53248 
                       Steps per second: 651 
                        Collection time: 2.848s 
                          Learning time: 0.295s 
                        Mean value loss: 521.8669
                    Mean surrogate loss: -0.0061
                      Mean entropy loss: -20.3226
                            Mean reward: 482.04
                    Mean episode length: 158.19
                        Mean action std: 0.10
--------------------------------------------------------------------------------
                         Iteration time: 3.14s
                           Time elapsed: 00:01:10
                                    ETA: 00:21:25

################################################################################
[1m                          Learning iteration 526/1000                           [0m 

                               Run name: original_core_920ms_fresh
                            Total steps: 55296 
                       Steps per second: 654 
                        Collection time: 2.976s 
                          Learning time: 0.152s 
                        Mean value loss: 720.4033
                    Mean surrogate loss: -0.0133
                      Mean entropy loss: -20.3226
                            Mean reward: 604.44
                    Mean episode length: 188.16
                        Mean action std: 0.10
--------------------------------------------------------------------------------
                         Iteration time: 3.13s
                           Time elapsed: 00:01:13
                                    ETA: 00:21:30

################################################################################
[1m                          Learning iteration 527/1000                           [0m 

                               Run name: original_core_920ms_fresh
                            Total steps: 57344 
                       Steps per second: 376 
                        Collection time: 5.279s 
                          Learning time: 0.158s 
                        Mean value loss: 646.6073
                    Mean surrogate loss: -0.0037
                      Mean entropy loss: -20.3226
                            Mean reward: 642.12
                    Mean episode length: 196.96
                        Mean action std: 0.10
--------------------------------------------------------------------------------
                         Iteration time: 5.44s
                           Time elapsed: 00:01:19
                                    ETA: 00:22:13

################################################################################
[1m                          Learning iteration 528/1000                           [0m 

                               Run name: original_core_920ms_fresh
                            Total steps: 59392 
                       Steps per second: 803 
                        Collection time: 2.360s 
                          Learning time: 0.188s 
                        Mean value loss: 611.6359
                    Mean surrogate loss: -0.0112
                      Mean entropy loss: -20.3226
                            Mean reward: 745.61
                    Mean episode length: 221.18
                        Mean action std: 0.10
--------------------------------------------------------------------------------
                         Iteration time: 2.55s
                           Time elapsed: 00:01:21
                                    ETA: 00:22:06

################################################################################
[1m                          Learning iteration 529/1000                           [0m 

                               Run name: original_core_920ms_fresh
                            Total steps: 61440 
                       Steps per second: 887 
                        Collection time: 2.148s 
                          Learning time: 0.159s 
                        Mean value loss: 506.9030
                    Mean surrogate loss: -0.0122
                      Mean entropy loss: -20.3226
                            Mean reward: 824.22
                    Mean episode length: 242.71
                        Mean action std: 0.10
--------------------------------------------------------------------------------
                         Iteration time: 2.31s
                           Time elapsed: 00:01:23
                                    ETA: 00:21:55

################################################################################
[1m                          Learning iteration 530/1000                           [0m 

                               Run name: original_core_920ms_fresh
                            Total steps: 63488 
                       Steps per second: 835 
                        Collection time: 2.290s 
                          Learning time: 0.161s 
                        Mean value loss: 429.1089
                    Mean surrogate loss: -0.0140
                      Mean entropy loss: -20.3226
                            Mean reward: 821.12
                    Mean episode length: 242.12
                        Mean action std: 0.10
--------------------------------------------------------------------------------
                         Iteration time: 2.45s
                           Time elapsed: 00:01:26
                                    ETA: 00:21:47

################################################################################
[1m                          Learning iteration 531/1000                           [0m 

                               Run name: original_core_920ms_fresh
                            Total steps: 65536 
                       Steps per second: 836 
                        Collection time: 2.206s 
                          Learning time: 0.241s 
                        Mean value loss: 661.1318
                    Mean surrogate loss: -0.0123
                      Mean entropy loss: -20.3226
                            Mean reward: 794.81
                    Mean episode length: 235.52
                        Mean action std: 0.10
--------------------------------------------------------------------------------
                         Iteration time: 2.45s
                           Time elapsed: 00:01:28
                                    ETA: 00:21:39

################################################################################
[1m                          Learning iteration 532/1000                           [0m 

                               Run name: original_core_920ms_fresh
                            Total steps: 67584 
                       Steps per second: 889 
                        Collection time: 2.134s 
                          Learning time: 0.168s 
                        Mean value loss: 411.4761
                    Mean surrogate loss: -0.0134
                      Mean entropy loss: -20.3226
                            Mean reward: 806.26
                    Mean episode length: 239.45
                        Mean action std: 0.10
--------------------------------------------------------------------------------
                         Iteration time: 2.30s
                           Time elapsed: 00:01:31
                                    ETA: 00:21:30

################################################################################
[1m                          Learning iteration 533/1000                           [0m 

                               Run name: original_core_920ms_fresh
                            Total steps: 69632 
                       Steps per second: 766 
                        Collection time: 2.361s 
                          Learning time: 0.309s 
                        Mean value loss: 376.1041
                    Mean surrogate loss: -0.0123
                      Mean entropy loss: -20.3226
                            Mean reward: 779.09
                    Mean episode length: 232.83
                        Mean action std: 0.10
  Episode_Reward/motion_global_root_pos: 0.0101
  Episode_Reward/motion_global_root_ori: 0.0111
         Episode_Reward/motion_body_pos: 0.0199
         Episode_Reward/motion_body_ori: 0.0188
     Episode_Reward/motion_body_lin_vel: 0.0227
     Episode_Reward/motion_body_ang_vel: 0.0216
          Episode_Reward/action_rate_l2: -0.0021
             Episode_Reward/joint_limit: -0.0001
         Episode_Reward/self_collisions: -0.0044
Episode_Reward/action_target_reference_l2: -0.0121
Episode_Reward/action_target_soft_limit_barrier: -0.0021
                   Episode_Reward/alive: 2.8713
 Episode_Reward/non_timeout_termination: -0.6379
Episode_Reward/worst_ee_z_normalized_squared: -0.0331
Episode_Reward/right_wrist_prethreshold_barrier: -0.0000
 Episode_Reward/requested_effort_excess: -0.0000
Episode_Reward/root_world_tracking_error: -0.0084
Episode_Reward/measured_joint_posture_l2: -0.0256
Episode_Reward/measured_feet_world_position_l2: -0.0216
Episode_Reward/original_task_position_l2: -0.0160
Episode_Reward/original_task_orientation_l2: -0.0100
        Metrics/motion/error_anchor_pos: 0.2623
        Metrics/motion/error_anchor_rot: 0.1592
    Metrics/motion/error_anchor_lin_vel: 0.5387
    Metrics/motion/error_anchor_ang_vel: 0.7294
          Metrics/motion/error_body_pos: 0.2691
          Metrics/motion/error_body_rot: 0.2612
         Metrics/motion/error_joint_pos: 0.9680
         Metrics/motion/error_joint_vel: 5.0155
        Metrics/motion/sampling_entropy: 0.0000
      Metrics/motion/sampling_top1_prob: 0.0000
       Metrics/motion/sampling_top1_bin: 0.0000
      Metrics/motion/error_body_lin_vel: 0.5408
      Metrics/motion/error_body_ang_vel: 1.3509
           Episode_Termination/time_out: 0.0000
         Episode_Termination/anchor_pos: 0.0000
         Episode_Termination/anchor_ori: 0.0000
        Episode_Termination/ee_body_pos: 0.0000
Episode_Termination/corpus_clip_time_out: 0.3333
Episode_Termination/invalid_native_model_actuation: 0.0000
Episode_Termination/world_root_tracking_failure: 1.0000
 Episode_Reward/world_potential_shaping: 0.0395
--------------------------------------------------------------------------------
                         Iteration time: 2.67s
                           Time elapsed: 00:01:33
                                    ETA: 00:21:26

################################################################################
[1m                          Learning iteration 534/1000                           [0m 

                               Run name: original_core_920ms_fresh
                            Total steps: 71680 
                       Steps per second: 868 
                        Collection time: 2.202s 
                          Learning time: 0.155s 
                        Mean value loss: 398.9726
                    Mean surrogate loss: -0.0121
                      Mean entropy loss: -20.3226
                            Mean reward: 759.95
                    Mean episode length: 227.56
                        Mean action std: 0.10
--------------------------------------------------------------------------------
                         Iteration time: 2.36s
                           Time elapsed: 00:01:36
                                    ETA: 00:21:17

################################################################################
[1m                          Learning iteration 535/1000                           [0m 

                               Run name: original_core_920ms_fresh
                            Total steps: 73728 
                       Steps per second: 866 
                        Collection time: 2.211s 
                          Learning time: 0.154s 
                        Mean value loss: 1002.8162
                    Mean surrogate loss: -0.0001
                      Mean entropy loss: -20.3226
                            Mean reward: 749.35
                    Mean episode length: 224.91
                        Mean action std: 0.10
--------------------------------------------------------------------------------
                         Iteration time: 2.36s
                           Time elapsed: 00:01:38
                                    ETA: 00:21:10

################################################################################
[1m                          Learning iteration 536/1000                           [0m 

                               Run name: original_core_920ms_fresh
                            Total steps: 75776 
                       Steps per second: 951 
                        Collection time: 1.993s 
                          Learning time: 0.160s 
                        Mean value loss: 476.4621
                    Mean surrogate loss: -0.0169
                      Mean entropy loss: -20.3226
                            Mean reward: 744.60
                    Mean episode length: 224.05
                        Mean action std: 0.10
--------------------------------------------------------------------------------
                         Iteration time: 2.15s
                           Time elapsed: 00:01:40
                                    ETA: 00:21:00

################################################################################
[1m                          Learning iteration 537/1000                           [0m 

                               Run name: original_core_920ms_fresh
                            Total steps: 77824 
                       Steps per second: 828 
                        Collection time: 2.314s 
                          Learning time: 0.158s 
                        Mean value loss: 607.0195
                    Mean surrogate loss: -0.0122
                      Mean entropy loss: -20.3226
                            Mean reward: 713.91
                    Mean episode length: 216.48
                        Mean action std: 0.10
  Episode_Reward/motion_global_root_pos: 0.0112
  Episode_Reward/motion_global_root_ori: 0.0117
         Episode_Reward/motion_body_pos: 0.0219
         Episode_Reward/motion_body_ori: 0.0186
     Episode_Reward/motion_body_lin_vel: 0.0230
     Episode_Reward/motion_body_ang_vel: 0.0211
          Episode_Reward/action_rate_l2: -0.0027
             Episode_Reward/joint_limit: -0.0003
         Episode_Reward/self_collisions: -0.0050
Episode_Reward/action_target_reference_l2: -0.0160
Episode_Reward/action_target_soft_limit_barrier: -0.0033
                   Episode_Reward/alive: 3.1361
 Episode_Reward/non_timeout_termination: -0.6804
Episode_Reward/worst_ee_z_normalized_squared: -0.0418
Episode_Reward/right_wrist_prethreshold_barrier: -0.0017
 Episode_Reward/requested_effort_excess: -0.0000
Episode_Reward/root_world_tracking_error: -0.0105
Episode_Reward/measured_joint_posture_l2: -0.0395
Episode_Reward/measured_feet_world_position_l2: -0.0231
Episode_Reward/original_task_position_l2: -0.0178
Episode_Reward/original_task_orientation_l2: -0.0138
        Metrics/motion/error_anchor_pos: 0.2756
        Metrics/motion/error_anchor_rot: 0.1999
    Metrics/motion/error_anchor_lin_vel: 0.5469
    Metrics/motion/error_anchor_ang_vel: 0.8497
          Metrics/motion/error_body_pos: 0.2798
          Metrics/motion/error_body_rot: 0.3052
         Metrics/motion/error_joint_pos: 1.0907
         Metrics/motion/error_joint_vel: 5.2849
        Metrics/motion/sampling_entropy: 0.0000
      Metrics/motion/sampling_top1_prob: 0.0000
       Metrics/motion/sampling_top1_bin: 0.0000
      Metrics/motion/error_body_lin_vel: 0.5930
      Metrics/motion/error_body_ang_vel: 1.4332
           Episode_Termination/time_out: 0.0000
         Episode_Termination/anchor_pos: 0.0000
         Episode_Termination/anchor_ori: 0.0000
        Episode_Termination/ee_body_pos: 0.0000
Episode_Termination/corpus_clip_time_out: 0.1111
Episode_Termination/invalid_native_model_actuation: 0.0000
Episode_Termination/world_root_tracking_failure: 1.1111
 Episode_Reward/world_potential_shaping: 0.0429
--------------------------------------------------------------------------------
                         Iteration time: 2.47s
                           Time elapsed: 00:01:43
                                    ETA: 00:20:54

################################################################################
[1m                          Learning iteration 538/1000                           [0m 

                               Run name: original_core_920ms_fresh
                            Total steps: 79872 
                       Steps per second: 983 
                        Collection time: 1.932s 
                          Learning time: 0.152s 
                        Mean value loss: 439.6424
                    Mean surrogate loss: -0.0135
                      Mean entropy loss: -20.3226
                            Mean reward: 698.80
                    Mean episode length: 212.26
                        Mean action std: 0.10
--------------------------------------------------------------------------------
                         Iteration time: 2.08s
                           Time elapsed: 00:01:45
                                    ETA: 00:20:44

################################################################################
[1m                          Learning iteration 539/1000                           [0m 

                               Run name: original_core_920ms_fresh
                            Total steps: 81920 
                       Steps per second: 940 
                        Collection time: 2.005s 
                          Learning time: 0.173s 
                        Mean value loss: 349.6933
                    Mean surrogate loss: -0.0115
                      Mean entropy loss: -20.3226
                            Mean reward: 624.50
                    Mean episode length: 194.51
                        Mean action std: 0.10
--------------------------------------------------------------------------------
                         Iteration time: 2.18s
                           Time elapsed: 00:01:47
                                    ETA: 00:20:35

################################################################################
[1m                          Learning iteration 540/1000                           [0m 

                               Run name: original_core_920ms_fresh
                            Total steps: 83968 
                       Steps per second: 886 
                        Collection time: 2.153s 
                          Learning time: 0.158s 
                        Mean value loss: 495.4749
                    Mean surrogate loss: -0.0095
                      Mean entropy loss: -20.3226
                            Mean reward: 592.05
                    Mean episode length: 185.97
                        Mean action std: 0.10
--------------------------------------------------------------------------------
                         Iteration time: 2.31s
                           Time elapsed: 00:01:49
                                    ETA: 00:20:28

################################################################################
[1m                          Learning iteration 541/1000                           [0m 

                               Run name: original_core_920ms_fresh
                            Total steps: 86016 
                       Steps per second: 378 
                        Collection time: 5.215s 
                          Learning time: 0.192s 
                        Mean value loss: 742.3257
                    Mean surrogate loss: -0.0125
                      Mean entropy loss: -20.3226
                            Mean reward: 611.39
                    Mean episode length: 192.56
                        Mean action std: 0.10
--------------------------------------------------------------------------------
                         Iteration time: 5.41s
                           Time elapsed: 00:01:55
                                    ETA: 00:20:55

################################################################################
[1m                          Learning iteration 542/1000                           [0m 

                               Run name: original_core_920ms_fresh
                            Total steps: 88064 
                       Steps per second: 846 
                        Collection time: 2.253s 
                          Learning time: 0.165s 
                        Mean value loss: 961.4750
                    Mean surrogate loss: -0.0117
                      Mean entropy loss: -20.3226
                            Mean reward: 604.76
                    Mean episode length: 192.93
                        Mean action std: 0.10
--------------------------------------------------------------------------------
                         Iteration time: 2.42s
                           Time elapsed: 00:01:57
                                    ETA: 00:20:49

################################################################################
[1m                          Learning iteration 543/1000                           [0m 

                               Run name: original_core_920ms_fresh
                            Total steps: 90112 
                       Steps per second: 724 
                        Collection time: 2.643s 
                          Learning time: 0.182s 
                        Mean value loss: 492.3235
                    Mean surrogate loss: -0.0111
                      Mean entropy loss: -20.3226
                            Mean reward: 576.58
                    Mean episode length: 186.05
                        Mean action std: 0.10
  Episode_Reward/motion_global_root_pos: 0.0081
  Episode_Reward/motion_global_root_ori: 0.0092
         Episode_Reward/motion_body_pos: 0.0160
         Episode_Reward/motion_body_ori: 0.0152
     Episode_Reward/motion_body_lin_vel: 0.0172
     Episode_Reward/motion_body_ang_vel: 0.0159
          Episode_Reward/action_rate_l2: -0.0023
             Episode_Reward/joint_limit: -0.0003
         Episode_Reward/self_collisions: -0.0013
Episode_Reward/action_target_reference_l2: -0.0131
Episode_Reward/action_target_soft_limit_barrier: -0.0026
                   Episode_Reward/alive: 2.4389
 Episode_Reward/non_timeout_termination: -0.7655
Episode_Reward/worst_ee_z_normalized_squared: -0.0382
Episode_Reward/right_wrist_prethreshold_barrier: -0.0018
 Episode_Reward/requested_effort_excess: -0.0000
Episode_Reward/root_world_tracking_error: -0.0107
Episode_Reward/measured_joint_posture_l2: -0.0356
Episode_Reward/measured_feet_world_position_l2: -0.0184
Episode_Reward/original_task_position_l2: -0.0158
Episode_Reward/original_task_orientation_l2: -0.0127
        Metrics/motion/error_anchor_pos: 0.2865
        Metrics/motion/error_anchor_rot: 0.1563
    Metrics/motion/error_anchor_lin_vel: 0.6005
    Metrics/motion/error_anchor_ang_vel: 1.4084
          Metrics/motion/error_body_pos: 0.2906
          Metrics/motion/error_body_rot: 0.2933
         Metrics/motion/error_joint_pos: 1.0571
         Metrics/motion/error_joint_vel: 6.3575
        Metrics/motion/sampling_entropy: 0.0000
      Metrics/motion/sampling_top1_prob: 0.0000
       Metrics/motion/sampling_top1_bin: 0.0000
      Metrics/motion/error_body_lin_vel: 0.6945
      Metrics/motion/error_body_ang_vel: 2.1148
           Episode_Termination/time_out: 0.0000
         Episode_Termination/anchor_pos: 0.0000
         Episode_Termination/anchor_ori: 0.0000
        Episode_Termination/ee_body_pos: 0.0000
Episode_Termination/corpus_clip_time_out: 0.0000
Episode_Termination/invalid_native_model_actuation: 0.0000
Episode_Termination/world_root_tracking_failure: 1.0000
 Episode_Reward/world_potential_shaping: 0.0410
--------------------------------------------------------------------------------
                         Iteration time: 2.83s
                           Time elapsed: 00:02:00
                                    ETA: 00:20:47

################################################################################
[1m                          Learning iteration 544/1000                           [0m 

                               Run name: original_core_920ms_fresh
                            Total steps: 92160 
                       Steps per second: 946 
                        Collection time: 2.007s 
                          Learning time: 0.157s 
                        Mean value loss: 568.0987
                    Mean surrogate loss: -0.0133
                      Mean entropy loss: -20.3226
                            Mean reward: 583.32
                    Mean episode length: 187.74
                        Mean action std: 0.10
--------------------------------------------------------------------------------
                         Iteration time: 2.16s
                           Time elapsed: 00:02:02
                                    ETA: 00:20:39

################################################################################
[1m                          Learning iteration 545/1000                           [0m 

                               Run name: original_core_920ms_fresh
                            Total steps: 94208 
                       Steps per second: 824 
                        Collection time: 2.314s 
                          Learning time: 0.171s 
                        Mean value loss: 1500.9039
                    Mean surrogate loss: -0.0073
                      Mean entropy loss: -20.3226
                            Mean reward: 644.42
                    Mean episode length: 205.44
                        Mean action std: 0.10
  Episode_Reward/motion_global_root_pos: 0.0185
  Episode_Reward/motion_global_root_ori: 0.0215
         Episode_Reward/motion_body_pos: 0.0361
         Episode_Reward/motion_body_ori: 0.0347
     Episode_Reward/motion_body_lin_vel: 0.0439
     Episode_Reward/motion_body_ang_vel: 0.0399
          Episode_Reward/action_rate_l2: -0.0046
             Episode_Reward/joint_limit: -0.0011
         Episode_Reward/self_collisions: -0.0074
Episode_Reward/action_target_reference_l2: -0.0283
Episode_Reward/action_target_soft_limit_barrier: -0.0031
                   Episode_Reward/alive: 5.5603
 Episode_Reward/non_timeout_termination: -0.7655
Episode_Reward/worst_ee_z_normalized_squared: -0.1062
Episode_Reward/right_wrist_prethreshold_barrier: -0.0201
 Episode_Reward/requested_effort_excess: -0.0000
Episode_Reward/root_world_tracking_error: -0.0178
Episode_Reward/measured_joint_posture_l2: -0.0643
Episode_Reward/measured_feet_world_position_l2: -0.0424
Episode_Reward/original_task_position_l2: -0.0356
Episode_Reward/original_task_orientation_l2: -0.0257
        Metrics/motion/error_anchor_pos: 0.2739
        Metrics/motion/error_anchor_rot: 0.2012
    Metrics/motion/error_anchor_lin_vel: 0.4707
    Metrics/motion/error_anchor_ang_vel: 0.9028
          Metrics/motion/error_body_pos: 0.2754
          Metrics/motion/error_body_rot: 0.3508
         Metrics/motion/error_joint_pos: 1.1198
         Metrics/motion/error_joint_vel: 5.9648
        Metrics/motion/sampling_entropy: 0.0000
      Metrics/motion/sampling_top1_prob: 0.0000
       Metrics/motion/sampling_top1_bin: 0.0000
      Metrics/motion/error_body_lin_vel: 0.4898
      Metrics/motion/error_body_ang_vel: 1.7678
           Episode_Termination/time_out: 0.0000
         Episode_Termination/anchor_pos: 0.0000
         Episode_Termination/anchor_ori: 0.0000
        Episode_Termination/ee_body_pos: 0.1429
Episode_Termination/corpus_clip_time_out: 0.0000
Episode_Termination/invalid_native_model_actuation: 0.0000
Episode_Termination/world_root_tracking_failure: 1.1429
 Episode_Reward/world_potential_shaping: 0.0780
--------------------------------------------------------------------------------
                         Iteration time: 2.48s
                           Time elapsed: 00:02:05
                                    ETA: 00:20:34

################################################################################
[1m                          Learning iteration 546/1000                           [0m 

                               Run name: original_core_920ms_fresh
                            Total steps: 96256 
                       Steps per second: 764 
                        Collection time: 2.525s 
                          Learning time: 0.153s 
                        Mean value loss: 835.1131
                    Mean surrogate loss: -0.0096
                      Mean entropy loss: -20.3226
                            Mean reward: 634.00
                    Mean episode length: 203.83
                        Mean action std: 0.10
  Episode_Reward/motion_global_root_pos: 0.0128
  Episode_Reward/motion_global_root_ori: 0.0169
         Episode_Reward/motion_body_pos: 0.0247
         Episode_Reward/motion_body_ori: 0.0282
     Episode_Reward/motion_body_lin_vel: 0.0338
     Episode_Reward/motion_body_ang_vel: 0.0326
          Episode_Reward/action_rate_l2: -0.0031
             Episode_Reward/joint_limit: -0.0000
         Episode_Reward/self_collisions: -0.0147
Episode_Reward/action_target_reference_l2: -0.0168
Episode_Reward/action_target_soft_limit_barrier: -0.0035
                   Episode_Reward/alive: 4.2501
 Episode_Reward/non_timeout_termination: -0.5954
Episode_Reward/worst_ee_z_normalized_squared: -0.0353
Episode_Reward/right_wrist_prethreshold_barrier: -0.0001
 Episode_Reward/requested_effort_excess: 0.0000
Episode_Reward/root_world_tracking_error: -0.0171
Episode_Reward/measured_joint_posture_l2: -0.0412
Episode_Reward/measured_feet_world_position_l2: -0.0335
Episode_Reward/original_task_position_l2: -0.0270
Episode_Reward/original_task_orientation_l2: -0.0153
        Metrics/motion/error_anchor_pos: 0.2628
        Metrics/motion/error_anchor_rot: 0.1366
    Metrics/motion/error_anchor_lin_vel: 0.4526
    Metrics/motion/error_anchor_ang_vel: 0.7263
          Metrics/motion/error_body_pos: 0.2677
          Metrics/motion/error_body_rot: 0.2630
         Metrics/motion/error_joint_pos: 0.9782
         Metrics/motion/error_joint_vel: 4.5571
        Metrics/motion/sampling_entropy: 0.0000
      Metrics/motion/sampling_top1_prob: 0.0000
       Metrics/motion/sampling_top1_bin: 0.0000
      Metrics/motion/error_body_lin_vel: 0.4419
      Metrics/motion/error_body_ang_vel: 1.2524
           Episode_Termination/time_out: 0.0000
         Episode_Termination/anchor_pos: 0.0000
         Episode_Termination/anchor_ori: 0.0000
        Episode_Termination/ee_body_pos: 0.0000
Episode_Termination/corpus_clip_time_out: 0.2222
Episode_Termination/invalid_native_model_actuation: 0.0000
Episode_Termination/world_root_tracking_failure: 0.7778
 Episode_Reward/world_potential_shaping: 0.0612
--------------------------------------------------------------------------------
                         Iteration time: 2.68s
                           Time elapsed: 00:02:07
                                    ETA: 00:20:31

################################################################################
[1m                          Learning iteration 547/1000                           [0m 

                               Run name: original_core_920ms_fresh
                            Total steps: 98304 
                       Steps per second: 946 
                        Collection time: 2.010s 
                          Learning time: 0.153s 
                        Mean value loss: 537.8736
                    Mean surrogate loss: -0.0108
                      Mean entropy loss: -20.3225
                            Mean reward: 607.74
                    Mean episode length: 197.34
                        Mean action std: 0.10
  Episode_Reward/motion_global_root_pos: 0.0087
  Episode_Reward/motion_global_root_ori: 0.0114
         Episode_Reward/motion_body_pos: 0.0176
         Episode_Reward/motion_body_ori: 0.0181
     Episode_Reward/motion_body_lin_vel: 0.0229
     Episode_Reward/motion_body_ang_vel: 0.0224
          Episode_Reward/action_rate_l2: -0.0020
             Episode_Reward/joint_limit: 0.0000
         Episode_Reward/self_collisions: -0.0073
Episode_Reward/action_target_reference_l2: -0.0103
Episode_Reward/action_target_soft_limit_barrier: -0.0024
                   Episode_Reward/alive: 2.8949
 Episode_Reward/non_timeout_termination: -0.5741
Episode_Reward/worst_ee_z_normalized_squared: -0.0263
Episode_Reward/right_wrist_prethreshold_barrier: 0.0000
 Episode_Reward/requested_effort_excess: 0.0000
Episode_Reward/root_world_tracking_error: -0.0120
Episode_Reward/measured_joint_posture_l2: -0.0244
Episode_Reward/measured_feet_world_position_l2: -0.0227
Episode_Reward/original_task_position_l2: -0.0182
Episode_Reward/original_task_orientation_l2: -0.0100
        Metrics/motion/error_anchor_pos: 0.2713
        Metrics/motion/error_anchor_rot: 0.1188
    Metrics/motion/error_anchor_lin_vel: 0.3443
    Metrics/motion/error_anchor_ang_vel: 0.5375
          Metrics/motion/error_body_pos: 0.2719
          Metrics/motion/error_body_rot: 0.2415
         Metrics/motion/error_joint_pos: 0.8471
         Metrics/motion/error_joint_vel: 3.2498
        Metrics/motion/sampling_entropy: 0.0000
      Metrics/motion/sampling_top1_prob: 0.0000
       Metrics/motion/sampling_top1_bin: 0.0000
      Metrics/motion/error_body_lin_vel: 0.3658
      Metrics/motion/error_body_ang_vel: 1.0068
           Episode_Termination/time_out: 0.0000
         Episode_Termination/anchor_pos: 0.0000
         Episode_Termination/anchor_ori: 0.0000
        Episode_Termination/ee_body_pos: 0.0000
Episode_Termination/corpus_clip_time_out: 0.2500
Episode_Termination/invalid_native_model_actuation: 0.0000
Episode_Termination/world_root_tracking_failure: 0.7500
 Episode_Reward/world_potential_shaping: 0.0431
--------------------------------------------------------------------------------
                         Iteration time: 2.16s
                           Time elapsed: 00:02:09
                                    ETA: 00:20:23

################################################################################
[1m                          Learning iteration 548/1000                           [0m 

                               Run name: original_core_920ms_fresh
                            Total steps: 100352 
                       Steps per second: 754 
                        Collection time: 2.553s 
                          Learning time: 0.163s 
                        Mean value loss: 1017.8970
                    Mean surrogate loss: -0.0042
                      Mean entropy loss: -20.3225
                            Mean reward: 632.19
                    Mean episode length: 204.11
                        Mean action std: 0.10
  Episode_Reward/motion_global_root_pos: 0.0112
  Episode_Reward/motion_global_root_ori: 0.0121
         Episode_Reward/motion_body_pos: 0.0221
         Episode_Reward/motion_body_ori: 0.0196
     Episode_Reward/motion_body_lin_vel: 0.0244
     Episode_Reward/motion_body_ang_vel: 0.0230
          Episode_Reward/action_rate_l2: -0.0023
             Episode_Reward/joint_limit: -0.0004
         Episode_Reward/self_collisions: -0.0208
Episode_Reward/action_target_reference_l2: -0.0133
Episode_Reward/action_target_soft_limit_barrier: -0.0022
                   Episode_Reward/alive: 3.0851
 Episode_Reward/non_timeout_termination: -0.7655
Episode_Reward/worst_ee_z_normalized_squared: -0.0371
Episode_Reward/right_wrist_prethreshold_barrier: -0.0037
 Episode_Reward/requested_effort_excess: -0.0000
Episode_Reward/root_world_tracking_error: -0.0084
Episode_Reward/measured_joint_posture_l2: -0.0337
Episode_Reward/measured_feet_world_position_l2: -0.0215
Episode_Reward/original_task_position_l2: -0.0162
Episode_Reward/original_task_orientation_l2: -0.0126
        Metrics/motion/error_anchor_pos: 0.2525
        Metrics/motion/error_anchor_rot: 0.1532
    Metrics/motion/error_anchor_lin_vel: 0.4839
    Metrics/motion/error_anchor_ang_vel: 1.0762
          Metrics/motion/error_body_pos: 0.2705
          Metrics/motion/error_body_rot: 0.2799
         Metrics/motion/error_joint_pos: 1.0046
         Metrics/motion/error_joint_vel: 5.4787
        Metrics/motion/sampling_entropy: 0.0000
      Metrics/motion/sampling_top1_prob: 0.0000
       Metrics/motion/sampling_top1_bin: 0.0000
      Metrics/motion/error_body_lin_vel: 0.5296
      Metrics/motion/error_body_ang_vel: 1.7764
           Episode_Termination/time_out: 0.0000
         Episode_Termination/anchor_pos: 0.0000
         Episode_Termination/anchor_ori: 0.0000
        Episode_Termination/ee_body_pos: 0.2222
Episode_Termination/corpus_clip_time_out: 0.0000
Episode_Termination/invalid_native_model_actuation: 0.0000
Episode_Termination/world_root_tracking_failure: 0.8889
 Episode_Reward/world_potential_shaping: 0.0400
--------------------------------------------------------------------------------
                         Iteration time: 2.72s
                           Time elapsed: 00:02:12
                                    ETA: 00:20:20

################################################################################
[1m                          Learning iteration 549/1000                           [0m 

                               Run name: original_core_920ms_fresh
                            Total steps: 102400 
                       Steps per second: 876 
                        Collection time: 2.185s 
                          Learning time: 0.152s 
                        Mean value loss: 1348.4432
                    Mean surrogate loss: -0.0154
                      Mean entropy loss: -20.3225
                            Mean reward: 641.09
                    Mean episode length: 208.36
                        Mean action std: 0.10
--------------------------------------------------------------------------------
                         Iteration time: 2.34s
                           Time elapsed: 00:02:14
                                    ETA: 00:20:14

################################################################################
[1m                          Learning iteration 550/1000                           [0m 

                               Run name: original_core_920ms_fresh
                            Total steps: 104448 
                       Steps per second: 938 
                        Collection time: 2.026s 
                          Learning time: 0.157s 
                        Mean value loss: 346.6485
                    Mean surrogate loss: -0.0143
                      Mean entropy loss: -20.3225
                            Mean reward: 614.95
                    Mean episode length: 202.50
                        Mean action std: 0.10
--------------------------------------------------------------------------------
                         Iteration time: 2.18s
                           Time elapsed: 00:02:17
                                    ETA: 00:20:07

################################################################################
[1m                          Learning iteration 551/1000                           [0m 

                               Run name: original_core_920ms_fresh
                            Total steps: 106496 
                       Steps per second: 892 
                        Collection time: 2.142s 
                          Learning time: 0.152s 
                        Mean value loss: 355.6420
                    Mean surrogate loss: -0.0055
                      Mean entropy loss: -20.3225
                            Mean reward: 597.59
                    Mean episode length: 197.58
                        Mean action std: 0.10
  Episode_Reward/motion_global_root_pos: 0.0094
  Episode_Reward/motion_global_root_ori: 0.0101
         Episode_Reward/motion_body_pos: 0.0184
         Episode_Reward/motion_body_ori: 0.0164
     Episode_Reward/motion_body_lin_vel: 0.0198
     Episode_Reward/motion_body_ang_vel: 0.0187
          Episode_Reward/action_rate_l2: -0.0020
             Episode_Reward/joint_limit: -0.0002
         Episode_Reward/self_collisions: -0.0138
Episode_Reward/action_target_reference_l2: -0.0115
Episode_Reward/action_target_soft_limit_barrier: -0.0023
                   Episode_Reward/alive: 2.5727
 Episode_Reward/non_timeout_termination: -0.6698
Episode_Reward/worst_ee_z_normalized_squared: -0.0296
Episode_Reward/right_wrist_prethreshold_barrier: -0.0013
 Episode_Reward/requested_effort_excess: -0.0000
Episode_Reward/root_world_tracking_error: -0.0072
Episode_Reward/measured_joint_posture_l2: -0.0277
Episode_Reward/measured_feet_world_position_l2: -0.0188
Episode_Reward/original_task_position_l2: -0.0138
Episode_Reward/original_task_orientation_l2: -0.0113
        Metrics/motion/error_anchor_pos: 0.2491
        Metrics/motion/error_anchor_rot: 0.1898
    Metrics/motion/error_anchor_lin_vel: 0.5053
    Metrics/motion/error_anchor_ang_vel: 0.8973
          Metrics/motion/error_body_pos: 0.2573
          Metrics/motion/error_body_rot: 0.3027
         Metrics/motion/error_joint_pos: 1.0412
         Metrics/motion/error_joint_vel: 4.3704
        Metrics/motion/sampling_entropy: 0.0000
      Metrics/motion/sampling_top1_prob: 0.0000
       Metrics/motion/sampling_top1_bin: 0.0000
      Metrics/motion/error_body_lin_vel: 0.5106
      Metrics/motion/error_body_ang_vel: 1.3450
           Episode_Termination/time_out: 0.0000
         Episode_Termination/anchor_pos: 0.0000
         Episode_Termination/anchor_ori: 0.0000
        Episode_Termination/ee_body_pos: 0.1250
Episode_Termination/corpus_clip_time_out: 0.1250
Episode_Termination/invalid_native_model_actuation: 0.0000
Episode_Termination/world_root_tracking_failure: 0.7500
 Episode_Reward/world_potential_shaping: 0.0352
--------------------------------------------------------------------------------
                         Iteration time: 2.29s
                           Time elapsed: 00:02:19
                                    ETA: 00:20:01

################################################################################
[1m                          Learning iteration 552/1000                           [0m 

                               Run name: original_core_920ms_fresh
                            Total steps: 108544 
                       Steps per second: 820 
                        Collection time: 2.307s 
                          Learning time: 0.190s 
                        Mean value loss: 489.7853
                    Mean surrogate loss: -0.0062
                      Mean entropy loss: -20.3225
                            Mean reward: 646.73
                    Mean episode length: 210.62
                        Mean action std: 0.10
--------------------------------------------------------------------------------
                         Iteration time: 2.50s
                           Time elapsed: 00:02:21
                                    ETA: 00:19:56

################################################################################
[1m                          Learning iteration 553/1000                           [0m 

                               Run name: original_core_920ms_fresh
                            Total steps: 110592 
                       Steps per second: 398 
                        Collection time: 2.103s 
                          Learning time: 3.034s 
                        Mean value loss: 549.2358
                    Mean surrogate loss: -0.0117
                      Mean entropy loss: -20.3225
                            Mean reward: 680.38
                    Mean episode length: 218.83
                        Mean action std: 0.10
  Episode_Reward/motion_global_root_pos: 0.0130
  Episode_Reward/motion_global_root_ori: 0.0138
         Episode_Reward/motion_body_pos: 0.0257
         Episode_Reward/motion_body_ori: 0.0228
     Episode_Reward/motion_body_lin_vel: 0.0282
     Episode_Reward/motion_body_ang_vel: 0.0272
          Episode_Reward/action_rate_l2: -0.0024
             Episode_Reward/joint_limit: 0.0000
         Episode_Reward/self_collisions: -0.0262
Episode_Reward/action_target_reference_l2: -0.0124
Episode_Reward/action_target_soft_limit_barrier: -0.0026
                   Episode_Reward/alive: 3.4862
 Episode_Reward/non_timeout_termination: -0.7655
Episode_Reward/worst_ee_z_normalized_squared: -0.0366
Episode_Reward/right_wrist_prethreshold_barrier: -0.0018
 Episode_Reward/requested_effort_excess: 0.0000
Episode_Reward/root_world_tracking_error: -0.0076
Episode_Reward/measured_joint_posture_l2: -0.0306
Episode_Reward/measured_feet_world_position_l2: -0.0242
Episode_Reward/original_task_position_l2: -0.0181
Episode_Reward/original_task_orientation_l2: -0.0127
        Metrics/motion/error_anchor_pos: 0.2857
        Metrics/motion/error_anchor_rot: 0.1204
    Metrics/motion/error_anchor_lin_vel: 0.5006
    Metrics/motion/error_anchor_ang_vel: 1.2094
          Metrics/motion/error_body_pos: 0.2869
          Metrics/motion/error_body_rot: 0.2679
         Metrics/motion/error_joint_pos: 1.0785
         Metrics/motion/error_joint_vel: 5.8625
        Metrics/motion/sampling_entropy: 0.0000
      Metrics/motion/sampling_top1_prob: 0.0000
       Metrics/motion/sampling_top1_bin: 0.0000
      Metrics/motion/error_body_lin_vel: 0.5599
      Metrics/motion/error_body_ang_vel: 1.6894
           Episode_Termination/time_out: 0.0000
         Episode_Termination/anchor_pos: 0.0000
         Episode_Termination/anchor_ori: 0.0000
        Episode_Termination/ee_body_pos: 0.0000
Episode_Termination/corpus_clip_time_out: 0.0000
Episode_Termination/invalid_native_model_actuation: 0.0000
Episode_Termination/world_root_tracking_failure: 1.3333
 Episode_Reward/world_potential_shaping: 0.0420
--------------------------------------------------------------------------------
                         Iteration time: 5.14s
                           Time elapsed: 00:02:27
                                    ETA: 00:20:14

################################################################################
[1m                          Learning iteration 554/1000                           [0m 

                               Run name: original_core_920ms_fresh
                            Total steps: 112640 
                       Steps per second: 858 
                        Collection time: 2.224s 
                          Learning time: 0.160s 
                        Mean value loss: 476.2389
                    Mean surrogate loss: -0.0120
                      Mean entropy loss: -20.3225
                            Mean reward: 665.14
                    Mean episode length: 212.53
                        Mean action std: 0.10
  Episode_Reward/motion_global_root_pos: 0.0145
  Episode_Reward/motion_global_root_ori: 0.0154
         Episode_Reward/motion_body_pos: 0.0287
         Episode_Reward/motion_body_ori: 0.0255
     Episode_Reward/motion_body_lin_vel: 0.0313
     Episode_Reward/motion_body_ang_vel: 0.0295
          Episode_Reward/action_rate_l2: -0.0030
             Episode_Reward/joint_limit: -0.0002
         Episode_Reward/self_collisions: -0.0145
Episode_Reward/action_target_reference_l2: -0.0171
Episode_Reward/action_target_soft_limit_barrier: -0.0032
                   Episode_Reward/alive: 3.9628
 Episode_Reward/non_timeout_termination: -0.7655
Episode_Reward/worst_ee_z_normalized_squared: -0.0542
Episode_Reward/right_wrist_prethreshold_barrier: -0.0060
 Episode_Reward/requested_effort_excess: 0.0000
Episode_Reward/root_world_tracking_error: -0.0098
Episode_Reward/measured_joint_posture_l2: -0.0382
Episode_Reward/measured_feet_world_position_l2: -0.0278
Episode_Reward/original_task_position_l2: -0.0205
Episode_Reward/original_task_orientation_l2: -0.0165
        Metrics/motion/error_anchor_pos: 0.2661
        Metrics/motion/error_anchor_rot: 0.1995
    Metrics/motion/error_anchor_lin_vel: 0.5181
    Metrics/motion/error_anchor_ang_vel: 0.6742
          Metrics/motion/error_body_pos: 0.2769
          Metrics/motion/error_body_rot: 0.3176
         Metrics/motion/error_joint_pos: 1.0079
         Metrics/motion/error_joint_vel: 4.7230
        Metrics/motion/sampling_entropy: 0.0000
      Metrics/motion/sampling_top1_prob: 0.0000
       Metrics/motion/sampling_top1_bin: 0.0000
      Metrics/motion/error_body_lin_vel: 0.5423
      Metrics/motion/error_body_ang_vel: 1.3836
           Episode_Termination/time_out: 0.0000
         Episode_Termination/anchor_pos: 0.0000
         Episode_Termination/anchor_ori: 0.0000
        Episode_Termination/ee_body_pos: 0.1667
Episode_Termination/corpus_clip_time_out: 0.0000
Episode_Termination/invalid_native_model_actuation: 0.0000
Episode_Termination/world_root_tracking_failure: 1.0000
 Episode_Reward/world_potential_shaping: 0.0483
--------------------------------------------------------------------------------
                         Iteration time: 2.38s
                           Time elapsed: 00:02:29
                                    ETA: 00:20:09

################################################################################
[1m                          Learning iteration 555/1000                           [0m 

                               Run name: original_core_920ms_fresh
                            Total steps: 114688 
                       Steps per second: 918 
                        Collection time: 2.068s 
                          Learning time: 0.161s 
                        Mean value loss: 461.8602
                    Mean surrogate loss: -0.0062
                      Mean entropy loss: -20.3225
                            Mean reward: 701.70
                    Mean episode length: 222.01
                        Mean action std: 0.10
--------------------------------------------------------------------------------
                         Iteration time: 2.23s
                           Time elapsed: 00:02:31
                                    ETA: 00:20:02

################################################################################
[1m                          Learning iteration 556/1000                           [0m 

                               Run name: original_core_920ms_fresh
                            Total steps: 116736 
                       Steps per second: 836 
                        Collection time: 2.277s 
                          Learning time: 0.171s 
                        Mean value loss: 632.3217
                    Mean surrogate loss: -0.0076
                      Mean entropy loss: -20.3225
                            Mean reward: 754.14
                    Mean episode length: 232.46
                        Mean action std: 0.10
--------------------------------------------------------------------------------
                         Iteration time: 2.45s
                           Time elapsed: 00:02:34
                                    ETA: 00:19:57

################################################################################
[1m                          Learning iteration 557/1000                           [0m 

                               Run name: original_core_920ms_fresh
                            Total steps: 118784 
                       Steps per second: 937 
                        Collection time: 2.009s 
                          Learning time: 0.175s 
                        Mean value loss: 585.2273
                    Mean surrogate loss: -0.0076
                      Mean entropy loss: -20.3225
                            Mean reward: 795.30
                    Mean episode length: 240.13
                        Mean action std: 0.10
--------------------------------------------------------------------------------
                         Iteration time: 2.18s
                           Time elapsed: 00:02:36
                                    ETA: 00:19:51

################################################################################
[1m                          Learning iteration 558/1000                           [0m 

                               Run name: original_core_920ms_fresh
                            Total steps: 120832 
                       Steps per second: 917 
                        Collection time: 2.071s 
                          Learning time: 0.160s 
                        Mean value loss: 568.3956
                    Mean surrogate loss: -0.0108
                      Mean entropy loss: -20.3225
                            Mean reward: 818.88
                    Mean episode length: 244.10
                        Mean action std: 0.10
--------------------------------------------------------------------------------
                         Iteration time: 2.23s
                           Time elapsed: 00:02:38
                                    ETA: 00:19:44

################################################################################
[1m                          Learning iteration 559/1000                           [0m 

                               Run name: original_core_920ms_fresh
                            Total steps: 122880 
                       Steps per second: 816 
                        Collection time: 2.338s 
                          Learning time: 0.170s 
                        Mean value loss: 923.4092
                    Mean surrogate loss: -0.0147
                      Mean entropy loss: -20.3225
                            Mean reward: 847.67
                    Mean episode length: 248.94
                        Mean action std: 0.10
  Episode_Reward/motion_global_root_pos: 0.0154
  Episode_Reward/motion_global_root_ori: 0.0181
         Episode_Reward/motion_body_pos: 0.0310
         Episode_Reward/motion_body_ori: 0.0290
     Episode_Reward/motion_body_lin_vel: 0.0370
     Episode_Reward/motion_body_ang_vel: 0.0355
          Episode_Reward/action_rate_l2: -0.0034
             Episode_Reward/joint_limit: -0.0006
         Episode_Reward/self_collisions: -0.0186
Episode_Reward/action_target_reference_l2: -0.0190
Episode_Reward/action_target_soft_limit_barrier: -0.0036
                   Episode_Reward/alive: 4.6689
 Episode_Reward/non_timeout_termination: -0.5954
Episode_Reward/worst_ee_z_normalized_squared: -0.0559
Episode_Reward/right_wrist_prethreshold_barrier: -0.0039
 Episode_Reward/requested_effort_excess: 0.0000
Episode_Reward/root_world_tracking_error: -0.0158
Episode_Reward/measured_joint_posture_l2: -0.0428
Episode_Reward/measured_feet_world_position_l2: -0.0324
Episode_Reward/original_task_position_l2: -0.0261
Episode_Reward/original_task_orientation_l2: -0.0177
        Metrics/motion/error_anchor_pos: 0.2598
        Metrics/motion/error_anchor_rot: 0.1132
    Metrics/motion/error_anchor_lin_vel: 0.3771
    Metrics/motion/error_anchor_ang_vel: 0.6284
          Metrics/motion/error_body_pos: 0.2608
          Metrics/motion/error_body_rot: 0.2373
         Metrics/motion/error_joint_pos: 0.9718
         Metrics/motion/error_joint_vel: 3.8933
        Metrics/motion/sampling_entropy: 0.0000
      Metrics/motion/sampling_top1_prob: 0.0000
       Metrics/motion/sampling_top1_bin: 0.0000
      Metrics/motion/error_body_lin_vel: 0.4021
      Metrics/motion/error_body_ang_vel: 1.1229
           Episode_Termination/time_out: 0.0000
         Episode_Termination/anchor_pos: 0.0000
         Episode_Termination/anchor_ori: 0.0000
        Episode_Termination/ee_body_pos: 0.0000
Episode_Termination/corpus_clip_time_out: 0.2222
Episode_Termination/invalid_native_model_actuation: 0.0000
Episode_Termination/world_root_tracking_failure: 0.8889
 Episode_Reward/world_potential_shaping: 0.0540
--------------------------------------------------------------------------------
                         Iteration time: 2.51s
                           Time elapsed: 00:02:41
                                    ETA: 00:19:40

################################################################################
[1m                          Learning iteration 560/1000                           [0m 

                               Run name: original_core_920ms_fresh
                            Total steps: 124928 
                       Steps per second: 906 
                        Collection time: 2.105s 
                          Learning time: 0.155s 
                        Mean value loss: 1019.2121
                    Mean surrogate loss: -0.0140
                      Mean entropy loss: -20.3225
                            Mean reward: 858.28
                    Mean episode length: 251.95
                        Mean action std: 0.10
  Episode_Reward/motion_global_root_pos: 0.0105
  Episode_Reward/motion_global_root_ori: 0.0120
         Episode_Reward/motion_body_pos: 0.0209
         Episode_Reward/motion_body_ori: 0.0195
     Episode_Reward/motion_body_lin_vel: 0.0235
     Episode_Reward/motion_body_ang_vel: 0.0220
          Episode_Reward/action_rate_l2: -0.0026
             Episode_Reward/joint_limit: -0.0005
         Episode_Reward/self_collisions: -0.0034
Episode_Reward/action_target_reference_l2: -0.0157
Episode_Reward/action_target_soft_limit_barrier: -0.0029
                   Episode_Reward/alive: 3.1402
 Episode_Reward/non_timeout_termination: -0.7655
Episode_Reward/worst_ee_z_normalized_squared: -0.0521
Episode_Reward/right_wrist_prethreshold_barrier: -0.0053
 Episode_Reward/requested_effort_excess: -0.0000
Episode_Reward/root_world_tracking_error: -0.0120
Episode_Reward/measured_joint_posture_l2: -0.0379
Episode_Reward/measured_feet_world_position_l2: -0.0222
Episode_Reward/original_task_position_l2: -0.0190
Episode_Reward/original_task_orientation_l2: -0.0142
        Metrics/motion/error_anchor_pos: 0.2857
        Metrics/motion/error_anchor_rot: 0.1884
    Metrics/motion/error_anchor_lin_vel: 0.5584
    Metrics/motion/error_anchor_ang_vel: 1.1053
          Metrics/motion/error_body_pos: 0.2993
          Metrics/motion/error_body_rot: 0.3539
         Metrics/motion/error_joint_pos: 1.1264
         Metrics/motion/error_joint_vel: 6.5415
        Metrics/motion/sampling_entropy: 0.0000
      Metrics/motion/sampling_top1_prob: 0.0000
       Metrics/motion/sampling_top1_bin: 0.0000
      Metrics/motion/error_body_lin_vel: 0.5825
      Metrics/motion/error_body_ang_vel: 1.8102
           Episode_Termination/time_out: 0.0000
         Episode_Termination/anchor_pos: 0.0000
         Episode_Termination/anchor_ori: 0.0000
        Episode_Termination/ee_body_pos: 0.0000
Episode_Termination/corpus_clip_time_out: 0.0000
Episode_Termination/invalid_native_model_actuation: 0.0000
Episode_Termination/world_root_tracking_failure: 1.4000
 Episode_Reward/world_potential_shaping: 0.0449
--------------------------------------------------------------------------------
                         Iteration time: 2.26s
                           Time elapsed: 00:02:43
                                    ETA: 00:19:35

################################################################################
[1m                          Learning iteration 561/1000                           [0m 

                               Run name: original_core_920ms_fresh
                            Total steps: 126976 
                       Steps per second: 881 
                        Collection time: 2.156s 
                          Learning time: 0.168s 
                        Mean value loss: 596.3064
                    Mean surrogate loss: -0.0132
                      Mean entropy loss: -20.3225
                            Mean reward: 904.70
                    Mean episode length: 262.20
                        Mean action std: 0.10
  Episode_Reward/motion_global_root_pos: 0.0227
  Episode_Reward/motion_global_root_ori: 0.0254
         Episode_Reward/motion_body_pos: 0.0457
         Episode_Reward/motion_body_ori: 0.0434
     Episode_Reward/motion_body_lin_vel: 0.0537
     Episode_Reward/motion_body_ang_vel: 0.0518
          Episode_Reward/action_rate_l2: -0.0045
             Episode_Reward/joint_limit: -0.0001
         Episode_Reward/self_collisions: -0.0298
Episode_Reward/action_target_reference_l2: -0.0250
Episode_Reward/action_target_soft_limit_barrier: -0.0027
                   Episode_Reward/alive: 6.5035
 Episode_Reward/non_timeout_termination: -0.4784
Episode_Reward/worst_ee_z_normalized_squared: -0.0921
Episode_Reward/right_wrist_prethreshold_barrier: -0.0076
 Episode_Reward/requested_effort_excess: 0.0000
Episode_Reward/root_world_tracking_error: -0.0166
Episode_Reward/measured_joint_posture_l2: -0.0544
Episode_Reward/measured_feet_world_position_l2: -0.0436
Episode_Reward/original_task_position_l2: -0.0340
Episode_Reward/original_task_orientation_l2: -0.0210
        Metrics/motion/error_anchor_pos: 0.2272
        Metrics/motion/error_anchor_rot: 0.1539
    Metrics/motion/error_anchor_lin_vel: 0.2980
    Metrics/motion/error_anchor_ang_vel: 0.7899
          Metrics/motion/error_body_pos: 0.2275
          Metrics/motion/error_body_rot: 0.2426
         Metrics/motion/error_joint_pos: 0.9434
         Metrics/motion/error_joint_vel: 3.7692
        Metrics/motion/sampling_entropy: 0.0000
      Metrics/motion/sampling_top1_prob: 0.0000
       Metrics/motion/sampling_top1_bin: 0.0000
      Metrics/motion/error_body_lin_vel: 0.3402
      Metrics/motion/error_body_ang_vel: 1.1011
           Episode_Termination/time_out: 0.0000
         Episode_Termination/anchor_pos: 0.0000
         Episode_Termination/anchor_ori: 0.0000
        Episode_Termination/ee_body_pos: 0.1250
Episode_Termination/corpus_clip_time_out: 0.3750
Episode_Termination/invalid_native_model_actuation: 0.0000
Episode_Termination/world_root_tracking_failure: 0.6250
 Episode_Reward/world_potential_shaping: 0.0641
--------------------------------------------------------------------------------
                         Iteration time: 2.32s
                           Time elapsed: 00:02:45
                                    ETA: 00:19:30

################################################################################
[1m                          Learning iteration 562/1000                           [0m 

                               Run name: original_core_920ms_fresh
                            Total steps: 129024 
                       Steps per second: 863 
                        Collection time: 2.216s 
                          Learning time: 0.155s 
                        Mean value loss: 766.1471
                    Mean surrogate loss: -0.0120
                      Mean entropy loss: -20.3225
                            Mean reward: 917.01
                    Mean episode length: 263.26
                        Mean action std: 0.10
  Episode_Reward/motion_global_root_pos: 0.0164
  Episode_Reward/motion_global_root_ori: 0.0178
         Episode_Reward/motion_body_pos: 0.0327
         Episode_Reward/motion_body_ori: 0.0300
     Episode_Reward/motion_body_lin_vel: 0.0366
     Episode_Reward/motion_body_ang_vel: 0.0352
          Episode_Reward/action_rate_l2: -0.0032
             Episode_Reward/joint_limit: -0.0000
         Episode_Reward/self_collisions: -0.0227
Episode_Reward/action_target_reference_l2: -0.0175
Episode_Reward/action_target_soft_limit_barrier: -0.0024
                   Episode_Reward/alive: 4.4961
 Episode_Reward/non_timeout_termination: -0.7655
Episode_Reward/worst_ee_z_normalized_squared: -0.0746
Episode_Reward/right_wrist_prethreshold_barrier: -0.0085
 Episode_Reward/requested_effort_excess: 0.0000
Episode_Reward/root_world_tracking_error: -0.0100
Episode_Reward/measured_joint_posture_l2: -0.0374
Episode_Reward/measured_feet_world_position_l2: -0.0264
Episode_Reward/original_task_position_l2: -0.0241
Episode_Reward/original_task_orientation_l2: -0.0151
        Metrics/motion/error_anchor_pos: 0.2771
        Metrics/motion/error_anchor_rot: 0.1157
    Metrics/motion/error_anchor_lin_vel: 0.4528
    Metrics/motion/error_anchor_ang_vel: 0.7224
          Metrics/motion/error_body_pos: 0.2851
          Metrics/motion/error_body_rot: 0.2497
         Metrics/motion/error_joint_pos: 0.9160
         Metrics/motion/error_joint_vel: 4.2468
        Metrics/motion/sampling_entropy: 0.0000
      Metrics/motion/sampling_top1_prob: 0.0000
       Metrics/motion/sampling_top1_bin: 0.0000
      Metrics/motion/error_body_lin_vel: 0.4938
      Metrics/motion/error_body_ang_vel: 1.1422
           Episode_Termination/time_out: 0.0000
         Episode_Termination/anchor_pos: 0.0000
         Episode_Termination/anchor_ori: 0.0000
        Episode_Termination/ee_body_pos: 0.1429
Episode_Termination/corpus_clip_time_out: 0.0000
Episode_Termination/invalid_native_model_actuation: 0.0000
Episode_Termination/world_root_tracking_failure: 1.0000
 Episode_Reward/world_potential_shaping: 0.0482
--------------------------------------------------------------------------------
                         Iteration time: 2.37s
                           Time elapsed: 00:02:47
                                    ETA: 00:19:25

################################################################################
[1m                          Learning iteration 563/1000                           [0m 

                               Run name: original_core_920ms_fresh
                            Total steps: 131072 
                       Steps per second: 894 
                        Collection time: 2.133s 
                          Learning time: 0.157s 
                        Mean value loss: 606.0272
                    Mean surrogate loss: -0.0128
                      Mean entropy loss: -20.3225
                            Mean reward: 911.37
                    Mean episode length: 261.88
                        Mean action std: 0.10
  Episode_Reward/motion_global_root_pos: 0.0077
  Episode_Reward/motion_global_root_ori: 0.0089
         Episode_Reward/motion_body_pos: 0.0155
         Episode_Reward/motion_body_ori: 0.0154
     Episode_Reward/motion_body_lin_vel: 0.0172
     Episode_Reward/motion_body_ang_vel: 0.0167
          Episode_Reward/action_rate_l2: -0.0018
             Episode_Reward/joint_limit: -0.0000
         Episode_Reward/self_collisions: -0.0035
Episode_Reward/action_target_reference_l2: -0.0100
Episode_Reward/action_target_soft_limit_barrier: -0.0022
                   Episode_Reward/alive: 2.2638
 Episode_Reward/non_timeout_termination: -0.7655
Episode_Reward/worst_ee_z_normalized_squared: -0.0292
Episode_Reward/right_wrist_prethreshold_barrier: -0.0019
 Episode_Reward/requested_effort_excess: -0.0000
Episode_Reward/root_world_tracking_error: -0.0083
Episode_Reward/measured_joint_posture_l2: -0.0267
Episode_Reward/measured_feet_world_position_l2: -0.0161
Episode_Reward/original_task_position_l2: -0.0135
Episode_Reward/original_task_orientation_l2: -0.0082
        Metrics/motion/error_anchor_pos: 0.2870
        Metrics/motion/error_anchor_rot: 0.1741
    Metrics/motion/error_anchor_lin_vel: 0.4497
    Metrics/motion/error_anchor_ang_vel: 1.0270
          Metrics/motion/error_body_pos: 0.2977
          Metrics/motion/error_body_rot: 0.2673
         Metrics/motion/error_joint_pos: 0.9463
         Metrics/motion/error_joint_vel: 5.1978
        Metrics/motion/sampling_entropy: 0.0000
      Metrics/motion/sampling_top1_prob: 0.0000
       Metrics/motion/sampling_top1_bin: 0.0000
      Metrics/motion/error_body_lin_vel: 0.4755
      Metrics/motion/error_body_ang_vel: 1.4726
           Episode_Termination/time_out: 0.0000
         Episode_Termination/anchor_pos: 0.0000
         Episode_Termination/anchor_ori: 0.0000
        Episode_Termination/ee_body_pos: 0.0000
Episode_Termination/corpus_clip_time_out: 0.0000
Episode_Termination/invalid_native_model_actuation: 0.0000
Episode_Termination/world_root_tracking_failure: 1.5000
 Episode_Reward/world_potential_shaping: 0.0345
--------------------------------------------------------------------------------
                         Iteration time: 2.29s
                           Time elapsed: 00:02:50
                                    ETA: 00:19:20

################################################################################
[1m                          Learning iteration 564/1000                           [0m 

                               Run name: original_core_920ms_fresh
                            Total steps: 133120 
                       Steps per second: 923 
                        Collection time: 2.061s 
                          Learning time: 0.157s 
                        Mean value loss: 650.6856
                    Mean surrogate loss: -0.0152
                      Mean entropy loss: -20.3225
                            Mean reward: 895.62
                    Mean episode length: 258.36
                        Mean action std: 0.10
--------------------------------------------------------------------------------
                         Iteration time: 2.22s
                           Time elapsed: 00:02:52
                                    ETA: 00:19:14

################################################################################
[1m                          Learning iteration 565/1000                           [0m 

                               Run name: original_core_920ms_fresh
                            Total steps: 135168 
                       Steps per second: 934 
                        Collection time: 2.019s 
                          Learning time: 0.171s 
                        Mean value loss: 481.1828
                    Mean surrogate loss: -0.0140
                      Mean entropy loss: -20.3225
                            Mean reward: 862.26
                    Mean episode length: 250.46
                        Mean action std: 0.10
  Episode_Reward/motion_global_root_pos: 0.0052
  Episode_Reward/motion_global_root_ori: 0.0062
         Episode_Reward/motion_body_pos: 0.0105
         Episode_Reward/motion_body_ori: 0.0088
     Episode_Reward/motion_body_lin_vel: 0.0112
     Episode_Reward/motion_body_ang_vel: 0.0105
          Episode_Reward/action_rate_l2: -0.0014
             Episode_Reward/joint_limit: -0.0006
         Episode_Reward/self_collisions: -0.0020
Episode_Reward/action_target_reference_l2: -0.0094
Episode_Reward/action_target_soft_limit_barrier: -0.0021
                   Episode_Reward/alive: 1.6257
 Episode_Reward/non_timeout_termination: -0.7655
Episode_Reward/worst_ee_z_normalized_squared: -0.0287
Episode_Reward/right_wrist_prethreshold_barrier: -0.0065
 Episode_Reward/requested_effort_excess: -0.0000
Episode_Reward/root_world_tracking_error: -0.0082
Episode_Reward/measured_joint_posture_l2: -0.0289
Episode_Reward/measured_feet_world_position_l2: -0.0125
Episode_Reward/original_task_position_l2: -0.0105
Episode_Reward/original_task_orientation_l2: -0.0086
        Metrics/motion/error_anchor_pos: 0.2863
        Metrics/motion/error_anchor_rot: 0.1341
    Metrics/motion/error_anchor_lin_vel: 0.4416
    Metrics/motion/error_anchor_ang_vel: 0.7342
          Metrics/motion/error_body_pos: 0.2991
          Metrics/motion/error_body_rot: 0.2631
         Metrics/motion/error_joint_pos: 0.9398
         Metrics/motion/error_joint_vel: 4.1560
        Metrics/motion/sampling_entropy: 0.0000
      Metrics/motion/sampling_top1_prob: 0.0000
       Metrics/motion/sampling_top1_bin: 0.0000
      Metrics/motion/error_body_lin_vel: 0.4912
      Metrics/motion/error_body_ang_vel: 1.2266
           Episode_Termination/time_out: 0.0000
         Episode_Termination/anchor_pos: 0.0000
         Episode_Termination/anchor_ori: 0.0000
        Episode_Termination/ee_body_pos: 0.0000
Episode_Termination/corpus_clip_time_out: 0.0000
Episode_Termination/invalid_native_model_actuation: 0.0000
Episode_Termination/world_root_tracking_failure: 1.4000
 Episode_Reward/world_potential_shaping: 0.0326
--------------------------------------------------------------------------------
                         Iteration time: 2.19s
                           Time elapsed: 00:02:54
                                    ETA: 00:19:08

################################################################################
[1m                          Learning iteration 566/1000                           [0m 

                               Run name: original_core_920ms_fresh
                            Total steps: 137216 
                       Steps per second: 915 
                        Collection time: 2.080s 
                          Learning time: 0.157s 
                        Mean value loss: 624.6738
                    Mean surrogate loss: -0.0124
                      Mean entropy loss: -20.3225
                            Mean reward: 807.44
                    Mean episode length: 237.53
                        Mean action std: 0.10
  Episode_Reward/motion_global_root_pos: 0.0098
  Episode_Reward/motion_global_root_ori: 0.0116
         Episode_Reward/motion_body_pos: 0.0191
         Episode_Reward/motion_body_ori: 0.0188
     Episode_Reward/motion_body_lin_vel: 0.0225
     Episode_Reward/motion_body_ang_vel: 0.0207
          Episode_Reward/action_rate_l2: -0.0027
             Episode_Reward/joint_limit: -0.0014
         Episode_Reward/self_collisions: -0.0014
Episode_Reward/action_target_reference_l2: -0.0163
Episode_Reward/action_target_soft_limit_barrier: -0.0029
                   Episode_Reward/alive: 3.0537
 Episode_Reward/non_timeout_termination: -0.7655
Episode_Reward/worst_ee_z_normalized_squared: -0.0501
Episode_Reward/right_wrist_prethreshold_barrier: -0.0074
 Episode_Reward/requested_effort_excess: -0.0000
Episode_Reward/root_world_tracking_error: -0.0127
Episode_Reward/measured_joint_posture_l2: -0.0386
Episode_Reward/measured_feet_world_position_l2: -0.0236
Episode_Reward/original_task_position_l2: -0.0194
Episode_Reward/original_task_orientation_l2: -0.0148
        Metrics/motion/error_anchor_pos: 0.2821
        Metrics/motion/error_anchor_rot: 0.1681
    Metrics/motion/error_anchor_lin_vel: 0.5610
    Metrics/motion/error_anchor_ang_vel: 1.1124
          Metrics/motion/error_body_pos: 0.2972
          Metrics/motion/error_body_rot: 0.3002
         Metrics/motion/error_joint_pos: 1.0793
         Metrics/motion/error_joint_vel: 6.5503
        Metrics/motion/sampling_entropy: 0.0000
      Metrics/motion/sampling_top1_prob: 0.0000
       Metrics/motion/sampling_top1_bin: 0.0000
      Metrics/motion/error_body_lin_vel: 0.5721
      Metrics/motion/error_body_ang_vel: 1.8212
           Episode_Termination/time_out: 0.0000
         Episode_Termination/anchor_pos: 0.0000
         Episode_Termination/anchor_ori: 0.0000
        Episode_Termination/ee_body_pos: 0.0000
Episode_Termination/corpus_clip_time_out: 0.0000
Episode_Termination/invalid_native_model_actuation: 0.0000
Episode_Termination/world_root_tracking_failure: 1.2857
 Episode_Reward/world_potential_shaping: 0.0497
--------------------------------------------------------------------------------
                         Iteration time: 2.24s
                           Time elapsed: 00:02:56
                                    ETA: 00:19:03

################################################################################
[1m                          Learning iteration 567/1000                           [0m 

                               Run name: original_core_920ms_fresh
                            Total steps: 139264 
                       Steps per second: 871 
                        Collection time: 2.118s 
                          Learning time: 0.233s 
                        Mean value loss: 439.4206
                    Mean surrogate loss: -0.0124
                      Mean entropy loss: -20.3225
                            Mean reward: 782.24
                    Mean episode length: 229.83
                        Mean action std: 0.10
--------------------------------------------------------------------------------
                         Iteration time: 2.35s
                           Time elapsed: 00:02:59
                                    ETA: 00:18:58

################################################################################
[1m                          Learning iteration 568/1000                           [0m 

                               Run name: original_core_920ms_fresh
                            Total steps: 141312 
                       Steps per second: 941 
                        Collection time: 2.019s 
                          Learning time: 0.157s 
                        Mean value loss: 607.3058
                    Mean surrogate loss: -0.0079
                      Mean entropy loss: -20.3225
                            Mean reward: 746.85
                    Mean episode length: 222.01
                        Mean action std: 0.10
--------------------------------------------------------------------------------
                         Iteration time: 2.18s
                           Time elapsed: 00:03:01
                                    ETA: 00:18:53

################################################################################
[1m                          Learning iteration 569/1000                           [0m 

                               Run name: original_core_920ms_fresh
                            Total steps: 143360 
                       Steps per second: 914 
                        Collection time: 2.082s 
                          Learning time: 0.156s 
                        Mean value loss: 469.0994
                    Mean surrogate loss: -0.0124
                      Mean entropy loss: -20.3225
                            Mean reward: 688.75
                    Mean episode length: 208.19
                        Mean action std: 0.10
  Episode_Reward/motion_global_root_pos: 0.0039
  Episode_Reward/motion_global_root_ori: 0.0045
         Episode_Reward/motion_body_pos: 0.0076
         Episode_Reward/motion_body_ori: 0.0070
     Episode_Reward/motion_body_lin_vel: 0.0077
     Episode_Reward/motion_body_ang_vel: 0.0074
          Episode_Reward/action_rate_l2: -0.0011
             Episode_Reward/joint_limit: -0.0001
         Episode_Reward/self_collisions: -0.0012
Episode_Reward/action_target_reference_l2: -0.0064
Episode_Reward/action_target_soft_limit_barrier: -0.0020
                   Episode_Reward/alive: 1.1444
 Episode_Reward/non_timeout_termination: -0.7655
Episode_Reward/worst_ee_z_normalized_squared: -0.0110
Episode_Reward/right_wrist_prethreshold_barrier: 0.0000
 Episode_Reward/requested_effort_excess: -0.0000
Episode_Reward/root_world_tracking_error: -0.0059
Episode_Reward/measured_joint_posture_l2: -0.0190
Episode_Reward/measured_feet_world_position_l2: -0.0080
Episode_Reward/original_task_position_l2: -0.0071
Episode_Reward/original_task_orientation_l2: -0.0050
        Metrics/motion/error_anchor_pos: 0.2838
        Metrics/motion/error_anchor_rot: 0.1492
    Metrics/motion/error_anchor_lin_vel: 0.4579
    Metrics/motion/error_anchor_ang_vel: 0.9250
          Metrics/motion/error_body_pos: 0.2978
          Metrics/motion/error_body_rot: 0.2465
         Metrics/motion/error_joint_pos: 0.9509
         Metrics/motion/error_joint_vel: 4.6747
        Metrics/motion/sampling_entropy: 0.0000
      Metrics/motion/sampling_top1_prob: 0.0000
       Metrics/motion/sampling_top1_bin: 0.0000
      Metrics/motion/error_body_lin_vel: 0.4529
      Metrics/motion/error_body_ang_vel: 1.2964
           Episode_Termination/time_out: 0.0000
         Episode_Termination/anchor_pos: 0.0000
         Episode_Termination/anchor_ori: 0.0000
        Episode_Termination/ee_body_pos: 0.0000
Episode_Termination/corpus_clip_time_out: 0.0000
Episode_Termination/invalid_native_model_actuation: 0.0000
Episode_Termination/world_root_tracking_failure: 1.0000
 Episode_Reward/world_potential_shaping: 0.0215
--------------------------------------------------------------------------------
                         Iteration time: 2.24s
                           Time elapsed: 00:03:03
                                    ETA: 00:18:48

################################################################################
[1m                          Learning iteration 570/1000                           [0m 

                               Run name: original_core_920ms_fresh
                            Total steps: 145408 
                       Steps per second: 806 
                        Collection time: 2.378s 
                          Learning time: 0.161s 
                        Mean value loss: 374.3443
                    Mean surrogate loss: -0.0155
                      Mean entropy loss: -20.3225
                            Mean reward: 581.40
                    Mean episode length: 183.95
                        Mean action std: 0.10
--------------------------------------------------------------------------------
                         Iteration time: 2.54s
                           Time elapsed: 00:03:06
                                    ETA: 00:18:45

################################################################################
[1m                          Learning iteration 571/1000                           [0m 

                               Run name: original_core_920ms_fresh
                            Total steps: 147456 
                       Steps per second: 940 
                        Collection time: 2.010s 
                          Learning time: 0.167s 
                        Mean value loss: 851.8235
                    Mean surrogate loss: -0.0122
                      Mean entropy loss: -20.3225
                            Mean reward: 578.40
                    Mean episode length: 184.18
                        Mean action std: 0.10
  Episode_Reward/motion_global_root_pos: 0.0125
  Episode_Reward/motion_global_root_ori: 0.0152
         Episode_Reward/motion_body_pos: 0.0246
         Episode_Reward/motion_body_ori: 0.0246
     Episode_Reward/motion_body_lin_vel: 0.0310
     Episode_Reward/motion_body_ang_vel: 0.0285
          Episode_Reward/action_rate_l2: -0.0033
             Episode_Reward/joint_limit: -0.0015
         Episode_Reward/self_collisions: -0.0051
Episode_Reward/action_target_reference_l2: -0.0200
Episode_Reward/action_target_soft_limit_barrier: -0.0036
                   Episode_Reward/alive: 4.0180
 Episode_Reward/non_timeout_termination: -0.7655
Episode_Reward/worst_ee_z_normalized_squared: -0.0743
Episode_Reward/right_wrist_prethreshold_barrier: -0.0056
 Episode_Reward/requested_effort_excess: -0.0000
Episode_Reward/root_world_tracking_error: -0.0158
Episode_Reward/measured_joint_posture_l2: -0.0410
Episode_Reward/measured_feet_world_position_l2: -0.0311
Episode_Reward/original_task_position_l2: -0.0262
Episode_Reward/original_task_orientation_l2: -0.0170
        Metrics/motion/error_anchor_pos: 0.2827
        Metrics/motion/error_anchor_rot: 0.1718
    Metrics/motion/error_anchor_lin_vel: 0.5946
    Metrics/motion/error_anchor_ang_vel: 1.7304
          Metrics/motion/error_body_pos: 0.2898
          Metrics/motion/error_body_rot: 0.3231
         Metrics/motion/error_joint_pos: 1.0590
         Metrics/motion/error_joint_vel: 6.9091
        Metrics/motion/sampling_entropy: 0.0000
      Metrics/motion/sampling_top1_prob: 0.0000
       Metrics/motion/sampling_top1_bin: 0.0000
      Metrics/motion/error_body_lin_vel: 0.6670
      Metrics/motion/error_body_ang_vel: 2.3522
           Episode_Termination/time_out: 0.0000
         Episode_Termination/anchor_pos: 0.0000
         Episode_Termination/anchor_ori: 0.0000
        Episode_Termination/ee_body_pos: 0.2500
Episode_Termination/corpus_clip_time_out: 0.0000
Episode_Termination/invalid_native_model_actuation: 0.0000
Episode_Termination/world_root_tracking_failure: 1.5000
 Episode_Reward/world_potential_shaping: 0.0628
--------------------------------------------------------------------------------
                         Iteration time: 2.18s
                           Time elapsed: 00:03:08
                                    ETA: 00:18:40

################################################################################
[1m                          Learning iteration 572/1000                           [0m 

                               Run name: original_core_920ms_fresh
                            Total steps: 149504 
                       Steps per second: 838 
                        Collection time: 2.278s 
                          Learning time: 0.164s 
                        Mean value loss: 777.8385
                    Mean surrogate loss: -0.0094
                      Mean entropy loss: -20.3225
                            Mean reward: 579.96
                    Mean episode length: 184.64
                        Mean action std: 0.10
--------------------------------------------------------------------------------
                         Iteration time: 2.44s
                           Time elapsed: 00:03:10
                                    ETA: 00:18:36

################################################################################
[1m                          Learning iteration 573/1000                           [0m 

                               Run name: original_core_920ms_fresh
                            Total steps: 151552 
                       Steps per second: 298 
                        Collection time: 6.699s 
                          Learning time: 0.164s 
                        Mean value loss: 448.1008
                    Mean surrogate loss: -0.0104
                      Mean entropy loss: -20.3225
                            Mean reward: 580.77
                    Mean episode length: 186.28
                        Mean action std: 0.10
  Episode_Reward/motion_global_root_pos: 0.0160
  Episode_Reward/motion_global_root_ori: 0.0165
         Episode_Reward/motion_body_pos: 0.0315
         Episode_Reward/motion_body_ori: 0.0269
     Episode_Reward/motion_body_lin_vel: 0.0336
     Episode_Reward/motion_body_ang_vel: 0.0314
          Episode_Reward/action_rate_l2: -0.0035
             Episode_Reward/joint_limit: -0.0003
         Episode_Reward/self_collisions: -0.0088
Episode_Reward/action_target_reference_l2: -0.0209
Episode_Reward/action_target_soft_limit_barrier: -0.0029
                   Episode_Reward/alive: 4.3786
 Episode_Reward/non_timeout_termination: -0.6591
Episode_Reward/worst_ee_z_normalized_squared: -0.0656
Episode_Reward/right_wrist_prethreshold_barrier: -0.0025
 Episode_Reward/requested_effort_excess: -0.0000
Episode_Reward/root_world_tracking_error: -0.0126
Episode_Reward/measured_joint_posture_l2: -0.0521
Episode_Reward/measured_feet_world_position_l2: -0.0309
Episode_Reward/original_task_position_l2: -0.0236
Episode_Reward/original_task_orientation_l2: -0.0177
        Metrics/motion/error_anchor_pos: 0.2621
        Metrics/motion/error_anchor_rot: 0.1463
    Metrics/motion/error_anchor_lin_vel: 0.6461
    Metrics/motion/error_anchor_ang_vel: 1.0880
          Metrics/motion/error_body_pos: 0.2647
          Metrics/motion/error_body_rot: 0.3077
         Metrics/motion/error_joint_pos: 1.1471
         Metrics/motion/error_joint_vel: 5.7138
        Metrics/motion/sampling_entropy: 0.0000
      Metrics/motion/sampling_top1_prob: 0.0000
       Metrics/motion/sampling_top1_bin: 0.0000
      Metrics/motion/error_body_lin_vel: 0.6561
      Metrics/motion/error_body_ang_vel: 1.6492
           Episode_Termination/time_out: 0.0000
         Episode_Termination/anchor_pos: 0.0000
         Episode_Termination/anchor_ori: 0.0000
        Episode_Termination/ee_body_pos: 0.0000
Episode_Termination/corpus_clip_time_out: 0.2222
Episode_Termination/invalid_native_model_actuation: 0.0000
Episode_Termination/world_root_tracking_failure: 1.1111
 Episode_Reward/world_potential_shaping: 0.0518
--------------------------------------------------------------------------------
                         Iteration time: 6.86s
                           Time elapsed: 00:03:17
                                    ETA: 00:18:58

################################################################################
[1m                          Learning iteration 574/1000                           [0m 

                               Run name: original_core_920ms_fresh
                            Total steps: 153600 
                       Steps per second: 903 
                        Collection time: 2.104s 
                          Learning time: 0.162s 
                        Mean value loss: 496.5315
                    Mean surrogate loss: -0.0022
                      Mean entropy loss: -20.3225
                            Mean reward: 530.20
                    Mean episode length: 175.99
                        Mean action std: 0.10
  Episode_Reward/motion_global_root_pos: 0.0112
  Episode_Reward/motion_global_root_ori: 0.0128
         Episode_Reward/motion_body_pos: 0.0223
         Episode_Reward/motion_body_ori: 0.0220
     Episode_Reward/motion_body_lin_vel: 0.0264
     Episode_Reward/motion_body_ang_vel: 0.0250
          Episode_Reward/action_rate_l2: -0.0025
             Episode_Reward/joint_limit: -0.0000
         Episode_Reward/self_collisions: -0.0066
Episode_Reward/action_target_reference_l2: -0.0135
Episode_Reward/action_target_soft_limit_barrier: -0.0015
                   Episode_Reward/alive: 3.3156
 Episode_Reward/non_timeout_termination: -0.6379
Episode_Reward/worst_ee_z_normalized_squared: -0.0428
Episode_Reward/right_wrist_prethreshold_barrier: -0.0000
 Episode_Reward/requested_effort_excess: -0.0000
Episode_Reward/root_world_tracking_error: -0.0102
Episode_Reward/measured_joint_posture_l2: -0.0333
Episode_Reward/measured_feet_world_position_l2: -0.0253
Episode_Reward/original_task_position_l2: -0.0181
Episode_Reward/original_task_orientation_l2: -0.0117
        Metrics/motion/error_anchor_pos: 0.2730
        Metrics/motion/error_anchor_rot: 0.1840
    Metrics/motion/error_anchor_lin_vel: 0.5366
    Metrics/motion/error_anchor_ang_vel: 1.0038
          Metrics/motion/error_body_pos: 0.2745
          Metrics/motion/error_body_rot: 0.3261
         Metrics/motion/error_joint_pos: 1.0403
         Metrics/motion/error_joint_vel: 4.1873
        Metrics/motion/sampling_entropy: 0.0000
      Metrics/motion/sampling_top1_prob: 0.0000
       Metrics/motion/sampling_top1_bin: 0.0000
      Metrics/motion/error_body_lin_vel: 0.5654
      Metrics/motion/error_body_ang_vel: 1.5095
           Episode_Termination/time_out: 0.0000
         Episode_Termination/anchor_pos: 0.0000
         Episode_Termination/anchor_ori: 0.0000
        Episode_Termination/ee_body_pos: 0.0000
Episode_Termination/corpus_clip_time_out: 0.1667
Episode_Termination/invalid_native_model_actuation: 0.0000
Episode_Termination/world_root_tracking_failure: 1.0000
 Episode_Reward/world_potential_shaping: 0.0457
--------------------------------------------------------------------------------
                         Iteration time: 2.27s
                           Time elapsed: 00:03:19
                                    ETA: 00:18:53

################################################################################
[1m                          Learning iteration 575/1000                           [0m 

                               Run name: original_core_920ms_fresh
                            Total steps: 155648 
                       Steps per second: 896 
                        Collection time: 2.121s 
                          Learning time: 0.163s 
                        Mean value loss: 1591.8423
                    Mean surrogate loss: -0.0110
                      Mean entropy loss: -20.3225
                            Mean reward: 521.86
                    Mean episode length: 175.00
                        Mean action std: 0.10
--------------------------------------------------------------------------------
                         Iteration time: 2.28s
                           Time elapsed: 00:03:22
                                    ETA: 00:18:48

################################################################################
[1m                          Learning iteration 576/1000                           [0m 

                               Run name: original_core_920ms_fresh
                            Total steps: 157696 
                       Steps per second: 900 
                        Collection time: 2.119s 
                          Learning time: 0.156s 
                        Mean value loss: 984.3057
                    Mean surrogate loss: -0.0107
                      Mean entropy loss: -20.3225
                            Mean reward: 599.86
                    Mean episode length: 194.42
                        Mean action std: 0.10
  Episode_Reward/motion_global_root_pos: 0.0176
  Episode_Reward/motion_global_root_ori: 0.0193
         Episode_Reward/motion_body_pos: 0.0351
         Episode_Reward/motion_body_ori: 0.0324
     Episode_Reward/motion_body_lin_vel: 0.0399
     Episode_Reward/motion_body_ang_vel: 0.0379
          Episode_Reward/action_rate_l2: -0.0037
             Episode_Reward/joint_limit: -0.0004
         Episode_Reward/self_collisions: -0.0208
Episode_Reward/action_target_reference_l2: -0.0216
Episode_Reward/action_target_soft_limit_barrier: -0.0027
                   Episode_Reward/alive: 4.9544
 Episode_Reward/non_timeout_termination: -0.7272
Episode_Reward/worst_ee_z_normalized_squared: -0.0768
Episode_Reward/right_wrist_prethreshold_barrier: -0.0077
 Episode_Reward/requested_effort_excess: 0.0000
Episode_Reward/root_world_tracking_error: -0.0130
Episode_Reward/measured_joint_posture_l2: -0.0501
Episode_Reward/measured_feet_world_position_l2: -0.0341
Episode_Reward/original_task_position_l2: -0.0267
Episode_Reward/original_task_orientation_l2: -0.0188
        Metrics/motion/error_anchor_pos: 0.2580
        Metrics/motion/error_anchor_rot: 0.1406
    Metrics/motion/error_anchor_lin_vel: 0.3279
    Metrics/motion/error_anchor_ang_vel: 0.6635
          Metrics/motion/error_body_pos: 0.2619
          Metrics/motion/error_body_rot: 0.2671
         Metrics/motion/error_joint_pos: 0.9355
         Metrics/motion/error_joint_vel: 4.8129
        Metrics/motion/sampling_entropy: 0.0000
      Metrics/motion/sampling_top1_prob: 0.0000
       Metrics/motion/sampling_top1_bin: 0.0000
      Metrics/motion/error_body_lin_vel: 0.3636
      Metrics/motion/error_body_ang_vel: 1.3305
           Episode_Termination/time_out: 0.0000
         Episode_Termination/anchor_pos: 0.0000
         Episode_Termination/anchor_ori: 0.0000
        Episode_Termination/ee_body_pos: 0.2000
Episode_Termination/corpus_clip_time_out: 0.1000
Episode_Termination/invalid_native_model_actuation: 0.0000
Episode_Termination/world_root_tracking_failure: 1.2000
 Episode_Reward/world_potential_shaping: 0.0572
--------------------------------------------------------------------------------
                         Iteration time: 2.27s
                           Time elapsed: 00:03:24
                                    ETA: 00:18:43

################################################################################
[1m                          Learning iteration 577/1000                           [0m 

                               Run name: original_core_920ms_fresh
                            Total steps: 159744 
                       Steps per second: 852 
                        Collection time: 2.245s 
                          Learning time: 0.157s 
                        Mean value loss: 732.2409
                    Mean surrogate loss: -0.0144
                      Mean entropy loss: -20.3225
                            Mean reward: 656.95
                    Mean episode length: 208.85
                        Mean action std: 0.10
  Episode_Reward/motion_global_root_pos: 0.0142
  Episode_Reward/motion_global_root_ori: 0.0164
         Episode_Reward/motion_body_pos: 0.0280
         Episode_Reward/motion_body_ori: 0.0267
     Episode_Reward/motion_body_lin_vel: 0.0337
     Episode_Reward/motion_body_ang_vel: 0.0318
          Episode_Reward/action_rate_l2: -0.0033
             Episode_Reward/joint_limit: -0.0001
         Episode_Reward/self_collisions: -0.0093
Episode_Reward/action_target_reference_l2: -0.0183
Episode_Reward/action_target_soft_limit_barrier: -0.0032
                   Episode_Reward/alive: 4.2794
 Episode_Reward/non_timeout_termination: -0.7176
Episode_Reward/worst_ee_z_normalized_squared: -0.0411
Episode_Reward/right_wrist_prethreshold_barrier: -0.0003
 Episode_Reward/requested_effort_excess: -0.0000
Episode_Reward/root_world_tracking_error: -0.0143
Episode_Reward/measured_joint_posture_l2: -0.0489
Episode_Reward/measured_feet_world_position_l2: -0.0320
Episode_Reward/original_task_position_l2: -0.0250
Episode_Reward/original_task_orientation_l2: -0.0169
        Metrics/motion/error_anchor_pos: 0.2780
        Metrics/motion/error_anchor_rot: 0.1777
    Metrics/motion/error_anchor_lin_vel: 0.4537
    Metrics/motion/error_anchor_ang_vel: 1.0539
          Metrics/motion/error_body_pos: 0.2848
          Metrics/motion/error_body_rot: 0.2858
         Metrics/motion/error_joint_pos: 1.0005
         Metrics/motion/error_joint_vel: 4.5800
        Metrics/motion/sampling_entropy: 0.0000
      Metrics/motion/sampling_top1_prob: 0.0000
       Metrics/motion/sampling_top1_bin: 0.0000
      Metrics/motion/error_body_lin_vel: 0.4777
      Metrics/motion/error_body_ang_vel: 1.3905
           Episode_Termination/time_out: 0.0000
         Episode_Termination/anchor_pos: 0.0000
         Episode_Termination/anchor_ori: 0.0000
        Episode_Termination/ee_body_pos: 0.0000
Episode_Termination/corpus_clip_time_out: 0.1250
Episode_Termination/invalid_native_model_actuation: 0.0000
Episode_Termination/world_root_tracking_failure: 1.1250
 Episode_Reward/world_potential_shaping: 0.0573
--------------------------------------------------------------------------------
                         Iteration time: 2.40s
                           Time elapsed: 00:03:26
                                    ETA: 00:18:39

################################################################################
[1m                          Learning iteration 578/1000                           [0m 

                               Run name: original_core_920ms_fresh
                            Total steps: 161792 
                       Steps per second: 926 
                        Collection time: 2.051s 
                          Learning time: 0.160s 
                        Mean value loss: 779.0942
                    Mean surrogate loss: -0.0159
                      Mean entropy loss: -20.3225
                            Mean reward: 729.40
                    Mean episode length: 228.30
                        Mean action std: 0.10
  Episode_Reward/motion_global_root_pos: 0.0225
  Episode_Reward/motion_global_root_ori: 0.0237
         Episode_Reward/motion_body_pos: 0.0443
         Episode_Reward/motion_body_ori: 0.0360
     Episode_Reward/motion_body_lin_vel: 0.0484
     Episode_Reward/motion_body_ang_vel: 0.0444
          Episode_Reward/action_rate_l2: -0.0049
             Episode_Reward/joint_limit: -0.0017
         Episode_Reward/self_collisions: -0.0231
Episode_Reward/action_target_reference_l2: -0.0315
Episode_Reward/action_target_soft_limit_barrier: -0.0042
                   Episode_Reward/alive: 6.1968
 Episode_Reward/non_timeout_termination: -0.7176
Episode_Reward/worst_ee_z_normalized_squared: -0.1192
Episode_Reward/right_wrist_prethreshold_barrier: -0.0180
 Episode_Reward/requested_effort_excess: -0.0000
Episode_Reward/root_world_tracking_error: -0.0158
Episode_Reward/measured_joint_posture_l2: -0.0779
Episode_Reward/measured_feet_world_position_l2: -0.0433
Episode_Reward/original_task_position_l2: -0.0339
Episode_Reward/original_task_orientation_l2: -0.0283
        Metrics/motion/error_anchor_pos: 0.2771
        Metrics/motion/error_anchor_rot: 0.1408
    Metrics/motion/error_anchor_lin_vel: 0.5300
    Metrics/motion/error_anchor_ang_vel: 1.1025
          Metrics/motion/error_body_pos: 0.2867
          Metrics/motion/error_body_rot: 0.2906
         Metrics/motion/error_joint_pos: 0.9118
         Metrics/motion/error_joint_vel: 5.6546
        Metrics/motion/sampling_entropy: 0.0000
      Metrics/motion/sampling_top1_prob: 0.0000
       Metrics/motion/sampling_top1_bin: 0.0000
      Metrics/motion/error_body_lin_vel: 0.5811
      Metrics/motion/error_body_ang_vel: 1.8188
           Episode_Termination/time_out: 0.0000
         Episode_Termination/anchor_pos: 0.0000
         Episode_Termination/anchor_ori: 0.0000
        Episode_Termination/ee_body_pos: 0.0000
Episode_Termination/corpus_clip_time_out: 0.1250
Episode_Termination/invalid_native_model_actuation: 0.0000
Episode_Termination/world_root_tracking_failure: 1.0000
 Episode_Reward/world_potential_shaping: 0.0701
--------------------------------------------------------------------------------
                         Iteration time: 2.21s
                           Time elapsed: 00:03:29
                                    ETA: 00:18:34

################################################################################
[1m                          Learning iteration 579/1000                           [0m 

                               Run name: original_core_920ms_fresh
                            Total steps: 163840 
                       Steps per second: 759 
                        Collection time: 2.537s 
                          Learning time: 0.160s 
                        Mean value loss: 975.3932
                    Mean surrogate loss: -0.0116
                      Mean entropy loss: -20.3225
                            Mean reward: 750.27
                    Mean episode length: 233.67
                        Mean action std: 0.10
--------------------------------------------------------------------------------
                         Iteration time: 2.70s
                           Time elapsed: 00:03:31
                                    ETA: 00:18:32

################################################################################
[1m                          Learning iteration 580/1000                           [0m 

                               Run name: original_core_920ms_fresh
                            Total steps: 165888 
                       Steps per second: 906 
                        Collection time: 2.087s 
                          Learning time: 0.173s 
                        Mean value loss: 635.1589
                    Mean surrogate loss: -0.0112
                      Mean entropy loss: -20.3225
                            Mean reward: 843.91
                    Mean episode length: 256.36
                        Mean action std: 0.10
--------------------------------------------------------------------------------
                         Iteration time: 2.26s
                           Time elapsed: 00:03:34
                                    ETA: 00:18:27

################################################################################
[1m                          Learning iteration 581/1000                           [0m 

                               Run name: original_core_920ms_fresh
                            Total steps: 167936 
                       Steps per second: 927 
                        Collection time: 2.051s 
                          Learning time: 0.157s 
                        Mean value loss: 487.1126
                    Mean surrogate loss: -0.0106
                      Mean entropy loss: -20.3225
                            Mean reward: 850.12
                    Mean episode length: 256.02
                        Mean action std: 0.10
--------------------------------------------------------------------------------
                         Iteration time: 2.21s
                           Time elapsed: 00:03:36
                                    ETA: 00:18:22

################################################################################
[1m                          Learning iteration 582/1000                           [0m 

                               Run name: original_core_920ms_fresh
                            Total steps: 169984 
                       Steps per second: 754 
                        Collection time: 2.518s 
                          Learning time: 0.197s 
                        Mean value loss: 548.6241
                    Mean surrogate loss: -0.0160
                      Mean entropy loss: -20.3225
                            Mean reward: 828.93
                    Mean episode length: 249.52
                        Mean action std: 0.10
--------------------------------------------------------------------------------
                         Iteration time: 2.71s
                           Time elapsed: 00:03:39
                                    ETA: 00:18:20

################################################################################
[1m                          Learning iteration 583/1000                           [0m 

                               Run name: original_core_920ms_fresh
                            Total steps: 172032 
                       Steps per second: 841 
                        Collection time: 2.260s 
                          Learning time: 0.174s 
                        Mean value loss: 638.6057
                    Mean surrogate loss: -0.0050
                      Mean entropy loss: -20.3225
                            Mean reward: 829.50
                    Mean episode length: 249.65
                        Mean action std: 0.10
--------------------------------------------------------------------------------
                         Iteration time: 2.43s
                           Time elapsed: 00:03:41
                                    ETA: 00:18:16

################################################################################
[1m                          Learning iteration 584/1000                           [0m 

                               Run name: original_core_920ms_fresh
                            Total steps: 174080 
                       Steps per second: 933 
                        Collection time: 2.026s 
                          Learning time: 0.169s 
                        Mean value loss: 447.3727
                    Mean surrogate loss: -0.0125
                      Mean entropy loss: -20.3225
                            Mean reward: 846.34
                    Mean episode length: 254.16
                        Mean action std: 0.10
  Episode_Reward/motion_global_root_pos: 0.0123
  Episode_Reward/motion_global_root_ori: 0.0135
         Episode_Reward/motion_body_pos: 0.0245
         Episode_Reward/motion_body_ori: 0.0224
     Episode_Reward/motion_body_lin_vel: 0.0273
     Episode_Reward/motion_body_ang_vel: 0.0243
          Episode_Reward/action_rate_l2: -0.0032
             Episode_Reward/joint_limit: -0.0013
         Episode_Reward/self_collisions: -0.0023
Episode_Reward/action_target_reference_l2: -0.0191
Episode_Reward/action_target_soft_limit_barrier: -0.0034
                   Episode_Reward/alive: 3.6874
 Episode_Reward/non_timeout_termination: -0.7655
Episode_Reward/worst_ee_z_normalized_squared: -0.0570
Episode_Reward/right_wrist_prethreshold_barrier: -0.0008
 Episode_Reward/requested_effort_excess: -0.0000
Episode_Reward/root_world_tracking_error: -0.0141
Episode_Reward/measured_joint_posture_l2: -0.0468
Episode_Reward/measured_feet_world_position_l2: -0.0270
Episode_Reward/original_task_position_l2: -0.0231
Episode_Reward/original_task_orientation_l2: -0.0191
        Metrics/motion/error_anchor_pos: 0.2904
        Metrics/motion/error_anchor_rot: 0.1951
    Metrics/motion/error_anchor_lin_vel: 0.3741
    Metrics/motion/error_anchor_ang_vel: 1.0125
          Metrics/motion/error_body_pos: 0.2928
          Metrics/motion/error_body_rot: 0.3226
         Metrics/motion/error_joint_pos: 1.1043
         Metrics/motion/error_joint_vel: 5.2603
        Metrics/motion/sampling_entropy: 0.0000
      Metrics/motion/sampling_top1_prob: 0.0000
       Metrics/motion/sampling_top1_bin: 0.0000
      Metrics/motion/error_body_lin_vel: 0.4496
      Metrics/motion/error_body_ang_vel: 1.5434
           Episode_Termination/time_out: 0.0000
         Episode_Termination/anchor_pos: 0.0000
         Episode_Termination/anchor_ori: 0.0000
        Episode_Termination/ee_body_pos: 0.0000
Episode_Termination/corpus_clip_time_out: 0.0000
Episode_Termination/invalid_native_model_actuation: 0.0000
Episode_Termination/world_root_tracking_failure: 1.2000
 Episode_Reward/world_potential_shaping: 0.0533
--------------------------------------------------------------------------------
                         Iteration time: 2.19s
                           Time elapsed: 00:03:43
                                    ETA: 00:18:12

################################################################################
[1m                          Learning iteration 585/1000                           [0m 

                               Run name: original_core_920ms_fresh
                            Total steps: 176128 
                       Steps per second: 930 
                        Collection time: 2.045s 
                          Learning time: 0.156s 
                        Mean value loss: 389.8979
                    Mean surrogate loss: -0.0129
                      Mean entropy loss: -20.3225
                            Mean reward: 902.17
                    Mean episode length: 268.22
                        Mean action std: 0.10
  Episode_Reward/motion_global_root_pos: 0.0246
  Episode_Reward/motion_global_root_ori: 0.0246
         Episode_Reward/motion_body_pos: 0.0482
         Episode_Reward/motion_body_ori: 0.0394
     Episode_Reward/motion_body_lin_vel: 0.0503
     Episode_Reward/motion_body_ang_vel: 0.0463
          Episode_Reward/action_rate_l2: -0.0050
             Episode_Reward/joint_limit: -0.0009
         Episode_Reward/self_collisions: -0.0047
Episode_Reward/action_target_reference_l2: -0.0278
Episode_Reward/action_target_soft_limit_barrier: -0.0038
                   Episode_Reward/alive: 6.3828
 Episode_Reward/non_timeout_termination: -0.6124
Episode_Reward/worst_ee_z_normalized_squared: -0.0799
Episode_Reward/right_wrist_prethreshold_barrier: -0.0013
 Episode_Reward/requested_effort_excess: 0.0000
Episode_Reward/root_world_tracking_error: -0.0131
Episode_Reward/measured_joint_posture_l2: -0.0708
Episode_Reward/measured_feet_world_position_l2: -0.0454
Episode_Reward/original_task_position_l2: -0.0307
Episode_Reward/original_task_orientation_l2: -0.0246
        Metrics/motion/error_anchor_pos: 0.2501
        Metrics/motion/error_anchor_rot: 0.1421
    Metrics/motion/error_anchor_lin_vel: 0.4306
    Metrics/motion/error_anchor_ang_vel: 0.6958
          Metrics/motion/error_body_pos: 0.2550
          Metrics/motion/error_body_rot: 0.2347
         Metrics/motion/error_joint_pos: 0.9365
         Metrics/motion/error_joint_vel: 3.8295
        Metrics/motion/sampling_entropy: 0.0000
      Metrics/motion/sampling_top1_prob: 0.0000
       Metrics/motion/sampling_top1_bin: 0.0000
      Metrics/motion/error_body_lin_vel: 0.4238
      Metrics/motion/error_body_ang_vel: 1.2099
           Episode_Termination/time_out: 0.0000
         Episode_Termination/anchor_pos: 0.0000
         Episode_Termination/anchor_ori: 0.0000
        Episode_Termination/ee_body_pos: 0.0000
Episode_Termination/corpus_clip_time_out: 0.2000
Episode_Termination/invalid_native_model_actuation: 0.0000
Episode_Termination/world_root_tracking_failure: 0.8000
 Episode_Reward/world_potential_shaping: 0.0673
--------------------------------------------------------------------------------
                         Iteration time: 2.20s
                           Time elapsed: 00:03:45
                                    ETA: 00:18:07

################################################################################
[1m                          Learning iteration 586/1000                           [0m 

                               Run name: original_core_920ms_fresh
                            Total steps: 178176 
                       Steps per second: 396 
                        Collection time: 4.995s 
                          Learning time: 0.167s 
                        Mean value loss: 572.3256
                    Mean surrogate loss: -0.0061
                      Mean entropy loss: -20.3225
                            Mean reward: 896.88
                    Mean episode length: 265.47
                        Mean action std: 0.10
  Episode_Reward/motion_global_root_pos: 0.0103
  Episode_Reward/motion_global_root_ori: 0.0113
         Episode_Reward/motion_body_pos: 0.0206
         Episode_Reward/motion_body_ori: 0.0189
     Episode_Reward/motion_body_lin_vel: 0.0230
     Episode_Reward/motion_body_ang_vel: 0.0222
          Episode_Reward/action_rate_l2: -0.0022
             Episode_Reward/joint_limit: -0.0000
         Episode_Reward/self_collisions: -0.0150
Episode_Reward/action_target_reference_l2: -0.0115
Episode_Reward/action_target_soft_limit_barrier: -0.0017
                   Episode_Reward/alive: 2.9321
 Episode_Reward/non_timeout_termination: -0.6804
Episode_Reward/worst_ee_z_normalized_squared: -0.0385
Episode_Reward/right_wrist_prethreshold_barrier: -0.0020
 Episode_Reward/requested_effort_excess: -0.0000
Episode_Reward/root_world_tracking_error: -0.0088
Episode_Reward/measured_joint_posture_l2: -0.0290
Episode_Reward/measured_feet_world_position_l2: -0.0213
Episode_Reward/original_task_position_l2: -0.0159
Episode_Reward/original_task_orientation_l2: -0.0107
        Metrics/motion/error_anchor_pos: 0.2453
        Metrics/motion/error_anchor_rot: 0.2212
    Metrics/motion/error_anchor_lin_vel: 0.5486
    Metrics/motion/error_anchor_ang_vel: 0.7381
          Metrics/motion/error_body_pos: 0.2560
          Metrics/motion/error_body_rot: 0.3360
         Metrics/motion/error_joint_pos: 1.0491
         Metrics/motion/error_joint_vel: 4.3786
        Metrics/motion/sampling_entropy: 0.0000
      Metrics/motion/sampling_top1_prob: 0.0000
       Metrics/motion/sampling_top1_bin: 0.0000
      Metrics/motion/error_body_lin_vel: 0.5772
      Metrics/motion/error_body_ang_vel: 1.3606
           Episode_Termination/time_out: 0.0000
         Episode_Termination/anchor_pos: 0.0000
         Episode_Termination/anchor_ori: 0.0000
        Episode_Termination/ee_body_pos: 0.1111
Episode_Termination/corpus_clip_time_out: 0.1111
Episode_Termination/invalid_native_model_actuation: 0.0000
Episode_Termination/world_root_tracking_failure: 0.7778
 Episode_Reward/world_potential_shaping: 0.0399
--------------------------------------------------------------------------------
                         Iteration time: 5.16s
                           Time elapsed: 00:03:51
                                    ETA: 00:18:16

################################################################################
[1m                          Learning iteration 587/1000                           [0m 

                               Run name: original_core_920ms_fresh
                            Total steps: 180224 
                       Steps per second: 903 
                        Collection time: 2.098s 
                          Learning time: 0.169s 
                        Mean value loss: 475.4282
                    Mean surrogate loss: -0.0025
                      Mean entropy loss: -20.3225
                            Mean reward: 881.85
                    Mean episode length: 260.85
                        Mean action std: 0.10
--------------------------------------------------------------------------------
                         Iteration time: 2.27s
                           Time elapsed: 00:03:53
                                    ETA: 00:18:12

################################################################################
[1m                          Learning iteration 588/1000                           [0m 

                               Run name: original_core_920ms_fresh
                            Total steps: 182272 
                       Steps per second: 844 
                        Collection time: 2.271s 
                          Learning time: 0.155s 
                        Mean value loss: 505.1209
                    Mean surrogate loss: -0.0110
                      Mean entropy loss: -20.3225
                            Mean reward: 834.15
                    Mean episode length: 251.50
                        Mean action std: 0.10
--------------------------------------------------------------------------------
                         Iteration time: 2.43s
                           Time elapsed: 00:03:55
                                    ETA: 00:18:08

################################################################################
[1m                          Learning iteration 589/1000                           [0m 

                               Run name: original_core_920ms_fresh
                            Total steps: 184320 
                       Steps per second: 882 
                        Collection time: 2.165s 
                          Learning time: 0.157s 
                        Mean value loss: 754.7981
                    Mean surrogate loss: -0.0129
                      Mean entropy loss: -20.3225
                            Mean reward: 819.13
                    Mean episode length: 246.46
                        Mean action std: 0.10
--------------------------------------------------------------------------------
                         Iteration time: 2.32s
                           Time elapsed: 00:03:58
                                    ETA: 00:18:04

################################################################################
[1m                          Learning iteration 590/1000                           [0m 

                               Run name: original_core_920ms_fresh
                            Total steps: 186368 
                       Steps per second: 845 
                        Collection time: 2.246s 
                          Learning time: 0.176s 
                        Mean value loss: 807.8928
                    Mean surrogate loss: -0.0113
                      Mean entropy loss: -20.3225
                            Mean reward: 855.27
                    Mean episode length: 259.65
                        Mean action std: 0.10
--------------------------------------------------------------------------------
                         Iteration time: 2.42s
                           Time elapsed: 00:04:00
                                    ETA: 00:18:00

################################################################################
[1m                          Learning iteration 591/1000                           [0m 

                               Run name: original_core_920ms_fresh
                            Total steps: 188416 
                       Steps per second: 909 
                        Collection time: 2.097s 
                          Learning time: 0.156s 
                        Mean value loss: 466.6500
                    Mean surrogate loss: -0.0146
                      Mean entropy loss: -20.3225
                            Mean reward: 887.45
                    Mean episode length: 267.44
                        Mean action std: 0.10
  Episode_Reward/motion_global_root_pos: 0.0122
  Episode_Reward/motion_global_root_ori: 0.0133
         Episode_Reward/motion_body_pos: 0.0243
         Episode_Reward/motion_body_ori: 0.0219
     Episode_Reward/motion_body_lin_vel: 0.0278
     Episode_Reward/motion_body_ang_vel: 0.0266
          Episode_Reward/action_rate_l2: -0.0024
             Episode_Reward/joint_limit: -0.0000
         Episode_Reward/self_collisions: -0.0190
Episode_Reward/action_target_reference_l2: -0.0133
Episode_Reward/action_target_soft_limit_barrier: -0.0027
                   Episode_Reward/alive: 3.4368
 Episode_Reward/non_timeout_termination: -0.7655
Episode_Reward/worst_ee_z_normalized_squared: -0.0454
Episode_Reward/right_wrist_prethreshold_barrier: -0.0041
 Episode_Reward/requested_effort_excess: -0.0000
Episode_Reward/root_world_tracking_error: -0.0086
Episode_Reward/measured_joint_posture_l2: -0.0295
Episode_Reward/measured_feet_world_position_l2: -0.0235
Episode_Reward/original_task_position_l2: -0.0190
Episode_Reward/original_task_orientation_l2: -0.0123
        Metrics/motion/error_anchor_pos: 0.2831
        Metrics/motion/error_anchor_rot: 0.1221
    Metrics/motion/error_anchor_lin_vel: 0.5467
    Metrics/motion/error_anchor_ang_vel: 1.1036
          Metrics/motion/error_body_pos: 0.2943
          Metrics/motion/error_body_rot: 0.2628
         Metrics/motion/error_joint_pos: 0.9451
         Metrics/motion/error_joint_vel: 5.5118
        Metrics/motion/sampling_entropy: 0.0000
      Metrics/motion/sampling_top1_prob: 0.0000
       Metrics/motion/sampling_top1_bin: 0.0000
      Metrics/motion/error_body_lin_vel: 0.5318
      Metrics/motion/error_body_ang_vel: 1.5651
           Episode_Termination/time_out: 0.0000
         Episode_Termination/anchor_pos: 0.0000
         Episode_Termination/anchor_ori: 0.0000
        Episode_Termination/ee_body_pos: 0.0000
Episode_Termination/corpus_clip_time_out: 0.0000
Episode_Termination/invalid_native_model_actuation: 0.0000
Episode_Termination/world_root_tracking_failure: 1.6000
 Episode_Reward/world_potential_shaping: 0.0444
--------------------------------------------------------------------------------
                         Iteration time: 2.25s
                           Time elapsed: 00:04:02
                                    ETA: 00:17:56

################################################################################
[1m                          Learning iteration 592/1000                           [0m 

                               Run name: original_core_920ms_fresh
                            Total steps: 190464 
                       Steps per second: 929 
                        Collection time: 2.037s 
                          Learning time: 0.166s 
                        Mean value loss: 478.1374
                    Mean surrogate loss: -0.0127
                      Mean entropy loss: -20.3225
                            Mean reward: 832.37
                    Mean episode length: 253.20
                        Mean action std: 0.10
--------------------------------------------------------------------------------
                         Iteration time: 2.20s
                           Time elapsed: 00:04:04
                                    ETA: 00:17:51

################################################################################
[1m                          Learning iteration 593/1000                           [0m 

                               Run name: original_core_920ms_fresh
                            Total steps: 192512 
                       Steps per second: 930 
                        Collection time: 2.035s 
                          Learning time: 0.166s 
                        Mean value loss: 859.1308
                    Mean surrogate loss: -0.0136
                      Mean entropy loss: -20.3225
                            Mean reward: 752.01
                    Mean episode length: 233.25
                        Mean action std: 0.10
--------------------------------------------------------------------------------
                         Iteration time: 2.20s
                           Time elapsed: 00:04:07
                                    ETA: 00:17:47

################################################################################
[1m                          Learning iteration 594/1000                           [0m 

                               Run name: original_core_920ms_fresh
                            Total steps: 194560 
                       Steps per second: 796 
                        Collection time: 2.363s 
                          Learning time: 0.208s 
                        Mean value loss: 934.5839
                    Mean surrogate loss: -0.0088
                      Mean entropy loss: -20.3225
                            Mean reward: 789.84
                    Mean episode length: 243.92
                        Mean action std: 0.10
--------------------------------------------------------------------------------
                         Iteration time: 2.57s
                           Time elapsed: 00:04:09
                                    ETA: 00:17:44

################################################################################
[1m                          Learning iteration 595/1000                           [0m 

                               Run name: original_core_920ms_fresh
                            Total steps: 196608 
                       Steps per second: 825 
                        Collection time: 2.310s 
                          Learning time: 0.172s 
                        Mean value loss: 606.6430
                    Mean surrogate loss: -0.0083
                      Mean entropy loss: -20.3225
                            Mean reward: 801.01
                    Mean episode length: 248.51
                        Mean action std: 0.10
--------------------------------------------------------------------------------
                         Iteration time: 2.48s
                           Time elapsed: 00:04:12
                                    ETA: 00:17:41

################################################################################
[1m                          Learning iteration 596/1000                           [0m 

                               Run name: original_core_920ms_fresh
                            Total steps: 198656 
                       Steps per second: 943 
                        Collection time: 2.006s 
                          Learning time: 0.164s 
                        Mean value loss: 588.0527
                    Mean surrogate loss: -0.0141
                      Mean entropy loss: -20.3225
                            Mean reward: 808.50
                    Mean episode length: 249.85
                        Mean action std: 0.10
--------------------------------------------------------------------------------
                         Iteration time: 2.17s
                           Time elapsed: 00:04:14
                                    ETA: 00:17:36

################################################################################
[1m                          Learning iteration 597/1000                           [0m 

                               Run name: original_core_920ms_fresh
                            Total steps: 200704 
                       Steps per second: 904 
                        Collection time: 2.102s 
                          Learning time: 0.161s 
                        Mean value loss: 712.3366
                    Mean surrogate loss: -0.0096
                      Mean entropy loss: -20.3225
                            Mean reward: 807.80
                    Mean episode length: 248.67
                        Mean action std: 0.10
--------------------------------------------------------------------------------
                         Iteration time: 2.26s
                           Time elapsed: 00:04:16
                                    ETA: 00:17:32

################################################################################
[1m                          Learning iteration 598/1000                           [0m 

                               Run name: original_core_920ms_fresh
                            Total steps: 202752 
                       Steps per second: 891 
                        Collection time: 2.139s 
                          Learning time: 0.159s 
                        Mean value loss: 554.3423
                    Mean surrogate loss: -0.0141
                      Mean entropy loss: -20.3225
                            Mean reward: 768.87
                    Mean episode length: 239.94
                        Mean action std: 0.10
--------------------------------------------------------------------------------
                         Iteration time: 2.30s
                           Time elapsed: 00:04:18
                                    ETA: 00:17:28

################################################################################
[1m                          Learning iteration 599/1000                           [0m 

                               Run name: original_core_920ms_fresh
                            Total steps: 204800 
                       Steps per second: 357 
                        Collection time: 2.498s 
                          Learning time: 3.235s 
                        Mean value loss: 665.3677
                    Mean surrogate loss: -0.0123
                      Mean entropy loss: -20.3225
                            Mean reward: 810.83
                    Mean episode length: 251.74
                        Mean action std: 0.10
--------------------------------------------------------------------------------
                         Iteration time: 5.73s
                           Time elapsed: 00:04:24
                                    ETA: 00:17:38

################################################################################
[1m                          Learning iteration 600/1000                           [0m 

                               Run name: original_core_920ms_fresh
                            Total steps: 206848 
                       Steps per second: 784 
                        Collection time: 2.426s 
                          Learning time: 0.186s 
                        Mean value loss: 417.7118
                    Mean surrogate loss: -0.0162
                      Mean entropy loss: -20.3225
                            Mean reward: 816.31
                    Mean episode length: 252.44
                        Mean action std: 0.10
  Episode_Reward/motion_global_root_pos: 0.0213
  Episode_Reward/motion_global_root_ori: 0.0202
         Episode_Reward/motion_body_pos: 0.0420
         Episode_Reward/motion_body_ori: 0.0345
     Episode_Reward/motion_body_lin_vel: 0.0427
     Episode_Reward/motion_body_ang_vel: 0.0407
          Episode_Reward/action_rate_l2: -0.0040
             Episode_Reward/joint_limit: -0.0001
         Episode_Reward/self_collisions: -0.0091
Episode_Reward/action_target_reference_l2: -0.0205
Episode_Reward/action_target_soft_limit_barrier: -0.0027
                   Episode_Reward/alive: 5.4014
 Episode_Reward/non_timeout_termination: -0.5741
Episode_Reward/worst_ee_z_normalized_squared: -0.0636
Episode_Reward/right_wrist_prethreshold_barrier: -0.0014
 Episode_Reward/requested_effort_excess: -0.0000
Episode_Reward/root_world_tracking_error: -0.0108
Episode_Reward/measured_joint_posture_l2: -0.0553
Episode_Reward/measured_feet_world_position_l2: -0.0349
Episode_Reward/original_task_position_l2: -0.0209
Episode_Reward/original_task_orientation_l2: -0.0194
        Metrics/motion/error_anchor_pos: 0.2350
        Metrics/motion/error_anchor_rot: 0.1355
    Metrics/motion/error_anchor_lin_vel: 0.6207
    Metrics/motion/error_anchor_ang_vel: 0.7478
          Metrics/motion/error_body_pos: 0.2368
          Metrics/motion/error_body_rot: 0.2564
         Metrics/motion/error_joint_pos: 0.8683
         Metrics/motion/error_joint_vel: 4.6001
        Metrics/motion/sampling_entropy: 0.0000
      Metrics/motion/sampling_top1_prob: 0.0000
       Metrics/motion/sampling_top1_bin: 0.0000
      Metrics/motion/error_body_lin_vel: 0.6307
      Metrics/motion/error_body_ang_vel: 1.3098
           Episode_Termination/time_out: 0.0000
         Episode_Termination/anchor_pos: 0.0000
         Episode_Termination/anchor_ori: 0.0000
        Episode_Termination/ee_body_pos: 0.0000
Episode_Termination/corpus_clip_time_out: 0.2500
Episode_Termination/invalid_native_model_actuation: 0.0000
Episode_Termination/world_root_tracking_failure: 0.7500
 Episode_Reward/world_potential_shaping: 0.0502
--------------------------------------------------------------------------------
                         Iteration time: 2.61s
                           Time elapsed: 00:04:27
                                    ETA: 00:17:35

################################################################################
[1m                          Learning iteration 601/1000                           [0m 

                               Run name: original_core_920ms_fresh
                            Total steps: 208896 
                       Steps per second: 819 
                        Collection time: 2.327s 
                          Learning time: 0.172s 
                        Mean value loss: 487.3177
                    Mean surrogate loss: -0.0125
                      Mean entropy loss: -20.3225
                            Mean reward: 790.24
                    Mean episode length: 244.37
                        Mean action std: 0.10
  Episode_Reward/motion_global_root_pos: 0.0119
  Episode_Reward/motion_global_root_ori: 0.0121
         Episode_Reward/motion_body_pos: 0.0234
         Episode_Reward/motion_body_ori: 0.0202
     Episode_Reward/motion_body_lin_vel: 0.0255
     Episode_Reward/motion_body_ang_vel: 0.0244
          Episode_Reward/action_rate_l2: -0.0024
             Episode_Reward/joint_limit: -0.0000
         Episode_Reward/self_collisions: -0.0192
Episode_Reward/action_target_reference_l2: -0.0123
Episode_Reward/action_target_soft_limit_barrier: -0.0026
                   Episode_Reward/alive: 3.2252
 Episode_Reward/non_timeout_termination: -0.6561
Episode_Reward/worst_ee_z_normalized_squared: -0.0286
Episode_Reward/right_wrist_prethreshold_barrier: -0.0001
 Episode_Reward/requested_effort_excess: 0.0000
Episode_Reward/root_world_tracking_error: -0.0082
Episode_Reward/measured_joint_posture_l2: -0.0261
Episode_Reward/measured_feet_world_position_l2: -0.0218
Episode_Reward/original_task_position_l2: -0.0166
Episode_Reward/original_task_orientation_l2: -0.0113
        Metrics/motion/error_anchor_pos: 0.2579
        Metrics/motion/error_anchor_rot: 0.1445
    Metrics/motion/error_anchor_lin_vel: 0.4964
    Metrics/motion/error_anchor_ang_vel: 0.6696
          Metrics/motion/error_body_pos: 0.2672
          Metrics/motion/error_body_rot: 0.2829
         Metrics/motion/error_joint_pos: 1.0388
         Metrics/motion/error_joint_vel: 4.3501
        Metrics/motion/sampling_entropy: 0.0000
      Metrics/motion/sampling_top1_prob: 0.0000
       Metrics/motion/sampling_top1_bin: 0.0000
      Metrics/motion/error_body_lin_vel: 0.4977
      Metrics/motion/error_body_ang_vel: 1.3170
           Episode_Termination/time_out: 0.0000
         Episode_Termination/anchor_pos: 0.0000
         Episode_Termination/anchor_ori: 0.0000
        Episode_Termination/ee_body_pos: 0.0000
Episode_Termination/corpus_clip_time_out: 0.1429
Episode_Termination/invalid_native_model_actuation: 0.0000
Episode_Termination/world_root_tracking_failure: 1.0000
 Episode_Reward/world_potential_shaping: 0.0392
--------------------------------------------------------------------------------
                         Iteration time: 2.50s
                           Time elapsed: 00:04:29
                                    ETA: 00:17:32

################################################################################
[1m                          Learning iteration 602/1000                           [0m 

                               Run name: original_core_920ms_fresh
                            Total steps: 210944 
                       Steps per second: 859 
                        Collection time: 2.221s 
                          Learning time: 0.160s 
                        Mean value loss: 488.4206
                    Mean surrogate loss: -0.0117
                      Mean entropy loss: -20.3225
                            Mean reward: 814.61
                    Mean episode length: 249.37
                        Mean action std: 0.10
--------------------------------------------------------------------------------
                         Iteration time: 2.38s
                           Time elapsed: 00:04:32
                                    ETA: 00:17:28

################################################################################
[1m                          Learning iteration 603/1000                           [0m 

                               Run name: original_core_920ms_fresh
                            Total steps: 212992 
                       Steps per second: 913 
                        Collection time: 2.078s 
                          Learning time: 0.165s 
                        Mean value loss: 856.1920
                    Mean surrogate loss: -0.0101
                      Mean entropy loss: -20.3225
                            Mean reward: 813.98
                    Mean episode length: 251.08
                        Mean action std: 0.10
--------------------------------------------------------------------------------
                         Iteration time: 2.24s
                           Time elapsed: 00:04:34
                                    ETA: 00:17:24

################################################################################
[1m                          Learning iteration 604/1000                           [0m 

                               Run name: original_core_920ms_fresh
                            Total steps: 215040 
                       Steps per second: 778 
                        Collection time: 2.473s 
                          Learning time: 0.159s 
                        Mean value loss: 846.7717
                    Mean surrogate loss: -0.0080
                      Mean entropy loss: -20.3225
                            Mean reward: 742.85
                    Mean episode length: 228.57
                        Mean action std: 0.10
  Episode_Reward/motion_global_root_pos: 0.0114
  Episode_Reward/motion_global_root_ori: 0.0122
         Episode_Reward/motion_body_pos: 0.0227
         Episode_Reward/motion_body_ori: 0.0194
     Episode_Reward/motion_body_lin_vel: 0.0241
     Episode_Reward/motion_body_ang_vel: 0.0221
          Episode_Reward/action_rate_l2: -0.0028
             Episode_Reward/joint_limit: -0.0002
         Episode_Reward/self_collisions: -0.0001
Episode_Reward/action_target_reference_l2: -0.0179
Episode_Reward/action_target_soft_limit_barrier: -0.0021
                   Episode_Reward/alive: 3.2028
 Episode_Reward/non_timeout_termination: -0.7655
Episode_Reward/worst_ee_z_normalized_squared: -0.0625
Episode_Reward/right_wrist_prethreshold_barrier: -0.0088
 Episode_Reward/requested_effort_excess: -0.0000
Episode_Reward/root_world_tracking_error: -0.0106
Episode_Reward/measured_joint_posture_l2: -0.0404
Episode_Reward/measured_feet_world_position_l2: -0.0217
Episode_Reward/original_task_position_l2: -0.0191
Episode_Reward/original_task_orientation_l2: -0.0158
        Metrics/motion/error_anchor_pos: 0.2487
        Metrics/motion/error_anchor_rot: 0.2169
    Metrics/motion/error_anchor_lin_vel: 0.4837
    Metrics/motion/error_anchor_ang_vel: 1.0967
          Metrics/motion/error_body_pos: 0.2552
          Metrics/motion/error_body_rot: 0.3376
         Metrics/motion/error_joint_pos: 1.0443
         Metrics/motion/error_joint_vel: 5.9803
        Metrics/motion/sampling_entropy: 0.0000
      Metrics/motion/sampling_top1_prob: 0.0000
       Metrics/motion/sampling_top1_bin: 0.0000
      Metrics/motion/error_body_lin_vel: 0.5702
      Metrics/motion/error_body_ang_vel: 1.7507
           Episode_Termination/time_out: 0.0000
         Episode_Termination/anchor_pos: 0.0000
         Episode_Termination/anchor_ori: 0.0000
        Episode_Termination/ee_body_pos: 0.2222
Episode_Termination/corpus_clip_time_out: 0.0000
Episode_Termination/invalid_native_model_actuation: 0.0000
Episode_Termination/world_root_tracking_failure: 0.8889
 Episode_Reward/world_potential_shaping: 0.0434
--------------------------------------------------------------------------------
                         Iteration time: 2.63s
                           Time elapsed: 00:04:37
                                    ETA: 00:17:22

################################################################################
[1m                          Learning iteration 605/1000                           [0m 

                               Run name: original_core_920ms_fresh
                            Total steps: 217088 
                       Steps per second: 699 
                        Collection time: 2.767s 
                          Learning time: 0.162s 
                        Mean value loss: 411.2126
                    Mean surrogate loss: -0.0158
                      Mean entropy loss: -20.3225
                            Mean reward: 749.72
                    Mean episode length: 229.16
                        Mean action std: 0.10
--------------------------------------------------------------------------------
                         Iteration time: 2.93s
                           Time elapsed: 00:04:39
                                    ETA: 00:17:20

################################################################################
[1m                          Learning iteration 606/1000                           [0m 

                               Run name: original_core_920ms_fresh
                            Total steps: 219136 
                       Steps per second: 871 
                        Collection time: 2.185s 
                          Learning time: 0.166s 
                        Mean value loss: 429.9703
                    Mean surrogate loss: -0.0138
                      Mean entropy loss: -20.3225
                            Mean reward: 745.27
                    Mean episode length: 227.99
                        Mean action std: 0.10
  Episode_Reward/motion_global_root_pos: 0.0026
  Episode_Reward/motion_global_root_ori: 0.0025
         Episode_Reward/motion_body_pos: 0.0051
         Episode_Reward/motion_body_ori: 0.0044
     Episode_Reward/motion_body_lin_vel: 0.0048
     Episode_Reward/motion_body_ang_vel: 0.0045
          Episode_Reward/action_rate_l2: -0.0007
             Episode_Reward/joint_limit: -0.0002
         Episode_Reward/self_collisions: -0.0017
Episode_Reward/action_target_reference_l2: -0.0043
Episode_Reward/action_target_soft_limit_barrier: -0.0011
                   Episode_Reward/alive: 0.6972
 Episode_Reward/non_timeout_termination: -0.7655
Episode_Reward/worst_ee_z_normalized_squared: -0.0105
Episode_Reward/right_wrist_prethreshold_barrier: -0.0026
 Episode_Reward/requested_effort_excess: -0.0000
Episode_Reward/root_world_tracking_error: -0.0031
Episode_Reward/measured_joint_posture_l2: -0.0117
Episode_Reward/measured_feet_world_position_l2: -0.0044
Episode_Reward/original_task_position_l2: -0.0037
Episode_Reward/original_task_orientation_l2: -0.0030
        Metrics/motion/error_anchor_pos: 0.1704
        Metrics/motion/error_anchor_rot: 0.2038
    Metrics/motion/error_anchor_lin_vel: 0.2823
    Metrics/motion/error_anchor_ang_vel: 1.2317
          Metrics/motion/error_body_pos: 0.8530
          Metrics/motion/error_body_rot: 0.8105
         Metrics/motion/error_joint_pos: 0.7945
         Metrics/motion/error_joint_vel: 5.3935
        Metrics/motion/sampling_entropy: 0.0000
      Metrics/motion/sampling_top1_prob: 0.0000
       Metrics/motion/sampling_top1_bin: 0.0000
      Metrics/motion/error_body_lin_vel: 0.3293
      Metrics/motion/error_body_ang_vel: 1.7714
           Episode_Termination/time_out: 0.0000
         Episode_Termination/anchor_pos: 0.0000
         Episode_Termination/anchor_ori: 0.0000
        Episode_Termination/ee_body_pos: 0.5000
Episode_Termination/corpus_clip_time_out: 0.0000
Episode_Termination/invalid_native_model_actuation: 0.0000
Episode_Termination/world_root_tracking_failure: 0.5000
 Episode_Reward/world_potential_shaping: 0.0193
--------------------------------------------------------------------------------
                         Iteration time: 2.35s
                           Time elapsed: 00:04:42
                                    ETA: 00:17:16

################################################################################
[1m                          Learning iteration 607/1000                           [0m 

                               Run name: original_core_920ms_fresh
                            Total steps: 221184 
                       Steps per second: 861 
                        Collection time: 2.210s 
                          Learning time: 0.166s 
                        Mean value loss: 518.1742
                    Mean surrogate loss: -0.0073
                      Mean entropy loss: -20.3225
                            Mean reward: 741.32
                    Mean episode length: 225.03
                        Mean action std: 0.10
--------------------------------------------------------------------------------
                         Iteration time: 2.38s
                           Time elapsed: 00:04:44
                                    ETA: 00:17:13

################################################################################
[1m                          Learning iteration 608/1000                           [0m 

                               Run name: original_core_920ms_fresh
                            Total steps: 223232 
                       Steps per second: 929 
                        Collection time: 2.048s 
                          Learning time: 0.155s 
                        Mean value loss: 925.3693
                    Mean surrogate loss: -0.0085
                      Mean entropy loss: -20.3225
                            Mean reward: 729.48
                    Mean episode length: 220.02
                        Mean action std: 0.10
  Episode_Reward/motion_global_root_pos: 0.0205
  Episode_Reward/motion_global_root_ori: 0.0203
         Episode_Reward/motion_body_pos: 0.0407
         Episode_Reward/motion_body_ori: 0.0352
     Episode_Reward/motion_body_lin_vel: 0.0436
     Episode_Reward/motion_body_ang_vel: 0.0426
          Episode_Reward/action_rate_l2: -0.0033
             Episode_Reward/joint_limit: -0.0000
         Episode_Reward/self_collisions: -0.0476
Episode_Reward/action_target_reference_l2: -0.0157
Episode_Reward/action_target_soft_limit_barrier: -0.0019
                   Episode_Reward/alive: 5.1984
 Episode_Reward/non_timeout_termination: -0.7655
Episode_Reward/worst_ee_z_normalized_squared: -0.0665
Episode_Reward/right_wrist_prethreshold_barrier: -0.0066
 Episode_Reward/requested_effort_excess: 0.0000
Episode_Reward/root_world_tracking_error: -0.0063
Episode_Reward/measured_joint_posture_l2: -0.0331
Episode_Reward/measured_feet_world_position_l2: -0.0348
Episode_Reward/original_task_position_l2: -0.0219
Episode_Reward/original_task_orientation_l2: -0.0160
        Metrics/motion/error_anchor_pos: 0.2228
        Metrics/motion/error_anchor_rot: 0.1440
    Metrics/motion/error_anchor_lin_vel: 0.4112
    Metrics/motion/error_anchor_ang_vel: 0.6345
          Metrics/motion/error_body_pos: 0.2255
          Metrics/motion/error_body_rot: 0.3675
         Metrics/motion/error_joint_pos: 1.3383
         Metrics/motion/error_joint_vel: 5.3606
        Metrics/motion/sampling_entropy: 0.0000
      Metrics/motion/sampling_top1_prob: 0.0000
       Metrics/motion/sampling_top1_bin: 0.0000
      Metrics/motion/error_body_lin_vel: 0.4458
      Metrics/motion/error_body_ang_vel: 1.3709
           Episode_Termination/time_out: 0.0000
         Episode_Termination/anchor_pos: 0.0000
         Episode_Termination/anchor_ori: 0.0000
        Episode_Termination/ee_body_pos: 0.3333
Episode_Termination/corpus_clip_time_out: 0.0000
Episode_Termination/invalid_native_model_actuation: 0.0000
Episode_Termination/world_root_tracking_failure: 1.0000
 Episode_Reward/world_potential_shaping: 0.0527
--------------------------------------------------------------------------------
                         Iteration time: 2.20s
                           Time elapsed: 00:04:46
                                    ETA: 00:17:09

################################################################################
[1m                          Learning iteration 609/1000                           [0m 

                               Run name: original_core_920ms_fresh
                            Total steps: 225280 
                       Steps per second: 897 
                        Collection time: 2.127s 
                          Learning time: 0.156s 
                        Mean value loss: 448.5461
                    Mean surrogate loss: -0.0111
                      Mean entropy loss: -20.3225
                            Mean reward: 713.68
                    Mean episode length: 215.27
                        Mean action std: 0.10
  Episode_Reward/motion_global_root_pos: 0.0102
  Episode_Reward/motion_global_root_ori: 0.0112
         Episode_Reward/motion_body_pos: 0.0200
         Episode_Reward/motion_body_ori: 0.0187
     Episode_Reward/motion_body_lin_vel: 0.0213
     Episode_Reward/motion_body_ang_vel: 0.0205
          Episode_Reward/action_rate_l2: -0.0024
             Episode_Reward/joint_limit: -0.0001
         Episode_Reward/self_collisions: -0.0030
Episode_Reward/action_target_reference_l2: -0.0135
Episode_Reward/action_target_soft_limit_barrier: -0.0041
                   Episode_Reward/alive: 2.8949
 Episode_Reward/non_timeout_termination: -0.7655
Episode_Reward/worst_ee_z_normalized_squared: -0.0199
Episode_Reward/right_wrist_prethreshold_barrier: 0.0000
 Episode_Reward/requested_effort_excess: -0.0000
Episode_Reward/root_world_tracking_error: -0.0103
Episode_Reward/measured_joint_posture_l2: -0.0338
Episode_Reward/measured_feet_world_position_l2: -0.0212
Episode_Reward/original_task_position_l2: -0.0159
Episode_Reward/original_task_orientation_l2: -0.0134
        Metrics/motion/error_anchor_pos: 0.2802
        Metrics/motion/error_anchor_rot: 0.1741
    Metrics/motion/error_anchor_lin_vel: 0.6121
    Metrics/motion/error_anchor_ang_vel: 0.7907
          Metrics/motion/error_body_pos: 0.2915
          Metrics/motion/error_body_rot: 0.2779
         Metrics/motion/error_joint_pos: 1.0068
         Metrics/motion/error_joint_vel: 5.8597
        Metrics/motion/sampling_entropy: 0.0000
      Metrics/motion/sampling_top1_prob: 0.0000
       Metrics/motion/sampling_top1_bin: 0.0000
      Metrics/motion/error_body_lin_vel: 0.6474
      Metrics/motion/error_body_ang_vel: 1.6645
           Episode_Termination/time_out: 0.0000
         Episode_Termination/anchor_pos: 0.0000
         Episode_Termination/anchor_ori: 0.0000
        Episode_Termination/ee_body_pos: 0.0000
Episode_Termination/corpus_clip_time_out: 0.0000
Episode_Termination/invalid_native_model_actuation: 0.0000
Episode_Termination/world_root_tracking_failure: 1.0000
 Episode_Reward/world_potential_shaping: 0.0442
--------------------------------------------------------------------------------
                         Iteration time: 2.28s
                           Time elapsed: 00:04:49
                                    ETA: 00:17:05

################################################################################
[1m                          Learning iteration 610/1000                           [0m 

                               Run name: original_core_920ms_fresh
                            Total steps: 227328 
                       Steps per second: 875 
                        Collection time: 2.180s 
                          Learning time: 0.158s 
                        Mean value loss: 700.7999
                    Mean surrogate loss: -0.0113
                      Mean entropy loss: -20.3225
                            Mean reward: 777.70
                    Mean episode length: 232.57
                        Mean action std: 0.10
--------------------------------------------------------------------------------
                         Iteration time: 2.34s
                           Time elapsed: 00:04:51
                                    ETA: 00:17:01

################################################################################
[1m                          Learning iteration 611/1000                           [0m 

                               Run name: original_core_920ms_fresh
                            Total steps: 229376 
                       Steps per second: 384 
                        Collection time: 2.089s 
                          Learning time: 3.238s 
                        Mean value loss: 607.9173
                    Mean surrogate loss: -0.0119
                      Mean entropy loss: -20.3225
                            Mean reward: 740.06
                    Mean episode length: 223.35
                        Mean action std: 0.10
  Episode_Reward/motion_global_root_pos: 0.0092
  Episode_Reward/motion_global_root_ori: 0.0107
         Episode_Reward/motion_body_pos: 0.0180
         Episode_Reward/motion_body_ori: 0.0173
     Episode_Reward/motion_body_lin_vel: 0.0201
     Episode_Reward/motion_body_ang_vel: 0.0182
          Episode_Reward/action_rate_l2: -0.0025
             Episode_Reward/joint_limit: -0.0001
         Episode_Reward/self_collisions: -0.0006
Episode_Reward/action_target_reference_l2: -0.0145
Episode_Reward/action_target_soft_limit_barrier: -0.0029
                   Episode_Reward/alive: 2.7831
 Episode_Reward/non_timeout_termination: -0.7655
Episode_Reward/worst_ee_z_normalized_squared: -0.0438
Episode_Reward/right_wrist_prethreshold_barrier: -0.0039
 Episode_Reward/requested_effort_excess: -0.0000
Episode_Reward/root_world_tracking_error: -0.0120
Episode_Reward/measured_joint_posture_l2: -0.0316
Episode_Reward/measured_feet_world_position_l2: -0.0207
Episode_Reward/original_task_position_l2: -0.0175
Episode_Reward/original_task_orientation_l2: -0.0123
        Metrics/motion/error_anchor_pos: 0.2860
        Metrics/motion/error_anchor_rot: 0.1735
    Metrics/motion/error_anchor_lin_vel: 0.5278
    Metrics/motion/error_anchor_ang_vel: 0.9185
          Metrics/motion/error_body_pos: 0.2898
          Metrics/motion/error_body_rot: 0.2758
         Metrics/motion/error_joint_pos: 0.8672
         Metrics/motion/error_joint_vel: 5.5369
        Metrics/motion/sampling_entropy: 0.0000
      Metrics/motion/sampling_top1_prob: 0.0000
       Metrics/motion/sampling_top1_bin: 0.0000
      Metrics/motion/error_body_lin_vel: 0.5277
      Metrics/motion/error_body_ang_vel: 1.5596
           Episode_Termination/time_out: 0.0000
         Episode_Termination/anchor_pos: 0.0000
         Episode_Termination/anchor_ori: 0.0000
        Episode_Termination/ee_body_pos: 0.0000
Episode_Termination/corpus_clip_time_out: 0.0000
Episode_Termination/invalid_native_model_actuation: 0.0000
Episode_Termination/world_root_tracking_failure: 1.6667
 Episode_Reward/world_potential_shaping: 0.0435
--------------------------------------------------------------------------------
                         Iteration time: 5.33s
                           Time elapsed: 00:04:56
                                    ETA: 00:17:08

################################################################################
[1m                          Learning iteration 612/1000                           [0m 

                               Run name: original_core_920ms_fresh
                            Total steps: 231424 
                       Steps per second: 845 
                        Collection time: 2.232s 
                          Learning time: 0.190s 
                        Mean value loss: 578.6565
                    Mean surrogate loss: -0.0013
                      Mean entropy loss: -20.3225
                            Mean reward: 782.92
                    Mean episode length: 234.68
                        Mean action std: 0.10
--------------------------------------------------------------------------------
                         Iteration time: 2.42s
                           Time elapsed: 00:04:59
                                    ETA: 00:17:04

################################################################################
[1m                          Learning iteration 613/1000                           [0m 

                               Run name: original_core_920ms_fresh
                            Total steps: 233472 
                       Steps per second: 881 
                        Collection time: 2.163s 
                          Learning time: 0.161s 
                        Mean value loss: 385.7159
                    Mean surrogate loss: -0.0085
                      Mean entropy loss: -20.3225
                            Mean reward: 765.45
                    Mean episode length: 228.85
                        Mean action std: 0.10
  Episode_Reward/motion_global_root_pos: 0.0170
  Episode_Reward/motion_global_root_ori: 0.0176
         Episode_Reward/motion_body_pos: 0.0334
         Episode_Reward/motion_body_ori: 0.0282
     Episode_Reward/motion_body_lin_vel: 0.0361
     Episode_Reward/motion_body_ang_vel: 0.0339
          Episode_Reward/action_rate_l2: -0.0034
             Episode_Reward/joint_limit: -0.0002
         Episode_Reward/self_collisions: -0.0029
Episode_Reward/action_target_reference_l2: -0.0188
Episode_Reward/action_target_soft_limit_barrier: -0.0023
                   Episode_Reward/alive: 4.5335
 Episode_Reward/non_timeout_termination: -0.6379
Episode_Reward/worst_ee_z_normalized_squared: -0.0545
Episode_Reward/right_wrist_prethreshold_barrier: -0.0002
 Episode_Reward/requested_effort_excess: -0.0000
Episode_Reward/root_world_tracking_error: -0.0107
Episode_Reward/measured_joint_posture_l2: -0.0487
Episode_Reward/measured_feet_world_position_l2: -0.0323
Episode_Reward/original_task_position_l2: -0.0237
Episode_Reward/original_task_orientation_l2: -0.0171
        Metrics/motion/error_anchor_pos: 0.2510
        Metrics/motion/error_anchor_rot: 0.1379
    Metrics/motion/error_anchor_lin_vel: 0.5213
    Metrics/motion/error_anchor_ang_vel: 0.7157
          Metrics/motion/error_body_pos: 0.2661
          Metrics/motion/error_body_rot: 0.2485
         Metrics/motion/error_joint_pos: 0.8866
         Metrics/motion/error_joint_vel: 3.3355
        Metrics/motion/sampling_entropy: 0.0000
      Metrics/motion/sampling_top1_prob: 0.0000
       Metrics/motion/sampling_top1_bin: 0.0000
      Metrics/motion/error_body_lin_vel: 0.5159
      Metrics/motion/error_body_ang_vel: 0.9864
           Episode_Termination/time_out: 0.0000
         Episode_Termination/anchor_pos: 0.0000
         Episode_Termination/anchor_ori: 0.0000
        Episode_Termination/ee_body_pos: 0.0000
Episode_Termination/corpus_clip_time_out: 0.1667
Episode_Termination/invalid_native_model_actuation: 0.0000
Episode_Termination/world_root_tracking_failure: 1.0000
 Episode_Reward/world_potential_shaping: 0.0554
--------------------------------------------------------------------------------
                         Iteration time: 2.32s
                           Time elapsed: 00:05:01
                                    ETA: 00:17:01

################################################################################
[1m                          Learning iteration 614/1000                           [0m 

                               Run name: original_core_920ms_fresh
                            Total steps: 235520 
                       Steps per second: 932 
                        Collection time: 2.039s 
                          Learning time: 0.157s 
                        Mean value loss: 421.0651
                    Mean surrogate loss: -0.0139
                      Mean entropy loss: -20.3225
                            Mean reward: 755.43
                    Mean episode length: 227.94
                        Mean action std: 0.10
--------------------------------------------------------------------------------
                         Iteration time: 2.20s
                           Time elapsed: 00:05:03
                                    ETA: 00:16:56

################################################################################
[1m                          Learning iteration 615/1000                           [0m 

                               Run name: original_core_920ms_fresh
                            Total steps: 237568 
                       Steps per second: 860 
                        Collection time: 2.221s 
                          Learning time: 0.159s 
                        Mean value loss: 550.9218
                    Mean surrogate loss: -0.0136
                      Mean entropy loss: -20.3225
                            Mean reward: 735.26
                    Mean episode length: 222.51
                        Mean action std: 0.10
--------------------------------------------------------------------------------
                         Iteration time: 2.38s
                           Time elapsed: 00:05:06
                                    ETA: 00:16:53

################################################################################
[1m                          Learning iteration 616/1000                           [0m 

                               Run name: original_core_920ms_fresh
                            Total steps: 239616 
                       Steps per second: 876 
                        Collection time: 2.130s 
                          Learning time: 0.207s 
                        Mean value loss: 883.3953
                    Mean surrogate loss: -0.0053
                      Mean entropy loss: -20.3225
                            Mean reward: 775.97
                    Mean episode length: 236.69
                        Mean action std: 0.10
--------------------------------------------------------------------------------
                         Iteration time: 2.34s
                           Time elapsed: 00:05:08
                                    ETA: 00:16:49

################################################################################
[1m                          Learning iteration 617/1000                           [0m 

                               Run name: original_core_920ms_fresh
                            Total steps: 241664 
                       Steps per second: 894 
                        Collection time: 2.130s 
                          Learning time: 0.160s 
                        Mean value loss: 1154.4765
                    Mean surrogate loss: -0.0128
                      Mean entropy loss: -20.3225
                            Mean reward: 847.91
                    Mean episode length: 253.68
                        Mean action std: 0.10
--------------------------------------------------------------------------------
                         Iteration time: 2.29s
                           Time elapsed: 00:05:10
                                    ETA: 00:16:46

################################################################################
[1m                          Learning iteration 618/1000                           [0m 

                               Run name: original_core_920ms_fresh
                            Total steps: 243712 
                       Steps per second: 888 
                        Collection time: 2.147s 
                          Learning time: 0.158s 
                        Mean value loss: 399.0877
                    Mean surrogate loss: -0.0110
                      Mean entropy loss: -20.3225
                            Mean reward: 894.08
                    Mean episode length: 265.95
                        Mean action std: 0.10
  Episode_Reward/motion_global_root_pos: 0.0332
  Episode_Reward/motion_global_root_ori: 0.0339
         Episode_Reward/motion_body_pos: 0.0645
         Episode_Reward/motion_body_ori: 0.0585
     Episode_Reward/motion_body_lin_vel: 0.0716
     Episode_Reward/motion_body_ang_vel: 0.0669
          Episode_Reward/action_rate_l2: -0.0069
             Episode_Reward/joint_limit: -0.0006
         Episode_Reward/self_collisions: -0.0116
Episode_Reward/action_target_reference_l2: -0.0389
Episode_Reward/action_target_soft_limit_barrier: -0.0043
                   Episode_Reward/alive: 8.9847
 Episode_Reward/non_timeout_termination: -0.5103
Episode_Reward/worst_ee_z_normalized_squared: -0.1363
Episode_Reward/right_wrist_prethreshold_barrier: -0.0005
 Episode_Reward/requested_effort_excess: -0.0000
Episode_Reward/root_world_tracking_error: -0.0206
Episode_Reward/measured_joint_posture_l2: -0.0893
Episode_Reward/measured_feet_world_position_l2: -0.0658
Episode_Reward/original_task_position_l2: -0.0469
Episode_Reward/original_task_orientation_l2: -0.0354
        Metrics/motion/error_anchor_pos: 0.2202
        Metrics/motion/error_anchor_rot: 0.1699
    Metrics/motion/error_anchor_lin_vel: 0.4491
    Metrics/motion/error_anchor_ang_vel: 1.8188
          Metrics/motion/error_body_pos: 0.2277
          Metrics/motion/error_body_rot: 0.2860
         Metrics/motion/error_joint_pos: 1.1495
         Metrics/motion/error_joint_vel: 7.6413
        Metrics/motion/sampling_entropy: 0.0000
      Metrics/motion/sampling_top1_prob: 0.0000
       Metrics/motion/sampling_top1_bin: 0.0000
      Metrics/motion/error_body_lin_vel: 0.5197
      Metrics/motion/error_body_ang_vel: 1.8179
           Episode_Termination/time_out: 0.0000
         Episode_Termination/anchor_pos: 0.0000
         Episode_Termination/anchor_ori: 0.0000
        Episode_Termination/ee_body_pos: 0.0000
Episode_Termination/corpus_clip_time_out: 0.3333
Episode_Termination/invalid_native_model_actuation: 0.0000
Episode_Termination/world_root_tracking_failure: 0.6667
 Episode_Reward/world_potential_shaping: 0.0996
--------------------------------------------------------------------------------
                         Iteration time: 2.31s
                           Time elapsed: 00:05:13
                                    ETA: 00:16:42

################################################################################
[1m                          Learning iteration 619/1000                           [0m 

                               Run name: original_core_920ms_fresh
                            Total steps: 245760 
                       Steps per second: 857 
                        Collection time: 2.211s 
                          Learning time: 0.176s 
                        Mean value loss: 453.0182
                    Mean surrogate loss: -0.0145
                      Mean entropy loss: -20.3225
                            Mean reward: 857.08
                    Mean episode length: 258.08
                        Mean action std: 0.10
  Episode_Reward/motion_global_root_pos: 0.0143
  Episode_Reward/motion_global_root_ori: 0.0151
         Episode_Reward/motion_body_pos: 0.0281
         Episode_Reward/motion_body_ori: 0.0246
     Episode_Reward/motion_body_lin_vel: 0.0306
     Episode_Reward/motion_body_ang_vel: 0.0285
          Episode_Reward/action_rate_l2: -0.0031
             Episode_Reward/joint_limit: -0.0003
         Episode_Reward/self_collisions: -0.0206
Episode_Reward/action_target_reference_l2: -0.0173
Episode_Reward/action_target_soft_limit_barrier: -0.0036
                   Episode_Reward/alive: 3.9769
 Episode_Reward/non_timeout_termination: -0.7272
Episode_Reward/worst_ee_z_normalized_squared: -0.0519
Episode_Reward/right_wrist_prethreshold_barrier: -0.0058
 Episode_Reward/requested_effort_excess: -0.0000
Episode_Reward/root_world_tracking_error: -0.0111
Episode_Reward/measured_joint_posture_l2: -0.0391
Episode_Reward/measured_feet_world_position_l2: -0.0287
Episode_Reward/original_task_position_l2: -0.0221
Episode_Reward/original_task_orientation_l2: -0.0171
        Metrics/motion/error_anchor_pos: 0.2846
        Metrics/motion/error_anchor_rot: 0.1206
    Metrics/motion/error_anchor_lin_vel: 0.4724
    Metrics/motion/error_anchor_ang_vel: 0.7966
          Metrics/motion/error_body_pos: 0.2895
          Metrics/motion/error_body_rot: 0.2799
         Metrics/motion/error_joint_pos: 0.9470
         Metrics/motion/error_joint_vel: 5.5667
        Metrics/motion/sampling_entropy: 0.0000
      Metrics/motion/sampling_top1_prob: 0.0000
       Metrics/motion/sampling_top1_bin: 0.0000
      Metrics/motion/error_body_lin_vel: 0.5046
      Metrics/motion/error_body_ang_vel: 1.5518
           Episode_Termination/time_out: 0.0000
         Episode_Termination/anchor_pos: 0.0000
         Episode_Termination/anchor_ori: 0.0000
        Episode_Termination/ee_body_pos: 0.0000
Episode_Termination/corpus_clip_time_out: 0.1000
Episode_Termination/invalid_native_model_actuation: 0.0000
Episode_Termination/world_root_tracking_failure: 1.3000
 Episode_Reward/world_potential_shaping: 0.0516
--------------------------------------------------------------------------------
                         Iteration time: 2.39s
                           Time elapsed: 00:05:15
                                    ETA: 00:16:38

################################################################################
[1m                          Learning iteration 620/1000                           [0m 

                               Run name: original_core_920ms_fresh
                            Total steps: 247808 
                       Steps per second: 955 
                        Collection time: 1.987s 
                          Learning time: 0.157s 
                        Mean value loss: 652.4890
                    Mean surrogate loss: -0.0100
                      Mean entropy loss: -20.3225
                            Mean reward: 859.94
                    Mean episode length: 258.70
                        Mean action std: 0.10
--------------------------------------------------------------------------------
                         Iteration time: 2.14s
                           Time elapsed: 00:05:17
                                    ETA: 00:16:34

################################################################################
[1m                          Learning iteration 621/1000                           [0m 

                               Run name: original_core_920ms_fresh
                            Total steps: 249856 
                       Steps per second: 883 
                        Collection time: 2.162s 
                          Learning time: 0.157s 
                        Mean value loss: 1037.1066
                    Mean surrogate loss: -0.0103
                      Mean entropy loss: -20.3225
                            Mean reward: 925.01
                    Mean episode length: 278.53
                        Mean action std: 0.10
--------------------------------------------------------------------------------
                         Iteration time: 2.32s
                           Time elapsed: 00:05:19
                                    ETA: 00:16:31

################################################################################
[1m                          Learning iteration 622/1000                           [0m 

                               Run name: original_core_920ms_fresh
                            Total steps: 251904 
                       Steps per second: 944 
                        Collection time: 2.008s 
                          Learning time: 0.161s 
                        Mean value loss: 483.5920
                    Mean surrogate loss: -0.0143
                      Mean entropy loss: -20.3225
                            Mean reward: 932.75
                    Mean episode length: 281.24
                        Mean action std: 0.10
--------------------------------------------------------------------------------
                         Iteration time: 2.17s
                           Time elapsed: 00:05:22
                                    ETA: 00:16:27

################################################################################
[1m                          Learning iteration 623/1000                           [0m 

                               Run name: original_core_920ms_fresh
                            Total steps: 253952 
                       Steps per second: 916 
                        Collection time: 2.077s 
                          Learning time: 0.157s 
                        Mean value loss: 841.5181
                    Mean surrogate loss: -0.0072
                      Mean entropy loss: -20.3225
                            Mean reward: 844.43
                    Mean episode length: 258.60
                        Mean action std: 0.10
  Episode_Reward/motion_global_root_pos: 0.0101
  Episode_Reward/motion_global_root_ori: 0.0109
         Episode_Reward/motion_body_pos: 0.0199
         Episode_Reward/motion_body_ori: 0.0172
     Episode_Reward/motion_body_lin_vel: 0.0218
     Episode_Reward/motion_body_ang_vel: 0.0205
          Episode_Reward/action_rate_l2: -0.0023
             Episode_Reward/joint_limit: -0.0004
         Episode_Reward/self_collisions: -0.0186
Episode_Reward/action_target_reference_l2: -0.0131
Episode_Reward/action_target_soft_limit_barrier: -0.0023
                   Episode_Reward/alive: 2.8673
 Episode_Reward/non_timeout_termination: -0.7655
Episode_Reward/worst_ee_z_normalized_squared: -0.0388
Episode_Reward/right_wrist_prethreshold_barrier: -0.0020
 Episode_Reward/requested_effort_excess: -0.0000
Episode_Reward/root_world_tracking_error: -0.0094
Episode_Reward/measured_joint_posture_l2: -0.0344
Episode_Reward/measured_feet_world_position_l2: -0.0214
Episode_Reward/original_task_position_l2: -0.0167
Episode_Reward/original_task_orientation_l2: -0.0133
        Metrics/motion/error_anchor_pos: 0.2849
        Metrics/motion/error_anchor_rot: 0.1730
    Metrics/motion/error_anchor_lin_vel: 0.6118
    Metrics/motion/error_anchor_ang_vel: 1.2722
          Metrics/motion/error_body_pos: 0.2926
          Metrics/motion/error_body_rot: 0.3133
         Metrics/motion/error_joint_pos: 1.1235
         Metrics/motion/error_joint_vel: 6.2018
        Metrics/motion/sampling_entropy: 0.0000
      Metrics/motion/sampling_top1_prob: 0.0000
       Metrics/motion/sampling_top1_bin: 0.0000
      Metrics/motion/error_body_lin_vel: 0.6467
      Metrics/motion/error_body_ang_vel: 1.7534
           Episode_Termination/time_out: 0.0000
         Episode_Termination/anchor_pos: 0.0000
         Episode_Termination/anchor_ori: 0.0000
        Episode_Termination/ee_body_pos: 0.0000
Episode_Termination/corpus_clip_time_out: 0.0000
Episode_Termination/invalid_native_model_actuation: 0.0000
Episode_Termination/world_root_tracking_failure: 1.5000
 Episode_Reward/world_potential_shaping: 0.0440
--------------------------------------------------------------------------------
                         Iteration time: 2.23s
                           Time elapsed: 00:05:24
                                    ETA: 00:16:23

################################################################################
[1m                          Learning iteration 624/1000                           [0m 

                               Run name: original_core_920ms_fresh
                            Total steps: 256000 
                       Steps per second: 841 
                        Collection time: 2.274s 
                          Learning time: 0.158s 
                        Mean value loss: 620.8410
                    Mean surrogate loss: -0.0112
                      Mean entropy loss: -20.3225
                            Mean reward: 839.26
                    Mean episode length: 258.32
                        Mean action std: 0.10
--------------------------------------------------------------------------------
                         Iteration time: 2.43s
                           Time elapsed: 00:05:26
                                    ETA: 00:16:20

################################################################################
[1m                          Learning iteration 625/1000                           [0m 

                               Run name: original_core_920ms_fresh
                            Total steps: 258048 
                       Steps per second: 397 
                        Collection time: 4.986s 
                          Learning time: 0.163s 
                        Mean value loss: 650.9367
                    Mean surrogate loss: -0.0114
                      Mean entropy loss: -20.3225
                            Mean reward: 849.70
                    Mean episode length: 261.17
                        Mean action std: 0.10
  Episode_Reward/motion_global_root_pos: 0.0172
  Episode_Reward/motion_global_root_ori: 0.0202
         Episode_Reward/motion_body_pos: 0.0339
         Episode_Reward/motion_body_ori: 0.0334
     Episode_Reward/motion_body_lin_vel: 0.0417
     Episode_Reward/motion_body_ang_vel: 0.0392
          Episode_Reward/action_rate_l2: -0.0040
             Episode_Reward/joint_limit: -0.0004
         Episode_Reward/self_collisions: -0.0304
Episode_Reward/action_target_reference_l2: -0.0235
Episode_Reward/action_target_soft_limit_barrier: -0.0041
                   Episode_Reward/alive: 5.2734
 Episode_Reward/non_timeout_termination: -0.6379
Episode_Reward/worst_ee_z_normalized_squared: -0.0655
Episode_Reward/right_wrist_prethreshold_barrier: -0.0019
 Episode_Reward/requested_effort_excess: 0.0000
Episode_Reward/root_world_tracking_error: -0.0182
Episode_Reward/measured_joint_posture_l2: -0.0485
Episode_Reward/measured_feet_world_position_l2: -0.0395
Episode_Reward/original_task_position_l2: -0.0314
Episode_Reward/original_task_orientation_l2: -0.0216
        Metrics/motion/error_anchor_pos: 0.2788
        Metrics/motion/error_anchor_rot: 0.1653
    Metrics/motion/error_anchor_lin_vel: 0.4898
    Metrics/motion/error_anchor_ang_vel: 0.7515
          Metrics/motion/error_body_pos: 0.2868
          Metrics/motion/error_body_rot: 0.2862
         Metrics/motion/error_joint_pos: 0.9956
         Metrics/motion/error_joint_vel: 4.3276
        Metrics/motion/sampling_entropy: 0.0000
      Metrics/motion/sampling_top1_prob: 0.0000
       Metrics/motion/sampling_top1_bin: 0.0000
      Metrics/motion/error_body_lin_vel: 0.5142
      Metrics/motion/error_body_ang_vel: 1.2579
           Episode_Termination/time_out: 0.0000
         Episode_Termination/anchor_pos: 0.0000
         Episode_Termination/anchor_ori: 0.0000
        Episode_Termination/ee_body_pos: 0.0000
Episode_Termination/corpus_clip_time_out: 0.1667
Episode_Termination/invalid_native_model_actuation: 0.0000
Episode_Termination/world_root_tracking_failure: 1.1667
 Episode_Reward/world_potential_shaping: 0.0659
--------------------------------------------------------------------------------
                         Iteration time: 5.15s
                           Time elapsed: 00:05:31
                                    ETA: 00:16:25

################################################################################
[1m                          Learning iteration 626/1000                           [0m 

                               Run name: original_core_920ms_fresh
                            Total steps: 260096 
                       Steps per second: 879 
                        Collection time: 2.171s 
                          Learning time: 0.156s 
                        Mean value loss: 697.0751
                    Mean surrogate loss: -0.0061
                      Mean entropy loss: -20.3225
                            Mean reward: 893.78
                    Mean episode length: 272.37
                        Mean action std: 0.10
  Episode_Reward/motion_global_root_pos: 0.0237
  Episode_Reward/motion_global_root_ori: 0.0256
         Episode_Reward/motion_body_pos: 0.0474
         Episode_Reward/motion_body_ori: 0.0444
     Episode_Reward/motion_body_lin_vel: 0.0535
     Episode_Reward/motion_body_ang_vel: 0.0508
          Episode_Reward/action_rate_l2: -0.0048
             Episode_Reward/joint_limit: -0.0007
         Episode_Reward/self_collisions: -0.0109
Episode_Reward/action_target_reference_l2: -0.0290
Episode_Reward/action_target_soft_limit_barrier: -0.0043
                   Episode_Reward/alive: 6.6083
 Episode_Reward/non_timeout_termination: -0.6698
Episode_Reward/worst_ee_z_normalized_squared: -0.1061
Episode_Reward/right_wrist_prethreshold_barrier: -0.0038
 Episode_Reward/requested_effort_excess: -0.0000
Episode_Reward/root_world_tracking_error: -0.0152
Episode_Reward/measured_joint_posture_l2: -0.0640
Episode_Reward/measured_feet_world_position_l2: -0.0462
Episode_Reward/original_task_position_l2: -0.0368
Episode_Reward/original_task_orientation_l2: -0.0245
        Metrics/motion/error_anchor_pos: 0.2735
        Metrics/motion/error_anchor_rot: 0.1665
    Metrics/motion/error_anchor_lin_vel: 0.4015
    Metrics/motion/error_anchor_ang_vel: 0.9636
          Metrics/motion/error_body_pos: 0.2794
          Metrics/motion/error_body_rot: 0.2907
         Metrics/motion/error_joint_pos: 1.1211
         Metrics/motion/error_joint_vel: 4.4006
        Metrics/motion/sampling_entropy: 0.0000
      Metrics/motion/sampling_top1_prob: 0.0000
       Metrics/motion/sampling_top1_bin: 0.0000
      Metrics/motion/error_body_lin_vel: 0.4070
      Metrics/motion/error_body_ang_vel: 1.3693
           Episode_Termination/time_out: 0.0000
         Episode_Termination/anchor_pos: 0.0000
         Episode_Termination/anchor_ori: 0.0000
        Episode_Termination/ee_body_pos: 0.0000
Episode_Termination/corpus_clip_time_out: 0.1250
Episode_Termination/invalid_native_model_actuation: 0.0000
Episode_Termination/world_root_tracking_failure: 1.1250
 Episode_Reward/world_potential_shaping: 0.0730
--------------------------------------------------------------------------------
                         Iteration time: 2.33s
                           Time elapsed: 00:05:34
                                    ETA: 00:16:21

################################################################################
[1m                          Learning iteration 627/1000                           [0m 

                               Run name: original_core_920ms_fresh
                            Total steps: 262144 
                       Steps per second: 768 
                        Collection time: 2.494s 
                          Learning time: 0.171s 
                        Mean value loss: 523.3982
                    Mean surrogate loss: -0.0074
                      Mean entropy loss: -20.3225
                            Mean reward: 870.08
                    Mean episode length: 268.14
                        Mean action std: 0.10
--------------------------------------------------------------------------------
                         Iteration time: 2.66s
                           Time elapsed: 00:05:36
                                    ETA: 00:16:19

################################################################################
[1m                          Learning iteration 628/1000                           [0m 

                               Run name: original_core_920ms_fresh
                            Total steps: 264192 
                       Steps per second: 884 
                        Collection time: 2.158s 
                          Learning time: 0.159s 
                        Mean value loss: 401.8808
                    Mean surrogate loss: -0.0136
                      Mean entropy loss: -20.3224
                            Mean reward: 882.28
                    Mean episode length: 270.63
                        Mean action std: 0.10
  Episode_Reward/motion_global_root_pos: 0.0137
  Episode_Reward/motion_global_root_ori: 0.0144
         Episode_Reward/motion_body_pos: 0.0271
         Episode_Reward/motion_body_ori: 0.0246
     Episode_Reward/motion_body_lin_vel: 0.0305
     Episode_Reward/motion_body_ang_vel: 0.0298
          Episode_Reward/action_rate_l2: -0.0023
             Episode_Reward/joint_limit: 0.0000
         Episode_Reward/self_collisions: -0.0420
Episode_Reward/action_target_reference_l2: -0.0115
Episode_Reward/action_target_soft_limit_barrier: -0.0018
                   Episode_Reward/alive: 3.7024
 Episode_Reward/non_timeout_termination: -0.7655
Episode_Reward/worst_ee_z_normalized_squared: -0.0301
Episode_Reward/right_wrist_prethreshold_barrier: 0.0000
 Episode_Reward/requested_effort_excess: 0.0000
Episode_Reward/root_world_tracking_error: -0.0075
Episode_Reward/measured_joint_posture_l2: -0.0239
Episode_Reward/measured_feet_world_position_l2: -0.0268
Episode_Reward/original_task_position_l2: -0.0190
Episode_Reward/original_task_orientation_l2: -0.0107
        Metrics/motion/error_anchor_pos: 0.2806
        Metrics/motion/error_anchor_rot: 0.1396
    Metrics/motion/error_anchor_lin_vel: 0.5600
    Metrics/motion/error_anchor_ang_vel: 0.8082
          Metrics/motion/error_body_pos: 0.2969
          Metrics/motion/error_body_rot: 0.2952
         Metrics/motion/error_joint_pos: 1.0275
         Metrics/motion/error_joint_vel: 6.9549
        Metrics/motion/sampling_entropy: 0.0000
      Metrics/motion/sampling_top1_prob: 0.0000
       Metrics/motion/sampling_top1_bin: 0.0000
      Metrics/motion/error_body_lin_vel: 0.6141
      Metrics/motion/error_body_ang_vel: 1.4741
           Episode_Termination/time_out: 0.0000
         Episode_Termination/anchor_pos: 0.0000
         Episode_Termination/anchor_ori: 0.0000
        Episode_Termination/ee_body_pos: 0.0000
Episode_Termination/corpus_clip_time_out: 0.0000
Episode_Termination/invalid_native_model_actuation: 0.0000
Episode_Termination/world_root_tracking_failure: 1.0000
 Episode_Reward/world_potential_shaping: 0.0468
--------------------------------------------------------------------------------
                         Iteration time: 2.32s
                           Time elapsed: 00:05:39
                                    ETA: 00:16:15

################################################################################
[1m                          Learning iteration 629/1000                           [0m 

                               Run name: original_core_920ms_fresh
                            Total steps: 266240 
                       Steps per second: 817 
                        Collection time: 2.351s 
                          Learning time: 0.156s 
                        Mean value loss: 1090.4688
                    Mean surrogate loss: -0.0127
                      Mean entropy loss: -20.3224
                            Mean reward: 764.19
                    Mean episode length: 238.55
                        Mean action std: 0.10
--------------------------------------------------------------------------------
                         Iteration time: 2.51s
                           Time elapsed: 00:05:41
                                    ETA: 00:16:12

################################################################################
[1m                          Learning iteration 630/1000                           [0m 

                               Run name: original_core_920ms_fresh
                            Total steps: 268288 
                       Steps per second: 884 
                        Collection time: 2.149s 
                          Learning time: 0.167s 
                        Mean value loss: 462.2676
                    Mean surrogate loss: -0.0098
                      Mean entropy loss: -20.3224
                            Mean reward: 650.50
                    Mean episode length: 209.19
                        Mean action std: 0.10
  Episode_Reward/motion_global_root_pos: 0.0057
  Episode_Reward/motion_global_root_ori: 0.0066
         Episode_Reward/motion_body_pos: 0.0113
         Episode_Reward/motion_body_ori: 0.0108
     Episode_Reward/motion_body_lin_vel: 0.0114
     Episode_Reward/motion_body_ang_vel: 0.0111
          Episode_Reward/action_rate_l2: -0.0015
             Episode_Reward/joint_limit: -0.0000
         Episode_Reward/self_collisions: -0.0021
Episode_Reward/action_target_reference_l2: -0.0084
Episode_Reward/action_target_soft_limit_barrier: -0.0023
                   Episode_Reward/alive: 1.6875
 Episode_Reward/non_timeout_termination: -0.7655
Episode_Reward/worst_ee_z_normalized_squared: -0.0156
Episode_Reward/right_wrist_prethreshold_barrier: 0.0000
 Episode_Reward/requested_effort_excess: -0.0000
Episode_Reward/root_world_tracking_error: -0.0084
Episode_Reward/measured_joint_posture_l2: -0.0265
Episode_Reward/measured_feet_world_position_l2: -0.0120
Episode_Reward/original_task_position_l2: -0.0098
Episode_Reward/original_task_orientation_l2: -0.0085
        Metrics/motion/error_anchor_pos: 0.2821
        Metrics/motion/error_anchor_rot: 0.1468
    Metrics/motion/error_anchor_lin_vel: 0.6237
    Metrics/motion/error_anchor_ang_vel: 0.6566
          Metrics/motion/error_body_pos: 0.3087
          Metrics/motion/error_body_rot: 0.2556
         Metrics/motion/error_joint_pos: 1.1620
         Metrics/motion/error_joint_vel: 5.6873
        Metrics/motion/sampling_entropy: 0.0000
      Metrics/motion/sampling_top1_prob: 0.0000
       Metrics/motion/sampling_top1_bin: 0.0000
      Metrics/motion/error_body_lin_vel: 0.6842
      Metrics/motion/error_body_ang_vel: 1.4371
           Episode_Termination/time_out: 0.0000
         Episode_Termination/anchor_pos: 0.0000
         Episode_Termination/anchor_ori: 0.0000
        Episode_Termination/ee_body_pos: 0.0000
Episode_Termination/corpus_clip_time_out: 0.0000
Episode_Termination/invalid_native_model_actuation: 0.0000
Episode_Termination/world_root_tracking_failure: 1.2000
 Episode_Reward/world_potential_shaping: 0.0276
--------------------------------------------------------------------------------
                         Iteration time: 2.32s
                           Time elapsed: 00:05:44
                                    ETA: 00:16:09

################################################################################
[1m                          Learning iteration 631/1000                           [0m 

                               Run name: original_core_920ms_fresh
                            Total steps: 270336 
                       Steps per second: 802 
                        Collection time: 2.389s 
                          Learning time: 0.162s 
                        Mean value loss: 561.3303
                    Mean surrogate loss: -0.0119
                      Mean entropy loss: -20.3224
                            Mean reward: 639.92
                    Mean episode length: 206.50
                        Mean action std: 0.10
  Episode_Reward/motion_global_root_pos: 0.0117
  Episode_Reward/motion_global_root_ori: 0.0150
         Episode_Reward/motion_body_pos: 0.0237
         Episode_Reward/motion_body_ori: 0.0259
     Episode_Reward/motion_body_lin_vel: 0.0315
     Episode_Reward/motion_body_ang_vel: 0.0304
          Episode_Reward/action_rate_l2: -0.0028
             Episode_Reward/joint_limit: 0.0000
         Episode_Reward/self_collisions: -0.0044
Episode_Reward/action_target_reference_l2: -0.0150
Episode_Reward/action_target_soft_limit_barrier: -0.0019
                   Episode_Reward/alive: 3.9084
 Episode_Reward/non_timeout_termination: -0.6698
Episode_Reward/worst_ee_z_normalized_squared: -0.0483
Episode_Reward/right_wrist_prethreshold_barrier: -0.0001
 Episode_Reward/requested_effort_excess: 0.0000
Episode_Reward/root_world_tracking_error: -0.0159
Episode_Reward/measured_joint_posture_l2: -0.0334
Episode_Reward/measured_feet_world_position_l2: -0.0296
Episode_Reward/original_task_position_l2: -0.0233
Episode_Reward/original_task_orientation_l2: -0.0127
        Metrics/motion/error_anchor_pos: 0.2627
        Metrics/motion/error_anchor_rot: 0.1179
    Metrics/motion/error_anchor_lin_vel: 0.3432
    Metrics/motion/error_anchor_ang_vel: 0.5978
          Metrics/motion/error_body_pos: 0.2637
          Metrics/motion/error_body_rot: 0.2594
         Metrics/motion/error_joint_pos: 0.9104
         Metrics/motion/error_joint_vel: 3.0260
        Metrics/motion/sampling_entropy: 0.0000
      Metrics/motion/sampling_top1_prob: 0.0000
       Metrics/motion/sampling_top1_bin: 0.0000
      Metrics/motion/error_body_lin_vel: 0.3515
      Metrics/motion/error_body_ang_vel: 0.9360
           Episode_Termination/time_out: 0.0000
         Episode_Termination/anchor_pos: 0.0000
         Episode_Termination/anchor_ori: 0.0000
        Episode_Termination/ee_body_pos: 0.0000
Episode_Termination/corpus_clip_time_out: 0.2500
Episode_Termination/invalid_native_model_actuation: 0.0000
Episode_Termination/world_root_tracking_failure: 1.5000
 Episode_Reward/world_potential_shaping: 0.0571
--------------------------------------------------------------------------------
                         Iteration time: 2.55s
                           Time elapsed: 00:05:46
                                    ETA: 00:16:06

################################################################################
[1m                          Learning iteration 632/1000                           [0m 

                               Run name: original_core_920ms_fresh
                            Total steps: 272384 
                       Steps per second: 860 
                        Collection time: 2.219s 
                          Learning time: 0.160s 
                        Mean value loss: 569.4497
                    Mean surrogate loss: -0.0098
                      Mean entropy loss: -20.3224
                            Mean reward: 688.09
                    Mean episode length: 218.95
                        Mean action std: 0.10
--------------------------------------------------------------------------------
                         Iteration time: 2.38s
                           Time elapsed: 00:05:48
                                    ETA: 00:16:02

################################################################################
[1m                          Learning iteration 633/1000                           [0m 

                               Run name: original_core_920ms_fresh
                            Total steps: 274432 
                       Steps per second: 900 
                        Collection time: 2.117s 
                          Learning time: 0.158s 
                        Mean value loss: 488.4464
                    Mean surrogate loss: -0.0119
                      Mean entropy loss: -20.3224
                            Mean reward: 706.02
                    Mean episode length: 224.53
                        Mean action std: 0.10
--------------------------------------------------------------------------------
                         Iteration time: 2.27s
                           Time elapsed: 00:05:51
                                    ETA: 00:15:59

################################################################################
[1m                          Learning iteration 634/1000                           [0m 

                               Run name: original_core_920ms_fresh
                            Total steps: 276480 
                       Steps per second: 783 
                        Collection time: 2.448s 
                          Learning time: 0.165s 
                        Mean value loss: 887.0467
                    Mean surrogate loss: -0.0104
                      Mean entropy loss: -20.3224
                            Mean reward: 812.67
                    Mean episode length: 254.22
                        Mean action std: 0.10
  Episode_Reward/motion_global_root_pos: 0.0345
  Episode_Reward/motion_global_root_ori: 0.0391
         Episode_Reward/motion_body_pos: 0.0682
         Episode_Reward/motion_body_ori: 0.0662
     Episode_Reward/motion_body_lin_vel: 0.0812
     Episode_Reward/motion_body_ang_vel: 0.0752
          Episode_Reward/action_rate_l2: -0.0078
             Episode_Reward/joint_limit: -0.0016
         Episode_Reward/self_collisions: -0.0150
Episode_Reward/action_target_reference_l2: -0.0472
Episode_Reward/action_target_soft_limit_barrier: -0.0061
                   Episode_Reward/alive: 10.1993
 Episode_Reward/non_timeout_termination: -0.6698
Episode_Reward/worst_ee_z_normalized_squared: -0.1707
Episode_Reward/right_wrist_prethreshold_barrier: -0.0143
 Episode_Reward/requested_effort_excess: -0.0000
Episode_Reward/root_world_tracking_error: -0.0298
Episode_Reward/measured_joint_posture_l2: -0.1069
Episode_Reward/measured_feet_world_position_l2: -0.0762
Episode_Reward/original_task_position_l2: -0.0612
Episode_Reward/original_task_orientation_l2: -0.0423
        Metrics/motion/error_anchor_pos: 0.2738
        Metrics/motion/error_anchor_rot: 0.1632
    Metrics/motion/error_anchor_lin_vel: 0.4422
    Metrics/motion/error_anchor_ang_vel: 0.8788
          Metrics/motion/error_body_pos: 0.2774
          Metrics/motion/error_body_rot: 0.2755
         Metrics/motion/error_joint_pos: 0.9312
         Metrics/motion/error_joint_vel: 4.6578
        Metrics/motion/sampling_entropy: 0.0000
      Metrics/motion/sampling_top1_prob: 0.0000
       Metrics/motion/sampling_top1_bin: 0.0000
      Metrics/motion/error_body_lin_vel: 0.4804
      Metrics/motion/error_body_ang_vel: 1.4381
           Episode_Termination/time_out: 0.0000
         Episode_Termination/anchor_pos: 0.0000
         Episode_Termination/anchor_ori: 0.0000
        Episode_Termination/ee_body_pos: 0.0000
Episode_Termination/corpus_clip_time_out: 0.1250
Episode_Termination/invalid_native_model_actuation: 0.0000
Episode_Termination/world_root_tracking_failure: 1.1250
 Episode_Reward/world_potential_shaping: 0.1236
--------------------------------------------------------------------------------
                         Iteration time: 2.61s
                           Time elapsed: 00:05:53
                                    ETA: 00:15:56

################################################################################
[1m                          Learning iteration 635/1000                           [0m 

                               Run name: original_core_920ms_fresh
                            Total steps: 278528 
                       Steps per second: 898 
                        Collection time: 2.113s 
                          Learning time: 0.167s 
                        Mean value loss: 370.5954
                    Mean surrogate loss: -0.0138
                      Mean entropy loss: -20.3224
                            Mean reward: 815.60
                    Mean episode length: 254.27
                        Mean action std: 0.10
--------------------------------------------------------------------------------
                         Iteration time: 2.28s
                           Time elapsed: 00:05:56
                                    ETA: 00:15:53

################################################################################
[1m                          Learning iteration 636/1000                           [0m 

                               Run name: original_core_920ms_fresh
                            Total steps: 280576 
                       Steps per second: 762 
                        Collection time: 2.525s 
                          Learning time: 0.162s 
                        Mean value loss: 926.0528
                    Mean surrogate loss: -0.0145
                      Mean entropy loss: -20.3224
                            Mean reward: 801.63
                    Mean episode length: 248.54
                        Mean action std: 0.10
  Episode_Reward/motion_global_root_pos: 0.0089
  Episode_Reward/motion_global_root_ori: 0.0096
         Episode_Reward/motion_body_pos: 0.0175
         Episode_Reward/motion_body_ori: 0.0161
     Episode_Reward/motion_body_lin_vel: 0.0195
     Episode_Reward/motion_body_ang_vel: 0.0181
          Episode_Reward/action_rate_l2: -0.0022
             Episode_Reward/joint_limit: -0.0001
         Episode_Reward/self_collisions: -0.0014
Episode_Reward/action_target_reference_l2: -0.0124
Episode_Reward/action_target_soft_limit_barrier: -0.0022
                   Episode_Reward/alive: 2.6018
 Episode_Reward/non_timeout_termination: -0.7176
Episode_Reward/worst_ee_z_normalized_squared: -0.0395
Episode_Reward/right_wrist_prethreshold_barrier: -0.0025
 Episode_Reward/requested_effort_excess: -0.0000
Episode_Reward/root_world_tracking_error: -0.0097
Episode_Reward/measured_joint_posture_l2: -0.0313
Episode_Reward/measured_feet_world_position_l2: -0.0187
Episode_Reward/original_task_position_l2: -0.0150
Episode_Reward/original_task_orientation_l2: -0.0116
        Metrics/motion/error_anchor_pos: 0.2691
        Metrics/motion/error_anchor_rot: 0.1588
    Metrics/motion/error_anchor_lin_vel: 0.5295
    Metrics/motion/error_anchor_ang_vel: 0.9191
          Metrics/motion/error_body_pos: 0.2791
          Metrics/motion/error_body_rot: 0.2963
         Metrics/motion/error_joint_pos: 0.9578
         Metrics/motion/error_joint_vel: 5.4683
        Metrics/motion/sampling_entropy: 0.0000
      Metrics/motion/sampling_top1_prob: 0.0000
       Metrics/motion/sampling_top1_bin: 0.0000
      Metrics/motion/error_body_lin_vel: 0.5444
      Metrics/motion/error_body_ang_vel: 1.3877
           Episode_Termination/time_out: 0.0000
         Episode_Termination/anchor_pos: 0.0000
         Episode_Termination/anchor_ori: 0.0000
        Episode_Termination/ee_body_pos: 0.0000
Episode_Termination/corpus_clip_time_out: 0.1250
Episode_Termination/invalid_native_model_actuation: 0.0000
Episode_Termination/world_root_tracking_failure: 1.3750
 Episode_Reward/world_potential_shaping: 0.0401
--------------------------------------------------------------------------------
                         Iteration time: 2.69s
                           Time elapsed: 00:05:58
                                    ETA: 00:15:50

################################################################################
[1m                          Learning iteration 637/1000                           [0m 

                               Run name: original_core_920ms_fresh
                            Total steps: 282624 
                       Steps per second: 890 
                        Collection time: 2.143s 
                          Learning time: 0.156s 
                        Mean value loss: 561.3027
                    Mean surrogate loss: -0.0165
                      Mean entropy loss: -20.3224
                            Mean reward: 793.33
                    Mean episode length: 245.09
                        Mean action std: 0.10
  Episode_Reward/motion_global_root_pos: 0.0096
  Episode_Reward/motion_global_root_ori: 0.0098
         Episode_Reward/motion_body_pos: 0.0189
         Episode_Reward/motion_body_ori: 0.0166
     Episode_Reward/motion_body_lin_vel: 0.0198
     Episode_Reward/motion_body_ang_vel: 0.0186
          Episode_Reward/action_rate_l2: -0.0021
             Episode_Reward/joint_limit: -0.0006
         Episode_Reward/self_collisions: -0.0105
Episode_Reward/action_target_reference_l2: -0.0117
Episode_Reward/action_target_soft_limit_barrier: -0.0025
                   Episode_Reward/alive: 2.5897
 Episode_Reward/non_timeout_termination: -0.7655
Episode_Reward/worst_ee_z_normalized_squared: -0.0345
Episode_Reward/right_wrist_prethreshold_barrier: -0.0004
 Episode_Reward/requested_effort_excess: -0.0000
Episode_Reward/root_world_tracking_error: -0.0068
Episode_Reward/measured_joint_posture_l2: -0.0263
Episode_Reward/measured_feet_world_position_l2: -0.0171
Episode_Reward/original_task_position_l2: -0.0136
Episode_Reward/original_task_orientation_l2: -0.0102
        Metrics/motion/error_anchor_pos: 0.2879
        Metrics/motion/error_anchor_rot: 0.2072
    Metrics/motion/error_anchor_lin_vel: 0.5922
    Metrics/motion/error_anchor_ang_vel: 1.0794
          Metrics/motion/error_body_pos: 0.2981
          Metrics/motion/error_body_rot: 0.3492
         Metrics/motion/error_joint_pos: 1.3693
         Metrics/motion/error_joint_vel: 6.8912
        Metrics/motion/sampling_entropy: 0.0000
      Metrics/motion/sampling_top1_prob: 0.0000
       Metrics/motion/sampling_top1_bin: 0.0000
      Metrics/motion/error_body_lin_vel: 0.6251
      Metrics/motion/error_body_ang_vel: 2.1379
           Episode_Termination/time_out: 0.0000
         Episode_Termination/anchor_pos: 0.0000
         Episode_Termination/anchor_ori: 0.0000
        Episode_Termination/ee_body_pos: 0.0000
Episode_Termination/corpus_clip_time_out: 0.0000
Episode_Termination/invalid_native_model_actuation: 0.0000
Episode_Termination/world_root_tracking_failure: 1.0000
 Episode_Reward/world_potential_shaping: 0.0351
--------------------------------------------------------------------------------
                         Iteration time: 2.30s
                           Time elapsed: 00:06:01
                                    ETA: 00:15:47

################################################################################
[1m                          Learning iteration 638/1000                           [0m 

                               Run name: original_core_920ms_fresh
                            Total steps: 284672 
                       Steps per second: 926 
                        Collection time: 2.052s 
                          Learning time: 0.159s 
                        Mean value loss: 529.5380
                    Mean surrogate loss: -0.0123
                      Mean entropy loss: -20.3224
                            Mean reward: 761.60
                    Mean episode length: 237.48
                        Mean action std: 0.10
  Episode_Reward/motion_global_root_pos: 0.0230
  Episode_Reward/motion_global_root_ori: 0.0236
         Episode_Reward/motion_body_pos: 0.0451
         Episode_Reward/motion_body_ori: 0.0367
     Episode_Reward/motion_body_lin_vel: 0.0472
     Episode_Reward/motion_body_ang_vel: 0.0419
          Episode_Reward/action_rate_l2: -0.0052
             Episode_Reward/joint_limit: -0.0033
         Episode_Reward/self_collisions: -0.0048
Episode_Reward/action_target_reference_l2: -0.0328
Episode_Reward/action_target_soft_limit_barrier: -0.0046
                   Episode_Reward/alive: 6.1722
 Episode_Reward/non_timeout_termination: -0.7655
Episode_Reward/worst_ee_z_normalized_squared: -0.1056
Episode_Reward/right_wrist_prethreshold_barrier: -0.0025
 Episode_Reward/requested_effort_excess: -0.0000
Episode_Reward/root_world_tracking_error: -0.0154
Episode_Reward/measured_joint_posture_l2: -0.0740
Episode_Reward/measured_feet_world_position_l2: -0.0434
Episode_Reward/original_task_position_l2: -0.0358
Episode_Reward/original_task_orientation_l2: -0.0304
        Metrics/motion/error_anchor_pos: 0.2928
        Metrics/motion/error_anchor_rot: 0.1123
    Metrics/motion/error_anchor_lin_vel: 0.4514
    Metrics/motion/error_anchor_ang_vel: 0.8493
          Metrics/motion/error_body_pos: 0.2870
          Metrics/motion/error_body_rot: 0.2550
         Metrics/motion/error_joint_pos: 0.9893
         Metrics/motion/error_joint_vel: 5.6266
        Metrics/motion/sampling_entropy: 0.0000
      Metrics/motion/sampling_top1_prob: 0.0000
       Metrics/motion/sampling_top1_bin: 0.0000
      Metrics/motion/error_body_lin_vel: 0.4643
      Metrics/motion/error_body_ang_vel: 1.4372
           Episode_Termination/time_out: 0.0000
         Episode_Termination/anchor_pos: 0.0000
         Episode_Termination/anchor_ori: 0.0000
        Episode_Termination/ee_body_pos: 0.0000
Episode_Termination/corpus_clip_time_out: 0.0000
Episode_Termination/invalid_native_model_actuation: 0.0000
Episode_Termination/world_root_tracking_failure: 1.1667
 Episode_Reward/world_potential_shaping: 0.0739
--------------------------------------------------------------------------------
                         Iteration time: 2.21s
                           Time elapsed: 00:06:03
                                    ETA: 00:15:43

################################################################################
[1m                          Learning iteration 639/1000                           [0m 

                               Run name: original_core_920ms_fresh
                            Total steps: 286720 
                       Steps per second: 870 
                        Collection time: 2.196s 
                          Learning time: 0.157s 
                        Mean value loss: 689.2222
                    Mean surrogate loss: -0.0126
                      Mean entropy loss: -20.3224
                            Mean reward: 812.46
                    Mean episode length: 251.53
                        Mean action std: 0.10
--------------------------------------------------------------------------------
                         Iteration time: 2.35s
                           Time elapsed: 00:06:05
                                    ETA: 00:15:40

################################################################################
[1m                          Learning iteration 640/1000                           [0m 

                               Run name: original_core_920ms_fresh
                            Total steps: 288768 
                       Steps per second: 824 
                        Collection time: 2.325s 
                          Learning time: 0.158s 
                        Mean value loss: 1121.1479
                    Mean surrogate loss: -0.0065
                      Mean entropy loss: -20.3224
                            Mean reward: 814.76
                    Mean episode length: 251.89
                        Mean action std: 0.10
--------------------------------------------------------------------------------
                         Iteration time: 2.48s
                           Time elapsed: 00:06:08
                                    ETA: 00:15:37

################################################################################
[1m                          Learning iteration 641/1000                           [0m 

                               Run name: original_core_920ms_fresh
                            Total steps: 290816 
                       Steps per second: 892 
                        Collection time: 2.137s 
                          Learning time: 0.158s 
                        Mean value loss: 699.4443
                    Mean surrogate loss: -0.0112
                      Mean entropy loss: -20.3224
                            Mean reward: 839.22
                    Mean episode length: 258.99
                        Mean action std: 0.10
--------------------------------------------------------------------------------
                         Iteration time: 2.30s
                           Time elapsed: 00:06:10
                                    ETA: 00:15:33

################################################################################
[1m                          Learning iteration 642/1000                           [0m 

                               Run name: original_core_920ms_fresh
                            Total steps: 292864 
                       Steps per second: 884 
                        Collection time: 2.149s 
                          Learning time: 0.167s 
                        Mean value loss: 884.1598
                    Mean surrogate loss: -0.0078
                      Mean entropy loss: -20.3224
                            Mean reward: 842.49
                    Mean episode length: 259.63
                        Mean action std: 0.10
--------------------------------------------------------------------------------
                         Iteration time: 2.32s
                           Time elapsed: 00:06:12
                                    ETA: 00:15:30

################################################################################
[1m                          Learning iteration 643/1000                           [0m 

                               Run name: original_core_920ms_fresh
                            Total steps: 294912 
                       Steps per second: 871 
                        Collection time: 2.190s 
                          Learning time: 0.161s 
                        Mean value loss: 527.8414
                    Mean surrogate loss: -0.0113
                      Mean entropy loss: -20.3224
                            Mean reward: 800.39
                    Mean episode length: 246.97
                        Mean action std: 0.10
--------------------------------------------------------------------------------
                         Iteration time: 2.35s
                           Time elapsed: 00:06:15
                                    ETA: 00:15:27

################################################################################
[1m                          Learning iteration 644/1000                           [0m 

                               Run name: original_core_920ms_fresh
                            Total steps: 296960 
                       Steps per second: 860 
                        Collection time: 2.216s 
                          Learning time: 0.165s 
                        Mean value loss: 900.0479
                    Mean surrogate loss: -0.0030
                      Mean entropy loss: -20.3224
                            Mean reward: 791.51
                    Mean episode length: 244.13
                        Mean action std: 0.10
--------------------------------------------------------------------------------
                         Iteration time: 2.38s
                           Time elapsed: 00:06:17
                                    ETA: 00:15:24

################################################################################
[1m                          Learning iteration 645/1000                           [0m 

                               Run name: original_core_920ms_fresh
                            Total steps: 299008 
                       Steps per second: 882 
                        Collection time: 2.140s 
                          Learning time: 0.181s 
                        Mean value loss: 522.3311
                    Mean surrogate loss: -0.0128
                      Mean entropy loss: -20.3224
                            Mean reward: 653.24
                    Mean episode length: 204.21
                        Mean action std: 0.10
  Episode_Reward/motion_global_root_pos: 0.0081
  Episode_Reward/motion_global_root_ori: 0.0085
         Episode_Reward/motion_body_pos: 0.0159
         Episode_Reward/motion_body_ori: 0.0140
     Episode_Reward/motion_body_lin_vel: 0.0169
     Episode_Reward/motion_body_ang_vel: 0.0161
          Episode_Reward/action_rate_l2: -0.0018
             Episode_Reward/joint_limit: -0.0000
         Episode_Reward/self_collisions: -0.0074
Episode_Reward/action_target_reference_l2: -0.0096
Episode_Reward/action_target_soft_limit_barrier: -0.0021
                   Episode_Reward/alive: 2.2451
 Episode_Reward/non_timeout_termination: -0.7655
Episode_Reward/worst_ee_z_normalized_squared: -0.0262
Episode_Reward/right_wrist_prethreshold_barrier: -0.0031
 Episode_Reward/requested_effort_excess: 0.0000
Episode_Reward/root_world_tracking_error: -0.0073
Episode_Reward/measured_joint_posture_l2: -0.0239
Episode_Reward/measured_feet_world_position_l2: -0.0159
Episode_Reward/original_task_position_l2: -0.0123
Episode_Reward/original_task_orientation_l2: -0.0096
        Metrics/motion/error_anchor_pos: 0.2878
        Metrics/motion/error_anchor_rot: 0.1425
    Metrics/motion/error_anchor_lin_vel: 0.5727
    Metrics/motion/error_anchor_ang_vel: 1.2078
          Metrics/motion/error_body_pos: 0.2958
          Metrics/motion/error_body_rot: 0.2707
         Metrics/motion/error_joint_pos: 0.9980
         Metrics/motion/error_joint_vel: 5.2320
        Metrics/motion/sampling_entropy: 0.0000
      Metrics/motion/sampling_top1_prob: 0.0000
       Metrics/motion/sampling_top1_bin: 0.0000
      Metrics/motion/error_body_lin_vel: 0.5852
      Metrics/motion/error_body_ang_vel: 1.6355
           Episode_Termination/time_out: 0.0000
         Episode_Termination/anchor_pos: 0.0000
         Episode_Termination/anchor_ori: 0.0000
        Episode_Termination/ee_body_pos: 0.0000
Episode_Termination/corpus_clip_time_out: 0.0000
Episode_Termination/invalid_native_model_actuation: 0.0000
Episode_Termination/world_root_tracking_failure: 1.7143
 Episode_Reward/world_potential_shaping: 0.0337
--------------------------------------------------------------------------------
                         Iteration time: 2.32s
                           Time elapsed: 00:06:19
                                    ETA: 00:15:20

################################################################################
[1m                          Learning iteration 646/1000                           [0m 

                               Run name: original_core_920ms_fresh
                            Total steps: 301056 
                       Steps per second: 920 
                        Collection time: 2.059s 
                          Learning time: 0.166s 
                        Mean value loss: 607.3525
                    Mean surrogate loss: -0.0068
                      Mean entropy loss: -20.3224
                            Mean reward: 721.28
                    Mean episode length: 222.66
                        Mean action std: 0.10
--------------------------------------------------------------------------------
                         Iteration time: 2.22s
                           Time elapsed: 00:06:22
                                    ETA: 00:15:17

################################################################################
[1m                          Learning iteration 647/1000                           [0m 

                               Run name: original_core_920ms_fresh
                            Total steps: 303104 
                       Steps per second: 877 
                        Collection time: 2.153s 
                          Learning time: 0.182s 
                        Mean value loss: 506.6329
                    Mean surrogate loss: -0.0119
                      Mean entropy loss: -20.3224
                            Mean reward: 763.51
                    Mean episode length: 235.45
                        Mean action std: 0.10
  Episode_Reward/motion_global_root_pos: 0.0195
  Episode_Reward/motion_global_root_ori: 0.0221
         Episode_Reward/motion_body_pos: 0.0385
         Episode_Reward/motion_body_ori: 0.0363
     Episode_Reward/motion_body_lin_vel: 0.0444
     Episode_Reward/motion_body_ang_vel: 0.0402
          Episode_Reward/action_rate_l2: -0.0048
             Episode_Reward/joint_limit: -0.0019
         Episode_Reward/self_collisions: -0.0031
Episode_Reward/action_target_reference_l2: -0.0303
Episode_Reward/action_target_soft_limit_barrier: -0.0051
                   Episode_Reward/alive: 5.7445
 Episode_Reward/non_timeout_termination: -0.7655
Episode_Reward/worst_ee_z_normalized_squared: -0.1142
Episode_Reward/right_wrist_prethreshold_barrier: -0.0097
 Episode_Reward/requested_effort_excess: -0.0000
Episode_Reward/root_world_tracking_error: -0.0184
Episode_Reward/measured_joint_posture_l2: -0.0657
Episode_Reward/measured_feet_world_position_l2: -0.0421
Episode_Reward/original_task_position_l2: -0.0359
Episode_Reward/original_task_orientation_l2: -0.0267
        Metrics/motion/error_anchor_pos: 0.2798
        Metrics/motion/error_anchor_rot: 0.1889
    Metrics/motion/error_anchor_lin_vel: 0.5923
    Metrics/motion/error_anchor_ang_vel: 1.3391
          Metrics/motion/error_body_pos: 0.2907
          Metrics/motion/error_body_rot: 0.2952
         Metrics/motion/error_joint_pos: 1.0809
         Metrics/motion/error_joint_vel: 6.8683
        Metrics/motion/sampling_entropy: 0.0000
      Metrics/motion/sampling_top1_prob: 0.0000
       Metrics/motion/sampling_top1_bin: 0.0000
      Metrics/motion/error_body_lin_vel: 0.6061
      Metrics/motion/error_body_ang_vel: 2.0301
           Episode_Termination/time_out: 0.0000
         Episode_Termination/anchor_pos: 0.0000
         Episode_Termination/anchor_ori: 0.0000
        Episode_Termination/ee_body_pos: 0.1250
Episode_Termination/corpus_clip_time_out: 0.0000
Episode_Termination/invalid_native_model_actuation: 0.0000
Episode_Termination/world_root_tracking_failure: 1.2500
 Episode_Reward/world_potential_shaping: 0.0742
--------------------------------------------------------------------------------
                         Iteration time: 2.33s
                           Time elapsed: 00:06:24
                                    ETA: 00:15:14

################################################################################
[1m                          Learning iteration 648/1000                           [0m 

                               Run name: original_core_920ms_fresh
                            Total steps: 305152 
                       Steps per second: 847 
                        Collection time: 2.257s 
                          Learning time: 0.161s 
                        Mean value loss: 391.7608
                    Mean surrogate loss: -0.0050
                      Mean entropy loss: -20.3224
                            Mean reward: 764.73
                    Mean episode length: 236.75
                        Mean action std: 0.10
--------------------------------------------------------------------------------
                         Iteration time: 2.42s
                           Time elapsed: 00:06:26
                                    ETA: 00:15:11

################################################################################
[1m                          Learning iteration 649/1000                           [0m 

                               Run name: original_core_920ms_fresh
                            Total steps: 307200 
                       Steps per second: 868 
                        Collection time: 2.183s 
                          Learning time: 0.176s 
                        Mean value loss: 560.5434
                    Mean surrogate loss: -0.0065
                      Mean entropy loss: -20.3224
                            Mean reward: 717.93
                    Mean episode length: 224.19
                        Mean action std: 0.10
  Episode_Reward/motion_global_root_pos: 0.0071
  Episode_Reward/motion_global_root_ori: 0.0074
         Episode_Reward/motion_body_pos: 0.0141
         Episode_Reward/motion_body_ori: 0.0118
     Episode_Reward/motion_body_lin_vel: 0.0151
     Episode_Reward/motion_body_ang_vel: 0.0141
          Episode_Reward/action_rate_l2: -0.0017
             Episode_Reward/joint_limit: -0.0002
         Episode_Reward/self_collisions: -0.0023
Episode_Reward/action_target_reference_l2: -0.0092
Episode_Reward/action_target_soft_limit_barrier: -0.0017
                   Episode_Reward/alive: 1.9825
 Episode_Reward/non_timeout_termination: -0.6698
Episode_Reward/worst_ee_z_normalized_squared: -0.0205
Episode_Reward/right_wrist_prethreshold_barrier: -0.0006
 Episode_Reward/requested_effort_excess: -0.0000
Episode_Reward/root_world_tracking_error: -0.0066
Episode_Reward/measured_joint_posture_l2: -0.0218
Episode_Reward/measured_feet_world_position_l2: -0.0145
Episode_Reward/original_task_position_l2: -0.0117
Episode_Reward/original_task_orientation_l2: -0.0069
        Metrics/motion/error_anchor_pos: 0.2546
        Metrics/motion/error_anchor_rot: 0.1600
    Metrics/motion/error_anchor_lin_vel: 0.5583
    Metrics/motion/error_anchor_ang_vel: 0.9216
          Metrics/motion/error_body_pos: 0.2633
          Metrics/motion/error_body_rot: 0.2885
         Metrics/motion/error_joint_pos: 0.9538
         Metrics/motion/error_joint_vel: 4.5420
        Metrics/motion/sampling_entropy: 0.0000
      Metrics/motion/sampling_top1_prob: 0.0000
       Metrics/motion/sampling_top1_bin: 0.0000
      Metrics/motion/error_body_lin_vel: 0.6059
      Metrics/motion/error_body_ang_vel: 1.4747
           Episode_Termination/time_out: 0.0000
         Episode_Termination/anchor_pos: 0.0000
         Episode_Termination/anchor_ori: 0.0000
        Episode_Termination/ee_body_pos: 0.1250
Episode_Termination/corpus_clip_time_out: 0.1250
Episode_Termination/invalid_native_model_actuation: 0.0000
Episode_Termination/world_root_tracking_failure: 0.8750
 Episode_Reward/world_potential_shaping: 0.0304
--------------------------------------------------------------------------------
                         Iteration time: 2.36s
                           Time elapsed: 00:06:29
                                    ETA: 00:15:08

################################################################################
[1m                          Learning iteration 650/1000                           [0m 

                               Run name: original_core_920ms_fresh
                            Total steps: 309248 
                       Steps per second: 868 
                        Collection time: 2.199s 
                          Learning time: 0.160s 
                        Mean value loss: 859.4948
                    Mean surrogate loss: -0.0101
                      Mean entropy loss: -20.3224
                            Mean reward: 708.72
                    Mean episode length: 221.16
                        Mean action std: 0.10
--------------------------------------------------------------------------------
                         Iteration time: 2.36s
                           Time elapsed: 00:06:31
                                    ETA: 00:15:04

################################################################################
[1m                          Learning iteration 651/1000                           [0m 

                               Run name: original_core_920ms_fresh
                            Total steps: 311296 
                       Steps per second: 382 
                        Collection time: 5.186s 
                          Learning time: 0.162s 
                        Mean value loss: 864.6068
                    Mean surrogate loss: -0.0133
                      Mean entropy loss: -20.3223
                            Mean reward: 794.53
                    Mean episode length: 244.10
                        Mean action std: 0.10
  Episode_Reward/motion_global_root_pos: 0.0220
  Episode_Reward/motion_global_root_ori: 0.0241
         Episode_Reward/motion_body_pos: 0.0441
         Episode_Reward/motion_body_ori: 0.0407
     Episode_Reward/motion_body_lin_vel: 0.0516
     Episode_Reward/motion_body_ang_vel: 0.0486
          Episode_Reward/action_rate_l2: -0.0048
             Episode_Reward/joint_limit: -0.0013
         Episode_Reward/self_collisions: -0.0057
Episode_Reward/action_target_reference_l2: -0.0279
Episode_Reward/action_target_soft_limit_barrier: -0.0034
                   Episode_Reward/alive: 6.4058
 Episode_Reward/non_timeout_termination: -0.6124
Episode_Reward/worst_ee_z_normalized_squared: -0.0950
Episode_Reward/right_wrist_prethreshold_barrier: -0.0046
 Episode_Reward/requested_effort_excess: -0.0000
Episode_Reward/root_world_tracking_error: -0.0178
Episode_Reward/measured_joint_posture_l2: -0.0680
Episode_Reward/measured_feet_world_position_l2: -0.0474
Episode_Reward/original_task_position_l2: -0.0359
Episode_Reward/original_task_orientation_l2: -0.0241
        Metrics/motion/error_anchor_pos: 0.2615
        Metrics/motion/error_anchor_rot: 0.1775
    Metrics/motion/error_anchor_lin_vel: 0.4396
    Metrics/motion/error_anchor_ang_vel: 1.0872
          Metrics/motion/error_body_pos: 0.2678
          Metrics/motion/error_body_rot: 0.3076
         Metrics/motion/error_joint_pos: 0.8868
         Metrics/motion/error_joint_vel: 4.4615
        Metrics/motion/sampling_entropy: 0.0000
      Metrics/motion/sampling_top1_prob: 0.0000
       Metrics/motion/sampling_top1_bin: 0.0000
      Metrics/motion/error_body_lin_vel: 0.4739
      Metrics/motion/error_body_ang_vel: 1.5326
           Episode_Termination/time_out: 0.0000
         Episode_Termination/anchor_pos: 0.0000
         Episode_Termination/anchor_ori: 0.0000
        Episode_Termination/ee_body_pos: 0.2000
Episode_Termination/corpus_clip_time_out: 0.4000
Episode_Termination/invalid_native_model_actuation: 0.0000
Episode_Termination/world_root_tracking_failure: 1.0000
 Episode_Reward/world_potential_shaping: 0.0729
--------------------------------------------------------------------------------
                         Iteration time: 5.35s
                           Time elapsed: 00:06:36
                                    ETA: 00:15:08

################################################################################
[1m                          Learning iteration 652/1000                           [0m 

                               Run name: original_core_920ms_fresh
                            Total steps: 313344 
                       Steps per second: 893 
                        Collection time: 2.125s 
                          Learning time: 0.167s 
                        Mean value loss: 427.0965
                    Mean surrogate loss: -0.0151
                      Mean entropy loss: -20.3223
                            Mean reward: 836.38
                    Mean episode length: 253.38
                        Mean action std: 0.10
--------------------------------------------------------------------------------
                         Iteration time: 2.29s
                           Time elapsed: 00:06:39
                                    ETA: 00:15:05

################################################################################
[1m                          Learning iteration 653/1000                           [0m 

                               Run name: original_core_920ms_fresh
                            Total steps: 315392 
                       Steps per second: 806 
                        Collection time: 2.375s 
                          Learning time: 0.166s 
                        Mean value loss: 666.8156
                    Mean surrogate loss: -0.0130
                      Mean entropy loss: -20.3223
                            Mean reward: 781.91
                    Mean episode length: 241.27
                        Mean action std: 0.10
  Episode_Reward/motion_global_root_pos: 0.0061
  Episode_Reward/motion_global_root_ori: 0.0071
         Episode_Reward/motion_body_pos: 0.0120
         Episode_Reward/motion_body_ori: 0.0114
     Episode_Reward/motion_body_lin_vel: 0.0137
     Episode_Reward/motion_body_ang_vel: 0.0129
          Episode_Reward/action_rate_l2: -0.0017
             Episode_Reward/joint_limit: -0.0001
         Episode_Reward/self_collisions: -0.0038
Episode_Reward/action_target_reference_l2: -0.0098
Episode_Reward/action_target_soft_limit_barrier: -0.0025
                   Episode_Reward/alive: 1.9187
 Episode_Reward/non_timeout_termination: -0.7655
Episode_Reward/worst_ee_z_normalized_squared: -0.0171
Episode_Reward/right_wrist_prethreshold_barrier: -0.0002
 Episode_Reward/requested_effort_excess: -0.0000
Episode_Reward/root_world_tracking_error: -0.0094
Episode_Reward/measured_joint_posture_l2: -0.0271
Episode_Reward/measured_feet_world_position_l2: -0.0146
Episode_Reward/original_task_position_l2: -0.0120
Episode_Reward/original_task_orientation_l2: -0.0093
        Metrics/motion/error_anchor_pos: 0.2855
        Metrics/motion/error_anchor_rot: 0.1725
    Metrics/motion/error_anchor_lin_vel: 0.6019
    Metrics/motion/error_anchor_ang_vel: 1.2204
          Metrics/motion/error_body_pos: 0.3001
          Metrics/motion/error_body_rot: 0.3081
         Metrics/motion/error_joint_pos: 1.0227
         Metrics/motion/error_joint_vel: 5.7529
        Metrics/motion/sampling_entropy: 0.0000
      Metrics/motion/sampling_top1_prob: 0.0000
       Metrics/motion/sampling_top1_bin: 0.0000
      Metrics/motion/error_body_lin_vel: 0.5937
      Metrics/motion/error_body_ang_vel: 1.8497
           Episode_Termination/time_out: 0.0000
         Episode_Termination/anchor_pos: 0.0000
         Episode_Termination/anchor_ori: 0.0000
        Episode_Termination/ee_body_pos: 0.0000
Episode_Termination/corpus_clip_time_out: 0.0000
Episode_Termination/invalid_native_model_actuation: 0.0000
Episode_Termination/world_root_tracking_failure: 1.7000
 Episode_Reward/world_potential_shaping: 0.0361
--------------------------------------------------------------------------------
                         Iteration time: 2.54s
                           Time elapsed: 00:06:41
                                    ETA: 00:15:02

################################################################################
[1m                          Learning iteration 654/1000                           [0m 

                               Run name: original_core_920ms_fresh
                            Total steps: 317440 
                       Steps per second: 888 
                        Collection time: 2.149s 
                          Learning time: 0.157s 
                        Mean value loss: 634.6872
                    Mean surrogate loss: -0.0129
                      Mean entropy loss: -20.3223
                            Mean reward: 790.85
                    Mean episode length: 241.65
                        Mean action std: 0.10
  Episode_Reward/motion_global_root_pos: 0.0124
  Episode_Reward/motion_global_root_ori: 0.0131
         Episode_Reward/motion_body_pos: 0.0249
         Episode_Reward/motion_body_ori: 0.0220
     Episode_Reward/motion_body_lin_vel: 0.0279
     Episode_Reward/motion_body_ang_vel: 0.0268
          Episode_Reward/action_rate_l2: -0.0025
             Episode_Reward/joint_limit: -0.0001
         Episode_Reward/self_collisions: -0.0127
Episode_Reward/action_target_reference_l2: -0.0128
Episode_Reward/action_target_soft_limit_barrier: -0.0017
                   Episode_Reward/alive: 3.4587
 Episode_Reward/non_timeout_termination: -0.7229
Episode_Reward/worst_ee_z_normalized_squared: -0.0366
Episode_Reward/right_wrist_prethreshold_barrier: -0.0013
 Episode_Reward/requested_effort_excess: 0.0000
Episode_Reward/root_world_tracking_error: -0.0088
Episode_Reward/measured_joint_posture_l2: -0.0295
Episode_Reward/measured_feet_world_position_l2: -0.0231
Episode_Reward/original_task_position_l2: -0.0178
Episode_Reward/original_task_orientation_l2: -0.0121
        Metrics/motion/error_anchor_pos: 0.2558
        Metrics/motion/error_anchor_rot: 0.1502
    Metrics/motion/error_anchor_lin_vel: 0.4643
    Metrics/motion/error_anchor_ang_vel: 1.1295
          Metrics/motion/error_body_pos: 0.5461
          Metrics/motion/error_body_rot: 0.3775
         Metrics/motion/error_joint_pos: 1.0089
         Metrics/motion/error_joint_vel: 5.5810
        Metrics/motion/sampling_entropy: 0.0000
      Metrics/motion/sampling_top1_prob: 0.0000
       Metrics/motion/sampling_top1_bin: 0.0000
      Metrics/motion/error_body_lin_vel: 0.5423
      Metrics/motion/error_body_ang_vel: 1.6908
           Episode_Termination/time_out: 0.0000
         Episode_Termination/anchor_pos: 0.0000
         Episode_Termination/anchor_ori: 0.0000
        Episode_Termination/ee_body_pos: 0.2222
Episode_Termination/corpus_clip_time_out: 0.1111
Episode_Termination/invalid_native_model_actuation: 0.0000
Episode_Termination/world_root_tracking_failure: 1.1111
 Episode_Reward/world_potential_shaping: 0.0408
--------------------------------------------------------------------------------
                         Iteration time: 2.31s
                           Time elapsed: 00:06:44
                                    ETA: 00:14:59

################################################################################
[1m                          Learning iteration 655/1000                           [0m 

                               Run name: original_core_920ms_fresh
                            Total steps: 319488 
                       Steps per second: 868 
                        Collection time: 2.181s 
                          Learning time: 0.176s 
                        Mean value loss: 434.3828
                    Mean surrogate loss: -0.0146
                      Mean entropy loss: -20.3223
                            Mean reward: 891.13
                    Mean episode length: 268.64
                        Mean action std: 0.10
--------------------------------------------------------------------------------
                         Iteration time: 2.36s
                           Time elapsed: 00:06:46
                                    ETA: 00:14:56

################################################################################
[1m                          Learning iteration 656/1000                           [0m 

                               Run name: original_core_920ms_fresh
                            Total steps: 321536 
                       Steps per second: 777 
                        Collection time: 2.440s 
                          Learning time: 0.195s 
                        Mean value loss: 487.6907
                    Mean surrogate loss: -0.0149
                      Mean entropy loss: -20.3223
                            Mean reward: 915.22
                    Mean episode length: 275.96
                        Mean action std: 0.10
  Episode_Reward/motion_global_root_pos: 0.0152
  Episode_Reward/motion_global_root_ori: 0.0170
         Episode_Reward/motion_body_pos: 0.0297
         Episode_Reward/motion_body_ori: 0.0281
     Episode_Reward/motion_body_lin_vel: 0.0350
     Episode_Reward/motion_body_ang_vel: 0.0333
          Episode_Reward/action_rate_l2: -0.0033
             Episode_Reward/joint_limit: -0.0009
         Episode_Reward/self_collisions: -0.0105
Episode_Reward/action_target_reference_l2: -0.0193
Episode_Reward/action_target_soft_limit_barrier: -0.0042
                   Episode_Reward/alive: 4.4438
 Episode_Reward/non_timeout_termination: -0.6698
Episode_Reward/worst_ee_z_normalized_squared: -0.0461
Episode_Reward/right_wrist_prethreshold_barrier: -0.0009
 Episode_Reward/requested_effort_excess: -0.0000
Episode_Reward/root_world_tracking_error: -0.0133
Episode_Reward/measured_joint_posture_l2: -0.0435
Episode_Reward/measured_feet_world_position_l2: -0.0337
Episode_Reward/original_task_position_l2: -0.0260
Episode_Reward/original_task_orientation_l2: -0.0168
        Metrics/motion/error_anchor_pos: 0.2762
        Metrics/motion/error_anchor_rot: 0.1634
    Metrics/motion/error_anchor_lin_vel: 0.5603
    Metrics/motion/error_anchor_ang_vel: 1.4902
          Metrics/motion/error_body_pos: 0.2752
          Metrics/motion/error_body_rot: 0.3176
         Metrics/motion/error_joint_pos: 1.1129
         Metrics/motion/error_joint_vel: 6.7562
        Metrics/motion/sampling_entropy: 0.0000
      Metrics/motion/sampling_top1_prob: 0.0000
       Metrics/motion/sampling_top1_bin: 0.0000
      Metrics/motion/error_body_lin_vel: 0.5818
      Metrics/motion/error_body_ang_vel: 1.9206
           Episode_Termination/time_out: 0.0000
         Episode_Termination/anchor_pos: 0.0000
         Episode_Termination/anchor_ori: 0.0000
        Episode_Termination/ee_body_pos: 0.0000
Episode_Termination/corpus_clip_time_out: 0.1250
Episode_Termination/invalid_native_model_actuation: 0.0000
Episode_Termination/world_root_tracking_failure: 0.8750
 Episode_Reward/world_potential_shaping: 0.0594
--------------------------------------------------------------------------------
                         Iteration time: 2.64s
                           Time elapsed: 00:06:48
                                    ETA: 00:14:53

################################################################################
[1m                          Learning iteration 657/1000                           [0m 

                               Run name: original_core_920ms_fresh
                            Total steps: 323584 
                       Steps per second: 848 
                        Collection time: 2.244s 
                          Learning time: 0.170s 
                        Mean value loss: 471.5735
                    Mean surrogate loss: -0.0147
                      Mean entropy loss: -20.3223
                            Mean reward: 851.95
                    Mean episode length: 257.24
                        Mean action std: 0.10
--------------------------------------------------------------------------------
                         Iteration time: 2.41s
                           Time elapsed: 00:06:51
                                    ETA: 00:14:50

################################################################################
[1m                          Learning iteration 658/1000                           [0m 

                               Run name: original_core_920ms_fresh
                            Total steps: 325632 
                       Steps per second: 774 
                        Collection time: 2.473s 
                          Learning time: 0.170s 
                        Mean value loss: 684.5313
                    Mean surrogate loss: -0.0175
                      Mean entropy loss: -20.3223
                            Mean reward: 836.64
                    Mean episode length: 250.49
                        Mean action std: 0.10
  Episode_Reward/motion_global_root_pos: 0.0125
  Episode_Reward/motion_global_root_ori: 0.0135
         Episode_Reward/motion_body_pos: 0.0249
         Episode_Reward/motion_body_ori: 0.0228
     Episode_Reward/motion_body_lin_vel: 0.0276
     Episode_Reward/motion_body_ang_vel: 0.0258
          Episode_Reward/action_rate_l2: -0.0027
             Episode_Reward/joint_limit: -0.0002
         Episode_Reward/self_collisions: -0.0049
Episode_Reward/action_target_reference_l2: -0.0153
Episode_Reward/action_target_soft_limit_barrier: -0.0027
                   Episode_Reward/alive: 3.4934
 Episode_Reward/non_timeout_termination: -0.6959
Episode_Reward/worst_ee_z_normalized_squared: -0.0485
Episode_Reward/right_wrist_prethreshold_barrier: -0.0012
 Episode_Reward/requested_effort_excess: -0.0000
Episode_Reward/root_world_tracking_error: -0.0094
Episode_Reward/measured_joint_posture_l2: -0.0347
Episode_Reward/measured_feet_world_position_l2: -0.0248
Episode_Reward/original_task_position_l2: -0.0184
Episode_Reward/original_task_orientation_l2: -0.0136
        Metrics/motion/error_anchor_pos: 0.2735
        Metrics/motion/error_anchor_rot: 0.1412
    Metrics/motion/error_anchor_lin_vel: 0.5084
    Metrics/motion/error_anchor_ang_vel: 1.0519
          Metrics/motion/error_body_pos: 0.2804
          Metrics/motion/error_body_rot: 0.2632
         Metrics/motion/error_joint_pos: 1.0523
         Metrics/motion/error_joint_vel: 5.6483
        Metrics/motion/sampling_entropy: 0.0000
      Metrics/motion/sampling_top1_prob: 0.0000
       Metrics/motion/sampling_top1_bin: 0.0000
      Metrics/motion/error_body_lin_vel: 0.5437
      Metrics/motion/error_body_ang_vel: 1.6306
           Episode_Termination/time_out: 0.0000
         Episode_Termination/anchor_pos: 0.0000
         Episode_Termination/anchor_ori: 0.0000
        Episode_Termination/ee_body_pos: 0.0000
Episode_Termination/corpus_clip_time_out: 0.0909
Episode_Termination/invalid_native_model_actuation: 0.0000
Episode_Termination/world_root_tracking_failure: 1.1818
 Episode_Reward/world_potential_shaping: 0.0425
--------------------------------------------------------------------------------
                         Iteration time: 2.64s
                           Time elapsed: 00:06:54
                                    ETA: 00:14:48

################################################################################
[1m                          Learning iteration 659/1000                           [0m 

                               Run name: original_core_920ms_fresh
                            Total steps: 327680 
                       Steps per second: 685 
                        Collection time: 2.737s 
                          Learning time: 0.252s 
                        Mean value loss: 576.9193
                    Mean surrogate loss: -0.0099
                      Mean entropy loss: -20.3223
                            Mean reward: 897.32
                    Mean episode length: 267.41
                        Mean action std: 0.10
  Episode_Reward/motion_global_root_pos: 0.0167
  Episode_Reward/motion_global_root_ori: 0.0187
         Episode_Reward/motion_body_pos: 0.0337
         Episode_Reward/motion_body_ori: 0.0296
     Episode_Reward/motion_body_lin_vel: 0.0402
     Episode_Reward/motion_body_ang_vel: 0.0374
          Episode_Reward/action_rate_l2: -0.0039
             Episode_Reward/joint_limit: -0.0008
         Episode_Reward/self_collisions: -0.0045
Episode_Reward/action_target_reference_l2: -0.0245
Episode_Reward/action_target_soft_limit_barrier: -0.0028
                   Episode_Reward/alive: 5.0254
 Episode_Reward/non_timeout_termination: -0.6124
Episode_Reward/worst_ee_z_normalized_squared: -0.0840
Episode_Reward/right_wrist_prethreshold_barrier: -0.0061
 Episode_Reward/requested_effort_excess: -0.0000
Episode_Reward/root_world_tracking_error: -0.0162
Episode_Reward/measured_joint_posture_l2: -0.0613
Episode_Reward/measured_feet_world_position_l2: -0.0372
Episode_Reward/original_task_position_l2: -0.0295
Episode_Reward/original_task_orientation_l2: -0.0210
        Metrics/motion/error_anchor_pos: 0.2545
        Metrics/motion/error_anchor_rot: 0.2249
    Metrics/motion/error_anchor_lin_vel: 0.4583
    Metrics/motion/error_anchor_ang_vel: 0.9937
          Metrics/motion/error_body_pos: 0.2584
          Metrics/motion/error_body_rot: 0.3279
         Metrics/motion/error_joint_pos: 1.1436
         Metrics/motion/error_joint_vel: 4.6846
        Metrics/motion/sampling_entropy: 0.0000
      Metrics/motion/sampling_top1_prob: 0.0000
       Metrics/motion/sampling_top1_bin: 0.0000
      Metrics/motion/error_body_lin_vel: 0.5070
      Metrics/motion/error_body_ang_vel: 1.4963
           Episode_Termination/time_out: 0.0000
         Episode_Termination/anchor_pos: 0.0000
         Episode_Termination/anchor_ori: 0.0000
        Episode_Termination/ee_body_pos: 0.1000
Episode_Termination/corpus_clip_time_out: 0.2000
Episode_Termination/invalid_native_model_actuation: 0.0000
Episode_Termination/world_root_tracking_failure: 0.7000
 Episode_Reward/world_potential_shaping: 0.0622
--------------------------------------------------------------------------------
                         Iteration time: 2.99s
                           Time elapsed: 00:06:57
                                    ETA: 00:14:46

################################################################################
[1m                          Learning iteration 660/1000                           [0m 

                               Run name: original_core_920ms_fresh
                            Total steps: 329728 
                       Steps per second: 586 
                        Collection time: 3.244s 
                          Learning time: 0.250s 
                        Mean value loss: 618.3097
                    Mean surrogate loss: -0.0116
                      Mean entropy loss: -20.3223
                            Mean reward: 870.49
                    Mean episode length: 259.61
                        Mean action std: 0.10
  Episode_Reward/motion_global_root_pos: 0.0129
  Episode_Reward/motion_global_root_ori: 0.0145
         Episode_Reward/motion_body_pos: 0.0258
         Episode_Reward/motion_body_ori: 0.0239
     Episode_Reward/motion_body_lin_vel: 0.0287
     Episode_Reward/motion_body_ang_vel: 0.0261
          Episode_Reward/action_rate_l2: -0.0032
             Episode_Reward/joint_limit: -0.0006
         Episode_Reward/self_collisions: -0.0034
Episode_Reward/action_target_reference_l2: -0.0209
Episode_Reward/action_target_soft_limit_barrier: -0.0032
                   Episode_Reward/alive: 3.7789
 Episode_Reward/non_timeout_termination: -0.7655
Episode_Reward/worst_ee_z_normalized_squared: -0.0801
Episode_Reward/right_wrist_prethreshold_barrier: -0.0078
 Episode_Reward/requested_effort_excess: -0.0000
Episode_Reward/root_world_tracking_error: -0.0129
Episode_Reward/measured_joint_posture_l2: -0.0422
Episode_Reward/measured_feet_world_position_l2: -0.0279
Episode_Reward/original_task_position_l2: -0.0237
Episode_Reward/original_task_orientation_l2: -0.0167
        Metrics/motion/error_anchor_pos: 0.2725
        Metrics/motion/error_anchor_rot: 0.2443
    Metrics/motion/error_anchor_lin_vel: 0.4984
    Metrics/motion/error_anchor_ang_vel: 1.4351
          Metrics/motion/error_body_pos: 0.2870
          Metrics/motion/error_body_rot: 0.3424
         Metrics/motion/error_joint_pos: 1.0627
         Metrics/motion/error_joint_vel: 6.7827
        Metrics/motion/sampling_entropy: 0.0000
      Metrics/motion/sampling_top1_prob: 0.0000
       Metrics/motion/sampling_top1_bin: 0.0000
      Metrics/motion/error_body_lin_vel: 0.5684
      Metrics/motion/error_body_ang_vel: 2.1346
           Episode_Termination/time_out: 0.0000
         Episode_Termination/anchor_pos: 0.0000
         Episode_Termination/anchor_ori: 0.0000
        Episode_Termination/ee_body_pos: 0.3333
Episode_Termination/corpus_clip_time_out: 0.0000
Episode_Termination/invalid_native_model_actuation: 0.0000
Episode_Termination/world_root_tracking_failure: 0.8333
 Episode_Reward/world_potential_shaping: 0.0549
--------------------------------------------------------------------------------
                         Iteration time: 3.49s
                           Time elapsed: 00:07:00
                                    ETA: 00:14:45

################################################################################
[1m                          Learning iteration 661/1000                           [0m 

                               Run name: original_core_920ms_fresh
                            Total steps: 331776 
                       Steps per second: 717 
                        Collection time: 2.674s 
                          Learning time: 0.180s 
                        Mean value loss: 515.4152
                    Mean surrogate loss: -0.0161
                      Mean entropy loss: -20.3223
                            Mean reward: 824.55
                    Mean episode length: 246.23
                        Mean action std: 0.10
  Episode_Reward/motion_global_root_pos: 0.0200
  Episode_Reward/motion_global_root_ori: 0.0207
         Episode_Reward/motion_body_pos: 0.0394
         Episode_Reward/motion_body_ori: 0.0360
     Episode_Reward/motion_body_lin_vel: 0.0448
     Episode_Reward/motion_body_ang_vel: 0.0431
          Episode_Reward/action_rate_l2: -0.0037
             Episode_Reward/joint_limit: -0.0001
         Episode_Reward/self_collisions: -0.0053
Episode_Reward/action_target_reference_l2: -0.0188
Episode_Reward/action_target_soft_limit_barrier: -0.0022
                   Episode_Reward/alive: 5.4426
 Episode_Reward/non_timeout_termination: -0.5103
Episode_Reward/worst_ee_z_normalized_squared: -0.0585
Episode_Reward/right_wrist_prethreshold_barrier: -0.0003
 Episode_Reward/requested_effort_excess: -0.0000
Episode_Reward/root_world_tracking_error: -0.0114
Episode_Reward/measured_joint_posture_l2: -0.0414
Episode_Reward/measured_feet_world_position_l2: -0.0397
Episode_Reward/original_task_position_l2: -0.0282
Episode_Reward/original_task_orientation_l2: -0.0169
        Metrics/motion/error_anchor_pos: 0.2353
        Metrics/motion/error_anchor_rot: 0.1798
    Metrics/motion/error_anchor_lin_vel: 0.3796
    Metrics/motion/error_anchor_ang_vel: 0.4727
          Metrics/motion/error_body_pos: 0.2433
          Metrics/motion/error_body_rot: 0.3041
         Metrics/motion/error_joint_pos: 0.9427
         Metrics/motion/error_joint_vel: 4.0842
        Metrics/motion/sampling_entropy: 0.0000
      Metrics/motion/sampling_top1_prob: 0.0000
       Metrics/motion/sampling_top1_bin: 0.0000
      Metrics/motion/error_body_lin_vel: 0.3739
      Metrics/motion/error_body_ang_vel: 1.0333
           Episode_Termination/time_out: 0.0000
         Episode_Termination/anchor_pos: 0.0000
         Episode_Termination/anchor_ori: 0.0000
        Episode_Termination/ee_body_pos: 0.0000
Episode_Termination/corpus_clip_time_out: 0.3333
Episode_Termination/invalid_native_model_actuation: 0.0000
Episode_Termination/world_root_tracking_failure: 0.8889
 Episode_Reward/world_potential_shaping: 0.0584
--------------------------------------------------------------------------------
                         Iteration time: 2.85s
                           Time elapsed: 00:07:03
                                    ETA: 00:14:43

################################################################################
[1m                          Learning iteration 662/1000                           [0m 

                               Run name: original_core_920ms_fresh
                            Total steps: 333824 
                       Steps per second: 375 
                        Collection time: 5.286s 
                          Learning time: 0.173s 
                        Mean value loss: 591.6491
                    Mean surrogate loss: -0.0070
                      Mean entropy loss: -20.3223
                            Mean reward: 774.06
                    Mean episode length: 233.82
                        Mean action std: 0.10
  Episode_Reward/motion_global_root_pos: 0.0082
  Episode_Reward/motion_global_root_ori: 0.0102
         Episode_Reward/motion_body_pos: 0.0162
         Episode_Reward/motion_body_ori: 0.0179
     Episode_Reward/motion_body_lin_vel: 0.0207
     Episode_Reward/motion_body_ang_vel: 0.0199
          Episode_Reward/action_rate_l2: -0.0020
             Episode_Reward/joint_limit: -0.0000
         Episode_Reward/self_collisions: -0.0012
Episode_Reward/action_target_reference_l2: -0.0106
Episode_Reward/action_target_soft_limit_barrier: -0.0016
                   Episode_Reward/alive: 2.6536
 Episode_Reward/non_timeout_termination: -0.6379
Episode_Reward/worst_ee_z_normalized_squared: -0.0291
Episode_Reward/right_wrist_prethreshold_barrier: 0.0000
 Episode_Reward/requested_effort_excess: -0.0000
Episode_Reward/root_world_tracking_error: -0.0106
Episode_Reward/measured_joint_posture_l2: -0.0250
Episode_Reward/measured_feet_world_position_l2: -0.0208
Episode_Reward/original_task_position_l2: -0.0177
Episode_Reward/original_task_orientation_l2: -0.0091
        Metrics/motion/error_anchor_pos: 0.2756
        Metrics/motion/error_anchor_rot: 0.1989
    Metrics/motion/error_anchor_lin_vel: 0.5397
    Metrics/motion/error_anchor_ang_vel: 0.7803
          Metrics/motion/error_body_pos: 0.2796
          Metrics/motion/error_body_rot: 0.3207
         Metrics/motion/error_joint_pos: 1.0196
         Metrics/motion/error_joint_vel: 5.2158
        Metrics/motion/sampling_entropy: 0.0000
      Metrics/motion/sampling_top1_prob: 0.0000
       Metrics/motion/sampling_top1_bin: 0.0000
      Metrics/motion/error_body_lin_vel: 0.6205
      Metrics/motion/error_body_ang_vel: 1.4151
           Episode_Termination/time_out: 0.0000
         Episode_Termination/anchor_pos: 0.0000
         Episode_Termination/anchor_ori: 0.0000
        Episode_Termination/ee_body_pos: 0.0000
Episode_Termination/corpus_clip_time_out: 0.1667
Episode_Termination/invalid_native_model_actuation: 0.0000
Episode_Termination/world_root_tracking_failure: 0.8333
 Episode_Reward/world_potential_shaping: 0.0419
--------------------------------------------------------------------------------
                         Iteration time: 5.46s
                           Time elapsed: 00:07:08
                                    ETA: 00:14:46

################################################################################
[1m                          Learning iteration 663/1000                           [0m 

                               Run name: original_core_920ms_fresh
                            Total steps: 335872 
                       Steps per second: 827 
                        Collection time: 2.290s 
                          Learning time: 0.184s 
                        Mean value loss: 525.3655
                    Mean surrogate loss: -0.0073
                      Mean entropy loss: -20.3223
                            Mean reward: 792.27
                    Mean episode length: 239.92
                        Mean action std: 0.10
  Episode_Reward/motion_global_root_pos: 0.0126
  Episode_Reward/motion_global_root_ori: 0.0157
         Episode_Reward/motion_body_pos: 0.0244
         Episode_Reward/motion_body_ori: 0.0274
     Episode_Reward/motion_body_lin_vel: 0.0320
     Episode_Reward/motion_body_ang_vel: 0.0304
          Episode_Reward/action_rate_l2: -0.0032
             Episode_Reward/joint_limit: -0.0004
         Episode_Reward/self_collisions: -0.0029
Episode_Reward/action_target_reference_l2: -0.0193
Episode_Reward/action_target_soft_limit_barrier: -0.0032
                   Episode_Reward/alive: 4.0952
 Episode_Reward/non_timeout_termination: -0.7655
Episode_Reward/worst_ee_z_normalized_squared: -0.0790
Episode_Reward/right_wrist_prethreshold_barrier: -0.0025
 Episode_Reward/requested_effort_excess: 0.0000
Episode_Reward/root_world_tracking_error: -0.0161
Episode_Reward/measured_joint_posture_l2: -0.0434
Episode_Reward/measured_feet_world_position_l2: -0.0329
Episode_Reward/original_task_position_l2: -0.0279
Episode_Reward/original_task_orientation_l2: -0.0180
        Metrics/motion/error_anchor_pos: 0.2886
        Metrics/motion/error_anchor_rot: 0.2102
    Metrics/motion/error_anchor_lin_vel: 0.4980
    Metrics/motion/error_anchor_ang_vel: 1.0767
          Metrics/motion/error_body_pos: 0.3040
          Metrics/motion/error_body_rot: 0.3222
         Metrics/motion/error_joint_pos: 1.0640
         Metrics/motion/error_joint_vel: 6.5180
        Metrics/motion/sampling_entropy: 0.0000
      Metrics/motion/sampling_top1_prob: 0.0000
       Metrics/motion/sampling_top1_bin: 0.0000
      Metrics/motion/error_body_lin_vel: 0.6353
      Metrics/motion/error_body_ang_vel: 2.0087
           Episode_Termination/time_out: 0.0000
         Episode_Termination/anchor_pos: 0.0000
         Episode_Termination/anchor_ori: 0.0000
        Episode_Termination/ee_body_pos: 0.0000
Episode_Termination/corpus_clip_time_out: 0.0000
Episode_Termination/invalid_native_model_actuation: 0.0000
Episode_Termination/world_root_tracking_failure: 1.0000
 Episode_Reward/world_potential_shaping: 0.0682
--------------------------------------------------------------------------------
                         Iteration time: 2.47s
                           Time elapsed: 00:07:11
                                    ETA: 00:14:43

################################################################################
[1m                          Learning iteration 664/1000                           [0m 

                               Run name: original_core_920ms_fresh
                            Total steps: 337920 
                       Steps per second: 794 
                        Collection time: 2.373s 
                          Learning time: 0.205s 
                        Mean value loss: 525.8284
                    Mean surrogate loss: -0.0092
                      Mean entropy loss: -20.3223
                            Mean reward: 783.66
                    Mean episode length: 236.53
                        Mean action std: 0.10
  Episode_Reward/motion_global_root_pos: 0.0049
  Episode_Reward/motion_global_root_ori: 0.0055
         Episode_Reward/motion_body_pos: 0.0099
         Episode_Reward/motion_body_ori: 0.0088
     Episode_Reward/motion_body_lin_vel: 0.0101
     Episode_Reward/motion_body_ang_vel: 0.0095
          Episode_Reward/action_rate_l2: -0.0014
             Episode_Reward/joint_limit: -0.0000
         Episode_Reward/self_collisions: -0.0026
Episode_Reward/action_target_reference_l2: -0.0085
Episode_Reward/action_target_soft_limit_barrier: -0.0024
                   Episode_Reward/alive: 1.4552
 Episode_Reward/non_timeout_termination: -0.7655
Episode_Reward/worst_ee_z_normalized_squared: -0.0177
Episode_Reward/right_wrist_prethreshold_barrier: -0.0040
 Episode_Reward/requested_effort_excess: -0.0000
Episode_Reward/root_world_tracking_error: -0.0069
Episode_Reward/measured_joint_posture_l2: -0.0241
Episode_Reward/measured_feet_world_position_l2: -0.0104
Episode_Reward/original_task_position_l2: -0.0089
Episode_Reward/original_task_orientation_l2: -0.0072
        Metrics/motion/error_anchor_pos: 0.2898
        Metrics/motion/error_anchor_rot: 0.1435
    Metrics/motion/error_anchor_lin_vel: 0.6422
    Metrics/motion/error_anchor_ang_vel: 0.8367
          Metrics/motion/error_body_pos: 0.3005
          Metrics/motion/error_body_rot: 0.2651
         Metrics/motion/error_joint_pos: 1.1297
         Metrics/motion/error_joint_vel: 5.5649
        Metrics/motion/sampling_entropy: 0.0000
      Metrics/motion/sampling_top1_prob: 0.0000
       Metrics/motion/sampling_top1_bin: 0.0000
      Metrics/motion/error_body_lin_vel: 0.6370
      Metrics/motion/error_body_ang_vel: 1.5268
           Episode_Termination/time_out: 0.0000
         Episode_Termination/anchor_pos: 0.0000
         Episode_Termination/anchor_ori: 0.0000
        Episode_Termination/ee_body_pos: 0.0000
Episode_Termination/corpus_clip_time_out: 0.0000
Episode_Termination/invalid_native_model_actuation: 0.0000
Episode_Termination/world_root_tracking_failure: 1.1250
 Episode_Reward/world_potential_shaping: 0.0266
--------------------------------------------------------------------------------
                         Iteration time: 2.58s
                           Time elapsed: 00:07:13
                                    ETA: 00:14:40

################################################################################
[1m                          Learning iteration 665/1000                           [0m 

                               Run name: original_core_920ms_fresh
                            Total steps: 339968 
                       Steps per second: 830 
                        Collection time: 2.275s 
                          Learning time: 0.189s 
                        Mean value loss: 399.5845
                    Mean surrogate loss: -0.0108
                      Mean entropy loss: -20.3223
                            Mean reward: 830.61
                    Mean episode length: 248.79
                        Mean action std: 0.10
--------------------------------------------------------------------------------
                         Iteration time: 2.46s
                           Time elapsed: 00:07:16
                                    ETA: 00:14:37

################################################################################
[1m                          Learning iteration 666/1000                           [0m 

                               Run name: original_core_920ms_fresh
                            Total steps: 342016 
                       Steps per second: 859 
                        Collection time: 2.214s 
                          Learning time: 0.167s 
                        Mean value loss: 401.5536
                    Mean surrogate loss: -0.0155
                      Mean entropy loss: -20.3223
                            Mean reward: 776.86
                    Mean episode length: 236.13
                        Mean action std: 0.10
  Episode_Reward/motion_global_root_pos: 0.0071
  Episode_Reward/motion_global_root_ori: 0.0079
         Episode_Reward/motion_body_pos: 0.0139
         Episode_Reward/motion_body_ori: 0.0132
     Episode_Reward/motion_body_lin_vel: 0.0150
     Episode_Reward/motion_body_ang_vel: 0.0142
          Episode_Reward/action_rate_l2: -0.0019
             Episode_Reward/joint_limit: -0.0000
         Episode_Reward/self_collisions: -0.0020
Episode_Reward/action_target_reference_l2: -0.0111
Episode_Reward/action_target_soft_limit_barrier: -0.0022
                   Episode_Reward/alive: 2.0811
 Episode_Reward/non_timeout_termination: -0.7655
Episode_Reward/worst_ee_z_normalized_squared: -0.0264
Episode_Reward/right_wrist_prethreshold_barrier: -0.0027
 Episode_Reward/requested_effort_excess: -0.0000
Episode_Reward/root_world_tracking_error: -0.0094
Episode_Reward/measured_joint_posture_l2: -0.0279
Episode_Reward/measured_feet_world_position_l2: -0.0156
Episode_Reward/original_task_position_l2: -0.0126
Episode_Reward/original_task_orientation_l2: -0.0106
        Metrics/motion/error_anchor_pos: 0.2649
        Metrics/motion/error_anchor_rot: 0.1768
    Metrics/motion/error_anchor_lin_vel: 0.8234
    Metrics/motion/error_anchor_ang_vel: 0.7372
          Metrics/motion/error_body_pos: 0.2819
          Metrics/motion/error_body_rot: 0.3312
         Metrics/motion/error_joint_pos: 1.1967
         Metrics/motion/error_joint_vel: 5.7177
        Metrics/motion/sampling_entropy: 0.0000
      Metrics/motion/sampling_top1_prob: 0.0000
       Metrics/motion/sampling_top1_bin: 0.0000
      Metrics/motion/error_body_lin_vel: 0.7939
      Metrics/motion/error_body_ang_vel: 1.4764
           Episode_Termination/time_out: 0.0000
         Episode_Termination/anchor_pos: 0.0000
         Episode_Termination/anchor_ori: 0.0000
        Episode_Termination/ee_body_pos: 0.2000
Episode_Termination/corpus_clip_time_out: 0.0000
Episode_Termination/invalid_native_model_actuation: 0.0000
Episode_Termination/world_root_tracking_failure: 1.0000
 Episode_Reward/world_potential_shaping: 0.0356
--------------------------------------------------------------------------------
                         Iteration time: 2.38s
                           Time elapsed: 00:07:18
                                    ETA: 00:14:34

################################################################################
[1m                          Learning iteration 667/1000                           [0m 

                               Run name: original_core_920ms_fresh
                            Total steps: 344064 
                       Steps per second: 701 
                        Collection time: 2.683s 
                          Learning time: 0.238s 
                        Mean value loss: 933.6135
                    Mean surrogate loss: -0.0092
                      Mean entropy loss: -20.3223
                            Mean reward: 725.27
                    Mean episode length: 225.05
                        Mean action std: 0.10
  Episode_Reward/motion_global_root_pos: 0.0191
  Episode_Reward/motion_global_root_ori: 0.0221
         Episode_Reward/motion_body_pos: 0.0381
         Episode_Reward/motion_body_ori: 0.0377
     Episode_Reward/motion_body_lin_vel: 0.0466
     Episode_Reward/motion_body_ang_vel: 0.0438
          Episode_Reward/action_rate_l2: -0.0044
             Episode_Reward/joint_limit: -0.0019
         Episode_Reward/self_collisions: -0.0100
Episode_Reward/action_target_reference_l2: -0.0250
Episode_Reward/action_target_soft_limit_barrier: -0.0040
                   Episode_Reward/alive: 5.8074
 Episode_Reward/non_timeout_termination: -0.6804
Episode_Reward/worst_ee_z_normalized_squared: -0.0994
Episode_Reward/right_wrist_prethreshold_barrier: -0.0078
 Episode_Reward/requested_effort_excess: -0.0000
Episode_Reward/root_world_tracking_error: -0.0186
Episode_Reward/measured_joint_posture_l2: -0.0551
Episode_Reward/measured_feet_world_position_l2: -0.0428
Episode_Reward/original_task_position_l2: -0.0342
Episode_Reward/original_task_orientation_l2: -0.0224
        Metrics/motion/error_anchor_pos: 0.2804
        Metrics/motion/error_anchor_rot: 0.1365
    Metrics/motion/error_anchor_lin_vel: 0.4376
    Metrics/motion/error_anchor_ang_vel: 0.7449
          Metrics/motion/error_body_pos: 0.2834
          Metrics/motion/error_body_rot: 0.2571
         Metrics/motion/error_joint_pos: 0.9346
         Metrics/motion/error_joint_vel: 4.4069
        Metrics/motion/sampling_entropy: 0.0000
      Metrics/motion/sampling_top1_prob: 0.0000
       Metrics/motion/sampling_top1_bin: 0.0000
      Metrics/motion/error_body_lin_vel: 0.4598
      Metrics/motion/error_body_ang_vel: 1.3278
           Episode_Termination/time_out: 0.0000
         Episode_Termination/anchor_pos: 0.0000
         Episode_Termination/anchor_ori: 0.0000
        Episode_Termination/ee_body_pos: 0.0000
Episode_Termination/corpus_clip_time_out: 0.1111
Episode_Termination/invalid_native_model_actuation: 0.0000
Episode_Termination/world_root_tracking_failure: 1.0000
 Episode_Reward/world_potential_shaping: 0.0729
--------------------------------------------------------------------------------
                         Iteration time: 2.92s
                           Time elapsed: 00:07:21
                                    ETA: 00:14:32

################################################################################
[1m                          Learning iteration 668/1000                           [0m 

                               Run name: original_core_920ms_fresh
                            Total steps: 346112 
                       Steps per second: 849 
                        Collection time: 2.236s 
                          Learning time: 0.176s 
                        Mean value loss: 415.3897
                    Mean surrogate loss: -0.0100
                      Mean entropy loss: -20.3223
                            Mean reward: 752.15
                    Mean episode length: 232.65
                        Mean action std: 0.10
  Episode_Reward/motion_global_root_pos: 0.0161
  Episode_Reward/motion_global_root_ori: 0.0178
         Episode_Reward/motion_body_pos: 0.0319
         Episode_Reward/motion_body_ori: 0.0279
     Episode_Reward/motion_body_lin_vel: 0.0368
     Episode_Reward/motion_body_ang_vel: 0.0343
          Episode_Reward/action_rate_l2: -0.0036
             Episode_Reward/joint_limit: -0.0026
         Episode_Reward/self_collisions: -0.0053
Episode_Reward/action_target_reference_l2: -0.0239
Episode_Reward/action_target_soft_limit_barrier: -0.0035
                   Episode_Reward/alive: 4.6527
 Episode_Reward/non_timeout_termination: -0.7655
Episode_Reward/worst_ee_z_normalized_squared: -0.0804
Episode_Reward/right_wrist_prethreshold_barrier: -0.0023
 Episode_Reward/requested_effort_excess: -0.0000
Episode_Reward/root_world_tracking_error: -0.0132
Episode_Reward/measured_joint_posture_l2: -0.0560
Episode_Reward/measured_feet_world_position_l2: -0.0347
Episode_Reward/original_task_position_l2: -0.0285
Episode_Reward/original_task_orientation_l2: -0.0192
        Metrics/motion/error_anchor_pos: 0.2802
        Metrics/motion/error_anchor_rot: 0.1518
    Metrics/motion/error_anchor_lin_vel: 0.3525
    Metrics/motion/error_anchor_ang_vel: 1.1585
          Metrics/motion/error_body_pos: 0.2889
          Metrics/motion/error_body_rot: 0.2979
         Metrics/motion/error_joint_pos: 1.0450
         Metrics/motion/error_joint_vel: 5.9631
        Metrics/motion/sampling_entropy: 0.0000
      Metrics/motion/sampling_top1_prob: 0.0000
       Metrics/motion/sampling_top1_bin: 0.0000
      Metrics/motion/error_body_lin_vel: 0.4221
      Metrics/motion/error_body_ang_vel: 1.6503
           Episode_Termination/time_out: 0.0000
         Episode_Termination/anchor_pos: 0.0000
         Episode_Termination/anchor_ori: 0.0000
        Episode_Termination/ee_body_pos: 0.1667
Episode_Termination/corpus_clip_time_out: 0.0000
Episode_Termination/invalid_native_model_actuation: 0.0000
Episode_Termination/world_root_tracking_failure: 1.0000
 Episode_Reward/world_potential_shaping: 0.0637
--------------------------------------------------------------------------------
                         Iteration time: 2.41s
                           Time elapsed: 00:07:24
                                    ETA: 00:14:29

################################################################################
[1m                          Learning iteration 669/1000                           [0m 

                               Run name: original_core_920ms_fresh
                            Total steps: 348160 
                       Steps per second: 787 
                        Collection time: 2.404s 
                          Learning time: 0.198s 
                        Mean value loss: 267.0122
                    Mean surrogate loss: -0.0145
                      Mean entropy loss: -20.3223
                            Mean reward: 758.04
                    Mean episode length: 235.44
                        Mean action std: 0.10
--------------------------------------------------------------------------------
                         Iteration time: 2.60s
                           Time elapsed: 00:07:26
                                    ETA: 00:14:27

################################################################################
[1m                          Learning iteration 670/1000                           [0m 

                               Run name: original_core_920ms_fresh
                            Total steps: 350208 
                       Steps per second: 725 
                        Collection time: 2.614s 
                          Learning time: 0.211s 
                        Mean value loss: 1066.2334
                    Mean surrogate loss: -0.0153
                      Mean entropy loss: -20.3223
                            Mean reward: 733.58
                    Mean episode length: 231.86
                        Mean action std: 0.10
--------------------------------------------------------------------------------
                         Iteration time: 2.82s
                           Time elapsed: 00:07:29
                                    ETA: 00:14:24

################################################################################
[1m                          Learning iteration 671/1000                           [0m 

                               Run name: original_core_920ms_fresh
                            Total steps: 352256 
                       Steps per second: 697 
                        Collection time: 2.725s 
                          Learning time: 0.210s 
                        Mean value loss: 534.4162
                    Mean surrogate loss: -0.0118
                      Mean entropy loss: -20.3223
                            Mean reward: 777.19
                    Mean episode length: 243.52
                        Mean action std: 0.10
--------------------------------------------------------------------------------
                         Iteration time: 2.94s
                           Time elapsed: 00:07:32
                                    ETA: 00:14:22

################################################################################
[1m                          Learning iteration 672/1000                           [0m 

                               Run name: original_core_920ms_fresh
                            Total steps: 354304 
                       Steps per second: 704 
                        Collection time: 2.689s 
                          Learning time: 0.219s 
                        Mean value loss: 368.8510
                    Mean surrogate loss: -0.0154
                      Mean entropy loss: -20.3223
                            Mean reward: 853.42
                    Mean episode length: 264.06
                        Mean action std: 0.10
--------------------------------------------------------------------------------
                         Iteration time: 2.91s
                           Time elapsed: 00:07:35
                                    ETA: 00:14:20

################################################################################
[1m                          Learning iteration 673/1000                           [0m 

                               Run name: original_core_920ms_fresh
                            Total steps: 356352 
                       Steps per second: 723 
                        Collection time: 2.630s 
                          Learning time: 0.200s 
                        Mean value loss: 852.7924
                    Mean surrogate loss: -0.0122
                      Mean entropy loss: -20.3223
                            Mean reward: 836.59
                    Mean episode length: 261.09
                        Mean action std: 0.10
  Episode_Reward/motion_global_root_pos: 0.0223
  Episode_Reward/motion_global_root_ori: 0.0261
         Episode_Reward/motion_body_pos: 0.0443
         Episode_Reward/motion_body_ori: 0.0443
     Episode_Reward/motion_body_lin_vel: 0.0550
     Episode_Reward/motion_body_ang_vel: 0.0524
          Episode_Reward/action_rate_l2: -0.0048
             Episode_Reward/joint_limit: -0.0025
         Episode_Reward/self_collisions: -0.0112
Episode_Reward/action_target_reference_l2: -0.0301
Episode_Reward/action_target_soft_limit_barrier: -0.0040
                   Episode_Reward/alive: 6.7467
 Episode_Reward/non_timeout_termination: -0.6561
Episode_Reward/worst_ee_z_normalized_squared: -0.1264
Episode_Reward/right_wrist_prethreshold_barrier: -0.0103
 Episode_Reward/requested_effort_excess: -0.0000
Episode_Reward/root_world_tracking_error: -0.0196
Episode_Reward/measured_joint_posture_l2: -0.0642
Episode_Reward/measured_feet_world_position_l2: -0.0515
Episode_Reward/original_task_position_l2: -0.0408
Episode_Reward/original_task_orientation_l2: -0.0250
        Metrics/motion/error_anchor_pos: 0.2651
        Metrics/motion/error_anchor_rot: 0.1388
    Metrics/motion/error_anchor_lin_vel: 0.4695
    Metrics/motion/error_anchor_ang_vel: 0.9061
          Metrics/motion/error_body_pos: 0.2758
          Metrics/motion/error_body_rot: 0.3137
         Metrics/motion/error_joint_pos: 1.1513
         Metrics/motion/error_joint_vel: 5.2443
        Metrics/motion/sampling_entropy: 0.0000
      Metrics/motion/sampling_top1_prob: 0.0000
       Metrics/motion/sampling_top1_bin: 0.0000
      Metrics/motion/error_body_lin_vel: 0.5261
      Metrics/motion/error_body_ang_vel: 1.4478
           Episode_Termination/time_out: 0.0000
         Episode_Termination/anchor_pos: 0.0000
         Episode_Termination/anchor_ori: 0.0000
        Episode_Termination/ee_body_pos: 0.0000
Episode_Termination/corpus_clip_time_out: 0.1429
Episode_Termination/invalid_native_model_actuation: 0.0000
Episode_Termination/world_root_tracking_failure: 1.1429
 Episode_Reward/world_potential_shaping: 0.0864
--------------------------------------------------------------------------------
                         Iteration time: 2.83s
                           Time elapsed: 00:07:38
                                    ETA: 00:14:18

################################################################################
[1m                          Learning iteration 674/1000                           [0m 

                               Run name: original_core_920ms_fresh
                            Total steps: 358400 
                       Steps per second: 370 
                        Collection time: 5.332s 
                          Learning time: 0.191s 
                        Mean value loss: 1084.9732
                    Mean surrogate loss: -0.0067
                      Mean entropy loss: -20.3223
                            Mean reward: 896.47
                    Mean episode length: 278.11
                        Mean action std: 0.10
--------------------------------------------------------------------------------
                         Iteration time: 5.52s
                           Time elapsed: 00:07:43
                                    ETA: 00:14:21

################################################################################
[1m                          Learning iteration 675/1000                           [0m 

                               Run name: original_core_920ms_fresh
                            Total steps: 360448 
                       Steps per second: 792 
                        Collection time: 2.409s 
                          Learning time: 0.175s 
                        Mean value loss: 651.6342
                    Mean surrogate loss: -0.0136
                      Mean entropy loss: -20.3223
                            Mean reward: 847.80
                    Mean episode length: 265.94
                        Mean action std: 0.10
  Episode_Reward/motion_global_root_pos: 0.0109
  Episode_Reward/motion_global_root_ori: 0.0131
         Episode_Reward/motion_body_pos: 0.0223
         Episode_Reward/motion_body_ori: 0.0223
     Episode_Reward/motion_body_lin_vel: 0.0278
     Episode_Reward/motion_body_ang_vel: 0.0264
          Episode_Reward/action_rate_l2: -0.0027
             Episode_Reward/joint_limit: -0.0001
         Episode_Reward/self_collisions: -0.0033
Episode_Reward/action_target_reference_l2: -0.0144
Episode_Reward/action_target_soft_limit_barrier: -0.0022
                   Episode_Reward/alive: 3.5215
 Episode_Reward/non_timeout_termination: -0.6124
Episode_Reward/worst_ee_z_normalized_squared: -0.0475
Episode_Reward/right_wrist_prethreshold_barrier: -0.0008
 Episode_Reward/requested_effort_excess: -0.0000
Episode_Reward/root_world_tracking_error: -0.0135
Episode_Reward/measured_joint_posture_l2: -0.0346
Episode_Reward/measured_feet_world_position_l2: -0.0264
Episode_Reward/original_task_position_l2: -0.0223
Episode_Reward/original_task_orientation_l2: -0.0132
        Metrics/motion/error_anchor_pos: 0.2818
        Metrics/motion/error_anchor_rot: 0.1738
    Metrics/motion/error_anchor_lin_vel: 0.4055
    Metrics/motion/error_anchor_ang_vel: 0.8602
          Metrics/motion/error_body_pos: 0.2761
          Metrics/motion/error_body_rot: 0.2884
         Metrics/motion/error_joint_pos: 1.0382
         Metrics/motion/error_joint_vel: 5.2650
        Metrics/motion/sampling_entropy: 0.0000
      Metrics/motion/sampling_top1_prob: 0.0000
       Metrics/motion/sampling_top1_bin: 0.0000
      Metrics/motion/error_body_lin_vel: 0.4403
      Metrics/motion/error_body_ang_vel: 1.2283
           Episode_Termination/time_out: 0.0000
         Episode_Termination/anchor_pos: 0.0000
         Episode_Termination/anchor_ori: 0.0000
        Episode_Termination/ee_body_pos: 0.0000
Episode_Termination/corpus_clip_time_out: 0.2000
Episode_Termination/invalid_native_model_actuation: 0.0000
Episode_Termination/world_root_tracking_failure: 1.0000
 Episode_Reward/world_potential_shaping: 0.0470
--------------------------------------------------------------------------------
                         Iteration time: 2.58s
                           Time elapsed: 00:07:46
                                    ETA: 00:14:18

################################################################################
[1m                          Learning iteration 676/1000                           [0m 

                               Run name: original_core_920ms_fresh
                            Total steps: 362496 
                       Steps per second: 768 
                        Collection time: 2.450s 
                          Learning time: 0.216s 
                        Mean value loss: 824.6021
                    Mean surrogate loss: -0.0090
                      Mean entropy loss: -20.3223
                            Mean reward: 845.64
                    Mean episode length: 265.87
                        Mean action std: 0.10
--------------------------------------------------------------------------------
                         Iteration time: 2.67s
                           Time elapsed: 00:07:48
                                    ETA: 00:14:15

################################################################################
[1m                          Learning iteration 677/1000                           [0m 

                               Run name: original_core_920ms_fresh
                            Total steps: 364544 
                       Steps per second: 771 
                        Collection time: 2.461s 
                          Learning time: 0.194s 
                        Mean value loss: 841.9239
                    Mean surrogate loss: -0.0114
                      Mean entropy loss: -20.3223
                            Mean reward: 1070.08
                    Mean episode length: 326.01
                        Mean action std: 0.10
--------------------------------------------------------------------------------
                         Iteration time: 2.65s
                           Time elapsed: 00:07:51
                                    ETA: 00:14:13

################################################################################
[1m                          Learning iteration 678/1000                           [0m 

                               Run name: original_core_920ms_fresh
                            Total steps: 366592 
                       Steps per second: 768 
                        Collection time: 2.463s 
                          Learning time: 0.202s 
                        Mean value loss: 814.6396
                    Mean surrogate loss: -0.0107
                      Mean entropy loss: -20.3223
                            Mean reward: 1043.98
                    Mean episode length: 319.91
                        Mean action std: 0.10
--------------------------------------------------------------------------------
                         Iteration time: 2.66s
                           Time elapsed: 00:07:54
                                    ETA: 00:14:10

################################################################################
[1m                          Learning iteration 679/1000                           [0m 

                               Run name: original_core_920ms_fresh
                            Total steps: 368640 
                       Steps per second: 752 
                        Collection time: 2.470s 
                          Learning time: 0.250s 
                        Mean value loss: 732.3593
                    Mean surrogate loss: -0.0156
                      Mean entropy loss: -20.3223
                            Mean reward: 994.41
                    Mean episode length: 306.95
                        Mean action std: 0.10
--------------------------------------------------------------------------------
                         Iteration time: 2.72s
                           Time elapsed: 00:07:56
                                    ETA: 00:14:07

################################################################################
[1m                          Learning iteration 680/1000                           [0m 

                               Run name: original_core_920ms_fresh
                            Total steps: 370688 
                       Steps per second: 720 
                        Collection time: 2.634s 
                          Learning time: 0.209s 
                        Mean value loss: 624.2310
                    Mean surrogate loss: -0.0149
                      Mean entropy loss: -20.3223
                            Mean reward: 1008.85
                    Mean episode length: 309.20
                        Mean action std: 0.10
--------------------------------------------------------------------------------
                         Iteration time: 2.84s
                           Time elapsed: 00:07:59
                                    ETA: 00:14:05

################################################################################
[1m                          Learning iteration 681/1000                           [0m 

                               Run name: original_core_920ms_fresh
                            Total steps: 372736 
                       Steps per second: 748 
                        Collection time: 2.522s 
                          Learning time: 0.215s 
                        Mean value loss: 698.4514
                    Mean surrogate loss: -0.0137
                      Mean entropy loss: -20.3223
                            Mean reward: 1034.50
                    Mean episode length: 314.28
                        Mean action std: 0.10
  Episode_Reward/motion_global_root_pos: 0.0281
  Episode_Reward/motion_global_root_ori: 0.0281
         Episode_Reward/motion_body_pos: 0.0556
         Episode_Reward/motion_body_ori: 0.0485
     Episode_Reward/motion_body_lin_vel: 0.0602
     Episode_Reward/motion_body_ang_vel: 0.0568
          Episode_Reward/action_rate_l2: -0.0053
             Episode_Reward/joint_limit: -0.0010
         Episode_Reward/self_collisions: -0.0220
Episode_Reward/action_target_reference_l2: -0.0316
Episode_Reward/action_target_soft_limit_barrier: -0.0051
                   Episode_Reward/alive: 7.4077
 Episode_Reward/non_timeout_termination: -0.7655
Episode_Reward/worst_ee_z_normalized_squared: -0.1261
Episode_Reward/right_wrist_prethreshold_barrier: -0.0174
 Episode_Reward/requested_effort_excess: 0.0000
Episode_Reward/root_world_tracking_error: -0.0133
Episode_Reward/measured_joint_posture_l2: -0.0656
Episode_Reward/measured_feet_world_position_l2: -0.0512
Episode_Reward/original_task_position_l2: -0.0409
Episode_Reward/original_task_orientation_l2: -0.0286
        Metrics/motion/error_anchor_pos: 0.2902
        Metrics/motion/error_anchor_rot: 0.1311
    Metrics/motion/error_anchor_lin_vel: 0.5701
    Metrics/motion/error_anchor_ang_vel: 1.2686
          Metrics/motion/error_body_pos: 0.2878
          Metrics/motion/error_body_rot: 0.3025
         Metrics/motion/error_joint_pos: 1.1306
         Metrics/motion/error_joint_vel: 6.2036
        Metrics/motion/sampling_entropy: 0.0000
      Metrics/motion/sampling_top1_prob: 0.0000
       Metrics/motion/sampling_top1_bin: 0.0000
      Metrics/motion/error_body_lin_vel: 0.6558
      Metrics/motion/error_body_ang_vel: 1.9608
           Episode_Termination/time_out: 0.0000
         Episode_Termination/anchor_pos: 0.0000
         Episode_Termination/anchor_ori: 0.0000
        Episode_Termination/ee_body_pos: 0.0000
Episode_Termination/corpus_clip_time_out: 0.0000
Episode_Termination/invalid_native_model_actuation: 0.0000
Episode_Termination/world_root_tracking_failure: 1.0000
 Episode_Reward/world_potential_shaping: 0.0793
--------------------------------------------------------------------------------
                         Iteration time: 2.74s
                           Time elapsed: 00:08:02
                                    ETA: 00:14:03

################################################################################
[1m                          Learning iteration 682/1000                           [0m 

                               Run name: original_core_920ms_fresh
                            Total steps: 374784 
                       Steps per second: 641 
                        Collection time: 2.915s 
                          Learning time: 0.278s 
                        Mean value loss: 446.2138
                    Mean surrogate loss: -0.0127
                      Mean entropy loss: -20.3223
                            Mean reward: 1064.86
                    Mean episode length: 320.88
                        Mean action std: 0.10
  Episode_Reward/motion_global_root_pos: 0.0169
  Episode_Reward/motion_global_root_ori: 0.0174
         Episode_Reward/motion_body_pos: 0.0334
         Episode_Reward/motion_body_ori: 0.0303
     Episode_Reward/motion_body_lin_vel: 0.0367
     Episode_Reward/motion_body_ang_vel: 0.0354
          Episode_Reward/action_rate_l2: -0.0031
             Episode_Reward/joint_limit: -0.0000
         Episode_Reward/self_collisions: -0.0225
Episode_Reward/action_target_reference_l2: -0.0157
Episode_Reward/action_target_soft_limit_barrier: -0.0029
                   Episode_Reward/alive: 4.5122
 Episode_Reward/non_timeout_termination: -0.7655
Episode_Reward/worst_ee_z_normalized_squared: -0.0550
Episode_Reward/right_wrist_prethreshold_barrier: -0.0046
 Episode_Reward/requested_effort_excess: -0.0000
Episode_Reward/root_world_tracking_error: -0.0092
Episode_Reward/measured_joint_posture_l2: -0.0367
Episode_Reward/measured_feet_world_position_l2: -0.0304
Episode_Reward/original_task_position_l2: -0.0221
Episode_Reward/original_task_orientation_l2: -0.0160
        Metrics/motion/error_anchor_pos: 0.2862
        Metrics/motion/error_anchor_rot: 0.1414
    Metrics/motion/error_anchor_lin_vel: 0.5651
    Metrics/motion/error_anchor_ang_vel: 0.8729
          Metrics/motion/error_body_pos: 0.2956
          Metrics/motion/error_body_rot: 0.2763
         Metrics/motion/error_joint_pos: 1.0685
         Metrics/motion/error_joint_vel: 6.1514
        Metrics/motion/sampling_entropy: 0.0000
      Metrics/motion/sampling_top1_prob: 0.0000
       Metrics/motion/sampling_top1_bin: 0.0000
      Metrics/motion/error_body_lin_vel: 0.5607
      Metrics/motion/error_body_ang_vel: 1.5323
           Episode_Termination/time_out: 0.0000
         Episode_Termination/anchor_pos: 0.0000
         Episode_Termination/anchor_ori: 0.0000
        Episode_Termination/ee_body_pos: 0.0000
Episode_Termination/corpus_clip_time_out: 0.0000
Episode_Termination/invalid_native_model_actuation: 0.0000
Episode_Termination/world_root_tracking_failure: 1.6667
 Episode_Reward/world_potential_shaping: 0.0497
--------------------------------------------------------------------------------
                         Iteration time: 3.19s
                           Time elapsed: 00:08:05
                                    ETA: 00:14:01

################################################################################
[1m                          Learning iteration 683/1000                           [0m 

                               Run name: original_core_920ms_fresh
                            Total steps: 376832 
                       Steps per second: 694 
                        Collection time: 2.746s 
                          Learning time: 0.202s 
                        Mean value loss: 907.1062
                    Mean surrogate loss: -0.0074
                      Mean entropy loss: -20.3223
                            Mean reward: 1039.89
                    Mean episode length: 314.46
                        Mean action std: 0.10
  Episode_Reward/motion_global_root_pos: 0.0129
  Episode_Reward/motion_global_root_ori: 0.0145
         Episode_Reward/motion_body_pos: 0.0256
         Episode_Reward/motion_body_ori: 0.0241
     Episode_Reward/motion_body_lin_vel: 0.0296
     Episode_Reward/motion_body_ang_vel: 0.0275
          Episode_Reward/action_rate_l2: -0.0034
             Episode_Reward/joint_limit: -0.0005
         Episode_Reward/self_collisions: -0.0086
Episode_Reward/action_target_reference_l2: -0.0199
Episode_Reward/action_target_soft_limit_barrier: -0.0035
                   Episode_Reward/alive: 3.9854
 Episode_Reward/non_timeout_termination: -0.6804
Episode_Reward/worst_ee_z_normalized_squared: -0.0636
Episode_Reward/right_wrist_prethreshold_barrier: -0.0036
 Episode_Reward/requested_effort_excess: -0.0000
Episode_Reward/root_world_tracking_error: -0.0162
Episode_Reward/measured_joint_posture_l2: -0.0464
Episode_Reward/measured_feet_world_position_l2: -0.0306
Episode_Reward/original_task_position_l2: -0.0245
Episode_Reward/original_task_orientation_l2: -0.0190
        Metrics/motion/error_anchor_pos: 0.2650
        Metrics/motion/error_anchor_rot: 0.2136
    Metrics/motion/error_anchor_lin_vel: 0.4738
    Metrics/motion/error_anchor_ang_vel: 0.8675
          Metrics/motion/error_body_pos: 0.2657
          Metrics/motion/error_body_rot: 0.3206
         Metrics/motion/error_joint_pos: 1.1594
         Metrics/motion/error_joint_vel: 4.9182
        Metrics/motion/sampling_entropy: 0.0000
      Metrics/motion/sampling_top1_prob: 0.0000
       Metrics/motion/sampling_top1_bin: 0.0000
      Metrics/motion/error_body_lin_vel: 0.5081
      Metrics/motion/error_body_ang_vel: 1.3191
           Episode_Termination/time_out: 0.0000
         Episode_Termination/anchor_pos: 0.0000
         Episode_Termination/anchor_ori: 0.0000
        Episode_Termination/ee_body_pos: 0.1111
Episode_Termination/corpus_clip_time_out: 0.1111
Episode_Termination/invalid_native_model_actuation: 0.0000
Episode_Termination/world_root_tracking_failure: 1.0000
 Episode_Reward/world_potential_shaping: 0.0564
--------------------------------------------------------------------------------
                         Iteration time: 2.95s
                           Time elapsed: 00:08:08
                                    ETA: 00:13:59

################################################################################
[1m                          Learning iteration 684/1000                           [0m 

                               Run name: original_core_920ms_fresh
                            Total steps: 378880 
                       Steps per second: 689 
                        Collection time: 2.741s 
                          Learning time: 0.230s 
                        Mean value loss: 303.5389
                    Mean surrogate loss: -0.0140
                      Mean entropy loss: -20.3223
                            Mean reward: 991.60
                    Mean episode length: 301.47
                        Mean action std: 0.10
  Episode_Reward/motion_global_root_pos: 0.0196
  Episode_Reward/motion_global_root_ori: 0.0206
         Episode_Reward/motion_body_pos: 0.0387
         Episode_Reward/motion_body_ori: 0.0344
     Episode_Reward/motion_body_lin_vel: 0.0413
     Episode_Reward/motion_body_ang_vel: 0.0384
          Episode_Reward/action_rate_l2: -0.0046
             Episode_Reward/joint_limit: -0.0002
         Episode_Reward/self_collisions: -0.0230
Episode_Reward/action_target_reference_l2: -0.0268
Episode_Reward/action_target_soft_limit_barrier: -0.0044
                   Episode_Reward/alive: 5.4844
 Episode_Reward/non_timeout_termination: -0.7655
Episode_Reward/worst_ee_z_normalized_squared: -0.0929
Episode_Reward/right_wrist_prethreshold_barrier: -0.0121
 Episode_Reward/requested_effort_excess: -0.0000
Episode_Reward/root_world_tracking_error: -0.0169
Episode_Reward/measured_joint_posture_l2: -0.0621
Episode_Reward/measured_feet_world_position_l2: -0.0397
Episode_Reward/original_task_position_l2: -0.0308
Episode_Reward/original_task_orientation_l2: -0.0265
        Metrics/motion/error_anchor_pos: 0.2808
        Metrics/motion/error_anchor_rot: 0.1763
    Metrics/motion/error_anchor_lin_vel: 0.5321
    Metrics/motion/error_anchor_ang_vel: 0.9573
          Metrics/motion/error_body_pos: 0.2945
          Metrics/motion/error_body_rot: 0.3339
         Metrics/motion/error_joint_pos: 1.0320
         Metrics/motion/error_joint_vel: 6.8309
        Metrics/motion/sampling_entropy: 0.0000
      Metrics/motion/sampling_top1_prob: 0.0000
       Metrics/motion/sampling_top1_bin: 0.0000
      Metrics/motion/error_body_lin_vel: 0.6534
      Metrics/motion/error_body_ang_vel: 1.8514
           Episode_Termination/time_out: 0.0000
         Episode_Termination/anchor_pos: 0.0000
         Episode_Termination/anchor_ori: 0.0000
        Episode_Termination/ee_body_pos: 0.2000
Episode_Termination/corpus_clip_time_out: 0.0000
Episode_Termination/invalid_native_model_actuation: 0.0000
Episode_Termination/world_root_tracking_failure: 1.0000
 Episode_Reward/world_potential_shaping: 0.0660
--------------------------------------------------------------------------------
                         Iteration time: 2.97s
                           Time elapsed: 00:08:11
                                    ETA: 00:13:57

################################################################################
[1m                          Learning iteration 685/1000                           [0m 

                               Run name: original_core_920ms_fresh
                            Total steps: 380928 
                       Steps per second: 369 
                        Collection time: 5.333s 
                          Learning time: 0.204s 
                        Mean value loss: 532.5934
                    Mean surrogate loss: -0.0137
                      Mean entropy loss: -20.3223
                            Mean reward: 953.79
                    Mean episode length: 290.26
                        Mean action std: 0.10
--------------------------------------------------------------------------------
                         Iteration time: 5.54s
                           Time elapsed: 00:08:17
                                    ETA: 00:13:59

################################################################################
[1m                          Learning iteration 686/1000                           [0m 

                               Run name: original_core_920ms_fresh
                            Total steps: 382976 
                       Steps per second: 745 
                        Collection time: 2.569s 
                          Learning time: 0.179s 
                        Mean value loss: 804.6226
                    Mean surrogate loss: -0.0100
                      Mean entropy loss: -20.3222
                            Mean reward: 903.11
                    Mean episode length: 273.61
                        Mean action std: 0.10
--------------------------------------------------------------------------------
                         Iteration time: 2.75s
                           Time elapsed: 00:08:19
                                    ETA: 00:13:56

################################################################################
[1m                          Learning iteration 687/1000                           [0m 

                               Run name: original_core_920ms_fresh
                            Total steps: 385024 
                       Steps per second: 771 
                        Collection time: 2.470s 
                          Learning time: 0.184s 
                        Mean value loss: 420.8579
                    Mean surrogate loss: -0.0102
                      Mean entropy loss: -20.3222
                            Mean reward: 946.77
                    Mean episode length: 285.29
                        Mean action std: 0.10
--------------------------------------------------------------------------------
                         Iteration time: 2.65s
                           Time elapsed: 00:08:22
                                    ETA: 00:13:54

################################################################################
[1m                          Learning iteration 688/1000                           [0m 

                               Run name: original_core_920ms_fresh
                            Total steps: 387072 
                       Steps per second: 747 
                        Collection time: 2.564s 
                          Learning time: 0.177s 
                        Mean value loss: 563.0966
                    Mean surrogate loss: -0.0099
                      Mean entropy loss: -20.3222
                            Mean reward: 990.33
                    Mean episode length: 297.03
                        Mean action std: 0.10
  Episode_Reward/motion_global_root_pos: 0.0143
  Episode_Reward/motion_global_root_ori: 0.0166
         Episode_Reward/motion_body_pos: 0.0285
         Episode_Reward/motion_body_ori: 0.0289
     Episode_Reward/motion_body_lin_vel: 0.0354
     Episode_Reward/motion_body_ang_vel: 0.0335
          Episode_Reward/action_rate_l2: -0.0035
             Episode_Reward/joint_limit: -0.0002
         Episode_Reward/self_collisions: -0.0087
Episode_Reward/action_target_reference_l2: -0.0191
Episode_Reward/action_target_soft_limit_barrier: -0.0029
                   Episode_Reward/alive: 4.4821
 Episode_Reward/non_timeout_termination: -0.6379
Episode_Reward/worst_ee_z_normalized_squared: -0.0588
Episode_Reward/right_wrist_prethreshold_barrier: -0.0010
 Episode_Reward/requested_effort_excess: -0.0000
Episode_Reward/root_world_tracking_error: -0.0166
Episode_Reward/measured_joint_posture_l2: -0.0458
Episode_Reward/measured_feet_world_position_l2: -0.0337
Episode_Reward/original_task_position_l2: -0.0264
Episode_Reward/original_task_orientation_l2: -0.0186
        Metrics/motion/error_anchor_pos: 0.2719
        Metrics/motion/error_anchor_rot: 0.1991
    Metrics/motion/error_anchor_lin_vel: 0.4054
    Metrics/motion/error_anchor_ang_vel: 0.6867
          Metrics/motion/error_body_pos: 0.2788
          Metrics/motion/error_body_rot: 0.3175
         Metrics/motion/error_joint_pos: 1.1442
         Metrics/motion/error_joint_vel: 5.8239
        Metrics/motion/sampling_entropy: 0.0000
      Metrics/motion/sampling_top1_prob: 0.0000
       Metrics/motion/sampling_top1_bin: 0.0000
      Metrics/motion/error_body_lin_vel: 0.4175
      Metrics/motion/error_body_ang_vel: 1.5007
           Episode_Termination/time_out: 0.0000
         Episode_Termination/anchor_pos: 0.0000
         Episode_Termination/anchor_ori: 0.0000
        Episode_Termination/ee_body_pos: 0.0000
Episode_Termination/corpus_clip_time_out: 0.1667
Episode_Termination/invalid_native_model_actuation: 0.0000
Episode_Termination/world_root_tracking_failure: 1.0000
 Episode_Reward/world_potential_shaping: 0.0598
--------------------------------------------------------------------------------
                         Iteration time: 2.74s
                           Time elapsed: 00:08:25
                                    ETA: 00:13:51

################################################################################
[1m                          Learning iteration 689/1000                           [0m 

                               Run name: original_core_920ms_fresh
                            Total steps: 389120 
                       Steps per second: 814 
                        Collection time: 2.313s 
                          Learning time: 0.201s 
                        Mean value loss: 373.3267
                    Mean surrogate loss: -0.0112
                      Mean entropy loss: -20.3222
                            Mean reward: 982.94
                    Mean episode length: 295.22
                        Mean action std: 0.10
  Episode_Reward/motion_global_root_pos: 0.0076
  Episode_Reward/motion_global_root_ori: 0.0104
         Episode_Reward/motion_body_pos: 0.0155
         Episode_Reward/motion_body_ori: 0.0181
     Episode_Reward/motion_body_lin_vel: 0.0212
     Episode_Reward/motion_body_ang_vel: 0.0207
          Episode_Reward/action_rate_l2: -0.0019
             Episode_Reward/joint_limit: -0.0000
         Episode_Reward/self_collisions: -0.0003
Episode_Reward/action_target_reference_l2: -0.0094
Episode_Reward/action_target_soft_limit_barrier: -0.0011
                   Episode_Reward/alive: 2.6257
 Episode_Reward/non_timeout_termination: -0.5741
Episode_Reward/worst_ee_z_normalized_squared: -0.0369
Episode_Reward/right_wrist_prethreshold_barrier: -0.0010
 Episode_Reward/requested_effort_excess: 0.0000
Episode_Reward/root_world_tracking_error: -0.0111
Episode_Reward/measured_joint_posture_l2: -0.0200
Episode_Reward/measured_feet_world_position_l2: -0.0206
Episode_Reward/original_task_position_l2: -0.0182
Episode_Reward/original_task_orientation_l2: -0.0082
        Metrics/motion/error_anchor_pos: 0.2706
        Metrics/motion/error_anchor_rot: 0.1930
    Metrics/motion/error_anchor_lin_vel: 0.6750
    Metrics/motion/error_anchor_ang_vel: 0.9221
          Metrics/motion/error_body_pos: 0.2788
          Metrics/motion/error_body_rot: 0.2943
         Metrics/motion/error_joint_pos: 1.1055
         Metrics/motion/error_joint_vel: 4.4557
        Metrics/motion/sampling_entropy: 0.0000
      Metrics/motion/sampling_top1_prob: 0.0000
       Metrics/motion/sampling_top1_bin: 0.0000
      Metrics/motion/error_body_lin_vel: 0.6498
      Metrics/motion/error_body_ang_vel: 1.4542
           Episode_Termination/time_out: 0.0000
         Episode_Termination/anchor_pos: 0.0000
         Episode_Termination/anchor_ori: 0.0000
        Episode_Termination/ee_body_pos: 0.0000
Episode_Termination/corpus_clip_time_out: 0.2500
Episode_Termination/invalid_native_model_actuation: 0.0000
Episode_Termination/world_root_tracking_failure: 0.7500
 Episode_Reward/world_potential_shaping: 0.0389
--------------------------------------------------------------------------------
                         Iteration time: 2.51s
                           Time elapsed: 00:08:27
                                    ETA: 00:13:48

################################################################################
[1m                          Learning iteration 690/1000                           [0m 

                               Run name: original_core_920ms_fresh
                            Total steps: 391168 
                       Steps per second: 712 
                        Collection time: 2.672s 
                          Learning time: 0.203s 
                        Mean value loss: 459.1521
                    Mean surrogate loss: -0.0045
                      Mean entropy loss: -20.3222
                            Mean reward: 896.52
                    Mean episode length: 271.74
                        Mean action std: 0.10
--------------------------------------------------------------------------------
                         Iteration time: 2.87s
                           Time elapsed: 00:08:30
                                    ETA: 00:13:46

################################################################################
[1m                          Learning iteration 691/1000                           [0m 

                               Run name: original_core_920ms_fresh
                            Total steps: 393216 
                       Steps per second: 735 
                        Collection time: 2.594s 
                          Learning time: 0.191s 
                        Mean value loss: 385.0138
                    Mean surrogate loss: -0.0070
                      Mean entropy loss: -20.3222
                            Mean reward: 773.14
                    Mean episode length: 238.04
                        Mean action std: 0.10
--------------------------------------------------------------------------------
                         Iteration time: 2.79s
                           Time elapsed: 00:08:33
                                    ETA: 00:13:43

################################################################################
[1m                          Learning iteration 692/1000                           [0m 

                               Run name: original_core_920ms_fresh
                            Total steps: 395264 
                       Steps per second: 754 
                        Collection time: 2.471s 
                          Learning time: 0.244s 
                        Mean value loss: 453.6309
                    Mean surrogate loss: -0.0038
                      Mean entropy loss: -20.3222
                            Mean reward: 779.24
                    Mean episode length: 240.02
                        Mean action std: 0.10
  Episode_Reward/motion_global_root_pos: 0.0066
  Episode_Reward/motion_global_root_ori: 0.0075
         Episode_Reward/motion_body_pos: 0.0129
         Episode_Reward/motion_body_ori: 0.0123
     Episode_Reward/motion_body_lin_vel: 0.0150
     Episode_Reward/motion_body_ang_vel: 0.0141
          Episode_Reward/action_rate_l2: -0.0018
             Episode_Reward/joint_limit: -0.0000
         Episode_Reward/self_collisions: -0.0008
Episode_Reward/action_target_reference_l2: -0.0102
Episode_Reward/action_target_soft_limit_barrier: -0.0026
                   Episode_Reward/alive: 2.0688
 Episode_Reward/non_timeout_termination: -0.7655
Episode_Reward/worst_ee_z_normalized_squared: -0.0242
Episode_Reward/right_wrist_prethreshold_barrier: -0.0040
 Episode_Reward/requested_effort_excess: -0.0000
Episode_Reward/root_world_tracking_error: -0.0097
Episode_Reward/measured_joint_posture_l2: -0.0286
Episode_Reward/measured_feet_world_position_l2: -0.0163
Episode_Reward/original_task_position_l2: -0.0134
Episode_Reward/original_task_orientation_l2: -0.0107
        Metrics/motion/error_anchor_pos: 0.2908
        Metrics/motion/error_anchor_rot: 0.2461
    Metrics/motion/error_anchor_lin_vel: 0.4043
    Metrics/motion/error_anchor_ang_vel: 0.7515
          Metrics/motion/error_body_pos: 0.3011
          Metrics/motion/error_body_rot: 0.3874
         Metrics/motion/error_joint_pos: 1.1477
         Metrics/motion/error_joint_vel: 6.1265
        Metrics/motion/sampling_entropy: 0.0000
      Metrics/motion/sampling_top1_prob: 0.0000
       Metrics/motion/sampling_top1_bin: 0.0000
      Metrics/motion/error_body_lin_vel: 0.4437
      Metrics/motion/error_body_ang_vel: 1.6204
           Episode_Termination/time_out: 0.0000
         Episode_Termination/anchor_pos: 0.0000
         Episode_Termination/anchor_ori: 0.0000
        Episode_Termination/ee_body_pos: 0.0000
Episode_Termination/corpus_clip_time_out: 0.0000
Episode_Termination/invalid_native_model_actuation: 0.0000
Episode_Termination/world_root_tracking_failure: 1.0000
 Episode_Reward/world_potential_shaping: 0.0390
--------------------------------------------------------------------------------
                         Iteration time: 2.72s
                           Time elapsed: 00:08:36
                                    ETA: 00:13:41

################################################################################
[1m                          Learning iteration 693/1000                           [0m 

                               Run name: original_core_920ms_fresh
                            Total steps: 397312 
                       Steps per second: 701 
                        Collection time: 2.685s 
                          Learning time: 0.235s 
                        Mean value loss: 268.5897
                    Mean surrogate loss: -0.0120
                      Mean entropy loss: -20.3222
                            Mean reward: 771.22
                    Mean episode length: 238.28
                        Mean action std: 0.10
--------------------------------------------------------------------------------
                         Iteration time: 2.92s
                           Time elapsed: 00:08:39
                                    ETA: 00:13:38

################################################################################
[1m                          Learning iteration 694/1000                           [0m 

                               Run name: original_core_920ms_fresh
                            Total steps: 399360 
                       Steps per second: 718 
                        Collection time: 2.633s 
                          Learning time: 0.216s 
                        Mean value loss: 339.8563
                    Mean surrogate loss: -0.0139
                      Mean entropy loss: -20.3222
                            Mean reward: 752.23
                    Mean episode length: 233.06
                        Mean action std: 0.10
  Episode_Reward/motion_global_root_pos: 0.0061
  Episode_Reward/motion_global_root_ori: 0.0068
         Episode_Reward/motion_body_pos: 0.0118
         Episode_Reward/motion_body_ori: 0.0109
     Episode_Reward/motion_body_lin_vel: 0.0119
     Episode_Reward/motion_body_ang_vel: 0.0116
          Episode_Reward/action_rate_l2: -0.0015
             Episode_Reward/joint_limit: -0.0001
         Episode_Reward/self_collisions: -0.0037
Episode_Reward/action_target_reference_l2: -0.0085
Episode_Reward/action_target_soft_limit_barrier: -0.0028
                   Episode_Reward/alive: 1.7357
 Episode_Reward/non_timeout_termination: -0.7655
Episode_Reward/worst_ee_z_normalized_squared: -0.0124
Episode_Reward/right_wrist_prethreshold_barrier: 0.0000
 Episode_Reward/requested_effort_excess: 0.0000
Episode_Reward/root_world_tracking_error: -0.0085
Episode_Reward/measured_joint_posture_l2: -0.0240
Episode_Reward/measured_feet_world_position_l2: -0.0132
Episode_Reward/original_task_position_l2: -0.0099
Episode_Reward/original_task_orientation_l2: -0.0093
        Metrics/motion/error_anchor_pos: 0.2709
        Metrics/motion/error_anchor_rot: 0.0908
    Metrics/motion/error_anchor_lin_vel: 0.9749
    Metrics/motion/error_anchor_ang_vel: 1.1823
          Metrics/motion/error_body_pos: 0.2858
          Metrics/motion/error_body_rot: 0.2649
         Metrics/motion/error_joint_pos: 0.9853
         Metrics/motion/error_joint_vel: 7.2453
        Metrics/motion/sampling_entropy: 0.0000
      Metrics/motion/sampling_top1_prob: 0.0000
       Metrics/motion/sampling_top1_bin: 0.0000
      Metrics/motion/error_body_lin_vel: 1.0161
      Metrics/motion/error_body_ang_vel: 2.0394
           Episode_Termination/time_out: 0.0000
         Episode_Termination/anchor_pos: 0.0000
         Episode_Termination/anchor_ori: 0.0000
        Episode_Termination/ee_body_pos: 0.0000
Episode_Termination/corpus_clip_time_out: 0.0000
Episode_Termination/invalid_native_model_actuation: 0.0000
Episode_Termination/world_root_tracking_failure: 1.0000
 Episode_Reward/world_potential_shaping: 0.0308
--------------------------------------------------------------------------------
                         Iteration time: 2.85s
                           Time elapsed: 00:08:42
                                    ETA: 00:13:36

################################################################################
[1m                          Learning iteration 695/1000                           [0m 

                               Run name: original_core_920ms_fresh
                            Total steps: 401408 
                       Steps per second: 795 
                        Collection time: 2.351s 
                          Learning time: 0.223s 
                        Mean value loss: 882.7467
                    Mean surrogate loss: -0.0113
                      Mean entropy loss: -20.3222
                            Mean reward: 874.24
                    Mean episode length: 264.93
                        Mean action std: 0.10
--------------------------------------------------------------------------------
                         Iteration time: 2.57s
                           Time elapsed: 00:08:44
                                    ETA: 00:13:33

################################################################################
[1m                          Learning iteration 696/1000                           [0m 

                               Run name: original_core_920ms_fresh
                            Total steps: 403456 
                       Steps per second: 376 
                        Collection time: 2.255s 
                          Learning time: 3.187s 
                        Mean value loss: 438.9186
                    Mean surrogate loss: -0.0084
                      Mean entropy loss: -20.3222
                            Mean reward: 831.14
                    Mean episode length: 254.66
                        Mean action std: 0.10
--------------------------------------------------------------------------------
                         Iteration time: 5.44s
                           Time elapsed: 00:08:50
                                    ETA: 00:13:35

################################################################################
[1m                          Learning iteration 697/1000                           [0m 

                               Run name: original_core_920ms_fresh
                            Total steps: 405504 
                       Steps per second: 846 
                        Collection time: 2.227s 
                          Learning time: 0.193s 
                        Mean value loss: 640.5664
                    Mean surrogate loss: -0.0086
                      Mean entropy loss: -20.3222
                            Mean reward: 830.35
                    Mean episode length: 253.93
                        Mean action std: 0.10
--------------------------------------------------------------------------------
                         Iteration time: 2.42s
                           Time elapsed: 00:08:52
                                    ETA: 00:13:32

################################################################################
[1m                          Learning iteration 698/1000                           [0m 

                               Run name: original_core_920ms_fresh
                            Total steps: 407552 
                       Steps per second: 828 
                        Collection time: 2.292s 
                          Learning time: 0.180s 
                        Mean value loss: 682.2854
                    Mean surrogate loss: -0.0070
                      Mean entropy loss: -20.3222
                            Mean reward: 825.05
                    Mean episode length: 251.39
                        Mean action std: 0.10
  Episode_Reward/motion_global_root_pos: 0.0103
  Episode_Reward/motion_global_root_ori: 0.0110
         Episode_Reward/motion_body_pos: 0.0202
         Episode_Reward/motion_body_ori: 0.0186
     Episode_Reward/motion_body_lin_vel: 0.0225
     Episode_Reward/motion_body_ang_vel: 0.0211
          Episode_Reward/action_rate_l2: -0.0024
             Episode_Reward/joint_limit: -0.0001
         Episode_Reward/self_collisions: -0.0048
Episode_Reward/action_target_reference_l2: -0.0128
Episode_Reward/action_target_soft_limit_barrier: -0.0022
                   Episode_Reward/alive: 2.9225
 Episode_Reward/non_timeout_termination: -0.7655
Episode_Reward/worst_ee_z_normalized_squared: -0.0356
Episode_Reward/right_wrist_prethreshold_barrier: -0.0016
 Episode_Reward/requested_effort_excess: -0.0000
Episode_Reward/root_world_tracking_error: -0.0095
Episode_Reward/measured_joint_posture_l2: -0.0337
Episode_Reward/measured_feet_world_position_l2: -0.0215
Episode_Reward/original_task_position_l2: -0.0170
Episode_Reward/original_task_orientation_l2: -0.0130
        Metrics/motion/error_anchor_pos: 0.2535
        Metrics/motion/error_anchor_rot: 0.1554
    Metrics/motion/error_anchor_lin_vel: 0.4746
    Metrics/motion/error_anchor_ang_vel: 0.9065
          Metrics/motion/error_body_pos: 0.2635
          Metrics/motion/error_body_rot: 0.3234
         Metrics/motion/error_joint_pos: 1.0740
         Metrics/motion/error_joint_vel: 6.6253
        Metrics/motion/sampling_entropy: 0.0000
      Metrics/motion/sampling_top1_prob: 0.0000
       Metrics/motion/sampling_top1_bin: 0.0000
      Metrics/motion/error_body_lin_vel: 0.5599
      Metrics/motion/error_body_ang_vel: 1.6333
           Episode_Termination/time_out: 0.0000
         Episode_Termination/anchor_pos: 0.0000
         Episode_Termination/anchor_ori: 0.0000
        Episode_Termination/ee_body_pos: 0.2500
Episode_Termination/corpus_clip_time_out: 0.0000
Episode_Termination/invalid_native_model_actuation: 0.0000
Episode_Termination/world_root_tracking_failure: 1.1250
 Episode_Reward/world_potential_shaping: 0.0438
--------------------------------------------------------------------------------
                         Iteration time: 2.47s
                           Time elapsed: 00:08:54
                                    ETA: 00:13:29

################################################################################
[1m                          Learning iteration 699/1000                           [0m 

                               Run name: original_core_920ms_fresh
                            Total steps: 409600 
                       Steps per second: 805 
                        Collection time: 2.352s 
                          Learning time: 0.191s 
                        Mean value loss: 380.9818
                    Mean surrogate loss: -0.0113
                      Mean entropy loss: -20.3222
                            Mean reward: 842.32
                    Mean episode length: 256.85
                        Mean action std: 0.10
  Episode_Reward/motion_global_root_pos: 0.0181
  Episode_Reward/motion_global_root_ori: 0.0216
         Episode_Reward/motion_body_pos: 0.0359
         Episode_Reward/motion_body_ori: 0.0387
     Episode_Reward/motion_body_lin_vel: 0.0464
     Episode_Reward/motion_body_ang_vel: 0.0443
          Episode_Reward/action_rate_l2: -0.0040
             Episode_Reward/joint_limit: -0.0001
         Episode_Reward/self_collisions: -0.0103
Episode_Reward/action_target_reference_l2: -0.0222
Episode_Reward/action_target_soft_limit_barrier: -0.0035
                   Episode_Reward/alive: 5.6826
 Episode_Reward/non_timeout_termination: -0.5468
Episode_Reward/worst_ee_z_normalized_squared: -0.0752
Episode_Reward/right_wrist_prethreshold_barrier: -0.0016
 Episode_Reward/requested_effort_excess: -0.0000
Episode_Reward/root_world_tracking_error: -0.0184
Episode_Reward/measured_joint_posture_l2: -0.0414
Episode_Reward/measured_feet_world_position_l2: -0.0426
Episode_Reward/original_task_position_l2: -0.0349
Episode_Reward/original_task_orientation_l2: -0.0209
        Metrics/motion/error_anchor_pos: 0.2627
        Metrics/motion/error_anchor_rot: 0.1613
    Metrics/motion/error_anchor_lin_vel: 0.4444
    Metrics/motion/error_anchor_ang_vel: 0.5993
          Metrics/motion/error_body_pos: 0.2701
          Metrics/motion/error_body_rot: 0.2849
         Metrics/motion/error_joint_pos: 1.0535
         Metrics/motion/error_joint_vel: 3.8445
        Metrics/motion/sampling_entropy: 0.0000
      Metrics/motion/sampling_top1_prob: 0.0000
       Metrics/motion/sampling_top1_bin: 0.0000
      Metrics/motion/error_body_lin_vel: 0.4712
      Metrics/motion/error_body_ang_vel: 1.0525
           Episode_Termination/time_out: 0.0000
         Episode_Termination/anchor_pos: 0.0000
         Episode_Termination/anchor_ori: 0.0000
        Episode_Termination/ee_body_pos: 0.0000
Episode_Termination/corpus_clip_time_out: 0.4286
Episode_Termination/invalid_native_model_actuation: 0.0000
Episode_Termination/world_root_tracking_failure: 0.8571
 Episode_Reward/world_potential_shaping: 0.0688
--------------------------------------------------------------------------------
                         Iteration time: 2.54s
                           Time elapsed: 00:08:57
                                    ETA: 00:13:26

################################################################################
[1m                          Learning iteration 700/1000                           [0m 

                               Run name: original_core_920ms_fresh
                            Total steps: 411648 
                       Steps per second: 700 
                        Collection time: 2.717s 
                          Learning time: 0.207s 
                        Mean value loss: 752.9532
                    Mean surrogate loss: -0.0066
                      Mean entropy loss: -20.3222
                            Mean reward: 848.21
                    Mean episode length: 260.53
                        Mean action std: 0.10
--------------------------------------------------------------------------------
                         Iteration time: 2.92s
                           Time elapsed: 00:09:00
                                    ETA: 00:13:23

################################################################################
[1m                          Learning iteration 701/1000                           [0m 

                               Run name: original_core_920ms_fresh
                            Total steps: 413696 
                       Steps per second: 769 
                        Collection time: 2.421s 
                          Learning time: 0.239s 
                        Mean value loss: 506.2344
                    Mean surrogate loss: -0.0089
                      Mean entropy loss: -20.3222
                            Mean reward: 792.22
                    Mean episode length: 244.31
                        Mean action std: 0.10
--------------------------------------------------------------------------------
                         Iteration time: 2.66s
                           Time elapsed: 00:09:03
                                    ETA: 00:13:21

################################################################################
[1m                          Learning iteration 702/1000                           [0m 

                               Run name: original_core_920ms_fresh
                            Total steps: 415744 
                       Steps per second: 731 
                        Collection time: 2.581s 
                          Learning time: 0.220s 
                        Mean value loss: 537.3194
                    Mean surrogate loss: -0.0082
                      Mean entropy loss: -20.3222
                            Mean reward: 824.21
                    Mean episode length: 253.45
                        Mean action std: 0.10
--------------------------------------------------------------------------------
                         Iteration time: 2.80s
                           Time elapsed: 00:09:05
                                    ETA: 00:13:18

################################################################################
[1m                          Learning iteration 703/1000                           [0m 

                               Run name: original_core_920ms_fresh
                            Total steps: 417792 
                       Steps per second: 831 
                        Collection time: 2.242s 
                          Learning time: 0.220s 
                        Mean value loss: 452.1640
                    Mean surrogate loss: -0.0146
                      Mean entropy loss: -20.3222
                            Mean reward: 824.17
                    Mean episode length: 253.37
                        Mean action std: 0.10
--------------------------------------------------------------------------------
                         Iteration time: 2.46s
                           Time elapsed: 00:09:08
                                    ETA: 00:13:15

################################################################################
[1m                          Learning iteration 704/1000                           [0m 

                               Run name: original_core_920ms_fresh
                            Total steps: 419840 
                       Steps per second: 747 
                        Collection time: 2.533s 
                          Learning time: 0.207s 
                        Mean value loss: 512.0400
                    Mean surrogate loss: -0.0101
                      Mean entropy loss: -20.3222
                            Mean reward: 817.90
                    Mean episode length: 251.26
                        Mean action std: 0.10
--------------------------------------------------------------------------------
                         Iteration time: 2.74s
                           Time elapsed: 00:09:11
                                    ETA: 00:13:12

################################################################################
[1m                          Learning iteration 705/1000                           [0m 

                               Run name: original_core_920ms_fresh
                            Total steps: 421888 
                       Steps per second: 788 
                        Collection time: 2.413s 
                          Learning time: 0.186s 
                        Mean value loss: 449.7261
                    Mean surrogate loss: -0.0151
                      Mean entropy loss: -20.3222
                            Mean reward: 811.10
                    Mean episode length: 250.49
                        Mean action std: 0.10
--------------------------------------------------------------------------------
                         Iteration time: 2.60s
                           Time elapsed: 00:09:13
                                    ETA: 00:13:10

################################################################################
[1m                          Learning iteration 706/1000                           [0m 

                               Run name: original_core_920ms_fresh
                            Total steps: 423936 
                       Steps per second: 833 
                        Collection time: 2.272s 
                          Learning time: 0.184s 
                        Mean value loss: 568.3299
                    Mean surrogate loss: -0.0136
                      Mean entropy loss: -20.3222
                            Mean reward: 914.78
                    Mean episode length: 278.37
                        Mean action std: 0.10
  Episode_Reward/motion_global_root_pos: 0.0227
  Episode_Reward/motion_global_root_ori: 0.0248
         Episode_Reward/motion_body_pos: 0.0451
         Episode_Reward/motion_body_ori: 0.0419
     Episode_Reward/motion_body_lin_vel: 0.0521
     Episode_Reward/motion_body_ang_vel: 0.0486
          Episode_Reward/action_rate_l2: -0.0050
             Episode_Reward/joint_limit: -0.0009
         Episode_Reward/self_collisions: -0.0077
Episode_Reward/action_target_reference_l2: -0.0300
Episode_Reward/action_target_soft_limit_barrier: -0.0041
                   Episode_Reward/alive: 6.5730
 Episode_Reward/non_timeout_termination: -0.6698
Episode_Reward/worst_ee_z_normalized_squared: -0.1052
Episode_Reward/right_wrist_prethreshold_barrier: -0.0061
 Episode_Reward/requested_effort_excess: -0.0000
Episode_Reward/root_world_tracking_error: -0.0189
Episode_Reward/measured_joint_posture_l2: -0.0663
Episode_Reward/measured_feet_world_position_l2: -0.0483
Episode_Reward/original_task_position_l2: -0.0376
Episode_Reward/original_task_orientation_l2: -0.0282
        Metrics/motion/error_anchor_pos: 0.2725
        Metrics/motion/error_anchor_rot: 0.1848
    Metrics/motion/error_anchor_lin_vel: 0.4132
    Metrics/motion/error_anchor_ang_vel: 1.0397
          Metrics/motion/error_body_pos: 0.2799
          Metrics/motion/error_body_rot: 0.3172
         Metrics/motion/error_joint_pos: 1.0647
         Metrics/motion/error_joint_vel: 5.5456
        Metrics/motion/sampling_entropy: 0.0000
      Metrics/motion/sampling_top1_prob: 0.0000
       Metrics/motion/sampling_top1_bin: 0.0000
      Metrics/motion/error_body_lin_vel: 0.4701
      Metrics/motion/error_body_ang_vel: 1.5406
           Episode_Termination/time_out: 0.0000
         Episode_Termination/anchor_pos: 0.0000
         Episode_Termination/anchor_ori: 0.0000
        Episode_Termination/ee_body_pos: 0.0000
Episode_Termination/corpus_clip_time_out: 0.1250
Episode_Termination/invalid_native_model_actuation: 0.0000
Episode_Termination/world_root_tracking_failure: 1.1250
 Episode_Reward/world_potential_shaping: 0.0789
--------------------------------------------------------------------------------
                         Iteration time: 2.46s
                           Time elapsed: 00:09:16
                                    ETA: 00:13:07

################################################################################
[1m                          Learning iteration 707/1000                           [0m 

                               Run name: original_core_920ms_fresh
                            Total steps: 425984 
                       Steps per second: 665 
                        Collection time: 2.866s 
                          Learning time: 0.209s 
                        Mean value loss: 414.5962
                    Mean surrogate loss: -0.0150
                      Mean entropy loss: -20.3222
                            Mean reward: 931.93
                    Mean episode length: 282.76
                        Mean action std: 0.10
  Episode_Reward/motion_global_root_pos: 0.0098
  Episode_Reward/motion_global_root_ori: 0.0111
         Episode_Reward/motion_body_pos: 0.0198
         Episode_Reward/motion_body_ori: 0.0178
     Episode_Reward/motion_body_lin_vel: 0.0214
     Episode_Reward/motion_body_ang_vel: 0.0198
          Episode_Reward/action_rate_l2: -0.0025
             Episode_Reward/joint_limit: -0.0001
         Episode_Reward/self_collisions: -0.0015
Episode_Reward/action_target_reference_l2: -0.0152
Episode_Reward/action_target_soft_limit_barrier: -0.0029
                   Episode_Reward/alive: 2.9037
 Episode_Reward/non_timeout_termination: -0.7655
Episode_Reward/worst_ee_z_normalized_squared: -0.0473
Episode_Reward/right_wrist_prethreshold_barrier: -0.0041
 Episode_Reward/requested_effort_excess: -0.0000
Episode_Reward/root_world_tracking_error: -0.0115
Episode_Reward/measured_joint_posture_l2: -0.0382
Episode_Reward/measured_feet_world_position_l2: -0.0218
Episode_Reward/original_task_position_l2: -0.0179
Episode_Reward/original_task_orientation_l2: -0.0146
        Metrics/motion/error_anchor_pos: 0.2763
        Metrics/motion/error_anchor_rot: 0.1898
    Metrics/motion/error_anchor_lin_vel: 0.4691
    Metrics/motion/error_anchor_ang_vel: 0.5512
          Metrics/motion/error_body_pos: 0.2845
          Metrics/motion/error_body_rot: 0.2995
         Metrics/motion/error_joint_pos: 0.9023
         Metrics/motion/error_joint_vel: 4.4707
        Metrics/motion/sampling_entropy: 0.0000
      Metrics/motion/sampling_top1_prob: 0.0000
       Metrics/motion/sampling_top1_bin: 0.0000
      Metrics/motion/error_body_lin_vel: 0.4759
      Metrics/motion/error_body_ang_vel: 1.2559
           Episode_Termination/time_out: 0.0000
         Episode_Termination/anchor_pos: 0.0000
         Episode_Termination/anchor_ori: 0.0000
        Episode_Termination/ee_body_pos: 0.2000
Episode_Termination/corpus_clip_time_out: 0.0000
Episode_Termination/invalid_native_model_actuation: 0.0000
Episode_Termination/world_root_tracking_failure: 1.2000
 Episode_Reward/world_potential_shaping: 0.0445
--------------------------------------------------------------------------------
                         Iteration time: 3.08s
                           Time elapsed: 00:09:19
                                    ETA: 00:13:05

################################################################################
[1m                          Learning iteration 708/1000                           [0m 

                               Run name: original_core_920ms_fresh
                            Total steps: 428032 
                       Steps per second: 347 
                        Collection time: 5.712s 
                          Learning time: 0.185s 
                        Mean value loss: 584.5734
                    Mean surrogate loss: -0.0139
                      Mean entropy loss: -20.3222
                            Mean reward: 795.11
                    Mean episode length: 246.47
                        Mean action std: 0.10
  Episode_Reward/motion_global_root_pos: 0.0105
  Episode_Reward/motion_global_root_ori: 0.0108
         Episode_Reward/motion_body_pos: 0.0208
         Episode_Reward/motion_body_ori: 0.0195
     Episode_Reward/motion_body_lin_vel: 0.0229
     Episode_Reward/motion_body_ang_vel: 0.0221
          Episode_Reward/action_rate_l2: -0.0022
             Episode_Reward/joint_limit: 0.0000
         Episode_Reward/self_collisions: -0.0079
Episode_Reward/action_target_reference_l2: -0.0110
Episode_Reward/action_target_soft_limit_barrier: -0.0024
                   Episode_Reward/alive: 2.9289
 Episode_Reward/non_timeout_termination: -0.6561
Episode_Reward/worst_ee_z_normalized_squared: -0.0305
Episode_Reward/right_wrist_prethreshold_barrier: 0.0000
 Episode_Reward/requested_effort_excess: -0.0000
Episode_Reward/root_world_tracking_error: -0.0083
Episode_Reward/measured_joint_posture_l2: -0.0230
Episode_Reward/measured_feet_world_position_l2: -0.0214
Episode_Reward/original_task_position_l2: -0.0163
Episode_Reward/original_task_orientation_l2: -0.0108
        Metrics/motion/error_anchor_pos: 0.2658
        Metrics/motion/error_anchor_rot: 0.2154
    Metrics/motion/error_anchor_lin_vel: 0.3964
    Metrics/motion/error_anchor_ang_vel: 1.2214
          Metrics/motion/error_body_pos: 0.2733
          Metrics/motion/error_body_rot: 0.3285
         Metrics/motion/error_joint_pos: 1.0633
         Metrics/motion/error_joint_vel: 6.0270
        Metrics/motion/sampling_entropy: 0.0000
      Metrics/motion/sampling_top1_prob: 0.0000
       Metrics/motion/sampling_top1_bin: 0.0000
      Metrics/motion/error_body_lin_vel: 0.5368
      Metrics/motion/error_body_ang_vel: 1.8035
           Episode_Termination/time_out: 0.0000
         Episode_Termination/anchor_pos: 0.0000
         Episode_Termination/anchor_ori: 0.0000
        Episode_Termination/ee_body_pos: 0.0000
Episode_Termination/corpus_clip_time_out: 0.1429
Episode_Termination/invalid_native_model_actuation: 0.0000
Episode_Termination/world_root_tracking_failure: 1.0000
 Episode_Reward/world_potential_shaping: 0.0370
--------------------------------------------------------------------------------
                         Iteration time: 5.90s
                           Time elapsed: 00:09:25
                                    ETA: 00:13:06

################################################################################
[1m                          Learning iteration 709/1000                           [0m 

                               Run name: original_core_920ms_fresh
                            Total steps: 430080 
                       Steps per second: 748 
                        Collection time: 2.550s 
                          Learning time: 0.185s 
                        Mean value loss: 754.8565
                    Mean surrogate loss: -0.0129
                      Mean entropy loss: -20.3222
                            Mean reward: 785.09
                    Mean episode length: 243.07
                        Mean action std: 0.10
--------------------------------------------------------------------------------
                         Iteration time: 2.74s
                           Time elapsed: 00:09:27
                                    ETA: 00:13:04

################################################################################
[1m                          Learning iteration 710/1000                           [0m 

                               Run name: original_core_920ms_fresh
                            Total steps: 432128 
                       Steps per second: 775 
                        Collection time: 2.467s 
                          Learning time: 0.175s 
                        Mean value loss: 858.1226
                    Mean surrogate loss: -0.0035
                      Mean entropy loss: -20.3222
                            Mean reward: 788.59
                    Mean episode length: 245.66
                        Mean action std: 0.10
--------------------------------------------------------------------------------
                         Iteration time: 2.64s
                           Time elapsed: 00:09:30
                                    ETA: 00:13:01

################################################################################
[1m                          Learning iteration 711/1000                           [0m 

                               Run name: original_core_920ms_fresh
                            Total steps: 434176 
                       Steps per second: 711 
                        Collection time: 2.694s 
                          Learning time: 0.185s 
                        Mean value loss: 502.7128
                    Mean surrogate loss: -0.0041
                      Mean entropy loss: -20.3222
                            Mean reward: 808.39
                    Mean episode length: 249.65
                        Mean action std: 0.10
--------------------------------------------------------------------------------
                         Iteration time: 2.88s
                           Time elapsed: 00:09:33
                                    ETA: 00:12:58

################################################################################
[1m                          Learning iteration 712/1000                           [0m 

                               Run name: original_core_920ms_fresh
                            Total steps: 436224 
                       Steps per second: 764 
                        Collection time: 2.479s 
                          Learning time: 0.200s 
                        Mean value loss: 462.8528
                    Mean surrogate loss: -0.0094
                      Mean entropy loss: -20.3222
                            Mean reward: 782.51
                    Mean episode length: 242.34
                        Mean action std: 0.10
--------------------------------------------------------------------------------
                         Iteration time: 2.68s
                           Time elapsed: 00:09:36
                                    ETA: 00:12:56

################################################################################
[1m                          Learning iteration 713/1000                           [0m 

                               Run name: original_core_920ms_fresh
                            Total steps: 438272 
                       Steps per second: 767 
                        Collection time: 2.491s 
                          Learning time: 0.178s 
                        Mean value loss: 496.4033
                    Mean surrogate loss: -0.0096
                      Mean entropy loss: -20.3222
                            Mean reward: 764.27
                    Mean episode length: 236.36
                        Mean action std: 0.10
--------------------------------------------------------------------------------
                         Iteration time: 2.67s
                           Time elapsed: 00:09:38
                                    ETA: 00:12:53

################################################################################
[1m                          Learning iteration 714/1000                           [0m 

                               Run name: original_core_920ms_fresh
                            Total steps: 440320 
                       Steps per second: 724 
                        Collection time: 2.597s 
                          Learning time: 0.230s 
                        Mean value loss: 649.3512
                    Mean surrogate loss: -0.0082
                      Mean entropy loss: -20.3222
                            Mean reward: 780.85
                    Mean episode length: 241.64
                        Mean action std: 0.10
--------------------------------------------------------------------------------
                         Iteration time: 2.83s
                           Time elapsed: 00:09:41
                                    ETA: 00:12:50

################################################################################
[1m                          Learning iteration 715/1000                           [0m 

                               Run name: original_core_920ms_fresh
                            Total steps: 442368 
                       Steps per second: 768 
                        Collection time: 2.456s 
                          Learning time: 0.210s 
                        Mean value loss: 448.8204
                    Mean surrogate loss: -0.0125
                      Mean entropy loss: -20.3222
                            Mean reward: 770.53
                    Mean episode length: 238.15
                        Mean action std: 0.10
  Episode_Reward/motion_global_root_pos: 0.0072
  Episode_Reward/motion_global_root_ori: 0.0081
         Episode_Reward/motion_body_pos: 0.0140
         Episode_Reward/motion_body_ori: 0.0133
     Episode_Reward/motion_body_lin_vel: 0.0154
     Episode_Reward/motion_body_ang_vel: 0.0145
          Episode_Reward/action_rate_l2: -0.0018
             Episode_Reward/joint_limit: 0.0000
         Episode_Reward/self_collisions: -0.0014
Episode_Reward/action_target_reference_l2: -0.0112
Episode_Reward/action_target_soft_limit_barrier: -0.0027
                   Episode_Reward/alive: 2.1108
 Episode_Reward/non_timeout_termination: -0.7655
Episode_Reward/worst_ee_z_normalized_squared: -0.0271
Episode_Reward/right_wrist_prethreshold_barrier: 0.0000
 Episode_Reward/requested_effort_excess: 0.0000
Episode_Reward/root_world_tracking_error: -0.0087
Episode_Reward/measured_joint_posture_l2: -0.0263
Episode_Reward/measured_feet_world_position_l2: -0.0151
Episode_Reward/original_task_position_l2: -0.0125
Episode_Reward/original_task_orientation_l2: -0.0104
        Metrics/motion/error_anchor_pos: 0.2879
        Metrics/motion/error_anchor_rot: 0.1134
    Metrics/motion/error_anchor_lin_vel: 0.6253
    Metrics/motion/error_anchor_ang_vel: 1.1596
          Metrics/motion/error_body_pos: 0.2998
          Metrics/motion/error_body_rot: 0.2653
         Metrics/motion/error_joint_pos: 1.0502
         Metrics/motion/error_joint_vel: 5.4400
        Metrics/motion/sampling_entropy: 0.0000
      Metrics/motion/sampling_top1_prob: 0.0000
       Metrics/motion/sampling_top1_bin: 0.0000
      Metrics/motion/error_body_lin_vel: 0.6231
      Metrics/motion/error_body_ang_vel: 1.5939
           Episode_Termination/time_out: 0.0000
         Episode_Termination/anchor_pos: 0.0000
         Episode_Termination/anchor_ori: 0.0000
        Episode_Termination/ee_body_pos: 0.0000
Episode_Termination/corpus_clip_time_out: 0.0000
Episode_Termination/invalid_native_model_actuation: 0.0000
Episode_Termination/world_root_tracking_failure: 1.1667
 Episode_Reward/world_potential_shaping: 0.0344
--------------------------------------------------------------------------------
                         Iteration time: 2.67s
                           Time elapsed: 00:09:44
                                    ETA: 00:12:48

################################################################################
[1m                          Learning iteration 716/1000                           [0m 

                               Run name: original_core_920ms_fresh
                            Total steps: 444416 
                       Steps per second: 759 
                        Collection time: 2.507s 
                          Learning time: 0.188s 
                        Mean value loss: 465.3207
                    Mean surrogate loss: -0.0169
                      Mean entropy loss: -20.3222
                            Mean reward: 748.20
                    Mean episode length: 230.67
                        Mean action std: 0.10
  Episode_Reward/motion_global_root_pos: 0.0112
  Episode_Reward/motion_global_root_ori: 0.0118
         Episode_Reward/motion_body_pos: 0.0221
         Episode_Reward/motion_body_ori: 0.0194
     Episode_Reward/motion_body_lin_vel: 0.0242
     Episode_Reward/motion_body_ang_vel: 0.0220
          Episode_Reward/action_rate_l2: -0.0026
             Episode_Reward/joint_limit: -0.0009
         Episode_Reward/self_collisions: -0.0081
Episode_Reward/action_target_reference_l2: -0.0147
Episode_Reward/action_target_soft_limit_barrier: -0.0035
                   Episode_Reward/alive: 3.1354
 Episode_Reward/non_timeout_termination: -0.7655
Episode_Reward/worst_ee_z_normalized_squared: -0.0512
Episode_Reward/right_wrist_prethreshold_barrier: -0.0006
 Episode_Reward/requested_effort_excess: -0.0000
Episode_Reward/root_world_tracking_error: -0.0097
Episode_Reward/measured_joint_posture_l2: -0.0310
Episode_Reward/measured_feet_world_position_l2: -0.0202
Episode_Reward/original_task_position_l2: -0.0173
Episode_Reward/original_task_orientation_l2: -0.0139
        Metrics/motion/error_anchor_pos: 0.2859
        Metrics/motion/error_anchor_rot: 0.1277
    Metrics/motion/error_anchor_lin_vel: 0.5174
    Metrics/motion/error_anchor_ang_vel: 0.7142
          Metrics/motion/error_body_pos: 0.2910
          Metrics/motion/error_body_rot: 0.2765
         Metrics/motion/error_joint_pos: 0.9692
         Metrics/motion/error_joint_vel: 5.2316
        Metrics/motion/sampling_entropy: 0.0000
      Metrics/motion/sampling_top1_prob: 0.0000
       Metrics/motion/sampling_top1_bin: 0.0000
      Metrics/motion/error_body_lin_vel: 0.5611
      Metrics/motion/error_body_ang_vel: 1.3991
           Episode_Termination/time_out: 0.0000
         Episode_Termination/anchor_pos: 0.0000
         Episode_Termination/anchor_ori: 0.0000
        Episode_Termination/ee_body_pos: 0.0000
Episode_Termination/corpus_clip_time_out: 0.0000
Episode_Termination/invalid_native_model_actuation: 0.0000
Episode_Termination/world_root_tracking_failure: 1.1250
 Episode_Reward/world_potential_shaping: 0.0420
--------------------------------------------------------------------------------
                         Iteration time: 2.70s
                           Time elapsed: 00:09:46
                                    ETA: 00:12:45

################################################################################
[1m                          Learning iteration 717/1000                           [0m 

                               Run name: original_core_920ms_fresh
                            Total steps: 446464 
                       Steps per second: 675 
                        Collection time: 2.855s 
                          Learning time: 0.178s 
                        Mean value loss: 442.7443
                    Mean surrogate loss: -0.0122
                      Mean entropy loss: -20.3222
                            Mean reward: 778.50
                    Mean episode length: 238.38
                        Mean action std: 0.10
--------------------------------------------------------------------------------
                         Iteration time: 3.03s
                           Time elapsed: 00:09:49
                                    ETA: 00:12:43

################################################################################
[1m                          Learning iteration 718/1000                           [0m 

                               Run name: original_core_920ms_fresh
                            Total steps: 448512 
                       Steps per second: 751 
                        Collection time: 2.498s 
                          Learning time: 0.226s 
                        Mean value loss: 936.0322
                    Mean surrogate loss: -0.0124
                      Mean entropy loss: -20.3222
                            Mean reward: 903.39
                    Mean episode length: 265.84
                        Mean action std: 0.10
--------------------------------------------------------------------------------
                         Iteration time: 2.72s
                           Time elapsed: 00:09:52
                                    ETA: 00:12:40

################################################################################
[1m                          Learning iteration 719/1000                           [0m 

                               Run name: original_core_920ms_fresh
                            Total steps: 450560 
                       Steps per second: 724 
                        Collection time: 2.634s 
                          Learning time: 0.193s 
                        Mean value loss: 408.7306
                    Mean surrogate loss: -0.0142
                      Mean entropy loss: -20.3222
                            Mean reward: 881.13
                    Mean episode length: 258.73
                        Mean action std: 0.10
  Episode_Reward/motion_global_root_pos: 0.0066
  Episode_Reward/motion_global_root_ori: 0.0069
         Episode_Reward/motion_body_pos: 0.0130
         Episode_Reward/motion_body_ori: 0.0122
     Episode_Reward/motion_body_lin_vel: 0.0135
     Episode_Reward/motion_body_ang_vel: 0.0130
          Episode_Reward/action_rate_l2: -0.0015
             Episode_Reward/joint_limit: -0.0002
         Episode_Reward/self_collisions: -0.0071
Episode_Reward/action_target_reference_l2: -0.0094
Episode_Reward/action_target_soft_limit_barrier: -0.0024
                   Episode_Reward/alive: 1.8147
 Episode_Reward/non_timeout_termination: -0.7655
Episode_Reward/worst_ee_z_normalized_squared: -0.0189
Episode_Reward/right_wrist_prethreshold_barrier: 0.0000
 Episode_Reward/requested_effort_excess: 0.0000
Episode_Reward/root_world_tracking_error: -0.0065
Episode_Reward/measured_joint_posture_l2: -0.0214
Episode_Reward/measured_feet_world_position_l2: -0.0124
Episode_Reward/original_task_position_l2: -0.0097
Episode_Reward/original_task_orientation_l2: -0.0077
        Metrics/motion/error_anchor_pos: 0.2873
        Metrics/motion/error_anchor_rot: 0.1345
    Metrics/motion/error_anchor_lin_vel: 0.4831
    Metrics/motion/error_anchor_ang_vel: 0.8141
          Metrics/motion/error_body_pos: 0.3025
          Metrics/motion/error_body_rot: 0.2870
         Metrics/motion/error_joint_pos: 1.1020
         Metrics/motion/error_joint_vel: 4.9676
        Metrics/motion/sampling_entropy: 0.0000
      Metrics/motion/sampling_top1_prob: 0.0000
       Metrics/motion/sampling_top1_bin: 0.0000
      Metrics/motion/error_body_lin_vel: 0.5287
      Metrics/motion/error_body_ang_vel: 1.3599
           Episode_Termination/time_out: 0.0000
         Episode_Termination/anchor_pos: 0.0000
         Episode_Termination/anchor_ori: 0.0000
        Episode_Termination/ee_body_pos: 0.0000
Episode_Termination/corpus_clip_time_out: 0.0000
Episode_Termination/invalid_native_model_actuation: 0.0000
Episode_Termination/world_root_tracking_failure: 1.6667
 Episode_Reward/world_potential_shaping: 0.0291
--------------------------------------------------------------------------------
                         Iteration time: 2.83s
                           Time elapsed: 00:09:55
                                    ETA: 00:12:37

################################################################################
[1m                          Learning iteration 720/1000                           [0m 

                               Run name: original_core_920ms_fresh
                            Total steps: 452608 
                       Steps per second: 356 
                        Collection time: 5.569s 
                          Learning time: 0.176s 
                        Mean value loss: 422.9347
                    Mean surrogate loss: -0.0148
                      Mean entropy loss: -20.3222
                            Mean reward: 845.48
                    Mean episode length: 249.94
                        Mean action std: 0.10
--------------------------------------------------------------------------------
                         Iteration time: 5.74s
                           Time elapsed: 00:10:01
                                    ETA: 00:12:38

################################################################################
[1m                          Learning iteration 721/1000                           [0m 

                               Run name: original_core_920ms_fresh
                            Total steps: 454656 
                       Steps per second: 788 
                        Collection time: 2.389s 
                          Learning time: 0.208s 
                        Mean value loss: 481.6499
                    Mean surrogate loss: -0.0152
                      Mean entropy loss: -20.3222
                            Mean reward: 887.33
                    Mean episode length: 262.49
                        Mean action std: 0.10
  Episode_Reward/motion_global_root_pos: 0.0114
  Episode_Reward/motion_global_root_ori: 0.0131
         Episode_Reward/motion_body_pos: 0.0226
         Episode_Reward/motion_body_ori: 0.0216
     Episode_Reward/motion_body_lin_vel: 0.0261
     Episode_Reward/motion_body_ang_vel: 0.0233
          Episode_Reward/action_rate_l2: -0.0031
             Episode_Reward/joint_limit: -0.0006
         Episode_Reward/self_collisions: -0.0067
Episode_Reward/action_target_reference_l2: -0.0187
Episode_Reward/action_target_soft_limit_barrier: -0.0033
                   Episode_Reward/alive: 3.4985
 Episode_Reward/non_timeout_termination: -0.7655
Episode_Reward/worst_ee_z_normalized_squared: -0.0712
Episode_Reward/right_wrist_prethreshold_barrier: -0.0031
 Episode_Reward/requested_effort_excess: -0.0000
Episode_Reward/root_world_tracking_error: -0.0136
Episode_Reward/measured_joint_posture_l2: -0.0431
Episode_Reward/measured_feet_world_position_l2: -0.0269
Episode_Reward/original_task_position_l2: -0.0227
Episode_Reward/original_task_orientation_l2: -0.0171
        Metrics/motion/error_anchor_pos: 0.2434
        Metrics/motion/error_anchor_rot: 0.1740
    Metrics/motion/error_anchor_lin_vel: 0.4652
    Metrics/motion/error_anchor_ang_vel: 1.0288
          Metrics/motion/error_body_pos: 0.2586
          Metrics/motion/error_body_rot: 0.3060
         Metrics/motion/error_joint_pos: 0.9676
         Metrics/motion/error_joint_vel: 5.9175
        Metrics/motion/sampling_entropy: 0.0000
      Metrics/motion/sampling_top1_prob: 0.0000
       Metrics/motion/sampling_top1_bin: 0.0000
      Metrics/motion/error_body_lin_vel: 0.4809
      Metrics/motion/error_body_ang_vel: 1.8764
           Episode_Termination/time_out: 0.0000
         Episode_Termination/anchor_pos: 0.0000
         Episode_Termination/anchor_ori: 0.0000
        Episode_Termination/ee_body_pos: 0.2000
Episode_Termination/corpus_clip_time_out: 0.0000
Episode_Termination/invalid_native_model_actuation: 0.0000
Episode_Termination/world_root_tracking_failure: 1.0000
 Episode_Reward/world_potential_shaping: 0.0531
--------------------------------------------------------------------------------
                         Iteration time: 2.60s
                           Time elapsed: 00:10:03
                                    ETA: 00:12:36

################################################################################
[1m                          Learning iteration 722/1000                           [0m 

                               Run name: original_core_920ms_fresh
                            Total steps: 456704 
                       Steps per second: 702 
                        Collection time: 2.729s 
                          Learning time: 0.188s 
                        Mean value loss: 351.5058
                    Mean surrogate loss: -0.0152
                      Mean entropy loss: -20.3222
                            Mean reward: 822.34
                    Mean episode length: 246.69
                        Mean action std: 0.10
--------------------------------------------------------------------------------
                         Iteration time: 2.92s
                           Time elapsed: 00:10:06
                                    ETA: 00:12:33

################################################################################
[1m                          Learning iteration 723/1000                           [0m 

                               Run name: original_core_920ms_fresh
                            Total steps: 458752 
                       Steps per second: 748 
                        Collection time: 2.551s 
                          Learning time: 0.184s 
                        Mean value loss: 457.1911
                    Mean surrogate loss: -0.0111
                      Mean entropy loss: -20.3222
                            Mean reward: 805.98
                    Mean episode length: 239.14
                        Mean action std: 0.10
  Episode_Reward/motion_global_root_pos: 0.0139
  Episode_Reward/motion_global_root_ori: 0.0145
         Episode_Reward/motion_body_pos: 0.0275
         Episode_Reward/motion_body_ori: 0.0238
     Episode_Reward/motion_body_lin_vel: 0.0300
     Episode_Reward/motion_body_ang_vel: 0.0278
          Episode_Reward/action_rate_l2: -0.0030
             Episode_Reward/joint_limit: -0.0011
         Episode_Reward/self_collisions: -0.0095
Episode_Reward/action_target_reference_l2: -0.0180
Episode_Reward/action_target_soft_limit_barrier: -0.0026
                   Episode_Reward/alive: 3.7811
 Episode_Reward/non_timeout_termination: -0.7655
Episode_Reward/worst_ee_z_normalized_squared: -0.0700
Episode_Reward/right_wrist_prethreshold_barrier: -0.0060
 Episode_Reward/requested_effort_excess: -0.0000
Episode_Reward/root_world_tracking_error: -0.0092
Episode_Reward/measured_joint_posture_l2: -0.0415
Episode_Reward/measured_feet_world_position_l2: -0.0253
Episode_Reward/original_task_position_l2: -0.0214
Episode_Reward/original_task_orientation_l2: -0.0179
        Metrics/motion/error_anchor_pos: 0.2907
        Metrics/motion/error_anchor_rot: 0.1455
    Metrics/motion/error_anchor_lin_vel: 0.5262
    Metrics/motion/error_anchor_ang_vel: 0.6750
          Metrics/motion/error_body_pos: 0.2992
          Metrics/motion/error_body_rot: 0.3442
         Metrics/motion/error_joint_pos: 1.1013
         Metrics/motion/error_joint_vel: 5.0680
        Metrics/motion/sampling_entropy: 0.0000
      Metrics/motion/sampling_top1_prob: 0.0000
       Metrics/motion/sampling_top1_bin: 0.0000
      Metrics/motion/error_body_lin_vel: 0.5732
      Metrics/motion/error_body_ang_vel: 1.5426
           Episode_Termination/time_out: 0.0000
         Episode_Termination/anchor_pos: 0.0000
         Episode_Termination/anchor_ori: 0.0000
        Episode_Termination/ee_body_pos: 0.0000
Episode_Termination/corpus_clip_time_out: 0.0000
Episode_Termination/invalid_native_model_actuation: 0.0000
Episode_Termination/world_root_tracking_failure: 1.3750
 Episode_Reward/world_potential_shaping: 0.0459
--------------------------------------------------------------------------------
                         Iteration time: 2.73s
                           Time elapsed: 00:10:09
                                    ETA: 00:12:30

################################################################################
[1m                          Learning iteration 724/1000                           [0m 

                               Run name: original_core_920ms_fresh
                            Total steps: 460800 
                       Steps per second: 721 
                        Collection time: 2.657s 
                          Learning time: 0.181s 
                        Mean value loss: 976.3620
                    Mean surrogate loss: -0.0146
                      Mean entropy loss: -20.3222
                            Mean reward: 859.89
                    Mean episode length: 257.18
                        Mean action std: 0.10
  Episode_Reward/motion_global_root_pos: 0.0272
  Episode_Reward/motion_global_root_ori: 0.0320
         Episode_Reward/motion_body_pos: 0.0544
         Episode_Reward/motion_body_ori: 0.0548
     Episode_Reward/motion_body_lin_vel: 0.0668
     Episode_Reward/motion_body_ang_vel: 0.0625
          Episode_Reward/action_rate_l2: -0.0062
             Episode_Reward/joint_limit: -0.0028
         Episode_Reward/self_collisions: -0.0100
Episode_Reward/action_target_reference_l2: -0.0380
Episode_Reward/action_target_soft_limit_barrier: -0.0052
                   Episode_Reward/alive: 8.3116
 Episode_Reward/non_timeout_termination: -0.7655
Episode_Reward/worst_ee_z_normalized_squared: -0.1671
Episode_Reward/right_wrist_prethreshold_barrier: -0.0181
 Episode_Reward/requested_effort_excess: -0.0000
Episode_Reward/root_world_tracking_error: -0.0256
Episode_Reward/measured_joint_posture_l2: -0.0781
Episode_Reward/measured_feet_world_position_l2: -0.0616
Episode_Reward/original_task_position_l2: -0.0524
Episode_Reward/original_task_orientation_l2: -0.0330
        Metrics/motion/error_anchor_pos: 0.2935
        Metrics/motion/error_anchor_rot: 0.1857
    Metrics/motion/error_anchor_lin_vel: 0.5238
    Metrics/motion/error_anchor_ang_vel: 1.1734
          Metrics/motion/error_body_pos: 0.2958
          Metrics/motion/error_body_rot: 0.3316
         Metrics/motion/error_joint_pos: 1.1240
         Metrics/motion/error_joint_vel: 5.9916
        Metrics/motion/sampling_entropy: 0.0000
      Metrics/motion/sampling_top1_prob: 0.0000
       Metrics/motion/sampling_top1_bin: 0.0000
      Metrics/motion/error_body_lin_vel: 0.5899
      Metrics/motion/error_body_ang_vel: 1.8908
           Episode_Termination/time_out: 0.0000
         Episode_Termination/anchor_pos: 0.0000
         Episode_Termination/anchor_ori: 0.0000
        Episode_Termination/ee_body_pos: 0.0000
Episode_Termination/corpus_clip_time_out: 0.0000
Episode_Termination/invalid_native_model_actuation: 0.0000
Episode_Termination/world_root_tracking_failure: 1.3333
 Episode_Reward/world_potential_shaping: 0.1036
--------------------------------------------------------------------------------
                         Iteration time: 2.84s
                           Time elapsed: 00:10:12
                                    ETA: 00:12:28

################################################################################
[1m                          Learning iteration 725/1000                           [0m 

                               Run name: original_core_920ms_fresh
                            Total steps: 462848 
                       Steps per second: 727 
                        Collection time: 2.618s 
                          Learning time: 0.197s 
                        Mean value loss: 489.6416
                    Mean surrogate loss: -0.0111
                      Mean entropy loss: -20.3222
                            Mean reward: 876.88
                    Mean episode length: 262.04
                        Mean action std: 0.10
--------------------------------------------------------------------------------
                         Iteration time: 2.82s
                           Time elapsed: 00:10:15
                                    ETA: 00:12:25

################################################################################
[1m                          Learning iteration 726/1000                           [0m 

                               Run name: original_core_920ms_fresh
                            Total steps: 464896 
                       Steps per second: 804 
                        Collection time: 2.367s 
                          Learning time: 0.177s 
                        Mean value loss: 422.3185
                    Mean surrogate loss: -0.0108
                      Mean entropy loss: -20.3222
                            Mean reward: 860.21
                    Mean episode length: 258.18
                        Mean action std: 0.10
  Episode_Reward/motion_global_root_pos: 0.0133
  Episode_Reward/motion_global_root_ori: 0.0147
         Episode_Reward/motion_body_pos: 0.0264
         Episode_Reward/motion_body_ori: 0.0260
     Episode_Reward/motion_body_lin_vel: 0.0309
     Episode_Reward/motion_body_ang_vel: 0.0294
          Episode_Reward/action_rate_l2: -0.0027
             Episode_Reward/joint_limit: -0.0002
         Episode_Reward/self_collisions: -0.0175
Episode_Reward/action_target_reference_l2: -0.0141
Episode_Reward/action_target_soft_limit_barrier: -0.0022
                   Episode_Reward/alive: 3.7888
 Episode_Reward/non_timeout_termination: -0.7655
Episode_Reward/worst_ee_z_normalized_squared: -0.0483
Episode_Reward/right_wrist_prethreshold_barrier: -0.0030
 Episode_Reward/requested_effort_excess: 0.0000
Episode_Reward/root_world_tracking_error: -0.0097
Episode_Reward/measured_joint_posture_l2: -0.0290
Episode_Reward/measured_feet_world_position_l2: -0.0278
Episode_Reward/original_task_position_l2: -0.0208
Episode_Reward/original_task_orientation_l2: -0.0151
        Metrics/motion/error_anchor_pos: 0.2818
        Metrics/motion/error_anchor_rot: 0.1528
    Metrics/motion/error_anchor_lin_vel: 0.4579
    Metrics/motion/error_anchor_ang_vel: 0.7484
          Metrics/motion/error_body_pos: 0.2900
          Metrics/motion/error_body_rot: 0.3225
         Metrics/motion/error_joint_pos: 1.0612
         Metrics/motion/error_joint_vel: 5.1394
        Metrics/motion/sampling_entropy: 0.0000
      Metrics/motion/sampling_top1_prob: 0.0000
       Metrics/motion/sampling_top1_bin: 0.0000
      Metrics/motion/error_body_lin_vel: 0.4800
      Metrics/motion/error_body_ang_vel: 1.3715
           Episode_Termination/time_out: 0.0000
         Episode_Termination/anchor_pos: 0.0000
         Episode_Termination/anchor_ori: 0.0000
        Episode_Termination/ee_body_pos: 0.1429
Episode_Termination/corpus_clip_time_out: 0.0000
Episode_Termination/invalid_native_model_actuation: 0.0000
Episode_Termination/world_root_tracking_failure: 1.1429
 Episode_Reward/world_potential_shaping: 0.0498
--------------------------------------------------------------------------------
                         Iteration time: 2.54s
                           Time elapsed: 00:10:17
                                    ETA: 00:12:22

################################################################################
[1m                          Learning iteration 727/1000                           [0m 

                               Run name: original_core_920ms_fresh
                            Total steps: 466944 
                       Steps per second: 776 
                        Collection time: 2.455s 
                          Learning time: 0.182s 
                        Mean value loss: 740.7734
                    Mean surrogate loss: -0.0121
                      Mean entropy loss: -20.3222
                            Mean reward: 881.70
                    Mean episode length: 265.05
                        Mean action std: 0.10
  Episode_Reward/motion_global_root_pos: 0.0103
  Episode_Reward/motion_global_root_ori: 0.0117
         Episode_Reward/motion_body_pos: 0.0204
         Episode_Reward/motion_body_ori: 0.0193
     Episode_Reward/motion_body_lin_vel: 0.0239
     Episode_Reward/motion_body_ang_vel: 0.0217
          Episode_Reward/action_rate_l2: -0.0026
             Episode_Reward/joint_limit: -0.0006
         Episode_Reward/self_collisions: -0.0048
Episode_Reward/action_target_reference_l2: -0.0160
Episode_Reward/action_target_soft_limit_barrier: -0.0031
                   Episode_Reward/alive: 3.1042
 Episode_Reward/non_timeout_termination: -0.7655
Episode_Reward/worst_ee_z_normalized_squared: -0.0409
Episode_Reward/right_wrist_prethreshold_barrier: -0.0004
 Episode_Reward/requested_effort_excess: -0.0000
Episode_Reward/root_world_tracking_error: -0.0108
Episode_Reward/measured_joint_posture_l2: -0.0404
Episode_Reward/measured_feet_world_position_l2: -0.0236
Episode_Reward/original_task_position_l2: -0.0198
Episode_Reward/original_task_orientation_l2: -0.0162
        Metrics/motion/error_anchor_pos: 0.2876
        Metrics/motion/error_anchor_rot: 0.1821
    Metrics/motion/error_anchor_lin_vel: 0.4843
    Metrics/motion/error_anchor_ang_vel: 0.5825
          Metrics/motion/error_body_pos: 0.2994
          Metrics/motion/error_body_rot: 0.3244
         Metrics/motion/error_joint_pos: 1.1101
         Metrics/motion/error_joint_vel: 4.5923
        Metrics/motion/sampling_entropy: 0.0000
      Metrics/motion/sampling_top1_prob: 0.0000
       Metrics/motion/sampling_top1_bin: 0.0000
      Metrics/motion/error_body_lin_vel: 0.4848
      Metrics/motion/error_body_ang_vel: 1.2250
           Episode_Termination/time_out: 0.0000
         Episode_Termination/anchor_pos: 0.0000
         Episode_Termination/anchor_ori: 0.0000
        Episode_Termination/ee_body_pos: 0.0000
Episode_Termination/corpus_clip_time_out: 0.0000
Episode_Termination/invalid_native_model_actuation: 0.0000
Episode_Termination/world_root_tracking_failure: 1.1429
 Episode_Reward/world_potential_shaping: 0.0481
--------------------------------------------------------------------------------
                         Iteration time: 2.64s
                           Time elapsed: 00:10:20
                                    ETA: 00:12:19

################################################################################
[1m                          Learning iteration 728/1000                           [0m 

                               Run name: original_core_920ms_fresh
                            Total steps: 468992 
                       Steps per second: 784 
                        Collection time: 2.425s 
                          Learning time: 0.186s 
                        Mean value loss: 463.2440
                    Mean surrogate loss: -0.0111
                      Mean entropy loss: -20.3222
                            Mean reward: 869.31
                    Mean episode length: 261.68
                        Mean action std: 0.10
  Episode_Reward/motion_global_root_pos: 0.0087
  Episode_Reward/motion_global_root_ori: 0.0091
         Episode_Reward/motion_body_pos: 0.0171
         Episode_Reward/motion_body_ori: 0.0132
     Episode_Reward/motion_body_lin_vel: 0.0179
     Episode_Reward/motion_body_ang_vel: 0.0170
          Episode_Reward/action_rate_l2: -0.0018
             Episode_Reward/joint_limit: -0.0014
         Episode_Reward/self_collisions: -0.0047
Episode_Reward/action_target_reference_l2: -0.0123
Episode_Reward/action_target_soft_limit_barrier: -0.0021
                   Episode_Reward/alive: 2.3285
 Episode_Reward/non_timeout_termination: -0.7655
Episode_Reward/worst_ee_z_normalized_squared: -0.0440
Episode_Reward/right_wrist_prethreshold_barrier: -0.0081
 Episode_Reward/requested_effort_excess: -0.0000
Episode_Reward/root_world_tracking_error: -0.0070
Episode_Reward/measured_joint_posture_l2: -0.0335
Episode_Reward/measured_feet_world_position_l2: -0.0155
Episode_Reward/original_task_position_l2: -0.0134
Episode_Reward/original_task_orientation_l2: -0.0124
        Metrics/motion/error_anchor_pos: 0.2891
        Metrics/motion/error_anchor_rot: 0.1011
    Metrics/motion/error_anchor_lin_vel: 0.6487
    Metrics/motion/error_anchor_ang_vel: 1.1928
          Metrics/motion/error_body_pos: 0.2916
          Metrics/motion/error_body_rot: 0.2915
         Metrics/motion/error_joint_pos: 1.0186
         Metrics/motion/error_joint_vel: 5.7697
        Metrics/motion/sampling_entropy: 0.0000
      Metrics/motion/sampling_top1_prob: 0.0000
       Metrics/motion/sampling_top1_bin: 0.0000
      Metrics/motion/error_body_lin_vel: 0.6616
      Metrics/motion/error_body_ang_vel: 1.8223
           Episode_Termination/time_out: 0.0000
         Episode_Termination/anchor_pos: 0.0000
         Episode_Termination/anchor_ori: 0.0000
        Episode_Termination/ee_body_pos: 0.0000
Episode_Termination/corpus_clip_time_out: 0.0000
Episode_Termination/invalid_native_model_actuation: 0.0000
Episode_Termination/world_root_tracking_failure: 1.1667
 Episode_Reward/world_potential_shaping: 0.0327
--------------------------------------------------------------------------------
                         Iteration time: 2.61s
                           Time elapsed: 00:10:22
                                    ETA: 00:12:17

################################################################################
[1m                          Learning iteration 729/1000                           [0m 

                               Run name: original_core_920ms_fresh
                            Total steps: 471040 
                       Steps per second: 802 
                        Collection time: 2.378s 
                          Learning time: 0.175s 
                        Mean value loss: 476.8148
                    Mean surrogate loss: -0.0140
                      Mean entropy loss: -20.3222
                            Mean reward: 833.93
                    Mean episode length: 253.24
                        Mean action std: 0.10
  Episode_Reward/motion_global_root_pos: 0.0165
  Episode_Reward/motion_global_root_ori: 0.0189
         Episode_Reward/motion_body_pos: 0.0329
         Episode_Reward/motion_body_ori: 0.0316
     Episode_Reward/motion_body_lin_vel: 0.0383
     Episode_Reward/motion_body_ang_vel: 0.0355
          Episode_Reward/action_rate_l2: -0.0038
             Episode_Reward/joint_limit: -0.0004
         Episode_Reward/self_collisions: -0.0073
Episode_Reward/action_target_reference_l2: -0.0228
Episode_Reward/action_target_soft_limit_barrier: -0.0037
                   Episode_Reward/alive: 4.9120
 Episode_Reward/non_timeout_termination: -0.7655
Episode_Reward/worst_ee_z_normalized_squared: -0.0734
Episode_Reward/right_wrist_prethreshold_barrier: -0.0045
 Episode_Reward/requested_effort_excess: -0.0000
Episode_Reward/root_world_tracking_error: -0.0161
Episode_Reward/measured_joint_posture_l2: -0.0525
Episode_Reward/measured_feet_world_position_l2: -0.0359
Episode_Reward/original_task_position_l2: -0.0289
Episode_Reward/original_task_orientation_l2: -0.0228
        Metrics/motion/error_anchor_pos: 0.2841
        Metrics/motion/error_anchor_rot: 0.1754
    Metrics/motion/error_anchor_lin_vel: 0.6523
    Metrics/motion/error_anchor_ang_vel: 0.9952
          Metrics/motion/error_body_pos: 0.2968
          Metrics/motion/error_body_rot: 0.2980
         Metrics/motion/error_joint_pos: 0.9743
         Metrics/motion/error_joint_vel: 5.8012
        Metrics/motion/sampling_entropy: 0.0000
      Metrics/motion/sampling_top1_prob: 0.0000
       Metrics/motion/sampling_top1_bin: 0.0000
      Metrics/motion/error_body_lin_vel: 0.6714
      Metrics/motion/error_body_ang_vel: 1.7778
           Episode_Termination/time_out: 0.0000
         Episode_Termination/anchor_pos: 0.0000
         Episode_Termination/anchor_ori: 0.0000
        Episode_Termination/ee_body_pos: 0.0000
Episode_Termination/corpus_clip_time_out: 0.0000
Episode_Termination/invalid_native_model_actuation: 0.0000
Episode_Termination/world_root_tracking_failure: 1.2222
 Episode_Reward/world_potential_shaping: 0.0639
--------------------------------------------------------------------------------
                         Iteration time: 2.55s
                           Time elapsed: 00:10:25
                                    ETA: 00:12:14

################################################################################
[1m                          Learning iteration 730/1000                           [0m 

                               Run name: original_core_920ms_fresh
                            Total steps: 473088 
                       Steps per second: 827 
                        Collection time: 2.290s 
                          Learning time: 0.184s 
                        Mean value loss: 512.1142
                    Mean surrogate loss: -0.0119
                      Mean entropy loss: -20.3222
                            Mean reward: 846.35
                    Mean episode length: 257.32
                        Mean action std: 0.10
--------------------------------------------------------------------------------
                         Iteration time: 2.47s
                           Time elapsed: 00:10:27
                                    ETA: 00:12:11

################################################################################
[1m                          Learning iteration 731/1000                           [0m 

                               Run name: original_core_920ms_fresh
                            Total steps: 475136 
                       Steps per second: 375 
                        Collection time: 5.287s 
                          Learning time: 0.172s 
                        Mean value loss: 359.2418
                    Mean surrogate loss: -0.0081
                      Mean entropy loss: -20.3222
                            Mean reward: 792.90
                    Mean episode length: 244.07
                        Mean action std: 0.10
  Episode_Reward/motion_global_root_pos: 0.0173
  Episode_Reward/motion_global_root_ori: 0.0192
         Episode_Reward/motion_body_pos: 0.0347
         Episode_Reward/motion_body_ori: 0.0323
     Episode_Reward/motion_body_lin_vel: 0.0408
     Episode_Reward/motion_body_ang_vel: 0.0384
          Episode_Reward/action_rate_l2: -0.0037
             Episode_Reward/joint_limit: -0.0000
         Episode_Reward/self_collisions: -0.0020
Episode_Reward/action_target_reference_l2: -0.0201
Episode_Reward/action_target_soft_limit_barrier: -0.0027
                   Episode_Reward/alive: 5.0942
 Episode_Reward/non_timeout_termination: -0.6124
Episode_Reward/worst_ee_z_normalized_squared: -0.0546
Episode_Reward/right_wrist_prethreshold_barrier: -0.0008
 Episode_Reward/requested_effort_excess: 0.0000
Episode_Reward/root_world_tracking_error: -0.0155
Episode_Reward/measured_joint_posture_l2: -0.0482
Episode_Reward/measured_feet_world_position_l2: -0.0380
Episode_Reward/original_task_position_l2: -0.0289
Episode_Reward/original_task_orientation_l2: -0.0209
        Metrics/motion/error_anchor_pos: 0.2678
        Metrics/motion/error_anchor_rot: 0.1263
    Metrics/motion/error_anchor_lin_vel: 0.4888
    Metrics/motion/error_anchor_ang_vel: 0.8940
          Metrics/motion/error_body_pos: 0.2699
          Metrics/motion/error_body_rot: 0.2949
         Metrics/motion/error_joint_pos: 1.0703
         Metrics/motion/error_joint_vel: 4.1971
        Metrics/motion/sampling_entropy: 0.0000
      Metrics/motion/sampling_top1_prob: 0.0000
       Metrics/motion/sampling_top1_bin: 0.0000
      Metrics/motion/error_body_lin_vel: 0.5145
      Metrics/motion/error_body_ang_vel: 1.3270
           Episode_Termination/time_out: 0.0000
         Episode_Termination/anchor_pos: 0.0000
         Episode_Termination/anchor_ori: 0.0000
        Episode_Termination/ee_body_pos: 0.0000
Episode_Termination/corpus_clip_time_out: 0.2000
Episode_Termination/invalid_native_model_actuation: 0.0000
Episode_Termination/world_root_tracking_failure: 0.8000
 Episode_Reward/world_potential_shaping: 0.0576
--------------------------------------------------------------------------------
                         Iteration time: 5.46s
                           Time elapsed: 00:10:33
                                    ETA: 00:12:11

################################################################################
[1m                          Learning iteration 732/1000                           [0m 

                               Run name: original_core_920ms_fresh
                            Total steps: 477184 
                       Steps per second: 793 
                        Collection time: 2.399s 
                          Learning time: 0.183s 
                        Mean value loss: 380.4018
                    Mean surrogate loss: -0.0127
                      Mean entropy loss: -20.3222
                            Mean reward: 831.40
                    Mean episode length: 254.08
                        Mean action std: 0.10
--------------------------------------------------------------------------------
                         Iteration time: 2.58s
                           Time elapsed: 00:10:35
                                    ETA: 00:12:08

################################################################################
[1m                          Learning iteration 733/1000                           [0m 

                               Run name: original_core_920ms_fresh
                            Total steps: 479232 
                       Steps per second: 765 
                        Collection time: 2.466s 
                          Learning time: 0.210s 
                        Mean value loss: 504.1741
                    Mean surrogate loss: -0.0128
                      Mean entropy loss: -20.3222
                            Mean reward: 858.79
                    Mean episode length: 262.45
                        Mean action std: 0.10
--------------------------------------------------------------------------------
                         Iteration time: 2.68s
                           Time elapsed: 00:10:38
                                    ETA: 00:12:05

################################################################################
[1m                          Learning iteration 734/1000                           [0m 

                               Run name: original_core_920ms_fresh
                            Total steps: 481280 
                       Steps per second: 774 
                        Collection time: 2.481s 
                          Learning time: 0.165s 
                        Mean value loss: 530.2823
                    Mean surrogate loss: -0.0092
                      Mean entropy loss: -20.3222
                            Mean reward: 854.36
                    Mean episode length: 259.23
                        Mean action std: 0.10
--------------------------------------------------------------------------------
                         Iteration time: 2.65s
                           Time elapsed: 00:10:41
                                    ETA: 00:12:03

################################################################################
[1m                          Learning iteration 735/1000                           [0m 

                               Run name: original_core_920ms_fresh
                            Total steps: 483328 
                       Steps per second: 873 
                        Collection time: 2.180s 
                          Learning time: 0.164s 
                        Mean value loss: 1218.8923
                    Mean surrogate loss: -0.0010
                      Mean entropy loss: -20.3222
                            Mean reward: 948.49
                    Mean episode length: 287.34
                        Mean action std: 0.10
  Episode_Reward/motion_global_root_pos: 0.0264
  Episode_Reward/motion_global_root_ori: 0.0322
         Episode_Reward/motion_body_pos: 0.0523
         Episode_Reward/motion_body_ori: 0.0567
     Episode_Reward/motion_body_lin_vel: 0.0680
     Episode_Reward/motion_body_ang_vel: 0.0643
          Episode_Reward/action_rate_l2: -0.0060
             Episode_Reward/joint_limit: -0.0022
         Episode_Reward/self_collisions: -0.0199
Episode_Reward/action_target_reference_l2: -0.0363
Episode_Reward/action_target_soft_limit_barrier: -0.0052
                   Episode_Reward/alive: 8.3391
 Episode_Reward/non_timeout_termination: -0.7655
Episode_Reward/worst_ee_z_normalized_squared: -0.1489
Episode_Reward/right_wrist_prethreshold_barrier: -0.0074
 Episode_Reward/requested_effort_excess: -0.0000
Episode_Reward/root_world_tracking_error: -0.0265
Episode_Reward/measured_joint_posture_l2: -0.0757
Episode_Reward/measured_feet_world_position_l2: -0.0646
Episode_Reward/original_task_position_l2: -0.0553
Episode_Reward/original_task_orientation_l2: -0.0329
        Metrics/motion/error_anchor_pos: 0.2932
        Metrics/motion/error_anchor_rot: 0.1911
    Metrics/motion/error_anchor_lin_vel: 0.4508
    Metrics/motion/error_anchor_ang_vel: 1.2630
          Metrics/motion/error_body_pos: 0.3000
          Metrics/motion/error_body_rot: 0.3021
         Metrics/motion/error_joint_pos: 1.0206
         Metrics/motion/error_joint_vel: 6.1754
        Metrics/motion/sampling_entropy: 0.0000
      Metrics/motion/sampling_top1_prob: 0.0000
       Metrics/motion/sampling_top1_bin: 0.0000
      Metrics/motion/error_body_lin_vel: 0.4779
      Metrics/motion/error_body_ang_vel: 1.9272
           Episode_Termination/time_out: 0.0000
         Episode_Termination/anchor_pos: 0.0000
         Episode_Termination/anchor_ori: 0.0000
        Episode_Termination/ee_body_pos: 0.0000
Episode_Termination/corpus_clip_time_out: 0.0000
Episode_Termination/invalid_native_model_actuation: 0.0000
Episode_Termination/world_root_tracking_failure: 1.0000
 Episode_Reward/world_potential_shaping: 0.1127
--------------------------------------------------------------------------------
                         Iteration time: 2.34s
                           Time elapsed: 00:10:43
                                    ETA: 00:11:59

################################################################################
[1m                          Learning iteration 736/1000                           [0m 

                               Run name: original_core_920ms_fresh
                            Total steps: 485376 
                       Steps per second: 886 
                        Collection time: 2.149s 
                          Learning time: 0.163s 
                        Mean value loss: 839.4928
                    Mean surrogate loss: -0.0071
                      Mean entropy loss: -20.3222
                            Mean reward: 966.53
                    Mean episode length: 293.03
                        Mean action std: 0.10
--------------------------------------------------------------------------------
                         Iteration time: 2.31s
                           Time elapsed: 00:10:45
                                    ETA: 00:11:56

################################################################################
[1m                          Learning iteration 737/1000                           [0m 

                               Run name: original_core_920ms_fresh
                            Total steps: 487424 
                       Steps per second: 812 
                        Collection time: 2.356s 
                          Learning time: 0.166s 
                        Mean value loss: 697.1518
                    Mean surrogate loss: -0.0128
                      Mean entropy loss: -20.3222
                            Mean reward: 995.81
                    Mean episode length: 300.26
                        Mean action std: 0.10
--------------------------------------------------------------------------------
                         Iteration time: 2.52s
                           Time elapsed: 00:10:48
                                    ETA: 00:11:53

################################################################################
[1m                          Learning iteration 738/1000                           [0m 

                               Run name: original_core_920ms_fresh
                            Total steps: 489472 
                       Steps per second: 846 
                        Collection time: 2.247s 
                          Learning time: 0.172s 
                        Mean value loss: 577.6904
                    Mean surrogate loss: -0.0130
                      Mean entropy loss: -20.3222
                            Mean reward: 919.29
                    Mean episode length: 277.70
                        Mean action std: 0.10
  Episode_Reward/motion_global_root_pos: 0.0155
  Episode_Reward/motion_global_root_ori: 0.0165
         Episode_Reward/motion_body_pos: 0.0306
         Episode_Reward/motion_body_ori: 0.0288
     Episode_Reward/motion_body_lin_vel: 0.0352
     Episode_Reward/motion_body_ang_vel: 0.0330
          Episode_Reward/action_rate_l2: -0.0034
             Episode_Reward/joint_limit: -0.0003
         Episode_Reward/self_collisions: -0.0017
Episode_Reward/action_target_reference_l2: -0.0189
Episode_Reward/action_target_soft_limit_barrier: -0.0025
                   Episode_Reward/alive: 4.4228
 Episode_Reward/non_timeout_termination: -0.6698
Episode_Reward/worst_ee_z_normalized_squared: -0.0582
Episode_Reward/right_wrist_prethreshold_barrier: -0.0010
 Episode_Reward/requested_effort_excess: 0.0000
Episode_Reward/root_world_tracking_error: -0.0122
Episode_Reward/measured_joint_posture_l2: -0.0437
Episode_Reward/measured_feet_world_position_l2: -0.0327
Episode_Reward/original_task_position_l2: -0.0266
Episode_Reward/original_task_orientation_l2: -0.0188
        Metrics/motion/error_anchor_pos: 0.2464
        Metrics/motion/error_anchor_rot: 0.1918
    Metrics/motion/error_anchor_lin_vel: 0.4249
    Metrics/motion/error_anchor_ang_vel: 0.7611
          Metrics/motion/error_body_pos: 0.2552
          Metrics/motion/error_body_rot: 0.3225
         Metrics/motion/error_joint_pos: 1.0769
         Metrics/motion/error_joint_vel: 5.4326
        Metrics/motion/sampling_entropy: 0.0000
      Metrics/motion/sampling_top1_prob: 0.0000
       Metrics/motion/sampling_top1_bin: 0.0000
      Metrics/motion/error_body_lin_vel: 0.4457
      Metrics/motion/error_body_ang_vel: 1.3695
           Episode_Termination/time_out: 0.0000
         Episode_Termination/anchor_pos: 0.0000
         Episode_Termination/anchor_ori: 0.0000
        Episode_Termination/ee_body_pos: 0.1250
Episode_Termination/corpus_clip_time_out: 0.1250
Episode_Termination/invalid_native_model_actuation: 0.0000
Episode_Termination/world_root_tracking_failure: 1.0000
 Episode_Reward/world_potential_shaping: 0.0584
--------------------------------------------------------------------------------
                         Iteration time: 2.42s
                           Time elapsed: 00:10:50
                                    ETA: 00:11:50

################################################################################
[1m                          Learning iteration 739/1000                           [0m 

                               Run name: original_core_920ms_fresh
                            Total steps: 491520 
                       Steps per second: 855 
                        Collection time: 2.225s 
                          Learning time: 0.168s 
                        Mean value loss: 846.2134
                    Mean surrogate loss: -0.0100
                      Mean entropy loss: -20.3222
                            Mean reward: 919.55
                    Mean episode length: 276.81
                        Mean action std: 0.10
--------------------------------------------------------------------------------
                         Iteration time: 2.39s
                           Time elapsed: 00:10:53
                                    ETA: 00:11:47

################################################################################
[1m                          Learning iteration 740/1000                           [0m 

                               Run name: original_core_920ms_fresh
                            Total steps: 493568 
                       Steps per second: 818 
                        Collection time: 2.312s 
                          Learning time: 0.190s 
                        Mean value loss: 569.5210
                    Mean surrogate loss: -0.0081
                      Mean entropy loss: -20.3222
                            Mean reward: 931.69
                    Mean episode length: 279.63
                        Mean action std: 0.10
  Episode_Reward/motion_global_root_pos: 0.0107
  Episode_Reward/motion_global_root_ori: 0.0111
         Episode_Reward/motion_body_pos: 0.0211
         Episode_Reward/motion_body_ori: 0.0189
     Episode_Reward/motion_body_lin_vel: 0.0240
     Episode_Reward/motion_body_ang_vel: 0.0231
          Episode_Reward/action_rate_l2: -0.0021
             Episode_Reward/joint_limit: -0.0000
         Episode_Reward/self_collisions: -0.0064
Episode_Reward/action_target_reference_l2: -0.0109
Episode_Reward/action_target_soft_limit_barrier: -0.0018
                   Episode_Reward/alive: 2.9897
 Episode_Reward/non_timeout_termination: -0.6698
Episode_Reward/worst_ee_z_normalized_squared: -0.0303
Episode_Reward/right_wrist_prethreshold_barrier: -0.0020
 Episode_Reward/requested_effort_excess: -0.0000
Episode_Reward/root_world_tracking_error: -0.0078
Episode_Reward/measured_joint_posture_l2: -0.0226
Episode_Reward/measured_feet_world_position_l2: -0.0224
Episode_Reward/original_task_position_l2: -0.0182
Episode_Reward/original_task_orientation_l2: -0.0114
        Metrics/motion/error_anchor_pos: 0.2417
        Metrics/motion/error_anchor_rot: 0.1590
    Metrics/motion/error_anchor_lin_vel: 0.4414
    Metrics/motion/error_anchor_ang_vel: 0.7267
          Metrics/motion/error_body_pos: 0.2589
          Metrics/motion/error_body_rot: 0.3109
         Metrics/motion/error_joint_pos: 0.9579
         Metrics/motion/error_joint_vel: 5.5496
        Metrics/motion/sampling_entropy: 0.0000
      Metrics/motion/sampling_top1_prob: 0.0000
       Metrics/motion/sampling_top1_bin: 0.0000
      Metrics/motion/error_body_lin_vel: 0.4684
      Metrics/motion/error_body_ang_vel: 1.3826
           Episode_Termination/time_out: 0.0000
         Episode_Termination/anchor_pos: 0.0000
         Episode_Termination/anchor_ori: 0.0000
        Episode_Termination/ee_body_pos: 0.2500
Episode_Termination/corpus_clip_time_out: 0.2500
Episode_Termination/invalid_native_model_actuation: 0.0000
Episode_Termination/world_root_tracking_failure: 1.0000
 Episode_Reward/world_potential_shaping: 0.0420
--------------------------------------------------------------------------------
                         Iteration time: 2.50s
                           Time elapsed: 00:10:55
                                    ETA: 00:11:44

################################################################################
[1m                          Learning iteration 741/1000                           [0m 

                               Run name: original_core_920ms_fresh
                            Total steps: 495616 
                       Steps per second: 749 
                        Collection time: 2.535s 
                          Learning time: 0.196s 
                        Mean value loss: 412.1604
                    Mean surrogate loss: -0.0091
                      Mean entropy loss: -20.3222
                            Mean reward: 945.32
                    Mean episode length: 283.49
                        Mean action std: 0.10
--------------------------------------------------------------------------------
                         Iteration time: 2.73s
                           Time elapsed: 00:10:58
                                    ETA: 00:11:42

################################################################################
[1m                          Learning iteration 742/1000                           [0m 

                               Run name: original_core_920ms_fresh
                            Total steps: 497664 
                       Steps per second: 803 
                        Collection time: 2.375s 
                          Learning time: 0.175s 
                        Mean value loss: 475.2682
                    Mean surrogate loss: -0.0148
                      Mean entropy loss: -20.3222
                            Mean reward: 987.36
                    Mean episode length: 296.35
                        Mean action std: 0.10
--------------------------------------------------------------------------------
                         Iteration time: 2.55s
                           Time elapsed: 00:11:01
                                    ETA: 00:11:39

################################################################################
[1m                          Learning iteration 743/1000                           [0m 

                               Run name: original_core_920ms_fresh
                            Total steps: 499712 
                       Steps per second: 786 
                        Collection time: 2.297s 
                          Learning time: 0.308s 
                        Mean value loss: 466.4384
                    Mean surrogate loss: -0.0107
                      Mean entropy loss: -20.3222
                            Mean reward: 983.94
                    Mean episode length: 295.24
                        Mean action std: 0.10
--------------------------------------------------------------------------------
                         Iteration time: 2.60s
                           Time elapsed: 00:11:03
                                    ETA: 00:11:36

################################################################################
[1m                          Learning iteration 744/1000                           [0m 

                               Run name: original_core_920ms_fresh
                            Total steps: 501760 
                       Steps per second: 314 
                        Collection time: 6.319s 
                          Learning time: 0.199s 
                        Mean value loss: 706.9235
                    Mean surrogate loss: -0.0123
                      Mean entropy loss: -20.3222
                            Mean reward: 910.59
                    Mean episode length: 277.43
                        Mean action std: 0.10
  Episode_Reward/motion_global_root_pos: 0.0193
  Episode_Reward/motion_global_root_ori: 0.0207
         Episode_Reward/motion_body_pos: 0.0376
         Episode_Reward/motion_body_ori: 0.0351
     Episode_Reward/motion_body_lin_vel: 0.0433
     Episode_Reward/motion_body_ang_vel: 0.0407
          Episode_Reward/action_rate_l2: -0.0040
             Episode_Reward/joint_limit: -0.0007
         Episode_Reward/self_collisions: -0.0115
Episode_Reward/action_target_reference_l2: -0.0221
Episode_Reward/action_target_soft_limit_barrier: -0.0030
                   Episode_Reward/alive: 5.4279
 Episode_Reward/non_timeout_termination: -0.6561
Episode_Reward/worst_ee_z_normalized_squared: -0.0692
Episode_Reward/right_wrist_prethreshold_barrier: -0.0039
 Episode_Reward/requested_effort_excess: -0.0000
Episode_Reward/root_world_tracking_error: -0.0143
Episode_Reward/measured_joint_posture_l2: -0.0520
Episode_Reward/measured_feet_world_position_l2: -0.0404
Episode_Reward/original_task_position_l2: -0.0310
Episode_Reward/original_task_orientation_l2: -0.0228
        Metrics/motion/error_anchor_pos: 0.2533
        Metrics/motion/error_anchor_rot: 0.1677
    Metrics/motion/error_anchor_lin_vel: 0.3507
    Metrics/motion/error_anchor_ang_vel: 0.9714
          Metrics/motion/error_body_pos: 0.2613
          Metrics/motion/error_body_rot: 0.3240
         Metrics/motion/error_joint_pos: 1.0235
         Metrics/motion/error_joint_vel: 5.6382
        Metrics/motion/sampling_entropy: 0.0000
      Metrics/motion/sampling_top1_prob: 0.0000
       Metrics/motion/sampling_top1_bin: 0.0000
      Metrics/motion/error_body_lin_vel: 0.4321
      Metrics/motion/error_body_ang_vel: 1.6118
           Episode_Termination/time_out: 0.0000
         Episode_Termination/anchor_pos: 0.0000
         Episode_Termination/anchor_ori: 0.0000
        Episode_Termination/ee_body_pos: 0.0000
Episode_Termination/corpus_clip_time_out: 0.1429
Episode_Termination/invalid_native_model_actuation: 0.0000
Episode_Termination/world_root_tracking_failure: 1.1429
 Episode_Reward/world_potential_shaping: 0.0704
--------------------------------------------------------------------------------
                         Iteration time: 6.52s
                           Time elapsed: 00:11:10
                                    ETA: 00:11:37

################################################################################
[1m                          Learning iteration 745/1000                           [0m 

                               Run name: original_core_920ms_fresh
                            Total steps: 503808 
                       Steps per second: 646 
                        Collection time: 2.967s 
                          Learning time: 0.201s 
                        Mean value loss: 705.3218
                    Mean surrogate loss: -0.0101
                      Mean entropy loss: -20.3222
                            Mean reward: 899.19
                    Mean episode length: 272.83
                        Mean action std: 0.10
--------------------------------------------------------------------------------
                         Iteration time: 3.17s
                           Time elapsed: 00:11:13
                                    ETA: 00:11:35

################################################################################
[1m                          Learning iteration 746/1000                           [0m 

                               Run name: original_core_920ms_fresh
                            Total steps: 505856 
                       Steps per second: 755 
                        Collection time: 2.515s 
                          Learning time: 0.194s 
                        Mean value loss: 429.6054
                    Mean surrogate loss: -0.0159
                      Mean entropy loss: -20.3221
                            Mean reward: 925.43
                    Mean episode length: 283.00
                        Mean action std: 0.10
  Episode_Reward/motion_global_root_pos: 0.0124
  Episode_Reward/motion_global_root_ori: 0.0160
         Episode_Reward/motion_body_pos: 0.0247
         Episode_Reward/motion_body_ori: 0.0274
     Episode_Reward/motion_body_lin_vel: 0.0330
     Episode_Reward/motion_body_ang_vel: 0.0314
          Episode_Reward/action_rate_l2: -0.0031
             Episode_Reward/joint_limit: -0.0005
         Episode_Reward/self_collisions: -0.0036
Episode_Reward/action_target_reference_l2: -0.0171
Episode_Reward/action_target_soft_limit_barrier: -0.0035
                   Episode_Reward/alive: 4.1864
 Episode_Reward/non_timeout_termination: -0.6379
Episode_Reward/worst_ee_z_normalized_squared: -0.0443
Episode_Reward/right_wrist_prethreshold_barrier: -0.0012
 Episode_Reward/requested_effort_excess: -0.0000
Episode_Reward/root_world_tracking_error: -0.0176
Episode_Reward/measured_joint_posture_l2: -0.0380
Episode_Reward/measured_feet_world_position_l2: -0.0327
Episode_Reward/original_task_position_l2: -0.0277
Episode_Reward/original_task_orientation_l2: -0.0179
        Metrics/motion/error_anchor_pos: 0.2840
        Metrics/motion/error_anchor_rot: 0.1738
    Metrics/motion/error_anchor_lin_vel: 0.4373
    Metrics/motion/error_anchor_ang_vel: 0.8218
          Metrics/motion/error_body_pos: 0.2898
          Metrics/motion/error_body_rot: 0.3002
         Metrics/motion/error_joint_pos: 0.9820
         Metrics/motion/error_joint_vel: 4.9488
        Metrics/motion/sampling_entropy: 0.0000
      Metrics/motion/sampling_top1_prob: 0.0000
       Metrics/motion/sampling_top1_bin: 0.0000
      Metrics/motion/error_body_lin_vel: 0.4922
      Metrics/motion/error_body_ang_vel: 1.4504
           Episode_Termination/time_out: 0.0000
         Episode_Termination/anchor_pos: 0.0000
         Episode_Termination/anchor_ori: 0.0000
        Episode_Termination/ee_body_pos: 0.0000
Episode_Termination/corpus_clip_time_out: 0.1667
Episode_Termination/invalid_native_model_actuation: 0.0000
Episode_Termination/world_root_tracking_failure: 1.1667
 Episode_Reward/world_potential_shaping: 0.0591
--------------------------------------------------------------------------------
                         Iteration time: 2.71s
                           Time elapsed: 00:11:16
                                    ETA: 00:11:32

################################################################################
[1m                          Learning iteration 747/1000                           [0m 

                               Run name: original_core_920ms_fresh
                            Total steps: 507904 
                       Steps per second: 772 
                        Collection time: 2.465s 
                          Learning time: 0.185s 
                        Mean value loss: 430.5167
                    Mean surrogate loss: -0.0113
                      Mean entropy loss: -20.3222
                            Mean reward: 882.36
                    Mean episode length: 271.67
                        Mean action std: 0.10
  Episode_Reward/motion_global_root_pos: 0.0104
  Episode_Reward/motion_global_root_ori: 0.0110
         Episode_Reward/motion_body_pos: 0.0206
         Episode_Reward/motion_body_ori: 0.0186
     Episode_Reward/motion_body_lin_vel: 0.0223
     Episode_Reward/motion_body_ang_vel: 0.0206
          Episode_Reward/action_rate_l2: -0.0025
             Episode_Reward/joint_limit: -0.0009
         Episode_Reward/self_collisions: -0.0043
Episode_Reward/action_target_reference_l2: -0.0157
Episode_Reward/action_target_soft_limit_barrier: -0.0025
                   Episode_Reward/alive: 2.9717
 Episode_Reward/non_timeout_termination: -0.7655
Episode_Reward/worst_ee_z_normalized_squared: -0.0645
Episode_Reward/right_wrist_prethreshold_barrier: -0.0029
 Episode_Reward/requested_effort_excess: -0.0000
Episode_Reward/root_world_tracking_error: -0.0103
Episode_Reward/measured_joint_posture_l2: -0.0377
Episode_Reward/measured_feet_world_position_l2: -0.0213
Episode_Reward/original_task_position_l2: -0.0180
Episode_Reward/original_task_orientation_l2: -0.0148
        Metrics/motion/error_anchor_pos: 0.2874
        Metrics/motion/error_anchor_rot: 0.1889
    Metrics/motion/error_anchor_lin_vel: 0.4958
    Metrics/motion/error_anchor_ang_vel: 1.3514
          Metrics/motion/error_body_pos: 0.2986
          Metrics/motion/error_body_rot: 0.3787
         Metrics/motion/error_joint_pos: 1.2986
         Metrics/motion/error_joint_vel: 6.5171
        Metrics/motion/sampling_entropy: 0.0000
      Metrics/motion/sampling_top1_prob: 0.0000
       Metrics/motion/sampling_top1_bin: 0.0000
      Metrics/motion/error_body_lin_vel: 0.5524
      Metrics/motion/error_body_ang_vel: 2.0437
           Episode_Termination/time_out: 0.0000
         Episode_Termination/anchor_pos: 0.0000
         Episode_Termination/anchor_ori: 0.0000
        Episode_Termination/ee_body_pos: 0.0000
Episode_Termination/corpus_clip_time_out: 0.0000
Episode_Termination/invalid_native_model_actuation: 0.0000
Episode_Termination/world_root_tracking_failure: 1.3750
 Episode_Reward/world_potential_shaping: 0.0428
--------------------------------------------------------------------------------
                         Iteration time: 2.65s
                           Time elapsed: 00:11:18
                                    ETA: 00:11:29

################################################################################
[1m                          Learning iteration 748/1000                           [0m 

                               Run name: original_core_920ms_fresh
                            Total steps: 509952 
                       Steps per second: 804 
                        Collection time: 2.345s 
                          Learning time: 0.200s 
                        Mean value loss: 832.0793
                    Mean surrogate loss: -0.0123
                      Mean entropy loss: -20.3222
                            Mean reward: 845.63
                    Mean episode length: 259.49
                        Mean action std: 0.10
  Episode_Reward/motion_global_root_pos: 0.0155
  Episode_Reward/motion_global_root_ori: 0.0176
         Episode_Reward/motion_body_pos: 0.0311
         Episode_Reward/motion_body_ori: 0.0282
     Episode_Reward/motion_body_lin_vel: 0.0357
     Episode_Reward/motion_body_ang_vel: 0.0330
          Episode_Reward/action_rate_l2: -0.0037
             Episode_Reward/joint_limit: -0.0007
         Episode_Reward/self_collisions: -0.0083
Episode_Reward/action_target_reference_l2: -0.0236
Episode_Reward/action_target_soft_limit_barrier: -0.0040
                   Episode_Reward/alive: 4.5617
 Episode_Reward/non_timeout_termination: -0.7655
Episode_Reward/worst_ee_z_normalized_squared: -0.0740
Episode_Reward/right_wrist_prethreshold_barrier: -0.0091
 Episode_Reward/requested_effort_excess: 0.0000
Episode_Reward/root_world_tracking_error: -0.0145
Episode_Reward/measured_joint_posture_l2: -0.0581
Episode_Reward/measured_feet_world_position_l2: -0.0340
Episode_Reward/original_task_position_l2: -0.0282
Episode_Reward/original_task_orientation_l2: -0.0245
        Metrics/motion/error_anchor_pos: 0.2630
        Metrics/motion/error_anchor_rot: 0.1533
    Metrics/motion/error_anchor_lin_vel: 0.5697
    Metrics/motion/error_anchor_ang_vel: 1.0183
          Metrics/motion/error_body_pos: 0.2719
          Metrics/motion/error_body_rot: 0.3547
         Metrics/motion/error_joint_pos: 1.3151
         Metrics/motion/error_joint_vel: 5.6594
        Metrics/motion/sampling_entropy: 0.0000
      Metrics/motion/sampling_top1_prob: 0.0000
       Metrics/motion/sampling_top1_bin: 0.0000
      Metrics/motion/error_body_lin_vel: 0.5506
      Metrics/motion/error_body_ang_vel: 1.6289
           Episode_Termination/time_out: 0.0000
         Episode_Termination/anchor_pos: 0.0000
         Episode_Termination/anchor_ori: 0.0000
        Episode_Termination/ee_body_pos: 0.2857
Episode_Termination/corpus_clip_time_out: 0.0000
Episode_Termination/invalid_native_model_actuation: 0.0000
Episode_Termination/world_root_tracking_failure: 0.8571
 Episode_Reward/world_potential_shaping: 0.0620
--------------------------------------------------------------------------------
                         Iteration time: 2.55s
                           Time elapsed: 00:11:21
                                    ETA: 00:11:26

################################################################################
[1m                          Learning iteration 749/1000                           [0m 

                               Run name: original_core_920ms_fresh
                            Total steps: 512000 
                       Steps per second: 759 
                        Collection time: 2.464s 
                          Learning time: 0.231s 
                        Mean value loss: 427.0011
                    Mean surrogate loss: -0.0097
                      Mean entropy loss: -20.3222
                            Mean reward: 860.14
                    Mean episode length: 262.48
                        Mean action std: 0.10
  Episode_Reward/motion_global_root_pos: 0.0212
  Episode_Reward/motion_global_root_ori: 0.0222
         Episode_Reward/motion_body_pos: 0.0426
         Episode_Reward/motion_body_ori: 0.0372
     Episode_Reward/motion_body_lin_vel: 0.0464
     Episode_Reward/motion_body_ang_vel: 0.0443
          Episode_Reward/action_rate_l2: -0.0045
             Episode_Reward/joint_limit: -0.0015
         Episode_Reward/self_collisions: -0.0072
Episode_Reward/action_target_reference_l2: -0.0283
Episode_Reward/action_target_soft_limit_barrier: -0.0040
                   Episode_Reward/alive: 5.8868
 Episode_Reward/non_timeout_termination: -0.6889
Episode_Reward/worst_ee_z_normalized_squared: -0.1034
Episode_Reward/right_wrist_prethreshold_barrier: -0.0199
 Episode_Reward/requested_effort_excess: -0.0000
Episode_Reward/root_world_tracking_error: -0.0153
Episode_Reward/measured_joint_posture_l2: -0.0690
Episode_Reward/measured_feet_world_position_l2: -0.0419
Episode_Reward/original_task_position_l2: -0.0309
Episode_Reward/original_task_orientation_l2: -0.0277
        Metrics/motion/error_anchor_pos: 0.2608
        Metrics/motion/error_anchor_rot: 0.1307
    Metrics/motion/error_anchor_lin_vel: 0.5134
    Metrics/motion/error_anchor_ang_vel: 1.3551
          Metrics/motion/error_body_pos: 0.2696
          Metrics/motion/error_body_rot: 0.3425
         Metrics/motion/error_joint_pos: 1.3168
         Metrics/motion/error_joint_vel: 5.5756
        Metrics/motion/sampling_entropy: 0.0000
      Metrics/motion/sampling_top1_prob: 0.0000
       Metrics/motion/sampling_top1_bin: 0.0000
      Metrics/motion/error_body_lin_vel: 0.5848
      Metrics/motion/error_body_ang_vel: 1.5275
           Episode_Termination/time_out: 0.0000
         Episode_Termination/anchor_pos: 0.0000
         Episode_Termination/anchor_ori: 0.0000
        Episode_Termination/ee_body_pos: 0.2000
Episode_Termination/corpus_clip_time_out: 0.2000
Episode_Termination/invalid_native_model_actuation: 0.0000
Episode_Termination/world_root_tracking_failure: 0.8000
 Episode_Reward/world_potential_shaping: 0.0674
--------------------------------------------------------------------------------
                         Iteration time: 2.70s
                           Time elapsed: 00:11:23
                                    ETA: 00:11:23

################################################################################
[1m                          Learning iteration 750/1000                           [0m 

                               Run name: original_core_920ms_fresh
                            Total steps: 514048 
                       Steps per second: 773 
                        Collection time: 2.441s 
                          Learning time: 0.205s 
                        Mean value loss: 620.9390
                    Mean surrogate loss: -0.0140
                      Mean entropy loss: -20.3221
                            Mean reward: 824.62
                    Mean episode length: 254.53
                        Mean action std: 0.10
  Episode_Reward/motion_global_root_pos: 0.0102
  Episode_Reward/motion_global_root_ori: 0.0110
         Episode_Reward/motion_body_pos: 0.0200
         Episode_Reward/motion_body_ori: 0.0198
     Episode_Reward/motion_body_lin_vel: 0.0227
     Episode_Reward/motion_body_ang_vel: 0.0213
          Episode_Reward/action_rate_l2: -0.0026
             Episode_Reward/joint_limit: -0.0002
         Episode_Reward/self_collisions: -0.0123
Episode_Reward/action_target_reference_l2: -0.0146
Episode_Reward/action_target_soft_limit_barrier: -0.0021
                   Episode_Reward/alive: 3.0322
 Episode_Reward/non_timeout_termination: -0.7655
Episode_Reward/worst_ee_z_normalized_squared: -0.0515
Episode_Reward/right_wrist_prethreshold_barrier: -0.0068
 Episode_Reward/requested_effort_excess: 0.0000
Episode_Reward/root_world_tracking_error: -0.0117
Episode_Reward/measured_joint_posture_l2: -0.0321
Episode_Reward/measured_feet_world_position_l2: -0.0233
Episode_Reward/original_task_position_l2: -0.0195
Episode_Reward/original_task_orientation_l2: -0.0149
        Metrics/motion/error_anchor_pos: 0.2895
        Metrics/motion/error_anchor_rot: 0.2091
    Metrics/motion/error_anchor_lin_vel: 0.4894
    Metrics/motion/error_anchor_ang_vel: 1.0909
          Metrics/motion/error_body_pos: 0.2974
          Metrics/motion/error_body_rot: 0.3751
         Metrics/motion/error_joint_pos: 1.0285
         Metrics/motion/error_joint_vel: 6.2100
        Metrics/motion/sampling_entropy: 0.0000
      Metrics/motion/sampling_top1_prob: 0.0000
       Metrics/motion/sampling_top1_bin: 0.0000
      Metrics/motion/error_body_lin_vel: 0.5490
      Metrics/motion/error_body_ang_vel: 1.8173
           Episode_Termination/time_out: 0.0000
         Episode_Termination/anchor_pos: 0.0000
         Episode_Termination/anchor_ori: 0.0000
        Episode_Termination/ee_body_pos: 0.0000
Episode_Termination/corpus_clip_time_out: 0.0000
Episode_Termination/invalid_native_model_actuation: 0.0000
Episode_Termination/world_root_tracking_failure: 1.6667
 Episode_Reward/world_potential_shaping: 0.0492
--------------------------------------------------------------------------------
                         Iteration time: 2.65s
                           Time elapsed: 00:11:26
                                    ETA: 00:11:21

################################################################################
[1m                          Learning iteration 751/1000                           [0m 

                               Run name: original_core_920ms_fresh
                            Total steps: 516096 
                       Steps per second: 775 
                        Collection time: 2.430s 
                          Learning time: 0.210s 
                        Mean value loss: 634.0895
                    Mean surrogate loss: -0.0063
                      Mean entropy loss: -20.3221
                            Mean reward: 853.74
                    Mean episode length: 261.78
                        Mean action std: 0.10
  Episode_Reward/motion_global_root_pos: 0.0191
  Episode_Reward/motion_global_root_ori: 0.0228
         Episode_Reward/motion_body_pos: 0.0377
         Episode_Reward/motion_body_ori: 0.0399
     Episode_Reward/motion_body_lin_vel: 0.0496
     Episode_Reward/motion_body_ang_vel: 0.0478
          Episode_Reward/action_rate_l2: -0.0042
             Episode_Reward/joint_limit: -0.0002
         Episode_Reward/self_collisions: -0.0168
Episode_Reward/action_target_reference_l2: -0.0210
Episode_Reward/action_target_soft_limit_barrier: -0.0033
                   Episode_Reward/alive: 6.0490
 Episode_Reward/non_timeout_termination: -0.6219
Episode_Reward/worst_ee_z_normalized_squared: -0.0641
Episode_Reward/right_wrist_prethreshold_barrier: -0.0020
 Episode_Reward/requested_effort_excess: -0.0000
Episode_Reward/root_world_tracking_error: -0.0205
Episode_Reward/measured_joint_posture_l2: -0.0411
Episode_Reward/measured_feet_world_position_l2: -0.0435
Episode_Reward/original_task_position_l2: -0.0344
Episode_Reward/original_task_orientation_l2: -0.0215
        Metrics/motion/error_anchor_pos: 0.2621
        Metrics/motion/error_anchor_rot: 0.1726
    Metrics/motion/error_anchor_lin_vel: 0.4404
    Metrics/motion/error_anchor_ang_vel: 0.8801
          Metrics/motion/error_body_pos: 0.2670
          Metrics/motion/error_body_rot: 0.2722
         Metrics/motion/error_joint_pos: 0.9477
         Metrics/motion/error_joint_vel: 4.9150
        Metrics/motion/sampling_entropy: 0.0000
      Metrics/motion/sampling_top1_prob: 0.0000
       Metrics/motion/sampling_top1_bin: 0.0000
      Metrics/motion/error_body_lin_vel: 0.4710
      Metrics/motion/error_body_ang_vel: 1.4362
           Episode_Termination/time_out: 0.0000
         Episode_Termination/anchor_pos: 0.0000
         Episode_Termination/anchor_ori: 0.0000
        Episode_Termination/ee_body_pos: 0.1250
Episode_Termination/corpus_clip_time_out: 0.2500
Episode_Termination/invalid_native_model_actuation: 0.0000
Episode_Termination/world_root_tracking_failure: 0.8750
 Episode_Reward/world_potential_shaping: 0.0756
--------------------------------------------------------------------------------
                         Iteration time: 2.64s
                           Time elapsed: 00:11:29
                                    ETA: 00:11:18

################################################################################
[1m                          Learning iteration 752/1000                           [0m 

                               Run name: original_core_920ms_fresh
                            Total steps: 518144 
                       Steps per second: 710 
                        Collection time: 2.656s 
                          Learning time: 0.227s 
                        Mean value loss: 443.1524
                    Mean surrogate loss: -0.0108
                      Mean entropy loss: -20.3221
                            Mean reward: 791.65
                    Mean episode length: 246.74
                        Mean action std: 0.10
--------------------------------------------------------------------------------
                         Iteration time: 2.88s
                           Time elapsed: 00:11:32
                                    ETA: 00:11:15

################################################################################
[1m                          Learning iteration 753/1000                           [0m 

                               Run name: original_core_920ms_fresh
                            Total steps: 520192 
                       Steps per second: 761 
                        Collection time: 2.460s 
                          Learning time: 0.229s 
                        Mean value loss: 713.6939
                    Mean surrogate loss: -0.0155
                      Mean entropy loss: -20.3221
                            Mean reward: 814.07
                    Mean episode length: 250.46
                        Mean action std: 0.10
--------------------------------------------------------------------------------
                         Iteration time: 2.69s
                           Time elapsed: 00:11:34
                                    ETA: 00:11:12

################################################################################
[1m                          Learning iteration 754/1000                           [0m 

                               Run name: original_core_920ms_fresh
                            Total steps: 522240 
                       Steps per second: 381 
                        Collection time: 2.244s 
                          Learning time: 3.124s 
                        Mean value loss: 490.8282
                    Mean surrogate loss: -0.0125
                      Mean entropy loss: -20.3221
                            Mean reward: 812.69
                    Mean episode length: 248.57
                        Mean action std: 0.10
  Episode_Reward/motion_global_root_pos: 0.0116
  Episode_Reward/motion_global_root_ori: 0.0123
         Episode_Reward/motion_body_pos: 0.0231
         Episode_Reward/motion_body_ori: 0.0192
     Episode_Reward/motion_body_lin_vel: 0.0253
     Episode_Reward/motion_body_ang_vel: 0.0227
          Episode_Reward/action_rate_l2: -0.0028
             Episode_Reward/joint_limit: -0.0004
         Episode_Reward/self_collisions: -0.0060
Episode_Reward/action_target_reference_l2: -0.0166
Episode_Reward/action_target_soft_limit_barrier: -0.0027
                   Episode_Reward/alive: 3.3494
 Episode_Reward/non_timeout_termination: -0.7017
Episode_Reward/worst_ee_z_normalized_squared: -0.0469
Episode_Reward/right_wrist_prethreshold_barrier: -0.0007
 Episode_Reward/requested_effort_excess: -0.0000
Episode_Reward/root_world_tracking_error: -0.0113
Episode_Reward/measured_joint_posture_l2: -0.0383
Episode_Reward/measured_feet_world_position_l2: -0.0237
Episode_Reward/original_task_position_l2: -0.0190
Episode_Reward/original_task_orientation_l2: -0.0172
        Metrics/motion/error_anchor_pos: 0.2761
        Metrics/motion/error_anchor_rot: 0.1790
    Metrics/motion/error_anchor_lin_vel: 0.4430
    Metrics/motion/error_anchor_ang_vel: 0.8511
          Metrics/motion/error_body_pos: 0.2726
          Metrics/motion/error_body_rot: 0.2897
         Metrics/motion/error_joint_pos: 1.0952
         Metrics/motion/error_joint_vel: 4.9687
        Metrics/motion/sampling_entropy: 0.0000
      Metrics/motion/sampling_top1_prob: 0.0000
       Metrics/motion/sampling_top1_bin: 0.0000
      Metrics/motion/error_body_lin_vel: 0.4624
      Metrics/motion/error_body_ang_vel: 1.5149
           Episode_Termination/time_out: 0.0000
         Episode_Termination/anchor_pos: 0.0000
         Episode_Termination/anchor_ori: 0.0000
        Episode_Termination/ee_body_pos: 0.0000
Episode_Termination/corpus_clip_time_out: 0.2500
Episode_Termination/invalid_native_model_actuation: 0.0000
Episode_Termination/world_root_tracking_failure: 1.2500
 Episode_Reward/world_potential_shaping: 0.0437
--------------------------------------------------------------------------------
                         Iteration time: 5.37s
                           Time elapsed: 00:11:40
                                    ETA: 00:11:12

################################################################################
[1m                          Learning iteration 755/1000                           [0m 

                               Run name: original_core_920ms_fresh
                            Total steps: 524288 
                       Steps per second: 802 
                        Collection time: 2.377s 
                          Learning time: 0.174s 
                        Mean value loss: 572.6466
                    Mean surrogate loss: -0.0133
                      Mean entropy loss: -20.3221
                            Mean reward: 836.23
                    Mean episode length: 255.85
                        Mean action std: 0.10
--------------------------------------------------------------------------------
                         Iteration time: 2.55s
                           Time elapsed: 00:11:42
                                    ETA: 00:11:09

################################################################################
[1m                          Learning iteration 756/1000                           [0m 

                               Run name: original_core_920ms_fresh
                            Total steps: 526336 
                       Steps per second: 746 
                        Collection time: 2.545s 
                          Learning time: 0.198s 
                        Mean value loss: 381.5620
                    Mean surrogate loss: -0.0139
                      Mean entropy loss: -20.3221
                            Mean reward: 853.63
                    Mean episode length: 258.31
                        Mean action std: 0.10
--------------------------------------------------------------------------------
                         Iteration time: 2.74s
                           Time elapsed: 00:11:45
                                    ETA: 00:11:07

################################################################################
[1m                          Learning iteration 757/1000                           [0m 

                               Run name: original_core_920ms_fresh
                            Total steps: 528384 
                       Steps per second: 688 
                        Collection time: 2.779s 
                          Learning time: 0.195s 
                        Mean value loss: 518.9713
                    Mean surrogate loss: -0.0145
                      Mean entropy loss: -20.3221
                            Mean reward: 911.36
                    Mean episode length: 274.77
                        Mean action std: 0.10
  Episode_Reward/motion_global_root_pos: 0.0249
  Episode_Reward/motion_global_root_ori: 0.0285
         Episode_Reward/motion_body_pos: 0.0501
         Episode_Reward/motion_body_ori: 0.0474
     Episode_Reward/motion_body_lin_vel: 0.0598
     Episode_Reward/motion_body_ang_vel: 0.0552
          Episode_Reward/action_rate_l2: -0.0057
             Episode_Reward/joint_limit: -0.0008
         Episode_Reward/self_collisions: -0.0076
Episode_Reward/action_target_reference_l2: -0.0340
Episode_Reward/action_target_soft_limit_barrier: -0.0041
                   Episode_Reward/alive: 7.4930
 Episode_Reward/non_timeout_termination: -0.6379
Episode_Reward/worst_ee_z_normalized_squared: -0.1119
Episode_Reward/right_wrist_prethreshold_barrier: -0.0069
 Episode_Reward/requested_effort_excess: -0.0000
Episode_Reward/root_world_tracking_error: -0.0226
Episode_Reward/measured_joint_posture_l2: -0.0746
Episode_Reward/measured_feet_world_position_l2: -0.0551
Episode_Reward/original_task_position_l2: -0.0452
Episode_Reward/original_task_orientation_l2: -0.0321
        Metrics/motion/error_anchor_pos: 0.2507
        Metrics/motion/error_anchor_rot: 0.1412
    Metrics/motion/error_anchor_lin_vel: 0.4205
    Metrics/motion/error_anchor_ang_vel: 0.9343
          Metrics/motion/error_body_pos: 0.2525
          Metrics/motion/error_body_rot: 0.2787
         Metrics/motion/error_joint_pos: 1.0178
         Metrics/motion/error_joint_vel: 5.1134
        Metrics/motion/sampling_entropy: 0.0000
      Metrics/motion/sampling_top1_prob: 0.0000
       Metrics/motion/sampling_top1_bin: 0.0000
      Metrics/motion/error_body_lin_vel: 0.4529
      Metrics/motion/error_body_ang_vel: 1.3556
           Episode_Termination/time_out: 0.0000
         Episode_Termination/anchor_pos: 0.0000
         Episode_Termination/anchor_ori: 0.0000
        Episode_Termination/ee_body_pos: 0.1667
Episode_Termination/corpus_clip_time_out: 0.1667
Episode_Termination/invalid_native_model_actuation: 0.0000
Episode_Termination/world_root_tracking_failure: 0.8333
 Episode_Reward/world_potential_shaping: 0.0892
--------------------------------------------------------------------------------
                         Iteration time: 2.97s
                           Time elapsed: 00:11:48
                                    ETA: 00:11:04

################################################################################
[1m                          Learning iteration 758/1000                           [0m 

                               Run name: original_core_920ms_fresh
                            Total steps: 530432 
                       Steps per second: 723 
                        Collection time: 2.646s 
                          Learning time: 0.184s 
                        Mean value loss: 752.5715
                    Mean surrogate loss: -0.0139
                      Mean entropy loss: -20.3221
                            Mean reward: 873.03
                    Mean episode length: 262.55
                        Mean action std: 0.10
  Episode_Reward/motion_global_root_pos: 0.0104
  Episode_Reward/motion_global_root_ori: 0.0117
         Episode_Reward/motion_body_pos: 0.0208
         Episode_Reward/motion_body_ori: 0.0197
     Episode_Reward/motion_body_lin_vel: 0.0245
     Episode_Reward/motion_body_ang_vel: 0.0235
          Episode_Reward/action_rate_l2: -0.0022
             Episode_Reward/joint_limit: -0.0004
         Episode_Reward/self_collisions: -0.0075
Episode_Reward/action_target_reference_l2: -0.0121
Episode_Reward/action_target_soft_limit_barrier: -0.0021
                   Episode_Reward/alive: 3.0675
 Episode_Reward/non_timeout_termination: -0.6804
Episode_Reward/worst_ee_z_normalized_squared: -0.0306
Episode_Reward/right_wrist_prethreshold_barrier: -0.0019
 Episode_Reward/requested_effort_excess: -0.0000
Episode_Reward/root_world_tracking_error: -0.0098
Episode_Reward/measured_joint_posture_l2: -0.0288
Episode_Reward/measured_feet_world_position_l2: -0.0232
Episode_Reward/original_task_position_l2: -0.0177
Episode_Reward/original_task_orientation_l2: -0.0136
        Metrics/motion/error_anchor_pos: 0.2501
        Metrics/motion/error_anchor_rot: 0.1671
    Metrics/motion/error_anchor_lin_vel: 0.6204
    Metrics/motion/error_anchor_ang_vel: 1.2535
          Metrics/motion/error_body_pos: 0.2677
          Metrics/motion/error_body_rot: 0.3625
         Metrics/motion/error_joint_pos: 1.2024
         Metrics/motion/error_joint_vel: 6.7765
        Metrics/motion/sampling_entropy: 0.0000
      Metrics/motion/sampling_top1_prob: 0.0000
       Metrics/motion/sampling_top1_bin: 0.0000
      Metrics/motion/error_body_lin_vel: 0.7565
      Metrics/motion/error_body_ang_vel: 1.9741
           Episode_Termination/time_out: 0.0000
         Episode_Termination/anchor_pos: 0.0000
         Episode_Termination/anchor_ori: 0.0000
        Episode_Termination/ee_body_pos: 0.1111
Episode_Termination/corpus_clip_time_out: 0.1111
Episode_Termination/invalid_native_model_actuation: 0.0000
Episode_Termination/world_root_tracking_failure: 0.7778
 Episode_Reward/world_potential_shaping: 0.0439
--------------------------------------------------------------------------------
                         Iteration time: 2.83s
                           Time elapsed: 00:11:51
                                    ETA: 00:11:01

################################################################################
[1m                          Learning iteration 759/1000                           [0m 

                               Run name: original_core_920ms_fresh
                            Total steps: 532480 
                       Steps per second: 660 
                        Collection time: 2.831s 
                          Learning time: 0.271s 
                        Mean value loss: 356.4373
                    Mean surrogate loss: -0.0085
                      Mean entropy loss: -20.3221
                            Mean reward: 926.13
                    Mean episode length: 277.73
                        Mean action std: 0.10
  Episode_Reward/motion_global_root_pos: 0.0176
  Episode_Reward/motion_global_root_ori: 0.0205
         Episode_Reward/motion_body_pos: 0.0343
         Episode_Reward/motion_body_ori: 0.0343
     Episode_Reward/motion_body_lin_vel: 0.0419
     Episode_Reward/motion_body_ang_vel: 0.0395
          Episode_Reward/action_rate_l2: -0.0039
             Episode_Reward/joint_limit: -0.0005
         Episode_Reward/self_collisions: -0.0084
Episode_Reward/action_target_reference_l2: -0.0225
Episode_Reward/action_target_soft_limit_barrier: -0.0044
                   Episode_Reward/alive: 5.2761
 Episode_Reward/non_timeout_termination: -0.6124
Episode_Reward/worst_ee_z_normalized_squared: -0.0597
Episode_Reward/right_wrist_prethreshold_barrier: -0.0007
 Episode_Reward/requested_effort_excess: -0.0000
Episode_Reward/root_world_tracking_error: -0.0160
Episode_Reward/measured_joint_posture_l2: -0.0527
Episode_Reward/measured_feet_world_position_l2: -0.0404
Episode_Reward/original_task_position_l2: -0.0329
Episode_Reward/original_task_orientation_l2: -0.0238
        Metrics/motion/error_anchor_pos: 0.2648
        Metrics/motion/error_anchor_rot: 0.1087
    Metrics/motion/error_anchor_lin_vel: 0.2978
    Metrics/motion/error_anchor_ang_vel: 0.5954
          Metrics/motion/error_body_pos: 0.2693
          Metrics/motion/error_body_rot: 0.3010
         Metrics/motion/error_joint_pos: 0.9607
         Metrics/motion/error_joint_vel: 4.1197
        Metrics/motion/sampling_entropy: 0.0000
      Metrics/motion/sampling_top1_prob: 0.0000
       Metrics/motion/sampling_top1_bin: 0.0000
      Metrics/motion/error_body_lin_vel: 0.3141
      Metrics/motion/error_body_ang_vel: 1.0877
           Episode_Termination/time_out: 0.0000
         Episode_Termination/anchor_pos: 0.0000
         Episode_Termination/anchor_ori: 0.0000
        Episode_Termination/ee_body_pos: 0.0000
Episode_Termination/corpus_clip_time_out: 0.2000
Episode_Termination/invalid_native_model_actuation: 0.0000
Episode_Termination/world_root_tracking_failure: 1.0000
 Episode_Reward/world_potential_shaping: 0.0704
--------------------------------------------------------------------------------
                         Iteration time: 3.10s
                           Time elapsed: 00:11:54
                                    ETA: 00:10:59

################################################################################
[1m                          Learning iteration 760/1000                           [0m 

                               Run name: original_core_920ms_fresh
                            Total steps: 534528 
                       Steps per second: 699 
                        Collection time: 2.722s 
                          Learning time: 0.206s 
                        Mean value loss: 504.1906
                    Mean surrogate loss: -0.0133
                      Mean entropy loss: -20.3221
                            Mean reward: 928.67
                    Mean episode length: 280.43
                        Mean action std: 0.10
  Episode_Reward/motion_global_root_pos: 0.0155
  Episode_Reward/motion_global_root_ori: 0.0189
         Episode_Reward/motion_body_pos: 0.0304
         Episode_Reward/motion_body_ori: 0.0318
     Episode_Reward/motion_body_lin_vel: 0.0392
     Episode_Reward/motion_body_ang_vel: 0.0369
          Episode_Reward/action_rate_l2: -0.0039
             Episode_Reward/joint_limit: -0.0004
         Episode_Reward/self_collisions: -0.0056
Episode_Reward/action_target_reference_l2: -0.0226
Episode_Reward/action_target_soft_limit_barrier: -0.0045
                   Episode_Reward/alive: 4.9998
 Episode_Reward/non_timeout_termination: -0.6379
Episode_Reward/worst_ee_z_normalized_squared: -0.0616
Episode_Reward/right_wrist_prethreshold_barrier: -0.0013
 Episode_Reward/requested_effort_excess: -0.0000
Episode_Reward/root_world_tracking_error: -0.0192
Episode_Reward/measured_joint_posture_l2: -0.0515
Episode_Reward/measured_feet_world_position_l2: -0.0390
Episode_Reward/original_task_position_l2: -0.0324
Episode_Reward/original_task_orientation_l2: -0.0222
        Metrics/motion/error_anchor_pos: 0.2803
        Metrics/motion/error_anchor_rot: 0.1697
    Metrics/motion/error_anchor_lin_vel: 0.4466
    Metrics/motion/error_anchor_ang_vel: 0.9885
          Metrics/motion/error_body_pos: 0.2883
          Metrics/motion/error_body_rot: 0.2976
         Metrics/motion/error_joint_pos: 1.0848
         Metrics/motion/error_joint_vel: 5.4890
        Metrics/motion/sampling_entropy: 0.0000
      Metrics/motion/sampling_top1_prob: 0.0000
       Metrics/motion/sampling_top1_bin: 0.0000
      Metrics/motion/error_body_lin_vel: 0.4601
      Metrics/motion/error_body_ang_vel: 1.5697
           Episode_Termination/time_out: 0.0000
         Episode_Termination/anchor_pos: 0.0000
         Episode_Termination/anchor_ori: 0.0000
        Episode_Termination/ee_body_pos: 0.0000
Episode_Termination/corpus_clip_time_out: 0.1667
Episode_Termination/invalid_native_model_actuation: 0.0000
Episode_Termination/world_root_tracking_failure: 1.5000
 Episode_Reward/world_potential_shaping: 0.0711
--------------------------------------------------------------------------------
                         Iteration time: 2.93s
                           Time elapsed: 00:11:57
                                    ETA: 00:10:56

################################################################################
[1m                          Learning iteration 761/1000                           [0m 

                               Run name: original_core_920ms_fresh
                            Total steps: 536576 
                       Steps per second: 716 
                        Collection time: 2.656s 
                          Learning time: 0.203s 
                        Mean value loss: 444.8582
                    Mean surrogate loss: -0.0117
                      Mean entropy loss: -20.3221
                            Mean reward: 955.88
                    Mean episode length: 285.13
                        Mean action std: 0.10
  Episode_Reward/motion_global_root_pos: 0.0256
  Episode_Reward/motion_global_root_ori: 0.0257
         Episode_Reward/motion_body_pos: 0.0507
         Episode_Reward/motion_body_ori: 0.0447
     Episode_Reward/motion_body_lin_vel: 0.0551
     Episode_Reward/motion_body_ang_vel: 0.0524
          Episode_Reward/action_rate_l2: -0.0046
             Episode_Reward/joint_limit: -0.0005
         Episode_Reward/self_collisions: -0.0105
Episode_Reward/action_target_reference_l2: -0.0253
Episode_Reward/action_target_soft_limit_barrier: -0.0032
                   Episode_Reward/alive: 6.6966
 Episode_Reward/non_timeout_termination: -0.6219
Episode_Reward/worst_ee_z_normalized_squared: -0.0941
Episode_Reward/right_wrist_prethreshold_barrier: -0.0083
 Episode_Reward/requested_effort_excess: 0.0000
Episode_Reward/root_world_tracking_error: -0.0112
Episode_Reward/measured_joint_posture_l2: -0.0575
Episode_Reward/measured_feet_world_position_l2: -0.0428
Episode_Reward/original_task_position_l2: -0.0317
Episode_Reward/original_task_orientation_l2: -0.0263
        Metrics/motion/error_anchor_pos: 0.2434
        Metrics/motion/error_anchor_rot: 0.1739
    Metrics/motion/error_anchor_lin_vel: 0.3172
    Metrics/motion/error_anchor_ang_vel: 0.9192
          Metrics/motion/error_body_pos: 0.2465
          Metrics/motion/error_body_rot: 0.3488
         Metrics/motion/error_joint_pos: 1.0797
         Metrics/motion/error_joint_vel: 4.4330
        Metrics/motion/sampling_entropy: 0.0000
      Metrics/motion/sampling_top1_prob: 0.0000
       Metrics/motion/sampling_top1_bin: 0.0000
      Metrics/motion/error_body_lin_vel: 0.3915
      Metrics/motion/error_body_ang_vel: 1.2648
           Episode_Termination/time_out: 0.0000
         Episode_Termination/anchor_pos: 0.0000
         Episode_Termination/anchor_ori: 0.0000
        Episode_Termination/ee_body_pos: 0.1250
Episode_Termination/corpus_clip_time_out: 0.2500
Episode_Termination/invalid_native_model_actuation: 0.0000
Episode_Termination/world_root_tracking_failure: 0.8750
 Episode_Reward/world_potential_shaping: 0.0645
--------------------------------------------------------------------------------
                         Iteration time: 2.86s
                           Time elapsed: 00:12:00
                                    ETA: 00:10:54

################################################################################
[1m                          Learning iteration 762/1000                           [0m 

                               Run name: original_core_920ms_fresh
                            Total steps: 538624 
                       Steps per second: 751 
                        Collection time: 2.518s 
                          Learning time: 0.207s 
                        Mean value loss: 583.4620
                    Mean surrogate loss: -0.0126
                      Mean entropy loss: -20.3221
                            Mean reward: 958.00
                    Mean episode length: 284.28
                        Mean action std: 0.10
--------------------------------------------------------------------------------
                         Iteration time: 2.72s
                           Time elapsed: 00:12:02
                                    ETA: 00:10:51

################################################################################
[1m                          Learning iteration 763/1000                           [0m 

                               Run name: original_core_920ms_fresh
                            Total steps: 540672 
                       Steps per second: 695 
                        Collection time: 2.646s 
                          Learning time: 0.298s 
                        Mean value loss: 1217.1488
                    Mean surrogate loss: -0.0096
                      Mean entropy loss: -20.3221
                            Mean reward: 974.13
                    Mean episode length: 290.15
                        Mean action std: 0.10
  Episode_Reward/motion_global_root_pos: 0.0181
  Episode_Reward/motion_global_root_ori: 0.0194
         Episode_Reward/motion_body_pos: 0.0357
         Episode_Reward/motion_body_ori: 0.0328
     Episode_Reward/motion_body_lin_vel: 0.0400
     Episode_Reward/motion_body_ang_vel: 0.0371
          Episode_Reward/action_rate_l2: -0.0038
             Episode_Reward/joint_limit: -0.0012
         Episode_Reward/self_collisions: -0.0051
Episode_Reward/action_target_reference_l2: -0.0239
Episode_Reward/action_target_soft_limit_barrier: -0.0037
                   Episode_Reward/alive: 5.0621
 Episode_Reward/non_timeout_termination: -0.7655
Episode_Reward/worst_ee_z_normalized_squared: -0.0949
Episode_Reward/right_wrist_prethreshold_barrier: -0.0071
 Episode_Reward/requested_effort_excess: -0.0000
Episode_Reward/root_world_tracking_error: -0.0132
Episode_Reward/measured_joint_posture_l2: -0.0528
Episode_Reward/measured_feet_world_position_l2: -0.0368
Episode_Reward/original_task_position_l2: -0.0287
Episode_Reward/original_task_orientation_l2: -0.0234
        Metrics/motion/error_anchor_pos: 0.2783
        Metrics/motion/error_anchor_rot: 0.1501
    Metrics/motion/error_anchor_lin_vel: 0.5446
    Metrics/motion/error_anchor_ang_vel: 1.3685
          Metrics/motion/error_body_pos: 0.2866
          Metrics/motion/error_body_rot: 0.3315
         Metrics/motion/error_joint_pos: 1.1830
         Metrics/motion/error_joint_vel: 5.4059
        Metrics/motion/sampling_entropy: 0.0000
      Metrics/motion/sampling_top1_prob: 0.0000
       Metrics/motion/sampling_top1_bin: 0.0000
      Metrics/motion/error_body_lin_vel: 0.5726
      Metrics/motion/error_body_ang_vel: 1.7311
           Episode_Termination/time_out: 0.0000
         Episode_Termination/anchor_pos: 0.0000
         Episode_Termination/anchor_ori: 0.0000
        Episode_Termination/ee_body_pos: 0.1111
Episode_Termination/corpus_clip_time_out: 0.0000
Episode_Termination/invalid_native_model_actuation: 0.0000
Episode_Termination/world_root_tracking_failure: 1.1111
 Episode_Reward/world_potential_shaping: 0.0628
--------------------------------------------------------------------------------
                         Iteration time: 2.94s
                           Time elapsed: 00:12:05
                                    ETA: 00:10:48

################################################################################
[1m                          Learning iteration 764/1000                           [0m 

                               Run name: original_core_920ms_fresh
                            Total steps: 542720 
                       Steps per second: 625 
                        Collection time: 3.016s 
                          Learning time: 0.260s 
                        Mean value loss: 710.5005
                    Mean surrogate loss: -0.0079
                      Mean entropy loss: -20.3221
                            Mean reward: 970.24
                    Mean episode length: 288.13
                        Mean action std: 0.10
--------------------------------------------------------------------------------
                         Iteration time: 3.28s
                           Time elapsed: 00:12:09
                                    ETA: 00:10:46

################################################################################
[1m                          Learning iteration 765/1000                           [0m 

                               Run name: original_core_920ms_fresh
                            Total steps: 544768 
                       Steps per second: 340 
                        Collection time: 5.792s 
                          Learning time: 0.228s 
                        Mean value loss: 596.6641
                    Mean surrogate loss: -0.0079
                      Mean entropy loss: -20.3221
                            Mean reward: 1008.33
                    Mean episode length: 298.83
                        Mean action std: 0.10
--------------------------------------------------------------------------------
                         Iteration time: 6.02s
                           Time elapsed: 00:12:15
                                    ETA: 00:10:46

################################################################################
[1m                          Learning iteration 766/1000                           [0m 

                               Run name: original_core_920ms_fresh
                            Total steps: 546816 
                       Steps per second: 737 
                        Collection time: 2.577s 
                          Learning time: 0.198s 
                        Mean value loss: 913.6362
                    Mean surrogate loss: -0.0111
                      Mean entropy loss: -20.3221
                            Mean reward: 1071.49
                    Mean episode length: 316.44
                        Mean action std: 0.10
  Episode_Reward/motion_global_root_pos: 0.0147
  Episode_Reward/motion_global_root_ori: 0.0158
         Episode_Reward/motion_body_pos: 0.0290
         Episode_Reward/motion_body_ori: 0.0243
     Episode_Reward/motion_body_lin_vel: 0.0325
     Episode_Reward/motion_body_ang_vel: 0.0285
          Episode_Reward/action_rate_l2: -0.0036
             Episode_Reward/joint_limit: -0.0018
         Episode_Reward/self_collisions: -0.0162
Episode_Reward/action_target_reference_l2: -0.0231
Episode_Reward/action_target_soft_limit_barrier: -0.0028
                   Episode_Reward/alive: 4.2325
 Episode_Reward/non_timeout_termination: -0.7655
Episode_Reward/worst_ee_z_normalized_squared: -0.0790
Episode_Reward/right_wrist_prethreshold_barrier: -0.0051
 Episode_Reward/requested_effort_excess: -0.0000
Episode_Reward/root_world_tracking_error: -0.0136
Episode_Reward/measured_joint_posture_l2: -0.0562
Episode_Reward/measured_feet_world_position_l2: -0.0314
Episode_Reward/original_task_position_l2: -0.0262
Episode_Reward/original_task_orientation_l2: -0.0245
        Metrics/motion/error_anchor_pos: 0.2576
        Metrics/motion/error_anchor_rot: 0.1626
    Metrics/motion/error_anchor_lin_vel: 0.4723
    Metrics/motion/error_anchor_ang_vel: 1.0431
          Metrics/motion/error_body_pos: 0.2646
          Metrics/motion/error_body_rot: 0.3462
         Metrics/motion/error_joint_pos: 1.1993
         Metrics/motion/error_joint_vel: 6.0298
        Metrics/motion/sampling_entropy: 0.0000
      Metrics/motion/sampling_top1_prob: 0.0000
       Metrics/motion/sampling_top1_bin: 0.0000
      Metrics/motion/error_body_lin_vel: 0.4690
      Metrics/motion/error_body_ang_vel: 1.6618
           Episode_Termination/time_out: 0.0000
         Episode_Termination/anchor_pos: 0.0000
         Episode_Termination/anchor_ori: 0.0000
        Episode_Termination/ee_body_pos: 0.1667
Episode_Termination/corpus_clip_time_out: 0.0000
Episode_Termination/invalid_native_model_actuation: 0.0000
Episode_Termination/world_root_tracking_failure: 1.1667
 Episode_Reward/world_potential_shaping: 0.0589
--------------------------------------------------------------------------------
                         Iteration time: 2.78s
                           Time elapsed: 00:12:17
                                    ETA: 00:10:43

################################################################################
[1m                          Learning iteration 767/1000                           [0m 

                               Run name: original_core_920ms_fresh
                            Total steps: 548864 
                       Steps per second: 704 
                        Collection time: 2.690s 
                          Learning time: 0.216s 
                        Mean value loss: 493.7370
                    Mean surrogate loss: -0.0153
                      Mean entropy loss: -20.3221
                            Mean reward: 1033.06
                    Mean episode length: 307.67
                        Mean action std: 0.10
--------------------------------------------------------------------------------
                         Iteration time: 2.91s
                           Time elapsed: 00:12:20
                                    ETA: 00:10:41

################################################################################
[1m                          Learning iteration 768/1000                           [0m 

                               Run name: original_core_920ms_fresh
                            Total steps: 550912 
                       Steps per second: 811 
                        Collection time: 2.341s 
                          Learning time: 0.183s 
                        Mean value loss: 502.4761
                    Mean surrogate loss: -0.0140
                      Mean entropy loss: -20.3221
                            Mean reward: 1062.64
                    Mean episode length: 318.57
                        Mean action std: 0.10
  Episode_Reward/motion_global_root_pos: 0.0216
  Episode_Reward/motion_global_root_ori: 0.0243
         Episode_Reward/motion_body_pos: 0.0410
         Episode_Reward/motion_body_ori: 0.0396
     Episode_Reward/motion_body_lin_vel: 0.0498
     Episode_Reward/motion_body_ang_vel: 0.0460
          Episode_Reward/action_rate_l2: -0.0052
             Episode_Reward/joint_limit: -0.0005
         Episode_Reward/self_collisions: -0.0047
Episode_Reward/action_target_reference_l2: -0.0297
Episode_Reward/action_target_soft_limit_barrier: -0.0047
                   Episode_Reward/alive: 6.4810
 Episode_Reward/non_timeout_termination: -0.6379
Episode_Reward/worst_ee_z_normalized_squared: -0.0906
Episode_Reward/right_wrist_prethreshold_barrier: -0.0105
 Episode_Reward/requested_effort_excess: -0.0000
Episode_Reward/root_world_tracking_error: -0.0225
Episode_Reward/measured_joint_posture_l2: -0.0814
Episode_Reward/measured_feet_world_position_l2: -0.0498
Episode_Reward/original_task_position_l2: -0.0412
Episode_Reward/original_task_orientation_l2: -0.0303
        Metrics/motion/error_anchor_pos: 0.2591
        Metrics/motion/error_anchor_rot: 0.1659
    Metrics/motion/error_anchor_lin_vel: 0.4845
    Metrics/motion/error_anchor_ang_vel: 1.1786
          Metrics/motion/error_body_pos: 0.2692
          Metrics/motion/error_body_rot: 0.2968
         Metrics/motion/error_joint_pos: 1.1217
         Metrics/motion/error_joint_vel: 5.2046
        Metrics/motion/sampling_entropy: 0.0000
      Metrics/motion/sampling_top1_prob: 0.0000
       Metrics/motion/sampling_top1_bin: 0.0000
      Metrics/motion/error_body_lin_vel: 0.4951
      Metrics/motion/error_body_ang_vel: 1.7029
           Episode_Termination/time_out: 0.0000
         Episode_Termination/anchor_pos: 0.0000
         Episode_Termination/anchor_ori: 0.0000
        Episode_Termination/ee_body_pos: 0.0000
Episode_Termination/corpus_clip_time_out: 0.1667
Episode_Termination/invalid_native_model_actuation: 0.0000
Episode_Termination/world_root_tracking_failure: 0.8333
 Episode_Reward/world_potential_shaping: 0.0857
--------------------------------------------------------------------------------
                         Iteration time: 2.52s
                           Time elapsed: 00:12:23
                                    ETA: 00:10:38

################################################################################
[1m                          Learning iteration 769/1000                           [0m 

                               Run name: original_core_920ms_fresh
                            Total steps: 552960 
                       Steps per second: 768 
                        Collection time: 2.461s 
                          Learning time: 0.204s 
                        Mean value loss: 635.5298
                    Mean surrogate loss: -0.0119
                      Mean entropy loss: -20.3221
                            Mean reward: 978.88
                    Mean episode length: 295.17
                        Mean action std: 0.10
  Episode_Reward/motion_global_root_pos: 0.0082
  Episode_Reward/motion_global_root_ori: 0.0094
         Episode_Reward/motion_body_pos: 0.0163
         Episode_Reward/motion_body_ori: 0.0150
     Episode_Reward/motion_body_lin_vel: 0.0188
     Episode_Reward/motion_body_ang_vel: 0.0180
          Episode_Reward/action_rate_l2: -0.0021
             Episode_Reward/joint_limit: -0.0000
         Episode_Reward/self_collisions: -0.0062
Episode_Reward/action_target_reference_l2: -0.0116
Episode_Reward/action_target_soft_limit_barrier: -0.0031
                   Episode_Reward/alive: 2.5109
 Episode_Reward/non_timeout_termination: -0.7655
Episode_Reward/worst_ee_z_normalized_squared: -0.0242
Episode_Reward/right_wrist_prethreshold_barrier: 0.0000
 Episode_Reward/requested_effort_excess: 0.0000
Episode_Reward/root_world_tracking_error: -0.0103
Episode_Reward/measured_joint_posture_l2: -0.0310
Episode_Reward/measured_feet_world_position_l2: -0.0182
Episode_Reward/original_task_position_l2: -0.0150
Episode_Reward/original_task_orientation_l2: -0.0124
        Metrics/motion/error_anchor_pos: 0.2873
        Metrics/motion/error_anchor_rot: 0.1616
    Metrics/motion/error_anchor_lin_vel: 0.3938
    Metrics/motion/error_anchor_ang_vel: 0.5896
          Metrics/motion/error_body_pos: 0.2969
          Metrics/motion/error_body_rot: 0.2845
         Metrics/motion/error_joint_pos: 1.0993
         Metrics/motion/error_joint_vel: 4.0278
        Metrics/motion/sampling_entropy: 0.0000
      Metrics/motion/sampling_top1_prob: 0.0000
       Metrics/motion/sampling_top1_bin: 0.0000
      Metrics/motion/error_body_lin_vel: 0.4051
      Metrics/motion/error_body_ang_vel: 1.1800
           Episode_Termination/time_out: 0.0000
         Episode_Termination/anchor_pos: 0.0000
         Episode_Termination/anchor_ori: 0.0000
        Episode_Termination/ee_body_pos: 0.0000
Episode_Termination/corpus_clip_time_out: 0.0000
Episode_Termination/invalid_native_model_actuation: 0.0000
Episode_Termination/world_root_tracking_failure: 1.3333
 Episode_Reward/world_potential_shaping: 0.0392
--------------------------------------------------------------------------------
                         Iteration time: 2.66s
                           Time elapsed: 00:12:26
                                    ETA: 00:10:35

################################################################################
[1m                          Learning iteration 770/1000                           [0m 

                               Run name: original_core_920ms_fresh
                            Total steps: 555008 
                       Steps per second: 681 
                        Collection time: 2.748s 
                          Learning time: 0.256s 
                        Mean value loss: 710.5684
                    Mean surrogate loss: -0.0065
                      Mean entropy loss: -20.3221
                            Mean reward: 943.21
                    Mean episode length: 287.78
                        Mean action std: 0.10
--------------------------------------------------------------------------------
                         Iteration time: 3.00s
                           Time elapsed: 00:12:29
                                    ETA: 00:10:32

################################################################################
[1m                          Learning iteration 771/1000                           [0m 

                               Run name: original_core_920ms_fresh
                            Total steps: 557056 
                       Steps per second: 648 
                        Collection time: 2.888s 
                          Learning time: 0.270s 
                        Mean value loss: 1007.7887
                    Mean surrogate loss: -0.0098
                      Mean entropy loss: -20.3221
                            Mean reward: 909.39
                    Mean episode length: 276.82
                        Mean action std: 0.10
  Episode_Reward/motion_global_root_pos: 0.0209
  Episode_Reward/motion_global_root_ori: 0.0220
         Episode_Reward/motion_body_pos: 0.0414
         Episode_Reward/motion_body_ori: 0.0366
     Episode_Reward/motion_body_lin_vel: 0.0447
     Episode_Reward/motion_body_ang_vel: 0.0414
          Episode_Reward/action_rate_l2: -0.0045
             Episode_Reward/joint_limit: -0.0009
         Episode_Reward/self_collisions: -0.0068
Episode_Reward/action_target_reference_l2: -0.0261
Episode_Reward/action_target_soft_limit_barrier: -0.0047
                   Episode_Reward/alive: 5.7141
 Episode_Reward/non_timeout_termination: -0.6561
Episode_Reward/worst_ee_z_normalized_squared: -0.0856
Episode_Reward/right_wrist_prethreshold_barrier: -0.0043
 Episode_Reward/requested_effort_excess: -0.0000
Episode_Reward/root_world_tracking_error: -0.0142
Episode_Reward/measured_joint_posture_l2: -0.0560
Episode_Reward/measured_feet_world_position_l2: -0.0381
Episode_Reward/original_task_position_l2: -0.0311
Episode_Reward/original_task_orientation_l2: -0.0268
        Metrics/motion/error_anchor_pos: 0.2554
        Metrics/motion/error_anchor_rot: 0.1377
    Metrics/motion/error_anchor_lin_vel: 0.2831
    Metrics/motion/error_anchor_ang_vel: 0.9016
          Metrics/motion/error_body_pos: 0.2570
          Metrics/motion/error_body_rot: 0.2926
         Metrics/motion/error_joint_pos: 1.1061
         Metrics/motion/error_joint_vel: 4.2138
        Metrics/motion/sampling_entropy: 0.0000
      Metrics/motion/sampling_top1_prob: 0.0000
       Metrics/motion/sampling_top1_bin: 0.0000
      Metrics/motion/error_body_lin_vel: 0.3617
      Metrics/motion/error_body_ang_vel: 1.2750
           Episode_Termination/time_out: 0.0000
         Episode_Termination/anchor_pos: 0.0000
         Episode_Termination/anchor_ori: 0.0000
        Episode_Termination/ee_body_pos: 0.0000
Episode_Termination/corpus_clip_time_out: 0.1429
Episode_Termination/invalid_native_model_actuation: 0.0000
Episode_Termination/world_root_tracking_failure: 1.0000
 Episode_Reward/world_potential_shaping: 0.0626
--------------------------------------------------------------------------------
                         Iteration time: 3.16s
                           Time elapsed: 00:12:32
                                    ETA: 00:10:30

################################################################################
[1m                          Learning iteration 772/1000                           [0m 

                               Run name: original_core_920ms_fresh
                            Total steps: 559104 
                       Steps per second: 683 
                        Collection time: 2.787s 
                          Learning time: 0.209s 
                        Mean value loss: 531.9917
                    Mean surrogate loss: -0.0094
                      Mean entropy loss: -20.3221
                            Mean reward: 943.91
                    Mean episode length: 286.15
                        Mean action std: 0.10
--------------------------------------------------------------------------------
                         Iteration time: 3.00s
                           Time elapsed: 00:12:35
                                    ETA: 00:10:27

################################################################################
[1m                          Learning iteration 773/1000                           [0m 

                               Run name: original_core_920ms_fresh
                            Total steps: 561152 
                       Steps per second: 704 
                        Collection time: 2.668s 
                          Learning time: 0.238s 
                        Mean value loss: 425.0890
                    Mean surrogate loss: -0.0173
                      Mean entropy loss: -20.3221
                            Mean reward: 941.97
                    Mean episode length: 283.39
                        Mean action std: 0.10
  Episode_Reward/motion_global_root_pos: 0.0185
  Episode_Reward/motion_global_root_ori: 0.0207
         Episode_Reward/motion_body_pos: 0.0360
         Episode_Reward/motion_body_ori: 0.0352
     Episode_Reward/motion_body_lin_vel: 0.0423
     Episode_Reward/motion_body_ang_vel: 0.0405
          Episode_Reward/action_rate_l2: -0.0040
             Episode_Reward/joint_limit: -0.0007
         Episode_Reward/self_collisions: -0.0176
Episode_Reward/action_target_reference_l2: -0.0212
Episode_Reward/action_target_soft_limit_barrier: -0.0057
                   Episode_Reward/alive: 5.3598
 Episode_Reward/non_timeout_termination: -0.6561
Episode_Reward/worst_ee_z_normalized_squared: -0.0496
Episode_Reward/right_wrist_prethreshold_barrier: -0.0006
 Episode_Reward/requested_effort_excess: 0.0000
Episode_Reward/root_world_tracking_error: -0.0159
Episode_Reward/measured_joint_posture_l2: -0.0511
Episode_Reward/measured_feet_world_position_l2: -0.0377
Episode_Reward/original_task_position_l2: -0.0305
Episode_Reward/original_task_orientation_l2: -0.0264
        Metrics/motion/error_anchor_pos: 0.2789
        Metrics/motion/error_anchor_rot: 0.1358
    Metrics/motion/error_anchor_lin_vel: 0.3571
    Metrics/motion/error_anchor_ang_vel: 0.8714
          Metrics/motion/error_body_pos: 0.2837
          Metrics/motion/error_body_rot: 0.3164
         Metrics/motion/error_joint_pos: 1.1159
         Metrics/motion/error_joint_vel: 4.4479
        Metrics/motion/sampling_entropy: 0.0000
      Metrics/motion/sampling_top1_prob: 0.0000
       Metrics/motion/sampling_top1_bin: 0.0000
      Metrics/motion/error_body_lin_vel: 0.3949
      Metrics/motion/error_body_ang_vel: 1.4463
           Episode_Termination/time_out: 0.0000
         Episode_Termination/anchor_pos: 0.0000
         Episode_Termination/anchor_ori: 0.0000
        Episode_Termination/ee_body_pos: 0.0000
Episode_Termination/corpus_clip_time_out: 0.1429
Episode_Termination/invalid_native_model_actuation: 0.0000
Episode_Termination/world_root_tracking_failure: 1.1429
 Episode_Reward/world_potential_shaping: 0.0612
--------------------------------------------------------------------------------
                         Iteration time: 2.91s
                           Time elapsed: 00:12:38
                                    ETA: 00:10:25

################################################################################
[1m                          Learning iteration 774/1000                           [0m 

                               Run name: original_core_920ms_fresh
                            Total steps: 563200 
                       Steps per second: 730 
                        Collection time: 2.549s 
                          Learning time: 0.254s 
                        Mean value loss: 388.6093
                    Mean surrogate loss: -0.0113
                      Mean entropy loss: -20.3221
                            Mean reward: 931.84
                    Mean episode length: 280.25
                        Mean action std: 0.10
--------------------------------------------------------------------------------
                         Iteration time: 2.80s
                           Time elapsed: 00:12:40
                                    ETA: 00:10:22

################################################################################
[1m                          Learning iteration 775/1000                           [0m 

                               Run name: original_core_920ms_fresh
                            Total steps: 565248 
                       Steps per second: 678 
                        Collection time: 2.759s 
                          Learning time: 0.260s 
                        Mean value loss: 891.3644
                    Mean surrogate loss: -0.0138
                      Mean entropy loss: -20.3221
                            Mean reward: 919.29
                    Mean episode length: 274.16
                        Mean action std: 0.10
--------------------------------------------------------------------------------
                         Iteration time: 3.02s
                           Time elapsed: 00:12:43
                                    ETA: 00:10:19

################################################################################
[1m                          Learning iteration 776/1000                           [0m 

                               Run name: original_core_920ms_fresh
                            Total steps: 567296 
                       Steps per second: 357 
                        Collection time: 5.490s 
                          Learning time: 0.235s 
                        Mean value loss: 726.0228
                    Mean surrogate loss: -0.0100
                      Mean entropy loss: -20.3221
                            Mean reward: 851.67
                    Mean episode length: 261.11
                        Mean action std: 0.10
  Episode_Reward/motion_global_root_pos: 0.0118
  Episode_Reward/motion_global_root_ori: 0.0136
         Episode_Reward/motion_body_pos: 0.0235
         Episode_Reward/motion_body_ori: 0.0221
     Episode_Reward/motion_body_lin_vel: 0.0284
     Episode_Reward/motion_body_ang_vel: 0.0267
          Episode_Reward/action_rate_l2: -0.0028
             Episode_Reward/joint_limit: -0.0007
         Episode_Reward/self_collisions: -0.0021
Episode_Reward/action_target_reference_l2: -0.0167
Episode_Reward/action_target_soft_limit_barrier: -0.0027
                   Episode_Reward/alive: 3.6340
 Episode_Reward/non_timeout_termination: -0.6698
Episode_Reward/worst_ee_z_normalized_squared: -0.0578
Episode_Reward/right_wrist_prethreshold_barrier: -0.0045
 Episode_Reward/requested_effort_excess: -0.0000
Episode_Reward/root_world_tracking_error: -0.0130
Episode_Reward/measured_joint_posture_l2: -0.0362
Episode_Reward/measured_feet_world_position_l2: -0.0279
Episode_Reward/original_task_position_l2: -0.0231
Episode_Reward/original_task_orientation_l2: -0.0159
        Metrics/motion/error_anchor_pos: 0.2759
        Metrics/motion/error_anchor_rot: 0.1501
    Metrics/motion/error_anchor_lin_vel: 0.4441
    Metrics/motion/error_anchor_ang_vel: 0.6922
          Metrics/motion/error_body_pos: 0.2796
          Metrics/motion/error_body_rot: 0.3178
         Metrics/motion/error_joint_pos: 1.1242
         Metrics/motion/error_joint_vel: 4.4276
        Metrics/motion/sampling_entropy: 0.0000
      Metrics/motion/sampling_top1_prob: 0.0000
       Metrics/motion/sampling_top1_bin: 0.0000
      Metrics/motion/error_body_lin_vel: 0.4678
      Metrics/motion/error_body_ang_vel: 1.2233
           Episode_Termination/time_out: 0.0000
         Episode_Termination/anchor_pos: 0.0000
         Episode_Termination/anchor_ori: 0.0000
        Episode_Termination/ee_body_pos: 0.1250
Episode_Termination/corpus_clip_time_out: 0.1250
Episode_Termination/invalid_native_model_actuation: 0.0000
Episode_Termination/world_root_tracking_failure: 0.8750
 Episode_Reward/world_potential_shaping: 0.0538
--------------------------------------------------------------------------------
                         Iteration time: 5.73s
                           Time elapsed: 00:12:49
                                    ETA: 00:10:19

################################################################################
[1m                          Learning iteration 777/1000                           [0m 

                               Run name: original_core_920ms_fresh
                            Total steps: 569344 
                       Steps per second: 793 
                        Collection time: 2.366s 
                          Learning time: 0.217s 
                        Mean value loss: 520.3779
                    Mean surrogate loss: -0.0102
                      Mean entropy loss: -20.3221
                            Mean reward: 899.09
                    Mean episode length: 272.55
                        Mean action std: 0.10
  Episode_Reward/motion_global_root_pos: 0.0265
  Episode_Reward/motion_global_root_ori: 0.0268
         Episode_Reward/motion_body_pos: 0.0526
         Episode_Reward/motion_body_ori: 0.0442
     Episode_Reward/motion_body_lin_vel: 0.0562
     Episode_Reward/motion_body_ang_vel: 0.0522
          Episode_Reward/action_rate_l2: -0.0054
             Episode_Reward/joint_limit: -0.0014
         Episode_Reward/self_collisions: -0.0082
Episode_Reward/action_target_reference_l2: -0.0340
Episode_Reward/action_target_soft_limit_barrier: -0.0041
                   Episode_Reward/alive: 7.0518
 Episode_Reward/non_timeout_termination: -0.7655
Episode_Reward/worst_ee_z_normalized_squared: -0.1444
Episode_Reward/right_wrist_prethreshold_barrier: -0.0242
 Episode_Reward/requested_effort_excess: -0.0000
Episode_Reward/root_world_tracking_error: -0.0157
Episode_Reward/measured_joint_posture_l2: -0.0768
Episode_Reward/measured_feet_world_position_l2: -0.0463
Episode_Reward/original_task_position_l2: -0.0372
Episode_Reward/original_task_orientation_l2: -0.0313
        Metrics/motion/error_anchor_pos: 0.2411
        Metrics/motion/error_anchor_rot: 0.1634
    Metrics/motion/error_anchor_lin_vel: 0.6136
    Metrics/motion/error_anchor_ang_vel: 0.9002
          Metrics/motion/error_body_pos: 0.2493
          Metrics/motion/error_body_rot: 0.3159
         Metrics/motion/error_joint_pos: 1.0307
         Metrics/motion/error_joint_vel: 5.4268
        Metrics/motion/sampling_entropy: 0.0000
      Metrics/motion/sampling_top1_prob: 0.0000
       Metrics/motion/sampling_top1_bin: 0.0000
      Metrics/motion/error_body_lin_vel: 0.5931
      Metrics/motion/error_body_ang_vel: 1.5359
           Episode_Termination/time_out: 0.0000
         Episode_Termination/anchor_pos: 0.0000
         Episode_Termination/anchor_ori: 0.0000
        Episode_Termination/ee_body_pos: 0.2500
Episode_Termination/corpus_clip_time_out: 0.0000
Episode_Termination/invalid_native_model_actuation: 0.0000
Episode_Termination/world_root_tracking_failure: 0.8750
 Episode_Reward/world_potential_shaping: 0.0713
--------------------------------------------------------------------------------
                         Iteration time: 2.58s
                           Time elapsed: 00:12:52
                                    ETA: 00:10:16

################################################################################
[1m                          Learning iteration 778/1000                           [0m 

                               Run name: original_core_920ms_fresh
                            Total steps: 571392 
                       Steps per second: 817 
                        Collection time: 2.285s 
                          Learning time: 0.219s 
                        Mean value loss: 376.3869
                    Mean surrogate loss: -0.0164
                      Mean entropy loss: -20.3221
                            Mean reward: 915.82
                    Mean episode length: 275.34
                        Mean action std: 0.10
  Episode_Reward/motion_global_root_pos: 0.0156
  Episode_Reward/motion_global_root_ori: 0.0159
         Episode_Reward/motion_body_pos: 0.0311
         Episode_Reward/motion_body_ori: 0.0286
     Episode_Reward/motion_body_lin_vel: 0.0341
     Episode_Reward/motion_body_ang_vel: 0.0327
          Episode_Reward/action_rate_l2: -0.0031
             Episode_Reward/joint_limit: -0.0000
         Episode_Reward/self_collisions: -0.0116
Episode_Reward/action_target_reference_l2: -0.0158
Episode_Reward/action_target_soft_limit_barrier: -0.0032
                   Episode_Reward/alive: 4.2886
 Episode_Reward/non_timeout_termination: -0.7336
Episode_Reward/worst_ee_z_normalized_squared: -0.0444
Episode_Reward/right_wrist_prethreshold_barrier: -0.0001
 Episode_Reward/requested_effort_excess: -0.0000
Episode_Reward/root_world_tracking_error: -0.0107
Episode_Reward/measured_joint_posture_l2: -0.0358
Episode_Reward/measured_feet_world_position_l2: -0.0285
Episode_Reward/original_task_position_l2: -0.0205
Episode_Reward/original_task_orientation_l2: -0.0189
        Metrics/motion/error_anchor_pos: 0.2803
        Metrics/motion/error_anchor_rot: 0.1677
    Metrics/motion/error_anchor_lin_vel: 0.5574
    Metrics/motion/error_anchor_ang_vel: 0.9895
          Metrics/motion/error_body_pos: 0.2923
          Metrics/motion/error_body_rot: 0.3260
         Metrics/motion/error_joint_pos: 1.1344
         Metrics/motion/error_joint_vel: 5.3973
        Metrics/motion/sampling_entropy: 0.0000
      Metrics/motion/sampling_top1_prob: 0.0000
       Metrics/motion/sampling_top1_bin: 0.0000
      Metrics/motion/error_body_lin_vel: 0.5908
      Metrics/motion/error_body_ang_vel: 1.5009
           Episode_Termination/time_out: 0.0000
         Episode_Termination/anchor_pos: 0.0000
         Episode_Termination/anchor_ori: 0.0000
        Episode_Termination/ee_body_pos: 0.0000
Episode_Termination/corpus_clip_time_out: 0.1667
Episode_Termination/invalid_native_model_actuation: 0.0000
Episode_Termination/world_root_tracking_failure: 1.5000
 Episode_Reward/world_potential_shaping: 0.0479
--------------------------------------------------------------------------------
                         Iteration time: 2.50s
                           Time elapsed: 00:12:54
                                    ETA: 00:10:13

################################################################################
[1m                          Learning iteration 779/1000                           [0m 

                               Run name: original_core_920ms_fresh
                            Total steps: 573440 
                       Steps per second: 835 
                        Collection time: 2.245s 
                          Learning time: 0.207s 
                        Mean value loss: 594.9089
                    Mean surrogate loss: -0.0156
                      Mean entropy loss: -20.3221
                            Mean reward: 862.04
                    Mean episode length: 259.25
                        Mean action std: 0.10
  Episode_Reward/motion_global_root_pos: 0.0135
  Episode_Reward/motion_global_root_ori: 0.0135
         Episode_Reward/motion_body_pos: 0.0267
         Episode_Reward/motion_body_ori: 0.0217
     Episode_Reward/motion_body_lin_vel: 0.0270
     Episode_Reward/motion_body_ang_vel: 0.0241
          Episode_Reward/action_rate_l2: -0.0031
             Episode_Reward/joint_limit: -0.0005
         Episode_Reward/self_collisions: -0.0089
Episode_Reward/action_target_reference_l2: -0.0196
Episode_Reward/action_target_soft_limit_barrier: -0.0028
                   Episode_Reward/alive: 3.6027
 Episode_Reward/non_timeout_termination: -0.7655
Episode_Reward/worst_ee_z_normalized_squared: -0.0631
Episode_Reward/right_wrist_prethreshold_barrier: -0.0020
 Episode_Reward/requested_effort_excess: -0.0000
Episode_Reward/root_world_tracking_error: -0.0101
Episode_Reward/measured_joint_posture_l2: -0.0433
Episode_Reward/measured_feet_world_position_l2: -0.0239
Episode_Reward/original_task_position_l2: -0.0201
Episode_Reward/original_task_orientation_l2: -0.0190
        Metrics/motion/error_anchor_pos: 0.2836
        Metrics/motion/error_anchor_rot: 0.2213
    Metrics/motion/error_anchor_lin_vel: 0.6819
    Metrics/motion/error_anchor_ang_vel: 1.3613
          Metrics/motion/error_body_pos: 0.2986
          Metrics/motion/error_body_rot: 0.4023
         Metrics/motion/error_joint_pos: 1.1583
         Metrics/motion/error_joint_vel: 7.7248
        Metrics/motion/sampling_entropy: 0.0000
      Metrics/motion/sampling_top1_prob: 0.0000
       Metrics/motion/sampling_top1_bin: 0.0000
      Metrics/motion/error_body_lin_vel: 0.6748
      Metrics/motion/error_body_ang_vel: 2.1352
           Episode_Termination/time_out: 0.0000
         Episode_Termination/anchor_pos: 0.0000
         Episode_Termination/anchor_ori: 0.0000
        Episode_Termination/ee_body_pos: 0.0000
Episode_Termination/corpus_clip_time_out: 0.0000
Episode_Termination/invalid_native_model_actuation: 0.0000
Episode_Termination/world_root_tracking_failure: 1.2000
 Episode_Reward/world_potential_shaping: 0.0444
--------------------------------------------------------------------------------
                         Iteration time: 2.45s
                           Time elapsed: 00:12:57
                                    ETA: 00:10:10

################################################################################
[1m                          Learning iteration 780/1000                           [0m 

                               Run name: original_core_920ms_fresh
                            Total steps: 575488 
                       Steps per second: 882 
                        Collection time: 2.048s 
                          Learning time: 0.271s 
                        Mean value loss: 483.5657
                    Mean surrogate loss: -0.0115
                      Mean entropy loss: -20.3221
                            Mean reward: 836.54
                    Mean episode length: 252.02
                        Mean action std: 0.10
  Episode_Reward/motion_global_root_pos: 0.0171
  Episode_Reward/motion_global_root_ori: 0.0173
         Episode_Reward/motion_body_pos: 0.0335
         Episode_Reward/motion_body_ori: 0.0271
     Episode_Reward/motion_body_lin_vel: 0.0339
     Episode_Reward/motion_body_ang_vel: 0.0294
          Episode_Reward/action_rate_l2: -0.0042
             Episode_Reward/joint_limit: -0.0005
         Episode_Reward/self_collisions: -0.0020
Episode_Reward/action_target_reference_l2: -0.0262
Episode_Reward/action_target_soft_limit_barrier: -0.0040
                   Episode_Reward/alive: 4.6836
 Episode_Reward/non_timeout_termination: -0.7655
Episode_Reward/worst_ee_z_normalized_squared: -0.0860
Episode_Reward/right_wrist_prethreshold_barrier: -0.0063
 Episode_Reward/requested_effort_excess: -0.0000
Episode_Reward/root_world_tracking_error: -0.0147
Episode_Reward/measured_joint_posture_l2: -0.0575
Episode_Reward/measured_feet_world_position_l2: -0.0326
Episode_Reward/original_task_position_l2: -0.0275
Episode_Reward/original_task_orientation_l2: -0.0244
        Metrics/motion/error_anchor_pos: 0.2857
        Metrics/motion/error_anchor_rot: 0.1701
    Metrics/motion/error_anchor_lin_vel: 0.7702
    Metrics/motion/error_anchor_ang_vel: 1.1381
          Metrics/motion/error_body_pos: 0.2972
          Metrics/motion/error_body_rot: 0.4000
         Metrics/motion/error_joint_pos: 1.5378
         Metrics/motion/error_joint_vel: 7.6755
        Metrics/motion/sampling_entropy: 0.0000
      Metrics/motion/sampling_top1_prob: 0.0000
       Metrics/motion/sampling_top1_bin: 0.0000
      Metrics/motion/error_body_lin_vel: 0.7854
      Metrics/motion/error_body_ang_vel: 2.2237
           Episode_Termination/time_out: 0.0000
         Episode_Termination/anchor_pos: 0.0000
         Episode_Termination/anchor_ori: 0.0000
        Episode_Termination/ee_body_pos: 0.0000
Episode_Termination/corpus_clip_time_out: 0.0000
Episode_Termination/invalid_native_model_actuation: 0.0000
Episode_Termination/world_root_tracking_failure: 1.3333
 Episode_Reward/world_potential_shaping: 0.0580
--------------------------------------------------------------------------------
                         Iteration time: 2.32s
                           Time elapsed: 00:12:59
                                    ETA: 00:10:07

################################################################################
[1m                          Learning iteration 781/1000                           [0m 

                               Run name: original_core_920ms_fresh
                            Total steps: 577536 
                       Steps per second: 817 
                        Collection time: 2.298s 
                          Learning time: 0.206s 
                        Mean value loss: 869.9407
                    Mean surrogate loss: -0.0140
                      Mean entropy loss: -20.3221
                            Mean reward: 835.38
                    Mean episode length: 252.96
                        Mean action std: 0.10
--------------------------------------------------------------------------------
                         Iteration time: 2.50s
                           Time elapsed: 00:13:01
                                    ETA: 00:10:04

################################################################################
[1m                          Learning iteration 782/1000                           [0m 

                               Run name: original_core_920ms_fresh
                            Total steps: 579584 
                       Steps per second: 882 
                        Collection time: 2.132s 
                          Learning time: 0.189s 
                        Mean value loss: 600.4370
                    Mean surrogate loss: -0.0145
                      Mean entropy loss: -20.3221
                            Mean reward: 852.23
                    Mean episode length: 257.86
                        Mean action std: 0.10
--------------------------------------------------------------------------------
                         Iteration time: 2.32s
                           Time elapsed: 00:13:04
                                    ETA: 00:10:01

################################################################################
[1m                          Learning iteration 783/1000                           [0m 

                               Run name: original_core_920ms_fresh
                            Total steps: 581632 
                       Steps per second: 793 
                        Collection time: 2.332s 
                          Learning time: 0.249s 
                        Mean value loss: 527.4971
                    Mean surrogate loss: -0.0146
                      Mean entropy loss: -20.3221
                            Mean reward: 828.96
                    Mean episode length: 249.85
                        Mean action std: 0.10
--------------------------------------------------------------------------------
                         Iteration time: 2.58s
                           Time elapsed: 00:13:06
                                    ETA: 00:09:58

################################################################################
[1m                          Learning iteration 784/1000                           [0m 

                               Run name: original_core_920ms_fresh
                            Total steps: 583680 
                       Steps per second: 796 
                        Collection time: 2.362s 
                          Learning time: 0.209s 
                        Mean value loss: 374.8565
                    Mean surrogate loss: -0.0109
                      Mean entropy loss: -20.3221
                            Mean reward: 872.30
                    Mean episode length: 262.20
                        Mean action std: 0.10
  Episode_Reward/motion_global_root_pos: 0.0225
  Episode_Reward/motion_global_root_ori: 0.0240
         Episode_Reward/motion_body_pos: 0.0439
         Episode_Reward/motion_body_ori: 0.0419
     Episode_Reward/motion_body_lin_vel: 0.0506
     Episode_Reward/motion_body_ang_vel: 0.0473
          Episode_Reward/action_rate_l2: -0.0050
             Episode_Reward/joint_limit: -0.0005
         Episode_Reward/self_collisions: -0.0070
Episode_Reward/action_target_reference_l2: -0.0305
Episode_Reward/action_target_soft_limit_barrier: -0.0036
                   Episode_Reward/alive: 6.3487
 Episode_Reward/non_timeout_termination: -0.6379
Episode_Reward/worst_ee_z_normalized_squared: -0.1134
Episode_Reward/right_wrist_prethreshold_barrier: -0.0135
 Episode_Reward/requested_effort_excess: -0.0000
Episode_Reward/root_world_tracking_error: -0.0167
Episode_Reward/measured_joint_posture_l2: -0.0655
Episode_Reward/measured_feet_world_position_l2: -0.0470
Episode_Reward/original_task_position_l2: -0.0373
Episode_Reward/original_task_orientation_l2: -0.0285
        Metrics/motion/error_anchor_pos: 0.2357
        Metrics/motion/error_anchor_rot: 0.1836
    Metrics/motion/error_anchor_lin_vel: 0.3364
    Metrics/motion/error_anchor_ang_vel: 0.6475
          Metrics/motion/error_body_pos: 0.2421
          Metrics/motion/error_body_rot: 0.2825
         Metrics/motion/error_joint_pos: 0.9228
         Metrics/motion/error_joint_vel: 3.9986
        Metrics/motion/sampling_entropy: 0.0000
      Metrics/motion/sampling_top1_prob: 0.0000
       Metrics/motion/sampling_top1_bin: 0.0000
      Metrics/motion/error_body_lin_vel: 0.3454
      Metrics/motion/error_body_ang_vel: 1.2462
           Episode_Termination/time_out: 0.0000
         Episode_Termination/anchor_pos: 0.0000
         Episode_Termination/anchor_ori: 0.0000
        Episode_Termination/ee_body_pos: 0.1667
Episode_Termination/corpus_clip_time_out: 0.1667
Episode_Termination/invalid_native_model_actuation: 0.0000
Episode_Termination/world_root_tracking_failure: 0.6667
 Episode_Reward/world_potential_shaping: 0.0777
--------------------------------------------------------------------------------
                         Iteration time: 2.57s
                           Time elapsed: 00:13:09
                                    ETA: 00:09:55

################################################################################
[1m                          Learning iteration 785/1000                           [0m 

                               Run name: original_core_920ms_fresh
                            Total steps: 585728 
                       Steps per second: 800 
                        Collection time: 2.332s 
                          Learning time: 0.226s 
                        Mean value loss: 405.3141
                    Mean surrogate loss: -0.0111
                      Mean entropy loss: -20.3221
                            Mean reward: 955.42
                    Mean episode length: 283.16
                        Mean action std: 0.10
  Episode_Reward/motion_global_root_pos: 0.0197
  Episode_Reward/motion_global_root_ori: 0.0209
         Episode_Reward/motion_body_pos: 0.0388
         Episode_Reward/motion_body_ori: 0.0378
     Episode_Reward/motion_body_lin_vel: 0.0445
     Episode_Reward/motion_body_ang_vel: 0.0421
          Episode_Reward/action_rate_l2: -0.0042
             Episode_Reward/joint_limit: -0.0008
         Episode_Reward/self_collisions: -0.0077
Episode_Reward/action_target_reference_l2: -0.0235
Episode_Reward/action_target_soft_limit_barrier: -0.0037
                   Episode_Reward/alive: 5.6063
 Episode_Reward/non_timeout_termination: -0.7229
Episode_Reward/worst_ee_z_normalized_squared: -0.0806
Episode_Reward/right_wrist_prethreshold_barrier: -0.0047
 Episode_Reward/requested_effort_excess: -0.0000
Episode_Reward/root_world_tracking_error: -0.0153
Episode_Reward/measured_joint_posture_l2: -0.0489
Episode_Reward/measured_feet_world_position_l2: -0.0405
Episode_Reward/original_task_position_l2: -0.0331
Episode_Reward/original_task_orientation_l2: -0.0229
        Metrics/motion/error_anchor_pos: 0.2694
        Metrics/motion/error_anchor_rot: 0.1901
    Metrics/motion/error_anchor_lin_vel: 0.5085
    Metrics/motion/error_anchor_ang_vel: 1.0943
          Metrics/motion/error_body_pos: 0.2834
          Metrics/motion/error_body_rot: 0.3391
         Metrics/motion/error_joint_pos: 1.0880
         Metrics/motion/error_joint_vel: 5.4915
        Metrics/motion/sampling_entropy: 0.0000
      Metrics/motion/sampling_top1_prob: 0.0000
       Metrics/motion/sampling_top1_bin: 0.0000
      Metrics/motion/error_body_lin_vel: 0.5593
      Metrics/motion/error_body_ang_vel: 1.5236
           Episode_Termination/time_out: 0.0000
         Episode_Termination/anchor_pos: 0.0000
         Episode_Termination/anchor_ori: 0.0000
        Episode_Termination/ee_body_pos: 0.1111
Episode_Termination/corpus_clip_time_out: 0.1111
Episode_Termination/invalid_native_model_actuation: 0.0000
Episode_Termination/world_root_tracking_failure: 1.3333
 Episode_Reward/world_potential_shaping: 0.0683
--------------------------------------------------------------------------------
                         Iteration time: 2.56s
                           Time elapsed: 00:13:12
                                    ETA: 00:09:52

################################################################################
[1m                          Learning iteration 786/1000                           [0m 

                               Run name: original_core_920ms_fresh
                            Total steps: 587776 
                       Steps per second: 790 
                        Collection time: 2.341s 
                          Learning time: 0.250s 
                        Mean value loss: 451.0550
                    Mean surrogate loss: -0.0117
                      Mean entropy loss: -20.3221
                            Mean reward: 992.42
                    Mean episode length: 292.80
                        Mean action std: 0.10
  Episode_Reward/motion_global_root_pos: 0.0290
  Episode_Reward/motion_global_root_ori: 0.0308
         Episode_Reward/motion_body_pos: 0.0579
         Episode_Reward/motion_body_ori: 0.0548
     Episode_Reward/motion_body_lin_vel: 0.0663
     Episode_Reward/motion_body_ang_vel: 0.0621
          Episode_Reward/action_rate_l2: -0.0059
             Episode_Reward/joint_limit: -0.0001
         Episode_Reward/self_collisions: -0.0098
Episode_Reward/action_target_reference_l2: -0.0320
Episode_Reward/action_target_soft_limit_barrier: -0.0036
                   Episode_Reward/alive: 8.1304
 Episode_Reward/non_timeout_termination: -0.6124
Episode_Reward/worst_ee_z_normalized_squared: -0.1017
Episode_Reward/right_wrist_prethreshold_barrier: -0.0022
 Episode_Reward/requested_effort_excess: 0.0000
Episode_Reward/root_world_tracking_error: -0.0192
Episode_Reward/measured_joint_posture_l2: -0.0685
Episode_Reward/measured_feet_world_position_l2: -0.0555
Episode_Reward/original_task_position_l2: -0.0392
Episode_Reward/original_task_orientation_l2: -0.0325
        Metrics/motion/error_anchor_pos: 0.2453
        Metrics/motion/error_anchor_rot: 0.1607
    Metrics/motion/error_anchor_lin_vel: 0.3320
    Metrics/motion/error_anchor_ang_vel: 1.0925
          Metrics/motion/error_body_pos: 0.2423
          Metrics/motion/error_body_rot: 0.3102
         Metrics/motion/error_joint_pos: 1.1227
         Metrics/motion/error_joint_vel: 3.7363
        Metrics/motion/sampling_entropy: 0.0000
      Metrics/motion/sampling_top1_prob: 0.0000
       Metrics/motion/sampling_top1_bin: 0.0000
      Metrics/motion/error_body_lin_vel: 0.3863
      Metrics/motion/error_body_ang_vel: 1.2001
           Episode_Termination/time_out: 0.0000
         Episode_Termination/anchor_pos: 0.0000
         Episode_Termination/anchor_ori: 0.0000
        Episode_Termination/ee_body_pos: 0.0000
Episode_Termination/corpus_clip_time_out: 0.2000
Episode_Termination/invalid_native_model_actuation: 0.0000
Episode_Termination/world_root_tracking_failure: 1.0000
 Episode_Reward/world_potential_shaping: 0.0814
--------------------------------------------------------------------------------
                         Iteration time: 2.59s
                           Time elapsed: 00:13:14
                                    ETA: 00:09:49

################################################################################
[1m                          Learning iteration 787/1000                           [0m 

                               Run name: original_core_920ms_fresh
                            Total steps: 589824 
                       Steps per second: 745 
                        Collection time: 2.535s 
                          Learning time: 0.210s 
                        Mean value loss: 311.7790
                    Mean surrogate loss: -0.0106
                      Mean entropy loss: -20.3221
                            Mean reward: 987.95
                    Mean episode length: 292.20
                        Mean action std: 0.10
--------------------------------------------------------------------------------
                         Iteration time: 2.75s
                           Time elapsed: 00:13:17
                                    ETA: 00:09:46

################################################################################
[1m                          Learning iteration 788/1000                           [0m 

                               Run name: original_core_920ms_fresh
                            Total steps: 591872 
                       Steps per second: 364 
                        Collection time: 5.405s 
                          Learning time: 0.212s 
                        Mean value loss: 657.3982
                    Mean surrogate loss: -0.0060
                      Mean entropy loss: -20.3221
                            Mean reward: 954.13
                    Mean episode length: 282.94
                        Mean action std: 0.10
  Episode_Reward/motion_global_root_pos: 0.0087
  Episode_Reward/motion_global_root_ori: 0.0107
         Episode_Reward/motion_body_pos: 0.0172
         Episode_Reward/motion_body_ori: 0.0163
     Episode_Reward/motion_body_lin_vel: 0.0208
     Episode_Reward/motion_body_ang_vel: 0.0189
          Episode_Reward/action_rate_l2: -0.0024
             Episode_Reward/joint_limit: -0.0015
         Episode_Reward/self_collisions: -0.0054
Episode_Reward/action_target_reference_l2: -0.0142
Episode_Reward/action_target_soft_limit_barrier: -0.0037
                   Episode_Reward/alive: 2.7478
 Episode_Reward/non_timeout_termination: -0.7655
Episode_Reward/worst_ee_z_normalized_squared: -0.0305
Episode_Reward/right_wrist_prethreshold_barrier: -0.0026
 Episode_Reward/requested_effort_excess: 0.0000
Episode_Reward/root_world_tracking_error: -0.0118
Episode_Reward/measured_joint_posture_l2: -0.0388
Episode_Reward/measured_feet_world_position_l2: -0.0208
Episode_Reward/original_task_position_l2: -0.0181
Episode_Reward/original_task_orientation_l2: -0.0158
        Metrics/motion/error_anchor_pos: 0.2914
        Metrics/motion/error_anchor_rot: 0.1670
    Metrics/motion/error_anchor_lin_vel: 0.4412
    Metrics/motion/error_anchor_ang_vel: 0.6918
          Metrics/motion/error_body_pos: 0.2932
          Metrics/motion/error_body_rot: 0.3143
         Metrics/motion/error_joint_pos: 1.0073
         Metrics/motion/error_joint_vel: 6.6227
        Metrics/motion/sampling_entropy: 0.0000
      Metrics/motion/sampling_top1_prob: 0.0000
       Metrics/motion/sampling_top1_bin: 0.0000
      Metrics/motion/error_body_lin_vel: 0.4444
      Metrics/motion/error_body_ang_vel: 1.5711
           Episode_Termination/time_out: 0.0000
         Episode_Termination/anchor_pos: 0.0000
         Episode_Termination/anchor_ori: 0.0000
        Episode_Termination/ee_body_pos: 0.0000
Episode_Termination/corpus_clip_time_out: 0.0000
Episode_Termination/invalid_native_model_actuation: 0.0000
Episode_Termination/world_root_tracking_failure: 1.0000
 Episode_Reward/world_potential_shaping: 0.0463
--------------------------------------------------------------------------------
                         Iteration time: 5.62s
                           Time elapsed: 00:13:22
                                    ETA: 00:09:46

################################################################################
[1m                          Learning iteration 789/1000                           [0m 

                               Run name: original_core_920ms_fresh
                            Total steps: 593920 
                       Steps per second: 777 
                        Collection time: 2.407s 
                          Learning time: 0.227s 
                        Mean value loss: 424.1530
                    Mean surrogate loss: -0.0153
                      Mean entropy loss: -20.3221
                            Mean reward: 937.06
                    Mean episode length: 278.69
                        Mean action std: 0.10
  Episode_Reward/motion_global_root_pos: 0.0067
  Episode_Reward/motion_global_root_ori: 0.0069
         Episode_Reward/motion_body_pos: 0.0131
         Episode_Reward/motion_body_ori: 0.0111
     Episode_Reward/motion_body_lin_vel: 0.0137
     Episode_Reward/motion_body_ang_vel: 0.0126
          Episode_Reward/action_rate_l2: -0.0016
             Episode_Reward/joint_limit: -0.0002
         Episode_Reward/self_collisions: -0.0071
Episode_Reward/action_target_reference_l2: -0.0089
Episode_Reward/action_target_soft_limit_barrier: -0.0023
                   Episode_Reward/alive: 1.8645
 Episode_Reward/non_timeout_termination: -0.7229
Episode_Reward/worst_ee_z_normalized_squared: -0.0197
Episode_Reward/right_wrist_prethreshold_barrier: 0.0000
 Episode_Reward/requested_effort_excess: -0.0000
Episode_Reward/root_world_tracking_error: -0.0065
Episode_Reward/measured_joint_posture_l2: -0.0221
Episode_Reward/measured_feet_world_position_l2: -0.0136
Episode_Reward/original_task_position_l2: -0.0099
Episode_Reward/original_task_orientation_l2: -0.0097
        Metrics/motion/error_anchor_pos: 0.2753
        Metrics/motion/error_anchor_rot: 0.1606
    Metrics/motion/error_anchor_lin_vel: 0.4552
    Metrics/motion/error_anchor_ang_vel: 0.8870
          Metrics/motion/error_body_pos: 0.2875
          Metrics/motion/error_body_rot: 0.3307
         Metrics/motion/error_joint_pos: 1.0979
         Metrics/motion/error_joint_vel: 4.5173
        Metrics/motion/sampling_entropy: 0.0000
      Metrics/motion/sampling_top1_prob: 0.0000
       Metrics/motion/sampling_top1_bin: 0.0000
      Metrics/motion/error_body_lin_vel: 0.4554
      Metrics/motion/error_body_ang_vel: 1.3353
           Episode_Termination/time_out: 0.0000
         Episode_Termination/anchor_pos: 0.0000
         Episode_Termination/anchor_ori: 0.0000
        Episode_Termination/ee_body_pos: 0.0000
Episode_Termination/corpus_clip_time_out: 0.1111
Episode_Termination/invalid_native_model_actuation: 0.0000
Episode_Termination/world_root_tracking_failure: 1.2222
 Episode_Reward/world_potential_shaping: 0.0314
--------------------------------------------------------------------------------
                         Iteration time: 2.63s
                           Time elapsed: 00:13:25
                                    ETA: 00:09:43

################################################################################
[1m                          Learning iteration 790/1000                           [0m 

                               Run name: original_core_920ms_fresh
                            Total steps: 595968 
                       Steps per second: 701 
                        Collection time: 2.692s 
                          Learning time: 0.229s 
                        Mean value loss: 439.6835
                    Mean surrogate loss: -0.0096
                      Mean entropy loss: -20.3221
                            Mean reward: 949.17
                    Mean episode length: 279.42
                        Mean action std: 0.10
  Episode_Reward/motion_global_root_pos: 0.0172
  Episode_Reward/motion_global_root_ori: 0.0177
         Episode_Reward/motion_body_pos: 0.0340
         Episode_Reward/motion_body_ori: 0.0310
     Episode_Reward/motion_body_lin_vel: 0.0367
     Episode_Reward/motion_body_ang_vel: 0.0341
          Episode_Reward/action_rate_l2: -0.0037
             Episode_Reward/joint_limit: -0.0004
         Episode_Reward/self_collisions: -0.0070
Episode_Reward/action_target_reference_l2: -0.0200
Episode_Reward/action_target_soft_limit_barrier: -0.0032
                   Episode_Reward/alive: 4.7071
 Episode_Reward/non_timeout_termination: -0.6379
Episode_Reward/worst_ee_z_normalized_squared: -0.0699
Episode_Reward/right_wrist_prethreshold_barrier: -0.0108
 Episode_Reward/requested_effort_excess: 0.0000
Episode_Reward/root_world_tracking_error: -0.0114
Episode_Reward/measured_joint_posture_l2: -0.0418
Episode_Reward/measured_feet_world_position_l2: -0.0340
Episode_Reward/original_task_position_l2: -0.0256
Episode_Reward/original_task_orientation_l2: -0.0209
        Metrics/motion/error_anchor_pos: 0.2458
        Metrics/motion/error_anchor_rot: 0.1968
    Metrics/motion/error_anchor_lin_vel: 0.4949
    Metrics/motion/error_anchor_ang_vel: 1.0625
          Metrics/motion/error_body_pos: 0.2522
          Metrics/motion/error_body_rot: 0.3492
         Metrics/motion/error_joint_pos: 1.1236
         Metrics/motion/error_joint_vel: 5.4226
        Metrics/motion/sampling_entropy: 0.0000
      Metrics/motion/sampling_top1_prob: 0.0000
       Metrics/motion/sampling_top1_bin: 0.0000
      Metrics/motion/error_body_lin_vel: 0.5584
      Metrics/motion/error_body_ang_vel: 1.7158
           Episode_Termination/time_out: 0.0000
         Episode_Termination/anchor_pos: 0.0000
         Episode_Termination/anchor_ori: 0.0000
        Episode_Termination/ee_body_pos: 0.1667
Episode_Termination/corpus_clip_time_out: 0.3333
Episode_Termination/invalid_native_model_actuation: 0.0000
Episode_Termination/world_root_tracking_failure: 1.0000
 Episode_Reward/world_potential_shaping: 0.0554
--------------------------------------------------------------------------------
                         Iteration time: 2.92s
                           Time elapsed: 00:13:28
                                    ETA: 00:09:40

################################################################################
[1m                          Learning iteration 791/1000                           [0m 

                               Run name: original_core_920ms_fresh
                            Total steps: 598016 
                       Steps per second: 759 
                        Collection time: 2.513s 
                          Learning time: 0.183s 
                        Mean value loss: 513.8838
                    Mean surrogate loss: -0.0105
                      Mean entropy loss: -20.3221
                            Mean reward: 932.46
                    Mean episode length: 276.34
                        Mean action std: 0.10
  Episode_Reward/motion_global_root_pos: 0.0142
  Episode_Reward/motion_global_root_ori: 0.0158
         Episode_Reward/motion_body_pos: 0.0288
         Episode_Reward/motion_body_ori: 0.0248
     Episode_Reward/motion_body_lin_vel: 0.0314
     Episode_Reward/motion_body_ang_vel: 0.0296
          Episode_Reward/action_rate_l2: -0.0033
             Episode_Reward/joint_limit: -0.0012
         Episode_Reward/self_collisions: -0.0062
Episode_Reward/action_target_reference_l2: -0.0220
Episode_Reward/action_target_soft_limit_barrier: -0.0038
                   Episode_Reward/alive: 4.0922
 Episode_Reward/non_timeout_termination: -0.7655
Episode_Reward/worst_ee_z_normalized_squared: -0.0857
Episode_Reward/right_wrist_prethreshold_barrier: -0.0146
 Episode_Reward/requested_effort_excess: -0.0000
Episode_Reward/root_world_tracking_error: -0.0135
Episode_Reward/measured_joint_posture_l2: -0.0562
Episode_Reward/measured_feet_world_position_l2: -0.0288
Episode_Reward/original_task_position_l2: -0.0247
Episode_Reward/original_task_orientation_l2: -0.0206
        Metrics/motion/error_anchor_pos: 0.2901
        Metrics/motion/error_anchor_rot: 0.1734
    Metrics/motion/error_anchor_lin_vel: 0.5150
    Metrics/motion/error_anchor_ang_vel: 1.1743
          Metrics/motion/error_body_pos: 0.2909
          Metrics/motion/error_body_rot: 0.3640
         Metrics/motion/error_joint_pos: 1.1746
         Metrics/motion/error_joint_vel: 5.3992
        Metrics/motion/sampling_entropy: 0.0000
      Metrics/motion/sampling_top1_prob: 0.0000
       Metrics/motion/sampling_top1_bin: 0.0000
      Metrics/motion/error_body_lin_vel: 0.5233
      Metrics/motion/error_body_ang_vel: 1.4986
           Episode_Termination/time_out: 0.0000
         Episode_Termination/anchor_pos: 0.0000
         Episode_Termination/anchor_ori: 0.0000
        Episode_Termination/ee_body_pos: 0.0000
Episode_Termination/corpus_clip_time_out: 0.0000
Episode_Termination/invalid_native_model_actuation: 0.0000
Episode_Termination/world_root_tracking_failure: 1.6667
 Episode_Reward/world_potential_shaping: 0.0518
--------------------------------------------------------------------------------
                         Iteration time: 2.70s
                           Time elapsed: 00:13:31
                                    ETA: 00:09:37

################################################################################
[1m                          Learning iteration 792/1000                           [0m 

                               Run name: original_core_920ms_fresh
                            Total steps: 600064 
                       Steps per second: 798 
                        Collection time: 2.387s 
                          Learning time: 0.177s 
                        Mean value loss: 412.7550
                    Mean surrogate loss: -0.0073
                      Mean entropy loss: -20.3221
                            Mean reward: 992.65
                    Mean episode length: 292.13
                        Mean action std: 0.10
--------------------------------------------------------------------------------
                         Iteration time: 2.56s
                           Time elapsed: 00:13:33
                                    ETA: 00:09:34

################################################################################
[1m                          Learning iteration 793/1000                           [0m 

                               Run name: original_core_920ms_fresh
                            Total steps: 602112 
                       Steps per second: 822 
                        Collection time: 2.303s 
                          Learning time: 0.187s 
                        Mean value loss: 478.5094
                    Mean surrogate loss: -0.0074
                      Mean entropy loss: -20.3221
                            Mean reward: 961.44
                    Mean episode length: 284.26
                        Mean action std: 0.10
--------------------------------------------------------------------------------
                         Iteration time: 2.49s
                           Time elapsed: 00:13:36
                                    ETA: 00:09:31

################################################################################
[1m                          Learning iteration 794/1000                           [0m 

                               Run name: original_core_920ms_fresh
                            Total steps: 604160 
                       Steps per second: 814 
                        Collection time: 2.339s 
                          Learning time: 0.177s 
                        Mean value loss: 509.5606
                    Mean surrogate loss: -0.0158
                      Mean entropy loss: -20.3221
                            Mean reward: 1073.93
                    Mean episode length: 312.24
                        Mean action std: 0.10
--------------------------------------------------------------------------------
                         Iteration time: 2.52s
                           Time elapsed: 00:13:38
                                    ETA: 00:09:28

################################################################################
[1m                          Learning iteration 795/1000                           [0m 

                               Run name: original_core_920ms_fresh
                            Total steps: 606208 
                       Steps per second: 795 
                        Collection time: 2.388s 
                          Learning time: 0.186s 
                        Mean value loss: 580.0260
                    Mean surrogate loss: -0.0026
                      Mean entropy loss: -20.3221
                            Mean reward: 1056.62
                    Mean episode length: 307.53
                        Mean action std: 0.10
--------------------------------------------------------------------------------
                         Iteration time: 2.57s
                           Time elapsed: 00:13:41
                                    ETA: 00:09:26

################################################################################
[1m                          Learning iteration 796/1000                           [0m 

                               Run name: original_core_920ms_fresh
                            Total steps: 608256 
                       Steps per second: 806 
                        Collection time: 2.352s 
                          Learning time: 0.188s 
                        Mean value loss: 365.9226
                    Mean surrogate loss: -0.0146
                      Mean entropy loss: -20.3220
                            Mean reward: 1027.13
                    Mean episode length: 299.70
                        Mean action std: 0.10
  Episode_Reward/motion_global_root_pos: 0.0056
  Episode_Reward/motion_global_root_ori: 0.0060
         Episode_Reward/motion_body_pos: 0.0109
         Episode_Reward/motion_body_ori: 0.0086
     Episode_Reward/motion_body_lin_vel: 0.0107
     Episode_Reward/motion_body_ang_vel: 0.0101
          Episode_Reward/action_rate_l2: -0.0014
             Episode_Reward/joint_limit: -0.0000
         Episode_Reward/self_collisions: -0.0011
Episode_Reward/action_target_reference_l2: -0.0077
Episode_Reward/action_target_soft_limit_barrier: -0.0023
                   Episode_Reward/alive: 1.5754
 Episode_Reward/non_timeout_termination: -0.7655
Episode_Reward/worst_ee_z_normalized_squared: -0.0170
Episode_Reward/right_wrist_prethreshold_barrier: 0.0000
 Episode_Reward/requested_effort_excess: 0.0000
Episode_Reward/root_world_tracking_error: -0.0074
Episode_Reward/measured_joint_posture_l2: -0.0225
Episode_Reward/measured_feet_world_position_l2: -0.0114
Episode_Reward/original_task_position_l2: -0.0088
Episode_Reward/original_task_orientation_l2: -0.0091
        Metrics/motion/error_anchor_pos: 0.2835
        Metrics/motion/error_anchor_rot: 0.1868
    Metrics/motion/error_anchor_lin_vel: 0.7059
    Metrics/motion/error_anchor_ang_vel: 1.0064
          Metrics/motion/error_body_pos: 0.2954
          Metrics/motion/error_body_rot: 0.3381
         Metrics/motion/error_joint_pos: 1.0883
         Metrics/motion/error_joint_vel: 5.9882
        Metrics/motion/sampling_entropy: 0.0000
      Metrics/motion/sampling_top1_prob: 0.0000
       Metrics/motion/sampling_top1_bin: 0.0000
      Metrics/motion/error_body_lin_vel: 0.7573
      Metrics/motion/error_body_ang_vel: 2.0024
           Episode_Termination/time_out: 0.0000
         Episode_Termination/anchor_pos: 0.0000
         Episode_Termination/anchor_ori: 0.0000
        Episode_Termination/ee_body_pos: 0.0000
Episode_Termination/corpus_clip_time_out: 0.0000
Episode_Termination/invalid_native_model_actuation: 0.0000
Episode_Termination/world_root_tracking_failure: 1.0000
 Episode_Reward/world_potential_shaping: 0.0256
--------------------------------------------------------------------------------
                         Iteration time: 2.54s
                           Time elapsed: 00:13:43
                                    ETA: 00:09:23

################################################################################
[1m                          Learning iteration 797/1000                           [0m 

                               Run name: original_core_920ms_fresh
                            Total steps: 610304 
                       Steps per second: 800 
                        Collection time: 2.367s 
                          Learning time: 0.191s 
                        Mean value loss: 325.7630
                    Mean surrogate loss: -0.0124
                      Mean entropy loss: -20.3220
                            Mean reward: 1008.25
                    Mean episode length: 294.31
                        Mean action std: 0.10
--------------------------------------------------------------------------------
                         Iteration time: 2.56s
                           Time elapsed: 00:13:46
                                    ETA: 00:09:20

################################################################################
[1m                          Learning iteration 798/1000                           [0m 

                               Run name: original_core_920ms_fresh
                            Total steps: 612352 
                       Steps per second: 824 
                        Collection time: 2.287s 
                          Learning time: 0.197s 
                        Mean value loss: 758.8112
                    Mean surrogate loss: -0.0087
                      Mean entropy loss: -20.3220
                            Mean reward: 914.99
                    Mean episode length: 270.91
                        Mean action std: 0.10
--------------------------------------------------------------------------------
                         Iteration time: 2.48s
                           Time elapsed: 00:13:48
                                    ETA: 00:09:17

################################################################################
[1m                          Learning iteration 799/1000                           [0m 

                               Run name: original_core_920ms_fresh
                            Total steps: 614400 
                       Steps per second: 354 
                        Collection time: 2.680s 
                          Learning time: 3.103s 
                        Mean value loss: 563.2391
                    Mean surrogate loss: -0.0136
                      Mean entropy loss: -20.3220
                            Mean reward: 881.43
                    Mean episode length: 260.79
                        Mean action std: 0.10
  Episode_Reward/motion_global_root_pos: 0.0165
  Episode_Reward/motion_global_root_ori: 0.0168
         Episode_Reward/motion_body_pos: 0.0326
         Episode_Reward/motion_body_ori: 0.0301
     Episode_Reward/motion_body_lin_vel: 0.0350
     Episode_Reward/motion_body_ang_vel: 0.0338
          Episode_Reward/action_rate_l2: -0.0032
             Episode_Reward/joint_limit: -0.0003
         Episode_Reward/self_collisions: -0.0116
Episode_Reward/action_target_reference_l2: -0.0173
Episode_Reward/action_target_soft_limit_barrier: -0.0039
                   Episode_Reward/alive: 4.4139
 Episode_Reward/non_timeout_termination: -0.7655
Episode_Reward/worst_ee_z_normalized_squared: -0.0528
Episode_Reward/right_wrist_prethreshold_barrier: -0.0054
 Episode_Reward/requested_effort_excess: -0.0000
Episode_Reward/root_world_tracking_error: -0.0100
Episode_Reward/measured_joint_posture_l2: -0.0363
Episode_Reward/measured_feet_world_position_l2: -0.0271
Episode_Reward/original_task_position_l2: -0.0226
Episode_Reward/original_task_orientation_l2: -0.0179
        Metrics/motion/error_anchor_pos: 0.2813
        Metrics/motion/error_anchor_rot: 0.1444
    Metrics/motion/error_anchor_lin_vel: 0.4651
    Metrics/motion/error_anchor_ang_vel: 0.9416
          Metrics/motion/error_body_pos: 0.2876
          Metrics/motion/error_body_rot: 0.3127
         Metrics/motion/error_joint_pos: 1.1530
         Metrics/motion/error_joint_vel: 5.6931
        Metrics/motion/sampling_entropy: 0.0000
      Metrics/motion/sampling_top1_prob: 0.0000
       Metrics/motion/sampling_top1_bin: 0.0000
      Metrics/motion/error_body_lin_vel: 0.5284
      Metrics/motion/error_body_ang_vel: 1.7483
           Episode_Termination/time_out: 0.0000
         Episode_Termination/anchor_pos: 0.0000
         Episode_Termination/anchor_ori: 0.0000
        Episode_Termination/ee_body_pos: 0.1111
Episode_Termination/corpus_clip_time_out: 0.0000
Episode_Termination/invalid_native_model_actuation: 0.0000
Episode_Termination/world_root_tracking_failure: 1.1111
 Episode_Reward/world_potential_shaping: 0.0465
--------------------------------------------------------------------------------
                         Iteration time: 5.78s
                           Time elapsed: 00:13:54
                                    ETA: 00:09:16

################################################################################
[1m                          Learning iteration 800/1000                           [0m 

                               Run name: original_core_920ms_fresh
                            Total steps: 616448 
                       Steps per second: 813 
                        Collection time: 2.343s 
                          Learning time: 0.175s 
                        Mean value loss: 386.7930
                    Mean surrogate loss: -0.0139
                      Mean entropy loss: -20.3220
                            Mean reward: 938.20
                    Mean episode length: 276.12
                        Mean action std: 0.10
--------------------------------------------------------------------------------
                         Iteration time: 2.52s
                           Time elapsed: 00:13:57
                                    ETA: 00:09:13

################################################################################
[1m                          Learning iteration 801/1000                           [0m 

                               Run name: original_core_920ms_fresh
                            Total steps: 618496 
                       Steps per second: 785 
                        Collection time: 2.442s 
                          Learning time: 0.165s 
                        Mean value loss: 350.5961
                    Mean surrogate loss: -0.0088
                      Mean entropy loss: -20.3220
                            Mean reward: 998.06
                    Mean episode length: 289.92
                        Mean action std: 0.10
--------------------------------------------------------------------------------
                         Iteration time: 2.61s
                           Time elapsed: 00:13:59
                                    ETA: 00:09:10

################################################################################
[1m                          Learning iteration 802/1000                           [0m 

                               Run name: original_core_920ms_fresh
                            Total steps: 620544 
                       Steps per second: 867 
                        Collection time: 2.193s 
                          Learning time: 0.167s 
                        Mean value loss: 1836.5040
                    Mean surrogate loss: -0.0036
                      Mean entropy loss: -20.3220
                            Mean reward: 1042.35
                    Mean episode length: 302.65
                        Mean action std: 0.10
--------------------------------------------------------------------------------
                         Iteration time: 2.36s
                           Time elapsed: 00:14:02
                                    ETA: 00:09:07

################################################################################
[1m                          Learning iteration 803/1000                           [0m 

                               Run name: original_core_920ms_fresh
                            Total steps: 622592 
                       Steps per second: 908 
                        Collection time: 2.077s 
                          Learning time: 0.178s 
                        Mean value loss: 357.2567
                    Mean surrogate loss: -0.0129
                      Mean entropy loss: -20.3220
                            Mean reward: 1036.07
                    Mean episode length: 300.50
                        Mean action std: 0.10
  Episode_Reward/motion_global_root_pos: 0.0092
  Episode_Reward/motion_global_root_ori: 0.0095
         Episode_Reward/motion_body_pos: 0.0185
         Episode_Reward/motion_body_ori: 0.0169
     Episode_Reward/motion_body_lin_vel: 0.0194
     Episode_Reward/motion_body_ang_vel: 0.0186
          Episode_Reward/action_rate_l2: -0.0020
             Episode_Reward/joint_limit: -0.0002
         Episode_Reward/self_collisions: -0.0066
Episode_Reward/action_target_reference_l2: -0.0102
Episode_Reward/action_target_soft_limit_barrier: -0.0025
                   Episode_Reward/alive: 2.5383
 Episode_Reward/non_timeout_termination: -0.7655
Episode_Reward/worst_ee_z_normalized_squared: -0.0195
Episode_Reward/right_wrist_prethreshold_barrier: -0.0001
 Episode_Reward/requested_effort_excess: -0.0000
Episode_Reward/root_world_tracking_error: -0.0081
Episode_Reward/measured_joint_posture_l2: -0.0265
Episode_Reward/measured_feet_world_position_l2: -0.0167
Episode_Reward/original_task_position_l2: -0.0123
Episode_Reward/original_task_orientation_l2: -0.0110
        Metrics/motion/error_anchor_pos: 0.2932
        Metrics/motion/error_anchor_rot: 0.1934
    Metrics/motion/error_anchor_lin_vel: 0.5588
    Metrics/motion/error_anchor_ang_vel: 1.2823
          Metrics/motion/error_body_pos: 0.3031
          Metrics/motion/error_body_rot: 0.3647
         Metrics/motion/error_joint_pos: 1.2634
         Metrics/motion/error_joint_vel: 6.5778
        Metrics/motion/sampling_entropy: 0.0000
      Metrics/motion/sampling_top1_prob: 0.0000
       Metrics/motion/sampling_top1_bin: 0.0000
      Metrics/motion/error_body_lin_vel: 0.5678
      Metrics/motion/error_body_ang_vel: 1.9041
           Episode_Termination/time_out: 0.0000
         Episode_Termination/anchor_pos: 0.0000
         Episode_Termination/anchor_ori: 0.0000
        Episode_Termination/ee_body_pos: 0.0000
Episode_Termination/corpus_clip_time_out: 0.0000
Episode_Termination/invalid_native_model_actuation: 0.0000
Episode_Termination/world_root_tracking_failure: 1.0000
 Episode_Reward/world_potential_shaping: 0.0334
--------------------------------------------------------------------------------
                         Iteration time: 2.26s
                           Time elapsed: 00:14:04
                                    ETA: 00:09:04

################################################################################
[1m                          Learning iteration 804/1000                           [0m 

                               Run name: original_core_920ms_fresh
                            Total steps: 624640 
                       Steps per second: 876 
                        Collection time: 2.172s 
                          Learning time: 0.164s 
                        Mean value loss: 377.8550
                    Mean surrogate loss: -0.0080
                      Mean entropy loss: -20.3220
                            Mean reward: 1018.87
                    Mean episode length: 296.66
                        Mean action std: 0.10
--------------------------------------------------------------------------------
                         Iteration time: 2.34s
                           Time elapsed: 00:14:06
                                    ETA: 00:09:01

################################################################################
[1m                          Learning iteration 805/1000                           [0m 

                               Run name: original_core_920ms_fresh
                            Total steps: 626688 
                       Steps per second: 897 
                        Collection time: 2.119s 
                          Learning time: 0.162s 
                        Mean value loss: 426.2973
                    Mean surrogate loss: -0.0105
                      Mean entropy loss: -20.3220
                            Mean reward: 945.59
                    Mean episode length: 278.08
                        Mean action std: 0.10
  Episode_Reward/motion_global_root_pos: 0.0035
  Episode_Reward/motion_global_root_ori: 0.0038
         Episode_Reward/motion_body_pos: 0.0068
         Episode_Reward/motion_body_ori: 0.0053
     Episode_Reward/motion_body_lin_vel: 0.0067
     Episode_Reward/motion_body_ang_vel: 0.0063
          Episode_Reward/action_rate_l2: -0.0009
             Episode_Reward/joint_limit: 0.0000
         Episode_Reward/self_collisions: -0.0007
Episode_Reward/action_target_reference_l2: -0.0054
Episode_Reward/action_target_soft_limit_barrier: -0.0017
                   Episode_Reward/alive: 1.0208
 Episode_Reward/non_timeout_termination: -0.7655
Episode_Reward/worst_ee_z_normalized_squared: -0.0123
Episode_Reward/right_wrist_prethreshold_barrier: 0.0000
 Episode_Reward/requested_effort_excess: 0.0000
Episode_Reward/root_world_tracking_error: -0.0057
Episode_Reward/measured_joint_posture_l2: -0.0162
Episode_Reward/measured_feet_world_position_l2: -0.0078
Episode_Reward/original_task_position_l2: -0.0063
Episode_Reward/original_task_orientation_l2: -0.0058
        Metrics/motion/error_anchor_pos: 0.2823
        Metrics/motion/error_anchor_rot: 0.1619
    Metrics/motion/error_anchor_lin_vel: 0.6250
    Metrics/motion/error_anchor_ang_vel: 1.0852
          Metrics/motion/error_body_pos: 0.2970
          Metrics/motion/error_body_rot: 0.2989
         Metrics/motion/error_joint_pos: 0.9853
         Metrics/motion/error_joint_vel: 5.7486
        Metrics/motion/sampling_entropy: 0.0000
      Metrics/motion/sampling_top1_prob: 0.0000
       Metrics/motion/sampling_top1_bin: 0.0000
      Metrics/motion/error_body_lin_vel: 0.6717
      Metrics/motion/error_body_ang_vel: 1.7375
           Episode_Termination/time_out: 0.0000
         Episode_Termination/anchor_pos: 0.0000
         Episode_Termination/anchor_ori: 0.0000
        Episode_Termination/ee_body_pos: 0.0000
Episode_Termination/corpus_clip_time_out: 0.0000
Episode_Termination/invalid_native_model_actuation: 0.0000
Episode_Termination/world_root_tracking_failure: 1.0000
 Episode_Reward/world_potential_shaping: 0.0224
--------------------------------------------------------------------------------
                         Iteration time: 2.28s
                           Time elapsed: 00:14:09
                                    ETA: 00:08:58

################################################################################
[1m                          Learning iteration 806/1000                           [0m 

                               Run name: original_core_920ms_fresh
                            Total steps: 628736 
                       Steps per second: 890 
                        Collection time: 2.121s 
                          Learning time: 0.180s 
                        Mean value loss: 338.0612
                    Mean surrogate loss: -0.0114
                      Mean entropy loss: -20.3220
                            Mean reward: 967.04
                    Mean episode length: 287.55
                        Mean action std: 0.10
--------------------------------------------------------------------------------
                         Iteration time: 2.30s
                           Time elapsed: 00:14:11
                                    ETA: 00:08:55

################################################################################
[1m                          Learning iteration 807/1000                           [0m 

                               Run name: original_core_920ms_fresh
                            Total steps: 630784 
                       Steps per second: 814 
                        Collection time: 2.344s 
                          Learning time: 0.172s 
                        Mean value loss: 263.5640
                    Mean surrogate loss: -0.0116
                      Mean entropy loss: -20.3220
                            Mean reward: 953.94
                    Mean episode length: 284.54
                        Mean action std: 0.10
--------------------------------------------------------------------------------
                         Iteration time: 2.52s
                           Time elapsed: 00:14:13
                                    ETA: 00:08:52

################################################################################
[1m                          Learning iteration 808/1000                           [0m 

                               Run name: original_core_920ms_fresh
                            Total steps: 632832 
                       Steps per second: 854 
                        Collection time: 2.234s 
                          Learning time: 0.164s 
                        Mean value loss: 247.5501
                    Mean surrogate loss: -0.0100
                      Mean entropy loss: -20.3220
                            Mean reward: 1022.18
                    Mean episode length: 301.15
                        Mean action std: 0.10
--------------------------------------------------------------------------------
                         Iteration time: 2.40s
                           Time elapsed: 00:14:16
                                    ETA: 00:08:49

################################################################################
[1m                          Learning iteration 809/1000                           [0m 

                               Run name: original_core_920ms_fresh
                            Total steps: 634880 
                       Steps per second: 881 
                        Collection time: 2.160s 
                          Learning time: 0.163s 
                        Mean value loss: 238.6651
                    Mean surrogate loss: -0.0108
                      Mean entropy loss: -20.3220
                            Mean reward: 896.30
                    Mean episode length: 266.73
                        Mean action std: 0.10
--------------------------------------------------------------------------------
                         Iteration time: 2.32s
                           Time elapsed: 00:14:18
                                    ETA: 00:08:46

################################################################################
[1m                          Learning iteration 810/1000                           [0m 

                               Run name: original_core_920ms_fresh
                            Total steps: 636928 
                       Steps per second: 870 
                        Collection time: 2.190s 
                          Learning time: 0.164s 
                        Mean value loss: 597.7393
                    Mean surrogate loss: -0.0109
                      Mean entropy loss: -20.3220
                            Mean reward: 875.36
                    Mean episode length: 260.62
                        Mean action std: 0.10
--------------------------------------------------------------------------------
                         Iteration time: 2.35s
                           Time elapsed: 00:14:20
                                    ETA: 00:08:43

################################################################################
[1m                          Learning iteration 811/1000                           [0m 

                               Run name: original_core_920ms_fresh
                            Total steps: 638976 
                       Steps per second: 837 
                        Collection time: 2.253s 
                          Learning time: 0.194s 
                        Mean value loss: 749.7012
                    Mean surrogate loss: -0.0136
                      Mean entropy loss: -20.3220
                            Mean reward: 891.84
                    Mean episode length: 265.23
                        Mean action std: 0.10
--------------------------------------------------------------------------------
                         Iteration time: 2.45s
                           Time elapsed: 00:14:23
                                    ETA: 00:08:40

################################################################################
[1m                          Learning iteration 812/1000                           [0m 

                               Run name: original_core_920ms_fresh
                            Total steps: 641024 
                       Steps per second: 839 
                        Collection time: 2.278s 
                          Learning time: 0.163s 
                        Mean value loss: 545.8172
                    Mean surrogate loss: -0.0085
                      Mean entropy loss: -20.3220
                            Mean reward: 882.42
                    Mean episode length: 263.59
                        Mean action std: 0.10
--------------------------------------------------------------------------------
                         Iteration time: 2.44s
                           Time elapsed: 00:14:25
                                    ETA: 00:08:37

################################################################################
[1m                          Learning iteration 813/1000                           [0m 

                               Run name: original_core_920ms_fresh
                            Total steps: 643072 
                       Steps per second: 392 
                        Collection time: 5.043s 
                          Learning time: 0.180s 
                        Mean value loss: 414.6288
                    Mean surrogate loss: -0.0092
                      Mean entropy loss: -20.3220
                            Mean reward: 882.12
                    Mean episode length: 263.71
                        Mean action std: 0.10
--------------------------------------------------------------------------------
                         Iteration time: 5.22s
                           Time elapsed: 00:14:31
                                    ETA: 00:08:35

################################################################################
[1m                          Learning iteration 814/1000                           [0m 

                               Run name: original_core_920ms_fresh
                            Total steps: 645120 
                       Steps per second: 887 
                        Collection time: 2.142s 
                          Learning time: 0.164s 
                        Mean value loss: 436.9430
                    Mean surrogate loss: -0.0128
                      Mean entropy loss: -20.3220
                            Mean reward: 887.79
                    Mean episode length: 265.55
                        Mean action std: 0.10
--------------------------------------------------------------------------------
                         Iteration time: 2.31s
                           Time elapsed: 00:14:33
                                    ETA: 00:08:32

################################################################################
[1m                          Learning iteration 815/1000                           [0m 

                               Run name: original_core_920ms_fresh
                            Total steps: 647168 
                       Steps per second: 895 
                        Collection time: 2.126s 
                          Learning time: 0.161s 
                        Mean value loss: 421.3636
                    Mean surrogate loss: -0.0100
                      Mean entropy loss: -20.3220
                            Mean reward: 930.23
                    Mean episode length: 275.57
                        Mean action std: 0.10
  Episode_Reward/motion_global_root_pos: 0.0270
  Episode_Reward/motion_global_root_ori: 0.0257
         Episode_Reward/motion_body_pos: 0.0526
         Episode_Reward/motion_body_ori: 0.0464
     Episode_Reward/motion_body_lin_vel: 0.0554
     Episode_Reward/motion_body_ang_vel: 0.0529
          Episode_Reward/action_rate_l2: -0.0047
             Episode_Reward/joint_limit: -0.0008
         Episode_Reward/self_collisions: -0.0066
Episode_Reward/action_target_reference_l2: -0.0253
Episode_Reward/action_target_soft_limit_barrier: -0.0041
                   Episode_Reward/alive: 6.7500
 Episode_Reward/non_timeout_termination: -0.4593
Episode_Reward/worst_ee_z_normalized_squared: -0.0825
Episode_Reward/right_wrist_prethreshold_barrier: -0.0013
 Episode_Reward/requested_effort_excess: 0.0000
Episode_Reward/root_world_tracking_error: -0.0094
Episode_Reward/measured_joint_posture_l2: -0.0471
Episode_Reward/measured_feet_world_position_l2: -0.0479
Episode_Reward/original_task_position_l2: -0.0299
Episode_Reward/original_task_orientation_l2: -0.0261
        Metrics/motion/error_anchor_pos: 0.2028
        Metrics/motion/error_anchor_rot: 0.1807
    Metrics/motion/error_anchor_lin_vel: 0.3777
    Metrics/motion/error_anchor_ang_vel: 1.1692
          Metrics/motion/error_body_pos: 0.2039
          Metrics/motion/error_body_rot: 0.3042
         Metrics/motion/error_joint_pos: 1.0613
         Metrics/motion/error_joint_vel: 4.4426
        Metrics/motion/sampling_entropy: 0.0000
      Metrics/motion/sampling_top1_prob: 0.0000
       Metrics/motion/sampling_top1_bin: 0.0000
      Metrics/motion/error_body_lin_vel: 0.4543
      Metrics/motion/error_body_ang_vel: 1.5059
           Episode_Termination/time_out: 0.0000
         Episode_Termination/anchor_pos: 0.0000
         Episode_Termination/anchor_ori: 0.0000
        Episode_Termination/ee_body_pos: 0.0000
Episode_Termination/corpus_clip_time_out: 0.4000
Episode_Termination/invalid_native_model_actuation: 0.0000
Episode_Termination/world_root_tracking_failure: 0.6000
 Episode_Reward/world_potential_shaping: 0.0674
--------------------------------------------------------------------------------
                         Iteration time: 2.29s
                           Time elapsed: 00:14:35
                                    ETA: 00:08:29

################################################################################
[1m                          Learning iteration 816/1000                           [0m 

                               Run name: original_core_920ms_fresh
                            Total steps: 649216 
                       Steps per second: 880 
                        Collection time: 2.155s 
                          Learning time: 0.171s 
                        Mean value loss: 529.6733
                    Mean surrogate loss: -0.0120
                      Mean entropy loss: -20.3220
                            Mean reward: 872.79
                    Mean episode length: 261.83
                        Mean action std: 0.10
  Episode_Reward/motion_global_root_pos: 0.0183
  Episode_Reward/motion_global_root_ori: 0.0202
         Episode_Reward/motion_body_pos: 0.0361
         Episode_Reward/motion_body_ori: 0.0359
     Episode_Reward/motion_body_lin_vel: 0.0429
     Episode_Reward/motion_body_ang_vel: 0.0406
          Episode_Reward/action_rate_l2: -0.0040
             Episode_Reward/joint_limit: -0.0001
         Episode_Reward/self_collisions: -0.0115
Episode_Reward/action_target_reference_l2: -0.0223
Episode_Reward/action_target_soft_limit_barrier: -0.0028
                   Episode_Reward/alive: 5.3341
 Episode_Reward/non_timeout_termination: -0.6219
Episode_Reward/worst_ee_z_normalized_squared: -0.0731
Episode_Reward/right_wrist_prethreshold_barrier: -0.0136
 Episode_Reward/requested_effort_excess: -0.0000
Episode_Reward/root_world_tracking_error: -0.0156
Episode_Reward/measured_joint_posture_l2: -0.0441
Episode_Reward/measured_feet_world_position_l2: -0.0396
Episode_Reward/original_task_position_l2: -0.0309
Episode_Reward/original_task_orientation_l2: -0.0232
        Metrics/motion/error_anchor_pos: 0.2376
        Metrics/motion/error_anchor_rot: 0.2074
    Metrics/motion/error_anchor_lin_vel: 0.3579
    Metrics/motion/error_anchor_ang_vel: 1.0242
          Metrics/motion/error_body_pos: 0.2471
          Metrics/motion/error_body_rot: 0.3252
         Metrics/motion/error_joint_pos: 1.0718
         Metrics/motion/error_joint_vel: 5.4061
        Metrics/motion/sampling_entropy: 0.0000
      Metrics/motion/sampling_top1_prob: 0.0000
       Metrics/motion/sampling_top1_bin: 0.0000
      Metrics/motion/error_body_lin_vel: 0.4463
      Metrics/motion/error_body_ang_vel: 1.5327
           Episode_Termination/time_out: 0.0000
         Episode_Termination/anchor_pos: 0.0000
         Episode_Termination/anchor_ori: 0.0000
        Episode_Termination/ee_body_pos: 0.1250
Episode_Termination/corpus_clip_time_out: 0.2500
Episode_Termination/invalid_native_model_actuation: 0.0000
Episode_Termination/world_root_tracking_failure: 0.8750
 Episode_Reward/world_potential_shaping: 0.0664
--------------------------------------------------------------------------------
                         Iteration time: 2.33s
                           Time elapsed: 00:14:37
                                    ETA: 00:08:26

################################################################################
[1m                          Learning iteration 817/1000                           [0m 

                               Run name: original_core_920ms_fresh
                            Total steps: 651264 
                       Steps per second: 785 
                        Collection time: 2.436s 
                          Learning time: 0.171s 
                        Mean value loss: 811.7894
                    Mean surrogate loss: -0.0085
                      Mean entropy loss: -20.3220
                            Mean reward: 874.19
                    Mean episode length: 266.30
                        Mean action std: 0.10
  Episode_Reward/motion_global_root_pos: 0.0193
  Episode_Reward/motion_global_root_ori: 0.0224
         Episode_Reward/motion_body_pos: 0.0375
         Episode_Reward/motion_body_ori: 0.0368
     Episode_Reward/motion_body_lin_vel: 0.0461
     Episode_Reward/motion_body_ang_vel: 0.0423
          Episode_Reward/action_rate_l2: -0.0048
             Episode_Reward/joint_limit: -0.0007
         Episode_Reward/self_collisions: -0.0088
Episode_Reward/action_target_reference_l2: -0.0309
Episode_Reward/action_target_soft_limit_barrier: -0.0043
                   Episode_Reward/alive: 5.8830
 Episode_Reward/non_timeout_termination: -0.7655
Episode_Reward/worst_ee_z_normalized_squared: -0.1175
Episode_Reward/right_wrist_prethreshold_barrier: -0.0142
 Episode_Reward/requested_effort_excess: 0.0000
Episode_Reward/root_world_tracking_error: -0.0202
Episode_Reward/measured_joint_posture_l2: -0.0709
Episode_Reward/measured_feet_world_position_l2: -0.0452
Episode_Reward/original_task_position_l2: -0.0386
Episode_Reward/original_task_orientation_l2: -0.0301
        Metrics/motion/error_anchor_pos: 0.2640
        Metrics/motion/error_anchor_rot: 0.1720
    Metrics/motion/error_anchor_lin_vel: 0.3865
    Metrics/motion/error_anchor_ang_vel: 0.9966
          Metrics/motion/error_body_pos: 0.2742
          Metrics/motion/error_body_rot: 0.3008
         Metrics/motion/error_joint_pos: 1.0170
         Metrics/motion/error_joint_vel: 4.9674
        Metrics/motion/sampling_entropy: 0.0000
      Metrics/motion/sampling_top1_prob: 0.0000
       Metrics/motion/sampling_top1_bin: 0.0000
      Metrics/motion/error_body_lin_vel: 0.4581
      Metrics/motion/error_body_ang_vel: 1.5218
           Episode_Termination/time_out: 0.0000
         Episode_Termination/anchor_pos: 0.0000
         Episode_Termination/anchor_ori: 0.0000
        Episode_Termination/ee_body_pos: 0.2857
Episode_Termination/corpus_clip_time_out: 0.0000
Episode_Termination/invalid_native_model_actuation: 0.0000
Episode_Termination/world_root_tracking_failure: 1.1429
 Episode_Reward/world_potential_shaping: 0.0846
--------------------------------------------------------------------------------
                         Iteration time: 2.61s
                           Time elapsed: 00:14:40
                                    ETA: 00:08:23

################################################################################
[1m                          Learning iteration 818/1000                           [0m 

                               Run name: original_core_920ms_fresh
                            Total steps: 653312 
                       Steps per second: 753 
                        Collection time: 2.541s 
                          Learning time: 0.178s 
                        Mean value loss: 438.3431
                    Mean surrogate loss: -0.0173
                      Mean entropy loss: -20.3220
                            Mean reward: 871.94
                    Mean episode length: 264.92
                        Mean action std: 0.10
--------------------------------------------------------------------------------
                         Iteration time: 2.72s
                           Time elapsed: 00:14:43
                                    ETA: 00:08:21

################################################################################
[1m                          Learning iteration 819/1000                           [0m 

                               Run name: original_core_920ms_fresh
                            Total steps: 655360 
                       Steps per second: 822 
                        Collection time: 2.329s 
                          Learning time: 0.160s 
                        Mean value loss: 365.9244
                    Mean surrogate loss: -0.0124
                      Mean entropy loss: -20.3220
                            Mean reward: 952.09
                    Mean episode length: 287.06
                        Mean action std: 0.10
  Episode_Reward/motion_global_root_pos: 0.0368
  Episode_Reward/motion_global_root_ori: 0.0413
         Episode_Reward/motion_body_pos: 0.0725
         Episode_Reward/motion_body_ori: 0.0745
     Episode_Reward/motion_body_lin_vel: 0.0882
     Episode_Reward/motion_body_ang_vel: 0.0835
          Episode_Reward/action_rate_l2: -0.0076
             Episode_Reward/joint_limit: -0.0006
         Episode_Reward/self_collisions: -0.0272
Episode_Reward/action_target_reference_l2: -0.0420
Episode_Reward/action_target_soft_limit_barrier: -0.0064
                   Episode_Reward/alive: 10.7497
 Episode_Reward/non_timeout_termination: -0.6124
Episode_Reward/worst_ee_z_normalized_squared: -0.1661
Episode_Reward/right_wrist_prethreshold_barrier: -0.0115
 Episode_Reward/requested_effort_excess: -0.0000
Episode_Reward/root_world_tracking_error: -0.0274
Episode_Reward/measured_joint_posture_l2: -0.0807
Episode_Reward/measured_feet_world_position_l2: -0.0763
Episode_Reward/original_task_position_l2: -0.0639
Episode_Reward/original_task_orientation_l2: -0.0441
        Metrics/motion/error_anchor_pos: 0.2864
        Metrics/motion/error_anchor_rot: 0.1723
    Metrics/motion/error_anchor_lin_vel: 0.5087
    Metrics/motion/error_anchor_ang_vel: 0.7983
          Metrics/motion/error_body_pos: 0.2854
          Metrics/motion/error_body_rot: 0.2997
         Metrics/motion/error_joint_pos: 0.8882
         Metrics/motion/error_joint_vel: 5.3353
        Metrics/motion/sampling_entropy: 0.0000
      Metrics/motion/sampling_top1_prob: 0.0000
       Metrics/motion/sampling_top1_bin: 0.0000
      Metrics/motion/error_body_lin_vel: 0.5671
      Metrics/motion/error_body_ang_vel: 1.6623
           Episode_Termination/time_out: 0.0000
         Episode_Termination/anchor_pos: 0.0000
         Episode_Termination/anchor_ori: 0.0000
        Episode_Termination/ee_body_pos: 0.0000
Episode_Termination/corpus_clip_time_out: 0.2000
Episode_Termination/invalid_native_model_actuation: 0.0000
Episode_Termination/world_root_tracking_failure: 0.8000
 Episode_Reward/world_potential_shaping: 0.1158
--------------------------------------------------------------------------------
                         Iteration time: 2.49s
                           Time elapsed: 00:14:45
                                    ETA: 00:08:18

################################################################################
[1m                          Learning iteration 820/1000                           [0m 

                               Run name: original_core_920ms_fresh
                            Total steps: 657408 
                       Steps per second: 900 
                        Collection time: 2.095s 
                          Learning time: 0.178s 
                        Mean value loss: 505.1958
                    Mean surrogate loss: -0.0141
                      Mean entropy loss: -20.3220
                            Mean reward: 942.57
                    Mean episode length: 285.06
                        Mean action std: 0.10
  Episode_Reward/motion_global_root_pos: 0.0103
  Episode_Reward/motion_global_root_ori: 0.0124
         Episode_Reward/motion_body_pos: 0.0204
         Episode_Reward/motion_body_ori: 0.0203
     Episode_Reward/motion_body_lin_vel: 0.0246
     Episode_Reward/motion_body_ang_vel: 0.0224
          Episode_Reward/action_rate_l2: -0.0027
             Episode_Reward/joint_limit: -0.0002
         Episode_Reward/self_collisions: -0.0033
Episode_Reward/action_target_reference_l2: -0.0157
Episode_Reward/action_target_soft_limit_barrier: -0.0030
                   Episode_Reward/alive: 3.2144
 Episode_Reward/non_timeout_termination: -0.7655
Episode_Reward/worst_ee_z_normalized_squared: -0.0525
Episode_Reward/right_wrist_prethreshold_barrier: -0.0021
 Episode_Reward/requested_effort_excess: -0.0000
Episode_Reward/root_world_tracking_error: -0.0121
Episode_Reward/measured_joint_posture_l2: -0.0349
Episode_Reward/measured_feet_world_position_l2: -0.0242
Episode_Reward/original_task_position_l2: -0.0211
Episode_Reward/original_task_orientation_l2: -0.0164
        Metrics/motion/error_anchor_pos: 0.2733
        Metrics/motion/error_anchor_rot: 0.1695
    Metrics/motion/error_anchor_lin_vel: 0.3917
    Metrics/motion/error_anchor_ang_vel: 0.8388
          Metrics/motion/error_body_pos: 0.2816
          Metrics/motion/error_body_rot: 0.3257
         Metrics/motion/error_joint_pos: 1.0151
         Metrics/motion/error_joint_vel: 4.4658
        Metrics/motion/sampling_entropy: 0.0000
      Metrics/motion/sampling_top1_prob: 0.0000
       Metrics/motion/sampling_top1_bin: 0.0000
      Metrics/motion/error_body_lin_vel: 0.4259
      Metrics/motion/error_body_ang_vel: 1.2847
           Episode_Termination/time_out: 0.0000
         Episode_Termination/anchor_pos: 0.0000
         Episode_Termination/anchor_ori: 0.0000
        Episode_Termination/ee_body_pos: 0.2000
Episode_Termination/corpus_clip_time_out: 0.0000
Episode_Termination/invalid_native_model_actuation: 0.0000
Episode_Termination/world_root_tracking_failure: 1.0000
 Episode_Reward/world_potential_shaping: 0.0504
--------------------------------------------------------------------------------
                         Iteration time: 2.27s
                           Time elapsed: 00:14:48
                                    ETA: 00:08:15

################################################################################
[1m                          Learning iteration 821/1000                           [0m 

                               Run name: original_core_920ms_fresh
                            Total steps: 659456 
                       Steps per second: 859 
                        Collection time: 2.209s 
                          Learning time: 0.173s 
                        Mean value loss: 430.6332
                    Mean surrogate loss: -0.0148
                      Mean entropy loss: -20.3220
                            Mean reward: 943.17
                    Mean episode length: 282.99
                        Mean action std: 0.10
--------------------------------------------------------------------------------
                         Iteration time: 2.38s
                           Time elapsed: 00:14:50
                                    ETA: 00:08:12

################################################################################
[1m                          Learning iteration 822/1000                           [0m 

                               Run name: original_core_920ms_fresh
                            Total steps: 661504 
                       Steps per second: 901 
                        Collection time: 2.109s 
                          Learning time: 0.162s 
                        Mean value loss: 508.8166
                    Mean surrogate loss: -0.0083
                      Mean entropy loss: -20.3220
                            Mean reward: 837.02
                    Mean episode length: 256.25
                        Mean action std: 0.10
--------------------------------------------------------------------------------
                         Iteration time: 2.27s
                           Time elapsed: 00:14:52
                                    ETA: 00:08:09

################################################################################
[1m                          Learning iteration 823/1000                           [0m 

                               Run name: original_core_920ms_fresh
                            Total steps: 663552 
                       Steps per second: 872 
                        Collection time: 2.153s 
                          Learning time: 0.193s 
                        Mean value loss: 815.2731
                    Mean surrogate loss: -0.0059
                      Mean entropy loss: -20.3220
                            Mean reward: 876.99
                    Mean episode length: 269.52
                        Mean action std: 0.10
  Episode_Reward/motion_global_root_pos: 0.0192
  Episode_Reward/motion_global_root_ori: 0.0210
         Episode_Reward/motion_body_pos: 0.0377
         Episode_Reward/motion_body_ori: 0.0372
     Episode_Reward/motion_body_lin_vel: 0.0442
     Episode_Reward/motion_body_ang_vel: 0.0416
          Episode_Reward/action_rate_l2: -0.0040
             Episode_Reward/joint_limit: -0.0009
         Episode_Reward/self_collisions: -0.0092
Episode_Reward/action_target_reference_l2: -0.0223
Episode_Reward/action_target_soft_limit_barrier: -0.0041
                   Episode_Reward/alive: 5.4771
 Episode_Reward/non_timeout_termination: -0.7655
Episode_Reward/worst_ee_z_normalized_squared: -0.0684
Episode_Reward/right_wrist_prethreshold_barrier: -0.0043
 Episode_Reward/requested_effort_excess: 0.0000
Episode_Reward/root_world_tracking_error: -0.0141
Episode_Reward/measured_joint_posture_l2: -0.0507
Episode_Reward/measured_feet_world_position_l2: -0.0400
Episode_Reward/original_task_position_l2: -0.0318
Episode_Reward/original_task_orientation_l2: -0.0242
        Metrics/motion/error_anchor_pos: 0.2655
        Metrics/motion/error_anchor_rot: 0.1598
    Metrics/motion/error_anchor_lin_vel: 0.4490
    Metrics/motion/error_anchor_ang_vel: 0.9840
          Metrics/motion/error_body_pos: 0.2750
          Metrics/motion/error_body_rot: 0.3027
         Metrics/motion/error_joint_pos: 1.2484
         Metrics/motion/error_joint_vel: 6.4400
        Metrics/motion/sampling_entropy: 0.0000
      Metrics/motion/sampling_top1_prob: 0.0000
       Metrics/motion/sampling_top1_bin: 0.0000
      Metrics/motion/error_body_lin_vel: 0.5341
      Metrics/motion/error_body_ang_vel: 1.8471
           Episode_Termination/time_out: 0.0000
         Episode_Termination/anchor_pos: 0.0000
         Episode_Termination/anchor_ori: 0.0000
        Episode_Termination/ee_body_pos: 0.1429
Episode_Termination/corpus_clip_time_out: 0.0000
Episode_Termination/invalid_native_model_actuation: 0.0000
Episode_Termination/world_root_tracking_failure: 1.0000
 Episode_Reward/world_potential_shaping: 0.0684
--------------------------------------------------------------------------------
                         Iteration time: 2.35s
                           Time elapsed: 00:14:55
                                    ETA: 00:08:06

################################################################################
[1m                          Learning iteration 824/1000                           [0m 

                               Run name: original_core_920ms_fresh
                            Total steps: 665600 
                       Steps per second: 879 
                        Collection time: 2.158s 
                          Learning time: 0.171s 
                        Mean value loss: 399.7200
                    Mean surrogate loss: -0.0178
                      Mean entropy loss: -20.3220
                            Mean reward: 862.20
                    Mean episode length: 264.67
                        Mean action std: 0.10
  Episode_Reward/motion_global_root_pos: 0.0076
  Episode_Reward/motion_global_root_ori: 0.0082
         Episode_Reward/motion_body_pos: 0.0151
         Episode_Reward/motion_body_ori: 0.0132
     Episode_Reward/motion_body_lin_vel: 0.0160
     Episode_Reward/motion_body_ang_vel: 0.0149
          Episode_Reward/action_rate_l2: -0.0019
             Episode_Reward/joint_limit: -0.0001
         Episode_Reward/self_collisions: -0.0058
Episode_Reward/action_target_reference_l2: -0.0104
Episode_Reward/action_target_soft_limit_barrier: -0.0028
                   Episode_Reward/alive: 2.1881
 Episode_Reward/non_timeout_termination: -0.7655
Episode_Reward/worst_ee_z_normalized_squared: -0.0276
Episode_Reward/right_wrist_prethreshold_barrier: -0.0054
 Episode_Reward/requested_effort_excess: -0.0000
Episode_Reward/root_world_tracking_error: -0.0083
Episode_Reward/measured_joint_posture_l2: -0.0280
Episode_Reward/measured_feet_world_position_l2: -0.0160
Episode_Reward/original_task_position_l2: -0.0126
Episode_Reward/original_task_orientation_l2: -0.0118
        Metrics/motion/error_anchor_pos: 0.2595
        Metrics/motion/error_anchor_rot: 0.1549
    Metrics/motion/error_anchor_lin_vel: 0.4795
    Metrics/motion/error_anchor_ang_vel: 0.9512
          Metrics/motion/error_body_pos: 0.2657
          Metrics/motion/error_body_rot: 0.2949
         Metrics/motion/error_joint_pos: 1.0795
         Metrics/motion/error_joint_vel: 5.1080
        Metrics/motion/sampling_entropy: 0.0000
      Metrics/motion/sampling_top1_prob: 0.0000
       Metrics/motion/sampling_top1_bin: 0.0000
      Metrics/motion/error_body_lin_vel: 0.5218
      Metrics/motion/error_body_ang_vel: 1.5101
           Episode_Termination/time_out: 0.0000
         Episode_Termination/anchor_pos: 0.0000
         Episode_Termination/anchor_ori: 0.0000
        Episode_Termination/ee_body_pos: 0.1250
Episode_Termination/corpus_clip_time_out: 0.0000
Episode_Termination/invalid_native_model_actuation: 0.0000
Episode_Termination/world_root_tracking_failure: 1.2500
 Episode_Reward/world_potential_shaping: 0.0336
--------------------------------------------------------------------------------
                         Iteration time: 2.33s
                           Time elapsed: 00:14:57
                                    ETA: 00:08:03

################################################################################
[1m                          Learning iteration 825/1000                           [0m 

                               Run name: original_core_920ms_fresh
                            Total steps: 667648 
                       Steps per second: 892 
                        Collection time: 2.133s 
                          Learning time: 0.163s 
                        Mean value loss: 351.6844
                    Mean surrogate loss: -0.0117
                      Mean entropy loss: -20.3220
                            Mean reward: 870.72
                    Mean episode length: 265.79
                        Mean action std: 0.10
--------------------------------------------------------------------------------
                         Iteration time: 2.30s
                           Time elapsed: 00:14:59
                                    ETA: 00:08:00

################################################################################
[1m                          Learning iteration 826/1000                           [0m 

                               Run name: original_core_920ms_fresh
                            Total steps: 669696 
                       Steps per second: 393 
                        Collection time: 5.030s 
                          Learning time: 0.179s 
                        Mean value loss: 431.3190
                    Mean surrogate loss: -0.0106
                      Mean entropy loss: -20.3220
                            Mean reward: 894.77
                    Mean episode length: 269.22
                        Mean action std: 0.10
--------------------------------------------------------------------------------
                         Iteration time: 5.21s
                           Time elapsed: 00:15:04
                                    ETA: 00:07:58

################################################################################
[1m                          Learning iteration 827/1000                           [0m 

                               Run name: original_core_920ms_fresh
                            Total steps: 671744 
                       Steps per second: 907 
                        Collection time: 2.096s 
                          Learning time: 0.161s 
                        Mean value loss: 381.6097
                    Mean surrogate loss: -0.0131
                      Mean entropy loss: -20.3220
                            Mean reward: 862.69
                    Mean episode length: 259.56
                        Mean action std: 0.10
  Episode_Reward/motion_global_root_pos: 0.0095
  Episode_Reward/motion_global_root_ori: 0.0095
         Episode_Reward/motion_body_pos: 0.0188
         Episode_Reward/motion_body_ori: 0.0167
     Episode_Reward/motion_body_lin_vel: 0.0202
     Episode_Reward/motion_body_ang_vel: 0.0195
          Episode_Reward/action_rate_l2: -0.0019
             Episode_Reward/joint_limit: -0.0001
         Episode_Reward/self_collisions: -0.0105
Episode_Reward/action_target_reference_l2: -0.0094
Episode_Reward/action_target_soft_limit_barrier: -0.0028
                   Episode_Reward/alive: 2.5471
 Episode_Reward/non_timeout_termination: -0.6889
Episode_Reward/worst_ee_z_normalized_squared: -0.0206
Episode_Reward/right_wrist_prethreshold_barrier: -0.0012
 Episode_Reward/requested_effort_excess: 0.0000
Episode_Reward/root_world_tracking_error: -0.0061
Episode_Reward/measured_joint_posture_l2: -0.0192
Episode_Reward/measured_feet_world_position_l2: -0.0168
Episode_Reward/original_task_position_l2: -0.0133
Episode_Reward/original_task_orientation_l2: -0.0114
        Metrics/motion/error_anchor_pos: 0.2694
        Metrics/motion/error_anchor_rot: 0.1421
    Metrics/motion/error_anchor_lin_vel: 0.5764
    Metrics/motion/error_anchor_ang_vel: 1.1939
          Metrics/motion/error_body_pos: 0.2718
          Metrics/motion/error_body_rot: 0.2635
         Metrics/motion/error_joint_pos: 1.0128
         Metrics/motion/error_joint_vel: 6.0006
        Metrics/motion/sampling_entropy: 0.0000
      Metrics/motion/sampling_top1_prob: 0.0000
       Metrics/motion/sampling_top1_bin: 0.0000
      Metrics/motion/error_body_lin_vel: 0.6313
      Metrics/motion/error_body_ang_vel: 1.7093
           Episode_Termination/time_out: 0.0000
         Episode_Termination/anchor_pos: 0.0000
         Episode_Termination/anchor_ori: 0.0000
        Episode_Termination/ee_body_pos: 0.0000
Episode_Termination/corpus_clip_time_out: 0.2000
Episode_Termination/invalid_native_model_actuation: 0.0000
Episode_Termination/world_root_tracking_failure: 1.0000
 Episode_Reward/world_potential_shaping: 0.0344
--------------------------------------------------------------------------------
                         Iteration time: 2.26s
                           Time elapsed: 00:15:07
                                    ETA: 00:07:55

################################################################################
[1m                          Learning iteration 828/1000                           [0m 

                               Run name: original_core_920ms_fresh
                            Total steps: 673792 
                       Steps per second: 894 
                        Collection time: 2.090s 
                          Learning time: 0.199s 
                        Mean value loss: 581.6423
                    Mean surrogate loss: -0.0049
                      Mean entropy loss: -20.3220
                            Mean reward: 859.87
                    Mean episode length: 261.60
                        Mean action std: 0.10
  Episode_Reward/motion_global_root_pos: 0.0171
  Episode_Reward/motion_global_root_ori: 0.0201
         Episode_Reward/motion_body_pos: 0.0328
         Episode_Reward/motion_body_ori: 0.0348
     Episode_Reward/motion_body_lin_vel: 0.0431
     Episode_Reward/motion_body_ang_vel: 0.0413
          Episode_Reward/action_rate_l2: -0.0037
             Episode_Reward/joint_limit: -0.0001
         Episode_Reward/self_collisions: -0.0055
Episode_Reward/action_target_reference_l2: -0.0193
Episode_Reward/action_target_soft_limit_barrier: -0.0031
                   Episode_Reward/alive: 5.2904
 Episode_Reward/non_timeout_termination: -0.4921
Episode_Reward/worst_ee_z_normalized_squared: -0.0472
Episode_Reward/right_wrist_prethreshold_barrier: -0.0036
 Episode_Reward/requested_effort_excess: -0.0000
Episode_Reward/root_world_tracking_error: -0.0166
Episode_Reward/measured_joint_posture_l2: -0.0412
Episode_Reward/measured_feet_world_position_l2: -0.0421
Episode_Reward/original_task_position_l2: -0.0340
Episode_Reward/original_task_orientation_l2: -0.0202
        Metrics/motion/error_anchor_pos: 0.2107
        Metrics/motion/error_anchor_rot: 0.1297
    Metrics/motion/error_anchor_lin_vel: 0.2859
    Metrics/motion/error_anchor_ang_vel: 0.8405
          Metrics/motion/error_body_pos: 0.2187
          Metrics/motion/error_body_rot: 0.2682
         Metrics/motion/error_joint_pos: 0.9369
         Metrics/motion/error_joint_vel: 5.2107
        Metrics/motion/sampling_entropy: 0.0000
      Metrics/motion/sampling_top1_prob: 0.0000
       Metrics/motion/sampling_top1_bin: 0.0000
      Metrics/motion/error_body_lin_vel: 0.3479
      Metrics/motion/error_body_ang_vel: 1.3661
           Episode_Termination/time_out: 0.0000
         Episode_Termination/anchor_pos: 0.0000
         Episode_Termination/anchor_ori: 0.0000
        Episode_Termination/ee_body_pos: 0.1429
Episode_Termination/corpus_clip_time_out: 0.4286
Episode_Termination/invalid_native_model_actuation: 0.0000
Episode_Termination/world_root_tracking_failure: 0.5714
 Episode_Reward/world_potential_shaping: 0.0719
--------------------------------------------------------------------------------
                         Iteration time: 2.29s
                           Time elapsed: 00:15:09
                                    ETA: 00:07:52

################################################################################
[1m                          Learning iteration 829/1000                           [0m 

                               Run name: original_core_920ms_fresh
                            Total steps: 675840 
                       Steps per second: 852 
                        Collection time: 2.209s 
                          Learning time: 0.195s 
                        Mean value loss: 565.2838
                    Mean surrogate loss: -0.0083
                      Mean entropy loss: -20.3220
                            Mean reward: 798.98
                    Mean episode length: 245.60
                        Mean action std: 0.10
--------------------------------------------------------------------------------
                         Iteration time: 2.40s
                           Time elapsed: 00:15:11
                                    ETA: 00:07:49

################################################################################
[1m                          Learning iteration 830/1000                           [0m 

                               Run name: original_core_920ms_fresh
                            Total steps: 677888 
                       Steps per second: 678 
                        Collection time: 2.846s 
                          Learning time: 0.170s 
                        Mean value loss: 718.1452
                    Mean surrogate loss: -0.0084
                      Mean entropy loss: -20.3220
                            Mean reward: 788.58
                    Mean episode length: 242.39
                        Mean action std: 0.10
  Episode_Reward/motion_global_root_pos: 0.0193
  Episode_Reward/motion_global_root_ori: 0.0211
         Episode_Reward/motion_body_pos: 0.0385
         Episode_Reward/motion_body_ori: 0.0368
     Episode_Reward/motion_body_lin_vel: 0.0433
     Episode_Reward/motion_body_ang_vel: 0.0414
          Episode_Reward/action_rate_l2: -0.0040
             Episode_Reward/joint_limit: -0.0013
         Episode_Reward/self_collisions: -0.0093
Episode_Reward/action_target_reference_l2: -0.0242
Episode_Reward/action_target_soft_limit_barrier: -0.0048
                   Episode_Reward/alive: 5.4411
 Episode_Reward/non_timeout_termination: -0.7655
Episode_Reward/worst_ee_z_normalized_squared: -0.1055
Episode_Reward/right_wrist_prethreshold_barrier: -0.0072
 Episode_Reward/requested_effort_excess: 0.0000
Episode_Reward/root_world_tracking_error: -0.0146
Episode_Reward/measured_joint_posture_l2: -0.0492
Episode_Reward/measured_feet_world_position_l2: -0.0363
Episode_Reward/original_task_position_l2: -0.0301
Episode_Reward/original_task_orientation_l2: -0.0234
        Metrics/motion/error_anchor_pos: 0.2879
        Metrics/motion/error_anchor_rot: 0.1606
    Metrics/motion/error_anchor_lin_vel: 0.6433
    Metrics/motion/error_anchor_ang_vel: 0.8407
          Metrics/motion/error_body_pos: 0.2941
          Metrics/motion/error_body_rot: 0.3604
         Metrics/motion/error_joint_pos: 1.2482
         Metrics/motion/error_joint_vel: 4.9565
        Metrics/motion/sampling_entropy: 0.0000
      Metrics/motion/sampling_top1_prob: 0.0000
       Metrics/motion/sampling_top1_bin: 0.0000
      Metrics/motion/error_body_lin_vel: 0.6895
      Metrics/motion/error_body_ang_vel: 1.6292
           Episode_Termination/time_out: 0.0000
         Episode_Termination/anchor_pos: 0.0000
         Episode_Termination/anchor_ori: 0.0000
        Episode_Termination/ee_body_pos: 0.0000
Episode_Termination/corpus_clip_time_out: 0.0000
Episode_Termination/invalid_native_model_actuation: 0.0000
Episode_Termination/world_root_tracking_failure: 1.1667
 Episode_Reward/world_potential_shaping: 0.0629
--------------------------------------------------------------------------------
                         Iteration time: 3.02s
                           Time elapsed: 00:15:14
                                    ETA: 00:07:47

################################################################################
[1m                          Learning iteration 831/1000                           [0m 

                               Run name: original_core_920ms_fresh
                            Total steps: 679936 
                       Steps per second: 807 
                        Collection time: 2.374s 
                          Learning time: 0.161s 
                        Mean value loss: 296.4068
                    Mean surrogate loss: -0.0137
                      Mean entropy loss: -20.3220
                            Mean reward: 887.59
                    Mean episode length: 264.08
                        Mean action std: 0.10
--------------------------------------------------------------------------------
                         Iteration time: 2.53s
                           Time elapsed: 00:15:17
                                    ETA: 00:07:44

################################################################################
[1m                          Learning iteration 832/1000                           [0m 

                               Run name: original_core_920ms_fresh
                            Total steps: 681984 
                       Steps per second: 886 
                        Collection time: 2.133s 
                          Learning time: 0.177s 
                        Mean value loss: 309.5298
                    Mean surrogate loss: -0.0137
                      Mean entropy loss: -20.3220
                            Mean reward: 872.74
                    Mean episode length: 261.35
                        Mean action std: 0.10
  Episode_Reward/motion_global_root_pos: 0.0050
  Episode_Reward/motion_global_root_ori: 0.0061
         Episode_Reward/motion_body_pos: 0.0102
         Episode_Reward/motion_body_ori: 0.0090
     Episode_Reward/motion_body_lin_vel: 0.0111
     Episode_Reward/motion_body_ang_vel: 0.0105
          Episode_Reward/action_rate_l2: -0.0014
             Episode_Reward/joint_limit: -0.0001
         Episode_Reward/self_collisions: -0.0048
Episode_Reward/action_target_reference_l2: -0.0080
Episode_Reward/action_target_soft_limit_barrier: -0.0032
                   Episode_Reward/alive: 1.5666
 Episode_Reward/non_timeout_termination: -0.7655
Episode_Reward/worst_ee_z_normalized_squared: -0.0108
Episode_Reward/right_wrist_prethreshold_barrier: 0.0000
 Episode_Reward/requested_effort_excess: -0.0000
Episode_Reward/root_world_tracking_error: -0.0077
Episode_Reward/measured_joint_posture_l2: -0.0244
Episode_Reward/measured_feet_world_position_l2: -0.0117
Episode_Reward/original_task_position_l2: -0.0098
Episode_Reward/original_task_orientation_l2: -0.0098
        Metrics/motion/error_anchor_pos: 0.2864
        Metrics/motion/error_anchor_rot: 0.1356
    Metrics/motion/error_anchor_lin_vel: 0.5074
    Metrics/motion/error_anchor_ang_vel: 1.0254
          Metrics/motion/error_body_pos: 0.3072
          Metrics/motion/error_body_rot: 0.3310
         Metrics/motion/error_joint_pos: 1.1598
         Metrics/motion/error_joint_vel: 4.9745
        Metrics/motion/sampling_entropy: 0.0000
      Metrics/motion/sampling_top1_prob: 0.0000
       Metrics/motion/sampling_top1_bin: 0.0000
      Metrics/motion/error_body_lin_vel: 0.5222
      Metrics/motion/error_body_ang_vel: 1.5304
           Episode_Termination/time_out: 0.0000
         Episode_Termination/anchor_pos: 0.0000
         Episode_Termination/anchor_ori: 0.0000
        Episode_Termination/ee_body_pos: 0.0000
Episode_Termination/corpus_clip_time_out: 0.0000
Episode_Termination/invalid_native_model_actuation: 0.0000
Episode_Termination/world_root_tracking_failure: 1.0000
 Episode_Reward/world_potential_shaping: 0.0302
--------------------------------------------------------------------------------
                         Iteration time: 2.31s
                           Time elapsed: 00:15:19
                                    ETA: 00:07:41

################################################################################
[1m                          Learning iteration 833/1000                           [0m 

                               Run name: original_core_920ms_fresh
                            Total steps: 684032 
                       Steps per second: 867 
                        Collection time: 2.196s 
                          Learning time: 0.165s 
                        Mean value loss: 559.8906
                    Mean surrogate loss: -0.0125
                      Mean entropy loss: -20.3220
                            Mean reward: 795.23
                    Mean episode length: 241.10
                        Mean action std: 0.10
--------------------------------------------------------------------------------
                         Iteration time: 2.36s
                           Time elapsed: 00:15:22
                                    ETA: 00:07:38

################################################################################
[1m                          Learning iteration 834/1000                           [0m 

                               Run name: original_core_920ms_fresh
                            Total steps: 686080 
                       Steps per second: 843 
                        Collection time: 2.260s 
                          Learning time: 0.169s 
                        Mean value loss: 323.3936
                    Mean surrogate loss: -0.0160
                      Mean entropy loss: -20.3220
                            Mean reward: 759.63
                    Mean episode length: 232.70
                        Mean action std: 0.10
  Episode_Reward/motion_global_root_pos: 0.0251
  Episode_Reward/motion_global_root_ori: 0.0273
         Episode_Reward/motion_body_pos: 0.0492
         Episode_Reward/motion_body_ori: 0.0481
     Episode_Reward/motion_body_lin_vel: 0.0577
     Episode_Reward/motion_body_ang_vel: 0.0549
          Episode_Reward/action_rate_l2: -0.0054
             Episode_Reward/joint_limit: -0.0001
         Episode_Reward/self_collisions: -0.0075
Episode_Reward/action_target_reference_l2: -0.0281
Episode_Reward/action_target_soft_limit_barrier: -0.0050
                   Episode_Reward/alive: 7.2592
 Episode_Reward/non_timeout_termination: -0.5741
Episode_Reward/worst_ee_z_normalized_squared: -0.0671
Episode_Reward/right_wrist_prethreshold_barrier: -0.0005
 Episode_Reward/requested_effort_excess: 0.0000
Episode_Reward/root_world_tracking_error: -0.0207
Episode_Reward/measured_joint_posture_l2: -0.0674
Episode_Reward/measured_feet_world_position_l2: -0.0546
Episode_Reward/original_task_position_l2: -0.0400
Episode_Reward/original_task_orientation_l2: -0.0311
        Metrics/motion/error_anchor_pos: 0.2452
        Metrics/motion/error_anchor_rot: 0.1313
    Metrics/motion/error_anchor_lin_vel: 0.5468
    Metrics/motion/error_anchor_ang_vel: 0.5858
          Metrics/motion/error_body_pos: 0.2623
          Metrics/motion/error_body_rot: 0.2634
         Metrics/motion/error_joint_pos: 0.9824
         Metrics/motion/error_joint_vel: 4.3698
        Metrics/motion/sampling_entropy: 0.0000
      Metrics/motion/sampling_top1_prob: 0.0000
       Metrics/motion/sampling_top1_bin: 0.0000
      Metrics/motion/error_body_lin_vel: 0.5340
      Metrics/motion/error_body_ang_vel: 1.3675
           Episode_Termination/time_out: 0.0000
         Episode_Termination/anchor_pos: 0.0000
         Episode_Termination/anchor_ori: 0.0000
        Episode_Termination/ee_body_pos: 0.0000
Episode_Termination/corpus_clip_time_out: 0.2500
Episode_Termination/invalid_native_model_actuation: 0.0000
Episode_Termination/world_root_tracking_failure: 1.0000
 Episode_Reward/world_potential_shaping: 0.0868
--------------------------------------------------------------------------------
                         Iteration time: 2.43s
                           Time elapsed: 00:15:24
                                    ETA: 00:07:35

################################################################################
[1m                          Learning iteration 835/1000                           [0m 

                               Run name: original_core_920ms_fresh
                            Total steps: 688128 
                       Steps per second: 888 
                        Collection time: 2.144s 
                          Learning time: 0.161s 
                        Mean value loss: 242.4243
                    Mean surrogate loss: -0.0093
                      Mean entropy loss: -20.3220
                            Mean reward: 752.86
                    Mean episode length: 230.77
                        Mean action std: 0.10
--------------------------------------------------------------------------------
                         Iteration time: 2.31s
                           Time elapsed: 00:15:26
                                    ETA: 00:07:32

################################################################################
[1m                          Learning iteration 836/1000                           [0m 

                               Run name: original_core_920ms_fresh
                            Total steps: 690176 
                       Steps per second: 855 
                        Collection time: 2.230s 
                          Learning time: 0.165s 
                        Mean value loss: 340.3092
                    Mean surrogate loss: -0.0139
                      Mean entropy loss: -20.3220
                            Mean reward: 852.23
                    Mean episode length: 257.33
                        Mean action std: 0.10
--------------------------------------------------------------------------------
                         Iteration time: 2.39s
                           Time elapsed: 00:15:29
                                    ETA: 00:07:29

################################################################################
[1m                          Learning iteration 837/1000                           [0m 

                               Run name: original_core_920ms_fresh
                            Total steps: 692224 
                       Steps per second: 879 
                        Collection time: 2.160s 
                          Learning time: 0.169s 
                        Mean value loss: 642.5445
                    Mean surrogate loss: -0.0037
                      Mean entropy loss: -20.3220
                            Mean reward: 883.21
                    Mean episode length: 263.82
                        Mean action std: 0.10
--------------------------------------------------------------------------------
                         Iteration time: 2.33s
                           Time elapsed: 00:15:31
                                    ETA: 00:07:26

################################################################################
[1m                          Learning iteration 838/1000                           [0m 

                               Run name: original_core_920ms_fresh
                            Total steps: 694272 
                       Steps per second: 873 
                        Collection time: 2.176s 
                          Learning time: 0.169s 
                        Mean value loss: 746.4792
                    Mean surrogate loss: -0.0069
                      Mean entropy loss: -20.3219
                            Mean reward: 943.02
                    Mean episode length: 280.85
                        Mean action std: 0.10
  Episode_Reward/motion_global_root_pos: 0.0158
  Episode_Reward/motion_global_root_ori: 0.0181
         Episode_Reward/motion_body_pos: 0.0309
         Episode_Reward/motion_body_ori: 0.0312
     Episode_Reward/motion_body_lin_vel: 0.0378
     Episode_Reward/motion_body_ang_vel: 0.0354
          Episode_Reward/action_rate_l2: -0.0037
             Episode_Reward/joint_limit: -0.0006
         Episode_Reward/self_collisions: -0.0060
Episode_Reward/action_target_reference_l2: -0.0215
Episode_Reward/action_target_soft_limit_barrier: -0.0034
                   Episode_Reward/alive: 4.7829
 Episode_Reward/non_timeout_termination: -0.6538
Episode_Reward/worst_ee_z_normalized_squared: -0.0825
Episode_Reward/right_wrist_prethreshold_barrier: -0.0071
 Episode_Reward/requested_effort_excess: -0.0000
Episode_Reward/root_world_tracking_error: -0.0157
Episode_Reward/measured_joint_posture_l2: -0.0443
Episode_Reward/measured_feet_world_position_l2: -0.0360
Episode_Reward/original_task_position_l2: -0.0288
Episode_Reward/original_task_orientation_l2: -0.0224
        Metrics/motion/error_anchor_pos: 0.2293
        Metrics/motion/error_anchor_rot: 0.1624
    Metrics/motion/error_anchor_lin_vel: 0.4003
    Metrics/motion/error_anchor_ang_vel: 0.9852
          Metrics/motion/error_body_pos: 0.2392
          Metrics/motion/error_body_rot: 0.3138
         Metrics/motion/error_joint_pos: 1.0491
         Metrics/motion/error_joint_vel: 4.9520
        Metrics/motion/sampling_entropy: 0.0000
      Metrics/motion/sampling_top1_prob: 0.0000
       Metrics/motion/sampling_top1_bin: 0.0000
      Metrics/motion/error_body_lin_vel: 0.4654
      Metrics/motion/error_body_ang_vel: 1.6234
           Episode_Termination/time_out: 0.0000
         Episode_Termination/anchor_pos: 0.0000
         Episode_Termination/anchor_ori: 0.0000
        Episode_Termination/ee_body_pos: 0.2500
Episode_Termination/corpus_clip_time_out: 0.3750
Episode_Termination/invalid_native_model_actuation: 0.0000
Episode_Termination/world_root_tracking_failure: 1.0000
 Episode_Reward/world_potential_shaping: 0.0666
--------------------------------------------------------------------------------
                         Iteration time: 2.34s
                           Time elapsed: 00:15:33
                                    ETA: 00:07:23

################################################################################
[1m                          Learning iteration 839/1000                           [0m 

                               Run name: original_core_920ms_fresh
                            Total steps: 696320 
                       Steps per second: 892 
                        Collection time: 2.131s 
                          Learning time: 0.163s 
                        Mean value loss: 326.9984
                    Mean surrogate loss: -0.0110
                      Mean entropy loss: -20.3220
                            Mean reward: 921.65
                    Mean episode length: 276.65
                        Mean action std: 0.10
--------------------------------------------------------------------------------
                         Iteration time: 2.29s
                           Time elapsed: 00:15:36
                                    ETA: 00:07:20

################################################################################
[1m                          Learning iteration 840/1000                           [0m 

                               Run name: original_core_920ms_fresh
                            Total steps: 698368 
                       Steps per second: 848 
                        Collection time: 2.225s 
                          Learning time: 0.189s 
                        Mean value loss: 672.2437
                    Mean surrogate loss: -0.0103
                      Mean entropy loss: -20.3219
                            Mean reward: 1041.15
                    Mean episode length: 308.60
                        Mean action std: 0.10
  Episode_Reward/motion_global_root_pos: 0.0412
  Episode_Reward/motion_global_root_ori: 0.0438
         Episode_Reward/motion_body_pos: 0.0806
         Episode_Reward/motion_body_ori: 0.0777
     Episode_Reward/motion_body_lin_vel: 0.0941
     Episode_Reward/motion_body_ang_vel: 0.0887
          Episode_Reward/action_rate_l2: -0.0081
             Episode_Reward/joint_limit: -0.0011
         Episode_Reward/self_collisions: -0.0090
Episode_Reward/action_target_reference_l2: -0.0437
Episode_Reward/action_target_soft_limit_barrier: -0.0045
                   Episode_Reward/alive: 11.4029
 Episode_Reward/non_timeout_termination: -0.4374
Episode_Reward/worst_ee_z_normalized_squared: -0.1568
Episode_Reward/right_wrist_prethreshold_barrier: -0.0110
 Episode_Reward/requested_effort_excess: -0.0000
Episode_Reward/root_world_tracking_error: -0.0241
Episode_Reward/measured_joint_posture_l2: -0.0924
Episode_Reward/measured_feet_world_position_l2: -0.0805
Episode_Reward/original_task_position_l2: -0.0606
Episode_Reward/original_task_orientation_l2: -0.0431
        Metrics/motion/error_anchor_pos: 0.2135
        Metrics/motion/error_anchor_rot: 0.1428
    Metrics/motion/error_anchor_lin_vel: 0.2664
    Metrics/motion/error_anchor_ang_vel: 1.0645
          Metrics/motion/error_body_pos: 0.2097
          Metrics/motion/error_body_rot: 0.2325
         Metrics/motion/error_joint_pos: 0.9470
         Metrics/motion/error_joint_vel: 6.3533
        Metrics/motion/sampling_entropy: 0.0000
      Metrics/motion/sampling_top1_prob: 0.0000
       Metrics/motion/sampling_top1_bin: 0.0000
      Metrics/motion/error_body_lin_vel: 0.3984
      Metrics/motion/error_body_ang_vel: 1.7635
           Episode_Termination/time_out: 0.0000
         Episode_Termination/anchor_pos: 0.0000
         Episode_Termination/anchor_ori: 0.0000
        Episode_Termination/ee_body_pos: 0.0000
Episode_Termination/corpus_clip_time_out: 0.4286
Episode_Termination/invalid_native_model_actuation: 0.0000
Episode_Termination/world_root_tracking_failure: 0.5714
 Episode_Reward/world_potential_shaping: 0.1132
--------------------------------------------------------------------------------
                         Iteration time: 2.41s
                           Time elapsed: 00:15:38
                                    ETA: 00:07:17

################################################################################
[1m                          Learning iteration 841/1000                           [0m 

                               Run name: original_core_920ms_fresh
                            Total steps: 700416 
                       Steps per second: 810 
                        Collection time: 2.362s 
                          Learning time: 0.164s 
                        Mean value loss: 544.7176
                    Mean surrogate loss: -0.0147
                      Mean entropy loss: -20.3219
                            Mean reward: 1082.55
                    Mean episode length: 318.88
                        Mean action std: 0.10
  Episode_Reward/motion_global_root_pos: 0.0167
  Episode_Reward/motion_global_root_ori: 0.0190
         Episode_Reward/motion_body_pos: 0.0331
         Episode_Reward/motion_body_ori: 0.0323
     Episode_Reward/motion_body_lin_vel: 0.0396
     Episode_Reward/motion_body_ang_vel: 0.0365
          Episode_Reward/action_rate_l2: -0.0042
             Episode_Reward/joint_limit: -0.0008
         Episode_Reward/self_collisions: -0.0162
Episode_Reward/action_target_reference_l2: -0.0260
Episode_Reward/action_target_soft_limit_barrier: -0.0038
                   Episode_Reward/alive: 5.0919
 Episode_Reward/non_timeout_termination: -0.7371
Episode_Reward/worst_ee_z_normalized_squared: -0.0876
Episode_Reward/right_wrist_prethreshold_barrier: -0.0115
 Episode_Reward/requested_effort_excess: -0.0000
Episode_Reward/root_world_tracking_error: -0.0180
Episode_Reward/measured_joint_posture_l2: -0.0631
Episode_Reward/measured_feet_world_position_l2: -0.0389
Episode_Reward/original_task_position_l2: -0.0321
Episode_Reward/original_task_orientation_l2: -0.0267
        Metrics/motion/error_anchor_pos: 0.2759
        Metrics/motion/error_anchor_rot: 0.2009
    Metrics/motion/error_anchor_lin_vel: 0.5325
    Metrics/motion/error_anchor_ang_vel: 1.1879
          Metrics/motion/error_body_pos: 0.2847
          Metrics/motion/error_body_rot: 0.3370
         Metrics/motion/error_joint_pos: 1.1944
         Metrics/motion/error_joint_vel: 6.0651
        Metrics/motion/sampling_entropy: 0.0000
      Metrics/motion/sampling_top1_prob: 0.0000
       Metrics/motion/sampling_top1_bin: 0.0000
      Metrics/motion/error_body_lin_vel: 0.5788
      Metrics/motion/error_body_ang_vel: 1.8343
           Episode_Termination/time_out: 0.0000
         Episode_Termination/anchor_pos: 0.0000
         Episode_Termination/anchor_ori: 0.0000
        Episode_Termination/ee_body_pos: 0.1111
Episode_Termination/corpus_clip_time_out: 0.1111
Episode_Termination/invalid_native_model_actuation: 0.0000
Episode_Termination/world_root_tracking_failure: 1.1111
 Episode_Reward/world_potential_shaping: 0.0693
--------------------------------------------------------------------------------
                         Iteration time: 2.53s
                           Time elapsed: 00:15:41
                                    ETA: 00:07:14

################################################################################
[1m                          Learning iteration 842/1000                           [0m 

                               Run name: original_core_920ms_fresh
                            Total steps: 702464 
                       Steps per second: 868 
                        Collection time: 2.176s 
                          Learning time: 0.182s 
                        Mean value loss: 823.4384
                    Mean surrogate loss: -0.0094
                      Mean entropy loss: -20.3219
                            Mean reward: 1134.14
                    Mean episode length: 331.93
                        Mean action std: 0.10
  Episode_Reward/motion_global_root_pos: 0.0252
  Episode_Reward/motion_global_root_ori: 0.0272
         Episode_Reward/motion_body_pos: 0.0498
         Episode_Reward/motion_body_ori: 0.0477
     Episode_Reward/motion_body_lin_vel: 0.0571
     Episode_Reward/motion_body_ang_vel: 0.0528
          Episode_Reward/action_rate_l2: -0.0053
             Episode_Reward/joint_limit: -0.0016
         Episode_Reward/self_collisions: -0.0130
Episode_Reward/action_target_reference_l2: -0.0323
Episode_Reward/action_target_soft_limit_barrier: -0.0047
                   Episode_Reward/alive: 7.0915
 Episode_Reward/non_timeout_termination: -0.7655
Episode_Reward/worst_ee_z_normalized_squared: -0.1251
Episode_Reward/right_wrist_prethreshold_barrier: -0.0085
 Episode_Reward/requested_effort_excess: -0.0000
Episode_Reward/root_world_tracking_error: -0.0173
Episode_Reward/measured_joint_posture_l2: -0.0657
Episode_Reward/measured_feet_world_position_l2: -0.0475
Episode_Reward/original_task_position_l2: -0.0396
Episode_Reward/original_task_orientation_l2: -0.0314
        Metrics/motion/error_anchor_pos: 0.2932
        Metrics/motion/error_anchor_rot: 0.2179
    Metrics/motion/error_anchor_lin_vel: 0.4413
    Metrics/motion/error_anchor_ang_vel: 1.2999
          Metrics/motion/error_body_pos: 0.2968
          Metrics/motion/error_body_rot: 0.3959
         Metrics/motion/error_joint_pos: 1.3231
         Metrics/motion/error_joint_vel: 6.0631
        Metrics/motion/sampling_entropy: 0.0000
      Metrics/motion/sampling_top1_prob: 0.0000
       Metrics/motion/sampling_top1_bin: 0.0000
      Metrics/motion/error_body_lin_vel: 0.5152
      Metrics/motion/error_body_ang_vel: 1.6399
           Episode_Termination/time_out: 0.0000
         Episode_Termination/anchor_pos: 0.0000
         Episode_Termination/anchor_ori: 0.0000
        Episode_Termination/ee_body_pos: 0.0000
Episode_Termination/corpus_clip_time_out: 0.0000
Episode_Termination/invalid_native_model_actuation: 0.0000
Episode_Termination/world_root_tracking_failure: 1.1250
 Episode_Reward/world_potential_shaping: 0.0787
--------------------------------------------------------------------------------
                         Iteration time: 2.36s
                           Time elapsed: 00:15:43
                                    ETA: 00:07:11

################################################################################
[1m                          Learning iteration 843/1000                           [0m 

                               Run name: original_core_920ms_fresh
                            Total steps: 704512 
                       Steps per second: 880 
                        Collection time: 2.164s 
                          Learning time: 0.163s 
                        Mean value loss: 512.1364
                    Mean surrogate loss: -0.0147
                      Mean entropy loss: -20.3219
                            Mean reward: 1056.77
                    Mean episode length: 314.68
                        Mean action std: 0.10
--------------------------------------------------------------------------------
                         Iteration time: 2.33s
                           Time elapsed: 00:15:45
                                    ETA: 00:07:08

################################################################################
[1m                          Learning iteration 844/1000                           [0m 

                               Run name: original_core_920ms_fresh
                            Total steps: 706560 
                       Steps per second: 750 
                        Collection time: 2.564s 
                          Learning time: 0.166s 
                        Mean value loss: 457.6557
                    Mean surrogate loss: -0.0164
                      Mean entropy loss: -20.3219
                            Mean reward: 1026.80
                    Mean episode length: 306.72
                        Mean action std: 0.10
  Episode_Reward/motion_global_root_pos: 0.0042
  Episode_Reward/motion_global_root_ori: 0.0046
         Episode_Reward/motion_body_pos: 0.0082
         Episode_Reward/motion_body_ori: 0.0068
     Episode_Reward/motion_body_lin_vel: 0.0080
     Episode_Reward/motion_body_ang_vel: 0.0077
          Episode_Reward/action_rate_l2: -0.0014
             Episode_Reward/joint_limit: -0.0001
         Episode_Reward/self_collisions: 0.0000
Episode_Reward/action_target_reference_l2: -0.0080
Episode_Reward/action_target_soft_limit_barrier: -0.0017
                   Episode_Reward/alive: 1.3203
 Episode_Reward/non_timeout_termination: -0.7655
Episode_Reward/worst_ee_z_normalized_squared: -0.0186
Episode_Reward/right_wrist_prethreshold_barrier: 0.0000
 Episode_Reward/requested_effort_excess: -0.0000
Episode_Reward/root_world_tracking_error: -0.0094
Episode_Reward/measured_joint_posture_l2: -0.0269
Episode_Reward/measured_feet_world_position_l2: -0.0102
Episode_Reward/original_task_position_l2: -0.0087
Episode_Reward/original_task_orientation_l2: -0.0068
        Metrics/motion/error_anchor_pos: 0.2887
        Metrics/motion/error_anchor_rot: 0.1709
    Metrics/motion/error_anchor_lin_vel: 0.6392
    Metrics/motion/error_anchor_ang_vel: 1.2664
          Metrics/motion/error_body_pos: 0.2967
          Metrics/motion/error_body_rot: 0.3195
         Metrics/motion/error_joint_pos: 1.0565
         Metrics/motion/error_joint_vel: 6.7834
        Metrics/motion/sampling_entropy: 0.0000
      Metrics/motion/sampling_top1_prob: 0.0000
       Metrics/motion/sampling_top1_bin: 0.0000
      Metrics/motion/error_body_lin_vel: 0.6522
      Metrics/motion/error_body_ang_vel: 2.1944
           Episode_Termination/time_out: 0.0000
         Episode_Termination/anchor_pos: 0.0000
         Episode_Termination/anchor_ori: 0.0000
        Episode_Termination/ee_body_pos: 0.0000
Episode_Termination/corpus_clip_time_out: 0.0000
Episode_Termination/invalid_native_model_actuation: 0.0000
Episode_Termination/world_root_tracking_failure: 1.0000
 Episode_Reward/world_potential_shaping: 0.0296
--------------------------------------------------------------------------------
                         Iteration time: 2.73s
                           Time elapsed: 00:15:48
                                    ETA: 00:07:06

################################################################################
[1m                          Learning iteration 845/1000                           [0m 

                               Run name: original_core_920ms_fresh
                            Total steps: 708608 
                       Steps per second: 859 
                        Collection time: 2.211s 
                          Learning time: 0.173s 
                        Mean value loss: 355.3170
                    Mean surrogate loss: -0.0132
                      Mean entropy loss: -20.3219
                            Mean reward: 1168.92
                    Mean episode length: 344.21
                        Mean action std: 0.10
--------------------------------------------------------------------------------
                         Iteration time: 2.38s
                           Time elapsed: 00:15:50
                                    ETA: 00:07:03

################################################################################
[1m                          Learning iteration 846/1000                           [0m 

                               Run name: original_core_920ms_fresh
                            Total steps: 710656 
                       Steps per second: 797 
                        Collection time: 2.377s 
                          Learning time: 0.191s 
                        Mean value loss: 419.4785
                    Mean surrogate loss: -0.0142
                      Mean entropy loss: -20.3219
                            Mean reward: 1241.87
                    Mean episode length: 362.10
                        Mean action std: 0.10
  Episode_Reward/motion_global_root_pos: 0.0194
  Episode_Reward/motion_global_root_ori: 0.0200
         Episode_Reward/motion_body_pos: 0.0389
         Episode_Reward/motion_body_ori: 0.0316
     Episode_Reward/motion_body_lin_vel: 0.0415
     Episode_Reward/motion_body_ang_vel: 0.0384
          Episode_Reward/action_rate_l2: -0.0043
             Episode_Reward/joint_limit: -0.0021
         Episode_Reward/self_collisions: -0.0081
Episode_Reward/action_target_reference_l2: -0.0294
Episode_Reward/action_target_soft_limit_barrier: -0.0051
                   Episode_Reward/alive: 5.3234
 Episode_Reward/non_timeout_termination: -0.7655
Episode_Reward/worst_ee_z_normalized_squared: -0.1113
Episode_Reward/right_wrist_prethreshold_barrier: -0.0214
 Episode_Reward/requested_effort_excess: -0.0000
Episode_Reward/root_world_tracking_error: -0.0140
Episode_Reward/measured_joint_posture_l2: -0.0768
Episode_Reward/measured_feet_world_position_l2: -0.0359
Episode_Reward/original_task_position_l2: -0.0304
Episode_Reward/original_task_orientation_l2: -0.0281
        Metrics/motion/error_anchor_pos: 0.2824
        Metrics/motion/error_anchor_rot: 0.2091
    Metrics/motion/error_anchor_lin_vel: 0.6240
    Metrics/motion/error_anchor_ang_vel: 1.1240
          Metrics/motion/error_body_pos: 0.2810
          Metrics/motion/error_body_rot: 0.4333
         Metrics/motion/error_joint_pos: 1.4698
         Metrics/motion/error_joint_vel: 6.4787
        Metrics/motion/sampling_entropy: 0.0000
      Metrics/motion/sampling_top1_prob: 0.0000
       Metrics/motion/sampling_top1_bin: 0.0000
      Metrics/motion/error_body_lin_vel: 0.6773
      Metrics/motion/error_body_ang_vel: 1.9672
           Episode_Termination/time_out: 0.0000
         Episode_Termination/anchor_pos: 0.0000
         Episode_Termination/anchor_ori: 0.0000
        Episode_Termination/ee_body_pos: 0.1667
Episode_Termination/corpus_clip_time_out: 0.0000
Episode_Termination/invalid_native_model_actuation: 0.0000
Episode_Termination/world_root_tracking_failure: 1.1667
 Episode_Reward/world_potential_shaping: 0.0630
--------------------------------------------------------------------------------
                         Iteration time: 2.57s
                           Time elapsed: 00:15:53
                                    ETA: 00:07:00

################################################################################
[1m                          Learning iteration 847/1000                           [0m 

                               Run name: original_core_920ms_fresh
                            Total steps: 712704 
                       Steps per second: 845 
                        Collection time: 2.258s 
                          Learning time: 0.165s 
                        Mean value loss: 500.9479
                    Mean surrogate loss: -0.0091
                      Mean entropy loss: -20.3219
                            Mean reward: 1196.62
                    Mean episode length: 350.20
                        Mean action std: 0.10
  Episode_Reward/motion_global_root_pos: 0.0105
  Episode_Reward/motion_global_root_ori: 0.0111
         Episode_Reward/motion_body_pos: 0.0206
         Episode_Reward/motion_body_ori: 0.0177
     Episode_Reward/motion_body_lin_vel: 0.0218
     Episode_Reward/motion_body_ang_vel: 0.0195
          Episode_Reward/action_rate_l2: -0.0026
             Episode_Reward/joint_limit: -0.0006
         Episode_Reward/self_collisions: -0.0035
Episode_Reward/action_target_reference_l2: -0.0165
Episode_Reward/action_target_soft_limit_barrier: -0.0032
                   Episode_Reward/alive: 2.9856
 Episode_Reward/non_timeout_termination: -0.7655
Episode_Reward/worst_ee_z_normalized_squared: -0.0433
Episode_Reward/right_wrist_prethreshold_barrier: -0.0050
 Episode_Reward/requested_effort_excess: -0.0000
Episode_Reward/root_world_tracking_error: -0.0107
Episode_Reward/measured_joint_posture_l2: -0.0378
Episode_Reward/measured_feet_world_position_l2: -0.0220
Episode_Reward/original_task_position_l2: -0.0185
Episode_Reward/original_task_orientation_l2: -0.0172
        Metrics/motion/error_anchor_pos: 0.2874
        Metrics/motion/error_anchor_rot: 0.1998
    Metrics/motion/error_anchor_lin_vel: 0.4934
    Metrics/motion/error_anchor_ang_vel: 0.9970
          Metrics/motion/error_body_pos: 0.2958
          Metrics/motion/error_body_rot: 0.3514
         Metrics/motion/error_joint_pos: 1.0810
         Metrics/motion/error_joint_vel: 6.1760
        Metrics/motion/sampling_entropy: 0.0000
      Metrics/motion/sampling_top1_prob: 0.0000
       Metrics/motion/sampling_top1_bin: 0.0000
      Metrics/motion/error_body_lin_vel: 0.5611
      Metrics/motion/error_body_ang_vel: 1.8358
           Episode_Termination/time_out: 0.0000
         Episode_Termination/anchor_pos: 0.0000
         Episode_Termination/anchor_ori: 0.0000
        Episode_Termination/ee_body_pos: 0.0000
Episode_Termination/corpus_clip_time_out: 0.0000
Episode_Termination/invalid_native_model_actuation: 0.0000
Episode_Termination/world_root_tracking_failure: 1.1429
 Episode_Reward/world_potential_shaping: 0.0449
--------------------------------------------------------------------------------
                         Iteration time: 2.42s
                           Time elapsed: 00:15:55
                                    ETA: 00:06:57

################################################################################
[1m                          Learning iteration 848/1000                           [0m 

                               Run name: original_core_920ms_fresh
                            Total steps: 714752 
                       Steps per second: 872 
                        Collection time: 2.187s 
                          Learning time: 0.161s 
                        Mean value loss: 1405.9201
                    Mean surrogate loss: -0.0111
                      Mean entropy loss: -20.3219
                            Mean reward: 1179.92
                    Mean episode length: 343.78
                        Mean action std: 0.10
--------------------------------------------------------------------------------
                         Iteration time: 2.35s
                           Time elapsed: 00:15:58
                                    ETA: 00:06:54

################################################################################
[1m                          Learning iteration 849/1000                           [0m 

                               Run name: original_core_920ms_fresh
                            Total steps: 716800 
                       Steps per second: 894 
                        Collection time: 2.127s 
                          Learning time: 0.162s 
                        Mean value loss: 378.5057
                    Mean surrogate loss: -0.0149
                      Mean entropy loss: -20.3219
                            Mean reward: 1160.66
                    Mean episode length: 339.77
                        Mean action std: 0.10
--------------------------------------------------------------------------------
                         Iteration time: 2.29s
                           Time elapsed: 00:16:00
                                    ETA: 00:06:51

################################################################################
[1m                          Learning iteration 850/1000                           [0m 

                               Run name: original_core_920ms_fresh
                            Total steps: 718848 
                       Steps per second: 911 
                        Collection time: 2.077s 
                          Learning time: 0.169s 
                        Mean value loss: 522.9036
                    Mean surrogate loss: -0.0053
                      Mean entropy loss: -20.3219
                            Mean reward: 1159.00
                    Mean episode length: 338.75
                        Mean action std: 0.10
  Episode_Reward/motion_global_root_pos: 0.0252
  Episode_Reward/motion_global_root_ori: 0.0261
         Episode_Reward/motion_body_pos: 0.0505
         Episode_Reward/motion_body_ori: 0.0459
     Episode_Reward/motion_body_lin_vel: 0.0557
     Episode_Reward/motion_body_ang_vel: 0.0525
          Episode_Reward/action_rate_l2: -0.0050
             Episode_Reward/joint_limit: -0.0017
         Episode_Reward/self_collisions: -0.0221
Episode_Reward/action_target_reference_l2: -0.0289
Episode_Reward/action_target_soft_limit_barrier: -0.0046
                   Episode_Reward/alive: 6.8547
 Episode_Reward/non_timeout_termination: -0.7655
Episode_Reward/worst_ee_z_normalized_squared: -0.1014
Episode_Reward/right_wrist_prethreshold_barrier: -0.0042
 Episode_Reward/requested_effort_excess: 0.0000
Episode_Reward/root_world_tracking_error: -0.0146
Episode_Reward/measured_joint_posture_l2: -0.0565
Episode_Reward/measured_feet_world_position_l2: -0.0473
Episode_Reward/original_task_position_l2: -0.0334
Episode_Reward/original_task_orientation_l2: -0.0293
        Metrics/motion/error_anchor_pos: 0.2590
        Metrics/motion/error_anchor_rot: 0.2029
    Metrics/motion/error_anchor_lin_vel: 0.4438
    Metrics/motion/error_anchor_ang_vel: 1.4076
          Metrics/motion/error_body_pos: 0.2684
          Metrics/motion/error_body_rot: 0.3874
         Metrics/motion/error_joint_pos: 1.0948
         Metrics/motion/error_joint_vel: 6.0599
        Metrics/motion/sampling_entropy: 0.0000
      Metrics/motion/sampling_top1_prob: 0.0000
       Metrics/motion/sampling_top1_bin: 0.0000
      Metrics/motion/error_body_lin_vel: 0.5424
      Metrics/motion/error_body_ang_vel: 1.8794
           Episode_Termination/time_out: 0.0000
         Episode_Termination/anchor_pos: 0.0000
         Episode_Termination/anchor_ori: 0.0000
        Episode_Termination/ee_body_pos: 0.3333
Episode_Termination/corpus_clip_time_out: 0.0000
Episode_Termination/invalid_native_model_actuation: 0.0000
Episode_Termination/world_root_tracking_failure: 1.0000
 Episode_Reward/world_potential_shaping: 0.0700
--------------------------------------------------------------------------------
                         Iteration time: 2.25s
                           Time elapsed: 00:16:02
                                    ETA: 00:06:48

################################################################################
[1m                          Learning iteration 851/1000                           [0m 

                               Run name: original_core_920ms_fresh
                            Total steps: 720896 
                       Steps per second: 373 
                        Collection time: 5.321s 
                          Learning time: 0.163s 
                        Mean value loss: 308.9162
                    Mean surrogate loss: -0.0119
                      Mean entropy loss: -20.3219
                            Mean reward: 1195.76
                    Mean episode length: 349.33
                        Mean action std: 0.10
--------------------------------------------------------------------------------
                         Iteration time: 5.48s
                           Time elapsed: 00:16:08
                                    ETA: 00:06:47

################################################################################
[1m                          Learning iteration 852/1000                           [0m 

                               Run name: original_core_920ms_fresh
                            Total steps: 722944 
                       Steps per second: 818 
                        Collection time: 2.339s 
                          Learning time: 0.161s 
                        Mean value loss: 342.1694
                    Mean surrogate loss: -0.0134
                      Mean entropy loss: -20.3219
                            Mean reward: 1155.06
                    Mean episode length: 336.48
                        Mean action std: 0.10
  Episode_Reward/motion_global_root_pos: 0.0032
  Episode_Reward/motion_global_root_ori: 0.0036
         Episode_Reward/motion_body_pos: 0.0065
         Episode_Reward/motion_body_ori: 0.0055
     Episode_Reward/motion_body_lin_vel: 0.0060
     Episode_Reward/motion_body_ang_vel: 0.0059
          Episode_Reward/action_rate_l2: -0.0010
             Episode_Reward/joint_limit: 0.0000
         Episode_Reward/self_collisions: 0.0000
Episode_Reward/action_target_reference_l2: -0.0055
Episode_Reward/action_target_soft_limit_barrier: -0.0015
                   Episode_Reward/alive: 0.9767
 Episode_Reward/non_timeout_termination: -0.7655
Episode_Reward/worst_ee_z_normalized_squared: -0.0166
Episode_Reward/right_wrist_prethreshold_barrier: 0.0000
 Episode_Reward/requested_effort_excess: 0.0000
Episode_Reward/root_world_tracking_error: -0.0068
Episode_Reward/measured_joint_posture_l2: -0.0183
Episode_Reward/measured_feet_world_position_l2: -0.0070
Episode_Reward/original_task_position_l2: -0.0062
Episode_Reward/original_task_orientation_l2: -0.0056
        Metrics/motion/error_anchor_pos: 0.2865
        Metrics/motion/error_anchor_rot: 0.1283
    Metrics/motion/error_anchor_lin_vel: 0.5889
    Metrics/motion/error_anchor_ang_vel: 0.6163
          Metrics/motion/error_body_pos: 0.2837
          Metrics/motion/error_body_rot: 0.3030
         Metrics/motion/error_joint_pos: 1.0281
         Metrics/motion/error_joint_vel: 4.4372
        Metrics/motion/sampling_entropy: 0.0000
      Metrics/motion/sampling_top1_prob: 0.0000
       Metrics/motion/sampling_top1_bin: 0.0000
      Metrics/motion/error_body_lin_vel: 0.5955
      Metrics/motion/error_body_ang_vel: 1.1932
           Episode_Termination/time_out: 0.0000
         Episode_Termination/anchor_pos: 0.0000
         Episode_Termination/anchor_ori: 0.0000
        Episode_Termination/ee_body_pos: 0.0000
Episode_Termination/corpus_clip_time_out: 0.0000
Episode_Termination/invalid_native_model_actuation: 0.0000
Episode_Termination/world_root_tracking_failure: 1.0000
 Episode_Reward/world_potential_shaping: 0.0211
--------------------------------------------------------------------------------
                         Iteration time: 2.50s
                           Time elapsed: 00:16:10
                                    ETA: 00:06:44

################################################################################
[1m                          Learning iteration 853/1000                           [0m 

                               Run name: original_core_920ms_fresh
                            Total steps: 724992 
                       Steps per second: 856 
                        Collection time: 2.228s 
                          Learning time: 0.163s 
                        Mean value loss: 341.5769
                    Mean surrogate loss: -0.0136
                      Mean entropy loss: -20.3219
                            Mean reward: 1216.90
                    Mean episode length: 352.42
                        Mean action std: 0.10
--------------------------------------------------------------------------------
                         Iteration time: 2.39s
                           Time elapsed: 00:16:13
                                    ETA: 00:06:41

################################################################################
[1m                          Learning iteration 854/1000                           [0m 

                               Run name: original_core_920ms_fresh
                            Total steps: 727040 
                       Steps per second: 885 
                        Collection time: 2.112s 
                          Learning time: 0.200s 
                        Mean value loss: 225.6727
                    Mean surrogate loss: -0.0140
                      Mean entropy loss: -20.3219
                            Mean reward: 1071.27
                    Mean episode length: 315.53
                        Mean action std: 0.10
  Episode_Reward/motion_global_root_pos: 0.0163
  Episode_Reward/motion_global_root_ori: 0.0177
         Episode_Reward/motion_body_pos: 0.0308
         Episode_Reward/motion_body_ori: 0.0311
     Episode_Reward/motion_body_lin_vel: 0.0377
     Episode_Reward/motion_body_ang_vel: 0.0353
          Episode_Reward/action_rate_l2: -0.0035
             Episode_Reward/joint_limit: -0.0002
         Episode_Reward/self_collisions: -0.0057
Episode_Reward/action_target_reference_l2: -0.0185
Episode_Reward/action_target_soft_limit_barrier: -0.0029
                   Episode_Reward/alive: 4.7155
 Episode_Reward/non_timeout_termination: -0.6561
Episode_Reward/worst_ee_z_normalized_squared: -0.0507
Episode_Reward/right_wrist_prethreshold_barrier: -0.0019
 Episode_Reward/requested_effort_excess: -0.0000
Episode_Reward/root_world_tracking_error: -0.0132
Episode_Reward/measured_joint_posture_l2: -0.0434
Episode_Reward/measured_feet_world_position_l2: -0.0367
Episode_Reward/original_task_position_l2: -0.0293
Episode_Reward/original_task_orientation_l2: -0.0208
        Metrics/motion/error_anchor_pos: 0.2644
        Metrics/motion/error_anchor_rot: 0.2062
    Metrics/motion/error_anchor_lin_vel: 0.4940
    Metrics/motion/error_anchor_ang_vel: 1.0425
          Metrics/motion/error_body_pos: 0.2745
          Metrics/motion/error_body_rot: 0.3464
         Metrics/motion/error_joint_pos: 1.1511
         Metrics/motion/error_joint_vel: 5.4095
        Metrics/motion/sampling_entropy: 0.0000
      Metrics/motion/sampling_top1_prob: 0.0000
       Metrics/motion/sampling_top1_bin: 0.0000
      Metrics/motion/error_body_lin_vel: 0.5517
      Metrics/motion/error_body_ang_vel: 1.5653
           Episode_Termination/time_out: 0.0000
         Episode_Termination/anchor_pos: 0.0000
         Episode_Termination/anchor_ori: 0.0000
        Episode_Termination/ee_body_pos: 0.0000
Episode_Termination/corpus_clip_time_out: 0.1429
Episode_Termination/invalid_native_model_actuation: 0.0000
Episode_Termination/world_root_tracking_failure: 1.1429
 Episode_Reward/world_potential_shaping: 0.0633
--------------------------------------------------------------------------------
                         Iteration time: 2.31s
                           Time elapsed: 00:16:15
                                    ETA: 00:06:38

################################################################################
[1m                          Learning iteration 855/1000                           [0m 

                               Run name: original_core_920ms_fresh
                            Total steps: 729088 
                       Steps per second: 867 
                        Collection time: 2.189s 
                          Learning time: 0.171s 
                        Mean value loss: 480.0543
                    Mean surrogate loss: -0.0120
                      Mean entropy loss: -20.3219
                            Mean reward: 1100.60
                    Mean episode length: 324.88
                        Mean action std: 0.10
--------------------------------------------------------------------------------
                         Iteration time: 2.36s
                           Time elapsed: 00:16:17
                                    ETA: 00:06:35

################################################################################
[1m                          Learning iteration 856/1000                           [0m 

                               Run name: original_core_920ms_fresh
                            Total steps: 731136 
                       Steps per second: 908 
                        Collection time: 2.088s 
                          Learning time: 0.165s 
                        Mean value loss: 347.2816
                    Mean surrogate loss: -0.0138
                      Mean entropy loss: -20.3219
                            Mean reward: 1028.94
                    Mean episode length: 305.32
                        Mean action std: 0.10
--------------------------------------------------------------------------------
                         Iteration time: 2.25s
                           Time elapsed: 00:16:20
                                    ETA: 00:06:32

################################################################################
[1m                          Learning iteration 857/1000                           [0m 

                               Run name: original_core_920ms_fresh
                            Total steps: 733184 
                       Steps per second: 851 
                        Collection time: 2.240s 
                          Learning time: 0.165s 
                        Mean value loss: 790.8109
                    Mean surrogate loss: -0.0065
                      Mean entropy loss: -20.3219
                            Mean reward: 1058.32
                    Mean episode length: 313.26
                        Mean action std: 0.10
--------------------------------------------------------------------------------
                         Iteration time: 2.40s
                           Time elapsed: 00:16:22
                                    ETA: 00:06:29

################################################################################
[1m                          Learning iteration 858/1000                           [0m 

                               Run name: original_core_920ms_fresh
                            Total steps: 735232 
                       Steps per second: 843 
                        Collection time: 2.253s 
                          Learning time: 0.175s 
                        Mean value loss: 739.3198
                    Mean surrogate loss: -0.0048
                      Mean entropy loss: -20.3219
                            Mean reward: 1060.76
                    Mean episode length: 313.24
                        Mean action std: 0.10
  Episode_Reward/motion_global_root_pos: 0.0119
  Episode_Reward/motion_global_root_ori: 0.0137
         Episode_Reward/motion_body_pos: 0.0231
         Episode_Reward/motion_body_ori: 0.0208
     Episode_Reward/motion_body_lin_vel: 0.0288
     Episode_Reward/motion_body_ang_vel: 0.0278
          Episode_Reward/action_rate_l2: -0.0026
             Episode_Reward/joint_limit: -0.0011
         Episode_Reward/self_collisions: -0.0156
Episode_Reward/action_target_reference_l2: -0.0168
Episode_Reward/action_target_soft_limit_barrier: -0.0029
                   Episode_Reward/alive: 3.5674
 Episode_Reward/non_timeout_termination: -0.6124
Episode_Reward/worst_ee_z_normalized_squared: -0.0543
Episode_Reward/right_wrist_prethreshold_barrier: -0.0134
 Episode_Reward/requested_effort_excess: 0.0000
Episode_Reward/root_world_tracking_error: -0.0111
Episode_Reward/measured_joint_posture_l2: -0.0484
Episode_Reward/measured_feet_world_position_l2: -0.0266
Episode_Reward/original_task_position_l2: -0.0226
Episode_Reward/original_task_orientation_l2: -0.0190
        Metrics/motion/error_anchor_pos: 0.2326
        Metrics/motion/error_anchor_rot: 0.1402
    Metrics/motion/error_anchor_lin_vel: 0.3492
    Metrics/motion/error_anchor_ang_vel: 1.1799
          Metrics/motion/error_body_pos: 0.2353
          Metrics/motion/error_body_rot: 0.3134
         Metrics/motion/error_joint_pos: 0.9886
         Metrics/motion/error_joint_vel: 5.3150
        Metrics/motion/sampling_entropy: 0.0000
      Metrics/motion/sampling_top1_prob: 0.0000
       Metrics/motion/sampling_top1_bin: 0.0000
      Metrics/motion/error_body_lin_vel: 0.3617
      Metrics/motion/error_body_ang_vel: 1.6360
           Episode_Termination/time_out: 0.0000
         Episode_Termination/anchor_pos: 0.0000
         Episode_Termination/anchor_ori: 0.0000
        Episode_Termination/ee_body_pos: 0.2000
Episode_Termination/corpus_clip_time_out: 0.2000
Episode_Termination/invalid_native_model_actuation: 0.0000
Episode_Termination/world_root_tracking_failure: 0.8000
 Episode_Reward/world_potential_shaping: 0.0481
--------------------------------------------------------------------------------
                         Iteration time: 2.43s
                           Time elapsed: 00:16:24
                                    ETA: 00:06:26

################################################################################
[1m                          Learning iteration 859/1000                           [0m 

                               Run name: original_core_920ms_fresh
                            Total steps: 737280 
                       Steps per second: 864 
                        Collection time: 2.198s 
                          Learning time: 0.170s 
                        Mean value loss: 761.8156
                    Mean surrogate loss: -0.0106
                      Mean entropy loss: -20.3219
                            Mean reward: 1082.90
                    Mean episode length: 320.02
                        Mean action std: 0.10
--------------------------------------------------------------------------------
                         Iteration time: 2.37s
                           Time elapsed: 00:16:27
                                    ETA: 00:06:23

################################################################################
[1m                          Learning iteration 860/1000                           [0m 

                               Run name: original_core_920ms_fresh
                            Total steps: 739328 
                       Steps per second: 905 
                        Collection time: 2.089s 
                          Learning time: 0.172s 
                        Mean value loss: 908.7397
                    Mean surrogate loss: -0.0051
                      Mean entropy loss: -20.3219
                            Mean reward: 1047.71
                    Mean episode length: 312.17
                        Mean action std: 0.10
  Episode_Reward/motion_global_root_pos: 0.0202
  Episode_Reward/motion_global_root_ori: 0.0242
         Episode_Reward/motion_body_pos: 0.0389
         Episode_Reward/motion_body_ori: 0.0412
     Episode_Reward/motion_body_lin_vel: 0.0507
     Episode_Reward/motion_body_ang_vel: 0.0484
          Episode_Reward/action_rate_l2: -0.0045
             Episode_Reward/joint_limit: -0.0002
         Episode_Reward/self_collisions: -0.0174
Episode_Reward/action_target_reference_l2: -0.0273
Episode_Reward/action_target_soft_limit_barrier: -0.0047
                   Episode_Reward/alive: 6.2156
 Episode_Reward/non_timeout_termination: -0.5741
Episode_Reward/worst_ee_z_normalized_squared: -0.0771
Episode_Reward/right_wrist_prethreshold_barrier: -0.0147
 Episode_Reward/requested_effort_excess: -0.0000
Episode_Reward/root_world_tracking_error: -0.0198
Episode_Reward/measured_joint_posture_l2: -0.0652
Episode_Reward/measured_feet_world_position_l2: -0.0463
Episode_Reward/original_task_position_l2: -0.0377
Episode_Reward/original_task_orientation_l2: -0.0294
        Metrics/motion/error_anchor_pos: 0.1664
        Metrics/motion/error_anchor_rot: 0.1295
    Metrics/motion/error_anchor_lin_vel: 0.2662
    Metrics/motion/error_anchor_ang_vel: 0.5260
          Metrics/motion/error_body_pos: 0.1813
          Metrics/motion/error_body_rot: 0.2732
         Metrics/motion/error_joint_pos: 0.8664
         Metrics/motion/error_joint_vel: 5.1430
        Metrics/motion/sampling_entropy: 0.0000
      Metrics/motion/sampling_top1_prob: 0.0000
       Metrics/motion/sampling_top1_bin: 0.0000
      Metrics/motion/error_body_lin_vel: 0.3230
      Metrics/motion/error_body_ang_vel: 1.4584
           Episode_Termination/time_out: 0.0000
         Episode_Termination/anchor_pos: 0.0000
         Episode_Termination/anchor_ori: 0.0000
        Episode_Termination/ee_body_pos: 0.5000
Episode_Termination/corpus_clip_time_out: 0.2500
Episode_Termination/invalid_native_model_actuation: 0.0000
Episode_Termination/world_root_tracking_failure: 0.5000
 Episode_Reward/world_potential_shaping: 0.0757
--------------------------------------------------------------------------------
                         Iteration time: 2.26s
                           Time elapsed: 00:16:29
                                    ETA: 00:06:21

################################################################################
[1m                          Learning iteration 861/1000                           [0m 

                               Run name: original_core_920ms_fresh
                            Total steps: 741376 
                       Steps per second: 823 
                        Collection time: 2.307s 
                          Learning time: 0.181s 
                        Mean value loss: 378.4243
                    Mean surrogate loss: -0.0102
                      Mean entropy loss: -20.3219
                            Mean reward: 1022.64
                    Mean episode length: 303.57
                        Mean action std: 0.10
--------------------------------------------------------------------------------
                         Iteration time: 2.49s
                           Time elapsed: 00:16:32
                                    ETA: 00:06:18

################################################################################
[1m                          Learning iteration 862/1000                           [0m 

                               Run name: original_core_920ms_fresh
                            Total steps: 743424 
                       Steps per second: 900 
                        Collection time: 2.111s 
                          Learning time: 0.164s 
                        Mean value loss: 329.6437
                    Mean surrogate loss: -0.0078
                      Mean entropy loss: -20.3219
                            Mean reward: 1020.48
                    Mean episode length: 302.55
                        Mean action std: 0.10
--------------------------------------------------------------------------------
                         Iteration time: 2.28s
                           Time elapsed: 00:16:34
                                    ETA: 00:06:15

################################################################################
[1m                          Learning iteration 863/1000                           [0m 

                               Run name: original_core_920ms_fresh
                            Total steps: 745472 
                       Steps per second: 903 
                        Collection time: 2.102s 
                          Learning time: 0.164s 
                        Mean value loss: 448.9418
                    Mean surrogate loss: -0.0077
                      Mean entropy loss: -20.3219
                            Mean reward: 1017.73
                    Mean episode length: 304.39
                        Mean action std: 0.10
--------------------------------------------------------------------------------
                         Iteration time: 2.27s
                           Time elapsed: 00:16:36
                                    ETA: 00:06:12

################################################################################
[1m                          Learning iteration 864/1000                           [0m 

                               Run name: original_core_920ms_fresh
                            Total steps: 747520 
                       Steps per second: 380 
                        Collection time: 5.216s 
                          Learning time: 0.173s 
                        Mean value loss: 499.1775
                    Mean surrogate loss: -0.0068
                      Mean entropy loss: -20.3219
                            Mean reward: 1031.60
                    Mean episode length: 307.59
                        Mean action std: 0.10
  Episode_Reward/motion_global_root_pos: 0.0163
  Episode_Reward/motion_global_root_ori: 0.0173
         Episode_Reward/motion_body_pos: 0.0320
         Episode_Reward/motion_body_ori: 0.0291
     Episode_Reward/motion_body_lin_vel: 0.0362
     Episode_Reward/motion_body_ang_vel: 0.0339
          Episode_Reward/action_rate_l2: -0.0036
             Episode_Reward/joint_limit: -0.0003
         Episode_Reward/self_collisions: -0.0144
Episode_Reward/action_target_reference_l2: -0.0199
Episode_Reward/action_target_soft_limit_barrier: -0.0036
                   Episode_Reward/alive: 4.6197
 Episode_Reward/non_timeout_termination: -0.6561
Episode_Reward/worst_ee_z_normalized_squared: -0.0543
Episode_Reward/right_wrist_prethreshold_barrier: -0.0062
 Episode_Reward/requested_effort_excess: -0.0000
Episode_Reward/root_world_tracking_error: -0.0132
Episode_Reward/measured_joint_posture_l2: -0.0481
Episode_Reward/measured_feet_world_position_l2: -0.0336
Episode_Reward/original_task_position_l2: -0.0269
Episode_Reward/original_task_orientation_l2: -0.0229
        Metrics/motion/error_anchor_pos: 0.2561
        Metrics/motion/error_anchor_rot: 0.2068
    Metrics/motion/error_anchor_lin_vel: 0.3542
    Metrics/motion/error_anchor_ang_vel: 0.7020
          Metrics/motion/error_body_pos: 0.2649
          Metrics/motion/error_body_rot: 0.3393
         Metrics/motion/error_joint_pos: 0.9553
         Metrics/motion/error_joint_vel: 5.0230
        Metrics/motion/sampling_entropy: 0.0000
      Metrics/motion/sampling_top1_prob: 0.0000
       Metrics/motion/sampling_top1_bin: 0.0000
      Metrics/motion/error_body_lin_vel: 0.4203
      Metrics/motion/error_body_ang_vel: 1.4493
           Episode_Termination/time_out: 0.0000
         Episode_Termination/anchor_pos: 0.0000
         Episode_Termination/anchor_ori: 0.0000
        Episode_Termination/ee_body_pos: 0.1429
Episode_Termination/corpus_clip_time_out: 0.1429
Episode_Termination/invalid_native_model_actuation: 0.0000
Episode_Termination/world_root_tracking_failure: 0.7143
 Episode_Reward/world_potential_shaping: 0.0596
--------------------------------------------------------------------------------
                         Iteration time: 5.39s
                           Time elapsed: 00:16:41
                                    ETA: 00:06:10

################################################################################
[1m                          Learning iteration 865/1000                           [0m 

                               Run name: original_core_920ms_fresh
                            Total steps: 749568 
                       Steps per second: 754 
                        Collection time: 2.547s 
                          Learning time: 0.167s 
                        Mean value loss: 1164.9726
                    Mean surrogate loss: -0.0136
                      Mean entropy loss: -20.3219
                            Mean reward: 960.41
                    Mean episode length: 288.78
                        Mean action std: 0.10
--------------------------------------------------------------------------------
                         Iteration time: 2.71s
                           Time elapsed: 00:16:44
                                    ETA: 00:06:07

################################################################################
[1m                          Learning iteration 866/1000                           [0m 

                               Run name: original_core_920ms_fresh
                            Total steps: 751616 
                       Steps per second: 852 
                        Collection time: 2.239s 
                          Learning time: 0.165s 
                        Mean value loss: 339.9614
                    Mean surrogate loss: -0.0129
                      Mean entropy loss: -20.3218
                            Mean reward: 935.04
                    Mean episode length: 284.02
                        Mean action std: 0.10
--------------------------------------------------------------------------------
                         Iteration time: 2.40s
                           Time elapsed: 00:16:47
                                    ETA: 00:06:04

################################################################################
[1m                          Learning iteration 867/1000                           [0m 

                               Run name: original_core_920ms_fresh
                            Total steps: 753664 
                       Steps per second: 745 
                        Collection time: 2.575s 
                          Learning time: 0.173s 
                        Mean value loss: 677.9153
                    Mean surrogate loss: -0.0044
                      Mean entropy loss: -20.3218
                            Mean reward: 1047.13
                    Mean episode length: 313.22
                        Mean action std: 0.10
--------------------------------------------------------------------------------
                         Iteration time: 2.75s
                           Time elapsed: 00:16:49
                                    ETA: 00:06:02

################################################################################
[1m                          Learning iteration 868/1000                           [0m 

                               Run name: original_core_920ms_fresh
                            Total steps: 755712 
                       Steps per second: 858 
                        Collection time: 2.221s 
                          Learning time: 0.165s 
                        Mean value loss: 489.9662
                    Mean surrogate loss: -0.0091
                      Mean entropy loss: -20.3218
                            Mean reward: 1034.53
                    Mean episode length: 308.86
                        Mean action std: 0.10
  Episode_Reward/motion_global_root_pos: 0.0206
  Episode_Reward/motion_global_root_ori: 0.0213
         Episode_Reward/motion_body_pos: 0.0407
         Episode_Reward/motion_body_ori: 0.0372
     Episode_Reward/motion_body_lin_vel: 0.0451
     Episode_Reward/motion_body_ang_vel: 0.0423
          Episode_Reward/action_rate_l2: -0.0043
             Episode_Reward/joint_limit: -0.0006
         Episode_Reward/self_collisions: -0.0062
Episode_Reward/action_target_reference_l2: -0.0238
Episode_Reward/action_target_soft_limit_barrier: -0.0043
                   Episode_Reward/alive: 5.6936
 Episode_Reward/non_timeout_termination: -0.6804
Episode_Reward/worst_ee_z_normalized_squared: -0.0549
Episode_Reward/right_wrist_prethreshold_barrier: -0.0003
 Episode_Reward/requested_effort_excess: 0.0000
Episode_Reward/root_world_tracking_error: -0.0144
Episode_Reward/measured_joint_posture_l2: -0.0579
Episode_Reward/measured_feet_world_position_l2: -0.0409
Episode_Reward/original_task_position_l2: -0.0296
Episode_Reward/original_task_orientation_l2: -0.0260
        Metrics/motion/error_anchor_pos: 0.2663
        Metrics/motion/error_anchor_rot: 0.1822
    Metrics/motion/error_anchor_lin_vel: 0.5902
    Metrics/motion/error_anchor_ang_vel: 1.0226
          Metrics/motion/error_body_pos: 0.2762
          Metrics/motion/error_body_rot: 0.3109
         Metrics/motion/error_joint_pos: 1.0458
         Metrics/motion/error_joint_vel: 5.7607
        Metrics/motion/sampling_entropy: 0.0000
      Metrics/motion/sampling_top1_prob: 0.0000
       Metrics/motion/sampling_top1_bin: 0.0000
      Metrics/motion/error_body_lin_vel: 0.6308
      Metrics/motion/error_body_ang_vel: 1.6454
           Episode_Termination/time_out: 0.0000
         Episode_Termination/anchor_pos: 0.0000
         Episode_Termination/anchor_ori: 0.0000
        Episode_Termination/ee_body_pos: 0.0000
Episode_Termination/corpus_clip_time_out: 0.1111
Episode_Termination/invalid_native_model_actuation: 0.0000
Episode_Termination/world_root_tracking_failure: 0.8889
 Episode_Reward/world_potential_shaping: 0.0667
--------------------------------------------------------------------------------
                         Iteration time: 2.39s
                           Time elapsed: 00:16:52
                                    ETA: 00:05:59

################################################################################
[1m                          Learning iteration 869/1000                           [0m 

                               Run name: original_core_920ms_fresh
                            Total steps: 757760 
                       Steps per second: 829 
                        Collection time: 2.287s 
                          Learning time: 0.183s 
                        Mean value loss: 554.6473
                    Mean surrogate loss: -0.0128
                      Mean entropy loss: -20.3218
                            Mean reward: 1071.52
                    Mean episode length: 319.83
                        Mean action std: 0.10
--------------------------------------------------------------------------------
                         Iteration time: 2.47s
                           Time elapsed: 00:16:54
                                    ETA: 00:05:56

################################################################################
[1m                          Learning iteration 870/1000                           [0m 

                               Run name: original_core_920ms_fresh
                            Total steps: 759808 
                       Steps per second: 751 
                        Collection time: 2.558s 
                          Learning time: 0.166s 
                        Mean value loss: 317.2250
                    Mean surrogate loss: -0.0147
                      Mean entropy loss: -20.3218
                            Mean reward: 1007.06
                    Mean episode length: 304.47
                        Mean action std: 0.10
  Episode_Reward/motion_global_root_pos: 0.0077
  Episode_Reward/motion_global_root_ori: 0.0083
         Episode_Reward/motion_body_pos: 0.0150
         Episode_Reward/motion_body_ori: 0.0147
     Episode_Reward/motion_body_lin_vel: 0.0173
     Episode_Reward/motion_body_ang_vel: 0.0156
          Episode_Reward/action_rate_l2: -0.0021
             Episode_Reward/joint_limit: -0.0003
         Episode_Reward/self_collisions: -0.0020
Episode_Reward/action_target_reference_l2: -0.0125
Episode_Reward/action_target_soft_limit_barrier: -0.0015
                   Episode_Reward/alive: 2.3536
 Episode_Reward/non_timeout_termination: -0.7655
Episode_Reward/worst_ee_z_normalized_squared: -0.0399
Episode_Reward/right_wrist_prethreshold_barrier: -0.0007
 Episode_Reward/requested_effort_excess: -0.0000
Episode_Reward/root_world_tracking_error: -0.0099
Episode_Reward/measured_joint_posture_l2: -0.0333
Episode_Reward/measured_feet_world_position_l2: -0.0176
Episode_Reward/original_task_position_l2: -0.0158
Episode_Reward/original_task_orientation_l2: -0.0119
        Metrics/motion/error_anchor_pos: 0.2909
        Metrics/motion/error_anchor_rot: 0.1996
    Metrics/motion/error_anchor_lin_vel: 0.5143
    Metrics/motion/error_anchor_ang_vel: 1.2943
          Metrics/motion/error_body_pos: 0.2922
          Metrics/motion/error_body_rot: 0.3405
         Metrics/motion/error_joint_pos: 1.0077
         Metrics/motion/error_joint_vel: 5.3186
        Metrics/motion/sampling_entropy: 0.0000
      Metrics/motion/sampling_top1_prob: 0.0000
       Metrics/motion/sampling_top1_bin: 0.0000
      Metrics/motion/error_body_lin_vel: 0.5337
      Metrics/motion/error_body_ang_vel: 1.5959
           Episode_Termination/time_out: 0.0000
         Episode_Termination/anchor_pos: 0.0000
         Episode_Termination/anchor_ori: 0.0000
        Episode_Termination/ee_body_pos: 0.0000
Episode_Termination/corpus_clip_time_out: 0.0000
Episode_Termination/invalid_native_model_actuation: 0.0000
Episode_Termination/world_root_tracking_failure: 1.3333
 Episode_Reward/world_potential_shaping: 0.0370
--------------------------------------------------------------------------------
                         Iteration time: 2.72s
                           Time elapsed: 00:16:57
                                    ETA: 00:05:53

################################################################################
[1m                          Learning iteration 871/1000                           [0m 

                               Run name: original_core_920ms_fresh
                            Total steps: 761856 
                       Steps per second: 865 
                        Collection time: 2.203s 
                          Learning time: 0.164s 
                        Mean value loss: 619.5861
                    Mean surrogate loss: -0.0088
                      Mean entropy loss: -20.3218
                            Mean reward: 1056.30
                    Mean episode length: 314.60
                        Mean action std: 0.10
--------------------------------------------------------------------------------
                         Iteration time: 2.37s
                           Time elapsed: 00:16:59
                                    ETA: 00:05:50

################################################################################
[1m                          Learning iteration 872/1000                           [0m 

                               Run name: original_core_920ms_fresh
                            Total steps: 763904 
                       Steps per second: 902 
                        Collection time: 2.110s 
                          Learning time: 0.160s 
                        Mean value loss: 299.1659
                    Mean surrogate loss: -0.0143
                      Mean entropy loss: -20.3218
                            Mean reward: 1107.90
                    Mean episode length: 326.84
                        Mean action std: 0.10
--------------------------------------------------------------------------------
                         Iteration time: 2.27s
                           Time elapsed: 00:17:02
                                    ETA: 00:05:47

################################################################################
[1m                          Learning iteration 873/1000                           [0m 

                               Run name: original_core_920ms_fresh
                            Total steps: 765952 
                       Steps per second: 849 
                        Collection time: 2.236s 
                          Learning time: 0.176s 
                        Mean value loss: 360.2375
                    Mean surrogate loss: -0.0121
                      Mean entropy loss: -20.3218
                            Mean reward: 1102.12
                    Mean episode length: 325.97
                        Mean action std: 0.10
  Episode_Reward/motion_global_root_pos: 0.0129
  Episode_Reward/motion_global_root_ori: 0.0144
         Episode_Reward/motion_body_pos: 0.0258
         Episode_Reward/motion_body_ori: 0.0256
     Episode_Reward/motion_body_lin_vel: 0.0301
     Episode_Reward/motion_body_ang_vel: 0.0285
          Episode_Reward/action_rate_l2: -0.0028
             Episode_Reward/joint_limit: -0.0002
         Episode_Reward/self_collisions: -0.0037
Episode_Reward/action_target_reference_l2: -0.0150
Episode_Reward/action_target_soft_limit_barrier: -0.0026
                   Episode_Reward/alive: 3.7598
 Episode_Reward/non_timeout_termination: -0.6014
Episode_Reward/worst_ee_z_normalized_squared: -0.0509
Episode_Reward/right_wrist_prethreshold_barrier: -0.0057
 Episode_Reward/requested_effort_excess: -0.0000
Episode_Reward/root_world_tracking_error: -0.0116
Episode_Reward/measured_joint_posture_l2: -0.0371
Episode_Reward/measured_feet_world_position_l2: -0.0272
Episode_Reward/original_task_position_l2: -0.0226
Episode_Reward/original_task_orientation_l2: -0.0170
        Metrics/motion/error_anchor_pos: 0.2497
        Metrics/motion/error_anchor_rot: 0.1679
    Metrics/motion/error_anchor_lin_vel: 0.3765
    Metrics/motion/error_anchor_ang_vel: 0.5743
          Metrics/motion/error_body_pos: 0.2549
          Metrics/motion/error_body_rot: 0.2834
         Metrics/motion/error_joint_pos: 0.9762
         Metrics/motion/error_joint_vel: 5.1781
        Metrics/motion/sampling_entropy: 0.0000
      Metrics/motion/sampling_top1_prob: 0.0000
       Metrics/motion/sampling_top1_bin: 0.0000
      Metrics/motion/error_body_lin_vel: 0.4032
      Metrics/motion/error_body_ang_vel: 1.2904
           Episode_Termination/time_out: 0.0000
         Episode_Termination/anchor_pos: 0.0000
         Episode_Termination/anchor_ori: 0.0000
        Episode_Termination/ee_body_pos: 0.1429
Episode_Termination/corpus_clip_time_out: 0.2857
Episode_Termination/invalid_native_model_actuation: 0.0000
Episode_Termination/world_root_tracking_failure: 0.7143
 Episode_Reward/world_potential_shaping: 0.0492
--------------------------------------------------------------------------------
                         Iteration time: 2.41s
                           Time elapsed: 00:17:04
                                    ETA: 00:05:45

################################################################################
[1m                          Learning iteration 874/1000                           [0m 

                               Run name: original_core_920ms_fresh
                            Total steps: 768000 
                       Steps per second: 732 
                        Collection time: 2.611s 
                          Learning time: 0.183s 
                        Mean value loss: 347.7136
                    Mean surrogate loss: -0.0142
                      Mean entropy loss: -20.3218
                            Mean reward: 1102.96
                    Mean episode length: 325.22
                        Mean action std: 0.10
--------------------------------------------------------------------------------
                         Iteration time: 2.79s
                           Time elapsed: 00:17:07
                                    ETA: 00:05:42

################################################################################
[1m                          Learning iteration 875/1000                           [0m 

                               Run name: original_core_920ms_fresh
                            Total steps: 770048 
                       Steps per second: 900 
                        Collection time: 2.112s 
                          Learning time: 0.163s 
                        Mean value loss: 268.9902
                    Mean surrogate loss: -0.0131
                      Mean entropy loss: -20.3218
                            Mean reward: 1090.80
                    Mean episode length: 320.14
                        Mean action std: 0.10
--------------------------------------------------------------------------------
                         Iteration time: 2.27s
                           Time elapsed: 00:17:09
                                    ETA: 00:05:39

################################################################################
[1m                          Learning iteration 876/1000                           [0m 

                               Run name: original_core_920ms_fresh
                            Total steps: 772096 
                       Steps per second: 819 
                        Collection time: 2.316s 
                          Learning time: 0.184s 
                        Mean value loss: 294.8662
                    Mean surrogate loss: -0.0167
                      Mean entropy loss: -20.3218
                            Mean reward: 1093.80
                    Mean episode length: 319.80
                        Mean action std: 0.10
--------------------------------------------------------------------------------
                         Iteration time: 2.50s
                           Time elapsed: 00:17:12
                                    ETA: 00:05:36

################################################################################
[1m                          Learning iteration 877/1000                           [0m 

                               Run name: original_core_920ms_fresh
                            Total steps: 774144 
                       Steps per second: 380 
                        Collection time: 5.210s 
                          Learning time: 0.166s 
                        Mean value loss: 685.8930
                    Mean surrogate loss: -0.0089
                      Mean entropy loss: -20.3218
                            Mean reward: 1057.66
                    Mean episode length: 309.27
                        Mean action std: 0.10
--------------------------------------------------------------------------------
                         Iteration time: 5.38s
                           Time elapsed: 00:17:17
                                    ETA: 00:05:34

################################################################################
[1m                          Learning iteration 878/1000                           [0m 

                               Run name: original_core_920ms_fresh
                            Total steps: 776192 
                       Steps per second: 878 
                        Collection time: 2.161s 
                          Learning time: 0.171s 
                        Mean value loss: 459.5186
                    Mean surrogate loss: -0.0142
                      Mean entropy loss: -20.3218
                            Mean reward: 1106.40
                    Mean episode length: 320.56
                        Mean action std: 0.10
--------------------------------------------------------------------------------
                         Iteration time: 2.33s
                           Time elapsed: 00:17:19
                                    ETA: 00:05:31

################################################################################
[1m                          Learning iteration 879/1000                           [0m 

                               Run name: original_core_920ms_fresh
                            Total steps: 778240 
                       Steps per second: 871 
                        Collection time: 2.184s 
                          Learning time: 0.166s 
                        Mean value loss: 650.4139
                    Mean surrogate loss: -0.0066
                      Mean entropy loss: -20.3218
                            Mean reward: 1134.47
                    Mean episode length: 326.01
                        Mean action std: 0.10
--------------------------------------------------------------------------------
                         Iteration time: 2.35s
                           Time elapsed: 00:17:22
                                    ETA: 00:05:29

################################################################################
[1m                          Learning iteration 880/1000                           [0m 

                               Run name: original_core_920ms_fresh
                            Total steps: 780288 
                       Steps per second: 905 
                        Collection time: 2.087s 
                          Learning time: 0.176s 
                        Mean value loss: 481.1163
                    Mean surrogate loss: -0.0104
                      Mean entropy loss: -20.3218
                            Mean reward: 1129.68
                    Mean episode length: 326.17
                        Mean action std: 0.10
--------------------------------------------------------------------------------
                         Iteration time: 2.26s
                           Time elapsed: 00:17:24
                                    ETA: 00:05:26

################################################################################
[1m                          Learning iteration 881/1000                           [0m 

                               Run name: original_core_920ms_fresh
                            Total steps: 782336 
                       Steps per second: 894 
                        Collection time: 2.126s 
                          Learning time: 0.163s 
                        Mean value loss: 361.2161
                    Mean surrogate loss: -0.0096
                      Mean entropy loss: -20.3218
                            Mean reward: 1090.25
                    Mean episode length: 314.30
                        Mean action std: 0.10
  Episode_Reward/motion_global_root_pos: 0.0060
  Episode_Reward/motion_global_root_ori: 0.0071
         Episode_Reward/motion_body_pos: 0.0124
         Episode_Reward/motion_body_ori: 0.0089
     Episode_Reward/motion_body_lin_vel: 0.0138
     Episode_Reward/motion_body_ang_vel: 0.0128
          Episode_Reward/action_rate_l2: -0.0017
             Episode_Reward/joint_limit: -0.0020
         Episode_Reward/self_collisions: -0.0058
Episode_Reward/action_target_reference_l2: -0.0132
Episode_Reward/action_target_soft_limit_barrier: -0.0028
                   Episode_Reward/alive: 1.9205
 Episode_Reward/non_timeout_termination: -0.7655
Episode_Reward/worst_ee_z_normalized_squared: -0.0364
Episode_Reward/right_wrist_prethreshold_barrier: -0.0057
 Episode_Reward/requested_effort_excess: -0.0000
Episode_Reward/root_world_tracking_error: -0.0095
Episode_Reward/measured_joint_posture_l2: -0.0422
Episode_Reward/measured_feet_world_position_l2: -0.0145
Episode_Reward/original_task_position_l2: -0.0128
Episode_Reward/original_task_orientation_l2: -0.0125
        Metrics/motion/error_anchor_pos: 0.2937
        Metrics/motion/error_anchor_rot: 0.1975
    Metrics/motion/error_anchor_lin_vel: 0.6109
    Metrics/motion/error_anchor_ang_vel: 1.7959
          Metrics/motion/error_body_pos: 0.3026
          Metrics/motion/error_body_rot: 0.4313
         Metrics/motion/error_joint_pos: 1.3538
         Metrics/motion/error_joint_vel: 7.6982
        Metrics/motion/sampling_entropy: 0.0000
      Metrics/motion/sampling_top1_prob: 0.0000
       Metrics/motion/sampling_top1_bin: 0.0000
      Metrics/motion/error_body_lin_vel: 0.6796
      Metrics/motion/error_body_ang_vel: 2.2718
           Episode_Termination/time_out: 0.0000
         Episode_Termination/anchor_pos: 0.0000
         Episode_Termination/anchor_ori: 0.0000
        Episode_Termination/ee_body_pos: 0.0000
Episode_Termination/corpus_clip_time_out: 0.0000
Episode_Termination/invalid_native_model_actuation: 0.0000
Episode_Termination/world_root_tracking_failure: 1.0000
 Episode_Reward/world_potential_shaping: 0.0356
--------------------------------------------------------------------------------
                         Iteration time: 2.29s
                           Time elapsed: 00:17:26
                                    ETA: 00:05:23

################################################################################
[1m                          Learning iteration 882/1000                           [0m 

                               Run name: original_core_920ms_fresh
                            Total steps: 784384 
                       Steps per second: 907 
                        Collection time: 2.097s 
                          Learning time: 0.159s 
                        Mean value loss: 255.8882
                    Mean surrogate loss: -0.0107
                      Mean entropy loss: -20.3218
                            Mean reward: 1148.48
                    Mean episode length: 328.68
                        Mean action std: 0.10
--------------------------------------------------------------------------------
                         Iteration time: 2.26s
                           Time elapsed: 00:17:28
                                    ETA: 00:05:20

################################################################################
[1m                          Learning iteration 883/1000                           [0m 

                               Run name: original_core_920ms_fresh
                            Total steps: 786432 
                       Steps per second: 923 
                        Collection time: 2.057s 
                          Learning time: 0.160s 
                        Mean value loss: 455.5308
                    Mean surrogate loss: -0.0147
                      Mean entropy loss: -20.3218
                            Mean reward: 1031.03
                    Mean episode length: 299.22
                        Mean action std: 0.10
--------------------------------------------------------------------------------
                         Iteration time: 2.22s
                           Time elapsed: 00:17:31
                                    ETA: 00:05:17

################################################################################
[1m                          Learning iteration 884/1000                           [0m 

                               Run name: original_core_920ms_fresh
                            Total steps: 788480 
                       Steps per second: 838 
                        Collection time: 2.276s 
                          Learning time: 0.167s 
                        Mean value loss: 377.8949
                    Mean surrogate loss: -0.0133
                      Mean entropy loss: -20.3218
                            Mean reward: 1078.72
                    Mean episode length: 312.58
                        Mean action std: 0.10
  Episode_Reward/motion_global_root_pos: 0.0303
  Episode_Reward/motion_global_root_ori: 0.0329
         Episode_Reward/motion_body_pos: 0.0605
         Episode_Reward/motion_body_ori: 0.0554
     Episode_Reward/motion_body_lin_vel: 0.0694
     Episode_Reward/motion_body_ang_vel: 0.0637
          Episode_Reward/action_rate_l2: -0.0066
             Episode_Reward/joint_limit: -0.0036
         Episode_Reward/self_collisions: -0.0266
Episode_Reward/action_target_reference_l2: -0.0387
Episode_Reward/action_target_soft_limit_barrier: -0.0047
                   Episode_Reward/alive: 8.6670
 Episode_Reward/non_timeout_termination: -0.6124
Episode_Reward/worst_ee_z_normalized_squared: -0.1486
Episode_Reward/right_wrist_prethreshold_barrier: -0.0105
 Episode_Reward/requested_effort_excess: -0.0000
Episode_Reward/root_world_tracking_error: -0.0227
Episode_Reward/measured_joint_posture_l2: -0.0864
Episode_Reward/measured_feet_world_position_l2: -0.0622
Episode_Reward/original_task_position_l2: -0.0498
Episode_Reward/original_task_orientation_l2: -0.0420
        Metrics/motion/error_anchor_pos: 0.2554
        Metrics/motion/error_anchor_rot: 0.2098
    Metrics/motion/error_anchor_lin_vel: 0.3922
    Metrics/motion/error_anchor_ang_vel: 1.2758
          Metrics/motion/error_body_pos: 0.2668
          Metrics/motion/error_body_rot: 0.3608
         Metrics/motion/error_joint_pos: 1.0887
         Metrics/motion/error_joint_vel: 6.7986
        Metrics/motion/sampling_entropy: 0.0000
      Metrics/motion/sampling_top1_prob: 0.0000
       Metrics/motion/sampling_top1_bin: 0.0000
      Metrics/motion/error_body_lin_vel: 0.4587
      Metrics/motion/error_body_ang_vel: 1.8936
           Episode_Termination/time_out: 0.0000
         Episode_Termination/anchor_pos: 0.0000
         Episode_Termination/anchor_ori: 0.0000
        Episode_Termination/ee_body_pos: 0.0000
Episode_Termination/corpus_clip_time_out: 0.2000
Episode_Termination/invalid_native_model_actuation: 0.0000
Episode_Termination/world_root_tracking_failure: 0.8000
 Episode_Reward/world_potential_shaping: 0.0972
--------------------------------------------------------------------------------
                         Iteration time: 2.44s
                           Time elapsed: 00:17:33
                                    ETA: 00:05:14

################################################################################
[1m                          Learning iteration 885/1000                           [0m 

                               Run name: original_core_920ms_fresh
                            Total steps: 790528 
                       Steps per second: 845 
                        Collection time: 2.258s 
                          Learning time: 0.164s 
                        Mean value loss: 499.6277
                    Mean surrogate loss: -0.0079
                      Mean entropy loss: -20.3218
                            Mean reward: 1108.21
                    Mean episode length: 318.93
                        Mean action std: 0.10
--------------------------------------------------------------------------------
                         Iteration time: 2.42s
                           Time elapsed: 00:17:35
                                    ETA: 00:05:11

################################################################################
[1m                          Learning iteration 886/1000                           [0m 

                               Run name: original_core_920ms_fresh
                            Total steps: 792576 
                       Steps per second: 820 
                        Collection time: 2.332s 
                          Learning time: 0.163s 
                        Mean value loss: 571.2684
                    Mean surrogate loss: -0.0065
                      Mean entropy loss: -20.3218
                            Mean reward: 1105.85
                    Mean episode length: 317.98
                        Mean action std: 0.10
--------------------------------------------------------------------------------
                         Iteration time: 2.49s
                           Time elapsed: 00:17:38
                                    ETA: 00:05:09

################################################################################
[1m                          Learning iteration 887/1000                           [0m 

                               Run name: original_core_920ms_fresh
                            Total steps: 794624 
                       Steps per second: 900 
                        Collection time: 2.061s 
                          Learning time: 0.213s 
                        Mean value loss: 367.3252
                    Mean surrogate loss: -0.0112
                      Mean entropy loss: -20.3218
                            Mean reward: 1001.21
                    Mean episode length: 291.02
                        Mean action std: 0.10
  Episode_Reward/motion_global_root_pos: 0.0071
  Episode_Reward/motion_global_root_ori: 0.0076
         Episode_Reward/motion_body_pos: 0.0139
         Episode_Reward/motion_body_ori: 0.0124
     Episode_Reward/motion_body_lin_vel: 0.0143
     Episode_Reward/motion_body_ang_vel: 0.0135
          Episode_Reward/action_rate_l2: -0.0018
             Episode_Reward/joint_limit: -0.0001
         Episode_Reward/self_collisions: -0.0006
Episode_Reward/action_target_reference_l2: -0.0101
Episode_Reward/action_target_soft_limit_barrier: -0.0033
                   Episode_Reward/alive: 2.0476
 Episode_Reward/non_timeout_termination: -0.7655
Episode_Reward/worst_ee_z_normalized_squared: -0.0288
Episode_Reward/right_wrist_prethreshold_barrier: 0.0000
 Episode_Reward/requested_effort_excess: 0.0000
Episode_Reward/root_world_tracking_error: -0.0092
Episode_Reward/measured_joint_posture_l2: -0.0312
Episode_Reward/measured_feet_world_position_l2: -0.0153
Episode_Reward/original_task_position_l2: -0.0120
Episode_Reward/original_task_orientation_l2: -0.0130
        Metrics/motion/error_anchor_pos: 0.2840
        Metrics/motion/error_anchor_rot: 0.1567
    Metrics/motion/error_anchor_lin_vel: 0.5764
    Metrics/motion/error_anchor_ang_vel: 1.3345
          Metrics/motion/error_body_pos: 0.2843
          Metrics/motion/error_body_rot: 0.3055
         Metrics/motion/error_joint_pos: 1.2336
         Metrics/motion/error_joint_vel: 7.5528
        Metrics/motion/sampling_entropy: 0.0000
      Metrics/motion/sampling_top1_prob: 0.0000
       Metrics/motion/sampling_top1_bin: 0.0000
      Metrics/motion/error_body_lin_vel: 0.6352
      Metrics/motion/error_body_ang_vel: 2.0286
           Episode_Termination/time_out: 0.0000
         Episode_Termination/anchor_pos: 0.0000
         Episode_Termination/anchor_ori: 0.0000
        Episode_Termination/ee_body_pos: 0.0000
Episode_Termination/corpus_clip_time_out: 0.0000
Episode_Termination/invalid_native_model_actuation: 0.0000
Episode_Termination/world_root_tracking_failure: 1.0000
 Episode_Reward/world_potential_shaping: 0.0343
--------------------------------------------------------------------------------
                         Iteration time: 2.27s
                           Time elapsed: 00:17:40
                                    ETA: 00:05:06

################################################################################
[1m                          Learning iteration 888/1000                           [0m 

                               Run name: original_core_920ms_fresh
                            Total steps: 796672 
                       Steps per second: 736 
                        Collection time: 2.584s 
                          Learning time: 0.196s 
                        Mean value loss: 753.9038
                    Mean surrogate loss: -0.0094
                      Mean entropy loss: -20.3218
                            Mean reward: 963.89
                    Mean episode length: 282.81
                        Mean action std: 0.10
--------------------------------------------------------------------------------
                         Iteration time: 2.78s
                           Time elapsed: 00:17:43
                                    ETA: 00:05:03

################################################################################
[1m                          Learning iteration 889/1000                           [0m 

                               Run name: original_core_920ms_fresh
                            Total steps: 798720 
                       Steps per second: 801 
                        Collection time: 2.374s 
                          Learning time: 0.180s 
                        Mean value loss: 290.0144
                    Mean surrogate loss: -0.0095
                      Mean entropy loss: -20.3218
                            Mean reward: 948.53
                    Mean episode length: 279.01
                        Mean action std: 0.10
--------------------------------------------------------------------------------
                         Iteration time: 2.55s
                           Time elapsed: 00:17:46
                                    ETA: 00:05:00

################################################################################
[1m                          Learning iteration 890/1000                           [0m 

                               Run name: original_core_920ms_fresh
                            Total steps: 800768 
                       Steps per second: 367 
                        Collection time: 5.403s 
                          Learning time: 0.168s 
                        Mean value loss: 494.9797
                    Mean surrogate loss: -0.0062
                      Mean entropy loss: -20.3218
                            Mean reward: 928.90
                    Mean episode length: 273.35
                        Mean action std: 0.10
--------------------------------------------------------------------------------
                         Iteration time: 5.57s
                           Time elapsed: 00:17:51
                                    ETA: 00:04:58

################################################################################
[1m                          Learning iteration 891/1000                           [0m 

                               Run name: original_core_920ms_fresh
                            Total steps: 802816 
                       Steps per second: 795 
                        Collection time: 2.413s 
                          Learning time: 0.163s 
                        Mean value loss: 935.0115
                    Mean surrogate loss: -0.0065
                      Mean entropy loss: -20.3218
                            Mean reward: 937.42
                    Mean episode length: 274.86
                        Mean action std: 0.10
  Episode_Reward/motion_global_root_pos: 0.0142
  Episode_Reward/motion_global_root_ori: 0.0147
         Episode_Reward/motion_body_pos: 0.0280
         Episode_Reward/motion_body_ori: 0.0249
     Episode_Reward/motion_body_lin_vel: 0.0301
     Episode_Reward/motion_body_ang_vel: 0.0282
          Episode_Reward/action_rate_l2: -0.0031
             Episode_Reward/joint_limit: -0.0003
         Episode_Reward/self_collisions: -0.0120
Episode_Reward/action_target_reference_l2: -0.0168
Episode_Reward/action_target_soft_limit_barrier: -0.0036
                   Episode_Reward/alive: 3.8889
 Episode_Reward/non_timeout_termination: -0.7176
Episode_Reward/worst_ee_z_normalized_squared: -0.0406
Episode_Reward/right_wrist_prethreshold_barrier: -0.0023
 Episode_Reward/requested_effort_excess: 0.0000
Episode_Reward/root_world_tracking_error: -0.0108
Episode_Reward/measured_joint_posture_l2: -0.0413
Episode_Reward/measured_feet_world_position_l2: -0.0269
Episode_Reward/original_task_position_l2: -0.0192
Episode_Reward/original_task_orientation_l2: -0.0189
        Metrics/motion/error_anchor_pos: 0.2763
        Metrics/motion/error_anchor_rot: 0.1617
    Metrics/motion/error_anchor_lin_vel: 0.4681
    Metrics/motion/error_anchor_ang_vel: 1.0698
          Metrics/motion/error_body_pos: 0.2824
          Metrics/motion/error_body_rot: 0.3132
         Metrics/motion/error_joint_pos: 1.1490
         Metrics/motion/error_joint_vel: 5.4488
        Metrics/motion/sampling_entropy: 0.0000
      Metrics/motion/sampling_top1_prob: 0.0000
       Metrics/motion/sampling_top1_bin: 0.0000
      Metrics/motion/error_body_lin_vel: 0.5004
      Metrics/motion/error_body_ang_vel: 1.4799
           Episode_Termination/time_out: 0.0000
         Episode_Termination/anchor_pos: 0.0000
         Episode_Termination/anchor_ori: 0.0000
        Episode_Termination/ee_body_pos: 0.0000
Episode_Termination/corpus_clip_time_out: 0.1250
Episode_Termination/invalid_native_model_actuation: 0.0000
Episode_Termination/world_root_tracking_failure: 1.3750
 Episode_Reward/world_potential_shaping: 0.0470
--------------------------------------------------------------------------------
                         Iteration time: 2.58s
                           Time elapsed: 00:17:54
                                    ETA: 00:04:55

################################################################################
[1m                          Learning iteration 892/1000                           [0m 

                               Run name: original_core_920ms_fresh
                            Total steps: 804864 
                       Steps per second: 801 
                        Collection time: 2.390s 
                          Learning time: 0.166s 
                        Mean value loss: 345.0447
                    Mean surrogate loss: -0.0134
                      Mean entropy loss: -20.3218
                            Mean reward: 959.92
                    Mean episode length: 279.99
                        Mean action std: 0.10
--------------------------------------------------------------------------------
                         Iteration time: 2.56s
                           Time elapsed: 00:17:56
                                    ETA: 00:04:53

################################################################################
[1m                          Learning iteration 893/1000                           [0m 

                               Run name: original_core_920ms_fresh
                            Total steps: 806912 
                       Steps per second: 814 
                        Collection time: 2.333s 
                          Learning time: 0.182s 
                        Mean value loss: 362.8373
                    Mean surrogate loss: -0.0108
                      Mean entropy loss: -20.3218
                            Mean reward: 951.79
                    Mean episode length: 277.78
                        Mean action std: 0.10
  Episode_Reward/motion_global_root_pos: 0.0206
  Episode_Reward/motion_global_root_ori: 0.0216
         Episode_Reward/motion_body_pos: 0.0409
         Episode_Reward/motion_body_ori: 0.0352
     Episode_Reward/motion_body_lin_vel: 0.0433
     Episode_Reward/motion_body_ang_vel: 0.0387
          Episode_Reward/action_rate_l2: -0.0048
             Episode_Reward/joint_limit: -0.0010
         Episode_Reward/self_collisions: -0.0102
Episode_Reward/action_target_reference_l2: -0.0293
Episode_Reward/action_target_soft_limit_barrier: -0.0046
                   Episode_Reward/alive: 5.7040
 Episode_Reward/non_timeout_termination: -0.7655
Episode_Reward/worst_ee_z_normalized_squared: -0.1115
Episode_Reward/right_wrist_prethreshold_barrier: -0.0144
 Episode_Reward/requested_effort_excess: -0.0000
Episode_Reward/root_world_tracking_error: -0.0163
Episode_Reward/measured_joint_posture_l2: -0.0611
Episode_Reward/measured_feet_world_position_l2: -0.0394
Episode_Reward/original_task_position_l2: -0.0331
Episode_Reward/original_task_orientation_l2: -0.0311
        Metrics/motion/error_anchor_pos: 0.2746
        Metrics/motion/error_anchor_rot: 0.1610
    Metrics/motion/error_anchor_lin_vel: 0.6681
    Metrics/motion/error_anchor_ang_vel: 1.3577
          Metrics/motion/error_body_pos: 0.2791
          Metrics/motion/error_body_rot: 0.3494
         Metrics/motion/error_joint_pos: 1.1628
         Metrics/motion/error_joint_vel: 5.1288
        Metrics/motion/sampling_entropy: 0.0000
      Metrics/motion/sampling_top1_prob: 0.0000
       Metrics/motion/sampling_top1_bin: 0.0000
      Metrics/motion/error_body_lin_vel: 0.6990
      Metrics/motion/error_body_ang_vel: 2.0048
           Episode_Termination/time_out: 0.0000
         Episode_Termination/anchor_pos: 0.0000
         Episode_Termination/anchor_ori: 0.0000
        Episode_Termination/ee_body_pos: 0.1429
Episode_Termination/corpus_clip_time_out: 0.0000
Episode_Termination/invalid_native_model_actuation: 0.0000
Episode_Termination/world_root_tracking_failure: 0.8571
 Episode_Reward/world_potential_shaping: 0.0674
--------------------------------------------------------------------------------
                         Iteration time: 2.51s
                           Time elapsed: 00:17:59
                                    ETA: 00:04:50

################################################################################
[1m                          Learning iteration 894/1000                           [0m 

                               Run name: original_core_920ms_fresh
                            Total steps: 808960 
                       Steps per second: 760 
                        Collection time: 2.513s 
                          Learning time: 0.180s 
                        Mean value loss: 722.0365
                    Mean surrogate loss: -0.0110
                      Mean entropy loss: -20.3218
                            Mean reward: 916.54
                    Mean episode length: 269.32
                        Mean action std: 0.10
--------------------------------------------------------------------------------
                         Iteration time: 2.69s
                           Time elapsed: 00:18:02
                                    ETA: 00:04:47

################################################################################
[1m                          Learning iteration 895/1000                           [0m 

                               Run name: original_core_920ms_fresh
                            Total steps: 811008 
                       Steps per second: 879 
                        Collection time: 2.168s 
                          Learning time: 0.161s 
                        Mean value loss: 612.3630
                    Mean surrogate loss: -0.0043
                      Mean entropy loss: -20.3218
                            Mean reward: 893.48
                    Mean episode length: 262.55
                        Mean action std: 0.10
  Episode_Reward/motion_global_root_pos: 0.0166
  Episode_Reward/motion_global_root_ori: 0.0178
         Episode_Reward/motion_body_pos: 0.0334
         Episode_Reward/motion_body_ori: 0.0288
     Episode_Reward/motion_body_lin_vel: 0.0371
     Episode_Reward/motion_body_ang_vel: 0.0348
          Episode_Reward/action_rate_l2: -0.0034
             Episode_Reward/joint_limit: -0.0014
         Episode_Reward/self_collisions: -0.0072
Episode_Reward/action_target_reference_l2: -0.0215
Episode_Reward/action_target_soft_limit_barrier: -0.0036
                   Episode_Reward/alive: 4.5919
 Episode_Reward/non_timeout_termination: -0.7655
Episode_Reward/worst_ee_z_normalized_squared: -0.0881
Episode_Reward/right_wrist_prethreshold_barrier: -0.0079
 Episode_Reward/requested_effort_excess: 0.0000
Episode_Reward/root_world_tracking_error: -0.0110
Episode_Reward/measured_joint_posture_l2: -0.0484
Episode_Reward/measured_feet_world_position_l2: -0.0292
Episode_Reward/original_task_position_l2: -0.0234
Episode_Reward/original_task_orientation_l2: -0.0207
        Metrics/motion/error_anchor_pos: 0.2857
        Metrics/motion/error_anchor_rot: 0.1294
    Metrics/motion/error_anchor_lin_vel: 0.4410
    Metrics/motion/error_anchor_ang_vel: 1.3934
          Metrics/motion/error_body_pos: 0.2911
          Metrics/motion/error_body_rot: 0.3187
         Metrics/motion/error_joint_pos: 1.0835
         Metrics/motion/error_joint_vel: 4.8133
        Metrics/motion/sampling_entropy: 0.0000
      Metrics/motion/sampling_top1_prob: 0.0000
       Metrics/motion/sampling_top1_bin: 0.0000
      Metrics/motion/error_body_lin_vel: 0.4676
      Metrics/motion/error_body_ang_vel: 1.5761
           Episode_Termination/time_out: 0.0000
         Episode_Termination/anchor_pos: 0.0000
         Episode_Termination/anchor_ori: 0.0000
        Episode_Termination/ee_body_pos: 0.0000
Episode_Termination/corpus_clip_time_out: 0.0000
Episode_Termination/invalid_native_model_actuation: 0.0000
Episode_Termination/world_root_tracking_failure: 1.1429
 Episode_Reward/world_potential_shaping: 0.0507
--------------------------------------------------------------------------------
                         Iteration time: 2.33s
                           Time elapsed: 00:18:04
                                    ETA: 00:04:44

################################################################################
[1m                          Learning iteration 896/1000                           [0m 

                               Run name: original_core_920ms_fresh
                            Total steps: 813056 
                       Steps per second: 850 
                        Collection time: 2.226s 
                          Learning time: 0.182s 
                        Mean value loss: 582.6662
                    Mean surrogate loss: -0.0076
                      Mean entropy loss: -20.3218
                            Mean reward: 877.61
                    Mean episode length: 259.03
                        Mean action std: 0.10
  Episode_Reward/motion_global_root_pos: 0.0130
  Episode_Reward/motion_global_root_ori: 0.0137
         Episode_Reward/motion_body_pos: 0.0259
         Episode_Reward/motion_body_ori: 0.0220
     Episode_Reward/motion_body_lin_vel: 0.0276
     Episode_Reward/motion_body_ang_vel: 0.0248
          Episode_Reward/action_rate_l2: -0.0032
             Episode_Reward/joint_limit: -0.0011
         Episode_Reward/self_collisions: -0.0150
Episode_Reward/action_target_reference_l2: -0.0190
Episode_Reward/action_target_soft_limit_barrier: -0.0037
                   Episode_Reward/alive: 3.6730
 Episode_Reward/non_timeout_termination: -0.7655
Episode_Reward/worst_ee_z_normalized_squared: -0.0666
Episode_Reward/right_wrist_prethreshold_barrier: -0.0021
 Episode_Reward/requested_effort_excess: -0.0000
Episode_Reward/root_world_tracking_error: -0.0120
Episode_Reward/measured_joint_posture_l2: -0.0485
Episode_Reward/measured_feet_world_position_l2: -0.0264
Episode_Reward/original_task_position_l2: -0.0214
Episode_Reward/original_task_orientation_l2: -0.0208
        Metrics/motion/error_anchor_pos: 0.2890
        Metrics/motion/error_anchor_rot: 0.1569
    Metrics/motion/error_anchor_lin_vel: 0.4728
    Metrics/motion/error_anchor_ang_vel: 1.2515
          Metrics/motion/error_body_pos: 0.2923
          Metrics/motion/error_body_rot: 0.3341
         Metrics/motion/error_joint_pos: 1.1391
         Metrics/motion/error_joint_vel: 6.2488
        Metrics/motion/sampling_entropy: 0.0000
      Metrics/motion/sampling_top1_prob: 0.0000
       Metrics/motion/sampling_top1_bin: 0.0000
      Metrics/motion/error_body_lin_vel: 0.5260
      Metrics/motion/error_body_ang_vel: 1.8755
           Episode_Termination/time_out: 0.0000
         Episode_Termination/anchor_pos: 0.0000
         Episode_Termination/anchor_ori: 0.0000
        Episode_Termination/ee_body_pos: 0.0000
Episode_Termination/corpus_clip_time_out: 0.0000
Episode_Termination/invalid_native_model_actuation: 0.0000
Episode_Termination/world_root_tracking_failure: 1.3333
 Episode_Reward/world_potential_shaping: 0.0498
--------------------------------------------------------------------------------
                         Iteration time: 2.41s
                           Time elapsed: 00:18:06
                                    ETA: 00:04:41

################################################################################
[1m                          Learning iteration 897/1000                           [0m 

                               Run name: original_core_920ms_fresh
                            Total steps: 815104 
                       Steps per second: 849 
                        Collection time: 2.247s 
                          Learning time: 0.163s 
                        Mean value loss: 496.5295
                    Mean surrogate loss: -0.0145
                      Mean entropy loss: -20.3218
                            Mean reward: 969.71
                    Mean episode length: 280.95
                        Mean action std: 0.10
  Episode_Reward/motion_global_root_pos: 0.0282
  Episode_Reward/motion_global_root_ori: 0.0300
         Episode_Reward/motion_body_pos: 0.0559
         Episode_Reward/motion_body_ori: 0.0526
     Episode_Reward/motion_body_lin_vel: 0.0624
     Episode_Reward/motion_body_ang_vel: 0.0579
          Episode_Reward/action_rate_l2: -0.0058
             Episode_Reward/joint_limit: -0.0014
         Episode_Reward/self_collisions: -0.0125
Episode_Reward/action_target_reference_l2: -0.0334
Episode_Reward/action_target_soft_limit_barrier: -0.0051
                   Episode_Reward/alive: 7.7793
 Episode_Reward/non_timeout_termination: -0.6561
Episode_Reward/worst_ee_z_normalized_squared: -0.1259
Episode_Reward/right_wrist_prethreshold_barrier: -0.0103
 Episode_Reward/requested_effort_excess: -0.0000
Episode_Reward/root_world_tracking_error: -0.0177
Episode_Reward/measured_joint_posture_l2: -0.0703
Episode_Reward/measured_feet_world_position_l2: -0.0544
Episode_Reward/original_task_position_l2: -0.0415
Episode_Reward/original_task_orientation_l2: -0.0337
        Metrics/motion/error_anchor_pos: 0.2677
        Metrics/motion/error_anchor_rot: 0.3061
    Metrics/motion/error_anchor_lin_vel: 0.5684
    Metrics/motion/error_anchor_ang_vel: 1.7253
          Metrics/motion/error_body_pos: 0.2811
          Metrics/motion/error_body_rot: 0.4300
         Metrics/motion/error_joint_pos: 1.2410
         Metrics/motion/error_joint_vel: 7.0361
        Metrics/motion/sampling_entropy: 0.0000
      Metrics/motion/sampling_top1_prob: 0.0000
       Metrics/motion/sampling_top1_bin: 0.0000
      Metrics/motion/error_body_lin_vel: 0.6986
      Metrics/motion/error_body_ang_vel: 2.0916
           Episode_Termination/time_out: 0.0000
         Episode_Termination/anchor_pos: 0.0000
         Episode_Termination/anchor_ori: 0.0000
        Episode_Termination/ee_body_pos: 0.0000
Episode_Termination/corpus_clip_time_out: 0.4286
Episode_Termination/invalid_native_model_actuation: 0.0000
Episode_Termination/world_root_tracking_failure: 0.8571
 Episode_Reward/world_potential_shaping: 0.0836
--------------------------------------------------------------------------------
                         Iteration time: 2.41s
                           Time elapsed: 00:18:09
                                    ETA: 00:04:39

################################################################################
[1m                          Learning iteration 898/1000                           [0m 

                               Run name: original_core_920ms_fresh
                            Total steps: 817152 
                       Steps per second: 733 
                        Collection time: 2.625s 
                          Learning time: 0.166s 
                        Mean value loss: 540.0307
                    Mean surrogate loss: -0.0047
                      Mean entropy loss: -20.3218
                            Mean reward: 881.28
                    Mean episode length: 258.03
                        Mean action std: 0.10
--------------------------------------------------------------------------------
                         Iteration time: 2.79s
                           Time elapsed: 00:18:11
                                    ETA: 00:04:36

################################################################################
[1m                          Learning iteration 899/1000                           [0m 

                               Run name: original_core_920ms_fresh
                            Total steps: 819200 
                       Steps per second: 895 
                        Collection time: 2.115s 
                          Learning time: 0.172s 
                        Mean value loss: 572.7860
                    Mean surrogate loss: -0.0079
                      Mean entropy loss: -20.3218
                            Mean reward: 876.56
                    Mean episode length: 258.66
                        Mean action std: 0.10
  Episode_Reward/motion_global_root_pos: 0.0087
  Episode_Reward/motion_global_root_ori: 0.0115
         Episode_Reward/motion_body_pos: 0.0173
         Episode_Reward/motion_body_ori: 0.0205
     Episode_Reward/motion_body_lin_vel: 0.0242
     Episode_Reward/motion_body_ang_vel: 0.0230
          Episode_Reward/action_rate_l2: -0.0025
             Episode_Reward/joint_limit: -0.0007
         Episode_Reward/self_collisions: -0.0136
Episode_Reward/action_target_reference_l2: -0.0135
Episode_Reward/action_target_soft_limit_barrier: -0.0031
                   Episode_Reward/alive: 3.1552
 Episode_Reward/non_timeout_termination: -0.6379
Episode_Reward/worst_ee_z_normalized_squared: -0.0358
Episode_Reward/right_wrist_prethreshold_barrier: -0.0013
 Episode_Reward/requested_effort_excess: -0.0000
Episode_Reward/root_world_tracking_error: -0.0162
Episode_Reward/measured_joint_posture_l2: -0.0346
Episode_Reward/measured_feet_world_position_l2: -0.0254
Episode_Reward/original_task_position_l2: -0.0216
Episode_Reward/original_task_orientation_l2: -0.0161
        Metrics/motion/error_anchor_pos: 0.2852
        Metrics/motion/error_anchor_rot: 0.1860
    Metrics/motion/error_anchor_lin_vel: 0.5611
    Metrics/motion/error_anchor_ang_vel: 1.5527
          Metrics/motion/error_body_pos: 0.2838
          Metrics/motion/error_body_rot: 0.3465
         Metrics/motion/error_joint_pos: 1.2361
         Metrics/motion/error_joint_vel: 6.9667
        Metrics/motion/sampling_entropy: 0.0000
      Metrics/motion/sampling_top1_prob: 0.0000
       Metrics/motion/sampling_top1_bin: 0.0000
      Metrics/motion/error_body_lin_vel: 0.6050
      Metrics/motion/error_body_ang_vel: 2.0384
           Episode_Termination/time_out: 0.0000
         Episode_Termination/anchor_pos: 0.0000
         Episode_Termination/anchor_ori: 0.0000
        Episode_Termination/ee_body_pos: 0.0000
Episode_Termination/corpus_clip_time_out: 0.1667
Episode_Termination/invalid_native_model_actuation: 0.0000
Episode_Termination/world_root_tracking_failure: 1.1667
 Episode_Reward/world_potential_shaping: 0.0511
--------------------------------------------------------------------------------
                         Iteration time: 2.29s
                           Time elapsed: 00:18:14
                                    ETA: 00:04:33

################################################################################
[1m                          Learning iteration 900/1000                           [0m 

                               Run name: original_core_920ms_fresh
                            Total steps: 821248 
                       Steps per second: 844 
                        Collection time: 2.251s 
                          Learning time: 0.174s 
                        Mean value loss: 832.0911
                    Mean surrogate loss: -0.0047
                      Mean entropy loss: -20.3218
                            Mean reward: 893.05
                    Mean episode length: 262.59
                        Mean action std: 0.10
  Episode_Reward/motion_global_root_pos: 0.0153
  Episode_Reward/motion_global_root_ori: 0.0161
         Episode_Reward/motion_body_pos: 0.0303
         Episode_Reward/motion_body_ori: 0.0290
     Episode_Reward/motion_body_lin_vel: 0.0342
     Episode_Reward/motion_body_ang_vel: 0.0323
          Episode_Reward/action_rate_l2: -0.0031
             Episode_Reward/joint_limit: -0.0002
         Episode_Reward/self_collisions: -0.0106
Episode_Reward/action_target_reference_l2: -0.0168
Episode_Reward/action_target_soft_limit_barrier: -0.0025
                   Episode_Reward/alive: 4.2446
 Episode_Reward/non_timeout_termination: -0.7655
Episode_Reward/worst_ee_z_normalized_squared: -0.0488
Episode_Reward/right_wrist_prethreshold_barrier: -0.0056
 Episode_Reward/requested_effort_excess: -0.0000
Episode_Reward/root_world_tracking_error: -0.0102
Episode_Reward/measured_joint_posture_l2: -0.0365
Episode_Reward/measured_feet_world_position_l2: -0.0304
Episode_Reward/original_task_position_l2: -0.0228
Episode_Reward/original_task_orientation_l2: -0.0180
        Metrics/motion/error_anchor_pos: 0.2582
        Metrics/motion/error_anchor_rot: 0.1729
    Metrics/motion/error_anchor_lin_vel: 0.4174
    Metrics/motion/error_anchor_ang_vel: 0.9506
          Metrics/motion/error_body_pos: 0.2664
          Metrics/motion/error_body_rot: 0.3289
         Metrics/motion/error_joint_pos: 1.1489
         Metrics/motion/error_joint_vel: 5.5162
        Metrics/motion/sampling_entropy: 0.0000
      Metrics/motion/sampling_top1_prob: 0.0000
       Metrics/motion/sampling_top1_bin: 0.0000
      Metrics/motion/error_body_lin_vel: 0.4704
      Metrics/motion/error_body_ang_vel: 1.6020
           Episode_Termination/time_out: 0.0000
         Episode_Termination/anchor_pos: 0.0000
         Episode_Termination/anchor_ori: 0.0000
        Episode_Termination/ee_body_pos: 0.2222
Episode_Termination/corpus_clip_time_out: 0.0000
Episode_Termination/invalid_native_model_actuation: 0.0000
Episode_Termination/world_root_tracking_failure: 1.1111
 Episode_Reward/world_potential_shaping: 0.0533
--------------------------------------------------------------------------------
                         Iteration time: 2.42s
                           Time elapsed: 00:18:16
                                    ETA: 00:04:30

################################################################################
[1m                          Learning iteration 901/1000                           [0m 

                               Run name: original_core_920ms_fresh
                            Total steps: 823296 
                       Steps per second: 864 
                        Collection time: 2.203s 
                          Learning time: 0.167s 
                        Mean value loss: 318.0612
                    Mean surrogate loss: -0.0092
                      Mean entropy loss: -20.3218
                            Mean reward: 895.62
                    Mean episode length: 261.64
                        Mean action std: 0.10
  Episode_Reward/motion_global_root_pos: 0.0094
  Episode_Reward/motion_global_root_ori: 0.0092
         Episode_Reward/motion_body_pos: 0.0184
         Episode_Reward/motion_body_ori: 0.0165
     Episode_Reward/motion_body_lin_vel: 0.0190
     Episode_Reward/motion_body_ang_vel: 0.0182
          Episode_Reward/action_rate_l2: -0.0019
             Episode_Reward/joint_limit: -0.0000
         Episode_Reward/self_collisions: -0.0067
Episode_Reward/action_target_reference_l2: -0.0098
Episode_Reward/action_target_soft_limit_barrier: -0.0025
                   Episode_Reward/alive: 2.4395
 Episode_Reward/non_timeout_termination: -0.6889
Episode_Reward/worst_ee_z_normalized_squared: -0.0179
Episode_Reward/right_wrist_prethreshold_barrier: -0.0008
 Episode_Reward/requested_effort_excess: -0.0000
Episode_Reward/root_world_tracking_error: -0.0059
Episode_Reward/measured_joint_posture_l2: -0.0253
Episode_Reward/measured_feet_world_position_l2: -0.0160
Episode_Reward/original_task_position_l2: -0.0124
Episode_Reward/original_task_orientation_l2: -0.0117
        Metrics/motion/error_anchor_pos: 0.2704
        Metrics/motion/error_anchor_rot: 0.1736
    Metrics/motion/error_anchor_lin_vel: 0.6963
    Metrics/motion/error_anchor_ang_vel: 0.9754
          Metrics/motion/error_body_pos: 0.2764
          Metrics/motion/error_body_rot: 0.3261
         Metrics/motion/error_joint_pos: 1.1987
         Metrics/motion/error_joint_vel: 5.4959
        Metrics/motion/sampling_entropy: 0.0000
      Metrics/motion/sampling_top1_prob: 0.0000
       Metrics/motion/sampling_top1_bin: 0.0000
      Metrics/motion/error_body_lin_vel: 0.7908
      Metrics/motion/error_body_ang_vel: 1.7214
           Episode_Termination/time_out: 0.0000
         Episode_Termination/anchor_pos: 0.0000
         Episode_Termination/anchor_ori: 0.0000
        Episode_Termination/ee_body_pos: 0.0000
Episode_Termination/corpus_clip_time_out: 0.2000
Episode_Termination/invalid_native_model_actuation: 0.0000
Episode_Termination/world_root_tracking_failure: 1.4000
 Episode_Reward/world_potential_shaping: 0.0309
--------------------------------------------------------------------------------
                         Iteration time: 2.37s
                           Time elapsed: 00:18:19
                                    ETA: 00:04:27

################################################################################
[1m                          Learning iteration 902/1000                           [0m 

                               Run name: original_core_920ms_fresh
                            Total steps: 825344 
                       Steps per second: 395 
                        Collection time: 5.009s 
                          Learning time: 0.174s 
                        Mean value loss: 309.7036
                    Mean surrogate loss: -0.0104
                      Mean entropy loss: -20.3218
                            Mean reward: 901.49
                    Mean episode length: 265.05
                        Mean action std: 0.10
--------------------------------------------------------------------------------
                         Iteration time: 5.18s
                           Time elapsed: 00:18:24
                                    ETA: 00:04:25

################################################################################
[1m                          Learning iteration 903/1000                           [0m 

                               Run name: original_core_920ms_fresh
                            Total steps: 827392 
                       Steps per second: 868 
                        Collection time: 2.181s 
                          Learning time: 0.176s 
                        Mean value loss: 348.1985
                    Mean surrogate loss: -0.0083
                      Mean entropy loss: -20.3218
                            Mean reward: 894.21
                    Mean episode length: 262.66
                        Mean action std: 0.10
  Episode_Reward/motion_global_root_pos: 0.0152
  Episode_Reward/motion_global_root_ori: 0.0166
         Episode_Reward/motion_body_pos: 0.0303
         Episode_Reward/motion_body_ori: 0.0266
     Episode_Reward/motion_body_lin_vel: 0.0327
     Episode_Reward/motion_body_ang_vel: 0.0296
          Episode_Reward/action_rate_l2: -0.0036
             Episode_Reward/joint_limit: -0.0012
         Episode_Reward/self_collisions: -0.0033
Episode_Reward/action_target_reference_l2: -0.0217
Episode_Reward/action_target_soft_limit_barrier: -0.0037
                   Episode_Reward/alive: 4.2952
 Episode_Reward/non_timeout_termination: -0.7655
Episode_Reward/worst_ee_z_normalized_squared: -0.0836
Episode_Reward/right_wrist_prethreshold_barrier: -0.0014
 Episode_Reward/requested_effort_excess: -0.0000
Episode_Reward/root_world_tracking_error: -0.0134
Episode_Reward/measured_joint_posture_l2: -0.0490
Episode_Reward/measured_feet_world_position_l2: -0.0292
Episode_Reward/original_task_position_l2: -0.0255
Episode_Reward/original_task_orientation_l2: -0.0218
        Metrics/motion/error_anchor_pos: 0.2806
        Metrics/motion/error_anchor_rot: 0.1497
    Metrics/motion/error_anchor_lin_vel: 0.5825
    Metrics/motion/error_anchor_ang_vel: 0.6541
          Metrics/motion/error_body_pos: 0.2961
          Metrics/motion/error_body_rot: 0.3433
         Metrics/motion/error_joint_pos: 1.1391
         Metrics/motion/error_joint_vel: 4.6344
        Metrics/motion/sampling_entropy: 0.0000
      Metrics/motion/sampling_top1_prob: 0.0000
       Metrics/motion/sampling_top1_bin: 0.0000
      Metrics/motion/error_body_lin_vel: 0.6302
      Metrics/motion/error_body_ang_vel: 1.3355
           Episode_Termination/time_out: 0.0000
         Episode_Termination/anchor_pos: 0.0000
         Episode_Termination/anchor_ori: 0.0000
        Episode_Termination/ee_body_pos: 0.0000
Episode_Termination/corpus_clip_time_out: 0.0000
Episode_Termination/invalid_native_model_actuation: 0.0000
Episode_Termination/world_root_tracking_failure: 1.3333
 Episode_Reward/world_potential_shaping: 0.0545
--------------------------------------------------------------------------------
                         Iteration time: 2.36s
                           Time elapsed: 00:18:26
                                    ETA: 00:04:22

################################################################################
[1m                          Learning iteration 904/1000                           [0m 

                               Run name: original_core_920ms_fresh
                            Total steps: 829440 
                       Steps per second: 853 
                        Collection time: 2.235s 
                          Learning time: 0.164s 
                        Mean value loss: 434.8957
                    Mean surrogate loss: -0.0130
                      Mean entropy loss: -20.3218
                            Mean reward: 910.94
                    Mean episode length: 269.63
                        Mean action std: 0.10
  Episode_Reward/motion_global_root_pos: 0.0193
  Episode_Reward/motion_global_root_ori: 0.0235
         Episode_Reward/motion_body_pos: 0.0383
         Episode_Reward/motion_body_ori: 0.0395
     Episode_Reward/motion_body_lin_vel: 0.0482
     Episode_Reward/motion_body_ang_vel: 0.0449
          Episode_Reward/action_rate_l2: -0.0048
             Episode_Reward/joint_limit: -0.0005
         Episode_Reward/self_collisions: -0.0071
Episode_Reward/action_target_reference_l2: -0.0272
Episode_Reward/action_target_soft_limit_barrier: -0.0043
                   Episode_Reward/alive: 6.1277
 Episode_Reward/non_timeout_termination: -0.5468
Episode_Reward/worst_ee_z_normalized_squared: -0.0778
Episode_Reward/right_wrist_prethreshold_barrier: -0.0076
 Episode_Reward/requested_effort_excess: -0.0000
Episode_Reward/root_world_tracking_error: -0.0222
Episode_Reward/measured_joint_posture_l2: -0.0621
Episode_Reward/measured_feet_world_position_l2: -0.0471
Episode_Reward/original_task_position_l2: -0.0390
Episode_Reward/original_task_orientation_l2: -0.0290
        Metrics/motion/error_anchor_pos: 0.2438
        Metrics/motion/error_anchor_rot: 0.1487
    Metrics/motion/error_anchor_lin_vel: 0.3317
    Metrics/motion/error_anchor_ang_vel: 0.7157
          Metrics/motion/error_body_pos: 0.2467
          Metrics/motion/error_body_rot: 0.2834
         Metrics/motion/error_joint_pos: 0.9178
         Metrics/motion/error_joint_vel: 4.0108
        Metrics/motion/sampling_entropy: 0.0000
      Metrics/motion/sampling_top1_prob: 0.0000
       Metrics/motion/sampling_top1_bin: 0.0000
      Metrics/motion/error_body_lin_vel: 0.3194
      Metrics/motion/error_body_ang_vel: 1.0566
           Episode_Termination/time_out: 0.0000
         Episode_Termination/anchor_pos: 0.0000
         Episode_Termination/anchor_ori: 0.0000
        Episode_Termination/ee_body_pos: 0.1429
Episode_Termination/corpus_clip_time_out: 0.2857
Episode_Termination/invalid_native_model_actuation: 0.0000
Episode_Termination/world_root_tracking_failure: 0.7143
 Episode_Reward/world_potential_shaping: 0.0781
--------------------------------------------------------------------------------
                         Iteration time: 2.40s
                           Time elapsed: 00:18:28
                                    ETA: 00:04:20

################################################################################
[1m                          Learning iteration 905/1000                           [0m 

                               Run name: original_core_920ms_fresh
                            Total steps: 831488 
                       Steps per second: 870 
                        Collection time: 2.161s 
                          Learning time: 0.192s 
                        Mean value loss: 331.9735
                    Mean surrogate loss: -0.0134
                      Mean entropy loss: -20.3218
                            Mean reward: 876.23
                    Mean episode length: 259.95
                        Mean action std: 0.10
  Episode_Reward/motion_global_root_pos: 0.0123
  Episode_Reward/motion_global_root_ori: 0.0131
         Episode_Reward/motion_body_pos: 0.0248
         Episode_Reward/motion_body_ori: 0.0223
     Episode_Reward/motion_body_lin_vel: 0.0271
     Episode_Reward/motion_body_ang_vel: 0.0256
          Episode_Reward/action_rate_l2: -0.0027
             Episode_Reward/joint_limit: -0.0001
         Episode_Reward/self_collisions: -0.0012
Episode_Reward/action_target_reference_l2: -0.0138
Episode_Reward/action_target_soft_limit_barrier: -0.0022
                   Episode_Reward/alive: 3.4752
 Episode_Reward/non_timeout_termination: -0.6698
Episode_Reward/worst_ee_z_normalized_squared: -0.0355
Episode_Reward/right_wrist_prethreshold_barrier: -0.0003
 Episode_Reward/requested_effort_excess: -0.0000
Episode_Reward/root_world_tracking_error: -0.0105
Episode_Reward/measured_joint_posture_l2: -0.0343
Episode_Reward/measured_feet_world_position_l2: -0.0249
Episode_Reward/original_task_position_l2: -0.0180
Episode_Reward/original_task_orientation_l2: -0.0153
        Metrics/motion/error_anchor_pos: 0.2614
        Metrics/motion/error_anchor_rot: 0.1778
    Metrics/motion/error_anchor_lin_vel: 0.5514
    Metrics/motion/error_anchor_ang_vel: 0.6948
          Metrics/motion/error_body_pos: 0.2690
          Metrics/motion/error_body_rot: 0.3248
         Metrics/motion/error_joint_pos: 1.0648
         Metrics/motion/error_joint_vel: 4.5838
        Metrics/motion/sampling_entropy: 0.0000
      Metrics/motion/sampling_top1_prob: 0.0000
       Metrics/motion/sampling_top1_bin: 0.0000
      Metrics/motion/error_body_lin_vel: 0.5676
      Metrics/motion/error_body_ang_vel: 1.2706
           Episode_Termination/time_out: 0.0000
         Episode_Termination/anchor_pos: 0.0000
         Episode_Termination/anchor_ori: 0.0000
        Episode_Termination/ee_body_pos: 0.0000
Episode_Termination/corpus_clip_time_out: 0.2500
Episode_Termination/invalid_native_model_actuation: 0.0000
Episode_Termination/world_root_tracking_failure: 1.2500
 Episode_Reward/world_potential_shaping: 0.0460
--------------------------------------------------------------------------------
                         Iteration time: 2.35s
                           Time elapsed: 00:18:31
                                    ETA: 00:04:17

################################################################################
[1m                          Learning iteration 906/1000                           [0m 

                               Run name: original_core_920ms_fresh
                            Total steps: 833536 
                       Steps per second: 805 
                        Collection time: 2.363s 
                          Learning time: 0.179s 
                        Mean value loss: 612.7226
                    Mean surrogate loss: -0.0088
                      Mean entropy loss: -20.3218
                            Mean reward: 901.69
                    Mean episode length: 267.38
                        Mean action std: 0.10
  Episode_Reward/motion_global_root_pos: 0.0164
  Episode_Reward/motion_global_root_ori: 0.0178
         Episode_Reward/motion_body_pos: 0.0326
         Episode_Reward/motion_body_ori: 0.0293
     Episode_Reward/motion_body_lin_vel: 0.0355
     Episode_Reward/motion_body_ang_vel: 0.0321
          Episode_Reward/action_rate_l2: -0.0039
             Episode_Reward/joint_limit: -0.0007
         Episode_Reward/self_collisions: -0.0073
Episode_Reward/action_target_reference_l2: -0.0232
Episode_Reward/action_target_soft_limit_barrier: -0.0036
                   Episode_Reward/alive: 4.6247
 Episode_Reward/non_timeout_termination: -0.7655
Episode_Reward/worst_ee_z_normalized_squared: -0.0768
Episode_Reward/right_wrist_prethreshold_barrier: -0.0056
 Episode_Reward/requested_effort_excess: -0.0000
Episode_Reward/root_world_tracking_error: -0.0137
Episode_Reward/measured_joint_posture_l2: -0.0513
Episode_Reward/measured_feet_world_position_l2: -0.0334
Episode_Reward/original_task_position_l2: -0.0269
Episode_Reward/original_task_orientation_l2: -0.0228
        Metrics/motion/error_anchor_pos: 0.2786
        Metrics/motion/error_anchor_rot: 0.2014
    Metrics/motion/error_anchor_lin_vel: 0.5175
    Metrics/motion/error_anchor_ang_vel: 0.9262
          Metrics/motion/error_body_pos: 0.2922
          Metrics/motion/error_body_rot: 0.3882
         Metrics/motion/error_joint_pos: 1.2553
         Metrics/motion/error_joint_vel: 6.5066
        Metrics/motion/sampling_entropy: 0.0000
      Metrics/motion/sampling_top1_prob: 0.0000
       Metrics/motion/sampling_top1_bin: 0.0000
      Metrics/motion/error_body_lin_vel: 0.5629
      Metrics/motion/error_body_ang_vel: 1.8190
           Episode_Termination/time_out: 0.0000
         Episode_Termination/anchor_pos: 0.0000
         Episode_Termination/anchor_ori: 0.0000
        Episode_Termination/ee_body_pos: 0.1429
Episode_Termination/corpus_clip_time_out: 0.0000
Episode_Termination/invalid_native_model_actuation: 0.0000
Episode_Termination/world_root_tracking_failure: 1.0000
 Episode_Reward/world_potential_shaping: 0.0602
--------------------------------------------------------------------------------
                         Iteration time: 2.54s
                           Time elapsed: 00:18:33
                                    ETA: 00:04:14

################################################################################
[1m                          Learning iteration 907/1000                           [0m 

                               Run name: original_core_920ms_fresh
                            Total steps: 835584 
                       Steps per second: 879 
                        Collection time: 2.159s 
                          Learning time: 0.171s 
                        Mean value loss: 375.6875
                    Mean surrogate loss: -0.0138
                      Mean entropy loss: -20.3218
                            Mean reward: 936.30
                    Mean episode length: 276.95
                        Mean action std: 0.10
--------------------------------------------------------------------------------
                         Iteration time: 2.33s
                           Time elapsed: 00:18:36
                                    ETA: 00:04:11

################################################################################
[1m                          Learning iteration 908/1000                           [0m 

                               Run name: original_core_920ms_fresh
                            Total steps: 837632 
                       Steps per second: 897 
                        Collection time: 2.114s 
                          Learning time: 0.168s 
                        Mean value loss: 520.3506
                    Mean surrogate loss: -0.0080
                      Mean entropy loss: -20.3218
                            Mean reward: 930.30
                    Mean episode length: 276.56
                        Mean action std: 0.10
--------------------------------------------------------------------------------
                         Iteration time: 2.28s
                           Time elapsed: 00:18:38
                                    ETA: 00:04:08

################################################################################
[1m                          Learning iteration 909/1000                           [0m 

                               Run name: original_core_920ms_fresh
                            Total steps: 839680 
                       Steps per second: 886 
                        Collection time: 2.138s 
                          Learning time: 0.173s 
                        Mean value loss: 401.2406
                    Mean surrogate loss: -0.0029
                      Mean entropy loss: -20.3218
                            Mean reward: 933.88
                    Mean episode length: 277.83
                        Mean action std: 0.10
--------------------------------------------------------------------------------
                         Iteration time: 2.31s
                           Time elapsed: 00:18:40
                                    ETA: 00:04:06

################################################################################
[1m                          Learning iteration 910/1000                           [0m 

                               Run name: original_core_920ms_fresh
                            Total steps: 841728 
                       Steps per second: 808 
                        Collection time: 2.337s 
                          Learning time: 0.196s 
                        Mean value loss: 409.3873
                    Mean surrogate loss: -0.0072
                      Mean entropy loss: -20.3218
                            Mean reward: 842.30
                    Mean episode length: 255.77
                        Mean action std: 0.10
  Episode_Reward/motion_global_root_pos: 0.0099
  Episode_Reward/motion_global_root_ori: 0.0104
         Episode_Reward/motion_body_pos: 0.0197
         Episode_Reward/motion_body_ori: 0.0161
     Episode_Reward/motion_body_lin_vel: 0.0201
     Episode_Reward/motion_body_ang_vel: 0.0174
          Episode_Reward/action_rate_l2: -0.0025
             Episode_Reward/joint_limit: -0.0003
         Episode_Reward/self_collisions: -0.0025
Episode_Reward/action_target_reference_l2: -0.0156
Episode_Reward/action_target_soft_limit_barrier: -0.0027
                   Episode_Reward/alive: 2.7642
 Episode_Reward/non_timeout_termination: -0.7655
Episode_Reward/worst_ee_z_normalized_squared: -0.0396
Episode_Reward/right_wrist_prethreshold_barrier: -0.0000
 Episode_Reward/requested_effort_excess: -0.0000
Episode_Reward/root_world_tracking_error: -0.0097
Episode_Reward/measured_joint_posture_l2: -0.0381
Episode_Reward/measured_feet_world_position_l2: -0.0189
Episode_Reward/original_task_position_l2: -0.0158
Episode_Reward/original_task_orientation_l2: -0.0163
        Metrics/motion/error_anchor_pos: 0.2905
        Metrics/motion/error_anchor_rot: 0.1479
    Metrics/motion/error_anchor_lin_vel: 0.5180
    Metrics/motion/error_anchor_ang_vel: 0.9909
          Metrics/motion/error_body_pos: 0.2974
          Metrics/motion/error_body_rot: 0.3182
         Metrics/motion/error_joint_pos: 1.1046
         Metrics/motion/error_joint_vel: 6.3980
        Metrics/motion/sampling_entropy: 0.0000
      Metrics/motion/sampling_top1_prob: 0.0000
       Metrics/motion/sampling_top1_bin: 0.0000
      Metrics/motion/error_body_lin_vel: 0.5763
      Metrics/motion/error_body_ang_vel: 1.6279
           Episode_Termination/time_out: 0.0000
         Episode_Termination/anchor_pos: 0.0000
         Episode_Termination/anchor_ori: 0.0000
        Episode_Termination/ee_body_pos: 0.0000
Episode_Termination/corpus_clip_time_out: 0.0000
Episode_Termination/invalid_native_model_actuation: 0.0000
Episode_Termination/world_root_tracking_failure: 1.4000
 Episode_Reward/world_potential_shaping: 0.0376
--------------------------------------------------------------------------------
                         Iteration time: 2.53s
                           Time elapsed: 00:18:43
                                    ETA: 00:04:03

################################################################################
[1m                          Learning iteration 911/1000                           [0m 

                               Run name: original_core_920ms_fresh
                            Total steps: 843776 
                       Steps per second: 715 
                        Collection time: 2.693s 
                          Learning time: 0.171s 
                        Mean value loss: 715.9453
                    Mean surrogate loss: -0.0083
                      Mean entropy loss: -20.3218
                            Mean reward: 838.06
                    Mean episode length: 256.21
                        Mean action std: 0.10
--------------------------------------------------------------------------------
                         Iteration time: 2.86s
                           Time elapsed: 00:18:46
                                    ETA: 00:04:00

################################################################################
[1m                          Learning iteration 912/1000                           [0m 

                               Run name: original_core_920ms_fresh
                            Total steps: 845824 
                       Steps per second: 866 
                        Collection time: 2.203s 
                          Learning time: 0.162s 
                        Mean value loss: 478.3267
                    Mean surrogate loss: -0.0109
                      Mean entropy loss: -20.3218
                            Mean reward: 929.33
                    Mean episode length: 279.42
                        Mean action std: 0.10
  Episode_Reward/motion_global_root_pos: 0.0204
  Episode_Reward/motion_global_root_ori: 0.0224
         Episode_Reward/motion_body_pos: 0.0409
         Episode_Reward/motion_body_ori: 0.0393
     Episode_Reward/motion_body_lin_vel: 0.0467
     Episode_Reward/motion_body_ang_vel: 0.0440
          Episode_Reward/action_rate_l2: -0.0044
             Episode_Reward/joint_limit: -0.0007
         Episode_Reward/self_collisions: -0.0157
Episode_Reward/action_target_reference_l2: -0.0246
Episode_Reward/action_target_soft_limit_barrier: -0.0041
                   Episode_Reward/alive: 5.8616
 Episode_Reward/non_timeout_termination: -0.7655
Episode_Reward/worst_ee_z_normalized_squared: -0.0884
Episode_Reward/right_wrist_prethreshold_barrier: -0.0081
 Episode_Reward/requested_effort_excess: -0.0000
Episode_Reward/root_world_tracking_error: -0.0159
Episode_Reward/measured_joint_posture_l2: -0.0540
Episode_Reward/measured_feet_world_position_l2: -0.0424
Episode_Reward/original_task_position_l2: -0.0325
Episode_Reward/original_task_orientation_l2: -0.0269
        Metrics/motion/error_anchor_pos: 0.2838
        Metrics/motion/error_anchor_rot: 0.1611
    Metrics/motion/error_anchor_lin_vel: 0.6036
    Metrics/motion/error_anchor_ang_vel: 1.0063
          Metrics/motion/error_body_pos: 0.2960
          Metrics/motion/error_body_rot: 0.3307
         Metrics/motion/error_joint_pos: 1.0747
         Metrics/motion/error_joint_vel: 5.4016
        Metrics/motion/sampling_entropy: 0.0000
      Metrics/motion/sampling_top1_prob: 0.0000
       Metrics/motion/sampling_top1_bin: 0.0000
      Metrics/motion/error_body_lin_vel: 0.6652
      Metrics/motion/error_body_ang_vel: 1.6982
           Episode_Termination/time_out: 0.0000
         Episode_Termination/anchor_pos: 0.0000
         Episode_Termination/anchor_ori: 0.0000
        Episode_Termination/ee_body_pos: 0.0000
Episode_Termination/corpus_clip_time_out: 0.0000
Episode_Termination/invalid_native_model_actuation: 0.0000
Episode_Termination/world_root_tracking_failure: 1.4286
 Episode_Reward/world_potential_shaping: 0.0716
--------------------------------------------------------------------------------
                         Iteration time: 2.36s
                           Time elapsed: 00:18:48
                                    ETA: 00:03:57

################################################################################
[1m                          Learning iteration 913/1000                           [0m 

                               Run name: original_core_920ms_fresh
                            Total steps: 847872 
                       Steps per second: 882 
                        Collection time: 2.145s 
                          Learning time: 0.175s 
                        Mean value loss: 348.7437
                    Mean surrogate loss: -0.0110
                      Mean entropy loss: -20.3218
                            Mean reward: 904.79
                    Mean episode length: 271.52
                        Mean action std: 0.10
--------------------------------------------------------------------------------
                         Iteration time: 2.32s
                           Time elapsed: 00:18:50
                                    ETA: 00:03:54

################################################################################
[1m                          Learning iteration 914/1000                           [0m 

                               Run name: original_core_920ms_fresh
                            Total steps: 849920 
                       Steps per second: 904 
                        Collection time: 2.090s 
                          Learning time: 0.175s 
                        Mean value loss: 519.7955
                    Mean surrogate loss: -0.0052
                      Mean entropy loss: -20.3218
                            Mean reward: 904.73
                    Mean episode length: 272.40
                        Mean action std: 0.10
--------------------------------------------------------------------------------
                         Iteration time: 2.26s
                           Time elapsed: 00:18:53
                                    ETA: 00:03:52

################################################################################
[1m                          Learning iteration 915/1000                           [0m 

                               Run name: original_core_920ms_fresh
                            Total steps: 851968 
                       Steps per second: 386 
                        Collection time: 5.128s 
                          Learning time: 0.165s 
                        Mean value loss: 537.1078
                    Mean surrogate loss: -0.0081
                      Mean entropy loss: -20.3218
                            Mean reward: 933.34
                    Mean episode length: 281.75
                        Mean action std: 0.10
  Episode_Reward/motion_global_root_pos: 0.0208
  Episode_Reward/motion_global_root_ori: 0.0234
         Episode_Reward/motion_body_pos: 0.0416
         Episode_Reward/motion_body_ori: 0.0397
     Episode_Reward/motion_body_lin_vel: 0.0484
     Episode_Reward/motion_body_ang_vel: 0.0458
          Episode_Reward/action_rate_l2: -0.0045
             Episode_Reward/joint_limit: -0.0011
         Episode_Reward/self_collisions: -0.0126
Episode_Reward/action_target_reference_l2: -0.0271
Episode_Reward/action_target_soft_limit_barrier: -0.0055
                   Episode_Reward/alive: 6.0339
 Episode_Reward/non_timeout_termination: -0.7655
Episode_Reward/worst_ee_z_normalized_squared: -0.1085
Episode_Reward/right_wrist_prethreshold_barrier: -0.0116
 Episode_Reward/requested_effort_excess: -0.0000
Episode_Reward/root_world_tracking_error: -0.0166
Episode_Reward/measured_joint_posture_l2: -0.0640
Episode_Reward/measured_feet_world_position_l2: -0.0433
Episode_Reward/original_task_position_l2: -0.0357
Episode_Reward/original_task_orientation_l2: -0.0292
        Metrics/motion/error_anchor_pos: 0.2598
        Metrics/motion/error_anchor_rot: 0.1602
    Metrics/motion/error_anchor_lin_vel: 0.5204
    Metrics/motion/error_anchor_ang_vel: 1.8593
          Metrics/motion/error_body_pos: 0.2580
          Metrics/motion/error_body_rot: 0.3209
         Metrics/motion/error_joint_pos: 1.2039
         Metrics/motion/error_joint_vel: 6.9090
        Metrics/motion/sampling_entropy: 0.0000
      Metrics/motion/sampling_top1_prob: 0.0000
       Metrics/motion/sampling_top1_bin: 0.0000
      Metrics/motion/error_body_lin_vel: 0.5621
      Metrics/motion/error_body_ang_vel: 1.9206
           Episode_Termination/time_out: 0.0000
         Episode_Termination/anchor_pos: 0.0000
         Episode_Termination/anchor_ori: 0.0000
        Episode_Termination/ee_body_pos: 0.1667
Episode_Termination/corpus_clip_time_out: 0.0000
Episode_Termination/invalid_native_model_actuation: 0.0000
Episode_Termination/world_root_tracking_failure: 1.0000
 Episode_Reward/world_potential_shaping: 0.0719
--------------------------------------------------------------------------------
                         Iteration time: 5.29s
                           Time elapsed: 00:18:58
                                    ETA: 00:03:49

################################################################################
[1m                          Learning iteration 916/1000                           [0m 

                               Run name: original_core_920ms_fresh
                            Total steps: 854016 
                       Steps per second: 907 
                        Collection time: 2.094s 
                          Learning time: 0.163s 
                        Mean value loss: 505.4193
                    Mean surrogate loss: -0.0106
                      Mean entropy loss: -20.3218
                            Mean reward: 924.93
                    Mean episode length: 278.15
                        Mean action std: 0.10
--------------------------------------------------------------------------------
                         Iteration time: 2.26s
                           Time elapsed: 00:19:00
                                    ETA: 00:03:47

################################################################################
[1m                          Learning iteration 917/1000                           [0m 

                               Run name: original_core_920ms_fresh
                            Total steps: 856064 
                       Steps per second: 906 
                        Collection time: 2.099s 
                          Learning time: 0.161s 
                        Mean value loss: 377.4429
                    Mean surrogate loss: -0.0123
                      Mean entropy loss: -20.3218
                            Mean reward: 897.55
                    Mean episode length: 270.64
                        Mean action std: 0.10
--------------------------------------------------------------------------------
                         Iteration time: 2.26s
                           Time elapsed: 00:19:02
                                    ETA: 00:03:44

################################################################################
[1m                          Learning iteration 918/1000                           [0m 

                               Run name: original_core_920ms_fresh
                            Total steps: 858112 
                       Steps per second: 868 
                        Collection time: 2.191s 
                          Learning time: 0.168s 
                        Mean value loss: 360.6581
                    Mean surrogate loss: -0.0127
                      Mean entropy loss: -20.3218
                            Mean reward: 905.72
                    Mean episode length: 272.38
                        Mean action std: 0.10
--------------------------------------------------------------------------------
                         Iteration time: 2.36s
                           Time elapsed: 00:19:05
                                    ETA: 00:03:41

################################################################################
[1m                          Learning iteration 919/1000                           [0m 

                               Run name: original_core_920ms_fresh
                            Total steps: 860160 
                       Steps per second: 907 
                        Collection time: 2.092s 
                          Learning time: 0.166s 
                        Mean value loss: 363.0580
                    Mean surrogate loss: -0.0071
                      Mean entropy loss: -20.3217
                            Mean reward: 899.61
                    Mean episode length: 270.75
                        Mean action std: 0.10
  Episode_Reward/motion_global_root_pos: 0.0110
  Episode_Reward/motion_global_root_ori: 0.0132
         Episode_Reward/motion_body_pos: 0.0211
         Episode_Reward/motion_body_ori: 0.0223
     Episode_Reward/motion_body_lin_vel: 0.0271
     Episode_Reward/motion_body_ang_vel: 0.0249
          Episode_Reward/action_rate_l2: -0.0029
             Episode_Reward/joint_limit: -0.0007
         Episode_Reward/self_collisions: -0.0044
Episode_Reward/action_target_reference_l2: -0.0172
Episode_Reward/action_target_soft_limit_barrier: -0.0028
                   Episode_Reward/alive: 3.4950
 Episode_Reward/non_timeout_termination: -0.7655
Episode_Reward/worst_ee_z_normalized_squared: -0.0585
Episode_Reward/right_wrist_prethreshold_barrier: -0.0032
 Episode_Reward/requested_effort_excess: -0.0000
Episode_Reward/root_world_tracking_error: -0.0136
Episode_Reward/measured_joint_posture_l2: -0.0425
Episode_Reward/measured_feet_world_position_l2: -0.0274
Episode_Reward/original_task_position_l2: -0.0235
Episode_Reward/original_task_orientation_l2: -0.0174
        Metrics/motion/error_anchor_pos: 0.2940
        Metrics/motion/error_anchor_rot: 0.1806
    Metrics/motion/error_anchor_lin_vel: 0.4089
    Metrics/motion/error_anchor_ang_vel: 0.9434
          Metrics/motion/error_body_pos: 0.3011
          Metrics/motion/error_body_rot: 0.3100
         Metrics/motion/error_joint_pos: 1.1475
         Metrics/motion/error_joint_vel: 7.0441
        Metrics/motion/sampling_entropy: 0.0000
      Metrics/motion/sampling_top1_prob: 0.0000
       Metrics/motion/sampling_top1_bin: 0.0000
      Metrics/motion/error_body_lin_vel: 0.4388
      Metrics/motion/error_body_ang_vel: 1.6726
           Episode_Termination/time_out: 0.0000
         Episode_Termination/anchor_pos: 0.0000
         Episode_Termination/anchor_ori: 0.0000
        Episode_Termination/ee_body_pos: 0.0000
Episode_Termination/corpus_clip_time_out: 0.0000
Episode_Termination/invalid_native_model_actuation: 0.0000
Episode_Termination/world_root_tracking_failure: 1.0000
 Episode_Reward/world_potential_shaping: 0.0599
--------------------------------------------------------------------------------
                         Iteration time: 2.26s
                           Time elapsed: 00:19:07
                                    ETA: 00:03:38

################################################################################
[1m                          Learning iteration 920/1000                           [0m 

                               Run name: original_core_920ms_fresh
                            Total steps: 862208 
                       Steps per second: 897 
                        Collection time: 2.100s 
                          Learning time: 0.183s 
                        Mean value loss: 310.0979
                    Mean surrogate loss: -0.0117
                      Mean entropy loss: -20.3217
                            Mean reward: 880.12
                    Mean episode length: 265.40
                        Mean action std: 0.10
--------------------------------------------------------------------------------
                         Iteration time: 2.28s
                           Time elapsed: 00:19:09
                                    ETA: 00:03:35

################################################################################
[1m                          Learning iteration 921/1000                           [0m 

                               Run name: original_core_920ms_fresh
                            Total steps: 864256 
                       Steps per second: 893 
                        Collection time: 2.129s 
                          Learning time: 0.164s 
                        Mean value loss: 433.7525
                    Mean surrogate loss: -0.0107
                      Mean entropy loss: -20.3217
                            Mean reward: 841.15
                    Mean episode length: 256.97
                        Mean action std: 0.10
--------------------------------------------------------------------------------
                         Iteration time: 2.29s
                           Time elapsed: 00:19:12
                                    ETA: 00:03:32

################################################################################
[1m                          Learning iteration 922/1000                           [0m 

                               Run name: original_core_920ms_fresh
                            Total steps: 866304 
                       Steps per second: 858 
                        Collection time: 2.216s 
                          Learning time: 0.171s 
                        Mean value loss: 307.9625
                    Mean surrogate loss: -0.0134
                      Mean entropy loss: -20.3217
                            Mean reward: 879.39
                    Mean episode length: 267.09
                        Mean action std: 0.10
--------------------------------------------------------------------------------
                         Iteration time: 2.39s
                           Time elapsed: 00:19:14
                                    ETA: 00:03:30

################################################################################
[1m                          Learning iteration 923/1000                           [0m 

                               Run name: original_core_920ms_fresh
                            Total steps: 868352 
                       Steps per second: 853 
                        Collection time: 2.200s 
                          Learning time: 0.200s 
                        Mean value loss: 869.4379
                    Mean surrogate loss: -0.0109
                      Mean entropy loss: -20.3218
                            Mean reward: 804.15
                    Mean episode length: 248.61
                        Mean action std: 0.10
--------------------------------------------------------------------------------
                         Iteration time: 2.40s
                           Time elapsed: 00:19:16
                                    ETA: 00:03:27

################################################################################
[1m                          Learning iteration 924/1000                           [0m 

                               Run name: original_core_920ms_fresh
                            Total steps: 870400 
                       Steps per second: 706 
                        Collection time: 2.731s 
                          Learning time: 0.169s 
                        Mean value loss: 352.9475
                    Mean surrogate loss: -0.0126
                      Mean entropy loss: -20.3218
                            Mean reward: 791.21
                    Mean episode length: 243.30
                        Mean action std: 0.10
--------------------------------------------------------------------------------
                         Iteration time: 2.90s
                           Time elapsed: 00:19:19
                                    ETA: 00:03:24

################################################################################
[1m                          Learning iteration 925/1000                           [0m 

                               Run name: original_core_920ms_fresh
                            Total steps: 872448 
                       Steps per second: 876 
                        Collection time: 2.172s 
                          Learning time: 0.164s 
                        Mean value loss: 253.0312
                    Mean surrogate loss: -0.0146
                      Mean entropy loss: -20.3218
                            Mean reward: 794.04
                    Mean episode length: 244.78
                        Mean action std: 0.10
  Episode_Reward/motion_global_root_pos: 0.0090
  Episode_Reward/motion_global_root_ori: 0.0096
         Episode_Reward/motion_body_pos: 0.0176
         Episode_Reward/motion_body_ori: 0.0161
     Episode_Reward/motion_body_lin_vel: 0.0196
     Episode_Reward/motion_body_ang_vel: 0.0181
          Episode_Reward/action_rate_l2: -0.0021
             Episode_Reward/joint_limit: -0.0002
         Episode_Reward/self_collisions: -0.0073
Episode_Reward/action_target_reference_l2: -0.0121
Episode_Reward/action_target_soft_limit_barrier: -0.0023
                   Episode_Reward/alive: 2.5809
 Episode_Reward/non_timeout_termination: -0.7655
Episode_Reward/worst_ee_z_normalized_squared: -0.0272
Episode_Reward/right_wrist_prethreshold_barrier: -0.0018
 Episode_Reward/requested_effort_excess: -0.0000
Episode_Reward/root_world_tracking_error: -0.0083
Episode_Reward/measured_joint_posture_l2: -0.0314
Episode_Reward/measured_feet_world_position_l2: -0.0191
Episode_Reward/original_task_position_l2: -0.0159
Episode_Reward/original_task_orientation_l2: -0.0138
        Metrics/motion/error_anchor_pos: 0.2634
        Metrics/motion/error_anchor_rot: 0.1779
    Metrics/motion/error_anchor_lin_vel: 0.5622
    Metrics/motion/error_anchor_ang_vel: 1.1762
          Metrics/motion/error_body_pos: 0.2732
          Metrics/motion/error_body_rot: 0.3428
         Metrics/motion/error_joint_pos: 1.1912
         Metrics/motion/error_joint_vel: 6.4341
        Metrics/motion/sampling_entropy: 0.0000
      Metrics/motion/sampling_top1_prob: 0.0000
       Metrics/motion/sampling_top1_bin: 0.0000
      Metrics/motion/error_body_lin_vel: 0.6505
      Metrics/motion/error_body_ang_vel: 1.8081
           Episode_Termination/time_out: 0.0000
         Episode_Termination/anchor_pos: 0.0000
         Episode_Termination/anchor_ori: 0.0000
        Episode_Termination/ee_body_pos: 0.1429
Episode_Termination/corpus_clip_time_out: 0.0000
Episode_Termination/invalid_native_model_actuation: 0.0000
Episode_Termination/world_root_tracking_failure: 1.0000
 Episode_Reward/world_potential_shaping: 0.0406
--------------------------------------------------------------------------------
                         Iteration time: 2.34s
                           Time elapsed: 00:19:22
                                    ETA: 00:03:21

################################################################################
[1m                          Learning iteration 926/1000                           [0m 

                               Run name: original_core_920ms_fresh
                            Total steps: 874496 
                       Steps per second: 861 
                        Collection time: 2.218s 
                          Learning time: 0.160s 
                        Mean value loss: 346.7221
                    Mean surrogate loss: -0.0121
                      Mean entropy loss: -20.3218
                            Mean reward: 794.27
                    Mean episode length: 242.25
                        Mean action std: 0.10
--------------------------------------------------------------------------------
                         Iteration time: 2.38s
                           Time elapsed: 00:19:24
                                    ETA: 00:03:19

################################################################################
[1m                          Learning iteration 927/1000                           [0m 

                               Run name: original_core_920ms_fresh
                            Total steps: 876544 
                       Steps per second: 925 
                        Collection time: 2.054s 
                          Learning time: 0.159s 
                        Mean value loss: 264.0292
                    Mean surrogate loss: -0.0102
                      Mean entropy loss: -20.3218
                            Mean reward: 725.21
                    Mean episode length: 224.12
                        Mean action std: 0.10
--------------------------------------------------------------------------------
                         Iteration time: 2.21s
                           Time elapsed: 00:19:26
                                    ETA: 00:03:16

################################################################################
[1m                          Learning iteration 928/1000                           [0m 

                               Run name: original_core_920ms_fresh
                            Total steps: 878592 
                       Steps per second: 842 
                        Collection time: 2.261s 
                          Learning time: 0.168s 
                        Mean value loss: 801.8816
                    Mean surrogate loss: -0.0079
                      Mean entropy loss: -20.3218
                            Mean reward: 761.12
                    Mean episode length: 234.61
                        Mean action std: 0.10
--------------------------------------------------------------------------------
                         Iteration time: 2.43s
                           Time elapsed: 00:19:29
                                    ETA: 00:03:13

################################################################################
[1m                          Learning iteration 929/1000                           [0m 

                               Run name: original_core_920ms_fresh
                            Total steps: 880640 
                       Steps per second: 398 
                        Collection time: 4.981s 
                          Learning time: 0.163s 
                        Mean value loss: 686.9098
                    Mean surrogate loss: -0.0106
                      Mean entropy loss: -20.3218
                            Mean reward: 892.58
                    Mean episode length: 269.67
                        Mean action std: 0.10
--------------------------------------------------------------------------------
                         Iteration time: 5.14s
                           Time elapsed: 00:19:34
                                    ETA: 00:03:11

################################################################################
[1m                          Learning iteration 930/1000                           [0m 

                               Run name: original_core_920ms_fresh
                            Total steps: 882688 
                       Steps per second: 806 
                        Collection time: 2.372s 
                          Learning time: 0.168s 
                        Mean value loss: 1080.1438
                    Mean surrogate loss: -0.0074
                      Mean entropy loss: -20.3218
                            Mean reward: 974.74
                    Mean episode length: 292.10
                        Mean action std: 0.10
--------------------------------------------------------------------------------
                         Iteration time: 2.54s
                           Time elapsed: 00:19:36
                                    ETA: 00:03:08

################################################################################
[1m                          Learning iteration 931/1000                           [0m 

                               Run name: original_core_920ms_fresh
                            Total steps: 884736 
                       Steps per second: 855 
                        Collection time: 2.231s 
                          Learning time: 0.163s 
                        Mean value loss: 414.4353
                    Mean surrogate loss: -0.0109
                      Mean entropy loss: -20.3218
                            Mean reward: 974.20
                    Mean episode length: 293.30
                        Mean action std: 0.10
  Episode_Reward/motion_global_root_pos: 0.0203
  Episode_Reward/motion_global_root_ori: 0.0226
         Episode_Reward/motion_body_pos: 0.0400
         Episode_Reward/motion_body_ori: 0.0361
     Episode_Reward/motion_body_lin_vel: 0.0451
     Episode_Reward/motion_body_ang_vel: 0.0410
          Episode_Reward/action_rate_l2: -0.0049
             Episode_Reward/joint_limit: -0.0011
         Episode_Reward/self_collisions: -0.0020
Episode_Reward/action_target_reference_l2: -0.0299
Episode_Reward/action_target_soft_limit_barrier: -0.0043
                   Episode_Reward/alive: 5.9177
 Episode_Reward/non_timeout_termination: -0.7176
Episode_Reward/worst_ee_z_normalized_squared: -0.0848
Episode_Reward/right_wrist_prethreshold_barrier: -0.0066
 Episode_Reward/requested_effort_excess: -0.0000
Episode_Reward/root_world_tracking_error: -0.0199
Episode_Reward/measured_joint_posture_l2: -0.0719
Episode_Reward/measured_feet_world_position_l2: -0.0446
Episode_Reward/original_task_position_l2: -0.0360
Episode_Reward/original_task_orientation_l2: -0.0308
        Metrics/motion/error_anchor_pos: 0.2462
        Metrics/motion/error_anchor_rot: 0.1596
    Metrics/motion/error_anchor_lin_vel: 0.4438
    Metrics/motion/error_anchor_ang_vel: 0.9470
          Metrics/motion/error_body_pos: 0.2674
          Metrics/motion/error_body_rot: 0.3245
         Metrics/motion/error_joint_pos: 1.0744
         Metrics/motion/error_joint_vel: 5.9072
        Metrics/motion/sampling_entropy: 0.0000
      Metrics/motion/sampling_top1_prob: 0.0000
       Metrics/motion/sampling_top1_bin: 0.0000
      Metrics/motion/error_body_lin_vel: 0.4579
      Metrics/motion/error_body_ang_vel: 1.5255
           Episode_Termination/time_out: 0.0000
         Episode_Termination/anchor_pos: 0.0000
         Episode_Termination/anchor_ori: 0.0000
        Episode_Termination/ee_body_pos: 0.1250
Episode_Termination/corpus_clip_time_out: 0.1250
Episode_Termination/invalid_native_model_actuation: 0.0000
Episode_Termination/world_root_tracking_failure: 0.8750
 Episode_Reward/world_potential_shaping: 0.0760
--------------------------------------------------------------------------------
                         Iteration time: 2.39s
                           Time elapsed: 00:19:39
                                    ETA: 00:03:05

################################################################################
[1m                          Learning iteration 932/1000                           [0m 

                               Run name: original_core_920ms_fresh
                            Total steps: 886784 
                       Steps per second: 868 
                        Collection time: 2.194s 
                          Learning time: 0.162s 
                        Mean value loss: 388.0482
                    Mean surrogate loss: -0.0152
                      Mean entropy loss: -20.3218
                            Mean reward: 1087.04
                    Mean episode length: 327.37
                        Mean action std: 0.10
  Episode_Reward/motion_global_root_pos: 0.0286
  Episode_Reward/motion_global_root_ori: 0.0333
         Episode_Reward/motion_body_pos: 0.0561
         Episode_Reward/motion_body_ori: 0.0588
     Episode_Reward/motion_body_lin_vel: 0.0709
     Episode_Reward/motion_body_ang_vel: 0.0670
          Episode_Reward/action_rate_l2: -0.0063
             Episode_Reward/joint_limit: -0.0012
         Episode_Reward/self_collisions: -0.0159
Episode_Reward/action_target_reference_l2: -0.0353
Episode_Reward/action_target_soft_limit_barrier: -0.0046
                   Episode_Reward/alive: 8.7008
 Episode_Reward/non_timeout_termination: -0.5103
Episode_Reward/worst_ee_z_normalized_squared: -0.1170
Episode_Reward/right_wrist_prethreshold_barrier: -0.0121
 Episode_Reward/requested_effort_excess: -0.0000
Episode_Reward/root_world_tracking_error: -0.0264
Episode_Reward/measured_joint_posture_l2: -0.0780
Episode_Reward/measured_feet_world_position_l2: -0.0663
Episode_Reward/original_task_position_l2: -0.0542
Episode_Reward/original_task_orientation_l2: -0.0393
        Metrics/motion/error_anchor_pos: 0.2491
        Metrics/motion/error_anchor_rot: 0.1728
    Metrics/motion/error_anchor_lin_vel: 0.3263
    Metrics/motion/error_anchor_ang_vel: 0.5124
          Metrics/motion/error_body_pos: 0.2581
          Metrics/motion/error_body_rot: 0.3391
         Metrics/motion/error_joint_pos: 1.1641
         Metrics/motion/error_joint_vel: 4.5210
        Metrics/motion/sampling_entropy: 0.0000
      Metrics/motion/sampling_top1_prob: 0.0000
       Metrics/motion/sampling_top1_bin: 0.0000
      Metrics/motion/error_body_lin_vel: 0.4060
      Metrics/motion/error_body_ang_vel: 1.2138
           Episode_Termination/time_out: 0.0000
         Episode_Termination/anchor_pos: 0.0000
         Episode_Termination/anchor_ori: 0.0000
        Episode_Termination/ee_body_pos: 0.1667
Episode_Termination/corpus_clip_time_out: 0.5000
Episode_Termination/invalid_native_model_actuation: 0.0000
Episode_Termination/world_root_tracking_failure: 1.0000
 Episode_Reward/world_potential_shaping: 0.1041
--------------------------------------------------------------------------------
                         Iteration time: 2.36s
                           Time elapsed: 00:19:41
                                    ETA: 00:03:02

################################################################################
[1m                          Learning iteration 933/1000                           [0m 

                               Run name: original_core_920ms_fresh
                            Total steps: 888832 
                       Steps per second: 837 
                        Collection time: 2.278s 
                          Learning time: 0.168s 
                        Mean value loss: 744.3113
                    Mean surrogate loss: -0.0132
                      Mean entropy loss: -20.3218
                            Mean reward: 1143.13
                    Mean episode length: 343.10
                        Mean action std: 0.10
--------------------------------------------------------------------------------
                         Iteration time: 2.45s
                           Time elapsed: 00:19:44
                                    ETA: 00:03:00

################################################################################
[1m                          Learning iteration 934/1000                           [0m 

                               Run name: original_core_920ms_fresh
                            Total steps: 890880 
                       Steps per second: 869 
                        Collection time: 2.188s 
                          Learning time: 0.167s 
                        Mean value loss: 540.5444
                    Mean surrogate loss: -0.0138
                      Mean entropy loss: -20.3217
                            Mean reward: 1152.58
                    Mean episode length: 345.45
                        Mean action std: 0.10
--------------------------------------------------------------------------------
                         Iteration time: 2.36s
                           Time elapsed: 00:19:46
                                    ETA: 00:02:57

################################################################################
[1m                          Learning iteration 935/1000                           [0m 

                               Run name: original_core_920ms_fresh
                            Total steps: 892928 
                       Steps per second: 912 
                        Collection time: 2.082s 
                          Learning time: 0.162s 
                        Mean value loss: 635.3241
                    Mean surrogate loss: -0.0114
                      Mean entropy loss: -20.3217
                            Mean reward: 1264.45
                    Mean episode length: 371.93
                        Mean action std: 0.10
--------------------------------------------------------------------------------
                         Iteration time: 2.24s
                           Time elapsed: 00:19:48
                                    ETA: 00:02:54

################################################################################
[1m                          Learning iteration 936/1000                           [0m 

                               Run name: original_core_920ms_fresh
                            Total steps: 894976 
                       Steps per second: 814 
                        Collection time: 2.337s 
                          Learning time: 0.178s 
                        Mean value loss: 344.5309
                    Mean surrogate loss: -0.0144
                      Mean entropy loss: -20.3217
                            Mean reward: 1229.81
                    Mean episode length: 362.52
                        Mean action std: 0.10
  Episode_Reward/motion_global_root_pos: 0.0107
  Episode_Reward/motion_global_root_ori: 0.0116
         Episode_Reward/motion_body_pos: 0.0212
         Episode_Reward/motion_body_ori: 0.0187
     Episode_Reward/motion_body_lin_vel: 0.0233
     Episode_Reward/motion_body_ang_vel: 0.0215
          Episode_Reward/action_rate_l2: -0.0027
             Episode_Reward/joint_limit: -0.0007
         Episode_Reward/self_collisions: -0.0094
Episode_Reward/action_target_reference_l2: -0.0163
Episode_Reward/action_target_soft_limit_barrier: -0.0029
                   Episode_Reward/alive: 3.0753
 Episode_Reward/non_timeout_termination: -0.7229
Episode_Reward/worst_ee_z_normalized_squared: -0.0535
Episode_Reward/right_wrist_prethreshold_barrier: -0.0093
 Episode_Reward/requested_effort_excess: -0.0000
Episode_Reward/root_world_tracking_error: -0.0100
Episode_Reward/measured_joint_posture_l2: -0.0409
Episode_Reward/measured_feet_world_position_l2: -0.0226
Episode_Reward/original_task_position_l2: -0.0194
Episode_Reward/original_task_orientation_l2: -0.0174
        Metrics/motion/error_anchor_pos: 0.2645
        Metrics/motion/error_anchor_rot: 0.1510
    Metrics/motion/error_anchor_lin_vel: 0.6484
    Metrics/motion/error_anchor_ang_vel: 1.2265
          Metrics/motion/error_body_pos: 0.2734
          Metrics/motion/error_body_rot: 0.4378
         Metrics/motion/error_joint_pos: 1.5494
         Metrics/motion/error_joint_vel: 6.3673
        Metrics/motion/sampling_entropy: 0.0000
      Metrics/motion/sampling_top1_prob: 0.0000
       Metrics/motion/sampling_top1_bin: 0.0000
      Metrics/motion/error_body_lin_vel: 0.6760
      Metrics/motion/error_body_ang_vel: 1.8137
           Episode_Termination/time_out: 0.0000
         Episode_Termination/anchor_pos: 0.0000
         Episode_Termination/anchor_ori: 0.0000
        Episode_Termination/ee_body_pos: 0.1111
Episode_Termination/corpus_clip_time_out: 0.1111
Episode_Termination/invalid_native_model_actuation: 0.0000
Episode_Termination/world_root_tracking_failure: 1.0000
 Episode_Reward/world_potential_shaping: 0.0439
--------------------------------------------------------------------------------
                         Iteration time: 2.51s
                           Time elapsed: 00:19:51
                                    ETA: 00:02:51

################################################################################
[1m                          Learning iteration 937/1000                           [0m 

                               Run name: original_core_920ms_fresh
                            Total steps: 897024 
                       Steps per second: 816 
                        Collection time: 2.343s 
                          Learning time: 0.165s 
                        Mean value loss: 555.2541
                    Mean surrogate loss: -0.0098
                      Mean entropy loss: -20.3217
                            Mean reward: 1243.36
                    Mean episode length: 364.70
                        Mean action std: 0.10
--------------------------------------------------------------------------------
                         Iteration time: 2.51s
                           Time elapsed: 00:19:53
                                    ETA: 00:02:48

################################################################################
[1m                          Learning iteration 938/1000                           [0m 

                               Run name: original_core_920ms_fresh
                            Total steps: 899072 
                       Steps per second: 835 
                        Collection time: 2.274s 
                          Learning time: 0.176s 
                        Mean value loss: 245.9156
                    Mean surrogate loss: -0.0171
                      Mean entropy loss: -20.3217
                            Mean reward: 1287.37
                    Mean episode length: 375.87
                        Mean action std: 0.10
--------------------------------------------------------------------------------
                         Iteration time: 2.45s
                           Time elapsed: 00:19:56
                                    ETA: 00:02:46

################################################################################
[1m                          Learning iteration 939/1000                           [0m 

                               Run name: original_core_920ms_fresh
                            Total steps: 901120 
                       Steps per second: 878 
                        Collection time: 2.162s 
                          Learning time: 0.168s 
                        Mean value loss: 408.2305
                    Mean surrogate loss: -0.0106
                      Mean entropy loss: -20.3217
                            Mean reward: 1341.93
                    Mean episode length: 393.85
                        Mean action std: 0.10
--------------------------------------------------------------------------------
                         Iteration time: 2.33s
                           Time elapsed: 00:19:58
                                    ETA: 00:02:43

################################################################################
[1m                          Learning iteration 940/1000                           [0m 

                               Run name: original_core_920ms_fresh
                            Total steps: 903168 
                       Steps per second: 876 
                        Collection time: 2.170s 
                          Learning time: 0.166s 
                        Mean value loss: 488.3567
                    Mean surrogate loss: -0.0130
                      Mean entropy loss: -20.3217
                            Mean reward: 1337.75
                    Mean episode length: 393.55
                        Mean action std: 0.10
  Episode_Reward/motion_global_root_pos: 0.0127
  Episode_Reward/motion_global_root_ori: 0.0141
         Episode_Reward/motion_body_pos: 0.0250
         Episode_Reward/motion_body_ori: 0.0229
     Episode_Reward/motion_body_lin_vel: 0.0289
     Episode_Reward/motion_body_ang_vel: 0.0263
          Episode_Reward/action_rate_l2: -0.0029
             Episode_Reward/joint_limit: -0.0015
         Episode_Reward/self_collisions: -0.0066
Episode_Reward/action_target_reference_l2: -0.0179
Episode_Reward/action_target_soft_limit_barrier: -0.0028
                   Episode_Reward/alive: 3.7005
 Episode_Reward/non_timeout_termination: -0.7655
Episode_Reward/worst_ee_z_normalized_squared: -0.0649
Episode_Reward/right_wrist_prethreshold_barrier: -0.0045
 Episode_Reward/requested_effort_excess: -0.0000
Episode_Reward/root_world_tracking_error: -0.0117
Episode_Reward/measured_joint_posture_l2: -0.0397
Episode_Reward/measured_feet_world_position_l2: -0.0277
Episode_Reward/original_task_position_l2: -0.0229
Episode_Reward/original_task_orientation_l2: -0.0180
        Metrics/motion/error_anchor_pos: 0.2159
        Metrics/motion/error_anchor_rot: 0.1152
    Metrics/motion/error_anchor_lin_vel: 0.5069
    Metrics/motion/error_anchor_ang_vel: 1.1168
          Metrics/motion/error_body_pos: 0.2261
          Metrics/motion/error_body_rot: 0.3858
         Metrics/motion/error_joint_pos: 1.3240
         Metrics/motion/error_joint_vel: 5.7720
        Metrics/motion/sampling_entropy: 0.0000
      Metrics/motion/sampling_top1_prob: 0.0000
       Metrics/motion/sampling_top1_bin: 0.0000
      Metrics/motion/error_body_lin_vel: 0.5393
      Metrics/motion/error_body_ang_vel: 1.6898
           Episode_Termination/time_out: 0.0000
         Episode_Termination/anchor_pos: 0.0000
         Episode_Termination/anchor_ori: 0.0000
        Episode_Termination/ee_body_pos: 0.4286
Episode_Termination/corpus_clip_time_out: 0.0000
Episode_Termination/invalid_native_model_actuation: 0.0000
Episode_Termination/world_root_tracking_failure: 1.0000
 Episode_Reward/world_potential_shaping: 0.0521
--------------------------------------------------------------------------------
                         Iteration time: 2.34s
                           Time elapsed: 00:20:00
                                    ETA: 00:02:40

################################################################################
[1m                          Learning iteration 941/1000                           [0m 

                               Run name: original_core_920ms_fresh
                            Total steps: 905216 
                       Steps per second: 836 
                        Collection time: 2.275s 
                          Learning time: 0.174s 
                        Mean value loss: 351.4470
                    Mean surrogate loss: -0.0075
                      Mean entropy loss: -20.3217
                            Mean reward: 1233.41
                    Mean episode length: 364.81
                        Mean action std: 0.10
  Episode_Reward/motion_global_root_pos: 0.0102
  Episode_Reward/motion_global_root_ori: 0.0109
         Episode_Reward/motion_body_pos: 0.0203
         Episode_Reward/motion_body_ori: 0.0180
     Episode_Reward/motion_body_lin_vel: 0.0213
     Episode_Reward/motion_body_ang_vel: 0.0197
          Episode_Reward/action_rate_l2: -0.0026
             Episode_Reward/joint_limit: -0.0006
         Episode_Reward/self_collisions: -0.0007
Episode_Reward/action_target_reference_l2: -0.0153
Episode_Reward/action_target_soft_limit_barrier: -0.0026
                   Episode_Reward/alive: 2.8949
 Episode_Reward/non_timeout_termination: -0.7655
Episode_Reward/worst_ee_z_normalized_squared: -0.0557
Episode_Reward/right_wrist_prethreshold_barrier: -0.0112
 Episode_Reward/requested_effort_excess: -0.0000
Episode_Reward/root_world_tracking_error: -0.0102
Episode_Reward/measured_joint_posture_l2: -0.0352
Episode_Reward/measured_feet_world_position_l2: -0.0205
Episode_Reward/original_task_position_l2: -0.0161
Episode_Reward/original_task_orientation_l2: -0.0160
        Metrics/motion/error_anchor_pos: 0.2683
        Metrics/motion/error_anchor_rot: 0.1977
    Metrics/motion/error_anchor_lin_vel: 0.4471
    Metrics/motion/error_anchor_ang_vel: 0.8575
          Metrics/motion/error_body_pos: 0.2749
          Metrics/motion/error_body_rot: 0.3528
         Metrics/motion/error_joint_pos: 1.2692
         Metrics/motion/error_joint_vel: 6.0235
        Metrics/motion/sampling_entropy: 0.0000
      Metrics/motion/sampling_top1_prob: 0.0000
       Metrics/motion/sampling_top1_bin: 0.0000
      Metrics/motion/error_body_lin_vel: 0.5242
      Metrics/motion/error_body_ang_vel: 1.6125
           Episode_Termination/time_out: 0.0000
         Episode_Termination/anchor_pos: 0.0000
         Episode_Termination/anchor_ori: 0.0000
        Episode_Termination/ee_body_pos: 0.2500
Episode_Termination/corpus_clip_time_out: 0.0000
Episode_Termination/invalid_native_model_actuation: 0.0000
Episode_Termination/world_root_tracking_failure: 1.0000
 Episode_Reward/world_potential_shaping: 0.0415
--------------------------------------------------------------------------------
                         Iteration time: 2.45s
                           Time elapsed: 00:20:03
                                    ETA: 00:02:37

################################################################################
[1m                          Learning iteration 942/1000                           [0m 

                               Run name: original_core_920ms_fresh
                            Total steps: 907264 
                       Steps per second: 835 
                        Collection time: 2.290s 
                          Learning time: 0.162s 
                        Mean value loss: 1122.2290
                    Mean surrogate loss: -0.0109
                      Mean entropy loss: -20.3217
                            Mean reward: 1035.16
                    Mean episode length: 309.44
                        Mean action std: 0.10
--------------------------------------------------------------------------------
                         Iteration time: 2.45s
                           Time elapsed: 00:20:05
                                    ETA: 00:02:35

################################################################################
[1m                          Learning iteration 943/1000                           [0m 

                               Run name: original_core_920ms_fresh
                            Total steps: 909312 
                       Steps per second: 868 
                        Collection time: 2.185s 
                          Learning time: 0.172s 
                        Mean value loss: 446.9439
                    Mean surrogate loss: -0.0096
                      Mean entropy loss: -20.3217
                            Mean reward: 868.14
                    Mean episode length: 260.75
                        Mean action std: 0.10
  Episode_Reward/motion_global_root_pos: 0.0097
  Episode_Reward/motion_global_root_ori: 0.0103
         Episode_Reward/motion_body_pos: 0.0193
         Episode_Reward/motion_body_ori: 0.0178
     Episode_Reward/motion_body_lin_vel: 0.0207
     Episode_Reward/motion_body_ang_vel: 0.0198
          Episode_Reward/action_rate_l2: -0.0020
             Episode_Reward/joint_limit: -0.0001
         Episode_Reward/self_collisions: -0.0066
Episode_Reward/action_target_reference_l2: -0.0105
Episode_Reward/action_target_soft_limit_barrier: -0.0022
                   Episode_Reward/alive: 2.6614
 Episode_Reward/non_timeout_termination: -0.6263
Episode_Reward/worst_ee_z_normalized_squared: -0.0171
Episode_Reward/right_wrist_prethreshold_barrier: 0.0000
 Episode_Reward/requested_effort_excess: -0.0000
Episode_Reward/root_world_tracking_error: -0.0076
Episode_Reward/measured_joint_posture_l2: -0.0275
Episode_Reward/measured_feet_world_position_l2: -0.0188
Episode_Reward/original_task_position_l2: -0.0133
Episode_Reward/original_task_orientation_l2: -0.0131
        Metrics/motion/error_anchor_pos: 0.2535
        Metrics/motion/error_anchor_rot: 0.1541
    Metrics/motion/error_anchor_lin_vel: 0.5160
    Metrics/motion/error_anchor_ang_vel: 1.1621
          Metrics/motion/error_body_pos: 0.2557
          Metrics/motion/error_body_rot: 0.3428
         Metrics/motion/error_joint_pos: 1.2825
         Metrics/motion/error_joint_vel: 5.8291
        Metrics/motion/sampling_entropy: 0.0000
      Metrics/motion/sampling_top1_prob: 0.0000
       Metrics/motion/sampling_top1_bin: 0.0000
      Metrics/motion/error_body_lin_vel: 0.5700
      Metrics/motion/error_body_ang_vel: 1.8074
           Episode_Termination/time_out: 0.0000
         Episode_Termination/anchor_pos: 0.0000
         Episode_Termination/anchor_ori: 0.0000
        Episode_Termination/ee_body_pos: 0.0000
Episode_Termination/corpus_clip_time_out: 0.2727
Episode_Termination/invalid_native_model_actuation: 0.0000
Episode_Termination/world_root_tracking_failure: 1.0000
 Episode_Reward/world_potential_shaping: 0.0352
--------------------------------------------------------------------------------
                         Iteration time: 2.36s
                           Time elapsed: 00:20:08
                                    ETA: 00:02:32

################################################################################
[1m                          Learning iteration 944/1000                           [0m 

                               Run name: original_core_920ms_fresh
                            Total steps: 911360 
                       Steps per second: 811 
                        Collection time: 2.130s 
                          Learning time: 0.395s 
                        Mean value loss: 383.3214
                    Mean surrogate loss: -0.0115
                      Mean entropy loss: -20.3217
                            Mean reward: 857.39
                    Mean episode length: 257.86
                        Mean action std: 0.10
--------------------------------------------------------------------------------
                         Iteration time: 2.53s
                           Time elapsed: 00:20:10
                                    ETA: 00:02:29

################################################################################
[1m                          Learning iteration 945/1000                           [0m 

                               Run name: original_core_920ms_fresh
                            Total steps: 913408 
                       Steps per second: 788 
                        Collection time: 2.433s 
                          Learning time: 0.164s 
                        Mean value loss: 509.8980
                    Mean surrogate loss: -0.0145
                      Mean entropy loss: -20.3217
                            Mean reward: 849.27
                    Mean episode length: 255.65
                        Mean action std: 0.10
  Episode_Reward/motion_global_root_pos: 0.0231
  Episode_Reward/motion_global_root_ori: 0.0244
         Episode_Reward/motion_body_pos: 0.0453
         Episode_Reward/motion_body_ori: 0.0430
     Episode_Reward/motion_body_lin_vel: 0.0517
     Episode_Reward/motion_body_ang_vel: 0.0483
          Episode_Reward/action_rate_l2: -0.0048
             Episode_Reward/joint_limit: -0.0006
         Episode_Reward/self_collisions: -0.0070
Episode_Reward/action_target_reference_l2: -0.0270
Episode_Reward/action_target_soft_limit_barrier: -0.0042
                   Episode_Reward/alive: 6.4580
 Episode_Reward/non_timeout_termination: -0.5468
Episode_Reward/worst_ee_z_normalized_squared: -0.0726
Episode_Reward/right_wrist_prethreshold_barrier: -0.0027
 Episode_Reward/requested_effort_excess: -0.0000
Episode_Reward/root_world_tracking_error: -0.0156
Episode_Reward/measured_joint_posture_l2: -0.0578
Episode_Reward/measured_feet_world_position_l2: -0.0479
Episode_Reward/original_task_position_l2: -0.0374
Episode_Reward/original_task_orientation_l2: -0.0317
        Metrics/motion/error_anchor_pos: 0.2147
        Metrics/motion/error_anchor_rot: 0.1638
    Metrics/motion/error_anchor_lin_vel: 0.4407
    Metrics/motion/error_anchor_ang_vel: 1.6192
          Metrics/motion/error_body_pos: 0.2209
          Metrics/motion/error_body_rot: 0.2666
         Metrics/motion/error_joint_pos: 1.0050
         Metrics/motion/error_joint_vel: 6.2684
        Metrics/motion/sampling_entropy: 0.0000
      Metrics/motion/sampling_top1_prob: 0.0000
       Metrics/motion/sampling_top1_bin: 0.0000
      Metrics/motion/error_body_lin_vel: 0.4585
      Metrics/motion/error_body_ang_vel: 1.7964
           Episode_Termination/time_out: 0.0000
         Episode_Termination/anchor_pos: 0.0000
         Episode_Termination/anchor_ori: 0.0000
        Episode_Termination/ee_body_pos: 0.1429
Episode_Termination/corpus_clip_time_out: 0.2857
Episode_Termination/invalid_native_model_actuation: 0.0000
Episode_Termination/world_root_tracking_failure: 0.5714
 Episode_Reward/world_potential_shaping: 0.0739
--------------------------------------------------------------------------------
                         Iteration time: 2.60s
                           Time elapsed: 00:20:13
                                    ETA: 00:02:26

################################################################################
[1m                          Learning iteration 946/1000                           [0m 

                               Run name: original_core_920ms_fresh
                            Total steps: 915456 
                       Steps per second: 789 
                        Collection time: 2.415s 
                          Learning time: 0.178s 
                        Mean value loss: 471.1437
                    Mean surrogate loss: -0.0138
                      Mean entropy loss: -20.3217
                            Mean reward: 847.16
                    Mean episode length: 256.70
                        Mean action std: 0.10
  Episode_Reward/motion_global_root_pos: 0.0185
  Episode_Reward/motion_global_root_ori: 0.0192
         Episode_Reward/motion_body_pos: 0.0359
         Episode_Reward/motion_body_ori: 0.0316
     Episode_Reward/motion_body_lin_vel: 0.0392
     Episode_Reward/motion_body_ang_vel: 0.0358
          Episode_Reward/action_rate_l2: -0.0041
             Episode_Reward/joint_limit: -0.0007
         Episode_Reward/self_collisions: -0.0117
Episode_Reward/action_target_reference_l2: -0.0236
Episode_Reward/action_target_soft_limit_barrier: -0.0037
                   Episode_Reward/alive: 5.0715
 Episode_Reward/non_timeout_termination: -0.6698
Episode_Reward/worst_ee_z_normalized_squared: -0.0806
Episode_Reward/right_wrist_prethreshold_barrier: -0.0042
 Episode_Reward/requested_effort_excess: -0.0000
Episode_Reward/root_world_tracking_error: -0.0138
Episode_Reward/measured_joint_posture_l2: -0.0590
Episode_Reward/measured_feet_world_position_l2: -0.0370
Episode_Reward/original_task_position_l2: -0.0301
Episode_Reward/original_task_orientation_l2: -0.0273
        Metrics/motion/error_anchor_pos: 0.2663
        Metrics/motion/error_anchor_rot: 0.1550
    Metrics/motion/error_anchor_lin_vel: 0.4345
    Metrics/motion/error_anchor_ang_vel: 1.1573
          Metrics/motion/error_body_pos: 0.2725
          Metrics/motion/error_body_rot: 0.3025
         Metrics/motion/error_joint_pos: 1.2385
         Metrics/motion/error_joint_vel: 5.6637
        Metrics/motion/sampling_entropy: 0.0000
      Metrics/motion/sampling_top1_prob: 0.0000
       Metrics/motion/sampling_top1_bin: 0.0000
      Metrics/motion/error_body_lin_vel: 0.4979
      Metrics/motion/error_body_ang_vel: 1.7046
           Episode_Termination/time_out: 0.0000
         Episode_Termination/anchor_pos: 0.0000
         Episode_Termination/anchor_ori: 0.0000
        Episode_Termination/ee_body_pos: 0.0000
Episode_Termination/corpus_clip_time_out: 0.1250
Episode_Termination/invalid_native_model_actuation: 0.0000
Episode_Termination/world_root_tracking_failure: 1.0000
 Episode_Reward/world_potential_shaping: 0.0638
--------------------------------------------------------------------------------
                         Iteration time: 2.59s
                           Time elapsed: 00:20:15
                                    ETA: 00:02:24

################################################################################
[1m                          Learning iteration 947/1000                           [0m 

                               Run name: original_core_920ms_fresh
                            Total steps: 917504 
                       Steps per second: 817 
                        Collection time: 2.342s 
                          Learning time: 0.163s 
                        Mean value loss: 427.6744
                    Mean surrogate loss: -0.0100
                      Mean entropy loss: -20.3217
                            Mean reward: 773.57
                    Mean episode length: 238.04
                        Mean action std: 0.10
  Episode_Reward/motion_global_root_pos: 0.0165
  Episode_Reward/motion_global_root_ori: 0.0177
         Episode_Reward/motion_body_pos: 0.0327
         Episode_Reward/motion_body_ori: 0.0296
     Episode_Reward/motion_body_lin_vel: 0.0363
     Episode_Reward/motion_body_ang_vel: 0.0340
          Episode_Reward/action_rate_l2: -0.0035
             Episode_Reward/joint_limit: -0.0003
         Episode_Reward/self_collisions: -0.0034
Episode_Reward/action_target_reference_l2: -0.0188
Episode_Reward/action_target_soft_limit_barrier: -0.0031
                   Episode_Reward/alive: 4.5835
 Episode_Reward/non_timeout_termination: -0.6124
Episode_Reward/worst_ee_z_normalized_squared: -0.0444
Episode_Reward/right_wrist_prethreshold_barrier: -0.0016
 Episode_Reward/requested_effort_excess: -0.0000
Episode_Reward/root_world_tracking_error: -0.0118
Episode_Reward/measured_joint_posture_l2: -0.0495
Episode_Reward/measured_feet_world_position_l2: -0.0335
Episode_Reward/original_task_position_l2: -0.0243
Episode_Reward/original_task_orientation_l2: -0.0222
        Metrics/motion/error_anchor_pos: 0.2419
        Metrics/motion/error_anchor_rot: 0.1293
    Metrics/motion/error_anchor_lin_vel: 0.4705
    Metrics/motion/error_anchor_ang_vel: 1.0983
          Metrics/motion/error_body_pos: 0.2461
          Metrics/motion/error_body_rot: 0.3193
         Metrics/motion/error_joint_pos: 1.2711
         Metrics/motion/error_joint_vel: 5.3546
        Metrics/motion/sampling_entropy: 0.0000
      Metrics/motion/sampling_top1_prob: 0.0000
       Metrics/motion/sampling_top1_bin: 0.0000
      Metrics/motion/error_body_lin_vel: 0.5272
      Metrics/motion/error_body_ang_vel: 1.5259
           Episode_Termination/time_out: 0.0000
         Episode_Termination/anchor_pos: 0.0000
         Episode_Termination/anchor_ori: 0.0000
        Episode_Termination/ee_body_pos: 0.0000
Episode_Termination/corpus_clip_time_out: 0.2000
Episode_Termination/invalid_native_model_actuation: 0.0000
Episode_Termination/world_root_tracking_failure: 1.3000
 Episode_Reward/world_potential_shaping: 0.0559
--------------------------------------------------------------------------------
                         Iteration time: 2.50s
                           Time elapsed: 00:20:18
                                    ETA: 00:02:21

################################################################################
[1m                          Learning iteration 948/1000                           [0m 

                               Run name: original_core_920ms_fresh
                            Total steps: 919552 
                       Steps per second: 901 
                        Collection time: 2.108s 
                          Learning time: 0.163s 
                        Mean value loss: 371.4838
                    Mean surrogate loss: -0.0142
                      Mean entropy loss: -20.3217
                            Mean reward: 801.55
                    Mean episode length: 245.60
                        Mean action std: 0.10
--------------------------------------------------------------------------------
                         Iteration time: 2.27s
                           Time elapsed: 00:20:20
                                    ETA: 00:02:18

################################################################################
[1m                          Learning iteration 949/1000                           [0m 

                               Run name: original_core_920ms_fresh
                            Total steps: 921600 
                       Steps per second: 908 
                        Collection time: 2.087s 
                          Learning time: 0.167s 
                        Mean value loss: 371.0225
                    Mean surrogate loss: -0.0124
                      Mean entropy loss: -20.3217
                            Mean reward: 748.57
                    Mean episode length: 232.01
                        Mean action std: 0.10
  Episode_Reward/motion_global_root_pos: 0.0054
  Episode_Reward/motion_global_root_ori: 0.0061
         Episode_Reward/motion_body_pos: 0.0109
         Episode_Reward/motion_body_ori: 0.0079
     Episode_Reward/motion_body_lin_vel: 0.0114
     Episode_Reward/motion_body_ang_vel: 0.0108
          Episode_Reward/action_rate_l2: -0.0014
             Episode_Reward/joint_limit: -0.0010
         Episode_Reward/self_collisions: -0.0015
Episode_Reward/action_target_reference_l2: -0.0104
Episode_Reward/action_target_soft_limit_barrier: -0.0016
                   Episode_Reward/alive: 1.5851
 Episode_Reward/non_timeout_termination: -0.7655
Episode_Reward/worst_ee_z_normalized_squared: -0.0345
Episode_Reward/right_wrist_prethreshold_barrier: -0.0046
 Episode_Reward/requested_effort_excess: -0.0000
Episode_Reward/root_world_tracking_error: -0.0071
Episode_Reward/measured_joint_posture_l2: -0.0264
Episode_Reward/measured_feet_world_position_l2: -0.0107
Episode_Reward/original_task_position_l2: -0.0105
Episode_Reward/original_task_orientation_l2: -0.0096
        Metrics/motion/error_anchor_pos: 0.2460
        Metrics/motion/error_anchor_rot: 0.1163
    Metrics/motion/error_anchor_lin_vel: 0.5128
    Metrics/motion/error_anchor_ang_vel: 1.3248
          Metrics/motion/error_body_pos: 0.2633
          Metrics/motion/error_body_rot: 0.3709
         Metrics/motion/error_joint_pos: 1.5875
         Metrics/motion/error_joint_vel: 5.5346
        Metrics/motion/sampling_entropy: 0.0000
      Metrics/motion/sampling_top1_prob: 0.0000
       Metrics/motion/sampling_top1_bin: 0.0000
      Metrics/motion/error_body_lin_vel: 0.5438
      Metrics/motion/error_body_ang_vel: 1.8607
           Episode_Termination/time_out: 0.0000
         Episode_Termination/anchor_pos: 0.0000
         Episode_Termination/anchor_ori: 0.0000
        Episode_Termination/ee_body_pos: 0.2000
Episode_Termination/corpus_clip_time_out: 0.0000
Episode_Termination/invalid_native_model_actuation: 0.0000
Episode_Termination/world_root_tracking_failure: 1.0000
 Episode_Reward/world_potential_shaping: 0.0287
--------------------------------------------------------------------------------
                         Iteration time: 2.25s
                           Time elapsed: 00:20:22
                                    ETA: 00:02:15

################################################################################
[1m                          Learning iteration 950/1000                           [0m 

                               Run name: original_core_920ms_fresh
                            Total steps: 923648 
                       Steps per second: 789 
                        Collection time: 2.431s 
                          Learning time: 0.162s 
                        Mean value loss: 659.8912
                    Mean surrogate loss: -0.0096
                      Mean entropy loss: -20.3217
                            Mean reward: 720.94
                    Mean episode length: 222.66
                        Mean action std: 0.10
  Episode_Reward/motion_global_root_pos: 0.0145
  Episode_Reward/motion_global_root_ori: 0.0168
         Episode_Reward/motion_body_pos: 0.0290
         Episode_Reward/motion_body_ori: 0.0284
     Episode_Reward/motion_body_lin_vel: 0.0338
     Episode_Reward/motion_body_ang_vel: 0.0313
          Episode_Reward/action_rate_l2: -0.0034
             Episode_Reward/joint_limit: -0.0009
         Episode_Reward/self_collisions: -0.0081
Episode_Reward/action_target_reference_l2: -0.0205
Episode_Reward/action_target_soft_limit_barrier: -0.0038
                   Episode_Reward/alive: 4.3318
 Episode_Reward/non_timeout_termination: -0.7655
Episode_Reward/worst_ee_z_normalized_squared: -0.0680
Episode_Reward/right_wrist_prethreshold_barrier: -0.0028
 Episode_Reward/requested_effort_excess: -0.0000
Episode_Reward/root_world_tracking_error: -0.0141
Episode_Reward/measured_joint_posture_l2: -0.0434
Episode_Reward/measured_feet_world_position_l2: -0.0305
Episode_Reward/original_task_position_l2: -0.0255
Episode_Reward/original_task_orientation_l2: -0.0202
        Metrics/motion/error_anchor_pos: 0.2711
        Metrics/motion/error_anchor_rot: 0.1440
    Metrics/motion/error_anchor_lin_vel: 0.4106
    Metrics/motion/error_anchor_ang_vel: 0.8014
          Metrics/motion/error_body_pos: 0.7989
          Metrics/motion/error_body_rot: 0.5153
         Metrics/motion/error_joint_pos: 1.0196
         Metrics/motion/error_joint_vel: 5.5956
        Metrics/motion/sampling_entropy: 0.0000
      Metrics/motion/sampling_top1_prob: 0.0000
       Metrics/motion/sampling_top1_bin: 0.0000
      Metrics/motion/error_body_lin_vel: 0.4811
      Metrics/motion/error_body_ang_vel: 1.3870
           Episode_Termination/time_out: 0.0000
         Episode_Termination/anchor_pos: 0.0000
         Episode_Termination/anchor_ori: 0.0000
        Episode_Termination/ee_body_pos: 0.0909
Episode_Termination/corpus_clip_time_out: 0.0000
Episode_Termination/invalid_native_model_actuation: 0.0000
Episode_Termination/world_root_tracking_failure: 1.0909
 Episode_Reward/world_potential_shaping: 0.0565
--------------------------------------------------------------------------------
                         Iteration time: 2.59s
                           Time elapsed: 00:20:25
                                    ETA: 00:02:13

################################################################################
[1m                          Learning iteration 951/1000                           [0m 

                               Run name: original_core_920ms_fresh
                            Total steps: 925696 
                       Steps per second: 857 
                        Collection time: 2.226s 
                          Learning time: 0.162s 
                        Mean value loss: 339.1913
                    Mean surrogate loss: -0.0129
                      Mean entropy loss: -20.3217
                            Mean reward: 703.09
                    Mean episode length: 217.36
                        Mean action std: 0.10
--------------------------------------------------------------------------------
                         Iteration time: 2.39s
                           Time elapsed: 00:20:27
                                    ETA: 00:02:10

################################################################################
[1m                          Learning iteration 952/1000                           [0m 

                               Run name: original_core_920ms_fresh
                            Total steps: 927744 
                       Steps per second: 819 
                        Collection time: 2.332s 
                          Learning time: 0.167s 
                        Mean value loss: 756.2182
                    Mean surrogate loss: -0.0048
                      Mean entropy loss: -20.3217
                            Mean reward: 710.52
                    Mean episode length: 219.52
                        Mean action std: 0.10
--------------------------------------------------------------------------------
                         Iteration time: 2.50s
                           Time elapsed: 00:20:30
                                    ETA: 00:02:07

################################################################################
[1m                          Learning iteration 953/1000                           [0m 

                               Run name: original_core_920ms_fresh
                            Total steps: 929792 
                       Steps per second: 875 
                        Collection time: 2.174s 
                          Learning time: 0.166s 
                        Mean value loss: 691.7719
                    Mean surrogate loss: -0.0046
                      Mean entropy loss: -20.3217
                            Mean reward: 678.91
                    Mean episode length: 212.12
                        Mean action std: 0.10
--------------------------------------------------------------------------------
                         Iteration time: 2.34s
                           Time elapsed: 00:20:32
                                    ETA: 00:02:04

################################################################################
[1m                          Learning iteration 954/1000                           [0m 

                               Run name: original_core_920ms_fresh
                            Total steps: 931840 
                       Steps per second: 803 
                        Collection time: 2.382s 
                          Learning time: 0.168s 
                        Mean value loss: 576.7757
                    Mean surrogate loss: -0.0081
                      Mean entropy loss: -20.3217
                            Mean reward: 708.93
                    Mean episode length: 219.07
                        Mean action std: 0.10
--------------------------------------------------------------------------------
                         Iteration time: 2.55s
                           Time elapsed: 00:20:35
                                    ETA: 00:02:02

################################################################################
[1m                          Learning iteration 955/1000                           [0m 

                               Run name: original_core_920ms_fresh
                            Total steps: 933888 
                       Steps per second: 899 
                        Collection time: 2.116s 
                          Learning time: 0.161s 
                        Mean value loss: 660.6844
                    Mean surrogate loss: -0.0114
                      Mean entropy loss: -20.3217
                            Mean reward: 741.48
                    Mean episode length: 230.20
                        Mean action std: 0.10
--------------------------------------------------------------------------------
                         Iteration time: 2.28s
                           Time elapsed: 00:20:37
                                    ETA: 00:01:59

################################################################################
[1m                          Learning iteration 956/1000                           [0m 

                               Run name: original_core_920ms_fresh
                            Total steps: 935936 
                       Steps per second: 913 
                        Collection time: 2.076s 
                          Learning time: 0.167s 
                        Mean value loss: 816.8896
                    Mean surrogate loss: -0.0112
                      Mean entropy loss: -20.3217
                            Mean reward: 708.51
                    Mean episode length: 221.24
                        Mean action std: 0.10
--------------------------------------------------------------------------------
                         Iteration time: 2.24s
                           Time elapsed: 00:20:39
                                    ETA: 00:01:56

################################################################################
[1m                          Learning iteration 957/1000                           [0m 

                               Run name: original_core_920ms_fresh
                            Total steps: 937984 
                       Steps per second: 858 
                        Collection time: 2.222s 
                          Learning time: 0.164s 
                        Mean value loss: 425.1559
                    Mean surrogate loss: 0.0017
                      Mean entropy loss: -20.3217
                            Mean reward: 687.53
                    Mean episode length: 215.77
                        Mean action std: 0.10
  Episode_Reward/motion_global_root_pos: 0.0043
  Episode_Reward/motion_global_root_ori: 0.0053
         Episode_Reward/motion_body_pos: 0.0085
         Episode_Reward/motion_body_ori: 0.0088
     Episode_Reward/motion_body_lin_vel: 0.0101
     Episode_Reward/motion_body_ang_vel: 0.0094
          Episode_Reward/action_rate_l2: -0.0013
             Episode_Reward/joint_limit: -0.0001
         Episode_Reward/self_collisions: -0.0094
Episode_Reward/action_target_reference_l2: -0.0078
Episode_Reward/action_target_soft_limit_barrier: -0.0023
                   Episode_Reward/alive: 1.4075
 Episode_Reward/non_timeout_termination: -0.7655
Episode_Reward/worst_ee_z_normalized_squared: -0.0174
Episode_Reward/right_wrist_prethreshold_barrier: -0.0006
 Episode_Reward/requested_effort_excess: -0.0000
Episode_Reward/root_world_tracking_error: -0.0069
Episode_Reward/measured_joint_posture_l2: -0.0191
Episode_Reward/measured_feet_world_position_l2: -0.0109
Episode_Reward/original_task_position_l2: -0.0094
Episode_Reward/original_task_orientation_l2: -0.0081
        Metrics/motion/error_anchor_pos: 0.2886
        Metrics/motion/error_anchor_rot: 0.1951
    Metrics/motion/error_anchor_lin_vel: 0.4595
    Metrics/motion/error_anchor_ang_vel: 0.8828
          Metrics/motion/error_body_pos: 0.3026
          Metrics/motion/error_body_rot: 0.3656
         Metrics/motion/error_joint_pos: 1.2257
         Metrics/motion/error_joint_vel: 4.9533
        Metrics/motion/sampling_entropy: 0.0000
      Metrics/motion/sampling_top1_prob: 0.0000
       Metrics/motion/sampling_top1_bin: 0.0000
      Metrics/motion/error_body_lin_vel: 0.4665
      Metrics/motion/error_body_ang_vel: 1.3956
           Episode_Termination/time_out: 0.0000
         Episode_Termination/anchor_pos: 0.0000
         Episode_Termination/anchor_ori: 0.0000
        Episode_Termination/ee_body_pos: 0.0000
Episode_Termination/corpus_clip_time_out: 0.0000
Episode_Termination/invalid_native_model_actuation: 0.0000
Episode_Termination/world_root_tracking_failure: 1.2222
 Episode_Reward/world_potential_shaping: 0.0288
--------------------------------------------------------------------------------
                         Iteration time: 2.39s
                           Time elapsed: 00:20:42
                                    ETA: 00:01:53

################################################################################
[1m                          Learning iteration 958/1000                           [0m 

                               Run name: original_core_920ms_fresh
                            Total steps: 940032 
                       Steps per second: 824 
                        Collection time: 2.307s 
                          Learning time: 0.176s 
                        Mean value loss: 459.6945
                    Mean surrogate loss: -0.0107
                      Mean entropy loss: -20.3217
                            Mean reward: 664.78
                    Mean episode length: 210.58
                        Mean action std: 0.10
  Episode_Reward/motion_global_root_pos: 0.0033
  Episode_Reward/motion_global_root_ori: 0.0036
         Episode_Reward/motion_body_pos: 0.0064
         Episode_Reward/motion_body_ori: 0.0056
     Episode_Reward/motion_body_lin_vel: 0.0061
     Episode_Reward/motion_body_ang_vel: 0.0056
          Episode_Reward/action_rate_l2: -0.0010
             Episode_Reward/joint_limit: -0.0002
         Episode_Reward/self_collisions: -0.0004
Episode_Reward/action_target_reference_l2: -0.0057
Episode_Reward/action_target_soft_limit_barrier: -0.0013
                   Episode_Reward/alive: 0.9855
 Episode_Reward/non_timeout_termination: -0.7655
Episode_Reward/worst_ee_z_normalized_squared: -0.0118
Episode_Reward/right_wrist_prethreshold_barrier: 0.0000
 Episode_Reward/requested_effort_excess: -0.0000
Episode_Reward/root_world_tracking_error: -0.0063
Episode_Reward/measured_joint_posture_l2: -0.0157
Episode_Reward/measured_feet_world_position_l2: -0.0075
Episode_Reward/original_task_position_l2: -0.0062
Episode_Reward/original_task_orientation_l2: -0.0054
        Metrics/motion/error_anchor_pos: 0.2814
        Metrics/motion/error_anchor_rot: 0.1841
    Metrics/motion/error_anchor_lin_vel: 0.6523
    Metrics/motion/error_anchor_ang_vel: 0.9703
          Metrics/motion/error_body_pos: 0.2999
          Metrics/motion/error_body_rot: 0.4070
         Metrics/motion/error_joint_pos: 1.3507
         Metrics/motion/error_joint_vel: 6.2136
        Metrics/motion/sampling_entropy: 0.0000
      Metrics/motion/sampling_top1_prob: 0.0000
       Metrics/motion/sampling_top1_bin: 0.0000
      Metrics/motion/error_body_lin_vel: 0.6752
      Metrics/motion/error_body_ang_vel: 1.8845
           Episode_Termination/time_out: 0.0000
         Episode_Termination/anchor_pos: 0.0000
         Episode_Termination/anchor_ori: 0.0000
        Episode_Termination/ee_body_pos: 0.0000
Episode_Termination/corpus_clip_time_out: 0.0000
Episode_Termination/invalid_native_model_actuation: 0.0000
Episode_Termination/world_root_tracking_failure: 1.3333
 Episode_Reward/world_potential_shaping: 0.0250
--------------------------------------------------------------------------------
                         Iteration time: 2.48s
                           Time elapsed: 00:20:44
                                    ETA: 00:01:51

################################################################################
[1m                          Learning iteration 959/1000                           [0m 

                               Run name: original_core_920ms_fresh
                            Total steps: 942080 
                       Steps per second: 870 
                        Collection time: 2.180s 
                          Learning time: 0.173s 
                        Mean value loss: 523.2173
                    Mean surrogate loss: -0.0095
                      Mean entropy loss: -20.3217
                            Mean reward: 641.71
                    Mean episode length: 204.89
                        Mean action std: 0.10
--------------------------------------------------------------------------------
                         Iteration time: 2.35s
                           Time elapsed: 00:20:46
                                    ETA: 00:01:48

################################################################################
[1m                          Learning iteration 960/1000                           [0m 

                               Run name: original_core_920ms_fresh
                            Total steps: 944128 
                       Steps per second: 899 
                        Collection time: 2.114s 
                          Learning time: 0.162s 
                        Mean value loss: 286.5791
                    Mean surrogate loss: -0.0128
                      Mean entropy loss: -20.3217
                            Mean reward: 669.18
                    Mean episode length: 212.26
                        Mean action std: 0.10
  Episode_Reward/motion_global_root_pos: 0.0117
  Episode_Reward/motion_global_root_ori: 0.0129
         Episode_Reward/motion_body_pos: 0.0237
         Episode_Reward/motion_body_ori: 0.0214
     Episode_Reward/motion_body_lin_vel: 0.0268
     Episode_Reward/motion_body_ang_vel: 0.0253
          Episode_Reward/action_rate_l2: -0.0026
             Episode_Reward/joint_limit: -0.0009
         Episode_Reward/self_collisions: -0.0137
Episode_Reward/action_target_reference_l2: -0.0170
Episode_Reward/action_target_soft_limit_barrier: -0.0031
                   Episode_Reward/alive: 3.4097
 Episode_Reward/non_timeout_termination: -0.7655
Episode_Reward/worst_ee_z_normalized_squared: -0.0547
Episode_Reward/right_wrist_prethreshold_barrier: -0.0140
 Episode_Reward/requested_effort_excess: -0.0000
Episode_Reward/root_world_tracking_error: -0.0106
Episode_Reward/measured_joint_posture_l2: -0.0430
Episode_Reward/measured_feet_world_position_l2: -0.0246
Episode_Reward/original_task_position_l2: -0.0201
Episode_Reward/original_task_orientation_l2: -0.0189
        Metrics/motion/error_anchor_pos: 0.2846
        Metrics/motion/error_anchor_rot: 0.1595
    Metrics/motion/error_anchor_lin_vel: 0.4966
    Metrics/motion/error_anchor_ang_vel: 1.3893
          Metrics/motion/error_body_pos: 0.2838
          Metrics/motion/error_body_rot: 0.4215
         Metrics/motion/error_joint_pos: 1.5907
         Metrics/motion/error_joint_vel: 6.1774
        Metrics/motion/sampling_entropy: 0.0000
      Metrics/motion/sampling_top1_prob: 0.0000
       Metrics/motion/sampling_top1_bin: 0.0000
      Metrics/motion/error_body_lin_vel: 0.5719
      Metrics/motion/error_body_ang_vel: 2.0375
           Episode_Termination/time_out: 0.0000
         Episode_Termination/anchor_pos: 0.0000
         Episode_Termination/anchor_ori: 0.0000
        Episode_Termination/ee_body_pos: 0.1667
Episode_Termination/corpus_clip_time_out: 0.0000
Episode_Termination/invalid_native_model_actuation: 0.0000
Episode_Termination/world_root_tracking_failure: 1.1667
 Episode_Reward/world_potential_shaping: 0.0475
--------------------------------------------------------------------------------
                         Iteration time: 2.28s
                           Time elapsed: 00:20:49
                                    ETA: 00:01:45

################################################################################
[1m                          Learning iteration 961/1000                           [0m 

                               Run name: original_core_920ms_fresh
                            Total steps: 946176 
                       Steps per second: 386 
                        Collection time: 5.130s 
                          Learning time: 0.164s 
                        Mean value loss: 726.3892
                    Mean surrogate loss: -0.0132
                      Mean entropy loss: -20.3217
                            Mean reward: 654.96
                    Mean episode length: 209.05
                        Mean action std: 0.10
--------------------------------------------------------------------------------
                         Iteration time: 5.29s
                           Time elapsed: 00:20:54
                                    ETA: 00:01:43

################################################################################
[1m                          Learning iteration 962/1000                           [0m 

                               Run name: original_core_920ms_fresh
                            Total steps: 948224 
                       Steps per second: 875 
                        Collection time: 2.178s 
                          Learning time: 0.160s 
                        Mean value loss: 364.9483
                    Mean surrogate loss: -0.0079
                      Mean entropy loss: -20.3217
                            Mean reward: 718.54
                    Mean episode length: 226.72
                        Mean action std: 0.10
--------------------------------------------------------------------------------
                         Iteration time: 2.34s
                           Time elapsed: 00:20:56
                                    ETA: 00:01:40

################################################################################
[1m                          Learning iteration 963/1000                           [0m 

                               Run name: original_core_920ms_fresh
                            Total steps: 950272 
                       Steps per second: 898 
                        Collection time: 2.118s 
                          Learning time: 0.161s 
                        Mean value loss: 330.4203
                    Mean surrogate loss: -0.0125
                      Mean entropy loss: -20.3217
                            Mean reward: 755.46
                    Mean episode length: 236.76
                        Mean action std: 0.10
--------------------------------------------------------------------------------
                         Iteration time: 2.28s
                           Time elapsed: 00:20:59
                                    ETA: 00:01:37

################################################################################
[1m                          Learning iteration 964/1000                           [0m 

                               Run name: original_core_920ms_fresh
                            Total steps: 952320 
                       Steps per second: 863 
                        Collection time: 2.206s 
                          Learning time: 0.165s 
                        Mean value loss: 446.8367
                    Mean surrogate loss: -0.0133
                      Mean entropy loss: -20.3217
                            Mean reward: 737.65
                    Mean episode length: 232.26
                        Mean action std: 0.10
  Episode_Reward/motion_global_root_pos: 0.0059
  Episode_Reward/motion_global_root_ori: 0.0066
         Episode_Reward/motion_body_pos: 0.0117
         Episode_Reward/motion_body_ori: 0.0110
     Episode_Reward/motion_body_lin_vel: 0.0117
     Episode_Reward/motion_body_ang_vel: 0.0107
          Episode_Reward/action_rate_l2: -0.0016
             Episode_Reward/joint_limit: 0.0000
         Episode_Reward/self_collisions: -0.0033
Episode_Reward/action_target_reference_l2: -0.0090
Episode_Reward/action_target_soft_limit_barrier: -0.0025
                   Episode_Reward/alive: 1.7181
 Episode_Reward/non_timeout_termination: -0.7655
Episode_Reward/worst_ee_z_normalized_squared: -0.0254
Episode_Reward/right_wrist_prethreshold_barrier: 0.0000
 Episode_Reward/requested_effort_excess: 0.0000
Episode_Reward/root_world_tracking_error: -0.0076
Episode_Reward/measured_joint_posture_l2: -0.0241
Episode_Reward/measured_feet_world_position_l2: -0.0124
Episode_Reward/original_task_position_l2: -0.0109
Episode_Reward/original_task_orientation_l2: -0.0101
        Metrics/motion/error_anchor_pos: 0.2945
        Metrics/motion/error_anchor_rot: 0.1844
    Metrics/motion/error_anchor_lin_vel: 0.5269
    Metrics/motion/error_anchor_ang_vel: 0.9996
          Metrics/motion/error_body_pos: 0.2767
          Metrics/motion/error_body_rot: 0.3707
         Metrics/motion/error_joint_pos: 1.3308
         Metrics/motion/error_joint_vel: 7.4753
        Metrics/motion/sampling_entropy: 0.0000
      Metrics/motion/sampling_top1_prob: 0.0000
       Metrics/motion/sampling_top1_bin: 0.0000
      Metrics/motion/error_body_lin_vel: 0.5293
      Metrics/motion/error_body_ang_vel: 2.0886
           Episode_Termination/time_out: 0.0000
         Episode_Termination/anchor_pos: 0.0000
         Episode_Termination/anchor_ori: 0.0000
        Episode_Termination/ee_body_pos: 0.0000
Episode_Termination/corpus_clip_time_out: 0.0000
Episode_Termination/invalid_native_model_actuation: 0.0000
Episode_Termination/world_root_tracking_failure: 1.0000
 Episode_Reward/world_potential_shaping: 0.0304
--------------------------------------------------------------------------------
                         Iteration time: 2.37s
                           Time elapsed: 00:21:01
                                    ETA: 00:01:34

################################################################################
[1m                          Learning iteration 965/1000                           [0m 

                               Run name: original_core_920ms_fresh
                            Total steps: 954368 
                       Steps per second: 887 
                        Collection time: 2.141s 
                          Learning time: 0.167s 
                        Mean value loss: 198.8343
                    Mean surrogate loss: -0.0131
                      Mean entropy loss: -20.3216
                            Mean reward: 757.01
                    Mean episode length: 236.60
                        Mean action std: 0.10
  Episode_Reward/motion_global_root_pos: 0.0192
  Episode_Reward/motion_global_root_ori: 0.0200
         Episode_Reward/motion_body_pos: 0.0377
         Episode_Reward/motion_body_ori: 0.0358
     Episode_Reward/motion_body_lin_vel: 0.0423
     Episode_Reward/motion_body_ang_vel: 0.0402
          Episode_Reward/action_rate_l2: -0.0037
             Episode_Reward/joint_limit: -0.0000
         Episode_Reward/self_collisions: -0.0019
Episode_Reward/action_target_reference_l2: -0.0201
Episode_Reward/action_target_soft_limit_barrier: -0.0029
                   Episode_Reward/alive: 5.1984
 Episode_Reward/non_timeout_termination: -0.5358
Episode_Reward/worst_ee_z_normalized_squared: -0.0489
Episode_Reward/right_wrist_prethreshold_barrier: -0.0003
 Episode_Reward/requested_effort_excess: -0.0000
Episode_Reward/root_world_tracking_error: -0.0116
Episode_Reward/measured_joint_posture_l2: -0.0470
Episode_Reward/measured_feet_world_position_l2: -0.0382
Episode_Reward/original_task_position_l2: -0.0281
Episode_Reward/original_task_orientation_l2: -0.0241
        Metrics/motion/error_anchor_pos: 0.2353
        Metrics/motion/error_anchor_rot: 0.1283
    Metrics/motion/error_anchor_lin_vel: 0.3722
    Metrics/motion/error_anchor_ang_vel: 0.6427
          Metrics/motion/error_body_pos: 0.2331
          Metrics/motion/error_body_rot: 0.3071
         Metrics/motion/error_joint_pos: 1.1299
         Metrics/motion/error_joint_vel: 4.5088
        Metrics/motion/sampling_entropy: 0.0000
      Metrics/motion/sampling_top1_prob: 0.0000
       Metrics/motion/sampling_top1_bin: 0.0000
      Metrics/motion/error_body_lin_vel: 0.3863
      Metrics/motion/error_body_ang_vel: 1.1122
           Episode_Termination/time_out: 0.0000
         Episode_Termination/anchor_pos: 0.0000
         Episode_Termination/anchor_ori: 0.0000
        Episode_Termination/ee_body_pos: 0.0000
Episode_Termination/corpus_clip_time_out: 0.4000
Episode_Termination/invalid_native_model_actuation: 0.0000
Episode_Termination/world_root_tracking_failure: 1.2000
 Episode_Reward/world_potential_shaping: 0.0588
--------------------------------------------------------------------------------
                         Iteration time: 2.31s
                           Time elapsed: 00:21:03
                                    ETA: 00:01:32

################################################################################
[1m                          Learning iteration 966/1000                           [0m 

                               Run name: original_core_920ms_fresh
                            Total steps: 956416 
                       Steps per second: 918 
                        Collection time: 2.063s 
                          Learning time: 0.166s 
                        Mean value loss: 498.5693
                    Mean surrogate loss: -0.0104
                      Mean entropy loss: -20.3216
                            Mean reward: 706.86
                    Mean episode length: 224.48
                        Mean action std: 0.10
--------------------------------------------------------------------------------
                         Iteration time: 2.23s
                           Time elapsed: 00:21:06
                                    ETA: 00:01:29

################################################################################
[1m                          Learning iteration 967/1000                           [0m 

                               Run name: original_core_920ms_fresh
                            Total steps: 958464 
                       Steps per second: 829 
                        Collection time: 2.290s 
                          Learning time: 0.178s 
                        Mean value loss: 232.5790
                    Mean surrogate loss: -0.0106
                      Mean entropy loss: -20.3216
                            Mean reward: 764.44
                    Mean episode length: 239.40
                        Mean action std: 0.10
--------------------------------------------------------------------------------
                         Iteration time: 2.47s
                           Time elapsed: 00:21:08
                                    ETA: 00:01:26

################################################################################
[1m                          Learning iteration 968/1000                           [0m 

                               Run name: original_core_920ms_fresh
                            Total steps: 960512 
                       Steps per second: 710 
                        Collection time: 2.717s 
                          Learning time: 0.164s 
                        Mean value loss: 267.2298
                    Mean surrogate loss: -0.0115
                      Mean entropy loss: -20.3216
                            Mean reward: 748.17
                    Mean episode length: 235.61
                        Mean action std: 0.10
--------------------------------------------------------------------------------
                         Iteration time: 2.88s
                           Time elapsed: 00:21:11
                                    ETA: 00:01:24

################################################################################
[1m                          Learning iteration 969/1000                           [0m 

                               Run name: original_core_920ms_fresh
                            Total steps: 962560 
                       Steps per second: 887 
                        Collection time: 2.146s 
                          Learning time: 0.161s 
                        Mean value loss: 390.7629
                    Mean surrogate loss: -0.0140
                      Mean entropy loss: -20.3216
                            Mean reward: 735.83
                    Mean episode length: 233.34
                        Mean action std: 0.10
  Episode_Reward/motion_global_root_pos: 0.0083
  Episode_Reward/motion_global_root_ori: 0.0089
         Episode_Reward/motion_body_pos: 0.0164
         Episode_Reward/motion_body_ori: 0.0158
     Episode_Reward/motion_body_lin_vel: 0.0183
     Episode_Reward/motion_body_ang_vel: 0.0175
          Episode_Reward/action_rate_l2: -0.0018
             Episode_Reward/joint_limit: -0.0001
         Episode_Reward/self_collisions: -0.0119
Episode_Reward/action_target_reference_l2: -0.0103
Episode_Reward/action_target_soft_limit_barrier: -0.0028
                   Episode_Reward/alive: 2.3905
 Episode_Reward/non_timeout_termination: -0.7655
Episode_Reward/worst_ee_z_normalized_squared: -0.0280
Episode_Reward/right_wrist_prethreshold_barrier: -0.0028
 Episode_Reward/requested_effort_excess: 0.0000
Episode_Reward/root_world_tracking_error: -0.0081
Episode_Reward/measured_joint_posture_l2: -0.0279
Episode_Reward/measured_feet_world_position_l2: -0.0180
Episode_Reward/original_task_position_l2: -0.0131
Episode_Reward/original_task_orientation_l2: -0.0140
        Metrics/motion/error_anchor_pos: 0.2467
        Metrics/motion/error_anchor_rot: 0.1687
    Metrics/motion/error_anchor_lin_vel: 0.3053
    Metrics/motion/error_anchor_ang_vel: 0.7571
          Metrics/motion/error_body_pos: 0.6432
          Metrics/motion/error_body_rot: 0.5929
         Metrics/motion/error_joint_pos: 1.0996
         Metrics/motion/error_joint_vel: 4.5070
        Metrics/motion/sampling_entropy: 0.0000
      Metrics/motion/sampling_top1_prob: 0.0000
       Metrics/motion/sampling_top1_bin: 0.0000
      Metrics/motion/error_body_lin_vel: 0.3737
      Metrics/motion/error_body_ang_vel: 1.2242
           Episode_Termination/time_out: 0.0000
         Episode_Termination/anchor_pos: 0.0000
         Episode_Termination/anchor_ori: 0.0000
        Episode_Termination/ee_body_pos: 0.2857
Episode_Termination/corpus_clip_time_out: 0.0000
Episode_Termination/invalid_native_model_actuation: 0.0000
Episode_Termination/world_root_tracking_failure: 0.8571
 Episode_Reward/world_potential_shaping: 0.0401
--------------------------------------------------------------------------------
                         Iteration time: 2.31s
                           Time elapsed: 00:21:13
                                    ETA: 00:01:21

################################################################################
[1m                          Learning iteration 970/1000                           [0m 

                               Run name: original_core_920ms_fresh
                            Total steps: 964608 
                       Steps per second: 830 
                        Collection time: 2.300s 
                          Learning time: 0.167s 
                        Mean value loss: 337.1938
                    Mean surrogate loss: -0.0139
                      Mean entropy loss: -20.3216
                            Mean reward: 690.98
                    Mean episode length: 222.32
                        Mean action std: 0.10
--------------------------------------------------------------------------------
                         Iteration time: 2.47s
                           Time elapsed: 00:21:16
                                    ETA: 00:01:18

################################################################################
[1m                          Learning iteration 971/1000                           [0m 

                               Run name: original_core_920ms_fresh
                            Total steps: 966656 
                       Steps per second: 881 
                        Collection time: 2.154s 
                          Learning time: 0.168s 
                        Mean value loss: 588.9615
                    Mean surrogate loss: -0.0053
                      Mean entropy loss: -20.3216
                            Mean reward: 680.10
                    Mean episode length: 217.15
                        Mean action std: 0.10
--------------------------------------------------------------------------------
                         Iteration time: 2.32s
                           Time elapsed: 00:21:18
                                    ETA: 00:01:15

################################################################################
[1m                          Learning iteration 972/1000                           [0m 

                               Run name: original_core_920ms_fresh
                            Total steps: 968704 
                       Steps per second: 844 
                        Collection time: 2.261s 
                          Learning time: 0.165s 
                        Mean value loss: 269.0649
                    Mean surrogate loss: -0.0108
                      Mean entropy loss: -20.3216
                            Mean reward: 678.69
                    Mean episode length: 217.88
                        Mean action std: 0.10
--------------------------------------------------------------------------------
                         Iteration time: 2.43s
                           Time elapsed: 00:21:20
                                    ETA: 00:01:13

################################################################################
[1m                          Learning iteration 973/1000                           [0m 

                               Run name: original_core_920ms_fresh
                            Total steps: 970752 
                       Steps per second: 818 
                        Collection time: 2.331s 
                          Learning time: 0.172s 
                        Mean value loss: 979.6622
                    Mean surrogate loss: -0.0077
                      Mean entropy loss: -20.3216
                            Mean reward: 810.38
                    Mean episode length: 251.28
                        Mean action std: 0.10
  Episode_Reward/motion_global_root_pos: 0.0408
  Episode_Reward/motion_global_root_ori: 0.0426
         Episode_Reward/motion_body_pos: 0.0809
         Episode_Reward/motion_body_ori: 0.0754
     Episode_Reward/motion_body_lin_vel: 0.0916
     Episode_Reward/motion_body_ang_vel: 0.0859
          Episode_Reward/action_rate_l2: -0.0078
             Episode_Reward/joint_limit: -0.0017
         Episode_Reward/self_collisions: -0.0049
Episode_Reward/action_target_reference_l2: -0.0432
Episode_Reward/action_target_soft_limit_barrier: -0.0035
                   Episode_Reward/alive: 11.0337
 Episode_Reward/non_timeout_termination: -0.2552
Episode_Reward/worst_ee_z_normalized_squared: -0.1260
Episode_Reward/right_wrist_prethreshold_barrier: -0.0114
 Episode_Reward/requested_effort_excess: 0.0000
Episode_Reward/root_world_tracking_error: -0.0202
Episode_Reward/measured_joint_posture_l2: -0.0937
Episode_Reward/measured_feet_world_position_l2: -0.0785
Episode_Reward/original_task_position_l2: -0.0578
Episode_Reward/original_task_orientation_l2: -0.0506
        Metrics/motion/error_anchor_pos: 0.1339
        Metrics/motion/error_anchor_rot: 0.1145
    Metrics/motion/error_anchor_lin_vel: 0.1153
    Metrics/motion/error_anchor_ang_vel: 0.4231
          Metrics/motion/error_body_pos: 0.1343
          Metrics/motion/error_body_rot: 0.2818
         Metrics/motion/error_joint_pos: 1.0847
         Metrics/motion/error_joint_vel: 3.0693
        Metrics/motion/sampling_entropy: 0.0000
      Metrics/motion/sampling_top1_prob: 0.0000
       Metrics/motion/sampling_top1_bin: 0.0000
      Metrics/motion/error_body_lin_vel: 0.1530
      Metrics/motion/error_body_ang_vel: 0.9143
           Episode_Termination/time_out: 0.0000
         Episode_Termination/anchor_pos: 0.0000
         Episode_Termination/anchor_ori: 0.0000
        Episode_Termination/ee_body_pos: 0.5000
Episode_Termination/corpus_clip_time_out: 0.6667
Episode_Termination/invalid_native_model_actuation: 0.0000
Episode_Termination/world_root_tracking_failure: 0.0000
 Episode_Reward/world_potential_shaping: 0.1050
--------------------------------------------------------------------------------
                         Iteration time: 2.50s
                           Time elapsed: 00:21:23
                                    ETA: 00:01:10

################################################################################
[1m                          Learning iteration 974/1000                           [0m 

                               Run name: original_core_920ms_fresh
                            Total steps: 972800 
                       Steps per second: 386 
                        Collection time: 5.134s 
                          Learning time: 0.162s 
                        Mean value loss: 283.3858
                    Mean surrogate loss: -0.0081
                      Mean entropy loss: -20.3216
                            Mean reward: 826.11
                    Mean episode length: 255.20
                        Mean action std: 0.10
--------------------------------------------------------------------------------
                         Iteration time: 5.30s
                           Time elapsed: 00:21:28
                                    ETA: 00:01:07

################################################################################
[1m                          Learning iteration 975/1000                           [0m 

                               Run name: original_core_920ms_fresh
                            Total steps: 974848 
                       Steps per second: 891 
                        Collection time: 2.129s 
                          Learning time: 0.169s 
                        Mean value loss: 253.1846
                    Mean surrogate loss: -0.0091
                      Mean entropy loss: -20.3216
                            Mean reward: 825.54
                    Mean episode length: 254.96
                        Mean action std: 0.10
--------------------------------------------------------------------------------
                         Iteration time: 2.30s
                           Time elapsed: 00:21:30
                                    ETA: 00:01:05

################################################################################
[1m                          Learning iteration 976/1000                           [0m 

                               Run name: original_core_920ms_fresh
                            Total steps: 976896 
                       Steps per second: 882 
                        Collection time: 2.159s 
                          Learning time: 0.162s 
                        Mean value loss: 760.1197
                    Mean surrogate loss: -0.0049
                      Mean entropy loss: -20.3216
                            Mean reward: 839.50
                    Mean episode length: 258.51
                        Mean action std: 0.10
--------------------------------------------------------------------------------
                         Iteration time: 2.32s
                           Time elapsed: 00:21:33
                                    ETA: 00:01:02

################################################################################
[1m                          Learning iteration 977/1000                           [0m 

                               Run name: original_core_920ms_fresh
                            Total steps: 978944 
                       Steps per second: 753 
                        Collection time: 2.546s 
                          Learning time: 0.171s 
                        Mean value loss: 369.5594
                    Mean surrogate loss: -0.0082
                      Mean entropy loss: -20.3216
                            Mean reward: 789.72
                    Mean episode length: 245.18
                        Mean action std: 0.10
--------------------------------------------------------------------------------
                         Iteration time: 2.72s
                           Time elapsed: 00:21:36
                                    ETA: 00:00:59

################################################################################
[1m                          Learning iteration 978/1000                           [0m 

                               Run name: original_core_920ms_fresh
                            Total steps: 980992 
                       Steps per second: 817 
                        Collection time: 2.332s 
                          Learning time: 0.172s 
                        Mean value loss: 664.1055
                    Mean surrogate loss: -0.0113
                      Mean entropy loss: -20.3216
                            Mean reward: 807.30
                    Mean episode length: 248.35
                        Mean action std: 0.10
--------------------------------------------------------------------------------
                         Iteration time: 2.50s
                           Time elapsed: 00:21:38
                                    ETA: 00:00:56

################################################################################
[1m                          Learning iteration 979/1000                           [0m 

                               Run name: original_core_920ms_fresh
                            Total steps: 983040 
                       Steps per second: 817 
                        Collection time: 2.342s 
                          Learning time: 0.165s 
                        Mean value loss: 671.0132
                    Mean surrogate loss: -0.0075
                      Mean entropy loss: -20.3216
                            Mean reward: 775.21
                    Mean episode length: 239.43
                        Mean action std: 0.10
  Episode_Reward/motion_global_root_pos: 0.0134
  Episode_Reward/motion_global_root_ori: 0.0174
         Episode_Reward/motion_body_pos: 0.0265
         Episode_Reward/motion_body_ori: 0.0314
     Episode_Reward/motion_body_lin_vel: 0.0370
     Episode_Reward/motion_body_ang_vel: 0.0359
          Episode_Reward/action_rate_l2: -0.0029
             Episode_Reward/joint_limit: -0.0001
         Episode_Reward/self_collisions: -0.0073
Episode_Reward/action_target_reference_l2: -0.0165
Episode_Reward/action_target_soft_limit_barrier: -0.0041
                   Episode_Reward/alive: 4.4659
 Episode_Reward/non_timeout_termination: -0.4593
Episode_Reward/worst_ee_z_normalized_squared: -0.0324
Episode_Reward/right_wrist_prethreshold_barrier: -0.0018
 Episode_Reward/requested_effort_excess: 0.0000
Episode_Reward/root_world_tracking_error: -0.0164
Episode_Reward/measured_joint_posture_l2: -0.0376
Episode_Reward/measured_feet_world_position_l2: -0.0343
Episode_Reward/original_task_position_l2: -0.0263
Episode_Reward/original_task_orientation_l2: -0.0232
        Metrics/motion/error_anchor_pos: 0.2461
        Metrics/motion/error_anchor_rot: 0.1331
    Metrics/motion/error_anchor_lin_vel: 0.1390
    Metrics/motion/error_anchor_ang_vel: 0.4036
          Metrics/motion/error_body_pos: 0.2442
          Metrics/motion/error_body_rot: 0.2445
         Metrics/motion/error_joint_pos: 1.0101
         Metrics/motion/error_joint_vel: 2.8125
        Metrics/motion/sampling_entropy: 0.0000
      Metrics/motion/sampling_top1_prob: 0.0000
       Metrics/motion/sampling_top1_bin: 0.0000
      Metrics/motion/error_body_lin_vel: 0.1324
      Metrics/motion/error_body_ang_vel: 0.7266
           Episode_Termination/time_out: 0.0000
         Episode_Termination/anchor_pos: 0.0000
         Episode_Termination/anchor_ori: 0.0000
        Episode_Termination/ee_body_pos: 0.0000
Episode_Termination/corpus_clip_time_out: 0.4000
Episode_Termination/invalid_native_model_actuation: 0.0000
Episode_Termination/world_root_tracking_failure: 0.6000
 Episode_Reward/world_potential_shaping: 0.0593
--------------------------------------------------------------------------------
                         Iteration time: 2.51s
                           Time elapsed: 00:21:41
                                    ETA: 00:00:54

################################################################################
[1m                          Learning iteration 980/1000                           [0m 

                               Run name: original_core_920ms_fresh
                            Total steps: 985088 
                       Steps per second: 896 
                        Collection time: 2.126s 
                          Learning time: 0.160s 
                        Mean value loss: 242.9229
                    Mean surrogate loss: -0.0115
                      Mean entropy loss: -20.3216
                            Mean reward: 831.82
                    Mean episode length: 249.59
                        Mean action std: 0.10
--------------------------------------------------------------------------------
                         Iteration time: 2.29s
                           Time elapsed: 00:21:43
                                    ETA: 00:00:51

################################################################################
[1m                          Learning iteration 981/1000                           [0m 

                               Run name: original_core_920ms_fresh
                            Total steps: 987136 
                       Steps per second: 803 
                        Collection time: 2.380s 
                          Learning time: 0.170s 
                        Mean value loss: 440.3939
                    Mean surrogate loss: -0.0074
                      Mean entropy loss: -20.3216
                            Mean reward: 883.12
                    Mean episode length: 262.49
                        Mean action std: 0.10
--------------------------------------------------------------------------------
                         Iteration time: 2.55s
                           Time elapsed: 00:21:45
                                    ETA: 00:00:48

################################################################################
[1m                          Learning iteration 982/1000                           [0m 

                               Run name: original_core_920ms_fresh
                            Total steps: 989184 
                       Steps per second: 859 
                        Collection time: 2.220s 
                          Learning time: 0.163s 
                        Mean value loss: 231.8864
                    Mean surrogate loss: -0.0162
                      Mean entropy loss: -20.3216
                            Mean reward: 859.50
                    Mean episode length: 256.89
                        Mean action std: 0.10
  Episode_Reward/motion_global_root_pos: 0.0118
  Episode_Reward/motion_global_root_ori: 0.0134
         Episode_Reward/motion_body_pos: 0.0234
         Episode_Reward/motion_body_ori: 0.0223
     Episode_Reward/motion_body_lin_vel: 0.0279
     Episode_Reward/motion_body_ang_vel: 0.0263
          Episode_Reward/action_rate_l2: -0.0027
             Episode_Reward/joint_limit: -0.0005
         Episode_Reward/self_collisions: -0.0098
Episode_Reward/action_target_reference_l2: -0.0174
Episode_Reward/action_target_soft_limit_barrier: -0.0033
                   Episode_Reward/alive: 3.5039
 Episode_Reward/non_timeout_termination: -0.7655
Episode_Reward/worst_ee_z_normalized_squared: -0.0444
Episode_Reward/right_wrist_prethreshold_barrier: -0.0064
 Episode_Reward/requested_effort_excess: 0.0000
Episode_Reward/root_world_tracking_error: -0.0119
Episode_Reward/measured_joint_posture_l2: -0.0426
Episode_Reward/measured_feet_world_position_l2: -0.0266
Episode_Reward/original_task_position_l2: -0.0220
Episode_Reward/original_task_orientation_l2: -0.0192
        Metrics/motion/error_anchor_pos: 0.2579
        Metrics/motion/error_anchor_rot: 0.2106
    Metrics/motion/error_anchor_lin_vel: 0.4411
    Metrics/motion/error_anchor_ang_vel: 0.9740
          Metrics/motion/error_body_pos: 0.2637
          Metrics/motion/error_body_rot: 0.3479
         Metrics/motion/error_joint_pos: 1.1068
         Metrics/motion/error_joint_vel: 5.5308
        Metrics/motion/sampling_entropy: 0.0000
      Metrics/motion/sampling_top1_prob: 0.0000
       Metrics/motion/sampling_top1_bin: 0.0000
      Metrics/motion/error_body_lin_vel: 0.4882
      Metrics/motion/error_body_ang_vel: 1.5515
           Episode_Termination/time_out: 0.0000
         Episode_Termination/anchor_pos: 0.0000
         Episode_Termination/anchor_ori: 0.0000
        Episode_Termination/ee_body_pos: 0.1667
Episode_Termination/corpus_clip_time_out: 0.0000
Episode_Termination/invalid_native_model_actuation: 0.0000
Episode_Termination/world_root_tracking_failure: 0.8333
 Episode_Reward/world_potential_shaping: 0.0531
--------------------------------------------------------------------------------
                         Iteration time: 2.38s
                           Time elapsed: 00:21:48
                                    ETA: 00:00:46

################################################################################
[1m                          Learning iteration 983/1000                           [0m 

                               Run name: original_core_920ms_fresh
                            Total steps: 991232 
                       Steps per second: 872 
                        Collection time: 2.181s 
                          Learning time: 0.168s 
                        Mean value loss: 291.3472
                    Mean surrogate loss: -0.0118
                      Mean entropy loss: -20.3216
                            Mean reward: 883.27
                    Mean episode length: 262.46
                        Mean action std: 0.10
  Episode_Reward/motion_global_root_pos: 0.0180
  Episode_Reward/motion_global_root_ori: 0.0172
         Episode_Reward/motion_body_pos: 0.0351
         Episode_Reward/motion_body_ori: 0.0307
     Episode_Reward/motion_body_lin_vel: 0.0381
     Episode_Reward/motion_body_ang_vel: 0.0358
          Episode_Reward/action_rate_l2: -0.0034
             Episode_Reward/joint_limit: -0.0008
         Episode_Reward/self_collisions: -0.0276
Episode_Reward/action_target_reference_l2: -0.0202
Episode_Reward/action_target_soft_limit_barrier: -0.0042
                   Episode_Reward/alive: 4.7343
 Episode_Reward/non_timeout_termination: -0.7655
Episode_Reward/worst_ee_z_normalized_squared: -0.0387
Episode_Reward/right_wrist_prethreshold_barrier: -0.0036
 Episode_Reward/requested_effort_excess: -0.0000
Episode_Reward/root_world_tracking_error: -0.0088
Episode_Reward/measured_joint_posture_l2: -0.0506
Episode_Reward/measured_feet_world_position_l2: -0.0341
Episode_Reward/original_task_position_l2: -0.0262
Episode_Reward/original_task_orientation_l2: -0.0258
        Metrics/motion/error_anchor_pos: 0.2700
        Metrics/motion/error_anchor_rot: 0.1863
    Metrics/motion/error_anchor_lin_vel: 0.6468
    Metrics/motion/error_anchor_ang_vel: 1.5714
          Metrics/motion/error_body_pos: 0.2906
          Metrics/motion/error_body_rot: 0.4422
         Metrics/motion/error_joint_pos: 1.5200
         Metrics/motion/error_joint_vel: 6.8048
        Metrics/motion/sampling_entropy: 0.0000
      Metrics/motion/sampling_top1_prob: 0.0000
       Metrics/motion/sampling_top1_bin: 0.0000
      Metrics/motion/error_body_lin_vel: 0.6989
      Metrics/motion/error_body_ang_vel: 1.9975
           Episode_Termination/time_out: 0.0000
         Episode_Termination/anchor_pos: 0.0000
         Episode_Termination/anchor_ori: 0.0000
        Episode_Termination/ee_body_pos: 0.5000
Episode_Termination/corpus_clip_time_out: 0.0000
Episode_Termination/invalid_native_model_actuation: 0.0000
Episode_Termination/world_root_tracking_failure: 1.2500
 Episode_Reward/world_potential_shaping: 0.0573
--------------------------------------------------------------------------------
                         Iteration time: 2.35s
                           Time elapsed: 00:21:50
                                    ETA: 00:00:43

################################################################################
[1m                          Learning iteration 984/1000                           [0m 

                               Run name: original_core_920ms_fresh
                            Total steps: 993280 
                       Steps per second: 816 
                        Collection time: 2.349s 
                          Learning time: 0.161s 
                        Mean value loss: 386.3977
                    Mean surrogate loss: -0.0096
                      Mean entropy loss: -20.3216
                            Mean reward: 838.49
                    Mean episode length: 250.00
                        Mean action std: 0.10
  Episode_Reward/motion_global_root_pos: 0.0104
  Episode_Reward/motion_global_root_ori: 0.0107
         Episode_Reward/motion_body_pos: 0.0205
         Episode_Reward/motion_body_ori: 0.0188
     Episode_Reward/motion_body_lin_vel: 0.0214
     Episode_Reward/motion_body_ang_vel: 0.0201
          Episode_Reward/action_rate_l2: -0.0022
             Episode_Reward/joint_limit: -0.0002
         Episode_Reward/self_collisions: -0.0013
Episode_Reward/action_target_reference_l2: -0.0127
Episode_Reward/action_target_soft_limit_barrier: -0.0027
                   Episode_Reward/alive: 2.7978
 Episode_Reward/non_timeout_termination: -0.6124
Episode_Reward/worst_ee_z_normalized_squared: -0.0357
Episode_Reward/right_wrist_prethreshold_barrier: -0.0024
 Episode_Reward/requested_effort_excess: -0.0000
Episode_Reward/root_world_tracking_error: -0.0078
Episode_Reward/measured_joint_posture_l2: -0.0306
Episode_Reward/measured_feet_world_position_l2: -0.0197
Episode_Reward/original_task_position_l2: -0.0134
Episode_Reward/original_task_orientation_l2: -0.0141
        Metrics/motion/error_anchor_pos: 0.2390
        Metrics/motion/error_anchor_rot: 0.1483
    Metrics/motion/error_anchor_lin_vel: 0.4080
    Metrics/motion/error_anchor_ang_vel: 0.6667
          Metrics/motion/error_body_pos: 0.2451
          Metrics/motion/error_body_rot: 0.3192
         Metrics/motion/error_joint_pos: 1.0796
         Metrics/motion/error_joint_vel: 5.4010
        Metrics/motion/sampling_entropy: 0.0000
      Metrics/motion/sampling_top1_prob: 0.0000
       Metrics/motion/sampling_top1_bin: 0.0000
      Metrics/motion/error_body_lin_vel: 0.3931
      Metrics/motion/error_body_ang_vel: 1.4098
           Episode_Termination/time_out: 0.0000
         Episode_Termination/anchor_pos: 0.0000
         Episode_Termination/anchor_ori: 0.0000
        Episode_Termination/ee_body_pos: 0.0000
Episode_Termination/corpus_clip_time_out: 0.2000
Episode_Termination/invalid_native_model_actuation: 0.0000
Episode_Termination/world_root_tracking_failure: 1.0000
 Episode_Reward/world_potential_shaping: 0.0367
--------------------------------------------------------------------------------
                         Iteration time: 2.51s
                           Time elapsed: 00:21:53
                                    ETA: 00:00:40

################################################################################
[1m                          Learning iteration 985/1000                           [0m 

                               Run name: original_core_920ms_fresh
                            Total steps: 995328 
                       Steps per second: 883 
                        Collection time: 2.156s 
                          Learning time: 0.161s 
                        Mean value loss: 452.3985
                    Mean surrogate loss: -0.0053
                      Mean entropy loss: -20.3216
                            Mean reward: 936.05
                    Mean episode length: 276.78
                        Mean action std: 0.10
  Episode_Reward/motion_global_root_pos: 0.0251
  Episode_Reward/motion_global_root_ori: 0.0298
         Episode_Reward/motion_body_pos: 0.0506
         Episode_Reward/motion_body_ori: 0.0509
     Episode_Reward/motion_body_lin_vel: 0.0622
     Episode_Reward/motion_body_ang_vel: 0.0584
          Episode_Reward/action_rate_l2: -0.0055
             Episode_Reward/joint_limit: -0.0014
         Episode_Reward/self_collisions: -0.0137
Episode_Reward/action_target_reference_l2: -0.0346
Episode_Reward/action_target_soft_limit_barrier: -0.0059
                   Episode_Reward/alive: 7.6828
 Episode_Reward/non_timeout_termination: -0.5741
Episode_Reward/worst_ee_z_normalized_squared: -0.1075
Episode_Reward/right_wrist_prethreshold_barrier: -0.0076
 Episode_Reward/requested_effort_excess: 0.0000
Episode_Reward/root_world_tracking_error: -0.0229
Episode_Reward/measured_joint_posture_l2: -0.0772
Episode_Reward/measured_feet_world_position_l2: -0.0570
Episode_Reward/original_task_position_l2: -0.0463
Episode_Reward/original_task_orientation_l2: -0.0376
        Metrics/motion/error_anchor_pos: 0.2586
        Metrics/motion/error_anchor_rot: 0.1532
    Metrics/motion/error_anchor_lin_vel: 0.3479
    Metrics/motion/error_anchor_ang_vel: 1.1123
          Metrics/motion/error_body_pos: 0.2538
          Metrics/motion/error_body_rot: 0.3411
         Metrics/motion/error_joint_pos: 1.2230
         Metrics/motion/error_joint_vel: 5.7650
        Metrics/motion/sampling_entropy: 0.0000
      Metrics/motion/sampling_top1_prob: 0.0000
       Metrics/motion/sampling_top1_bin: 0.0000
      Metrics/motion/error_body_lin_vel: 0.4023
      Metrics/motion/error_body_ang_vel: 1.5473
           Episode_Termination/time_out: 0.0000
         Episode_Termination/anchor_pos: 0.0000
         Episode_Termination/anchor_ori: 0.0000
        Episode_Termination/ee_body_pos: 0.2500
Episode_Termination/corpus_clip_time_out: 0.2500
Episode_Termination/invalid_native_model_actuation: 0.0000
Episode_Termination/world_root_tracking_failure: 0.7500
 Episode_Reward/world_potential_shaping: 0.0900
--------------------------------------------------------------------------------
                         Iteration time: 2.32s
                           Time elapsed: 00:21:55
                                    ETA: 00:00:37

################################################################################
[1m                          Learning iteration 986/1000                           [0m 

                               Run name: original_core_920ms_fresh
                            Total steps: 997376 
                       Steps per second: 826 
                        Collection time: 2.316s 
                          Learning time: 0.163s 
                        Mean value loss: 806.9306
                    Mean surrogate loss: -0.0043
                      Mean entropy loss: -20.3216
                            Mean reward: 974.29
                    Mean episode length: 286.04
                        Mean action std: 0.10
--------------------------------------------------------------------------------
                         Iteration time: 2.48s
                           Time elapsed: 00:21:57
                                    ETA: 00:00:35

################################################################################
[1m                          Learning iteration 987/1000                           [0m 

                               Run name: original_core_920ms_fresh
                            Total steps: 999424 
                       Steps per second: 788 
                        Collection time: 2.418s 
                          Learning time: 0.181s 
                        Mean value loss: 299.5733
                    Mean surrogate loss: -0.0069
                      Mean entropy loss: -20.3216
                            Mean reward: 995.55
                    Mean episode length: 293.24
                        Mean action std: 0.10
--------------------------------------------------------------------------------
                         Iteration time: 2.60s
                           Time elapsed: 00:22:00
                                    ETA: 00:00:32

################################################################################
[1m                          Learning iteration 988/1000                           [0m 

                               Run name: original_core_920ms_fresh
                            Total steps: 1001472 
                       Steps per second: 808 
                        Collection time: 2.354s 
                          Learning time: 0.181s 
                        Mean value loss: 496.1078
                    Mean surrogate loss: -0.0088
                      Mean entropy loss: -20.3216
                            Mean reward: 941.53
                    Mean episode length: 277.29
                        Mean action std: 0.10
  Episode_Reward/motion_global_root_pos: 0.0135
  Episode_Reward/motion_global_root_ori: 0.0146
         Episode_Reward/motion_body_pos: 0.0267
         Episode_Reward/motion_body_ori: 0.0253
     Episode_Reward/motion_body_lin_vel: 0.0295
     Episode_Reward/motion_body_ang_vel: 0.0277
          Episode_Reward/action_rate_l2: -0.0030
             Episode_Reward/joint_limit: -0.0004
         Episode_Reward/self_collisions: -0.0067
Episode_Reward/action_target_reference_l2: -0.0182
Episode_Reward/action_target_soft_limit_barrier: -0.0032
                   Episode_Reward/alive: 3.7787
 Episode_Reward/non_timeout_termination: -0.7108
Episode_Reward/worst_ee_z_normalized_squared: -0.0505
Episode_Reward/right_wrist_prethreshold_barrier: -0.0036
 Episode_Reward/requested_effort_excess: -0.0000
Episode_Reward/root_world_tracking_error: -0.0107
Episode_Reward/measured_joint_posture_l2: -0.0399
Episode_Reward/measured_feet_world_position_l2: -0.0273
Episode_Reward/original_task_position_l2: -0.0217
Episode_Reward/original_task_orientation_l2: -0.0182
        Metrics/motion/error_anchor_pos: 0.2735
        Metrics/motion/error_anchor_rot: 0.1566
    Metrics/motion/error_anchor_lin_vel: 0.4351
    Metrics/motion/error_anchor_ang_vel: 0.9296
          Metrics/motion/error_body_pos: 0.2885
          Metrics/motion/error_body_rot: 0.3661
         Metrics/motion/error_joint_pos: 1.2191
         Metrics/motion/error_joint_vel: 5.5062
        Metrics/motion/sampling_entropy: 0.0000
      Metrics/motion/sampling_top1_prob: 0.0000
       Metrics/motion/sampling_top1_bin: 0.0000
      Metrics/motion/error_body_lin_vel: 0.4763
      Metrics/motion/error_body_ang_vel: 1.6568
           Episode_Termination/time_out: 0.0000
         Episode_Termination/anchor_pos: 0.0000
         Episode_Termination/anchor_ori: 0.0000
        Episode_Termination/ee_body_pos: 0.0000
Episode_Termination/corpus_clip_time_out: 0.1429
Episode_Termination/invalid_native_model_actuation: 0.0000
Episode_Termination/world_root_tracking_failure: 1.2857
 Episode_Reward/world_potential_shaping: 0.0507
--------------------------------------------------------------------------------
                         Iteration time: 2.53s
                           Time elapsed: 00:22:03
                                    ETA: 00:00:29

################################################################################
[1m                          Learning iteration 989/1000                           [0m 

                               Run name: original_core_920ms_fresh
                            Total steps: 1003520 
                       Steps per second: 818 
                        Collection time: 2.315s 
                          Learning time: 0.187s 
                        Mean value loss: 702.3287
                    Mean surrogate loss: -0.0069
                      Mean entropy loss: -20.3216
                            Mean reward: 942.70
                    Mean episode length: 278.57
                        Mean action std: 0.10
--------------------------------------------------------------------------------
                         Iteration time: 2.50s
                           Time elapsed: 00:22:05
                                    ETA: 00:00:27

################################################################################
[1m                          Learning iteration 990/1000                           [0m 

                               Run name: original_core_920ms_fresh
                            Total steps: 1005568 
                       Steps per second: 880 
                        Collection time: 2.149s 
                          Learning time: 0.176s 
                        Mean value loss: 363.0038
                    Mean surrogate loss: -0.0131
                      Mean entropy loss: -20.3216
                            Mean reward: 931.25
                    Mean episode length: 275.38
                        Mean action std: 0.10
  Episode_Reward/motion_global_root_pos: 0.0035
  Episode_Reward/motion_global_root_ori: 0.0041
         Episode_Reward/motion_body_pos: 0.0067
         Episode_Reward/motion_body_ori: 0.0067
     Episode_Reward/motion_body_lin_vel: 0.0075
     Episode_Reward/motion_body_ang_vel: 0.0073
          Episode_Reward/action_rate_l2: -0.0010
             Episode_Reward/joint_limit: 0.0000
         Episode_Reward/self_collisions: -0.0035
Episode_Reward/action_target_reference_l2: -0.0054
Episode_Reward/action_target_soft_limit_barrier: -0.0019
                   Episode_Reward/alive: 1.0944
 Episode_Reward/non_timeout_termination: -0.7655
Episode_Reward/worst_ee_z_normalized_squared: -0.0112
Episode_Reward/right_wrist_prethreshold_barrier: -0.0012
 Episode_Reward/requested_effort_excess: 0.0000
Episode_Reward/root_world_tracking_error: -0.0057
Episode_Reward/measured_joint_posture_l2: -0.0158
Episode_Reward/measured_feet_world_position_l2: -0.0084
Episode_Reward/original_task_position_l2: -0.0073
Episode_Reward/original_task_orientation_l2: -0.0069
        Metrics/motion/error_anchor_pos: 0.2906
        Metrics/motion/error_anchor_rot: 0.1856
    Metrics/motion/error_anchor_lin_vel: 0.4215
    Metrics/motion/error_anchor_ang_vel: 0.9100
          Metrics/motion/error_body_pos: 0.3045
          Metrics/motion/error_body_rot: 0.3575
         Metrics/motion/error_joint_pos: 1.2638
         Metrics/motion/error_joint_vel: 6.3840
        Metrics/motion/sampling_entropy: 0.0000
      Metrics/motion/sampling_top1_prob: 0.0000
       Metrics/motion/sampling_top1_bin: 0.0000
      Metrics/motion/error_body_lin_vel: 0.5240
      Metrics/motion/error_body_ang_vel: 1.6269
           Episode_Termination/time_out: 0.0000
         Episode_Termination/anchor_pos: 0.0000
         Episode_Termination/anchor_ori: 0.0000
        Episode_Termination/ee_body_pos: 0.2500
Episode_Termination/corpus_clip_time_out: 0.0000
Episode_Termination/invalid_native_model_actuation: 0.0000
Episode_Termination/world_root_tracking_failure: 1.5000
 Episode_Reward/world_potential_shaping: 0.0259
--------------------------------------------------------------------------------
                         Iteration time: 2.33s
                           Time elapsed: 00:22:07
                                    ETA: 00:00:24

################################################################################
[1m                          Learning iteration 991/1000                           [0m 

                               Run name: original_core_920ms_fresh
                            Total steps: 1007616 
                       Steps per second: 874 
                        Collection time: 2.175s 
                          Learning time: 0.167s 
                        Mean value loss: 431.4896
                    Mean surrogate loss: -0.0101
                      Mean entropy loss: -20.3216
                            Mean reward: 991.85
                    Mean episode length: 292.36
                        Mean action std: 0.10
--------------------------------------------------------------------------------
                         Iteration time: 2.34s
                           Time elapsed: 00:22:10
                                    ETA: 00:00:21

################################################################################
[1m                          Learning iteration 992/1000                           [0m 

                               Run name: original_core_920ms_fresh
                            Total steps: 1009664 
                       Steps per second: 767 
                        Collection time: 2.504s 
                          Learning time: 0.163s 
                        Mean value loss: 492.1564
                    Mean surrogate loss: -0.0067
                      Mean entropy loss: -20.3216
                            Mean reward: 1057.15
                    Mean episode length: 308.94
                        Mean action std: 0.10
  Episode_Reward/motion_global_root_pos: 0.0203
  Episode_Reward/motion_global_root_ori: 0.0219
         Episode_Reward/motion_body_pos: 0.0401
         Episode_Reward/motion_body_ori: 0.0379
     Episode_Reward/motion_body_lin_vel: 0.0451
     Episode_Reward/motion_body_ang_vel: 0.0428
          Episode_Reward/action_rate_l2: -0.0041
             Episode_Reward/joint_limit: -0.0016
         Episode_Reward/self_collisions: -0.0074
Episode_Reward/action_target_reference_l2: -0.0243
Episode_Reward/action_target_soft_limit_barrier: -0.0040
                   Episode_Reward/alive: 5.6308
 Episode_Reward/non_timeout_termination: -0.6804
Episode_Reward/worst_ee_z_normalized_squared: -0.0833
Episode_Reward/right_wrist_prethreshold_barrier: -0.0045
 Episode_Reward/requested_effort_excess: -0.0000
Episode_Reward/root_world_tracking_error: -0.0141
Episode_Reward/measured_joint_posture_l2: -0.0550
Episode_Reward/measured_feet_world_position_l2: -0.0398
Episode_Reward/original_task_position_l2: -0.0303
Episode_Reward/original_task_orientation_l2: -0.0267
        Metrics/motion/error_anchor_pos: 0.2643
        Metrics/motion/error_anchor_rot: 0.1532
    Metrics/motion/error_anchor_lin_vel: 0.4628
    Metrics/motion/error_anchor_ang_vel: 0.7491
          Metrics/motion/error_body_pos: 0.2796
          Metrics/motion/error_body_rot: 0.3368
         Metrics/motion/error_joint_pos: 1.3231
         Metrics/motion/error_joint_vel: 5.4472
        Metrics/motion/sampling_entropy: 0.0000
      Metrics/motion/sampling_top1_prob: 0.0000
       Metrics/motion/sampling_top1_bin: 0.0000
      Metrics/motion/error_body_lin_vel: 0.5510
      Metrics/motion/error_body_ang_vel: 1.4997
           Episode_Termination/time_out: 0.0000
         Episode_Termination/anchor_pos: 0.0000
         Episode_Termination/anchor_ori: 0.0000
        Episode_Termination/ee_body_pos: 0.0000
Episode_Termination/corpus_clip_time_out: 0.1111
Episode_Termination/invalid_native_model_actuation: 0.0000
Episode_Termination/world_root_tracking_failure: 1.2222
 Episode_Reward/world_potential_shaping: 0.0665
--------------------------------------------------------------------------------
                         Iteration time: 2.67s
                           Time elapsed: 00:22:12
                                    ETA: 00:00:18

################################################################################
[1m                          Learning iteration 993/1000                           [0m 

                               Run name: original_core_920ms_fresh
                            Total steps: 1011712 
                       Steps per second: 784 
                        Collection time: 2.433s 
                          Learning time: 0.176s 
                        Mean value loss: 746.0512
                    Mean surrogate loss: -0.0124
                      Mean entropy loss: -20.3216
                            Mean reward: 1058.12
                    Mean episode length: 309.88
                        Mean action std: 0.10
--------------------------------------------------------------------------------
                         Iteration time: 2.61s
                           Time elapsed: 00:22:15
                                    ETA: 00:00:16

################################################################################
[1m                          Learning iteration 994/1000                           [0m 

                               Run name: original_core_920ms_fresh
                            Total steps: 1013760 
                       Steps per second: 903 
                        Collection time: 2.106s 
                          Learning time: 0.160s 
                        Mean value loss: 718.3314
                    Mean surrogate loss: -0.0093
                      Mean entropy loss: -20.3216
                            Mean reward: 1031.84
                    Mean episode length: 303.41
                        Mean action std: 0.10
--------------------------------------------------------------------------------
                         Iteration time: 2.27s
                           Time elapsed: 00:22:17
                                    ETA: 00:00:13

################################################################################
[1m                          Learning iteration 995/1000                           [0m 

                               Run name: original_core_920ms_fresh
                            Total steps: 1015808 
                       Steps per second: 876 
                        Collection time: 2.173s 
                          Learning time: 0.163s 
                        Mean value loss: 594.2427
                    Mean surrogate loss: -0.0086
                      Mean entropy loss: -20.3216
                            Mean reward: 933.52
                    Mean episode length: 282.43
                        Mean action std: 0.10
--------------------------------------------------------------------------------
                         Iteration time: 2.34s
                           Time elapsed: 00:22:20
                                    ETA: 00:00:10

################################################################################
[1m                          Learning iteration 996/1000                           [0m 

                               Run name: original_core_920ms_fresh
                            Total steps: 1017856 
                       Steps per second: 888 
                        Collection time: 2.132s 
                          Learning time: 0.172s 
                        Mean value loss: 493.4832
                    Mean surrogate loss: -0.0129
                      Mean entropy loss: -20.3216
                            Mean reward: 985.32
                    Mean episode length: 293.18
                        Mean action std: 0.10
--------------------------------------------------------------------------------
                         Iteration time: 2.30s
                           Time elapsed: 00:22:22
                                    ETA: 00:00:08

################################################################################
[1m                          Learning iteration 997/1000                           [0m 

                               Run name: original_core_920ms_fresh
                            Total steps: 1019904 
                       Steps per second: 888 
                        Collection time: 2.142s 
                          Learning time: 0.164s 
                        Mean value loss: 439.7240
                    Mean surrogate loss: -0.0079
                      Mean entropy loss: -20.3216
                            Mean reward: 1164.20
                    Mean episode length: 340.53
                        Mean action std: 0.10
  Episode_Reward/motion_global_root_pos: 0.0444
  Episode_Reward/motion_global_root_ori: 0.0489
         Episode_Reward/motion_body_pos: 0.0879
         Episode_Reward/motion_body_ori: 0.0851
     Episode_Reward/motion_body_lin_vel: 0.1021
     Episode_Reward/motion_body_ang_vel: 0.0948
          Episode_Reward/action_rate_l2: -0.0094
             Episode_Reward/joint_limit: -0.0028
         Episode_Reward/self_collisions: -0.0220
Episode_Reward/action_target_reference_l2: -0.0564
Episode_Reward/action_target_soft_limit_barrier: -0.0094
                   Episode_Reward/alive: 12.7109
 Episode_Reward/non_timeout_termination: -0.6124
Episode_Reward/worst_ee_z_normalized_squared: -0.1825
Episode_Reward/right_wrist_prethreshold_barrier: -0.0075
 Episode_Reward/requested_effort_excess: -0.0000
Episode_Reward/root_world_tracking_error: -0.0318
Episode_Reward/measured_joint_posture_l2: -0.1187
Episode_Reward/measured_feet_world_position_l2: -0.0909
Episode_Reward/original_task_position_l2: -0.0736
Episode_Reward/original_task_orientation_l2: -0.0618
        Metrics/motion/error_anchor_pos: 0.2416
        Metrics/motion/error_anchor_rot: 0.1601
    Metrics/motion/error_anchor_lin_vel: 0.5109
    Metrics/motion/error_anchor_ang_vel: 0.8712
          Metrics/motion/error_body_pos: 0.2561
          Metrics/motion/error_body_rot: 0.3286
         Metrics/motion/error_joint_pos: 1.2973
         Metrics/motion/error_joint_vel: 5.3573
        Metrics/motion/sampling_entropy: 0.0000
      Metrics/motion/sampling_top1_prob: 0.0000
       Metrics/motion/sampling_top1_bin: 0.0000
      Metrics/motion/error_body_lin_vel: 0.5741
      Metrics/motion/error_body_ang_vel: 1.6381
           Episode_Termination/time_out: 0.0000
         Episode_Termination/anchor_pos: 0.0000
         Episode_Termination/anchor_ori: 0.0000
        Episode_Termination/ee_body_pos: 0.2000
Episode_Termination/corpus_clip_time_out: 0.2000
Episode_Termination/invalid_native_model_actuation: 0.0000
Episode_Termination/world_root_tracking_failure: 1.0000
 Episode_Reward/world_potential_shaping: 0.1351
--------------------------------------------------------------------------------
                         Iteration time: 2.31s
                           Time elapsed: 00:22:24
                                    ETA: 00:00:05

################################################################################
[1m                          Learning iteration 998/1000                           [0m 

                               Run name: original_core_920ms_fresh
                            Total steps: 1021952 
                       Steps per second: 846 
                        Collection time: 2.258s 
                          Learning time: 0.161s 
                        Mean value loss: 477.4883
                    Mean surrogate loss: -0.0049
                      Mean entropy loss: -20.3216
                            Mean reward: 1185.77
                    Mean episode length: 348.30
                        Mean action std: 0.10
--------------------------------------------------------------------------------
                         Iteration time: 2.42s
                           Time elapsed: 00:22:27
                                    ETA: 00:00:02

################################################################################
[1m                          Learning iteration 999/1000                           [0m 

                               Run name: original_core_920ms_fresh
                            Total steps: 1024000 
                       Steps per second: 378 
                        Collection time: 2.279s 
                          Learning time: 3.129s 
                        Mean value loss: 664.3937
                    Mean surrogate loss: -0.0139
                      Mean entropy loss: -20.3216
                            Mean reward: 1164.60
                    Mean episode length: 341.35
                        Mean action std: 0.10
--------------------------------------------------------------------------------
                         Iteration time: 5.41s
                           Time elapsed: 00:22:32
                                    ETA: 00:00:00

