candidate_id,target_rad,delay_substeps,passed,minimum_position_margin_rad,minimum_reserve_margin_rad,minimum_velocity_margin_rad_s,maximum_applied_effort_ratio,saturated_substeps,first_failure_substep,first_failure,limiting_joint,runtime_fixed_candidate_preview_passed
0,-2.2515,0,False,-0.016424761128697618,-0.016524761128697617,14.961231487019933,0.3305474195055729,0,7,"native_joint_bound,preview_reserve",right_shoulder_roll_joint,False
0,-2.2515,1,False,-0.01659990711218029,-0.01669990711218029,15.067608825548607,0.33046599229617535,0,7,"native_joint_bound,preview_reserve",right_shoulder_roll_joint,False
0,-2.2515,2,False,-0.016810493583355957,-0.016910493583355956,15.067608825548607,0.33038451531116336,0,7,"native_joint_bound,preview_reserve",right_shoulder_roll_joint,False
0,-2.2515,3,False,-0.017056278780400724,-0.017156278780400724,15.067608825548607,0.33031350426330364,0,7,"native_joint_bound,preview_reserve",right_shoulder_roll_joint,False
0,-2.2515,4,False,-0.017336284732227814,-0.017436284732227813,15.067608825548607,0.33024183400043317,0,7,"native_joint_bound,preview_reserve",right_shoulder_roll_joint,False
0,-2.2515,5,False,-0.01764899034450984,-0.01774899034450984,15.067608825548607,0.3301629363900373,0,7,"native_joint_bound,preview_reserve",right_shoulder_roll_joint,False
0,-2.2515,6,False,-0.017992242454903273,-0.018092242454903273,15.067608825548607,0.33008789324341453,0,7,"native_joint_bound,preview_reserve",right_shoulder_roll_joint,False
1,-2.236501171875,0,False,-0.015815646987253906,-0.015915646987253906,14.96129610149709,0.33054072207549007,0,7,"native_joint_bound,preview_reserve",right_shoulder_roll_joint,False
1,-2.236501171875,1,False,-0.01608735374066761,-0.01618735374066761,15.067608825548607,0.3304649687786196,0,7,"native_joint_bound,preview_reserve",right_shoulder_roll_joint,False
1,-2.236501171875,2,False,-0.016390509915350293,-0.016490509915350293,15.067608825548607,0.33038657754632467,0,7,"native_joint_bound,preview_reserve",right_shoulder_roll_joint,False
1,-2.236501171875,3,False,-0.016724563533016656,-0.016824563533016656,15.067608825548607,0.330315694480612,0,7,"native_joint_bound,preview_reserve",right_shoulder_roll_joint,False
1,-2.236501171875,4,False,-0.017088280024268876,-0.017188280024268875,15.067608825548607,0.33024802747216614,0,7,"native_joint_bound,preview_reserve",right_shoulder_roll_joint,False
1,-2.236501171875,5,False,-0.017479825157376894,-0.017579825157376893,15.067608825548607,0.3301699976737985,0,7,"native_joint_bound,preview_reserve",right_shoulder_roll_joint,False
1,-2.236501171875,6,False,-0.017896748164700327,-0.017996748164700326,15.067608825548607,0.330094022790813,0,7,"native_joint_bound,preview_reserve",right_shoulder_roll_joint,False
2,-2.2295234203338623,0,False,-0.01553228054422151,-0.01563228054422151,14.961326161430026,0.330536806472069,0,7,"native_joint_bound,preview_reserve",right_shoulder_roll_joint,False
2,-2.2295234203338623,1,False,-0.015848897063033274,-0.015948897063033273,15.067608825548607,0.3304644909671737,0,7,"native_joint_bound,preview_reserve",right_shoulder_roll_joint,False
2,-2.2295234203338623,2,False,-0.01619512615886043,-0.01629512615886043,15.067608825548607,0.33038753626860795,0,7,"native_joint_bound,preview_reserve",right_shoulder_roll_joint,False
2,-2.2295234203338623,3,False,-0.016570243832653375,-0.016670243832653375,15.067608825548607,0.3303167130606688,0,7,"native_joint_bound,preview_reserve",right_shoulder_roll_joint,False
2,-2.2295234203338623,4,False,-0.01697290378459293,-0.01707290378459293,15.067608825548607,0.3302509090313664,0,7,"native_joint_bound,preview_reserve",right_shoulder_roll_joint,False
2,-2.2295234203338623,5,False,-0.017401126302580394,-0.017501126302580394,15.067608825548607,0.3301732830072043,0,7,"native_joint_bound,preview_reserve",right_shoulder_roll_joint,False
2,-2.2295234203338623,6,False,-0.017852322317918112,-0.01795232231791811,15.067608825548607,0.3300968745406398,0,7,"native_joint_bound,preview_reserve",right_shoulder_roll_joint,False
3,-2.22150234375,0,False,-0.015206544522442744,-0.015306544522442744,14.961360715974248,0.3305323021863819,0,7,"native_joint_bound,preview_reserve",right_shoulder_roll_joint,False
3,-2.22150234375,1,False,-0.015574785648387657,-0.015674785648387656,15.067608825548607,0.33046394041661237,0,7,"native_joint_bound,preview_reserve",right_shoulder_roll_joint,False
3,-2.22150234375,2,False,-0.0159705290453247,-0.0160705290453247,15.067608825548607,0.3303886378140761,0,7,"native_joint_bound,preview_reserve",right_shoulder_roll_joint,False
3,-2.22150234375,3,False,-0.016392850616630206,-0.016492850616630205,15.067608825548607,0.3303178836636022,0,7,"native_joint_bound,preview_reserve",right_shoulder_roll_joint,False
3,-2.22150234375,4,False,-0.01684027665520338,-0.01694027665520338,15.067608825548607,0.3302542216291364,0,7,"native_joint_bound,preview_reserve",right_shoulder_roll_joint,False
3,-2.22150234375,5,False,-0.017310670850456233,-0.017410670850456233,15.067608825548607,0.33017704191259684,0,7,"native_joint_bound,preview_reserve",right_shoulder_roll_joint,False
3,-2.22150234375,6,False,-0.017801253833504838,-0.017901253833504837,15.067608825548607,0.3301001528168162,0,7,"native_joint_bound,preview_reserve",right_shoulder_roll_joint,False
4,-2.221389911774417,0,False,-0.015201978657301218,-0.015301978657301218,14.96136120032764,0.3305322390250661,0,7,"native_joint_bound,preview_reserve",right_shoulder_roll_joint,False
4,-2.221389911774417,1,False,-0.015570943414138672,-0.01567094341413867,15.067608825548607,0.3304639326896536,0,7,"native_joint_bound,preview_reserve",right_shoulder_roll_joint,False
4,-2.221389911774417,2,False,-0.015967380858003644,-0.016067380858003643,15.067608825548607,0.33038865325050965,0,7,"native_joint_bound,preview_reserve",right_shoulder_roll_joint,False
4,-2.221389911774417,3,False,-0.016390364088602727,-0.016490364088602726,15.067608825548607,0.33031790006991696,0,7,"native_joint_bound,preview_reserve",right_shoulder_roll_joint,False
4,-2.221389911774417,4,False,-0.016838417614438494,-0.016938417614438494,15.067608825548607,0.3302542680634349,0,7,"native_joint_bound,preview_reserve",right_shoulder_roll_joint,False
4,-2.221389911774417,5,False,-0.017309402982390587,-0.017409402982390586,15.067608825548607,0.33017709451546023,0,7,"native_joint_bound,preview_reserve",right_shoulder_roll_joint,False
4,-2.221389911774417,6,False,-0.017800538003005073,-0.017900538003005072,15.067608825548607,0.33010019876960667,0,7,"native_joint_bound,preview_reserve",right_shoulder_roll_joint,False
5,-2.206503515625,0,False,-0.014597441472112394,-0.014697441472112393,14.961425330451403,0.33052387027301866,0,7,"native_joint_bound,preview_reserve",right_shoulder_roll_joint,False
5,-2.206503515625,1,False,-0.01506221883680503,-0.01516221883680503,15.067608825548607,0.330462907205607,0,7,"native_joint_bound,preview_reserve",right_shoulder_roll_joint,False
5,-2.206503515625,2,False,-0.015550550971643151,-0.01565055097164315,15.067608825548607,0.3303906961105673,0,7,"native_joint_bound,preview_reserve",right_shoulder_roll_joint,False
5,-2.206503515625,3,False,-0.016061140030567245,-0.016161140030567244,15.067608825548607,0.33032007180960293,0,7,"native_joint_bound,preview_reserve",right_shoulder_roll_joint,False
5,-2.206503515625,4,False,-0.016592274624841252,-0.01669227462484125,15.067608825548607,0.3302604164698265,0,7,"native_joint_bound,preview_reserve",right_shoulder_roll_joint,False
5,-2.206503515625,5,False,-0.01714153290931142,-0.017241532909311418,15.067608825548607,0.33018405971458503,0,7,"native_joint_bound,preview_reserve",right_shoulder_roll_joint,False
5,-2.206503515625,6,False,-0.017705759461317694,-0.017805759461317693,15.067608825548607,0.3301062833213063,0,7,"native_joint_bound,preview_reserve",right_shoulder_roll_joint,False
6,-2.1915046875,0,False,-0.013988337830661557,-0.014088337830661556,14.961489944928559,0.3305154263321051,0,7,"native_joint_bound,preview_reserve",right_shoulder_roll_joint,False
6,-2.1915046875,1,False,-0.014549682671727293,-0.014649682671727293,15.067608825548607,0.3304618658232211,0,7,"native_joint_bound,preview_reserve",right_shoulder_roll_joint,False
6,-2.1915046875,2,False,-0.015130575692667403,-0.015230575692667402,15.067608825548607,0.33039275243193883,0,7,"native_joint_bound,preview_reserve",right_shoulder_roll_joint,False
6,-2.1915046875,3,False,-0.01572943177414965,-0.01582943177414965,15.067608825548607,0.3303222589159512,0,7,"native_joint_bound,preview_reserve",right_shoulder_roll_joint,False
6,-2.1915046875,4,False,-0.016344273107743668,-0.016444273107743667,15.067608825548607,0.3302655716041925,0,7,"native_joint_bound,preview_reserve",right_shoulder_roll_joint,False
6,-2.1915046875,5,False,-0.016972395368375803,-0.017072395368375803,15.067608825548607,0.3301910783050838,0,7,"native_joint_bound,preview_reserve",right_shoulder_roll_joint,False
6,-2.1915046875,6,False,-0.017610266345386982,-0.01771026634538698,15.067608825548607,0.3301130714006592,0,7,"native_joint_bound,preview_reserve",right_shoulder_roll_joint,False
7,-2.176505859375,0,False,-0.013418131701462777,-0.013518131701462776,14.961554559405716,0.3305067326998475,0,7,"native_joint_bound,preview_reserve",right_shoulder_roll_joint,False
7,-2.176505859375,1,False,-0.01403716308917291,-0.01413716308917291,15.067608825548607,0.33046005021823077,0,7,"native_joint_bound,preview_reserve",right_shoulder_roll_joint,False
7,-2.176505859375,2,False,-0.014710602809474338,-0.014810602809474337,15.067608825548607,0.33039480677435257,0,7,"native_joint_bound,preview_reserve",right_shoulder_roll_joint,False
7,-2.176505859375,3,False,-0.015397727026665198,-0.015497727026665197,15.067608825548607,0.3303259270940009,0,7,"native_joint_bound,preview_reserve",right_shoulder_roll_joint,False
7,-2.176505859375,4,False,-0.01609627228115862,-0.01619627228115862,15.067608825548607,0.3302699169907626,0,7,"native_joint_bound,preview_reserve",right_shoulder_roll_joint,False
7,-2.176505859375,5,False,-0.01680325822762674,-0.016903258227626738,15.067608825548607,0.33019809768351555,0,7,"native_joint_bound,preview_reserve",right_shoulder_roll_joint,False
7,-2.176505859375,6,False,-0.017514773459639255,-0.017614773459639254,15.067608825548607,0.3301199969621477,0,7,"native_joint_bound,preview_reserve",right_shoulder_roll_joint,False
8,-2.16150703125,0,False,-0.012917775247010876,-0.013017775247010876,14.961619173882873,0.3304993207350439,0,7,"native_joint_bound,preview_reserve",right_shoulder_roll_joint,False
8,-2.16150703125,1,False,-0.013524649016245505,-0.013624649016245504,15.067608825548607,0.33045565490040446,0,7,"native_joint_bound,preview_reserve",right_shoulder_roll_joint,False
8,-2.16150703125,2,False,-0.014290618526043186,-0.014390618526043186,15.067608825548607,0.33039685913396993,0,7,"native_joint_bound,preview_reserve",right_shoulder_roll_joint,False
8,-2.16150703125,3,False,-0.015066025274752093,-0.015166025274752092,15.067608825548607,0.3303304214214329,0,7,"native_joint_bound,preview_reserve",right_shoulder_roll_joint,False
8,-2.16150703125,4,False,-0.015848296671544304,-0.015948296671544303,15.067608825548607,0.3302742330343908,0,7,"native_joint_bound,preview_reserve",right_shoulder_roll_joint,False
8,-2.16150703125,5,False,-0.016634121487045128,-0.016734121487045128,15.067608825548607,0.3302051178492984,0,7,"native_joint_bound,preview_reserve",right_shoulder_roll_joint,False
8,-2.16150703125,6,False,-0.01741928053378361,-0.01751928053378361,15.067608825548607,0.3301269230597279,0,7,"native_joint_bound,preview_reserve",right_shoulder_roll_joint,False
9,-2.1465082031250002,0,False,-0.01484598503187362,-0.01494598503187362,14.961683788360029,0.3304110710652101,0,8,"native_joint_bound,preview_reserve",right_shoulder_roll_joint,False
9,-2.1465082031250002,1,False,-0.01302980975625001,-0.01312980975625001,15.067608825548607,0.33045075423886505,0,7,"native_joint_bound,preview_reserve",right_shoulder_roll_joint,False
9,-2.1465082031250002,2,False,-0.013870637006405229,-0.013970637006405228,15.067608825548607,0.3303989095069637,0,7,"native_joint_bound,preview_reserve",right_shoulder_roll_joint,False
9,-2.1465082031250002,3,False,-0.014734325861774256,-0.014834325861774255,15.067608825548607,0.3303349155776261,0,7,"native_joint_bound,preview_reserve",right_shoulder_roll_joint,False
9,-2.1465082031250002,4,False,-0.0156003248555594,-0.0157003248555594,15.067608825548607,0.3302785461624614,0,7,"native_joint_bound,preview_reserve",right_shoulder_roll_joint,False
9,-2.1465082031250002,5,False,-0.016464985146608768,-0.016564985146608768,15.067608825548607,0.33021213880186323,0,7,"native_joint_bound,preview_reserve",right_shoulder_roll_joint,False
9,-2.1465082031250002,6,False,-0.017323787567820936,-0.017423787567820936,15.067608825548607,0.33013384969327736,0,7,"native_joint_bound,preview_reserve",right_shoulder_roll_joint,False
10,-2.1315093750000003,0,False,-0.014126086019704331,-0.01422608601970433,14.961748402837184,0.33041096507645945,0,8,"native_joint_bound,preview_reserve",right_shoulder_roll_joint,False
10,-2.1315093750000003,1,False,-0.01259464622266826,-0.01269464622266826,15.067608825548607,0.330444164545757,0,7,"native_joint_bound,preview_reserve",right_shoulder_roll_joint,False
10,-2.1315093750000003,2,False,-0.013450658248887137,-0.013550658248887137,15.067608825548607,0.3304009578895186,0,7,"native_joint_bound,preview_reserve",right_shoulder_roll_joint,False
10,-2.1315093750000003,3,False,-0.014402628787065996,-0.014502628787065996,15.067608825548607,0.3303394095598708,0,7,"native_joint_bound,preview_reserve",right_shoulder_roll_joint,False
10,-2.1315093750000003,4,False,-0.01535235436905591,-0.015452354369055909,15.067608825548607,0.3302828594179911,0,7,"native_joint_bound,preview_reserve",right_shoulder_roll_joint,False
10,-2.1315093750000003,5,False,-0.016295849206298563,-0.016395849206298562,15.067608825548607,0.33021916054061967,0,7,"native_joint_bound,preview_reserve",right_shoulder_roll_joint,False
10,-2.1315093750000003,6,False,-0.017228294561751234,-0.017328294561751233,15.067608825548607,0.3301407768626835,0,7,"native_joint_bound,preview_reserve",right_shoulder_roll_joint,False
11,-2.1165105468750003,0,False,-0.013405831670986412,-0.013505831670986412,14.961813017314341,0.33040645216460063,0,8,"native_joint_bound,preview_reserve",right_shoulder_roll_joint,False
11,-2.1165105468750003,1,False,-0.012133947121392819,-0.012233947121392818,15.067608825548607,0.3304393950469048,0,7,"native_joint_bound,preview_reserve",right_shoulder_roll_joint,False
11,-2.1165105468750003,2,False,-0.01303069346023511,-0.01313069346023511,15.067608825548607,0.33040300427781844,0,7,"native_joint_bound,preview_reserve",right_shoulder_roll_joint,False
11,-2.1165105468750003,3,False,-0.014070936192505101,-0.0141709361925051,15.067608825548607,0.3303439020043915,0,7,"native_joint_bound,preview_reserve",right_shoulder_roll_joint,False
11,-2.1165105468750003,4,False,-0.015104385211840654,-0.015204385211840653,15.067608825548607,0.3302871727995804,0,7,"native_joint_bound,preview_reserve",right_shoulder_roll_joint,False
11,-2.1165105468750003,5,False,-0.016126713666093195,-0.016226713666093195,15.067608825548607,0.3302261830650025,0,7,"native_joint_bound,preview_reserve",right_shoulder_roll_joint,False
11,-2.1165105468750003,6,False,-0.017132801515575835,-0.017232801515575834,15.067608825548607,0.3301477045678155,0,7,"native_joint_bound,preview_reserve",right_shoulder_roll_joint,False
12,-2.10151171875,0,False,-0.012685520923383375,-0.012785520923383375,14.961877631791499,0.3304011111477858,0,8,"native_joint_bound,preview_reserve",right_shoulder_roll_joint,False
12,-2.10151171875,1,False,-0.013872337626040565,-0.013972337626040564,15.067608825548607,0.33036425371690964,0,8,"native_joint_bound,preview_reserve",right_shoulder_roll_joint,False
12,-2.10151171875,2,False,-0.012612301221071931,-0.01271230122107193,15.067608825548607,0.33040498723676887,0,7,"native_joint_bound,preview_reserve",right_shoulder_roll_joint,False
12,-2.10151171875,3,False,-0.013739269049109382,-0.013839269049109381,15.067608825548607,0.33034837952909235,0,7,"native_joint_bound,preview_reserve",right_shoulder_roll_joint,False
12,-2.10151171875,4,False,-0.014856417383724452,-0.014956417383724451,15.067608825548607,0.3302914863058388,0,7,"native_joint_bound,preview_reserve",right_shoulder_roll_joint,False
12,-2.10151171875,5,False,-0.015957578525970906,-0.016057578525970905,15.067608825548607,0.330233206374426,0,7,"native_joint_bound,preview_reserve",right_shoulder_roll_joint,False
12,-2.10151171875,6,False,-0.017037308429298292,-0.017137308429298292,15.067608825548607,0.3301546328085558,0,7,"native_joint_bound,preview_reserve",right_shoulder_roll_joint,False
13,-2.086512890625,0,False,-0.011965161493454612,-0.012065161493454612,14.961942246268654,0.3303984707368344,0,8,"native_joint_bound,preview_reserve",right_shoulder_roll_joint,False
13,-2.086512890625,1,False,-0.013255612901551306,-0.013355612901551305,15.067608825548607,0.3303672805492392,0,8,"native_joint_bound,preview_reserve",right_shoulder_roll_joint,False
13,-2.086512890625,2,False,-0.012218419306340156,-0.012318419306340155,15.067608825548607,0.3304038525074612,0,7,"native_joint_bound,preview_reserve",right_shoulder_roll_joint,False
13,-2.086512890625,3,False,-0.013407601365301502,-0.013507601365301502,15.067608825548607,0.33035285676844484,0,7,"native_joint_bound,preview_reserve",right_shoulder_roll_joint,False
13,-2.086512890625,4,False,-0.014608450884513235,-0.014708450884513235,15.067608825548607,0.3302957999353626,0,7,"native_joint_bound,preview_reserve",right_shoulder_roll_joint,False
13,-2.086512890625,5,False,-0.015788443785913042,-0.01588844378591304,15.067608825548607,0.3302402304683218,0,7,"native_joint_bound,preview_reserve",right_shoulder_roll_joint,False
13,-2.086512890625,6,False,-0.016941815302917274,-0.017041815302917273,15.067608825548607,0.3301615615847853,0,7,"native_joint_bound,preview_reserve",right_shoulder_roll_joint,False
14,-2.0852785110473633,0,False,-0.011905876438991214,-0.012005876438991214,14.961947563936832,0.33039827640845787,0,8,"native_joint_bound,preview_reserve",right_shoulder_roll_joint,False
14,-2.0852785110473633,1,False,-0.013204858308526912,-0.013304858308526912,15.067608825548607,0.3303675293864322,0,8,"native_joint_bound,preview_reserve",right_shoulder_roll_joint,False
14,-2.0852785110473633,2,False,-0.012187337906499174,-0.012287337906499173,15.067608825548607,0.3304036816421885,0,7,"native_joint_bound,preview_reserve",right_shoulder_roll_joint,False
14,-2.0852785110473633,3,False,-0.013380305030807893,-0.013480305030807892,15.067608825548607,0.330353225225296,0,7,"native_joint_bound,preview_reserve",right_shoulder_roll_joint,False
14,-2.0852785110473633,4,False,-0.014588043697203013,-0.014688043697203012,15.067608825548607,0.33029615494562586,0,7,"native_joint_bound,preview_reserve",right_shoulder_roll_joint,False
14,-2.0852785110473633,5,False,-0.015774524285000258,-0.015874524285000257,15.067608825548607,0.33024080857493887,0,7,"native_joint_bound,preview_reserve",right_shoulder_roll_joint,False
14,-2.0852785110473633,6,False,-0.016933956369484804,-0.017033956369484803,15.067608825548607,0.3301621318358385,0,7,"native_joint_bound,preview_reserve",right_shoulder_roll_joint,False
15,-2.0715140625,0,False,-0.011244798412814117,-0.011344798412814116,14.962006860745811,0.3303979674434312,0,8,"native_joint_bound,preview_reserve",right_shoulder_roll_joint,False
15,-2.0715140625,1,False,-0.012638898527988385,-0.012738898527988384,15.067608825548607,0.3303703014011562,0,8,"native_joint_bound,preview_reserve",right_shoulder_roll_joint,False
15,-2.0715140625,2,False,-0.011851854205423784,-0.011951854205423783,15.067608825548607,0.33040146323194947,0,7,"native_joint_bound,preview_reserve",right_shoulder_roll_joint,False
15,-2.0715140625,3,False,-0.013075927279980082,-0.013175927279980081,15.067608825548607,0.3303573337198699,0,7,"native_joint_bound,preview_reserve",right_shoulder_roll_joint,False
15,-2.0715140625,4,False,-0.014360485714015159,-0.014460485714015158,15.067608825548607,0.33030011368676654,0,7,"native_joint_bound,preview_reserve",right_shoulder_roll_joint,False
15,-2.0715140625,5,False,-0.015619309445898732,-0.015719309445898732,15.067608825548607,0.3302472553461075,0,7,"native_joint_bound,preview_reserve",right_shoulder_roll_joint,False
15,-2.0715140625,6,False,-0.016846322136435443,-0.016946322136435443,15.067608825548607,0.3301684908963778,0,7,"native_joint_bound,preview_reserve",right_shoulder_roll_joint,False
16,-2.056515234375,0,False,-0.01055116903088038,-0.01065116903088038,14.962071475222967,0.33039575756154743,0,8,"native_joint_bound,preview_reserve",right_shoulder_roll_joint,False
16,-2.056515234375,1,False,-0.012022189535777272,-0.012122189535777272,15.067608825548607,0.33036901914204675,0,8,"native_joint_bound,preview_reserve",right_shoulder_roll_joint,False
16,-2.056515234375,2,False,-0.01146955168403263,-0.01156955168403263,15.067608825548607,0.33039951352424624,0,7,"native_joint_bound,preview_reserve",right_shoulder_roll_joint,False
16,-2.056515234375,3,False,-0.012744255510905855,-0.012844255510905855,15.067608825548607,0.33036181038080265,0,7,"native_joint_bound,preview_reserve",right_shoulder_roll_joint,False
16,-2.056515234375,4,False,-0.014112521872039707,-0.014212521872039707,15.067608825548607,0.3303044275586591,0,7,"native_joint_bound,preview_reserve",right_shoulder_roll_joint,False
16,-2.056515234375,5,False,-0.015450175505905328,-0.015550175505905327,15.067608825548607,0.3302542810072114,0,7,"native_joint_bound,preview_reserve",right_shoulder_roll_joint,False
16,-2.056515234375,6,False,-0.016750828929853245,-0.016850828929853245,15.067608825548607,0.3301754207432193,0,7,"native_joint_bound,preview_reserve",right_shoulder_roll_joint,False
17,-2.04151640625,0,False,-0.009916768734986814,-0.010016768734986813,14.962136089700124,0.33038958489334586,0,8,"native_joint_bound,preview_reserve",right_shoulder_roll_joint,False
17,-2.04151640625,1,False,-0.011405467122874935,-0.011505467122874934,15.067608825548607,0.33036835051448105,0,8,"native_joint_bound,preview_reserve",right_shoulder_roll_joint,False
17,-2.04151640625,2,False,-0.012985161162281766,-0.013085161162281766,15.067608825548607,0.3303356261033235,0,7,preview_reserve,right_shoulder_roll_joint,False
17,-2.04151640625,3,False,-0.012412586057401587,-0.012512586057401586,15.067608825548607,0.33036628674867696,0,7,"native_joint_bound,preview_reserve",right_shoulder_roll_joint,False
17,-2.04151640625,4,False,-0.013864560212183186,-0.013964560212183185,15.067608825548607,0.3303097951040839,0,7,"native_joint_bound,preview_reserve",right_shoulder_roll_joint,False
17,-2.04151640625,5,False,-0.01528104196591551,-0.015381041965915509,15.067608825548607,0.3302613074510581,0,7,"native_joint_bound,preview_reserve",right_shoulder_roll_joint,False
17,-2.04151640625,6,False,-0.016655335683171124,-0.016755335683171124,15.067608825548607,0.33018235112518574,0,7,"native_joint_bound,preview_reserve",right_shoulder_roll_joint,False
18,-2.026517578125,0,False,-0.010922457061848245,-0.011022457061848245,14.962200704177281,0.33028187435661444,0,9,"native_joint_bound,preview_reserve",right_shoulder_roll_joint,False
18,-2.026517578125,1,False,-0.01078871582016605,-0.01088871582016605,15.067608825548607,0.33036945590554495,0,8,"native_joint_bound,preview_reserve",right_shoulder_roll_joint,False
18,-2.026517578125,2,False,-0.01246796090046054,-0.012567960900460539,15.067608825548607,0.33034147032561495,0,8,"native_joint_bound,preview_reserve",right_shoulder_roll_joint,False
18,-2.026517578125,3,False,-0.01208092054562071,-0.01218092054562071,15.067608825548607,0.3303707628209339,0,7,"native_joint_bound,preview_reserve",right_shoulder_roll_joint,False
18,-2.026517578125,4,False,-0.01361660053738456,-0.01371660053738456,15.067608825548607,0.33031596720651835,0,7,"native_joint_bound,preview_reserve",right_shoulder_roll_joint,False
18,-2.026517578125,5,False,-0.015111908814509967,-0.015211908814509966,15.067608825548607,0.33026832051786253,0,7,"native_joint_bound,preview_reserve",right_shoulder_roll_joint,False
18,-2.026517578125,6,False,-0.016559842396392632,-0.01665984239639263,15.067608825548607,0.3301892820421482,0,7,"native_joint_bound,preview_reserve",right_shoulder_roll_joint,False
19,-2.01151875,0,False,-0.010085578804314377,-0.010185578804314376,14.962265318654437,0.33028493239643797,0,9,"native_joint_bound,preview_reserve",right_shoulder_roll_joint,False
19,-2.01151875,1,False,-0.010171977679577893,-0.010271977679577892,15.067608825548607,0.3303708903983296,0,8,"native_joint_bound,preview_reserve",right_shoulder_roll_joint,False
19,-2.01151875,2,False,-0.011950782077406519,-0.012050782077406518,15.067608825548607,0.330347312042407,0,8,"native_joint_bound,preview_reserve",right_shoulder_roll_joint,False
19,-2.01151875,3,False,-0.011749679371240607,-0.011849679371240606,15.067608825548607,0.3303752224707295,0,7,"native_joint_bound,preview_reserve",right_shoulder_roll_joint,False
19,-2.01151875,4,False,-0.013368642197319591,-0.01346864219731959,15.067608825548607,0.33032213990027093,0,7,"native_joint_bound,preview_reserve",right_shoulder_roll_joint,False
19,-2.01151875,5,False,-0.01494277499327401,-0.01504277499327401,15.067608825548607,0.33027400714888355,0,7,"native_joint_bound,preview_reserve",right_shoulder_roll_joint,False
19,-2.01151875,6,False,-0.016464349069517326,-0.016564349069517325,15.067608825548607,0.33019621349399747,0,7,"native_joint_bound,preview_reserve",right_shoulder_roll_joint,False
20,-1.996519921875,0,False,-0.00924819070254701,-0.00934819070254701,14.962329933131592,0.33029225762311476,0,9,"native_joint_bound,preview_reserve",right_shoulder_roll_joint,False
20,-1.996519921875,1,False,-0.009589097686075299,-0.009689097686075298,15.067608825548607,0.33037199290079355,0,8,"native_joint_bound,preview_reserve",right_shoulder_roll_joint,False
20,-1.996519921875,2,False,-0.011433813228552303,-0.011533813228552302,15.067608825548607,0.3303528901402429,0,8,"native_joint_bound,preview_reserve",right_shoulder_roll_joint,False
20,-1.996519921875,3,False,-0.01142730350167076,-0.01152730350167076,15.067608825548607,0.3303793349591159,0,7,"native_joint_bound,preview_reserve",right_shoulder_roll_joint,False
20,-1.996519921875,4,False,-0.013120685191802206,-0.013220685191802205,15.067608825548607,0.3303283131839094,0,7,"native_joint_bound,preview_reserve",right_shoulder_roll_joint,False
20,-1.996519921875,5,False,-0.014773641568675444,-0.014873641568675443,15.067608825548607,0.33027969435887183,0,7,"native_joint_bound,preview_reserve",right_shoulder_roll_joint,False
20,-1.996519921875,6,False,-0.01636885570254787,-0.016468855702547868,15.067608825548607,0.33020314548060636,0,7,"native_joint_bound,preview_reserve",right_shoulder_roll_joint,False
21,-1.98152109375,0,False,-0.008419824354498395,-0.008519824354498395,14.96239454760875,0.3303008360785287,0,9,"native_joint_bound,preview_reserve",right_shoulder_roll_joint,False
21,-1.98152109375,1,False,-0.009029033222338168,-0.009129033222338167,15.067608825548607,0.33037120331390146,0,8,"native_joint_bound,preview_reserve",right_shoulder_roll_joint,False
21,-1.98152109375,2,False,-0.010916925857602955,-0.011016925857602954,15.067608825548607,0.33035489711842114,0,8,"native_joint_bound,preview_reserve",right_shoulder_roll_joint,False
21,-1.98152109375,3,False,-0.011115676027167787,-0.011215676027167786,15.067608825548607,0.3303819463997336,0,7,"native_joint_bound,preview_reserve",right_shoulder_roll_joint,False
21,-1.98152109375,4,False,-0.012872729520642334,-0.012972729520642334,15.067608825548607,0.330334487055995,0,7,"native_joint_bound,preview_reserve",right_shoulder_roll_joint,False
21,-1.98152109375,5,False,-0.014604508540692951,-0.01470450854069295,15.067608825548607,0.33028538214728304,0,7,"native_joint_bound,preview_reserve",right_shoulder_roll_joint,False
21,-1.98152109375,6,False,-0.0162741588805706,-0.0163741588805706,15.067608825548607,0.33021007800185653,0,7,"native_joint_bound,preview_reserve",right_shoulder_roll_joint,False
22,-1.966522265625,0,False,-0.007652424264207536,-0.007752424264207536,14.962459162085906,0.3303035521939839,0,9,"native_joint_bound,preview_reserve",right_shoulder_roll_joint,False
22,-1.966522265625,1,False,-0.009801890793123214,-0.009901890793123213,15.067608825548607,0.33028866177296096,0,9,"native_joint_bound,preview_reserve",right_shoulder_roll_joint,False
22,-1.966522265625,2,False,-0.010399739057008084,-0.010499739057008083,15.067608825548607,0.33035796550484364,0,8,"native_joint_bound,preview_reserve",right_shoulder_roll_joint,False
22,-1.966522265625,3,False,-0.010812799244326321,-0.01091279924432632,15.067608825548607,0.3303834911049375,0,7,"native_joint_bound,preview_reserve",right_shoulder_roll_joint,False
22,-1.966522265625,4,False,-0.012624775183655235,-0.012724775183655234,15.067608825548607,0.33034066151509733,0,7,"native_joint_bound,preview_reserve",right_shoulder_roll_joint,False
22,-1.966522265625,5,False,-0.014435375909305659,-0.014535375909305658,15.067608825548607,0.33029107051356493,0,7,"native_joint_bound,preview_reserve",right_shoulder_roll_joint,False
22,-1.966522265625,6,False,-0.016182450482937316,-0.016282450482937316,15.067608825548607,0.3302170110576229,0,7,"native_joint_bound,preview_reserve",right_shoulder_roll_joint,False
23,-1.9515234375000001,0,False,-0.007980246793664936,-0.008080246793664935,14.962523776563062,0.330192453699959,0,10,"native_joint_bound,preview_reserve",right_shoulder_roll_joint,False
23,-1.9515234375000001,1,False,-0.009075168173398929,-0.009175168173398928,15.067608825548607,0.3302951443608061,0,9,"native_joint_bound,preview_reserve",right_shoulder_roll_joint,False
23,-1.9515234375000001,2,False,-0.009882538842975741,-0.00998253884297574,15.067608825548607,0.3303620013992438,0,8,"native_joint_bound,preview_reserve",right_shoulder_roll_joint,False
23,-1.9515234375000001,3,False,-0.010502203938376642,-0.010602203938376641,15.067608825548607,0.33038491361753325,0,7,"native_joint_bound,preview_reserve",right_shoulder_roll_joint,False
23,-1.9515234375000001,4,False,-0.012376822180651281,-0.01247682218065128,15.067608825548607,0.3303468365597823,0,7,"native_joint_bound,preview_reserve",right_shoulder_roll_joint,False
23,-1.9515234375000001,5,False,-0.014266243674491363,-0.014366243674491363,15.067608825548607,0.3302967594571647,0,7,"native_joint_bound,preview_reserve",right_shoulder_roll_joint,False
23,-1.9515234375000001,6,False,-0.016090742049633455,-0.016190742049633455,15.067608825548607,0.33022394464778826,0,7,"native_joint_bound,preview_reserve",right_shoulder_roll_joint,False
24,-1.9365246093750001,0,False,-0.00702181346642794,-0.00712181346642794,14.962588391040217,0.3302150707166657,0,10,"native_joint_bound,preview_reserve",right_shoulder_roll_joint,False
24,-1.9365246093750001,1,False,-0.008348439453826906,-0.008448439453826905,15.067608825548607,0.3303054356118305,0,9,"native_joint_bound,preview_reserve",right_shoulder_roll_joint,False
24,-1.9365246093750001,2,False,-0.009365350311077325,-0.009465350311077324,15.067608825548607,0.3303654321795048,0,8,"native_joint_bound,preview_reserve",right_shoulder_roll_joint,False
24,-1.9365246093750001,3,False,-0.010178909683411952,-0.010278909683411951,15.067608825548607,0.3303873169299933,0,7,"native_joint_bound,preview_reserve",right_shoulder_roll_joint,False
24,-1.9365246093750001,4,False,-0.012129327647950827,-0.012229327647950827,15.067608825548607,0.3303533488901752,0,7,"native_joint_bound,preview_reserve",right_shoulder_roll_joint,False
24,-1.9365246093750001,5,False,-0.01409711183622786,-0.01419711183622786,15.067608825548607,0.3303024489775324,0,7,"native_joint_bound,preview_reserve",right_shoulder_roll_joint,False
24,-1.9365246093750001,6,False,-0.015999033580659905,-0.016099033580659904,15.067608825548607,0.3302308787722308,0,7,"native_joint_bound,preview_reserve",right_shoulder_roll_joint,False
25,-1.9215257812500002,0,False,-0.006106105478306922,-0.006206105478306923,14.962653005517375,0.3302282889009765,0,10,"native_joint_bound,preview_reserve",right_shoulder_roll_joint,False
25,-1.9215257812500002,1,False,-0.007622557715433409,-0.007722557715433409,15.067608825548607,0.3303183730723822,0,9,"native_joint_bound,preview_reserve",right_shoulder_roll_joint,False
25,-1.9215257812500002,2,False,-0.008851634739315273,-0.008951634739315272,15.067608825548607,0.3303709881458879,0,8,"native_joint_bound,preview_reserve",right_shoulder_roll_joint,False
25,-1.9215257812500002,3,False,-0.01116344005793879,-0.011263440057938789,15.067608825548607,0.3303504280690552,0,7,preview_reserve,right_shoulder_roll_joint,False
25,-1.9215257812500002,4,False,-0.011881368734834918,-0.011981368734834918,15.067608825548607,0.3303595250904963,0,7,"native_joint_bound,preview_reserve",right_shoulder_roll_joint,False
25,-1.9215257812500002,5,False,-0.013927980394495165,-0.014027980394495165,15.067608825548607,0.33030813907411943,0,7,"native_joint_bound,preview_reserve",right_shoulder_roll_joint,False
25,-1.9215257812500002,6,False,-0.015907325076017553,-0.016007325076017553,15.067608825548607,0.3302378134308279,0,7,"native_joint_bound,preview_reserve",right_shoulder_roll_joint,False
26,-1.906526953125,0,False,-0.005942920364524706,-0.006042920364524707,14.962717931732975,0.3301158540187513,0,11,"native_joint_bound,preview_reserve",right_shoulder_roll_joint,False
26,-1.906526953125,1,False,-0.006936839940383965,-0.007036839940383966,15.067608825548607,0.3303264725172827,0,9,"native_joint_bound,preview_reserve",right_shoulder_roll_joint,False
26,-1.906526953125,2,False,-0.008362776427300656,-0.008462776427300655,15.067608825548607,0.330374926103063,0,8,"native_joint_bound,preview_reserve",right_shoulder_roll_joint,False
26,-1.906526953125,3,False,-0.010741416273578608,-0.010841416273578607,15.067608825548607,0.3303584365184002,0,8,"native_joint_bound,preview_reserve",right_shoulder_roll_joint,False
26,-1.906526953125,4,False,-0.011633411146632966,-0.011733411146632965,15.067608825548607,0.3303657018721233,0,7,"native_joint_bound,preview_reserve",right_shoulder_roll_joint,False
26,-1.906526953125,5,False,-0.013758849349268854,-0.013858849349268853,15.067608825548607,0.3303138297463758,0,7,"native_joint_bound,preview_reserve",right_shoulder_roll_joint,False
26,-1.906526953125,6,False,-0.0158156165357064,-0.0159156165357064,15.067608825548607,0.3302447486234614,0,7,"native_joint_bound,preview_reserve",right_shoulder_roll_joint,False
27,-1.891528125,0,False,-0.004875374913937858,-0.004975374913937858,14.962783234045368,0.3301507923699614,0,11,"native_joint_bound,preview_reserve",right_shoulder_roll_joint,False
27,-1.891528125,1,False,-0.007070429832898295,-0.007170429832898295,15.067608825548607,0.3302511961131355,0,10,"native_joint_bound,preview_reserve",right_shoulder_roll_joint,False
27,-1.891528125,2,False,-0.0078735027685366,-0.0079735027685366,15.067608825548607,0.3303793249421485,0,8,"native_joint_bound,preview_reserve",right_shoulder_roll_joint,False
27,-1.891528125,3,False,-0.01031939874068133,-0.010419398740681329,15.067608825548607,0.3303639039995334,0,8,"native_joint_bound,preview_reserve",right_shoulder_roll_joint,False
27,-1.891528125,4,False,-0.011385454883152235,-0.011485454883152234,15.067608825548607,0.3303718792336309,0,7,"native_joint_bound,preview_reserve",right_shoulder_roll_joint,False
27,-1.891528125,5,False,-0.013590181498787324,-0.013690181498787323,15.067608825548607,0.3303198460790661,0,7,"native_joint_bound,preview_reserve",right_shoulder_roll_joint,False
27,-1.891528125,6,False,-0.015723907959729555,-0.015823907959729554,15.067608825548607,0.33025168435000746,0,7,"native_joint_bound,preview_reserve",right_shoulder_roll_joint,False
28,-1.876529296875,0,False,-0.0043172229620664915,-0.004417222962066492,14.96284853635776,0.33007640934572435,0,12,"native_joint_bound,preview_reserve",right_shoulder_roll_joint,False
28,-1.876529296875,1,False,-0.006230028299134549,-0.006330028299134549,15.067608825548607,0.3302746617325698,0,10,"native_joint_bound,preview_reserve",right_shoulder_roll_joint,False
28,-1.876529296875,2,False,-0.008265703817781578,-0.008365703817781577,15.067608825548607,0.33032738674931694,0,9,"native_joint_bound,preview_reserve",right_shoulder_roll_joint,False
28,-1.876529296875,3,False,-0.00989738530802553,-0.00999738530802553,15.067608825548607,0.33036844335628296,0,8,"native_joint_bound,preview_reserve",right_shoulder_roll_joint,False
28,-1.876529296875,4,False,-0.011137499944203544,-0.011237499944203543,15.067608825548607,0.3303780571736002,0,7,"native_joint_bound,preview_reserve",right_shoulder_roll_joint,False
28,-1.876529296875,5,False,-0.013421351215172628,-0.013521351215172627,15.067608825548607,0.3303255378951603,0,7,"native_joint_bound,preview_reserve",right_shoulder_roll_joint,False
28,-1.876529296875,6,False,-0.01563219934808613,-0.015732199348086128,15.067608825548607,0.330258620610348,0,7,"native_joint_bound,preview_reserve",right_shoulder_roll_joint,False
29,-1.86153046875,0,False,-0.0031366629532754153,-0.003236662953275415,14.96291383867015,0.3301309149765618,0,12,"native_joint_bound,preview_reserve",right_shoulder_roll_joint,False
29,-1.86153046875,1,False,-0.005399327351542027,-0.005499327351542027,15.067608825548607,0.330293579581892,0,10,"native_joint_bound,preview_reserve",right_shoulder_roll_joint,False
29,-1.86153046875,2,False,-0.007645468936775313,-0.007745468936775313,15.067608825548607,0.33034005450327314,0,9,"native_joint_bound,preview_reserve",right_shoulder_roll_joint,False
29,-1.86153046875,3,False,-0.009476732180705216,-0.009576732180705216,15.067608825548607,0.33037338241601183,0,8,"native_joint_bound,preview_reserve",right_shoulder_roll_joint,False
29,-1.86153046875,4,False,-0.010889547130893185,-0.010989547130893184,15.067608825548607,0.33038423569059794,0,7,"native_joint_bound,preview_reserve",right_shoulder_roll_joint,False
29,-1.86153046875,5,False,-0.013255183750110255,-0.013355183750110255,15.067608825548607,0.3303312302852838,0,7,"native_joint_bound,preview_reserve",right_shoulder_roll_joint,False
29,-1.86153046875,6,False,-0.01554049070077701,-0.01564049070077701,15.067608825548607,0.3302655574043589,0,7,"native_joint_bound,preview_reserve",right_shoulder_roll_joint,False
30,-1.846531640625,0,False,-0.0021613610896080715,-0.0022613610896080713,14.962979140982544,0.3301223187981568,0,13,"native_joint_bound,preview_reserve",right_shoulder_roll_joint,False
30,-1.846531640625,1,False,-0.004579731656256136,-0.004679731656256137,15.067608825548607,0.33030703671199724,0,10,"native_joint_bound,preview_reserve",right_shoulder_roll_joint,False
30,-1.846531640625,2,False,-0.007029237796815746,-0.007129237796815746,15.067608825548607,0.33035313679275546,0,9,"native_joint_bound,preview_reserve",right_shoulder_roll_joint,False
30,-1.846531640625,3,False,-0.00906011599929002,-0.009160115999290019,15.067608825548607,0.33037527788153503,0,8,"native_joint_bound,preview_reserve",right_shoulder_roll_joint,False
30,-1.846531640625,4,False,-0.010644024081902792,-0.010744024081902791,15.067608825548607,0.3303881756354688,0,7,"native_joint_bound,preview_reserve",right_shoulder_roll_joint,False
30,-1.846531640625,5,False,-0.013089169366510944,-0.013189169366510944,15.067608825548607,0.33033678155717866,0,7,"native_joint_bound,preview_reserve",right_shoulder_roll_joint,False
30,-1.846531640625,6,False,-0.015448782017803975,-0.015548782017803974,15.067608825548607,0.33027249473192705,0,7,"native_joint_bound,preview_reserve",right_shoulder_roll_joint,False
31,-1.8315328125,0,False,-0.0009396065273721277,-0.0010396065273721277,14.963044443294937,0.3301683135253823,0,15,"native_joint_bound,preview_reserve",right_shoulder_roll_joint,False
31,-1.8315328125,1,False,-0.004107526229227609,-0.00420752622922761,15.067608825548607,0.3302696201062231,0,11,"native_joint_bound,preview_reserve",right_shoulder_roll_joint,False
31,-1.8315328125,2,False,-0.006417373478355248,-0.0065173734783552486,15.067608825548607,0.3303602849399002,0,9,"native_joint_bound,preview_reserve",right_shoulder_roll_joint,False
31,-1.8315328125,3,False,-0.00864022199582859,-0.00874022199582859,15.067608825548607,0.33037889959038513,0,8,"native_joint_bound,preview_reserve",right_shoulder_roll_joint,False
31,-1.8315328125,4,False,-0.010397929841714948,-0.010497929841714947,15.067608825548607,0.3303928026157501,0,7,"native_joint_bound,preview_reserve",right_shoulder_roll_joint,False
31,-1.8315328125,5,False,-0.012925478619331798,-0.013025478619331798,15.067608825548607,0.33034017736994137,0,7,"native_joint_bound,preview_reserve",right_shoulder_roll_joint,False
31,-1.8315328125,6,False,-0.01535753801273998,-0.015457538012739979,15.067608825548607,0.33027976956952454,0,7,"native_joint_bound,preview_reserve",right_shoulder_roll_joint,False
32,-1.816533984375,0,True,0.000587599720277332,0.000487599720277332,14.963109745607328,0.33037072640853055,0,,,,False
32,-1.816533984375,1,False,-0.003159092645577566,-0.0032590926455775657,15.067608825548607,0.3303027128996491,0,11,"native_joint_bound,preview_reserve",right_shoulder_roll_joint,False
32,-1.816533984375,2,False,-0.005815743457496136,-0.005915743457496137,15.067608825548607,0.3303668845152794,0,9,"native_joint_bound,preview_reserve",right_shoulder_roll_joint,False
32,-1.816533984375,3,False,-0.008220781233355456,-0.008320781233355456,15.067608825548607,0.3303851502764482,0,8,"native_joint_bound,preview_reserve",right_shoulder_roll_joint,False
32,-1.816533984375,4,False,-0.010153028235199812,-0.010253028235199812,15.067608825548607,0.3317093027535,0,7,"native_joint_bound,preview_reserve",right_shoulder_roll_joint,False
32,-1.816533984375,5,False,-0.012759600273039684,-0.012859600273039683,15.067608825548607,0.334471653349228,0,7,"native_joint_bound,preview_reserve",right_shoulder_roll_joint,False
32,-1.816533984375,6,False,-0.015266318513599497,-0.015366318513599497,15.067608825548607,0.33707830059256116,0,7,"native_joint_bound,preview_reserve",right_shoulder_roll_joint,False
33,-1.80153515625,0,True,0.0021163129272467884,0.0020163129272467886,14.96317504791972,0.3305712717681824,0,,,,False
33,-1.80153515625,1,False,-0.0022279625324510555,-0.0023279625324510553,15.067608825548607,0.3309604904396344,0,12,"native_joint_bound,preview_reserve",right_shoulder_roll_joint,False
33,-1.80153515625,2,False,-0.005189057593109503,-0.005289057593109503,15.067608825548607,0.3342360822792297,0,9,"native_joint_bound,preview_reserve",right_shoulder_roll_joint,False
33,-1.80153515625,3,False,-0.007799523777953787,-0.007899523777953787,15.067608825548607,0.3373331348499942,0,8,"native_joint_bound,preview_reserve",right_shoulder_roll_joint,False
33,-1.80153515625,4,False,-0.009909037342067606,-0.010009037342067605,15.067608825548607,0.34025900675568754,0,7,"native_joint_bound,preview_reserve",right_shoulder_roll_joint,False
33,-1.80153515625,5,False,-0.012595169816358887,-0.012695169816358886,15.067608825548607,0.34302135735141553,0,7,"native_joint_bound,preview_reserve",right_shoulder_roll_joint,False
33,-1.80153515625,6,False,-0.01517703390949432,-0.015277033909494319,15.067608825548607,0.34562800459474863,0,7,"native_joint_bound,preview_reserve",right_shoulder_roll_joint,False
34,-1.786536328125,0,True,0.0036478082600477357,0.003547808260047736,14.963230490380433,0.3360491331506099,0,,,,False
34,-1.786536328125,1,False,-0.0008948032608846468,-0.0009948032608846468,15.067608825548607,0.33951019444182184,0,13,"native_joint_bound,preview_reserve",right_shoulder_roll_joint,False
34,-1.786536328125,2,False,-0.004785731829483719,-0.0048857318294837195,15.067608825548607,0.3427857862814172,0,10,"native_joint_bound,preview_reserve",right_shoulder_roll_joint,False
34,-1.786536328125,3,False,-0.007358093755301276,-0.007458093755301276,15.067608825548607,0.3458828388521817,0,8,"native_joint_bound,preview_reserve",right_shoulder_roll_joint,False
34,-1.786536328125,4,False,-0.009662467293697574,-0.009762467293697574,15.067608825548607,0.348808710757875,0,7,"native_joint_bound,preview_reserve",right_shoulder_roll_joint,False
34,-1.786536328125,5,False,-0.012430219949979726,-0.012530219949979726,15.067608825548607,0.351571061353603,0,7,"native_joint_bound,preview_reserve",right_shoulder_roll_joint,False
34,-1.786536328125,6,False,-0.015085325086432455,-0.015185325086432454,15.067608825548607,0.3541777085969362,0,7,"native_joint_bound,preview_reserve",right_shoulder_roll_joint,False
35,-1.7715375,0,True,0.005074811293897863,0.004974811293897863,14.963109805995577,0.3445988371527974,0,,,,False
35,-1.7715375,1,True,0.000482410998228211,0.000382410998228211,15.067608825548607,0.3480598984440094,0,,,,False
35,-1.7715375,2,False,-0.0038860248697618616,-0.003986024869761862,15.067608825548607,0.3513354902836047,0,10,"native_joint_bound,preview_reserve",right_shoulder_roll_joint,False
35,-1.7715375,3,False,-0.0068738021841676655,-0.006973802184167666,15.067608825548607,0.35443254285436915,0,8,"native_joint_bound,preview_reserve",right_shoulder_roll_joint,False
35,-1.7715375,4,False,-0.009394177081015975,-0.009494177081015975,15.067608825548607,0.3573584147600625,0,7,"native_joint_bound,preview_reserve",right_shoulder_roll_joint,False
35,-1.7715375,5,False,-0.01226405806368458,-0.012364058063684579,15.067608825548607,0.36012076535579046,0,7,"native_joint_bound,preview_reserve",right_shoulder_roll_joint,False
35,-1.7715375,6,False,-0.014993616227712003,-0.015093616227712003,15.067608825548607,0.36272741259912367,0,7,"native_joint_bound,preview_reserve",right_shoulder_roll_joint,False
36,-1.756538671875,0,True,0.006368865023165249,0.006268865023165249,14.963156914801186,0.3531485411549849,0,,,,False
36,-1.756538671875,1,True,0.0017294740940680953,0.0016294740940680952,15.067608825548607,0.3566096024461969,0,,,,False
36,-1.756538671875,2,False,-0.0028705559795398905,-0.0029705559795398903,15.067608825548607,0.3598851942857922,0,10,"native_joint_bound,preview_reserve",right_shoulder_roll_joint,False
36,-1.756538671875,3,False,-0.006344466666726056,-0.0064444666667260566,15.067608825548607,0.3629822468565566,0,8,"native_joint_bound,preview_reserve",right_shoulder_roll_joint,False
36,-1.756538671875,4,False,-0.009128995946141583,-0.009228995946141582,15.067608825548607,0.36590811876225,0,7,"native_joint_bound,preview_reserve",right_shoulder_roll_joint,False
36,-1.756538671875,5,False,-0.012097896585848034,-0.012197896585848033,15.067608825548607,0.3686704693579779,0,7,"native_joint_bound,preview_reserve",right_shoulder_roll_joint,False
36,-1.756538671875,6,False,-0.014901907333332964,-0.015001907333332964,15.067608825548607,0.37127711660131113,0,7,"native_joint_bound,preview_reserve",right_shoulder_roll_joint,False
37,-1.74153984375,0,True,0.007549671889636844,0.007449671889636844,14.963222217113577,0.36169824515717236,0,,,,False
37,-1.74153984375,1,True,0.0028596674199108385,0.0027596674199108387,15.067608825548607,0.36515930644838435,0,,,,False
37,-1.74153984375,2,False,-0.0017718768003351926,-0.0018718768003351926,15.067608825548607,0.36843489828797965,0,11,"native_joint_bound,preview_reserve",right_shoulder_roll_joint,False
37,-1.74153984375,3,False,-0.0057775017678896035,-0.005877501767889604,15.067608825548607,0.37153195085874413,0,8,"native_joint_bound,preview_reserve",right_shoulder_roll_joint,False
37,-1.74153984375,4,False,-0.008825845749962369,-0.008925845749962368,15.067608825548607,0.37445782276443745,0,7,"native_joint_bound,preview_reserve",right_shoulder_roll_joint,False
37,-1.74153984375,5,False,-0.011916550258012748,-0.012016550258012747,15.067608825548607,0.3772201733601655,0,7,"native_joint_bound,preview_reserve",right_shoulder_roll_joint,False
37,-1.74153984375,6,False,-0.01481019840329667,-0.01491019840329667,15.067608825548607,0.3798268206034986,0,7,"native_joint_bound,preview_reserve",right_shoulder_roll_joint,False
38,-1.726541015625,0,True,0.008638779800341556,0.008538779800341557,14.963287519425968,0.3702479491593598,0,,,,False
38,-1.726541015625,1,True,0.003901784569867228,0.0038017845698672284,15.067608825548607,0.3737090104505718,0,,,,False
38,-1.726541015625,2,False,-0.0007796143451206383,-0.0008796143451206384,15.067608825548607,0.37698460229016717,0,12,"native_joint_bound,preview_reserve",right_shoulder_roll_joint,False
38,-1.726541015625,3,False,-0.0053016821690574645,-0.005401682169057465,15.067608825548607,0.3800816548609316,0,8,preview_reserve,right_shoulder_roll_joint,False
38,-1.726541015625,4,False,-0.008471921681339811,-0.00857192168133981,15.067608825548607,0.383007526766625,0,7,"native_joint_bound,preview_reserve",right_shoulder_roll_joint,False
38,-1.726541015625,5,False,-0.011713529586018456,-0.011813529586018456,15.067608825548607,0.38576987736235296,0,7,"native_joint_bound,preview_reserve",right_shoulder_roll_joint,False
38,-1.726541015625,6,False,-0.014713536555138074,-0.014813536555138073,15.067608825548607,0.38837652460568606,0,7,"native_joint_bound,preview_reserve",right_shoulder_roll_joint,False
39,-1.7115421875,0,True,0.009622052197875153,0.009522052197875153,14.963352821738361,0.37879765316154734,0,,,,False
39,-1.7115421875,1,True,0.004882782759059179,0.0047827827590591785,15.067608825548607,0.3822587144527593,0,,,,False
39,-1.7115421875,2,True,0.0001552208263624344,5.522082636243439e-05,15.067608825548607,0.38553430629235463,0,,,,False
39,-1.7115421875,3,False,-0.004517423600001624,-0.004617423600001625,15.067608825548607,0.3886313588631191,0,9,"native_joint_bound,preview_reserve",right_shoulder_roll_joint,False
39,-1.7115421875,4,False,-0.008086389785023407,-0.008186389785023406,15.067608825548607,0.39155723076881244,0,7,"native_joint_bound,preview_reserve",right_shoulder_roll_joint,False
39,-1.7115421875,5,False,-0.011485045041526032,-0.011585045041526031,15.067608825548607,0.39431958136454043,0,7,"native_joint_bound,preview_reserve",right_shoulder_roll_joint,False
39,-1.7115421875,6,False,-0.014603070245648553,-0.014703070245648552,15.067608825548607,0.3969262286078736,0,7,"native_joint_bound,preview_reserve",right_shoulder_roll_joint,False
40,-1.6965433593750001,0,True,0.010520563670924687,0.010420563670924688,14.963418124050754,0.38734735716373486,0,,,,False
40,-1.6965433593750001,1,True,0.005738925078925483,0.005638925078925483,15.067608825548607,0.39080841845494674,0,,,,False
40,-1.6965433593750001,2,True,0.0010099087736872292,0.0009099087736872292,15.067608825548607,0.3940840102945421,0,,,,False
40,-1.6965433593750001,3,False,-0.003664181444321457,-0.003764181444321457,15.067608825548607,0.3971810628653066,0,9,"native_joint_bound,preview_reserve",right_shoulder_roll_joint,False
40,-1.6965433593750001,4,False,-0.007691320455970985,-0.007791320455970985,15.067608825548607,0.4001069347709999,0,7,"native_joint_bound,preview_reserve",right_shoulder_roll_joint,False
40,-1.6965433593750001,5,False,-0.011228873041712717,-0.011328873041712716,15.067608825548607,0.4028692853667279,0,7,"native_joint_bound,preview_reserve",right_shoulder_roll_joint,False
40,-1.6965433593750001,6,False,-0.01446659255392424,-0.01456659255392424,15.067608825548607,0.40547593261006104,0,7,"native_joint_bound,preview_reserve",right_shoulder_roll_joint,False
41,-1.6815445312500001,0,True,0.011378091711417238,0.011278091711417238,14.963483426363146,0.3958970611659223,0,,,,False
41,-1.6815445312500001,1,True,0.006569984726915834,0.006469984726915834,15.067608825548607,0.3993581224571343,0,,,,False
41,-1.6815445312500001,2,True,0.0017967977040238559,0.0016967977040238558,15.067608825548607,0.40263371429672956,0,,,,False
41,-1.6815445312500001,3,False,-0.0029240703811024282,-0.003024070381102428,15.067608825548607,0.40573076686749404,0,9,"native_joint_bound,preview_reserve",right_shoulder_roll_joint,False
41,-1.6815445312500001,4,False,-0.0074620189722183206,-0.007562018972218321,15.067608825548607,0.40865663877318736,0,7,preview_reserve,right_shoulder_roll_joint,False
41,-1.6815445312500001,5,False,-0.010975531242937375,-0.011075531242937375,15.067608825548607,0.4114189893689154,0,7,"native_joint_bound,preview_reserve",right_shoulder_roll_joint,False
41,-1.6815445312500001,6,False,-0.01431699000608555,-0.01441699000608555,15.067608825548607,0.41402563661224856,0,7,"native_joint_bound,preview_reserve",right_shoulder_roll_joint,False
42,-1.6665457031250002,0,True,0.012127826602500225,0.012027826602500225,14.963548728675537,0.4044467651681098,0,,,,False
42,-1.6665457031250002,1,True,0.007305805241484276,0.007205805241484275,15.067608825548607,0.4079078264593218,0,,,,False
42,-1.6665457031250002,2,True,0.0025313858819417945,0.0024313858819417947,15.067608825548607,0.411183418298917,0,,,,False
42,-1.6665457031250002,3,False,-0.0021906988966771124,-0.002290698896677112,15.067608825548607,0.4142804708696815,0,9,"native_joint_bound,preview_reserve",right_shoulder_roll_joint,False
42,-1.6665457031250002,4,False,-0.006864307206086995,-0.006964307206086995,15.067608825548607,0.4172063427753748,0,8,"native_joint_bound,preview_reserve",right_shoulder_roll_joint,False
42,-1.6665457031250002,5,False,-0.010691840830481247,-0.010791840830481247,15.067608825548607,0.4199686933711029,0,7,"native_joint_bound,preview_reserve",right_shoulder_roll_joint,False
42,-1.6665457031250002,6,False,-0.014164007444963378,-0.014264007444963377,15.067608825548607,0.422575340614436,0,7,"native_joint_bound,preview_reserve",right_shoulder_roll_joint,False
43,-1.6515468750000002,0,True,0.012864902344519091,0.012764902344519092,14.96361403098793,0.41299646917029725,0,,,,False
43,-1.6515468750000002,1,True,0.008032470668299041,0.007932470668299042,15.067608825548607,0.4164575304615093,0,,,,False
43,-1.6515468750000002,2,True,0.003218663736340943,0.0031186637363409433,15.067608825548607,0.4197331223011045,0,,,,False
43,-1.6515468750000002,3,False,-0.0015471110528988419,-0.001647111052898842,15.067608825548607,0.422830174871869,0,9,preview_reserve,right_shoulder_roll_joint,False
43,-1.6515468750000002,4,False,-0.006261904901389226,-0.006361904901389226,15.067608825548607,0.4257560467775624,0,8,"native_joint_bound,preview_reserve",right_shoulder_roll_joint,False
43,-1.6515468750000002,5,False,-0.01035157449718671,-0.01045157449718671,15.067608825548607,0.4285183973732904,0,7,"native_joint_bound,preview_reserve",right_shoulder_roll_joint,False
43,-1.6515468750000002,6,False,-0.014004065532116527,-0.014104065532116527,15.067608825548607,0.4311250446166235,0,7,"native_joint_bound,preview_reserve",right_shoulder_roll_joint,False
44,-1.636548046875,0,True,0.013511575580815727,0.013411575580815727,14.963679333300322,0.4215461731724849,0,,,,False
44,-1.636548046875,1,True,0.008653887607478872,0.008553887607478872,15.067608825548607,0.4250072344636969,0,,,,False
44,-1.636548046875,2,True,0.0038389505331362095,0.0037389505331362097,15.067608825548607,0.4282828263032921,0,,,,False
44,-1.636548046875,3,False,-0.0009284824561057725,-0.0010284824561057726,15.067608825548607,0.43137987887405665,0,10,"native_joint_bound,preview_reserve",right_shoulder_roll_joint,False
44,-1.636548046875,4,False,-0.005643676302633516,-0.005743676302633516,15.067608825548607,0.43430575077975,0,8,"native_joint_bound,preview_reserve",right_shoulder_roll_joint,False
44,-1.636548046875,5,False,-0.009994641270246962,-0.010094641270246962,15.067608825548607,0.43706810137547797,0,7,"native_joint_bound,preview_reserve",right_shoulder_roll_joint,False
44,-1.636548046875,6,False,-0.013812674666879854,-0.013912674666879853,15.067608825548607,0.43967474861881106,0,7,"native_joint_bound,preview_reserve",right_shoulder_roll_joint,False
45,-1.62154921875,0,True,0.014133910449634968,0.014033910449634968,14.963744635612713,0.43009587717467235,0,,,,False
45,-1.62154921875,1,True,0.009275092024338072,0.009175092024338072,15.067608825548607,0.4335569384658844,0,,,,False
45,-1.62154921875,2,True,0.004459152546953504,0.004359152546953504,15.067608825548607,0.43683253030547964,0,,,,False
45,-1.62154921875,3,False,-0.0003261631368518536,-0.0004261631368518536,15.067608825548607,0.4399295828762441,0,10,"native_joint_bound,preview_reserve",right_shoulder_roll_joint,False
45,-1.62154921875,4,False,-0.005085220099404264,-0.005185220099404264,15.067608825548607,0.44285545478193744,0,8,"native_joint_bound,preview_reserve",right_shoulder_roll_joint,False
45,-1.62154921875,5,False,-0.009652456177292823,-0.009752456177292822,15.067608825548607,0.44561780537766554,0,7,"native_joint_bound,preview_reserve",right_shoulder_roll_joint,False
45,-1.62154921875,6,False,-0.013584359127374768,-0.013684359127374767,15.067608825548607,0.44822445262099864,0,7,"native_joint_bound,preview_reserve",right_shoulder_roll_joint,False
46,-1.606550390625,0,True,0.014732104799343837,0.014632104799343838,14.963809937925106,0.43864558117685987,0,,,,False
46,-1.606550390625,1,True,0.009844140523160405,0.009744140523160406,15.067608825548607,0.44210664246807185,0,,,,False
46,-1.606550390625,2,True,0.004993523380209641,0.004893523380209641,15.067608825548607,0.44538223430766716,0,,,,False
46,-1.606550390625,3,True,0.00018569328159001586,8.569328159001585e-05,15.067608825548607,0.4484792868784316,0,,,,False
46,-1.606550390625,4,False,-0.004574141782502039,-0.0046741417825020394,15.067608825548607,0.45140515878412496,0,8,"native_joint_bound,preview_reserve",right_shoulder_roll_joint,False
46,-1.606550390625,5,False,-0.009235500428771637,-0.009335500428771636,15.067608825548607,0.454167509379853,0,7,"native_joint_bound,preview_reserve",right_shoulder_roll_joint,False
46,-1.606550390625,6,False,-0.013329835732747597,-0.013429835732747596,15.067608825548607,0.4567741566231861,0,7,"native_joint_bound,preview_reserve",right_shoulder_roll_joint,False
47,-1.5915515625,0,True,0.015246156976729264,0.015146156976729264,14.963875240237499,0.44719528517904733,0,,,,False
47,-1.5915515625,1,True,0.010357572915364877,0.010257572915364877,15.067608825548607,0.4506563464702593,0,,,,False
47,-1.5915515625,2,True,0.005506163717767354,0.005406163717767354,15.067608825548607,0.4539319383098546,0,,,,False
47,-1.5915515625,3,True,0.0006975481984419218,0.0005975481984419218,15.067608825548607,0.45702899088061905,0,,,,False
47,-1.5915515625,4,False,-0.004063065176966418,-0.004163065176966419,15.067608825548607,0.4599548627863124,0,8,"native_joint_bound,preview_reserve",right_shoulder_roll_joint,False
47,-1.5915515625,5,False,-0.008772690573458863,-0.008872690573458863,15.067608825548607,0.46271721338204047,0,7,"native_joint_bound,preview_reserve",right_shoulder_roll_joint,False
47,-1.5915515625,6,False,-0.013079416668584809,-0.013179416668584808,15.067608825548607,0.46532386062537356,0,7,"native_joint_bound,preview_reserve",right_shoulder_roll_joint,False
48,-1.5765527343749999,0,True,0.015760386691601624,0.015660386691601625,14.96394054254989,0.45574498918123496,0,,,,False
48,-1.5765527343749999,1,True,0.010871004269568552,0.010771004269568552,15.067608825548607,0.4592060504724469,0,,,,False
48,-1.5765527343749999,2,True,0.006018802782385091,0.005918802782385091,15.067608825548607,0.4624816423120422,0,,,,False
48,-1.5765527343749999,3,True,0.001209401619994832,0.001109401619994832,15.067608825548607,0.4655786948828067,0,,,,False
48,-1.5765527343749999,4,False,-0.003577193985461413,-0.003677193985461413,15.067608825548607,0.4685045667885,0,8,"native_joint_bound,preview_reserve",right_shoulder_roll_joint,False
48,-1.5765527343749999,5,False,-0.00833081721654061,-0.008430817216540609,15.067608825548607,0.47126691738422805,0,7,"native_joint_bound,preview_reserve",right_shoulder_roll_joint,False
48,-1.5765527343749999,6,False,-0.012829889255521199,-0.012929889255521198,15.067608825548607,0.47387356462756114,0,7,"native_joint_bound,preview_reserve",right_shoulder_roll_joint,False
49,-1.56155390625,0,True,0.016274589724879718,0.01617458972487972,14.964005844862282,0.4642946931834224,0,,,,False
49,-1.56155390625,1,True,0.011360809588984555,0.011260809588984556,15.067608825548607,0.4677557544746344,0,,,,False
49,-1.56155390625,2,True,0.0064793796584821095,0.006379379658482109,15.067608825548607,0.47103134631422966,0,,,,False
49,-1.56155390625,3,True,0.0016350624559273719,0.0015350624559273718,15.067608825548607,0.4741283988849942,0,,,,False
49,-1.56155390625,4,False,-0.0031665308903439104,-0.0032665308903439103,15.067608825548607,0.4770542707906876,0,8,"native_joint_bound,preview_reserve",right_shoulder_roll_joint,False
49,-1.56155390625,5,False,-0.007920200085572926,-0.008020200085572925,15.067608825548607,0.4798166213864155,0,7,"native_joint_bound,preview_reserve",right_shoulder_roll_joint,False
49,-1.56155390625,6,False,-0.012520993200122454,-0.012620993200122454,15.067608825548607,0.48242326862974866,0,7,"native_joint_bound,preview_reserve",right_shoulder_roll_joint,False
50,-1.546555078125,0,True,0.016688203660203182,0.016588203660203183,14.964071147174675,0.4728443971856099,0,,,,False
50,-1.546555078125,1,True,0.011773816551289062,0.011673816551289063,15.067608825548607,0.4763054584768219,0,,,,False
50,-1.546555078125,2,True,0.00689178281532854,0.00679178281532854,15.067608825548607,0.47958105031641723,0,,,,False
50,-1.546555078125,3,True,0.002046865324377478,0.001946865324377478,15.067608825548607,0.48267810288718166,0,,,,False
50,-1.546555078125,4,False,-0.0027553244517477538,-0.0028553244517477536,15.067608825548607,0.48560397479287504,0,8,"native_joint_bound,preview_reserve",right_shoulder_roll_joint,False
50,-1.546555078125,5,False,-0.007509557067857386,-0.007609557067857387,15.067608825548607,0.4883663253886031,0,7,"native_joint_bound,preview_reserve",right_shoulder_roll_joint,False
50,-1.546555078125,6,False,-0.012196374244226149,-0.012296374244226149,15.067608825548607,0.4909729726319362,0,7,"native_joint_bound,preview_reserve",right_shoulder_roll_joint,False
51,-1.53155625,0,True,0.017101815431616263,0.017001815431616264,14.964136449487068,0.4813941011877974,0,,,,False
51,-1.53155625,1,True,0.012186821175387053,0.012086821175387053,15.067608825548607,0.48485516247900934,0,,,,False
51,-1.53155625,2,True,0.007304183467966574,0.007204183467966574,15.067608825548607,0.4881307543186047,0,,,,False
51,-1.53155625,3,True,0.002458672039761467,0.002358672039761467,15.067608825548607,0.4912278068893691,0,,,,False
51,-1.53155625,4,False,-0.002344028459566605,-0.002444028459566605,15.067608825548607,0.4941536787950625,0,8,"native_joint_bound,preview_reserve",right_shoulder_roll_joint,False
51,-1.53155625,5,False,-0.007098813466996479,-0.007198813466996479,15.067608825548607,0.49691602939079055,0,7,"native_joint_bound,preview_reserve",right_shoulder_roll_joint,False
51,-1.53155625,6,False,-0.011802123552785648,-0.011902123552785648,15.067608825548607,0.49952267663412364,0,7,"native_joint_bound,preview_reserve",right_shoulder_roll_joint,False
52,-1.516557421875,0,True,0.017515425042754273,0.017415425042754274,14.96420175179946,0.4899438051899849,0,,,,False
52,-1.516557421875,1,True,0.01259982346491162,0.01249982346491162,15.067608825548607,0.4934048664811968,0,,,,False
52,-1.516557421875,2,True,0.007716626879975319,0.007616626879975319,15.067608825548607,0.49668045832079216,0,,,,False
52,-1.516557421875,3,True,0.0028706038873345108,0.002770603887334511,15.067608825548607,0.4997775108915566,0,,,,False
52,-1.516557421875,4,False,-0.001932694302295701,-0.002032694302295701,15.067608825548607,0.5027033827972499,0,8,"native_joint_bound,preview_reserve",right_shoulder_roll_joint,False
52,-1.516557421875,5,False,-0.006725947331283066,-0.006825947331283067,15.067608825548607,0.505465733392978,0,7,"native_joint_bound,preview_reserve",right_shoulder_roll_joint,False
52,-1.516557421875,6,False,-0.011473558059560851,-0.01157355805956085,15.067608825548607,0.5080723806363111,0,7,"native_joint_bound,preview_reserve",right_shoulder_roll_joint,False
53,-1.50155859375,0,True,0.017929032497268516,0.017829032497268516,14.96426705411185,0.4984935091921724,0,,,,False
53,-1.50155859375,1,True,0.013010632540206846,0.012910632540206846,15.067608825548607,0.5019545704833844,0,,,,False
53,-1.50155859375,2,True,0.008102652909164565,0.008002652909164566,15.067608825548607,0.5052301623229796,0,,,,False
53,-1.50155859375,3,True,0.003226989239190736,0.0031269892391907364,15.067608825548607,0.5083272148937441,0,,,,False
53,-1.50155859375,4,False,-0.0016116028856627551,-0.0017116028856627552,15.067608825548607,0.5112530867994375,0,8,"native_joint_bound,preview_reserve",right_shoulder_roll_joint,False
53,-1.50155859375,5,False,-0.0064069734138110235,-0.006506973413811024,15.067608825548607,0.5140154373951655,0,7,"native_joint_bound,preview_reserve",right_shoulder_roll_joint,False
53,-1.50155859375,6,False,-0.011155017301568204,-0.011255017301568204,15.067608825548607,0.5166220846384986,0,7,"native_joint_bound,preview_reserve",right_shoulder_roll_joint,False
54,-1.486559765625,0,True,0.018265272156914314,0.018165272156914315,14.964332356424244,0.5070432131943599,0,,,,False
54,-1.486559765625,1,True,0.013331353939887158,0.013231353939887159,15.067608825548607,0.5105042744855719,0,,,,False
54,-1.486559765625,2,True,0.008422934424510142,0.008322934424510143,15.067608825548607,0.5137798663251671,0,,,,False
54,-1.486559765625,3,True,0.003546832287548707,0.003446832287548707,15.067608825548607,0.5168769188959316,0,,,,False
54,-1.486559765625,4,False,-0.0012921967578978233,-0.0013921967578978233,15.067608825548607,0.519802790801625,0,8,"native_joint_bound,preview_reserve",right_shoulder_roll_joint,False
54,-1.486559765625,5,False,-0.006088002385114866,-0.006188002385114866,15.067608825548607,0.522565141397353,0,7,"native_joint_bound,preview_reserve",right_shoulder_roll_joint,False
54,-1.486559765625,6,False,-0.010836479518633979,-0.010936479518633978,15.067608825548607,0.5251717886406861,0,7,"native_joint_bound,preview_reserve",right_shoulder_roll_joint,False
55,-1.4715609375,0,True,0.01858643207051358,0.01848643207051358,14.964397658736635,0.5155929171965474,0,,,,False
55,-1.4715609375,1,True,0.013652072852211816,0.013552072852211817,15.067608825548607,0.5190539784877594,0,,,,False
55,-1.4715609375,2,True,0.008743213344588607,0.008643213344588608,15.067608825548607,0.5223295703273546,0,,,,False
55,-1.4715609375,3,True,0.00386667263800744,0.0037666726380074403,15.067608825548607,0.525426622898119,0,,,,False
55,-1.4715609375,4,False,-0.0009727934252685699,-0.00107279342526857,15.067608825548607,0.5283524948038124,0,8,preview_reserve,right_shoulder_roll_joint,False
55,-1.4715609375,5,False,-0.005769034243334303,-0.005869034243334304,15.067608825548607,0.5311148453995405,0,7,"native_joint_bound,preview_reserve",right_shoulder_roll_joint,False
55,-1.4715609375,6,False,-0.010517944708906324,-0.010617944708906323,15.067608825548607,0.5337214926428736,0,7,"native_joint_bound,preview_reserve",right_shoulder_roll_joint,False
56,-1.456562109375,0,True,0.018907589611645736,0.018807589611645737,14.964462961049026,0.5241426211987349,0,,,,False
56,-1.456562109375,1,True,0.013972789279065534,0.013872789279065535,15.067608825548607,0.5276036824899468,0,,,,False
56,-1.456562109375,2,True,0.009063489671276681,0.008963489671276682,15.067608825548607,0.5308792743295421,0,,,,False
56,-1.456562109375,3,True,0.0041865102924409925,0.004086510292440992,15.067608825548607,0.5339763269003065,0,,,,False
56,-1.456562109375,4,False,-0.0006533928859089322,-0.0007533928859089322,15.067608825548607,0.5369021988059999,0,9,"native_joint_bound,preview_reserve",right_shoulder_roll_joint,False
56,-1.456562109375,5,False,-0.005450068986609491,-0.005550068986609491,15.067608825548607,0.5396645494017279,0,7,"native_joint_bound,preview_reserve",right_shoulder_roll_joint,False
56,-1.456562109375,6,False,-0.010199412870522728,-0.010299412870522728,15.067608825548607,0.5422711966450611,0,7,"native_joint_bound,preview_reserve",right_shoulder_roll_joint,False
57,-1.44156328125,0,True,0.01922835464435879,0.019128354644358792,14.96452826336142,0.5326923252009224,0,,,,False
57,-1.44156328125,1,True,0.014293503222335247,0.014193503222335247,15.067608825548607,0.5361533864921343,0,,,,False
57,-1.44156328125,2,True,0.009383763406455525,0.009283763406455526,15.067608825548607,0.5394289783317295,0,,,,False
57,-1.44156328125,3,True,0.0045063452527212,0.0044063452527212,15.067608825548607,0.5425260309024941,0,,,,False
57,-1.44156328125,4,False,-0.0003339951379484063,-0.0004339951379484063,15.067608825548607,0.5454519028081874,0,9,"native_joint_bound,preview_reserve",right_shoulder_roll_joint,False
57,-1.44156328125,5,False,-0.005131106613072589,-0.005231106613072589,15.067608825548607,0.5482142534039154,0,7,"native_joint_bound,preview_reserve",right_shoulder_roll_joint,False
57,-1.44156328125,6,False,-0.00989460868872305,-0.00999460868872305,15.067608825548607,0.5508209006472485,0,7,"native_joint_bound,preview_reserve",right_shoulder_roll_joint,False
58,-1.4265644531250001,0,True,0.01954950742307693,0.01944950742307693,14.964593565673812,0.5412420292031098,0,,,,False
58,-1.4265644531250001,1,True,0.01461421468391455,0.014514214683914551,15.067608825548607,0.5447030904943218,0,,,,False
58,-1.4265644531250001,2,True,0.009704034552011631,0.009604034552011632,15.067608825548607,0.5479786823339171,0,,,,False
58,-1.4265644531250001,3,True,0.004825675182178468,0.004725675182178468,15.067608825548607,0.5510757349046815,0,,,,False
58,-1.4265644531250001,4,False,-3.576117463133244e-05,-0.00013576117463133243,15.067608825548607,0.5540016068103749,0,9,"native_joint_bound,preview_reserve",right_shoulder_roll_joint,False
58,-1.4265644531250001,5,False,-0.0048685381724822285,-0.004968538172482229,15.067608825548607,0.556763957406103,0,7,"native_joint_bound,preview_reserve",right_shoulder_roll_joint,False
58,-1.4265644531250001,6,False,-0.009658628408999448,-0.009758628408999447,15.067608825548607,0.5593706046494361,0,7,"native_joint_bound,preview_reserve",right_shoulder_roll_joint,False
59,-1.4115656250000002,0,True,0.019849413627329948,0.01974941362732995,14.964658867986204,0.5497917332052973,0,,,,False
59,-1.4115656250000002,1,True,0.014902776434244203,0.014802776434244203,15.067608825548607,0.5532527944965092,0,,,,False
59,-1.4115656250000002,2,True,0.009974369885782597,0.009874369885782597,15.067608825548607,0.5565283863361046,0,,,,False
59,-1.4115656250000002,3,True,0.0050714469524058,0.0049714469524058,15.067608825548607,0.559625438906869,0,,,,False
59,-1.4115656250000002,4,True,0.00020081935283888797,0.00010081935283888796,15.067608825548607,0.5625513108125624,0,,,,False
59,-1.4115656250000002,5,False,-0.004632259047651299,-0.0047322590476512995,15.067608825548607,0.5653136614082904,0,7,"native_joint_bound,preview_reserve",right_shoulder_roll_joint,False
59,-1.4115656250000002,6,False,-0.009422650391463172,-0.009522650391463171,15.067608825548607,0.5679203086516236,0,7,"native_joint_bound,preview_reserve",right_shoulder_roll_joint,False
60,-1.3965667968750002,0,True,0.020087198921427518,0.01998719892142752,14.964724170298595,0.5583414372074847,0,,,,False
60,-1.3965667968750002,1,True,0.015140260200370736,0.015040260200370737,15.067608825548607,0.5618024984986967,0,,,,False
60,-1.3965667968750002,2,True,0.010211551821202036,0.010111551821202037,15.067608825548607,0.565078090338292,0,,,,False
60,-1.3965667968750002,3,True,0.005308327017853998,0.005208327017853997,15.067608825548607,0.5681751429090565,0,,,,False
60,-1.3965667968750002,4,True,0.0004373977230107684,0.0003373977230107684,15.067608825548607,0.5711010148147498,0,,,,False
60,-1.3965667968750002,5,False,-0.004395982133721166,-0.004495982133721166,15.067608825548607,0.5738633654104779,0,7,"native_joint_bound,preview_reserve",right_shoulder_roll_joint,False
60,-1.3965667968750002,6,False,-0.00918667463529621,-0.00928667463529621,15.067608825548607,0.576470012653811,0,7,"native_joint_bound,preview_reserve",right_shoulder_roll_joint,False
61,-1.38156796875,0,True,0.02032498230356783,0.02022498230356783,14.964789472610988,0.5668911412096724,0,,,,False
61,-1.38156796875,1,True,0.015377351876119771,0.015277351876119772,15.067608825548607,0.5703522025008843,0,,,,False
61,-1.38156796875,2,True,0.01044873171656846,0.01034873171656846,15.067608825548607,0.5736277943404796,0,,,,False
61,-1.38156796875,3,True,0.005545204983526286,0.005445204983526286,15.067608825548607,0.5767248469112441,0,,,,False
61,-1.38156796875,4,True,0.0006739739367094266,0.0005739739367094266,15.067608825548607,0.5796507188169374,0,,,,False
61,-1.38156796875,5,False,-0.0041597074298675984,-0.004259707429867599,15.067608825548607,0.5824130694126655,0,7,"native_joint_bound,preview_reserve",right_shoulder_roll_joint,False
61,-1.38156796875,6,False,-0.008950701139678774,-0.009050701139678773,15.067608825548607,0.5850197166559986,0,7,"native_joint_bound,preview_reserve",right_shoulder_roll_joint,False
62,-1.366569140625,0,True,0.020562763774597315,0.020462763774597315,14.964854774923381,0.5754408452118599,0,,,,False
62,-1.366569140625,1,True,0.015614831664170215,0.015514831664170215,15.067608825548607,0.5789019065030719,0,,,,False
62,-1.366569140625,2,True,0.010685909572717645,0.010585909572717645,15.067608825548607,0.5821774983426671,0,,,,False
62,-1.366569140625,3,True,0.005782080850254889,0.005682080850254889,15.067608825548607,0.5852745509134316,0,,,,False
62,-1.366569140625,4,True,0.0009105479947644213,0.0008105479947644212,15.067608825548607,0.588200422819125,0,,,,False
62,-1.366569140625,5,False,-0.003923434935267256,-0.004023434935267256,15.067608825548607,0.5909627734148529,0,7,"native_joint_bound,preview_reserve",right_shoulder_roll_joint,False
62,-1.366569140625,6,False,-0.008714729903791518,-0.008814729903791518,15.067608825548607,0.5935694206581861,0,7,"native_joint_bound,preview_reserve",right_shoulder_roll_joint,False
63,-1.3515703125,0,True,0.020800543335365074,0.020700543335365074,14.964920077235773,0.5839905492140474,0,,,,False
63,-1.3515703125,1,True,0.015852309476512616,0.015752309476512617,15.067608825548607,0.5874516105052594,0,,,,False
63,-1.3515703125,2,True,0.010923085390486253,0.010823085390486254,15.067608825548607,0.5907272023448547,0,,,,False
63,-1.3515703125,3,True,0.006018954618873806,0.005918954618873806,15.067608825548607,0.5938242549156191,0,,,,False
63,-1.3515703125,4,True,0.001147119898005311,0.001047119898005311,15.067608825548607,0.5967501268213125,0,,,,False
63,-1.3515703125,5,False,-0.0036871646490945764,-0.0037871646490945762,15.067608825548607,0.5995124774170405,0,7,"native_joint_bound,preview_reserve",right_shoulder_roll_joint,False
63,-1.3515703125,6,False,-0.008478760926811546,-0.008578760926811545,15.067608825548607,0.6021191246603737,0,7,"native_joint_bound,preview_reserve",right_shoulder_roll_joint,False
64,-1.336571484375,0,True,0.02103832098672065,0.02093832098672065,14.964985379548164,0.5925402532162348,0,,,,False
64,-1.336571484375,1,True,0.016089785313991634,0.015989785313991634,15.067608825548607,0.5960013145074469,0,,,,False
64,-1.336571484375,2,True,0.011160259170715836,0.011060259170715837,15.067608825548607,0.5992769063470421,0,,,,False
64,-1.336571484375,3,True,0.006255826290217481,0.006155826290217481,15.067608825548607,0.6023739589178065,0,,,,False
64,-1.336571484375,4,True,0.0013836896472607663,0.0012836896472607662,15.067608825548607,0.6052998308234999,0,,,,False
64,-1.336571484375,5,False,-0.00345089657052311,-0.0035508965705231097,15.067608825548607,0.608062181419228,0,7,"native_joint_bound,preview_reserve",right_shoulder_roll_joint,False
64,-1.336571484375,6,False,-0.008242794207914628,-0.008342794207914627,15.067608825548607,0.6106688286625611,0,7,"native_joint_bound,preview_reserve",right_shoulder_roll_joint,False
65,-1.3215726562499999,0,True,0.021276096729514915,0.021176096729514916,14.965050681860557,0.6010899572184224,0,,,,False
65,-1.3215726562499999,1,True,0.016327259177452813,0.016227259177452814,15.067608825548607,0.6045510185096344,0,,,,False
65,-1.3215726562499999,2,True,0.011397430914247053,0.011297430914247054,15.067608825548607,0.6078266103492297,0,,,,False
65,-1.3215726562499999,3,True,0.0064926958651225775,0.006392695865122577,15.067608825548607,0.6109236629199942,0,,,,False
65,-1.3215726562499999,4,True,0.0016202572433647866,0.0015202572433647866,15.067608825548607,0.6138495348256875,0,,,,False
65,-1.3215726562499999,5,False,-0.0032146306987241857,-0.0033146306987241855,15.067608825548607,0.6166118854214155,0,7,"native_joint_bound,preview_reserve",right_shoulder_roll_joint,False
65,-1.3215726562499999,6,False,-0.00801377348034471,-0.00811377348034471,15.067608825548607,0.6192185326647487,0,7,"native_joint_bound,preview_reserve",right_shoulder_roll_joint,False
66,-1.306573828125,0,True,0.021513870564600968,0.021413870564600968,14.965115984172948,0.60963966122061,0,,,,False
66,-1.306573828125,1,True,0.016564731067743033,0.016464731067743033,15.067608825548607,0.6131007225118219,0,,,,False
66,-1.306573828125,2,True,0.01163459109103071,0.011534591091030711,15.067608825548607,0.6163763143514172,0,,,,False
66,-1.306573828125,3,True,0.006729563344426204,0.0066295633444262035,15.067608825548607,0.6194733669221817,0,,,,False
66,-1.306573828125,4,True,0.0018436449644787523,0.0017436449644787522,15.067608825548607,0.622399238827875,0,,,,False
66,-1.306573828125,5,False,-0.003022140537908946,-0.003122140537908946,15.067608825548607,0.6251615894236031,0,7,"native_joint_bound,preview_reserve",right_shoulder_roll_joint,False
66,-1.306573828125,6,False,-0.007850388834963695,-0.007950388834963695,15.067608825548607,0.6277682366669362,0,7,"native_joint_bound,preview_reserve",right_shoulder_roll_joint,False
67,-1.291575,0,True,0.021724322551674113,0.021624322551674114,14.96518128648534,0.6181893652227974,0,,,,False
67,-1.291575,1,True,0.016770962806865963,0.016670962806865964,15.067608825548607,0.6216504265140094,0,,,,False
67,-1.291575,2,True,0.011828588951483532,0.011728588951483532,15.067608825548607,0.6249260183536047,0,,,,False
67,-1.291575,3,True,0.006905229566033899,0.006805229566033899,15.067608825548607,0.6280230709243692,0,,,,False
67,-1.291575,4,True,0.0020074138778727324,0.0019074138778727324,15.067608825548607,0.6309489428300625,0,,,,False
67,-1.291575,5,False,-0.002858564167061317,-0.002958564167061317,15.067608825548607,0.6337112934257906,0,7,"native_joint_bound,preview_reserve",right_shoulder_roll_joint,False
67,-1.291575,6,False,-0.007687005561151761,-0.007787005561151761,15.067608825548607,0.6363179406691236,0,7,"native_joint_bound,preview_reserve",right_shoulder_roll_joint,False
68,-1.276576171875,0,True,0.021888853852140677,0.021788853852140678,14.965246588797733,0.6267390692249849,0,,,,False
68,-1.276576171875,1,True,0.01693530437716495,0.01683530437716495,15.067608825548607,0.6302001305161968,0,,,,False
68,-1.276576171875,2,True,0.01199273988311278,0.01189273988311278,15.067608825548607,0.6334757223557922,0,,,,False
68,-1.276576171875,3,True,0.007069189147770771,0.006969189147770771,15.067608825548607,0.6365727749265566,0,,,,False
68,-1.276576171875,4,True,0.0021711814715610345,0.0020711814715610346,15.067608825548607,0.63949864683225,0,,,,False
68,-1.276576171875,5,False,-0.002694989142466131,-0.002794989142466131,15.067608825548607,0.642260997427978,0,7,"native_joint_bound,preview_reserve",right_shoulder_roll_joint,False
68,-1.276576171875,6,False,-0.007523623658620249,-0.007623623658620249,15.067608825548607,0.6448676446713112,0,7,"native_joint_bound,preview_reserve",right_shoulder_roll_joint,False
69,-1.26157734375,0,True,0.022053119622318373,0.021953119622318374,14.965311891110126,0.6352887732271724,0,,,,False
69,-1.26157734375,1,True,0.017099644716449536,0.016999644716449536,15.067608825548607,0.6387498345183843,0,,,,False
69,-1.26157734375,2,True,0.012156889552855432,0.012056889552855433,15.067608825548607,0.6420254263579797,0,,,,False
69,-1.26157734375,3,True,0.007233147438136189,0.007133147438136189,15.067608825548607,0.6451224789287441,0,,,,False
69,-1.26157734375,4,True,0.002334947745839866,0.002234947745839866,15.067608825548607,0.6480483508344375,0,,,,False
69,-1.26157734375,5,False,-0.0025314154638298447,-0.0026314154638298446,15.067608825548607,0.6508107014301655,0,7,"native_joint_bound,preview_reserve",right_shoulder_roll_joint,False
69,-1.26157734375,6,False,-0.007360243127074728,-0.007460243127074728,15.067608825548607,0.6534173486734987,0,7,"native_joint_bound,preview_reserve",right_shoulder_roll_joint,False
70,-1.246578515625,0,True,0.022217596575135445,0.022117596575135446,14.965377193422517,0.6438384772293599,0,,,,False
70,-1.246578515625,1,True,0.0172639838250217,0.0171639838250217,15.067608825548607,0.6472995385205718,0,,,,False
70,-1.246578515625,2,True,0.012321037961013026,0.012221037961013027,15.067608825548607,0.6505751303601671,0,,,,False
70,-1.246578515625,3,True,0.007397104437428137,0.007297104437428137,15.067608825548607,0.6536721829309315,0,,,,False
70,-1.246578515625,4,True,0.0024987127010054344,0.0023987127010054346,15.067608825548607,0.6565980548366249,0,,,,False
70,-1.246578515625,5,False,-0.002367843130857139,-0.002467843130857139,15.067608825548607,0.659360405432353,0,7,"native_joint_bound,preview_reserve",right_shoulder_roll_joint,False
70,-1.246578515625,6,False,-0.007196863966223432,-0.007296863966223433,15.067608825548607,0.6619670526756862,0,7,"native_joint_bound,preview_reserve",right_shoulder_roll_joint,False
71,-1.2315796875,0,True,0.022382124268734316,0.022282124268734316,14.965442495734909,0.6523881812315474,0,,,,False
71,-1.2315796875,1,True,0.0174283217031852,0.017328321703185202,15.067608825548607,0.6558492425227594,0,,,,False
71,-1.2315796875,2,True,0.01248518510788399,0.01238518510788399,15.067608825548607,0.6591248343623546,0,,,,False
71,-1.2315796875,3,True,0.007561060145947263,0.007461060145947262,15.067608825548607,0.6622218869331192,0,,,,False
71,-1.2315796875,4,True,0.0026624763373548355,0.0025624763373548356,15.067608825548607,0.6651477588388124,0,,,,False
71,-1.2315796875,5,False,-0.0022042721432526946,-0.0023042721432526944,15.067608825548607,0.6679101094345404,0,7,"native_joint_bound,preview_reserve",right_shoulder_roll_joint,False
71,-1.2315796875,6,False,-0.00703348617577193,-0.0071334861757719305,15.067608825548607,0.6705167566778737,0,7,"native_joint_bound,preview_reserve",right_shoulder_roll_joint,False
72,-1.216580859375,0,True,0.022546650764387,0.022446650764387,14.965507798047302,0.6609378852337349,0,,,,False
72,-1.216580859375,1,True,0.01759265835124335,0.01749265835124335,15.067608825548607,0.6643989465249469,0,,,,False
72,-1.216580859375,2,True,0.012649330993770747,0.012549330993770747,15.067608825548607,0.6676745383645423,0,,,,False
72,-1.216580859375,3,True,0.007725014563991106,0.007625014563991106,15.067608825548607,0.6707715909353067,0,,,,False
72,-1.216580859375,4,True,0.0028262386551847207,0.002726238655184721,15.067608825548607,0.6736974628410001,0,,,,False
72,-1.216580859375,5,False,-0.0020407025007229684,-0.0021407025007229683,15.067608825548607,0.6764598134367279,0,7,"native_joint_bound,preview_reserve",right_shoulder_roll_joint,False
72,-1.216580859375,6,False,-0.006870109755428011,-0.006970109755428011,15.067608825548607,0.6790664606800612,0,7,"native_joint_bound,preview_reserve",right_shoulder_roll_joint,False
73,-1.20158203125,0,True,0.022711176062398142,0.022611176062398142,14.965573100359695,0.6694875892359223,0,,,,False
73,-1.20158203125,1,True,0.017756993769499463,0.017656993769499463,15.067608825548607,0.6729486505271344,0,,,,False
73,-1.20158203125,2,True,0.012813475618975723,0.012713475618975723,15.067608825548607,0.6762242423667297,0,,,,False
73,-1.20158203125,3,True,0.007888967691858983,0.007788967691858983,15.067608825548607,0.6793212949374942,0,,,,False
73,-1.20158203125,4,True,0.002989999654792186,0.002889999654792186,15.067608825548607,0.6822471668431875,0,,,,False
73,-1.20158203125,5,False,-0.001877134202971309,-0.0019771342029713088,15.067608825548607,0.6850095174389155,0,7,"native_joint_bound,preview_reserve",right_shoulder_roll_joint,False
73,-1.20158203125,6,False,-0.0067067347048968,-0.0068067347048968,15.067608825548607,0.6876161646822486,0,7,"native_joint_bound,preview_reserve",right_shoulder_roll_joint,False
74,-1.186583203125,0,True,0.022875700163075052,0.022775700163075053,14.965638402672086,0.6780372932381098,0,,,,False
74,-1.186583203125,1,True,0.017921327958257738,0.01782132795825774,15.067608825548607,0.6814983545293218,0,,,,False
74,-1.186583203125,2,True,0.012977618983798678,0.012877618983798678,15.067608825548607,0.6847739463689172,0,,,,False
74,-1.186583203125,3,True,0.008052919529850655,0.007952919529850656,15.067608825548607,0.6878709989396816,0,,,,False
74,-1.186583203125,4,True,0.0031537593364752148,0.003053759336475215,15.067608825548607,0.690796870845375,0,,,,False
74,-1.186583203125,5,False,-0.0017135672497023968,-0.0018135672497023969,15.067608825548607,0.6935592214411029,0,7,"native_joint_bound,preview_reserve",right_shoulder_roll_joint,False
74,-1.186583203125,6,False,-0.006543361023885197,-0.006643361023885197,15.067608825548607,0.6961658686844361,0,7,"native_joint_bound,preview_reserve",right_shoulder_roll_joint,False
75,-1.1715843750000001,0,True,0.02304022306672282,0.02294022306672282,14.965703704984477,0.6865869972402973,0,,,,False
75,-1.1715843750000001,1,True,0.018085284222160602,0.017985284222160603,15.067608825548607,0.6900480585315093,0,,,,False
75,-1.1715843750000001,2,True,0.013141761088543369,0.01304176108854337,15.067608825548607,0.6933236503711047,0,,,,False
75,-1.1715843750000001,3,True,0.008216870078266325,0.008116870078266326,15.067608825548607,0.6964207029418691,0,,,,False
75,-1.1715843750000001,4,True,0.0033175177005317913,0.0032175177005317915,15.067608825548607,0.6993465748475625,0,,,,False
75,-1.1715843750000001,5,False,-0.0015500016406191364,-0.0016500016406191364,15.067608825548607,0.7021089254432904,0,7,"native_joint_bound,preview_reserve",right_shoulder_roll_joint,False
75,-1.1715843750000001,6,False,-0.006379988712098328,-0.006479988712098328,15.067608825548607,0.7047155726866235,0,7,"native_joint_bound,preview_reserve",right_shoulder_roll_joint,False
76,-1.156585546875,0,True,0.023204744773650088,0.02310474477365009,14.96576900729687,0.695136701242485,0,,,,False
76,-1.156585546875,1,True,0.01824960425882871,0.01814960425882871,15.067608825548607,0.6985977625336969,0,,,,False
76,-1.156585546875,2,True,0.013305901933510889,0.01320590193351089,15.067608825548607,0.7018733543732922,0,,,,False
76,-1.156585546875,3,True,0.008380819337406642,0.008280819337406643,15.067608825548607,0.7049704069440567,0,,,,False
76,-1.156585546875,4,True,0.0034812747472603434,0.0033812747472603435,15.067608825548607,0.70789627884975,0,,,,False
76,-1.156585546875,5,False,-0.0013864373754262083,-0.0014864373754262083,15.067608825548607,0.710658629445478,0,7,"native_joint_bound,preview_reserve",right_shoulder_roll_joint,False
76,-1.156585546875,6,False,-0.006216617769241761,-0.0063166177692417615,15.067608825548607,0.7132652766888111,0,7,"native_joint_bound,preview_reserve",right_shoulder_roll_joint,False
77,-1.14158671875,0,True,0.023369265284162832,0.023269265284162833,14.965834309609262,0.7036864052446724,0,,,,False
77,-1.14158671875,1,True,0.01841393473883013,0.01831393473883013,15.067608825548607,0.7071474665358843,0,,,,False
77,-1.14158671875,2,True,0.013470041519004994,0.013370041519004994,15.067608825548607,0.7104230583754797,0,,,,False
77,-1.14158671875,3,True,0.00854476730757181,0.00844476730757181,15.067608825548607,0.7135201109462441,0,,,,False
77,-1.14158671875,4,True,0.003645030476959743,0.003545030476959743,15.067608825548607,0.7164459828519375,0,,,,False
77,-1.14158671875,5,False,-0.0012228744538265168,-0.0013228744538265169,15.067608825548607,0.7192083334476655,0,7,"native_joint_bound,preview_reserve",right_shoulder_roll_joint,False
77,-1.14158671875,6,False,-0.006053248195020622,-0.006153248195020622,15.067608825548607,0.7218149806909986,0,7,"native_joint_bound,preview_reserve",right_shoulder_roll_joint,False
78,-1.126587890625,0,True,0.023533784598568808,0.02343378459856881,14.965899611921653,0.7122361092468599,0,,,,False
78,-1.126587890625,1,True,0.01857826399055318,0.01847826399055318,15.067608825548607,0.7156971705380718,0,,,,False
78,-1.126587890625,2,True,0.01363417984532811,0.01353417984532811,15.067608825548607,0.7189727623776672,0,,,,False
78,-1.126587890625,3,True,0.008708713989062478,0.008608713989062478,15.067608825548607,0.7220698149484316,0,,,,False
78,-1.126587890625,4,True,0.003808784889927974,0.0037087848899279743,15.067608825548607,0.724995686854125,0,,,,False
78,-1.126587890625,5,False,-0.0010830265024868169,-0.001183026502486817,15.067608825548607,0.727758037449853,0,7,"native_joint_bound,preview_reserve",right_shoulder_roll_joint,False
78,-1.126587890625,6,False,-0.005944794141814924,-0.006044794141814924,15.067608825548607,0.7303646846931862,0,7,"native_joint_bound,preview_reserve",right_shoulder_roll_joint,False
79,-1.1115890625,0,True,0.023671117624531668,0.02357111762453167,14.965964914234046,0.7207858132490474,0,,,,False
79,-1.1115890625,1,True,0.018718958431664934,0.018618958431664934,15.067608825548607,0.7242468745402593,0,,,,False
79,-1.1115890625,2,True,0.013769960212977939,0.01366996021297794,15.067608825548607,0.7275224663798546,0,,,,False
79,-1.1115890625,3,True,0.008832041900300958,0.008732041900300958,15.067608825548607,0.7306195189506193,0,,,,False
79,-1.1115890625,4,True,0.003912765288304865,0.003812765288304865,15.067608825548607,0.7335453908563125,0,,,,False
79,-1.1115890625,5,False,-0.000980956828882995,-0.0010809568288829951,15.067608825548607,0.7363077414520405,0,7,"native_joint_bound,preview_reserve",right_shoulder_roll_joint,False
79,-1.1115890625,6,False,-0.005842834308891209,-0.00594283430889121,15.067608825548607,0.7389143886953736,0,7,"native_joint_bound,preview_reserve",right_shoulder_roll_joint,False
80,-1.096590234375,0,True,0.023773723197662022,0.023673723197662023,14.96603021654644,0.7293355172512349,0,,,,False
80,-1.096590234375,1,True,0.018821458526058432,0.018721458526058433,15.067608825548607,0.7327965785424467,0,,,,False
80,-1.096590234375,2,True,0.013872353853350283,0.013772353853350284,15.067608825548607,0.7360721703820421,0,,,,False
80,-1.096590234375,3,True,0.008934328192365726,0.008834328192365726,15.067608825548607,0.7391692229528067,0,,,,False
80,-1.096590234375,4,True,0.004014943382300018,0.003914943382300018,15.067608825548607,0.7420950948585001,0,,,,False
80,-1.096590234375,5,False,-0.000878887761253111,-0.000978887761253111,15.067608825548607,0.744857445454228,0,7,preview_reserve,right_shoulder_roll_joint,False
80,-1.096590234375,6,False,-0.005740875091441389,-0.005840875091441389,15.067608825548607,0.7474640926975611,0,7,"native_joint_bound,preview_reserve",right_shoulder_roll_joint,False
81,-1.08159140625,0,True,0.023876328220489462,0.023776328220489463,14.96609551885883,0.7378852212534224,0,,,,False
81,-1.08159140625,1,True,0.01892395805804936,0.018823958058049362,15.067608825548607,0.7413462825446342,0,,,,False
81,-1.08159140625,2,True,0.013974746919662717,0.013874746919662718,15.067608825548607,0.7446218743842296,0,,,,False
81,-1.08159140625,3,True,0.009036613899218171,0.008936613899218172,15.067608825548607,0.7477189269549942,0,,,,False
81,-1.08159140625,4,True,0.004117120880462011,0.0040171208804620105,15.067608825548607,0.7506447988606876,0,,,,False
81,-1.08159140625,5,False,-0.0007768192995230017,-0.0008768192995230017,15.067608825548607,0.7534071494564155,0,7,preview_reserve,right_shoulder_roll_joint,False
81,-1.08159140625,6,False,-0.005638916489391299,-0.005738916489391299,15.067608825548607,0.7560137966997487,0,7,"native_joint_bound,preview_reserve",right_shoulder_roll_joint,False
82,-1.066592578125,0,True,0.02397893269309126,0.02387893269309126,14.966160821171222,0.7464349252556098,0,,,,False
82,-1.066592578125,1,True,0.01902645702771233,0.01892645702771233,15.067608825548607,0.7498959865468217,0,,,,False
82,-1.066592578125,2,True,0.014077139411990736,0.013977139411990736,15.067608825548607,0.753171578386417,0,,,,False
82,-1.066592578125,3,True,0.009138899020934232,0.009038899020934233,15.067608825548607,0.7562686309571817,0,,,,False
82,-1.066592578125,4,True,0.004219297782867226,0.004119297782867226,15.067608825548607,0.759194502862875,0,,,,False
82,-1.066592578125,5,False,-0.0006747514436193924,-0.0007747514436193925,15.067608825548607,0.761956853458603,0,8,"native_joint_bound,preview_reserve",right_shoulder_roll_joint,False
82,-1.066592578125,6,False,-0.005536958502666334,-0.005636958502666334,15.067608825548607,0.7645635007019361,0,7,"native_joint_bound,preview_reserve",right_shoulder_roll_joint,False
83,-1.05159375,0,True,0.024081536615543353,0.023981536615543354,14.966226123483615,0.7549846292577973,0,,,,False
83,-1.05159375,1,True,0.019128955435124162,0.019028955435124163,15.067608825548607,0.7584456905490093,0,,,,False
83,-1.05159375,2,True,0.014179531330410278,0.014079531330410278,15.067608825548607,0.7617212823886045,0,,,,False
83,-1.05159375,3,True,0.009241183557588073,0.009141183557588074,15.067608825548607,0.7648183349593691,0,,,,False
83,-1.05159375,4,True,0.004321474089588051,0.004221474089588051,15.067608825548607,0.7677442068650625,0,,,,False
83,-1.05159375,5,False,-0.0005726841934681204,-0.0006726841934681204,15.067608825548607,0.7705065574607904,0,8,"native_joint_bound,preview_reserve",right_shoulder_roll_joint,False
83,-1.05159375,6,False,-0.005435001131194994,-0.0055350011311949944,15.067608825548607,0.7731132047041236,0,7,"native_joint_bound,preview_reserve",right_shoulder_roll_joint,False
84,-1.0365949218750001,0,True,0.024183825094841183,0.024083825094841183,14.966271544719572,0.7635343332599848,0,,,,False
84,-1.0365949218750001,1,True,0.0192314532803608,0.0191314532803608,15.067608825548607,0.7669953945511968,0,,,,False
84,-1.0365949218750001,2,True,0.01428192267499595,0.014181922674995951,15.067608825548607,0.7702709863907922,0,,,,False
84,-1.0365949218750001,3,True,0.009343467509255632,0.009243467509255632,15.067608825548607,0.7733680389615566,0,,,,False
84,-1.0365949218750001,4,True,0.0044236498007013125,0.004323649800701312,15.067608825548607,0.77629391086725,0,,,,False
84,-1.0365949218750001,5,False,-0.00047061754899457853,-0.0005706175489945786,15.067608825548607,0.7790562614629779,0,8,"native_joint_bound,preview_reserve",right_shoulder_roll_joint,False
84,-1.0365949218750001,6,False,-0.0053330443749026735,-0.005433044374902674,15.067608825548607,0.7816629087063112,0,7,"native_joint_bound,preview_reserve",right_shoulder_roll_joint,False
85,-1.02159609375,0,True,0.024286427907258545,0.024186427907258546,14.966336847031963,0.7720840372621725,0,,,,False
85,-1.02159609375,1,True,0.01933395056349907,0.01923395056349907,15.067608825548607,0.7755450985533844,0,,,,False
85,-1.02159609375,2,True,0.014384313445824581,0.014284313445824582,15.067608825548607,0.7788206903929797,0,,,,False
85,-1.02159609375,3,True,0.009445750876011072,0.009345750876011073,15.067608825548607,0.7819177429637442,0,,,,False
85,-1.02159609375,4,True,0.004525824916278953,0.004425824916278953,15.067608825548607,0.7848436148694375,0,,,,False
85,-1.02159609375,5,False,-0.00036855151012504805,-0.00046855151012504805,15.067608825548607,0.7876059654651655,0,8,"native_joint_bound,preview_reserve",right_shoulder_roll_joint,False
85,-1.02159609375,6,False,-0.005231088233715653,-0.005331088233715653,15.067608825548607,0.7902126127084987,0,7,"native_joint_bound,preview_reserve",right_shoulder_roll_joint,False
86,-1.006597265625,0,True,0.02438903016975713,0.02428903016975713,14.966402149344354,0.78063374126436,0,,,,False
86,-1.006597265625,1,True,0.01943644728461491,0.01933644728461491,15.067608825548607,0.7840948025555718,0,,,,False
86,-1.006597265625,2,True,0.014486703642971221,0.014386703642971222,15.067608825548607,0.7873703943951672,0,,,,False
86,-1.006597265625,3,True,0.009548033657930333,0.009448033657930333,15.067608825548607,0.7904674469659316,0,,,,False
86,-1.006597265625,4,True,0.0046279994363978005,0.0045279994363978,15.067608825548607,0.793393318871625,0,,,,False
86,-1.006597265625,5,False,-0.00026648607678625424,-0.00036648607678625424,15.067608825548607,0.7961556694673529,0,8,"native_joint_bound,preview_reserve",right_shoulder_roll_joint,False
86,-1.006597265625,6,False,-0.005129132707560657,-0.005229132707560658,15.067608825548607,0.7987623167106862,0,7,"native_joint_bound,preview_reserve",right_shoulder_roll_joint,False
87,-0.9915984375,0,True,0.024491631882413323,0.024391631882413323,14.966467451656747,0.7891834452665475,0,,,,False
87,-0.9915984375,1,True,0.019538943443783374,0.019438943443783375,15.067608825548607,0.7926445065577593,0,,,,False
87,-0.9915984375,2,True,0.014589093266510922,0.014489093266510922,15.067608825548607,0.7959200983973547,0,,,,False
87,-0.9915984375,3,True,0.00965031585508802,0.009550315855088021,15.067608825548607,0.7990171509681191,0,,,,False
87,-0.9915984375,4,True,0.004730173361131573,0.004630173361131573,15.067608825548607,0.8019430228738125,0,,,,False
87,-0.9915984375,5,False,-0.00016442124890270193,-0.0002644212489027019,15.067608825548607,0.8047053734695404,0,8,"native_joint_bound,preview_reserve",right_shoulder_roll_joint,False
87,-0.9915984375,6,False,-0.0050271777963635245,-0.005127177796363525,15.067608825548607,0.8073120207128737,0,7,"native_joint_bound,preview_reserve",right_shoulder_roll_joint,False
88,-0.976599609375,0,True,0.024594233045303504,0.024494233045303505,14.966532753969139,0.797733149268735,0,,,,False
88,-0.976599609375,1,True,0.019641439041082176,0.019541439041082177,15.067608825548607,0.8011942105599468,0,,,,False
88,-0.976599609375,2,True,0.01469148231652051,0.01459148231652051,15.067608825548607,0.8044698023995421,0,,,,False
88,-0.976599609375,3,True,0.009752597467558743,0.009652597467558744,15.067608825548607,0.8075668549703068,0,,,,False
88,-0.976599609375,4,True,0.004832346690554434,0.004732346690554434,15.067608825548607,0.810492726876,0,,,,False
88,-0.976599609375,5,False,-6.23570264011164e-05,-0.0001623570264011164,15.067608825548607,0.813255077471728,0,8,"native_joint_bound,preview_reserve",right_shoulder_roll_joint,False
88,-0.976599609375,6,False,-0.004925223500051867,-0.005025223500051868,15.067608825548607,0.8158617247150611,0,7,"native_joint_bound,preview_reserve",right_shoulder_roll_joint,False
89,-0.96160078125,0,True,0.02469683365850539,0.02459683365850539,14.96659805628153,0.8062828532709224,0,,,,False
89,-0.96160078125,1,True,0.01974393407658681,0.01964393407658681,15.067608825548607,0.8097439145621342,0,,,,False
89,-0.96160078125,2,True,0.014793870793075481,0.014693870793075482,15.067608825548607,0.8130195064017296,0,,,,False
89,-0.96160078125,3,True,0.009854878495419328,0.009754878495419329,15.067608825548607,0.8161165589724942,0,,,,False
89,-0.96160078125,4,True,0.004934519424742323,0.004834519424742323,15.067608825548607,0.8190424308781875,0,,,,False
89,-0.96160078125,5,False,3.970659079266525e-05,-6.029340920733475e-05,15.067608825548607,0.8218047814739156,0,8,preview_reserve,right_shoulder_roll_joint,False
89,-0.96160078125,6,False,-0.004823269818550635,-0.004923269818550635,15.067608825548607,0.8244114287172486,0,7,"native_joint_bound,preview_reserve",right_shoulder_roll_joint,False
90,-0.9466019531250001,0,True,0.024799433722094477,0.024699433722094478,14.966663358593923,0.8148325572731099,0,,,,False
90,-0.9466019531250001,1,True,0.019846428550374107,0.019746428550374107,15.067608825548607,0.8182936185643217,0,,,,False
90,-0.9466019531250001,2,True,0.014896258696250886,0.014796258696250886,15.067608825548607,0.8215692104039171,0,,,,False
90,-0.9466019531250001,3,True,0.009957158938743493,0.009857158938743494,15.067608825548607,0.8246662629746817,0,,,,False
90,-0.9466019531250001,4,True,0.005036691563768958,0.004936691563768958,15.067608825548607,0.827592134880375,0,,,,False
90,-0.9466019531250001,5,True,0.0001417696027536941,4.17696027536941e-05,15.067608825548607,0.830354485476103,0,,,,False
90,-0.9466019531250001,6,False,-0.004721316751786553,-0.004821316751786553,15.067608825548607,0.8329611327194361,0,7,"native_joint_bound,preview_reserve",right_shoulder_roll_joint,False
91,-0.9316031250000001,0,True,0.024902033236149368,0.02480203323614937,14.966728660906316,0.8233822612752973,0,,,,False
91,-0.9316031250000001,1,True,0.01994892246252089,0.01984892246252089,15.067608825548607,0.8268433225665092,0,,,,False
91,-0.9316031250000001,2,True,0.014998646026123108,0.014898646026123109,15.067608825548607,0.8301189144061045,0,,,,False
91,-0.9316031250000001,3,True,0.010059438797607623,0.009959438797607623,15.067608825548607,0.8332159669768692,0,,,,False
91,-0.9316031250000001,4,True,0.0051388631077093905,0.00503886310770939,15.067608825548607,0.8361418388825625,0,,,,False
91,-0.9316031250000001,5,True,0.00024383200955568896,0.00014383200955568896,15.067608825548607,0.8389041894782905,0,,,,False
91,-0.9316031250000001,6,False,-0.004619364299685902,-0.004719364299685902,15.067608825548607,0.8415108367216235,0,7,"native_joint_bound,preview_reserve",right_shoulder_roll_joint,False
92,-0.9166042968750001,0,True,0.025004632200745558,0.02490463220074556,14.966793963218707,0.8319319652774848,0,,,,False
92,-0.9166042968750001,1,True,0.020051415813102214,0.019951415813102214,15.067608825548607,0.8353930265686969,0,,,,False
92,-0.9166042968750001,2,True,0.015101032782768531,0.015001032782768531,15.067608825548607,0.838668618408292,0,,,,False
92,-0.9166042968750001,3,True,0.010161718072086323,0.010061718072086324,15.067608825548607,0.8417656709790566,0,,,,False
92,-0.9166042968750001,4,True,0.0052410340566386715,0.005141034056638671,15.067608825548607,0.84469154288475,0,,,,False
92,-0.9166042968750001,5,True,0.0003458938112723686,0.00024589381127236863,15.067608825548607,0.847453893480478,0,,,,False
92,-0.9166042968750001,6,False,-0.004517412462174963,-0.004617412462174964,15.067608825548607,0.8500605407238111,0,7,"native_joint_bound,preview_reserve",right_shoulder_roll_joint,False
93,-0.9016054687499999,0,True,0.025107230615960763,0.025007230615960763,14.966859265531099,0.8404816692796725,0,,,,False
93,-0.9016054687499999,1,True,0.020153908602196235,0.020053908602196236,15.067608825548607,0.8439427305708844,0,,,,False
93,-0.9016054687499999,2,True,0.015203418966262205,0.015103418966262206,15.067608825548607,0.8472183224104797,0,,,,False
93,-0.9016054687499999,3,True,0.010263996762255534,0.010163996762255535,15.067608825548607,0.8503153749812442,0,,,,False
93,-0.9016054687499999,4,True,0.005343204410631408,0.005243204410631408,15.067608825548607,0.8532412468869376,0,,,,False
93,-0.9016054687499999,5,True,0.00044795500798011645,0.00034795500798011646,15.067608825548607,0.8560035974826655,0,,,,False
93,-0.9016054687499999,6,False,-0.00441546123917913,-0.004515461239179131,15.067608825548607,0.8586102447259987,0,7,"native_joint_bound,preview_reserve",right_shoulder_roll_joint,False
94,-0.8866066406249999,0,True,0.02520982848187181,0.02510982848187181,14.966924567843492,0.84903137328186,0,,,,False
94,-0.8866066406249999,1,True,0.020256400829877563,0.020156400829877564,15.067608825548607,0.8524924345730719,0,,,,False
94,-0.8866066406249999,2,True,0.01530580457668096,0.01520580457668096,15.067608825548607,0.8557680264126672,0,,,,False
94,-0.8866066406249999,3,True,0.01036627486819075,0.01026627486819075,15.067608825548607,0.8588650789834317,0,,,,False
94,-0.8866066406249999,4,True,0.005445374169763095,0.005345374169763095,15.067608825548607,0.861790950889125,0,,,,False
94,-0.8866066406249999,5,True,0.0005500155997508749,0.0004500155997508749,15.067608825548607,0.864553301484853,0,,,,False
94,-0.8866066406249999,6,False,-0.004313510630624684,-0.004413510630624684,15.067608825548607,0.8671599487281862,0,7,"native_joint_bound,preview_reserve",right_shoulder_roll_joint,False
95,-0.8852785110473634,0,True,0.025218913382514696,0.025118913382514697,14.96693035029075,0.8497884400787262,0,,,,False
95,-0.8852785110473634,1,True,0.020265476375790126,0.020165476375790126,15.067608825548607,0.853249501369938,0,,,,False
95,-0.8852785110473634,2,True,0.015314870681190307,0.015214870681190307,15.067608825548607,0.8565250932095334,0,,,,False
95,-0.8852785110473634,3,True,0.010375331452759262,0.010275331452759263,15.067608825548607,0.859622145780298,0,,,,False
95,-0.8852785110473634,4,True,0.005454421159830414,0.0053544211598304135,15.067608825548607,0.8625480176859913,0,,,,False
95,-0.8852785110473634,5,True,0.0005590529226844332,0.0004590529226844332,15.067608825548607,0.8653103682817194,0,,,,False
95,-0.8852785110473634,6,False,-0.004304483047040453,-0.004404483047040453,15.067608825548607,0.8679170155250524,0,7,"native_joint_bound,preview_reserve",right_shoulder_roll_joint,False
96,-0.8716078125,0,True,0.025312425798555527,0.025212425798555527,14.966989870155885,0.8575810772840475,0,,,,False
96,-0.8716078125,1,True,0.020358892496225245,0.020258892496225245,15.067608825548607,0.8610421385752594,0,,,,False
96,-0.8716078125,2,True,0.015408189614100287,0.015308189614100288,15.067608825548607,0.8643177304148547,0,,,,False
96,-0.8716078125,3,True,0.010468552389966579,0.01036855238996658,15.067608825548607,0.8674147829856191,0,,,,False
96,-0.8716078125,4,True,0.005547543334107896,0.005447543334107896,15.067608825548607,0.8703406548913125,0,,,,False
96,-0.8716078125,5,True,0.0006520755866614714,0.0005520755866614713,15.067608825548607,0.8731030054870405,0,,,,False
96,-0.8716078125,6,False,-0.0042115606364383495,-0.00431156063643835,15.067608825548607,0.8757096527303737,0,7,"native_joint_bound,preview_reserve",right_shoulder_roll_joint,False
97,-0.856608984375,0,True,0.025415022566089185,0.025315022566089185,14.967055172468276,0.866130781286235,0,,,,False
97,-0.856608984375,1,True,0.020461383601313443,0.020361383601313444,15.067608825548607,0.8695918425774468,0,,,,False
97,-0.856608984375,2,True,0.015510574078596573,0.015410574078596573,15.067608825548607,0.8728674344170422,0,,,,False
97,-0.856608984375,3,True,0.010570829327659403,0.010470829327659404,15.067608825548607,0.8759644869878066,0,,,,False
97,-0.856608984375,4,True,0.005649711903741306,0.0055497119037413055,15.067608825548607,0.8788903588935,0,,,,False
97,-0.856608984375,5,True,0.0007541349687838483,0.0006541349687838483,15.067608825548607,0.8816527094892279,0,,,,False
97,-0.856608984375,6,False,-0.004109611256545076,-0.004209611256545076,15.067608825548607,0.8842593567325612,0,7,"native_joint_bound,preview_reserve",right_shoulder_roll_joint,False
98,-0.84161015625,0,True,0.025517618784550056,0.025417618784550056,14.967120474780668,0.8746804852884225,0,,,,False
98,-0.84161015625,1,True,0.020563874145220762,0.020463874145220762,15.067608825548607,0.8781415465796343,0,,,,False
98,-0.84161015625,2,True,0.015612957970244867,0.015512957970244868,15.067608825548607,0.8814171384192296,0,,,,False
98,-0.84161015625,3,True,0.01067310568134383,0.010573105681343831,15.067608825548607,0.8845141909899943,0,,,,False
98,-0.84161015625,4,True,0.005751879878737931,0.005651879878737931,15.067608825548607,0.8874400628956876,0,,,,False
98,-0.84161015625,5,True,0.0008561937461952773,0.0007561937461952773,15.067608825548607,0.8902024134914154,0,,,,False
98,-0.84161015625,6,False,-0.0040076624908711445,-0.004107662490871145,15.067608825548607,0.8928090607347486,0,7,"native_joint_bound,preview_reserve",right_shoulder_roll_joint,False
99,-0.826611328125,0,True,0.025620214454014967,0.025520214454014967,14.96718577709306,0.8832301892906099,0,,,,False
99,-0.826611328125,1,True,0.020666364128022696,0.020566364128022697,15.067608825548607,0.8866912505818217,0,,,,False
99,-0.826611328125,2,True,0.015715341289122442,0.015615341289122443,15.067608825548607,0.8899668424214171,0,,,,False
99,-0.826611328125,3,True,0.010775381451097132,0.010675381451097133,15.067608825548607,0.8930638949921818,0,,,,False
99,-0.826611328125,4,True,0.005854047259173711,0.005754047259173711,15.067608825548607,0.895989766897875,0,,,,False
99,-0.826611328125,5,True,0.0009582519189677008,0.0008582519189677007,15.067608825548607,0.8987521174936031,0,,,,False
99,-0.826611328125,6,False,-0.0039255265385356175,-0.004025526538535618,15.067608825548607,0.9013587647369361,0,7,"native_joint_bound,preview_reserve",right_shoulder_roll_joint,False
100,-0.8116125000000001,0,True,0.025704573325546765,0.025604573325546765,14.967251079405452,0.8917798932927974,0,,,,False
100,-0.8116125000000001,1,True,0.020762146196509068,0.02066214619650907,15.067608825548607,0.8952409545840092,0,,,,False
100,-0.8116125000000001,2,True,0.01581367908399267,0.01571367908399267,15.067608825548607,0.8985165464236046,0,,,,False
100,-0.8116125000000001,3,True,0.01086809256170973,0.01076809256170973,15.067608825548607,0.9016135989943692,0,,,,False
100,-0.8116125000000001,4,True,0.005933616729845603,0.005833616729845603,15.067608825548607,0.9045394709000625,0,,,,False
100,-0.8116125000000001,5,True,0.0010178101707798426,0.0009178101707798425,15.067608825548607,0.9073018214957905,0,,,,False
100,-0.8116125000000001,6,False,-0.0038724168558661454,-0.003972416855866146,15.067608825548607,0.9099084687391236,0,7,"native_joint_bound,preview_reserve",right_shoulder_roll_joint,False
101,-0.7966136718750001,0,True,0.02555423528227241,0.02545423528227241,14.967316381717843,0.9003295972949849,0,,,,False
101,-0.7966136718750001,1,True,0.020815504469975377,0.020715504469975377,15.067608825548607,0.9037906585861967,0,,,,False
101,-0.7966136718750001,2,True,0.015866988962688566,0.015766988962688567,15.067608825548607,0.907066250425792,0,,,,False
101,-0.7966136718750001,3,True,0.010921353361065034,0.010821353361065034,15.067608825548607,0.9101633029965567,0,,,,False
101,-0.7966136718750001,4,True,0.005986827777804571,0.005886827777804571,15.067608825548607,0.91308917490225,0,,,,False
101,-0.7966136718750001,5,True,0.0010709707961482628,0.0009709707961482628,15.067608825548607,0.915851525497978,0,,,,False
101,-0.7966136718750001,6,False,-0.0038193073315850867,-0.003919307331585087,15.067608825548607,0.918458172741311,0,7,"native_joint_bound,preview_reserve",right_shoulder_roll_joint,False
102,-0.7816148437500001,0,True,0.025307641433844452,0.025207641433844453,14.967381684030236,0.9088793012971723,0,,,,False
102,-0.7816148437500001,1,True,0.020868862596794102,0.020768862596794103,15.067608825548607,0.9123403625883842,0,,,,False
102,-0.7816148437500001,2,True,0.015920298692162493,0.015820298692162494,15.067608825548607,0.9156159544279795,0,,,,False
102,-0.7816148437500001,3,True,0.010974614008731454,0.010874614008731454,15.067608825548607,0.9187130069987441,0,,,,False
102,-0.7816148437500001,4,True,0.00604003867172187,0.00594003867172187,15.067608825548607,0.9216388789044374,0,,,,False
102,-0.7816148437500001,5,True,0.0011241312652439106,0.0010241312652439106,15.067608825548607,0.9244012295001655,0,,,,False
102,-0.7816148437500001,6,False,-0.00376619796568356,-0.0038661979656835596,15.067608825548607,0.9270078767434985,0,7,"native_joint_bound,preview_reserve",right_shoulder_roll_joint,False
103,-0.7666160156249999,0,True,0.02506094383135249,0.02496094383135249,14.96744698634263,0.9174290052993599,0,,,,False
103,-0.7666160156249999,1,True,0.020922220576975015,0.020822220576975015,15.067608825548607,0.9208900665905719,0,,,,False
103,-0.7666160156249999,2,True,0.015973608272423334,0.015873608272423335,15.067608825548607,0.9241656584301672,0,,,,False
103,-0.7666160156249999,3,True,0.01102787450471654,0.01092787450471654,15.067608825548607,0.9272627110009317,0,,,,False
103,-0.7666160156249999,4,True,0.006093249411606383,0.005993249411606383,15.067608825548607,0.9301885829066251,0,,,,False
103,-0.7666160156249999,5,True,0.0011772915780747795,0.0010772915780747794,15.067608825548607,0.932950933502353,0,,,,False
103,-0.7666160156249999,6,False,-0.003713088758152683,-0.0038130887581526826,15.067608825548607,0.9355575807456862,0,7,"native_joint_bound,preview_reserve",right_shoulder_roll_joint,False
104,-0.7516171875,0,True,0.024814143791283882,0.024714143791283883,14.967512288655021,0.9259787093015475,0,,,,False
104,-0.7516171875,1,True,0.020975578410526108,0.02087557841052611,15.067608825548607,0.9294397705927594,0,,,,False
104,-0.7516171875,2,True,0.016026917703479082,0.015926917703479083,15.067608825548607,0.9327153624323548,0,,,,False
104,-0.7516171875,3,True,0.011081134849030061,0.010981134849030062,15.067608825548607,0.9358124150031192,0,,,,False
104,-0.7516171875,4,True,0.006146459997466991,0.006046459997466991,15.067608825548607,0.9387382869088126,0,,,,False
104,-0.7516171875,5,True,0.0012304517346501953,0.0011304517346501953,15.067608825548607,0.9415006375045405,0,,,,False
104,-0.7516171875,6,False,-0.003659979708984018,-0.003759979708984018,15.067608825548607,0.9441072847478738,0,7,"native_joint_bound,preview_reserve",right_shoulder_roll_joint,False
105,-0.736618359375,0,True,0.024567242633636965,0.024467242633636966,14.967577590967412,0.9345284133037349,0,,,,False
105,-0.736618359375,1,True,0.02102893609745715,0.020928936097457152,15.067608825548607,0.9379894745949469,0,,,,False
105,-0.736618359375,2,True,0.016080226985339507,0.015980226985339508,15.067608825548607,0.9412650664345422,0,,,,False
105,-0.736618359375,3,True,0.011134395041680012,0.011034395041680013,15.067608825548607,0.9443621190053066,0,,,,False
105,-0.736618359375,4,True,0.006199670429311688,0.0060996704293116875,15.067608825548607,0.947287990911,0,,,,False
105,-0.736618359375,5,True,0.0012836117349785958,0.0011836117349785958,15.067608825548607,0.950050341506728,0,,,,False
105,-0.736618359375,6,False,-0.003606870818169572,-0.0037068708181695717,15.067608825548607,0.9526569887500612,0,7,"native_joint_bound,preview_reserve",right_shoulder_roll_joint,False
106,-0.72161953125,0,True,0.024320241681899724,0.024220241681899724,14.967642893279805,0.9430781173059225,0,,,,False
106,-0.72161953125,1,True,0.02108229363777614,0.02098229363777614,15.067608825548607,0.9465391785971343,0,,,,False
106,-0.72161953125,2,True,0.016133536118013048,0.016033536118013048,15.067608825548607,0.9498147704367297,0,,,,False
106,-0.72161953125,3,True,0.011187655082676162,0.011087655082676163,15.067608825548607,0.9529118230074941,0,,,,False
106,-0.72161953125,4,True,0.0062528807071502435,0.006152880707150243,15.067608825548607,0.9558376949131875,0,,,,False
106,-0.72161953125,5,True,0.0013367715790688628,0.0012367715790688627,15.067608825548607,0.9586000455089154,0,,,,False
106,-0.72161953125,6,False,-0.0035537620856995744,-0.0036537620856995742,15.067608825548607,0.9612066927522487,0,7,"native_joint_bound,preview_reserve",right_shoulder_roll_joint,False
107,-0.706620703125,0,True,0.02407314226301338,0.02397314226301338,14.967708195592198,0.95162782130811,0,,,,False
107,-0.706620703125,1,True,0.021135651031492397,0.021035651031492398,15.067608825548607,0.9550888825993218,0,,,,False
107,-0.706620703125,2,True,0.016186845101507696,0.016086845101507697,15.067608825548607,0.9583644744389171,0,,,,False
107,-0.706620703125,3,True,0.011240914972026506,0.011140914972026506,15.067608825548607,0.9614615270096817,0,,,,False
107,-0.706620703125,4,True,0.006306090830990652,0.006206090830990651,15.067608825548607,0.964387398915375,0,,,,False
107,-0.706620703125,5,True,0.0013899312669289898,0.0012899312669289898,15.067608825548607,0.9671497495111029,0,,,,False
107,-0.706620703125,6,False,-0.003500653511565588,-0.0036006535115655877,15.067608825548607,0.9697563967544361,0,7,"native_joint_bound,preview_reserve",right_shoulder_roll_joint,False
108,-0.691621875,0,True,0.023825945707354634,0.023725945707354635,14.96777349790459,0.9601775253102974,0,,,,False
108,-0.691621875,1,True,0.02118900827861525,0.021089008278615252,15.067608825548607,0.9636385866015093,0,,,,False
108,-0.691621875,2,True,0.016240153935833668,0.01614015393583367,15.067608825548607,0.9669141784411046,0,,,,False
108,-0.691621875,3,True,0.011294174709740368,0.011194174709740368,15.067608825548607,0.9700112310118691,0,,,,False
108,-0.691621875,4,True,0.006359300800842238,0.006259300800842238,15.067608825548607,0.9729371029175625,0,,,,False
108,-0.691621875,5,True,0.0014430907985687469,0.0013430907985687468,15.067608825548607,0.9756994535132903,0,,,,False
108,-0.691621875,6,False,-0.0034475450957596188,-0.0035475450957596186,15.067608825548607,0.9783061007566236,0,7,"native_joint_bound,preview_reserve",right_shoulder_roll_joint,False
109,-0.6766230468750001,0,True,0.02357865334869924,0.02347865334869924,14.967838800216981,0.9687272293124849,0,,,,False
109,-0.6766230468750001,1,True,0.021242365379152695,0.021142365379152695,15.067608825548607,0.9721882906036967,0,,,,False
109,-0.6766230468750001,2,True,0.0162934626209994,0.0161934626209994,15.067608825548607,0.9754638824432921,0,,,,False
109,-0.6766230468750001,3,True,0.011347434295826186,0.011247434295826187,15.067608825548607,0.9785609350140567,0,,,,False
109,-0.6766230468750001,4,True,0.006412510616712552,0.006312510616712552,15.067608825548607,0.98148680691975,0,,,,False
109,-0.6766230468750001,5,True,0.0014962501739956835,0.0013962501739956835,15.067608825548607,0.984249157515478,0,,,,False
109,-0.6766230468750001,6,False,-0.003394436838272785,-0.003494436838272785,15.067608825548607,0.9868558047588111,0,7,"native_joint_bound,preview_reserve",right_shoulder_roll_joint,False
110,-0.6616242187500001,0,True,0.023331266524202032,0.023231266524202033,14.967904102529374,0.9772769333146724,0,,,,False
110,-0.6616242187500001,1,True,0.021295722333114053,0.021195722333114054,15.067608825548607,0.9807379946058842,0,,,,False
110,-0.6616242187500001,2,True,0.01634677115701333,0.01624677115701333,15.067608825548607,0.9840135864454795,0,,,,False
110,-0.6616242187500001,3,True,0.011400693730292843,0.011300693730292844,15.067608825548607,0.9871106390162442,0,,,,False
110,-0.6616242187500001,4,True,0.006465720278611808,0.006365720278611808,15.067608825548607,0.9900365109219375,0,,,,False
110,-0.6616242187500001,5,True,0.0015494093932195696,0.0014494093932195696,15.067608825548607,0.9927988615176655,0,,,,False
110,-0.6616242187500001,6,False,-0.0033413287390957613,-0.003441328739095761,15.067608825548607,0.9954055087609985,0,7,"native_joint_bound,preview_reserve",right_shoulder_roll_joint,False
111,-0.6466253906249999,0,True,0.023083786574360943,0.022983786574360943,14.967969404841766,0.9858266373168599,0,,,,False
111,-0.6466253906249999,1,True,0.021349079140507765,0.021249079140507766,15.067608825548607,0.9892876986080718,0,,,,False
111,-0.6466253906249999,2,True,0.016400079543883894,0.016300079543883895,15.067608825548607,0.9925632904476671,0,,,,False
111,-0.6466253906249999,3,True,0.01145395301314922,0.011353953013149221,15.067608825548607,0.9956603430184318,0,,,,False
111,-0.6466253906249999,4,True,0.006518929786548,0.006418929786548,15.067608825548607,0.9985862149241251,0,,,,False
111,-0.6466253906249999,5,True,0.0015970969128487056,0.0014970969128487055,15.067608825548607,1.0,1,,,,False
111,-0.6466253906249999,6,False,-0.0033042520104364925,-0.0034042520104364924,15.067608825548607,1.0,1,7,"native_joint_bound,preview_reserve",right_shoulder_roll_joint,False
112,-0.6316265624999999,0,True,0.022836214842990366,0.022736214842990366,14.968034707154157,0.9943763413190474,0,,,,False
112,-0.6316265624999999,1,True,0.0214024358013436,0.0213024358013436,15.067608825548607,0.9978374026102594,0,,,,False
112,-0.6316265624999999,2,True,0.016448858549933387,0.016348858549933388,15.067608825548607,1.0,1,,,,False
112,-0.6316265624999999,3,True,0.011490096556758367,0.011390096556758367,15.067608825548607,1.0,1,,,,False
112,-0.6316265624999999,4,True,0.006543157485973783,0.006443157485973783,15.067608825548607,1.0,1,,,,False
112,-0.6316265624999999,5,True,0.0016155671420650108,0.0015155671420650108,15.067608825548607,1.0,1,,,,False
112,-0.6316265624999999,6,False,-0.0032857976509674813,-0.003385797650967481,15.067608825548607,1.0,1,7,"native_joint_bound,preview_reserve",right_shoulder_roll_joint,False
113,-0.6217609238805004,0,True,0.0226733225160749,0.0225733225160749,14.968077660444223,1.0,0,,,,False
113,-0.6217609238805004,1,True,0.02142343349367426,0.02132343349367426,15.067608825548607,1.0,1,,,,False
113,-0.6217609238805004,2,True,0.016461037589610594,0.016361037589610595,15.067608825548607,1.0,1,,,,False
113,-0.6217609238805004,3,True,0.011502265785647392,0.011402265785647393,15.067608825548607,1.0,1,,,,False
113,-0.6217609238805004,4,True,0.006555316699641711,0.006455316699641711,15.067608825548607,1.0,1,,,,False
113,-0.6217609238805004,5,True,0.0016277161316491373,0.0015277161316491373,15.067608825548607,1.0,1,,,,False
113,-0.6217609238805004,6,False,-0.003273659099877868,-0.003373659099877868,15.067608825548607,1.0,1,7,"native_joint_bound,preview_reserve",right_shoulder_roll_joint,False
114,-0.616627734375,0,True,0.022594040670730564,0.022494040670730565,14.968077660444223,1.0,1,,,,False
114,-0.616627734375,1,True,0.02142977536835078,0.02132977536835078,15.067608825548607,1.0,1,,,,False
114,-0.616627734375,2,True,0.016467374464603335,0.016367374464603335,15.067608825548607,1.0,1,,,,False
114,-0.616627734375,3,True,0.011508597555989653,0.011408597555989653,15.067608825548607,1.0,1,,,,False
114,-0.616627734375,4,True,0.006561643258965688,0.006461643258965688,15.067608825548607,1.0,1,,,,False
114,-0.616627734375,5,True,0.001634037371280872,0.001534037371280872,15.067608825548607,1.0,1,,,,False
114,-0.616627734375,6,False,-0.003267343291498026,-0.003367343291498026,15.067608825548607,1.0,1,7,"native_joint_bound,preview_reserve",right_shoulder_roll_joint,False
115,-0.60162890625,0,True,0.022362337206790706,0.022262337206790706,14.968077660444223,1.0,1,,,,False
115,-0.60162890625,1,True,0.02144830589175406,0.02134830589175406,15.067608825548607,1.0,1,,,,False
115,-0.60162890625,2,True,0.01648589037927284,0.01638589037927284,15.067608825548607,1.0,1,,,,False
115,-0.60162890625,3,True,0.011527098555221382,0.011427098555221383,15.067608825548607,1.0,1,,,,False
115,-0.60162890625,4,True,0.006580129031957593,0.006480129031957593,15.067608825548607,1.0,1,,,,False
115,-0.60162890625,5,True,0.0016525076004971773,0.0015525076004971772,15.067608825548607,1.0,1,,,,False
115,-0.60162890625,6,False,-0.003248888932029015,-0.0033488889320290147,15.067608825548607,1.0,1,7,"native_joint_bound,preview_reserve",right_shoulder_roll_joint,False
116,-0.586630078125,0,True,0.02213056401603053,0.02203056401603053,14.968077660444223,1.0,1,,,,False
116,-0.586630078125,1,True,0.021466836415156898,0.0213668364151569,15.067608825548607,1.0,1,,,,False
116,-0.586630078125,2,True,0.016504406293942342,0.016404406293942343,15.067608825548607,1.0,1,,,,False
116,-0.586630078125,3,True,0.011545599554452668,0.011445599554452669,15.067608825548607,1.0,1,,,,False
116,-0.586630078125,4,True,0.006598614804949499,0.006498614804949498,15.067608825548607,1.0,1,,,,False
116,-0.586630078125,5,True,0.0016709778297130384,0.0015709778297130384,15.067608825548607,1.0,1,,,,False
116,-0.586630078125,6,False,-0.0032343539621764172,-0.003334353962176417,15.067608825548607,1.0,2,7,"native_joint_bound,preview_reserve",right_shoulder_roll_joint,False
117,-0.57163125,0,True,0.021898722145011984,0.021798722145011985,14.968077660444223,1.0,1,,,,False
117,-0.57163125,1,True,0.02148536693856018,0.02138536693856018,15.067608825548607,1.0,1,,,,False
117,-0.57163125,2,True,0.016522922208611845,0.016422922208611846,15.067608825548607,1.0,1,,,,False
117,-0.57163125,3,True,0.01155953835232948,0.01145953835232948,15.067608825548607,1.0,2,,,,False
117,-0.57163125,4,True,0.006606247354547179,0.006506247354547179,15.067608825548607,1.0,2,,,,False
117,-0.57163125,5,True,0.0016726637429460567,0.0015726637429460566,15.067608825548607,1.0,2,,,,False
117,-0.57163125,6,False,-0.0032343539621764172,-0.003334353962176417,15.067608825548607,1.0,2,7,"native_joint_bound,preview_reserve",right_shoulder_roll_joint,False
118,-0.5566324218750001,0,True,0.02166852543615594,0.02156852543615594,14.968077660444223,1.0,2,,,,False
118,-0.5566324218750001,1,True,0.021494538975819655,0.021394538975819655,15.067608825548607,1.0,2,,,,False
118,-0.5566324218750001,2,True,0.016525029148436232,0.016425029148436233,15.067608825548607,1.0,2,,,,False
118,-0.5566324218750001,3,True,0.01155953835232948,0.01145953835232948,15.067608825548607,1.0,2,,,,False
118,-0.5566324218750001,4,True,0.006606247354547179,0.006506247354547179,15.067608825548607,1.0,2,,,,False
118,-0.5566324218750001,5,True,0.0016726637429460567,0.0015726637429460566,15.067608825548607,1.0,2,,,,False
118,-0.5566324218750001,6,False,-0.0032343539621764172,-0.003334353962176417,15.067608825548607,1.0,2,7,"native_joint_bound,preview_reserve",right_shoulder_roll_joint,False
119,-0.5416335937500001,0,True,0.02145332322169713,0.02135332322169713,14.968077660444223,1.0,2,,,,False
119,-0.5416335937500001,1,True,0.021494538975819655,0.021394538975819655,15.067608825548607,1.0,2,,,,False
119,-0.5416335937500001,2,True,0.016525029148436232,0.016425029148436233,15.067608825548607,1.0,2,,,,False
119,-0.5416335937500001,3,True,0.01155953835232948,0.01145953835232948,15.067608825548607,1.0,2,,,,False
119,-0.5416335937500001,4,True,0.006606247354547179,0.006506247354547179,15.067608825548607,1.0,2,,,,False
119,-0.5416335937500001,5,True,0.0016726637429460567,0.0015726637429460566,15.067608825548607,1.0,2,,,,False
119,-0.5416335937500001,6,False,-0.0032343539621764172,-0.003334353962176417,15.067608825548607,1.0,2,7,"native_joint_bound,preview_reserve",right_shoulder_roll_joint,False
120,-0.5266347656250001,0,True,0.02123807071939554,0.02113807071939554,14.968077660444223,1.0,2,,,,False
120,-0.5266347656250001,1,True,0.021494538975819655,0.021394538975819655,15.067608825548607,1.0,2,,,,False
120,-0.5266347656250001,2,True,0.016525029148436232,0.016425029148436233,15.067608825548607,1.0,2,,,,False
120,-0.5266347656250001,3,True,0.01155953835232948,0.01145953835232948,15.067608825548607,1.0,2,,,,False
120,-0.5266347656250001,4,True,0.006606247354547179,0.006506247354547179,15.067608825548607,1.0,2,,,,False
120,-0.5266347656250001,5,True,0.0016726637429460567,0.0015726637429460566,15.067608825548607,1.0,2,,,,False
120,-0.5266347656250001,6,False,-0.0032343539621764172,-0.003334353962176417,15.067608825548607,1.0,3,7,"native_joint_bound,preview_reserve",right_shoulder_roll_joint,False
121,-0.5116359374999999,0,True,0.02102276872772535,0.02092276872772535,14.968077660444223,1.0,2,,,,False
121,-0.5116359374999999,1,True,0.021494538975819655,0.021394538975819655,15.067608825548607,1.0,2,,,,False
121,-0.5116359374999999,2,True,0.016525029148436232,0.016425029148436233,15.067608825548607,1.0,2,,,,False
121,-0.5116359374999999,3,True,0.01155953835232948,0.01145953835232948,15.067608825548607,1.0,3,,,,False
121,-0.5116359374999999,4,True,0.006606247354547179,0.006506247354547179,15.067608825548607,1.0,3,,,,False
121,-0.5116359374999999,5,True,0.0016726637429460567,0.0015726637429460566,15.067608825548607,1.0,3,,,,False
121,-0.5116359374999999,6,False,-0.0032343539621764172,-0.003334353962176417,15.067608825548607,1.0,3,7,"native_joint_bound,preview_reserve",right_shoulder_roll_joint,False
122,-0.49663710937499994,0,True,0.020809723936515923,0.020709723936515923,14.968077660444223,1.0,3,,,,False
122,-0.49663710937499994,1,True,0.021494538975819655,0.021394538975819655,15.067608825548607,1.0,3,,,,False
122,-0.49663710937499994,2,True,0.016525029148436232,0.016425029148436233,15.067608825548607,1.0,3,,,,False
122,-0.49663710937499994,3,True,0.01155953835232948,0.01145953835232948,15.067608825548607,1.0,3,,,,False
122,-0.49663710937499994,4,True,0.006606247354547179,0.006506247354547179,15.067608825548607,1.0,3,,,,False
122,-0.49663710937499994,5,True,0.0016726637429460567,0.0015726637429460566,15.067608825548607,1.0,3,,,,False
122,-0.49663710937499994,6,False,-0.0032343539621764172,-0.003334353962176417,15.067608825548607,1.0,3,7,"native_joint_bound,preview_reserve",right_shoulder_roll_joint,False
123,-0.48163828124999997,0,True,0.020611667127455213,0.020511667127455214,14.968077660444223,1.0,3,,,,False
123,-0.48163828124999997,1,True,0.021494538975819655,0.021394538975819655,15.067608825548607,1.0,3,,,,False
123,-0.48163828124999997,2,True,0.016525029148436232,0.016425029148436233,15.067608825548607,1.0,3,,,,False
123,-0.48163828124999997,3,True,0.01155953835232948,0.01145953835232948,15.067608825548607,1.0,3,,,,False
123,-0.48163828124999997,4,True,0.006606247354547179,0.006506247354547179,15.067608825548607,1.0,3,,,,False
123,-0.48163828124999997,5,True,0.0016726637429460567,0.0015726637429460566,15.067608825548607,1.0,3,,,,False
123,-0.48163828124999997,6,False,-0.0032343539621764172,-0.003334353962176417,15.067608825548607,1.0,3,7,"native_joint_bound,preview_reserve",right_shoulder_roll_joint,False
124,-0.466639453125,0,True,0.020413575787482596,0.020313575787482597,14.968077660444223,1.0,3,,,,False
124,-0.466639453125,1,True,0.021494538975819655,0.021394538975819655,15.067608825548607,1.0,3,,,,False
124,-0.466639453125,2,True,0.016525029148436232,0.016425029148436233,15.067608825548607,1.0,3,,,,False
124,-0.466639453125,3,True,0.01155953835232948,0.01145953835232948,15.067608825548607,1.0,3,,,,False
124,-0.466639453125,4,True,0.006606247354547179,0.006506247354547179,15.067608825548607,1.0,3,,,,False
124,-0.466639453125,5,True,0.0016726637429460567,0.0015726637429460566,15.067608825548607,1.0,4,,,,False
124,-0.466639453125,6,False,-0.0032343539621764172,-0.003334353962176417,15.067608825548607,1.0,4,7,"native_joint_bound,preview_reserve",right_shoulder_roll_joint,False
125,-0.451640625,0,True,0.020215450511453348,0.02011545051145335,14.968077660444223,1.0,3,,,,False
125,-0.451640625,1,True,0.021488839107845603,0.021388839107845604,15.067608825548607,1.0,3,,,,False
125,-0.451640625,2,True,0.016525029148436232,0.016425029148436233,15.067608825548607,1.0,4,,,,False
125,-0.451640625,3,True,0.01155953835232948,0.01145953835232948,15.067608825548607,1.0,4,,,,False
125,-0.451640625,4,True,0.006606247354547179,0.006506247354547179,15.067608825548607,1.0,4,,,,False
125,-0.451640625,5,True,0.0016726637429460567,0.0015726637429460566,15.067608825548607,1.0,4,,,,False
125,-0.451640625,6,False,-0.0032343539621764172,-0.003334353962176417,15.067608825548607,1.0,4,7,"native_joint_bound,preview_reserve",right_shoulder_roll_joint,False
126,-0.43664179687500004,0,True,0.020024150374270633,0.019924150374270633,14.968077660444223,1.0,4,,,,False
126,-0.43664179687500004,1,True,0.021321731293930668,0.02122173129393067,15.067608825548607,1.0,4,,,,False
126,-0.43664179687500004,2,True,0.016525029148436232,0.016425029148436233,15.067608825548607,1.0,4,,,,False
126,-0.43664179687500004,3,True,0.01155953835232948,0.01145953835232948,15.067608825548607,1.0,4,,,,False
126,-0.43664179687500004,4,True,0.006606247354547179,0.006506247354547179,15.067608825548607,1.0,4,,,,False
126,-0.43664179687500004,5,True,0.0016726637429460567,0.0015726637429460566,15.067608825548607,1.0,4,,,,False
126,-0.43664179687500004,6,False,-0.0032343539621764172,-0.003334353962176417,15.067608825548607,1.0,4,7,"native_joint_bound,preview_reserve",right_shoulder_roll_joint,False
127,-0.42164296875000007,0,True,0.019843723169611138,0.01974372316961114,14.968077660444223,1.0,4,,,,False
127,-0.42164296875000007,1,True,0.021158366021177155,0.021058366021177156,15.067608825548607,1.0,4,,,,False
127,-0.42164296875000007,2,True,0.016525029148436232,0.016425029148436233,15.067608825548607,1.0,4,,,,False
127,-0.42164296875000007,3,True,0.01155953835232948,0.01145953835232948,15.067608825548607,1.0,4,,,,False
127,-0.42164296875000007,4,True,0.006606247354547179,0.006506247354547179,15.067608825548607,1.0,4,,,,False
127,-0.42164296875000007,5,True,0.0016726637429460567,0.0015726637429460566,15.067608825548607,1.0,4,,,,False
127,-0.42164296875000007,6,False,-0.0032343539621764172,-0.003334353962176417,15.067608825548607,1.0,4,7,"native_joint_bound,preview_reserve",right_shoulder_roll_joint,False
128,-0.4066441406250001,0,True,0.019663273821338922,0.019563273821338923,14.968077660444223,1.0,4,,,,False
128,-0.4066441406250001,1,True,0.02099498042111758,0.020894980421117582,15.067608825548607,1.0,4,,,,False
128,-0.4066441406250001,2,True,0.016525029148436232,0.016425029148436233,15.067608825548607,1.0,4,,,,False
128,-0.4066441406250001,3,True,0.01155953835232948,0.01145953835232948,15.067608825548607,1.0,4,,,,False
128,-0.4066441406250001,4,True,0.006606247354547179,0.006506247354547179,15.067608825548607,1.0,5,,,,False
128,-0.4066441406250001,5,True,0.0016726637429460567,0.0015726637429460566,15.067608825548607,1.0,5,,,,False
128,-0.4066441406250001,6,False,-0.0032343539621764172,-0.003334353962176417,15.067608825548607,1.0,5,7,"native_joint_bound,preview_reserve",right_shoulder_roll_joint,False
129,-0.3916453124999999,0,True,0.019482802760408813,0.019382802760408813,14.968077660444223,1.0,4,,,,False
129,-0.3916453124999999,1,True,0.020835597817354667,0.020735597817354668,15.067608825548607,1.0,5,,,,False
129,-0.3916453124999999,2,True,0.016525029148436232,0.016425029148436233,15.067608825548607,1.0,5,,,,False
129,-0.3916453124999999,3,True,0.01155953835232948,0.01145953835232948,15.067608825548607,1.0,5,,,,False
129,-0.3916453124999999,4,True,0.006606247354547179,0.006506247354547179,15.067608825548607,1.0,5,,,,False
129,-0.3916453124999999,5,True,0.0016726637429460567,0.0015726637429460566,15.067608825548607,1.0,5,,,,False
129,-0.3916453124999999,6,False,-0.0032343539621764172,-0.003334353962176417,15.067608825548607,1.0,5,7,"native_joint_bound,preview_reserve",right_shoulder_roll_joint,False
130,-0.3766464843749999,0,True,0.019317132572228335,0.019217132572228336,14.968077660444223,1.0,5,,,,False
130,-0.3766464843749999,1,True,0.0206901488534319,0.0205901488534319,15.067608825548607,1.0,5,,,,False
130,-0.3766464843749999,2,True,0.016525029148436232,0.016425029148436233,15.067608825548607,1.0,5,,,,False
130,-0.3766464843749999,3,True,0.01155953835232948,0.01145953835232948,15.067608825548607,1.0,5,,,,False
130,-0.3766464843749999,4,True,0.006606247354547179,0.006506247354547179,15.067608825548607,1.0,5,,,,False
130,-0.3766464843749999,5,True,0.0016726637429460567,0.0015726637429460566,15.067608825548607,1.0,5,,,,False
130,-0.3766464843749999,6,False,-0.0032343539621764172,-0.003334353962176417,15.067608825548607,1.0,5,7,"native_joint_bound,preview_reserve",right_shoulder_roll_joint,False
131,-0.36164765624999995,0,True,0.01915466798896137,0.019054667988961372,14.968077660444223,1.0,5,,,,False
131,-0.36164765624999995,1,True,0.020544687555709817,0.020444687555709818,15.067608825548607,1.0,5,,,,False
131,-0.36164765624999995,2,True,0.016525029148436232,0.016425029148436233,15.067608825548607,1.0,5,,,,False
131,-0.36164765624999995,3,True,0.01155953835232948,0.01145953835232948,15.067608825548607,1.0,5,,,,False
131,-0.36164765624999995,4,True,0.006606247354547179,0.006506247354547179,15.067608825548607,1.0,5,,,,False
131,-0.36164765624999995,5,True,0.0016726637429460567,0.0015726637429460566,15.067608825548607,1.0,6,,,,False
131,-0.36164765624999995,6,False,-0.0032343539621764172,-0.003334353962176417,15.067608825548607,1.0,6,7,"native_joint_bound,preview_reserve",right_shoulder_roll_joint,False
132,-0.346648828125,0,True,0.018992190624157246,0.018892190624157246,14.968077660444223,1.0,5,,,,False
132,-0.346648828125,1,True,0.020399214121739728,0.02029921412173973,15.067608825548607,1.0,5,,,,False
132,-0.346648828125,2,True,0.016525029148436232,0.016425029148436233,15.067608825548607,1.0,6,,,,False
132,-0.346648828125,3,True,0.01155953835232948,0.01145953835232948,15.067608825548607,1.0,6,,,,False
132,-0.346648828125,4,True,0.006606247354547179,0.006506247354547179,15.067608825548607,1.0,6,,,,False
132,-0.346648828125,5,True,0.0016726637429460567,0.0015726637429460566,15.067608825548607,1.0,6,,,,False
132,-0.346648828125,6,False,-0.0032343539621764172,-0.003334353962176417,15.067608825548607,1.0,6,7,"native_joint_bound,preview_reserve",right_shoulder_roll_joint,False
133,-0.33165,0,True,0.018837073184278186,0.018737073184278186,14.968077660444223,1.0,6,,,,False
133,-0.33165,1,True,0.02026834066078731,0.02016834066078731,15.067608825548607,1.0,6,,,,False
133,-0.33165,2,True,0.016525029148436232,0.016425029148436233,15.067608825548607,1.0,6,,,,False
133,-0.33165,3,True,0.01155953835232948,0.01145953835232948,15.067608825548607,1.0,6,,,,False
133,-0.33165,4,True,0.006606247354547179,0.006506247354547179,15.067608825548607,1.0,6,,,,False
133,-0.33165,5,True,0.0016726637429460567,0.0015726637429460566,15.067608825548607,1.0,6,,,,False
133,-0.33165,6,False,-0.0032343539621764172,-0.003334353962176417,15.067608825548607,1.0,6,7,"native_joint_bound,preview_reserve",right_shoulder_roll_joint,False
134,-0.316651171875,0,True,0.018692763272774027,0.018592763272774027,14.968077660444223,1.0,6,,,,False
134,-0.316651171875,1,True,0.02014090848898986,0.020040908488989862,15.067608825548607,1.0,6,,,,False
134,-0.316651171875,2,True,0.016525029148436232,0.016425029148436233,15.067608825548607,1.0,6,,,,False
134,-0.316651171875,3,True,0.01155953835232948,0.01145953835232948,15.067608825548607,1.0,6,,,,False
134,-0.316651171875,4,True,0.006606247354547179,0.006506247354547179,15.067608825548607,1.0,6,,,,False
134,-0.316651171875,5,True,0.0016726637429460567,0.0015726637429460566,15.067608825548607,1.0,6,,,,False
134,-0.316651171875,6,False,-0.0032343539621764172,-0.003334353962176417,15.067608825548607,1.0,7,7,"native_joint_bound,preview_reserve",right_shoulder_roll_joint,False
135,-0.30165234375000005,0,True,0.018548447086918607,0.018448447086918607,14.968077660444223,1.0,6,,,,False
135,-0.30165234375000005,1,True,0.020013469858511268,0.01991346985851127,15.067608825548607,1.0,6,,,,False
135,-0.30165234375000005,2,True,0.016525029148436232,0.016425029148436233,15.067608825548607,1.0,6,,,,False
135,-0.30165234375000005,3,True,0.01155953835232948,0.01145953835232948,15.067608825548607,1.0,7,,,,False
135,-0.30165234375000005,4,True,0.006606247354547179,0.006506247354547179,15.067608825548607,1.0,7,,,,False
135,-0.30165234375000005,5,True,0.0016726637429460567,0.0015726637429460566,15.067608825548607,1.0,7,,,,False
135,-0.30165234375000005,6,False,-0.0032343539621764172,-0.003334353962176417,15.067608825548607,1.0,7,7,"native_joint_bound,preview_reserve",right_shoulder_roll_joint,False
136,-0.2866535156250001,0,True,0.018406083018546404,0.018306083018546405,14.968077660444223,1.0,7,,,,False
136,-0.2866535156250001,1,True,0.01989526505453476,0.01979526505453476,15.067608825548607,1.0,7,,,,False
136,-0.2866535156250001,2,True,0.016525029148436232,0.016425029148436233,15.067608825548607,1.0,7,,,,False
136,-0.2866535156250001,3,True,0.01155953835232948,0.01145953835232948,15.067608825548607,1.0,7,,,,False
136,-0.2866535156250001,4,True,0.006606247354547179,0.006506247354547179,15.067608825548607,1.0,7,,,,False
136,-0.2866535156250001,5,True,0.0016726637429460567,0.0015726637429460566,15.067608825548607,1.0,7,,,,False
136,-0.2866535156250001,6,False,-0.0032343539621764172,-0.003334353962176417,15.067608825548607,1.0,7,7,"native_joint_bound,preview_reserve",right_shoulder_roll_joint,False
137,-0.2716546875000001,0,True,0.0182799563201943,0.018179956320194302,14.968077660444223,1.0,7,,,,False
137,-0.2716546875000001,1,True,0.019785813028889265,0.019685813028889266,15.067608825548607,1.0,7,,,,False
137,-0.2716546875000001,2,True,0.016525029148436232,0.016425029148436233,15.067608825548607,1.0,7,,,,False
137,-0.2716546875000001,3,True,0.01155953835232948,0.01145953835232948,15.067608825548607,1.0,7,,,,False
137,-0.2716546875000001,4,True,0.006606247354547179,0.006506247354547179,15.067608825548607,1.0,7,,,,False
137,-0.2716546875000001,5,True,0.0016726637429460567,0.0015726637429460566,15.067608825548607,1.0,7,,,,False
137,-0.2716546875000001,6,False,-0.0032343539621764172,-0.003334353962176417,15.067608825548607,1.0,8,7,"native_joint_bound,preview_reserve",right_shoulder_roll_joint,False
138,-0.2566558593749999,0,True,0.01815382774716401,0.01805382774716401,14.968077660444223,1.0,7,,,,False
138,-0.2566558593749999,1,True,0.01967635833356507,0.01957635833356507,15.067608825548607,1.0,7,,,,False
138,-0.2566558593749999,2,True,0.016525029148436232,0.016425029148436233,15.067608825548607,1.0,7,,,,False
138,-0.2566558593749999,3,True,0.01155953835232948,0.01145953835232948,15.067608825548607,1.0,8,,,,False
138,-0.2566558593749999,4,True,0.006606247354547179,0.006506247354547179,15.067608825548607,1.0,8,,,,False
138,-0.2566558593749999,5,True,0.0016726637429460567,0.0015726637429460566,15.067608825548607,1.0,8,,,,False
138,-0.2566558593749999,6,False,-0.0032343539621764172,-0.003334353962176417,15.067608825548607,1.0,8,7,"native_joint_bound,preview_reserve",right_shoulder_roll_joint,False
139,-0.24165703124999993,0,True,0.018027697429401357,0.017927697429401358,14.968077660444223,1.0,7,,,,False
139,-0.24165703124999993,1,True,0.019572501224136563,0.019472501224136563,15.067608825548607,1.0,8,,,,False
139,-0.24165703124999993,2,True,0.016525029148436232,0.016425029148436233,15.067608825548607,1.0,8,,,,False
139,-0.24165703124999993,3,True,0.01155953835232948,0.01145953835232948,15.067608825548607,1.0,8,,,,False
139,-0.24165703124999993,4,True,0.006606247354547179,0.006506247354547179,15.067608825548607,1.0,8,,,,False
139,-0.24165703124999993,5,True,0.0016726637429460567,0.0015726637429460566,15.067608825548607,1.0,8,,,,False
139,-0.24165703124999993,6,False,-0.0032343539621764172,-0.003334353962176417,15.067608825548607,1.0,8,7,"native_joint_bound,preview_reserve",right_shoulder_roll_joint,False
140,-0.22665820312499996,0,True,0.017917945280913727,0.017817945280913728,14.968077660444223,1.0,8,,,,False
140,-0.22665820312499996,1,True,0.01948081076505037,0.019380810765050372,15.067608825548607,1.0,8,,,,False
140,-0.22665820312499996,2,True,0.016525029148436232,0.016425029148436233,15.067608825548607,1.0,8,,,,False
140,-0.22665820312499996,3,True,0.01155953835232948,0.01145953835232948,15.067608825548607,1.0,8,,,,False
140,-0.22665820312499996,4,True,0.006606247354547179,0.006506247354547179,15.067608825548607,1.0,8,,,,False
140,-0.22665820312499996,5,True,0.0016726637429460567,0.0015726637429460566,15.067608825548607,1.0,8,,,,False
140,-0.22665820312499996,6,False,-0.0032343539621764172,-0.003334353962176417,15.067608825548607,1.0,8,7,"native_joint_bound,preview_reserve",right_shoulder_roll_joint,False
141,-0.21165937499999998,0,True,0.01780988080198087,0.01770988080198087,14.968077660444223,1.0,8,,,,False
141,-0.21165937499999998,1,True,0.01938911989523584,0.01928911989523584,15.067608825548607,1.0,8,,,,False
141,-0.21165937499999998,2,True,0.016525029148436232,0.016425029148436233,15.067608825548607,1.0,8,,,,False
141,-0.21165937499999998,3,True,0.01155953835232948,0.01145953835232948,15.067608825548607,1.0,8,,,,False
141,-0.21165937499999998,4,True,0.006606247354547179,0.006506247354547179,15.067608825548607,1.0,9,,,,False
141,-0.21165937499999998,5,True,0.0016726637429460567,0.0015726637429460566,15.067608825548607,1.0,9,,,,False
141,-0.21165937499999998,6,False,-0.0032343539621764172,-0.003334353962176417,15.067608825548607,1.0,9,7,"native_joint_bound,preview_reserve",right_shoulder_roll_joint,False
142,-0.196660546875,0,True,0.017701817170906242,0.017601817170906243,14.968077660444223,1.0,8,,,,False
142,-0.196660546875,1,True,0.019300780825801223,0.019200780825801223,15.067608825548607,1.0,9,,,,False
142,-0.196660546875,2,True,0.016525029148436232,0.016425029148436233,15.067608825548607,1.0,9,,,,False
142,-0.196660546875,3,True,0.01155953835232948,0.01145953835232948,15.067608825548607,1.0,9,,,,False
142,-0.196660546875,4,True,0.006606247354547179,0.006506247354547179,15.067608825548607,1.0,9,,,,False
142,-0.196660546875,5,True,0.0016726637429460567,0.0015726637429460566,15.067608825548607,1.0,9,,,,False
142,-0.196660546875,6,False,-0.0032343539621764172,-0.003334353962176417,15.067608825548607,1.0,9,7,"native_joint_bound,preview_reserve",right_shoulder_roll_joint,False
143,-0.18166171875000003,0,True,0.01760764122992997,0.017507641229929972,14.968077660444223,1.0,9,,,,False
143,-0.18166171875000003,1,True,0.019226436019098347,0.019126436019098348,15.067608825548607,1.0,9,,,,False
143,-0.18166171875000003,2,True,0.016525029148436232,0.016425029148436233,15.067608825548607,1.0,9,,,,False
143,-0.18166171875000003,3,True,0.01155953835232948,0.01145953835232948,15.067608825548607,1.0,9,,,,False
143,-0.18166171875000003,4,True,0.006606247354547179,0.006506247354547179,15.067608825548607,1.0,9,,,,False
143,-0.18166171875000003,5,True,0.0016726637429460567,0.0015726637429460566,15.067608825548607,1.0,9,,,,False
143,-0.18166171875000003,6,False,-0.0032343539621764172,-0.003334353962176417,15.067608825548607,1.0,9,7,"native_joint_bound,preview_reserve",right_shoulder_roll_joint,False
144,-0.16666289062500006,0,True,0.01751735019051015,0.01741735019051015,14.968077660444223,1.0,9,,,,False
144,-0.16666289062500006,1,True,0.019152091900655144,0.019052091900655144,15.067608825548607,1.0,9,,,,False
144,-0.16666289062500006,2,True,0.016525029148436232,0.016425029148436233,15.067608825548607,1.0,9,,,,False
144,-0.16666289062500006,3,True,0.01155953835232948,0.01145953835232948,15.067608825548607,1.0,9,,,,False
144,-0.16666289062500006,4,True,0.006606247354547179,0.006506247354547179,15.067608825548607,1.0,10,,,,False
144,-0.16666289062500006,5,True,0.0016726637429460567,0.0015726637429460566,15.067608825548607,1.0,10,,,,False
144,-0.16666289062500006,6,False,-0.0032343539621764172,-0.003334353962176417,15.067608825548607,1.0,10,7,"native_joint_bound,preview_reserve",right_shoulder_roll_joint,False
145,-0.15166406250000009,0,True,0.017427061229961183,0.017327061229961183,14.968077660444223,1.0,9,,,,False
145,-0.15166406250000009,1,True,0.019079908463880635,0.018979908463880635,15.067608825548607,1.0,10,,,,False
145,-0.15166406250000009,2,True,0.016525029148436232,0.016425029148436233,15.067608825548607,1.0,10,,,,False
145,-0.15166406250000009,3,True,0.01155953835232948,0.01145953835232948,15.067608825548607,1.0,10,,,,False
145,-0.15166406250000009,4,True,0.006606247354547179,0.006506247354547179,15.067608825548607,1.0,10,,,,False
145,-0.15166406250000009,5,True,0.0016726637429460567,0.0015726637429460566,15.067608825548607,1.0,10,,,,False
145,-0.15166406250000009,6,False,-0.0032343539621764172,-0.003334353962176417,15.067608825548607,1.0,10,7,"native_joint_bound,preview_reserve",right_shoulder_roll_joint,False
146,-0.1366652343750001,0,True,0.017349114294541224,0.017249114294541224,14.968077660444223,1.0,10,,,,False
146,-0.1366652343750001,1,True,0.0190222514150844,0.018922251415084402,15.067608825548607,1.0,10,,,,False
146,-0.1366652343750001,2,True,0.016525029148436232,0.016425029148436233,15.067608825548607,1.0,10,,,,False
146,-0.1366652343750001,3,True,0.01155953835232948,0.01145953835232948,15.067608825548607,1.0,10,,,,False
146,-0.1366652343750001,4,True,0.006606247354547179,0.006506247354547179,15.067608825548607,1.0,10,,,,False
146,-0.1366652343750001,5,True,0.0016726637429460567,0.0015726637429460566,15.067608825548607,1.0,10,,,,False
146,-0.1366652343750001,6,False,-0.0032343539621764172,-0.003334353962176417,15.067608825548607,1.0,10,7,"native_joint_bound,preview_reserve",right_shoulder_roll_joint,False
147,-0.12166640625000014,0,True,0.01727611046840627,0.01717611046840627,14.968077660444223,1.0,10,,,,False
147,-0.12166640625000014,1,True,0.0189645953560329,0.0188645953560329,15.067608825548607,1.0,10,,,,False
147,-0.12166640625000014,2,True,0.016525029148436232,0.016425029148436233,15.067608825548607,1.0,10,,,,False
147,-0.12166640625000014,3,True,0.01155953835232948,0.01145953835232948,15.067608825548607,1.0,10,,,,False
147,-0.12166640625000014,4,True,0.006606247354547179,0.006506247354547179,15.067608825548607,1.0,11,,,,False
147,-0.12166640625000014,5,True,0.0016726637429460567,0.0015726637429460566,15.067608825548607,1.0,11,,,,False
147,-0.12166640625000014,6,False,-0.0032343539621764172,-0.003334353962176417,15.067608825548607,1.0,10,7,"native_joint_bound,preview_reserve",right_shoulder_roll_joint,False
148,-0.10666757812500016,0,True,0.017203108971548975,0.017103108971548975,14.968077660444223,1.0,10,,,,False
148,-0.10666757812500016,1,True,0.018908637345683488,0.01880863734568349,15.067608825548607,1.0,11,,,,False
148,-0.10666757812500016,2,True,0.016525029148436232,0.016425029148436233,15.067608825548607,1.0,11,,,,False
148,-0.10666757812500016,3,True,0.01155953835232948,0.01145953835232948,15.067608825548607,1.0,11,,,,False
148,-0.10666757812500016,4,True,0.006606247354547179,0.006506247354547179,15.067608825548607,1.0,11,,,,False
148,-0.10666757812500016,5,True,0.0016726637429460567,0.0015726637429460566,15.067608825548607,1.0,11,,,,False
148,-0.10666757812500016,6,False,-0.0032343539621764172,-0.003334353962176417,15.067608825548607,1.0,10,7,"native_joint_bound,preview_reserve",right_shoulder_roll_joint,False
149,-0.09166875000000019,0,True,0.017141511188181635,0.017041511188181636,14.968077660444223,1.0,11,,,,False
149,-0.09166875000000019,1,True,0.01886669890830861,0.01876669890830861,15.067608825548607,1.0,11,,,,False
149,-0.09166875000000019,2,True,0.016525029148436232,0.016425029148436233,15.067608825548607,1.0,11,,,,False
149,-0.09166875000000019,3,True,0.01155953835232948,0.01145953835232948,15.067608825548607,1.0,11,,,,False
149,-0.09166875000000019,4,True,0.006606247354547179,0.006506247354547179,15.067608825548607,1.0,11,,,,False
149,-0.09166875000000019,5,True,0.0016726637429460567,0.0015726637429460566,15.067608825548607,1.0,11,,,,False
149,-0.09166875000000019,6,False,-0.0032343539621764172,-0.003334353962176417,15.067608825548607,1.0,10,7,"native_joint_bound,preview_reserve",right_shoulder_roll_joint,False
150,-0.07666992187500021,0,True,0.017085068431843986,0.016985068431843987,14.968077660444223,1.0,11,,,,False
150,-0.07666992187500021,1,True,0.018824761297775883,0.018724761297775883,15.067608825548607,1.0,11,,,,False
150,-0.07666992187500021,2,True,0.016525029148436232,0.016425029148436233,15.067608825548607,1.0,11,,,,False
150,-0.07666992187500021,3,True,0.01155953835232948,0.01145953835232948,15.067608825548607,1.0,11,,,,False
150,-0.07666992187500021,4,True,0.006606247354547179,0.006506247354547179,15.067608825548607,1.0,12,,,,False
150,-0.07666992187500021,5,True,0.0016726637429460567,0.0015726637429460566,15.067608825548607,1.0,11,,,,False
150,-0.07666992187500021,6,False,-0.0032343539621764172,-0.003334353962176417,15.067608825548607,1.0,10,7,"native_joint_bound,preview_reserve",right_shoulder_roll_joint,False
151,-0.061671093749999795,0,True,0.01702862764356672,0.01692862764356672,14.968077660444223,1.0,11,,,,False
151,-0.061671093749999795,1,True,0.018784473667851742,0.018684473667851743,15.067608825548607,1.0,12,,,,False
151,-0.061671093749999795,2,True,0.016525029148436232,0.016425029148436233,15.067608825548607,1.0,12,,,,False
151,-0.061671093749999795,3,True,0.01155953835232948,0.01145953835232948,15.067608825548607,1.0,12,,,,False
151,-0.061671093749999795,4,True,0.006606247354547179,0.006506247354547179,15.067608825548607,1.0,12,,,,False
151,-0.061671093749999795,5,True,0.0016726637429460567,0.0015726637429460566,15.067608825548607,1.0,11,,,,False
151,-0.061671093749999795,6,False,-0.0032343539621764172,-0.003334353962176417,15.067608825548607,1.0,10,7,"native_joint_bound,preview_reserve",right_shoulder_roll_joint,False
152,-0.04667226562499982,0,True,0.016982925923789693,0.016882925923789694,14.968077660444223,1.0,12,,,,False
152,-0.04667226562499982,1,True,0.01875686782637187,0.01865686782637187,15.067608825548607,1.0,12,,,,False
152,-0.04667226562499982,2,True,0.016525029148436232,0.016425029148436233,15.067608825548607,1.0,12,,,,False
152,-0.04667226562499982,3,True,0.01155953835232948,0.01145953835232948,15.067608825548607,1.0,12,,,,False
152,-0.04667226562499982,4,True,0.006606247354547179,0.006506247354547179,15.067608825548607,1.0,12,,,,False
152,-0.04667226562499982,5,True,0.0016726637429460567,0.0015726637429460566,15.067608825548607,1.0,11,,,,False
152,-0.04667226562499982,6,False,-0.0032343539621764172,-0.003334353962176417,15.067608825548607,1.0,10,7,"native_joint_bound,preview_reserve",right_shoulder_roll_joint,False
153,-0.031673437499999846,0,True,0.01694201084765412,0.01684201084765412,14.968077660444223,1.0,12,,,,False
153,-0.031673437499999846,1,True,0.01872926246630513,0.01862926246630513,15.067608825548607,1.0,12,,,,False
153,-0.031673437499999846,2,True,0.016525029148436232,0.016425029148436233,15.067608825548607,1.0,12,,,,False
153,-0.031673437499999846,3,True,0.01155953835232948,0.01145953835232948,15.067608825548607,1.0,12,,,,False
153,-0.031673437499999846,4,True,0.006606247354547179,0.006506247354547179,15.067608825548607,1.0,12,,,,False
153,-0.031673437499999846,5,True,0.0016726637429460567,0.0015726637429460566,15.067608825548607,1.0,11,,,,False
153,-0.031673437499999846,6,False,-0.0032343539621764172,-0.003334353962176417,15.067608825548607,1.0,10,7,"native_joint_bound,preview_reserve",right_shoulder_roll_joint,False
154,-0.01667460937499987,0,True,0.01690109709962684,0.01680109709962684,14.968077660444223,1.0,12,,,,False
154,-0.01667460937499987,1,True,0.018703373559256775,0.018603373559256776,15.067608825548607,1.0,13,,,,False
154,-0.01667460937499987,2,True,0.016525029148436232,0.016425029148436233,15.067608825548607,1.0,13,,,,False
154,-0.01667460937499987,3,True,0.01155953835232948,0.01145953835232948,15.067608825548607,1.0,13,,,,False
154,-0.01667460937499987,4,True,0.006606247354547179,0.006506247354547179,15.067608825548607,1.0,12,,,,False
154,-0.01667460937499987,5,True,0.0016726637429460567,0.0015726637429460566,15.067608825548607,1.0,11,,,,False
154,-0.01667460937499987,6,False,-0.0032343539621764172,-0.003334353962176417,15.067608825548607,1.0,10,7,"native_joint_bound,preview_reserve",right_shoulder_roll_joint,False
155,-0.001675781249999897,0,True,0.016870199594793966,0.016770199594793967,14.968077660444223,1.0,13,,,,False
155,-0.001675781249999897,1,True,0.01868813793477564,0.01858813793477564,15.067608825548607,1.0,13,,,,False
155,-0.001675781249999897,2,True,0.016525029148436232,0.016425029148436233,15.067608825548607,1.0,13,,,,False
155,-0.001675781249999897,3,True,0.01155953835232948,0.01145953835232948,15.067608825548607,1.0,13,,,,False
155,-0.001675781249999897,4,True,0.006606247354547179,0.006506247354547179,15.067608825548607,1.0,12,,,,False
155,-0.001675781249999897,5,True,0.0016726637429460567,0.0015726637429460566,15.067608825548607,1.0,11,,,,False
155,-0.001675781249999897,6,False,-0.0032343539621764172,-0.003334353962176417,15.067608825548607,1.0,10,7,"native_joint_bound,preview_reserve",right_shoulder_roll_joint,False
156,0.013323046875000077,0,True,0.01684337071229436,0.01674337071229436,14.968077660444223,1.0,13,,,,False
156,0.013323046875000077,1,True,0.018672902474896613,0.018572902474896614,15.067608825548607,1.0,13,,,,False
156,0.013323046875000077,2,True,0.016525029148436232,0.016425029148436233,15.067608825548607,1.0,13,,,,False
156,0.013323046875000077,3,True,0.01155953835232948,0.01145953835232948,15.067608825548607,1.0,13,,,,False
156,0.013323046875000077,4,True,0.006606247354547179,0.006506247354547179,15.067608825548607,1.0,12,,,,False
156,0.013323046875000077,5,True,0.0016726637429460567,0.0015726637429460566,15.067608825548607,1.0,11,,,,False
156,0.013323046875000077,6,False,-0.0032343539621764172,-0.003334353962176417,15.067608825548607,1.0,10,7,"native_joint_bound,preview_reserve",right_shoulder_roll_joint,False
157,0.028321875000000052,0,True,0.016816542510467603,0.016716542510467603,14.968077660444223,1.0,13,,,,False
157,0.028321875000000052,1,True,0.018659282965440394,0.018559282965440394,15.067608825548607,1.0,14,,,,False
157,0.028321875000000052,2,True,0.016525029148436232,0.016425029148436233,15.067608825548607,1.0,14,,,,False
157,0.028321875000000052,3,True,0.01155953835232948,0.01145953835232948,15.067608825548607,1.0,13,,,,False
157,0.028321875000000052,4,True,0.006606247354547179,0.006506247354547179,15.067608825548607,1.0,12,,,,False
157,0.028321875000000052,5,True,0.0016726637429460567,0.0015726637429460566,15.067608825548607,1.0,11,,,,False
157,0.028321875000000052,6,False,-0.0032343539621764172,-0.003334353962176417,15.067608825548607,1.0,10,7,"native_joint_bound,preview_reserve",right_shoulder_roll_joint,False
158,0.043320703125000026,0,True,0.016798616837496283,0.016698616837496284,14.968077660444223,1.0,14,,,,False
158,0.043320703125000026,1,True,0.018653639681784462,0.018553639681784462,15.067608825548607,1.0,14,,,,False
158,0.043320703125000026,2,True,0.016525029148436232,0.016425029148436233,15.067608825548607,1.0,14,,,,False
158,0.043320703125000026,3,True,0.01155953835232948,0.01145953835232948,15.067608825548607,1.0,13,,,,False
158,0.043320703125000026,4,True,0.006606247354547179,0.006506247354547179,15.067608825548607,1.0,12,,,,False
158,0.043320703125000026,5,True,0.0016726637429460567,0.0015726637429460566,15.067608825548607,1.0,11,,,,False
158,0.043320703125000026,6,False,-0.0032343539621764172,-0.003334353962176417,15.067608825548607,1.0,10,7,"native_joint_bound,preview_reserve",right_shoulder_roll_joint,False
159,0.05831953125,0,True,0.01678387481671484,0.01668387481671484,14.968077660444223,1.0,14,,,,False
159,0.05831953125,1,True,0.018647996398128974,0.018547996398128975,15.067608825548607,1.0,14,,,,False
159,0.05831953125,2,True,0.016525029148436232,0.016425029148436233,15.067608825548607,1.0,14,,,,False
159,0.05831953125,3,True,0.01155953835232948,0.01145953835232948,15.067608825548607,1.0,13,,,,False
159,0.05831953125,4,True,0.006606247354547179,0.006506247354547179,15.067608825548607,1.0,12,,,,False
159,0.05831953125,5,True,0.0016726637429460567,0.0015726637429460566,15.067608825548607,1.0,11,,,,False
159,0.05831953125,6,False,-0.0032343539621764172,-0.003334353962176417,15.067608825548607,1.0,10,7,"native_joint_bound,preview_reserve",right_shoulder_roll_joint,False
160,0.07331835937499998,0,True,0.016769133007337622,0.016669133007337623,14.968077660444223,1.0,14,,,,False
160,0.07331835937499998,1,True,0.018643454097676315,0.018543454097676316,15.067608825548607,1.0,15,,,,False
160,0.07331835937499998,2,True,0.016525029148436232,0.016425029148436233,15.067608825548607,1.0,14,,,,False
160,0.07331835937499998,3,True,0.01155953835232948,0.01145953835232948,15.067608825548607,1.0,13,,,,False
160,0.07331835937499998,4,True,0.006606247354547179,0.006506247354547179,15.067608825548607,1.0,12,,,,False
160,0.07331835937499998,5,True,0.0016726637429460567,0.0015726637429460566,15.067608825548607,1.0,11,,,,False
160,0.07331835937499998,6,False,-0.0032343539621764172,-0.003334353962176417,15.067608825548607,1.0,10,7,"native_joint_bound,preview_reserve",right_shoulder_roll_joint,False
161,0.08831718749999995,0,True,0.016761456419189358,0.01666145641918936,14.968077660444223,1.0,15,,,,False
161,0.08831718749999995,1,True,0.018643454097676315,0.018543454097676316,15.067608825548607,1.0,15,,,,False
161,0.08831718749999995,2,True,0.016525029148436232,0.016425029148436233,15.067608825548607,1.0,14,,,,False
161,0.08831718749999995,3,True,0.01155953835232948,0.01145953835232948,15.067608825548607,1.0,13,,,,False
161,0.08831718749999995,4,True,0.006606247354547179,0.006506247354547179,15.067608825548607,1.0,12,,,,False
161,0.08831718749999995,5,True,0.0016726637429460567,0.0015726637429460566,15.067608825548607,1.0,11,,,,False
161,0.08831718749999995,6,False,-0.0032343539621764172,-0.003334353962176417,15.067608825548607,1.0,10,7,"native_joint_bound,preview_reserve",right_shoulder_roll_joint,False
162,0.10331601562499992,0,True,0.01675602364945572,0.01665602364945572,14.968077660444223,1.0,15,,,,False
162,0.10331601562499992,1,True,0.018643454097676315,0.018543454097676316,15.067608825548607,1.0,15,,,,False
162,0.10331601562499992,2,True,0.016525029148436232,0.016425029148436233,15.067608825548607,1.0,14,,,,False
162,0.10331601562499992,3,True,0.01155953835232948,0.01145953835232948,15.067608825548607,1.0,13,,,,False
162,0.10331601562499992,4,True,0.006606247354547179,0.006506247354547179,15.067608825548607,1.0,12,,,,False
162,0.10331601562499992,5,True,0.0016726637429460567,0.0015726637429460566,15.067608825548607,1.0,11,,,,False
162,0.10331601562499992,6,False,-0.0032343539621764172,-0.003334353962176417,15.067608825548607,1.0,10,7,"native_joint_bound,preview_reserve",right_shoulder_roll_joint,False
163,0.1183148437499999,0,True,0.01675059087972164,0.01665059087972164,14.968077660444223,1.0,15,,,,False
163,0.1183148437499999,1,True,0.018643454097676315,0.018543454097676316,15.067608825548607,1.0,15,,,,False
163,0.1183148437499999,2,True,0.016525029148436232,0.016425029148436233,15.067608825548607,1.0,14,,,,False
163,0.1183148437499999,3,True,0.01155953835232948,0.01145953835232948,15.067608825548607,1.0,13,,,,False
163,0.1183148437499999,4,True,0.006606247354547179,0.006506247354547179,15.067608825548607,1.0,12,,,,False
163,0.1183148437499999,5,True,0.0016726637429460567,0.0015726637429460566,15.067608825548607,1.0,11,,,,False
163,0.1183148437499999,6,False,-0.0032343539621764172,-0.003334353962176417,15.067608825548607,1.0,10,7,"native_joint_bound,preview_reserve",right_shoulder_roll_joint,False
164,0.13331367187499987,0,True,0.016749343187839827,0.016649343187839828,14.968077660444223,1.0,16,,,,False
164,0.13331367187499987,1,True,0.018643454097676315,0.018543454097676316,15.067608825548607,1.0,15,,,,False
164,0.13331367187499987,2,True,0.016525029148436232,0.016425029148436233,15.067608825548607,1.0,14,,,,False
164,0.13331367187499987,3,True,0.01155953835232948,0.01145953835232948,15.067608825548607,1.0,13,,,,False
164,0.13331367187499987,4,True,0.006606247354547179,0.006506247354547179,15.067608825548607,1.0,12,,,,False
164,0.13331367187499987,5,True,0.0016726637429460567,0.0015726637429460566,15.067608825548607,1.0,11,,,,False
164,0.13331367187499987,6,False,-0.0032343539621764172,-0.003334353962176417,15.067608825548607,1.0,10,7,"native_joint_bound,preview_reserve",right_shoulder_roll_joint,False
165,0.14831249999999985,0,True,0.016749343187839827,0.016649343187839828,14.968077660444223,1.0,16,,,,False
165,0.14831249999999985,1,True,0.018643454097676315,0.018543454097676316,15.067608825548607,1.0,15,,,,False
165,0.14831249999999985,2,True,0.016525029148436232,0.016425029148436233,15.067608825548607,1.0,14,,,,False
165,0.14831249999999985,3,True,0.01155953835232948,0.01145953835232948,15.067608825548607,1.0,13,,,,False
165,0.14831249999999985,4,True,0.006606247354547179,0.006506247354547179,15.067608825548607,1.0,12,,,,False
165,0.14831249999999985,5,True,0.0016726637429460567,0.0015726637429460566,15.067608825548607,1.0,11,,,,False
165,0.14831249999999985,6,False,-0.0032343539621764172,-0.003334353962176417,15.067608825548607,1.0,10,7,"native_joint_bound,preview_reserve",right_shoulder_roll_joint,False
166,0.16331132812499982,0,True,0.016749343187839827,0.016649343187839828,14.968077660444223,1.0,16,,,,False
166,0.16331132812499982,1,True,0.018643454097676315,0.018543454097676316,15.067608825548607,1.0,15,,,,False
166,0.16331132812499982,2,True,0.016525029148436232,0.016425029148436233,15.067608825548607,1.0,14,,,,False
166,0.16331132812499982,3,True,0.01155953835232948,0.01145953835232948,15.067608825548607,1.0,13,,,,False
166,0.16331132812499982,4,True,0.006606247354547179,0.006506247354547179,15.067608825548607,1.0,12,,,,False
166,0.16331132812499982,5,True,0.0016726637429460567,0.0015726637429460566,15.067608825548607,1.0,11,,,,False
166,0.16331132812499982,6,False,-0.0032343539621764172,-0.003334353962176417,15.067608825548607,1.0,10,7,"native_joint_bound,preview_reserve",right_shoulder_roll_joint,False
167,0.1783101562499998,0,True,0.016749343187839827,0.016649343187839828,14.968077660444223,1.0,16,,,,False
167,0.1783101562499998,1,True,0.018643454097676315,0.018543454097676316,15.067608825548607,1.0,15,,,,False
167,0.1783101562499998,2,True,0.016525029148436232,0.016425029148436233,15.067608825548607,1.0,14,,,,False
167,0.1783101562499998,3,True,0.01155953835232948,0.01145953835232948,15.067608825548607,1.0,13,,,,False
167,0.1783101562499998,4,True,0.006606247354547179,0.006506247354547179,15.067608825548607,1.0,12,,,,False
167,0.1783101562499998,5,True,0.0016726637429460567,0.0015726637429460566,15.067608825548607,1.0,11,,,,False
167,0.1783101562499998,6,False,-0.0032343539621764172,-0.003334353962176417,15.067608825548607,1.0,10,7,"native_joint_bound,preview_reserve",right_shoulder_roll_joint,False
168,0.19330898437500021,0,True,0.016749343187839827,0.016649343187839828,14.968077660444223,1.0,16,,,,False
168,0.19330898437500021,1,True,0.018643454097676315,0.018543454097676316,15.067608825548607,1.0,15,,,,False
168,0.19330898437500021,2,True,0.016525029148436232,0.016425029148436233,15.067608825548607,1.0,14,,,,False
168,0.19330898437500021,3,True,0.01155953835232948,0.01145953835232948,15.067608825548607,1.0,13,,,,False
168,0.19330898437500021,4,True,0.006606247354547179,0.006506247354547179,15.067608825548607,1.0,12,,,,False
168,0.19330898437500021,5,True,0.0016726637429460567,0.0015726637429460566,15.067608825548607,1.0,11,,,,False
168,0.19330898437500021,6,False,-0.0032343539621764172,-0.003334353962176417,15.067608825548607,1.0,10,7,"native_joint_bound,preview_reserve",right_shoulder_roll_joint,False
169,0.2083078125000002,0,True,0.016749343187839827,0.016649343187839828,14.968077660444223,1.0,16,,,,False
169,0.2083078125000002,1,True,0.018643454097676315,0.018543454097676316,15.067608825548607,1.0,15,,,,False
169,0.2083078125000002,2,True,0.016525029148436232,0.016425029148436233,15.067608825548607,1.0,14,,,,False
169,0.2083078125000002,3,True,0.01155953835232948,0.01145953835232948,15.067608825548607,1.0,13,,,,False
169,0.2083078125000002,4,True,0.006606247354547179,0.006506247354547179,15.067608825548607,1.0,12,,,,False
169,0.2083078125000002,5,True,0.0016726637429460567,0.0015726637429460566,15.067608825548607,1.0,11,,,,False
169,0.2083078125000002,6,False,-0.0032343539621764172,-0.003334353962176417,15.067608825548607,1.0,10,7,"native_joint_bound,preview_reserve",right_shoulder_roll_joint,False
170,0.22330664062500016,0,True,0.016749343187839827,0.016649343187839828,14.968077660444223,1.0,16,,,,False
170,0.22330664062500016,1,True,0.018643454097676315,0.018543454097676316,15.067608825548607,1.0,15,,,,False
170,0.22330664062500016,2,True,0.016525029148436232,0.016425029148436233,15.067608825548607,1.0,14,,,,False
170,0.22330664062500016,3,True,0.01155953835232948,0.01145953835232948,15.067608825548607,1.0,13,,,,False
170,0.22330664062500016,4,True,0.006606247354547179,0.006506247354547179,15.067608825548607,1.0,12,,,,False
170,0.22330664062500016,5,True,0.0016726637429460567,0.0015726637429460566,15.067608825548607,1.0,11,,,,False
170,0.22330664062500016,6,False,-0.0032343539621764172,-0.003334353962176417,15.067608825548607,1.0,10,7,"native_joint_bound,preview_reserve",right_shoulder_roll_joint,False
171,0.23830546875000014,0,True,0.016749343187839827,0.016649343187839828,14.968077660444223,1.0,16,,,,False
171,0.23830546875000014,1,True,0.018643454097676315,0.018543454097676316,15.067608825548607,1.0,15,,,,False
171,0.23830546875000014,2,True,0.016525029148436232,0.016425029148436233,15.067608825548607,1.0,14,,,,False
171,0.23830546875000014,3,True,0.01155953835232948,0.01145953835232948,15.067608825548607,1.0,13,,,,False
171,0.23830546875000014,4,True,0.006606247354547179,0.006506247354547179,15.067608825548607,1.0,12,,,,False
171,0.23830546875000014,5,True,0.0016726637429460567,0.0015726637429460566,15.067608825548607,1.0,11,,,,False
171,0.23830546875000014,6,False,-0.0032343539621764172,-0.003334353962176417,15.067608825548607,1.0,10,7,"native_joint_bound,preview_reserve",right_shoulder_roll_joint,False
172,0.2533042968750001,0,True,0.016749343187839827,0.016649343187839828,14.968077660444223,1.0,16,,,,False
172,0.2533042968750001,1,True,0.018643454097676315,0.018543454097676316,15.067608825548607,1.0,15,,,,False
172,0.2533042968750001,2,True,0.016525029148436232,0.016425029148436233,15.067608825548607,1.0,14,,,,False
172,0.2533042968750001,3,True,0.01155953835232948,0.01145953835232948,15.067608825548607,1.0,13,,,,False
172,0.2533042968750001,4,True,0.006606247354547179,0.006506247354547179,15.067608825548607,1.0,12,,,,False
172,0.2533042968750001,5,True,0.0016726637429460567,0.0015726637429460566,15.067608825548607,1.0,11,,,,False
172,0.2533042968750001,6,False,-0.0032343539621764172,-0.003334353962176417,15.067608825548607,1.0,10,7,"native_joint_bound,preview_reserve",right_shoulder_roll_joint,False
173,0.2683031250000001,0,True,0.016749343187839827,0.016649343187839828,14.968077660444223,1.0,16,,,,False
173,0.2683031250000001,1,True,0.018643454097676315,0.018543454097676316,15.067608825548607,1.0,15,,,,False
173,0.2683031250000001,2,True,0.016525029148436232,0.016425029148436233,15.067608825548607,1.0,14,,,,False
173,0.2683031250000001,3,True,0.01155953835232948,0.01145953835232948,15.067608825548607,1.0,13,,,,False
173,0.2683031250000001,4,True,0.006606247354547179,0.006506247354547179,15.067608825548607,1.0,12,,,,False
173,0.2683031250000001,5,True,0.0016726637429460567,0.0015726637429460566,15.067608825548607,1.0,11,,,,False
173,0.2683031250000001,6,False,-0.0032343539621764172,-0.003334353962176417,15.067608825548607,1.0,10,7,"native_joint_bound,preview_reserve",right_shoulder_roll_joint,False
174,0.28330195312500006,0,True,0.016749343187839827,0.016649343187839828,14.968077660444223,1.0,16,,,,False
174,0.28330195312500006,1,True,0.018643454097676315,0.018543454097676316,15.067608825548607,1.0,15,,,,False
174,0.28330195312500006,2,True,0.016525029148436232,0.016425029148436233,15.067608825548607,1.0,14,,,,False
174,0.28330195312500006,3,True,0.01155953835232948,0.01145953835232948,15.067608825548607,1.0,13,,,,False
174,0.28330195312500006,4,True,0.006606247354547179,0.006506247354547179,15.067608825548607,1.0,12,,,,False
174,0.28330195312500006,5,True,0.0016726637429460567,0.0015726637429460566,15.067608825548607,1.0,11,,,,False
174,0.28330195312500006,6,False,-0.0032343539621764172,-0.003334353962176417,15.067608825548607,1.0,10,7,"native_joint_bound,preview_reserve",right_shoulder_roll_joint,False
175,0.29830078125000004,0,True,0.016749343187839827,0.016649343187839828,14.968077660444223,1.0,16,,,,False
175,0.29830078125000004,1,True,0.018643454097676315,0.018543454097676316,15.067608825548607,1.0,15,,,,False
175,0.29830078125000004,2,True,0.016525029148436232,0.016425029148436233,15.067608825548607,1.0,14,,,,False
175,0.29830078125000004,3,True,0.01155953835232948,0.01145953835232948,15.067608825548607,1.0,13,,,,False
175,0.29830078125000004,4,True,0.006606247354547179,0.006506247354547179,15.067608825548607,1.0,12,,,,False
175,0.29830078125000004,5,True,0.0016726637429460567,0.0015726637429460566,15.067608825548607,1.0,11,,,,False
175,0.29830078125000004,6,False,-0.0032343539621764172,-0.003334353962176417,15.067608825548607,1.0,10,7,"native_joint_bound,preview_reserve",right_shoulder_roll_joint,False
176,0.313299609375,0,True,0.016749343187839827,0.016649343187839828,14.968077660444223,1.0,16,,,,False
176,0.313299609375,1,True,0.018643454097676315,0.018543454097676316,15.067608825548607,1.0,15,,,,False
176,0.313299609375,2,True,0.016525029148436232,0.016425029148436233,15.067608825548607,1.0,14,,,,False
176,0.313299609375,3,True,0.01155953835232948,0.01145953835232948,15.067608825548607,1.0,13,,,,False
176,0.313299609375,4,True,0.006606247354547179,0.006506247354547179,15.067608825548607,1.0,12,,,,False
176,0.313299609375,5,True,0.0016726637429460567,0.0015726637429460566,15.067608825548607,1.0,11,,,,False
176,0.313299609375,6,False,-0.0032343539621764172,-0.003334353962176417,15.067608825548607,1.0,10,7,"native_joint_bound,preview_reserve",right_shoulder_roll_joint,False
177,0.3282984375,0,True,0.016749343187839827,0.016649343187839828,14.968077660444223,1.0,16,,,,False
177,0.3282984375,1,True,0.018643454097676315,0.018543454097676316,15.067608825548607,1.0,15,,,,False
177,0.3282984375,2,True,0.016525029148436232,0.016425029148436233,15.067608825548607,1.0,14,,,,False
177,0.3282984375,3,True,0.01155953835232948,0.01145953835232948,15.067608825548607,1.0,13,,,,False
177,0.3282984375,4,True,0.006606247354547179,0.006506247354547179,15.067608825548607,1.0,12,,,,False
177,0.3282984375,5,True,0.0016726637429460567,0.0015726637429460566,15.067608825548607,1.0,11,,,,False
177,0.3282984375,6,False,-0.0032343539621764172,-0.003334353962176417,15.067608825548607,1.0,10,7,"native_joint_bound,preview_reserve",right_shoulder_roll_joint,False
178,0.34329726562499996,0,True,0.016749343187839827,0.016649343187839828,14.968077660444223,1.0,16,,,,False
178,0.34329726562499996,1,True,0.018643454097676315,0.018543454097676316,15.067608825548607,1.0,15,,,,False
178,0.34329726562499996,2,True,0.016525029148436232,0.016425029148436233,15.067608825548607,1.0,14,,,,False
178,0.34329726562499996,3,True,0.01155953835232948,0.01145953835232948,15.067608825548607,1.0,13,,,,False
178,0.34329726562499996,4,True,0.006606247354547179,0.006506247354547179,15.067608825548607,1.0,12,,,,False
178,0.34329726562499996,5,True,0.0016726637429460567,0.0015726637429460566,15.067608825548607,1.0,11,,,,False
178,0.34329726562499996,6,False,-0.0032343539621764172,-0.003334353962176417,15.067608825548607,1.0,10,7,"native_joint_bound,preview_reserve",right_shoulder_roll_joint,False
179,0.35829609374999993,0,True,0.016749343187839827,0.016649343187839828,14.968077660444223,1.0,16,,,,False
179,0.35829609374999993,1,True,0.018643454097676315,0.018543454097676316,15.067608825548607,1.0,15,,,,False
179,0.35829609374999993,2,True,0.016525029148436232,0.016425029148436233,15.067608825548607,1.0,14,,,,False
179,0.35829609374999993,3,True,0.01155953835232948,0.01145953835232948,15.067608825548607,1.0,13,,,,False
179,0.35829609374999993,4,True,0.006606247354547179,0.006506247354547179,15.067608825548607,1.0,12,,,,False
179,0.35829609374999993,5,True,0.0016726637429460567,0.0015726637429460566,15.067608825548607,1.0,11,,,,False
179,0.35829609374999993,6,False,-0.0032343539621764172,-0.003334353962176417,15.067608825548607,1.0,10,7,"native_joint_bound,preview_reserve",right_shoulder_roll_joint,False
180,0.3732949218749999,0,True,0.016749343187839827,0.016649343187839828,14.968077660444223,1.0,16,,,,False
180,0.3732949218749999,1,True,0.018643454097676315,0.018543454097676316,15.067608825548607,1.0,15,,,,False
180,0.3732949218749999,2,True,0.016525029148436232,0.016425029148436233,15.067608825548607,1.0,14,,,,False
180,0.3732949218749999,3,True,0.01155953835232948,0.01145953835232948,15.067608825548607,1.0,13,,,,False
180,0.3732949218749999,4,True,0.006606247354547179,0.006506247354547179,15.067608825548607,1.0,12,,,,False
180,0.3732949218749999,5,True,0.0016726637429460567,0.0015726637429460566,15.067608825548607,1.0,11,,,,False
180,0.3732949218749999,6,False,-0.0032343539621764172,-0.003334353962176417,15.067608825548607,1.0,10,7,"native_joint_bound,preview_reserve",right_shoulder_roll_joint,False
181,0.3882937499999999,0,True,0.016749343187839827,0.016649343187839828,14.968077660444223,1.0,16,,,,False
181,0.3882937499999999,1,True,0.018643454097676315,0.018543454097676316,15.067608825548607,1.0,15,,,,False
181,0.3882937499999999,2,True,0.016525029148436232,0.016425029148436233,15.067608825548607,1.0,14,,,,False
181,0.3882937499999999,3,True,0.01155953835232948,0.01145953835232948,15.067608825548607,1.0,13,,,,False
181,0.3882937499999999,4,True,0.006606247354547179,0.006506247354547179,15.067608825548607,1.0,12,,,,False
181,0.3882937499999999,5,True,0.0016726637429460567,0.0015726637429460566,15.067608825548607,1.0,11,,,,False
181,0.3882937499999999,6,False,-0.0032343539621764172,-0.003334353962176417,15.067608825548607,1.0,10,7,"native_joint_bound,preview_reserve",right_shoulder_roll_joint,False
182,0.40329257812499986,0,True,0.016749343187839827,0.016649343187839828,14.968077660444223,1.0,16,,,,False
182,0.40329257812499986,1,True,0.018643454097676315,0.018543454097676316,15.067608825548607,1.0,15,,,,False
182,0.40329257812499986,2,True,0.016525029148436232,0.016425029148436233,15.067608825548607,1.0,14,,,,False
182,0.40329257812499986,3,True,0.01155953835232948,0.01145953835232948,15.067608825548607,1.0,13,,,,False
182,0.40329257812499986,4,True,0.006606247354547179,0.006506247354547179,15.067608825548607,1.0,12,,,,False
182,0.40329257812499986,5,True,0.0016726637429460567,0.0015726637429460566,15.067608825548607,1.0,11,,,,False
182,0.40329257812499986,6,False,-0.0032343539621764172,-0.003334353962176417,15.067608825548607,1.0,10,7,"native_joint_bound,preview_reserve",right_shoulder_roll_joint,False
183,0.41829140624999983,0,True,0.016749343187839827,0.016649343187839828,14.968077660444223,1.0,16,,,,False
183,0.41829140624999983,1,True,0.018643454097676315,0.018543454097676316,15.067608825548607,1.0,15,,,,False
183,0.41829140624999983,2,True,0.016525029148436232,0.016425029148436233,15.067608825548607,1.0,14,,,,False
183,0.41829140624999983,3,True,0.01155953835232948,0.01145953835232948,15.067608825548607,1.0,13,,,,False
183,0.41829140624999983,4,True,0.006606247354547179,0.006506247354547179,15.067608825548607,1.0,12,,,,False
183,0.41829140624999983,5,True,0.0016726637429460567,0.0015726637429460566,15.067608825548607,1.0,11,,,,False
183,0.41829140624999983,6,False,-0.0032343539621764172,-0.003334353962176417,15.067608825548607,1.0,10,7,"native_joint_bound,preview_reserve",right_shoulder_roll_joint,False
184,0.4332902343749998,0,True,0.016749343187839827,0.016649343187839828,14.968077660444223,1.0,16,,,,False
184,0.4332902343749998,1,True,0.018643454097676315,0.018543454097676316,15.067608825548607,1.0,15,,,,False
184,0.4332902343749998,2,True,0.016525029148436232,0.016425029148436233,15.067608825548607,1.0,14,,,,False
184,0.4332902343749998,3,True,0.01155953835232948,0.01145953835232948,15.067608825548607,1.0,13,,,,False
184,0.4332902343749998,4,True,0.006606247354547179,0.006506247354547179,15.067608825548607,1.0,12,,,,False
184,0.4332902343749998,5,True,0.0016726637429460567,0.0015726637429460566,15.067608825548607,1.0,11,,,,False
184,0.4332902343749998,6,False,-0.0032343539621764172,-0.003334353962176417,15.067608825548607,1.0,10,7,"native_joint_bound,preview_reserve",right_shoulder_roll_joint,False
185,0.4482890625000002,0,True,0.016749343187839827,0.016649343187839828,14.968077660444223,1.0,16,,,,False
185,0.4482890625000002,1,True,0.018643454097676315,0.018543454097676316,15.067608825548607,1.0,15,,,,False
185,0.4482890625000002,2,True,0.016525029148436232,0.016425029148436233,15.067608825548607,1.0,14,,,,False
185,0.4482890625000002,3,True,0.01155953835232948,0.01145953835232948,15.067608825548607,1.0,13,,,,False
185,0.4482890625000002,4,True,0.006606247354547179,0.006506247354547179,15.067608825548607,1.0,12,,,,False
185,0.4482890625000002,5,True,0.0016726637429460567,0.0015726637429460566,15.067608825548607,1.0,11,,,,False
185,0.4482890625000002,6,False,-0.0032343539621764172,-0.003334353962176417,15.067608825548607,1.0,10,7,"native_joint_bound,preview_reserve",right_shoulder_roll_joint,False
186,0.4632878906250002,0,True,0.016749343187839827,0.016649343187839828,14.968077660444223,1.0,16,,,,False
186,0.4632878906250002,1,True,0.018643454097676315,0.018543454097676316,15.067608825548607,1.0,15,,,,False
186,0.4632878906250002,2,True,0.016525029148436232,0.016425029148436233,15.067608825548607,1.0,14,,,,False
186,0.4632878906250002,3,True,0.01155953835232948,0.01145953835232948,15.067608825548607,1.0,13,,,,False
186,0.4632878906250002,4,True,0.006606247354547179,0.006506247354547179,15.067608825548607,1.0,12,,,,False
186,0.4632878906250002,5,True,0.0016726637429460567,0.0015726637429460566,15.067608825548607,1.0,11,,,,False
186,0.4632878906250002,6,False,-0.0032343539621764172,-0.003334353962176417,15.067608825548607,1.0,10,7,"native_joint_bound,preview_reserve",right_shoulder_roll_joint,False
187,0.4782867187500002,0,True,0.016749343187839827,0.016649343187839828,14.968077660444223,1.0,16,,,,False
187,0.4782867187500002,1,True,0.018643454097676315,0.018543454097676316,15.067608825548607,1.0,15,,,,False
187,0.4782867187500002,2,True,0.016525029148436232,0.016425029148436233,15.067608825548607,1.0,14,,,,False
187,0.4782867187500002,3,True,0.01155953835232948,0.01145953835232948,15.067608825548607,1.0,13,,,,False
187,0.4782867187500002,4,True,0.006606247354547179,0.006506247354547179,15.067608825548607,1.0,12,,,,False
187,0.4782867187500002,5,True,0.0016726637429460567,0.0015726637429460566,15.067608825548607,1.0,11,,,,False
187,0.4782867187500002,6,False,-0.0032343539621764172,-0.003334353962176417,15.067608825548607,1.0,10,7,"native_joint_bound,preview_reserve",right_shoulder_roll_joint,False
188,0.49328554687500015,0,True,0.016749343187839827,0.016649343187839828,14.968077660444223,1.0,16,,,,False
188,0.49328554687500015,1,True,0.018643454097676315,0.018543454097676316,15.067608825548607,1.0,15,,,,False
188,0.49328554687500015,2,True,0.016525029148436232,0.016425029148436233,15.067608825548607,1.0,14,,,,False
188,0.49328554687500015,3,True,0.01155953835232948,0.01145953835232948,15.067608825548607,1.0,13,,,,False
188,0.49328554687500015,4,True,0.006606247354547179,0.006506247354547179,15.067608825548607,1.0,12,,,,False
188,0.49328554687500015,5,True,0.0016726637429460567,0.0015726637429460566,15.067608825548607,1.0,11,,,,False
188,0.49328554687500015,6,False,-0.0032343539621764172,-0.003334353962176417,15.067608825548607,1.0,10,7,"native_joint_bound,preview_reserve",right_shoulder_roll_joint,False
189,0.5082843750000001,0,True,0.016749343187839827,0.016649343187839828,14.968077660444223,1.0,16,,,,False
189,0.5082843750000001,1,True,0.018643454097676315,0.018543454097676316,15.067608825548607,1.0,15,,,,False
189,0.5082843750000001,2,True,0.016525029148436232,0.016425029148436233,15.067608825548607,1.0,14,,,,False
189,0.5082843750000001,3,True,0.01155953835232948,0.01145953835232948,15.067608825548607,1.0,13,,,,False
189,0.5082843750000001,4,True,0.006606247354547179,0.006506247354547179,15.067608825548607,1.0,12,,,,False
189,0.5082843750000001,5,True,0.0016726637429460567,0.0015726637429460566,15.067608825548607,1.0,11,,,,False
189,0.5082843750000001,6,False,-0.0032343539621764172,-0.003334353962176417,15.067608825548607,1.0,10,7,"native_joint_bound,preview_reserve",right_shoulder_roll_joint,False
190,0.5232832031250001,0,True,0.016749343187839827,0.016649343187839828,14.968077660444223,1.0,16,,,,False
190,0.5232832031250001,1,True,0.018643454097676315,0.018543454097676316,15.067608825548607,1.0,15,,,,False
190,0.5232832031250001,2,True,0.016525029148436232,0.016425029148436233,15.067608825548607,1.0,14,,,,False
190,0.5232832031250001,3,True,0.01155953835232948,0.01145953835232948,15.067608825548607,1.0,13,,,,False
190,0.5232832031250001,4,True,0.006606247354547179,0.006506247354547179,15.067608825548607,1.0,12,,,,False
190,0.5232832031250001,5,True,0.0016726637429460567,0.0015726637429460566,15.067608825548607,1.0,11,,,,False
190,0.5232832031250001,6,False,-0.0032343539621764172,-0.003334353962176417,15.067608825548607,1.0,10,7,"native_joint_bound,preview_reserve",right_shoulder_roll_joint,False
191,0.5382820312500001,0,True,0.016749343187839827,0.016649343187839828,14.968077660444223,1.0,16,,,,False
191,0.5382820312500001,1,True,0.018643454097676315,0.018543454097676316,15.067608825548607,1.0,15,,,,False
191,0.5382820312500001,2,True,0.016525029148436232,0.016425029148436233,15.067608825548607,1.0,14,,,,False
191,0.5382820312500001,3,True,0.01155953835232948,0.01145953835232948,15.067608825548607,1.0,13,,,,False
191,0.5382820312500001,4,True,0.006606247354547179,0.006506247354547179,15.067608825548607,1.0,12,,,,False
191,0.5382820312500001,5,True,0.0016726637429460567,0.0015726637429460566,15.067608825548607,1.0,11,,,,False
191,0.5382820312500001,6,False,-0.0032343539621764172,-0.003334353962176417,15.067608825548607,1.0,10,7,"native_joint_bound,preview_reserve",right_shoulder_roll_joint,False
192,0.553280859375,0,True,0.016749343187839827,0.016649343187839828,14.968077660444223,1.0,16,,,,False
192,0.553280859375,1,True,0.018643454097676315,0.018543454097676316,15.067608825548607,1.0,15,,,,False
192,0.553280859375,2,True,0.016525029148436232,0.016425029148436233,15.067608825548607,1.0,14,,,,False
192,0.553280859375,3,True,0.01155953835232948,0.01145953835232948,15.067608825548607,1.0,13,,,,False
192,0.553280859375,4,True,0.006606247354547179,0.006506247354547179,15.067608825548607,1.0,12,,,,False
192,0.553280859375,5,True,0.0016726637429460567,0.0015726637429460566,15.067608825548607,1.0,11,,,,False
192,0.553280859375,6,False,-0.0032343539621764172,-0.003334353962176417,15.067608825548607,1.0,10,7,"native_joint_bound,preview_reserve",right_shoulder_roll_joint,False
193,0.5682796875,0,True,0.016749343187839827,0.016649343187839828,14.968077660444223,1.0,16,,,,False
193,0.5682796875,1,True,0.018643454097676315,0.018543454097676316,15.067608825548607,1.0,15,,,,False
193,0.5682796875,2,True,0.016525029148436232,0.016425029148436233,15.067608825548607,1.0,14,,,,False
193,0.5682796875,3,True,0.01155953835232948,0.01145953835232948,15.067608825548607,1.0,13,,,,False
193,0.5682796875,4,True,0.006606247354547179,0.006506247354547179,15.067608825548607,1.0,12,,,,False
193,0.5682796875,5,True,0.0016726637429460567,0.0015726637429460566,15.067608825548607,1.0,11,,,,False
193,0.5682796875,6,False,-0.0032343539621764172,-0.003334353962176417,15.067608825548607,1.0,10,7,"native_joint_bound,preview_reserve",right_shoulder_roll_joint,False
194,0.583278515625,0,True,0.016749343187839827,0.016649343187839828,14.968077660444223,1.0,16,,,,False
194,0.583278515625,1,True,0.018643454097676315,0.018543454097676316,15.067608825548607,1.0,15,,,,False
194,0.583278515625,2,True,0.016525029148436232,0.016425029148436233,15.067608825548607,1.0,14,,,,False
194,0.583278515625,3,True,0.01155953835232948,0.01145953835232948,15.067608825548607,1.0,13,,,,False
194,0.583278515625,4,True,0.006606247354547179,0.006506247354547179,15.067608825548607,1.0,12,,,,False
194,0.583278515625,5,True,0.0016726637429460567,0.0015726637429460566,15.067608825548607,1.0,11,,,,False
194,0.583278515625,6,False,-0.0032343539621764172,-0.003334353962176417,15.067608825548607,1.0,10,7,"native_joint_bound,preview_reserve",right_shoulder_roll_joint,False
195,0.59827734375,0,True,0.016749343187839827,0.016649343187839828,14.968077660444223,1.0,16,,,,False
195,0.59827734375,1,True,0.018643454097676315,0.018543454097676316,15.067608825548607,1.0,15,,,,False
195,0.59827734375,2,True,0.016525029148436232,0.016425029148436233,15.067608825548607,1.0,14,,,,False
195,0.59827734375,3,True,0.01155953835232948,0.01145953835232948,15.067608825548607,1.0,13,,,,False
195,0.59827734375,4,True,0.006606247354547179,0.006506247354547179,15.067608825548607,1.0,12,,,,False
195,0.59827734375,5,True,0.0016726637429460567,0.0015726637429460566,15.067608825548607,1.0,11,,,,False
195,0.59827734375,6,False,-0.0032343539621764172,-0.003334353962176417,15.067608825548607,1.0,10,7,"native_joint_bound,preview_reserve",right_shoulder_roll_joint,False
196,0.6132761718749999,0,True,0.016749343187839827,0.016649343187839828,14.968077660444223,1.0,16,,,,False
196,0.6132761718749999,1,True,0.018643454097676315,0.018543454097676316,15.067608825548607,1.0,15,,,,False
196,0.6132761718749999,2,True,0.016525029148436232,0.016425029148436233,15.067608825548607,1.0,14,,,,False
196,0.6132761718749999,3,True,0.01155953835232948,0.01145953835232948,15.067608825548607,1.0,13,,,,False
196,0.6132761718749999,4,True,0.006606247354547179,0.006506247354547179,15.067608825548607,1.0,12,,,,False
196,0.6132761718749999,5,True,0.0016726637429460567,0.0015726637429460566,15.067608825548607,1.0,11,,,,False
196,0.6132761718749999,6,False,-0.0032343539621764172,-0.003334353962176417,15.067608825548607,1.0,10,7,"native_joint_bound,preview_reserve",right_shoulder_roll_joint,False
197,0.6282749999999999,0,True,0.016749343187839827,0.016649343187839828,14.968077660444223,1.0,16,,,,False
197,0.6282749999999999,1,True,0.018643454097676315,0.018543454097676316,15.067608825548607,1.0,15,,,,False
197,0.6282749999999999,2,True,0.016525029148436232,0.016425029148436233,15.067608825548607,1.0,14,,,,False
197,0.6282749999999999,3,True,0.01155953835232948,0.01145953835232948,15.067608825548607,1.0,13,,,,False
197,0.6282749999999999,4,True,0.006606247354547179,0.006506247354547179,15.067608825548607,1.0,12,,,,False
197,0.6282749999999999,5,True,0.0016726637429460567,0.0015726637429460566,15.067608825548607,1.0,11,,,,False
197,0.6282749999999999,6,False,-0.0032343539621764172,-0.003334353962176417,15.067608825548607,1.0,10,7,"native_joint_bound,preview_reserve",right_shoulder_roll_joint,False
198,0.6432738281249999,0,True,0.016749343187839827,0.016649343187839828,14.968077660444223,1.0,16,,,,False
198,0.6432738281249999,1,True,0.018643454097676315,0.018543454097676316,15.067608825548607,1.0,15,,,,False
198,0.6432738281249999,2,True,0.016525029148436232,0.016425029148436233,15.067608825548607,1.0,14,,,,False
198,0.6432738281249999,3,True,0.01155953835232948,0.01145953835232948,15.067608825548607,1.0,13,,,,False
198,0.6432738281249999,4,True,0.006606247354547179,0.006506247354547179,15.067608825548607,1.0,12,,,,False
198,0.6432738281249999,5,True,0.0016726637429460567,0.0015726637429460566,15.067608825548607,1.0,11,,,,False
198,0.6432738281249999,6,False,-0.0032343539621764172,-0.003334353962176417,15.067608825548607,1.0,10,7,"native_joint_bound,preview_reserve",right_shoulder_roll_joint,False
199,0.6582726562499999,0,True,0.016749343187839827,0.016649343187839828,14.968077660444223,1.0,16,,,,False
199,0.6582726562499999,1,True,0.018643454097676315,0.018543454097676316,15.067608825548607,1.0,15,,,,False
199,0.6582726562499999,2,True,0.016525029148436232,0.016425029148436233,15.067608825548607,1.0,14,,,,False
199,0.6582726562499999,3,True,0.01155953835232948,0.01145953835232948,15.067608825548607,1.0,13,,,,False
199,0.6582726562499999,4,True,0.006606247354547179,0.006506247354547179,15.067608825548607,1.0,12,,,,False
199,0.6582726562499999,5,True,0.0016726637429460567,0.0015726637429460566,15.067608825548607,1.0,11,,,,False
199,0.6582726562499999,6,False,-0.0032343539621764172,-0.003334353962176417,15.067608825548607,1.0,10,7,"native_joint_bound,preview_reserve",right_shoulder_roll_joint,False
200,0.6732714843749998,0,True,0.016749343187839827,0.016649343187839828,14.968077660444223,1.0,16,,,,False
200,0.6732714843749998,1,True,0.018643454097676315,0.018543454097676316,15.067608825548607,1.0,15,,,,False
200,0.6732714843749998,2,True,0.016525029148436232,0.016425029148436233,15.067608825548607,1.0,14,,,,False
200,0.6732714843749998,3,True,0.01155953835232948,0.01145953835232948,15.067608825548607,1.0,13,,,,False
200,0.6732714843749998,4,True,0.006606247354547179,0.006506247354547179,15.067608825548607,1.0,12,,,,False
200,0.6732714843749998,5,True,0.0016726637429460567,0.0015726637429460566,15.067608825548607,1.0,11,,,,False
200,0.6732714843749998,6,False,-0.0032343539621764172,-0.003334353962176417,15.067608825548607,1.0,10,7,"native_joint_bound,preview_reserve",right_shoulder_roll_joint,False
201,0.6882703124999998,0,True,0.016749343187839827,0.016649343187839828,14.968077660444223,1.0,16,,,,False
201,0.6882703124999998,1,True,0.018643454097676315,0.018543454097676316,15.067608825548607,1.0,15,,,,False
201,0.6882703124999998,2,True,0.016525029148436232,0.016425029148436233,15.067608825548607,1.0,14,,,,False
201,0.6882703124999998,3,True,0.01155953835232948,0.01145953835232948,15.067608825548607,1.0,13,,,,False
201,0.6882703124999998,4,True,0.006606247354547179,0.006506247354547179,15.067608825548607,1.0,12,,,,False
201,0.6882703124999998,5,True,0.0016726637429460567,0.0015726637429460566,15.067608825548607,1.0,11,,,,False
201,0.6882703124999998,6,False,-0.0032343539621764172,-0.003334353962176417,15.067608825548607,1.0,10,7,"native_joint_bound,preview_reserve",right_shoulder_roll_joint,False
202,0.7032691406250002,0,True,0.016749343187839827,0.016649343187839828,14.968077660444223,1.0,16,,,,False
202,0.7032691406250002,1,True,0.018643454097676315,0.018543454097676316,15.067608825548607,1.0,15,,,,False
202,0.7032691406250002,2,True,0.016525029148436232,0.016425029148436233,15.067608825548607,1.0,14,,,,False
202,0.7032691406250002,3,True,0.01155953835232948,0.01145953835232948,15.067608825548607,1.0,13,,,,False
202,0.7032691406250002,4,True,0.006606247354547179,0.006506247354547179,15.067608825548607,1.0,12,,,,False
202,0.7032691406250002,5,True,0.0016726637429460567,0.0015726637429460566,15.067608825548607,1.0,11,,,,False
202,0.7032691406250002,6,False,-0.0032343539621764172,-0.003334353962176417,15.067608825548607,1.0,10,7,"native_joint_bound,preview_reserve",right_shoulder_roll_joint,False
203,0.7182679687500002,0,True,0.016749343187839827,0.016649343187839828,14.968077660444223,1.0,16,,,,False
203,0.7182679687500002,1,True,0.018643454097676315,0.018543454097676316,15.067608825548607,1.0,15,,,,False
203,0.7182679687500002,2,True,0.016525029148436232,0.016425029148436233,15.067608825548607,1.0,14,,,,False
203,0.7182679687500002,3,True,0.01155953835232948,0.01145953835232948,15.067608825548607,1.0,13,,,,False
203,0.7182679687500002,4,True,0.006606247354547179,0.006506247354547179,15.067608825548607,1.0,12,,,,False
203,0.7182679687500002,5,True,0.0016726637429460567,0.0015726637429460566,15.067608825548607,1.0,11,,,,False
203,0.7182679687500002,6,False,-0.0032343539621764172,-0.003334353962176417,15.067608825548607,1.0,10,7,"native_joint_bound,preview_reserve",right_shoulder_roll_joint,False
204,0.7332667968750002,0,True,0.016749343187839827,0.016649343187839828,14.968077660444223,1.0,16,,,,False
204,0.7332667968750002,1,True,0.018643454097676315,0.018543454097676316,15.067608825548607,1.0,15,,,,False
204,0.7332667968750002,2,True,0.016525029148436232,0.016425029148436233,15.067608825548607,1.0,14,,,,False
204,0.7332667968750002,3,True,0.01155953835232948,0.01145953835232948,15.067608825548607,1.0,13,,,,False
204,0.7332667968750002,4,True,0.006606247354547179,0.006506247354547179,15.067608825548607,1.0,12,,,,False
204,0.7332667968750002,5,True,0.0016726637429460567,0.0015726637429460566,15.067608825548607,1.0,11,,,,False
204,0.7332667968750002,6,False,-0.0032343539621764172,-0.003334353962176417,15.067608825548607,1.0,10,7,"native_joint_bound,preview_reserve",right_shoulder_roll_joint,False
205,0.7482656250000002,0,True,0.016749343187839827,0.016649343187839828,14.968077660444223,1.0,16,,,,False
205,0.7482656250000002,1,True,0.018643454097676315,0.018543454097676316,15.067608825548607,1.0,15,,,,False
205,0.7482656250000002,2,True,0.016525029148436232,0.016425029148436233,15.067608825548607,1.0,14,,,,False
205,0.7482656250000002,3,True,0.01155953835232948,0.01145953835232948,15.067608825548607,1.0,13,,,,False
205,0.7482656250000002,4,True,0.006606247354547179,0.006506247354547179,15.067608825548607,1.0,12,,,,False
205,0.7482656250000002,5,True,0.0016726637429460567,0.0015726637429460566,15.067608825548607,1.0,11,,,,False
205,0.7482656250000002,6,False,-0.0032343539621764172,-0.003334353962176417,15.067608825548607,1.0,10,7,"native_joint_bound,preview_reserve",right_shoulder_roll_joint,False
206,0.7632644531250001,0,True,0.016749343187839827,0.016649343187839828,14.968077660444223,1.0,16,,,,False
206,0.7632644531250001,1,True,0.018643454097676315,0.018543454097676316,15.067608825548607,1.0,15,,,,False
206,0.7632644531250001,2,True,0.016525029148436232,0.016425029148436233,15.067608825548607,1.0,14,,,,False
206,0.7632644531250001,3,True,0.01155953835232948,0.01145953835232948,15.067608825548607,1.0,13,,,,False
206,0.7632644531250001,4,True,0.006606247354547179,0.006506247354547179,15.067608825548607,1.0,12,,,,False
206,0.7632644531250001,5,True,0.0016726637429460567,0.0015726637429460566,15.067608825548607,1.0,11,,,,False
206,0.7632644531250001,6,False,-0.0032343539621764172,-0.003334353962176417,15.067608825548607,1.0,10,7,"native_joint_bound,preview_reserve",right_shoulder_roll_joint,False
207,0.7782632812500001,0,True,0.016749343187839827,0.016649343187839828,14.968077660444223,1.0,16,,,,False
207,0.7782632812500001,1,True,0.018643454097676315,0.018543454097676316,15.067608825548607,1.0,15,,,,False
207,0.7782632812500001,2,True,0.016525029148436232,0.016425029148436233,15.067608825548607,1.0,14,,,,False
207,0.7782632812500001,3,True,0.01155953835232948,0.01145953835232948,15.067608825548607,1.0,13,,,,False
207,0.7782632812500001,4,True,0.006606247354547179,0.006506247354547179,15.067608825548607,1.0,12,,,,False
207,0.7782632812500001,5,True,0.0016726637429460567,0.0015726637429460566,15.067608825548607,1.0,11,,,,False
207,0.7782632812500001,6,False,-0.0032343539621764172,-0.003334353962176417,15.067608825548607,1.0,10,7,"native_joint_bound,preview_reserve",right_shoulder_roll_joint,False
208,0.7932621093750001,0,True,0.016749343187839827,0.016649343187839828,14.968077660444223,1.0,16,,,,False
208,0.7932621093750001,1,True,0.018643454097676315,0.018543454097676316,15.067608825548607,1.0,15,,,,False
208,0.7932621093750001,2,True,0.016525029148436232,0.016425029148436233,15.067608825548607,1.0,14,,,,False
208,0.7932621093750001,3,True,0.01155953835232948,0.01145953835232948,15.067608825548607,1.0,13,,,,False
208,0.7932621093750001,4,True,0.006606247354547179,0.006506247354547179,15.067608825548607,1.0,12,,,,False
208,0.7932621093750001,5,True,0.0016726637429460567,0.0015726637429460566,15.067608825548607,1.0,11,,,,False
208,0.7932621093750001,6,False,-0.0032343539621764172,-0.003334353962176417,15.067608825548607,1.0,10,7,"native_joint_bound,preview_reserve",right_shoulder_roll_joint,False
209,0.8082609375,0,True,0.016749343187839827,0.016649343187839828,14.968077660444223,1.0,16,,,,False
209,0.8082609375,1,True,0.018643454097676315,0.018543454097676316,15.067608825548607,1.0,15,,,,False
209,0.8082609375,2,True,0.016525029148436232,0.016425029148436233,15.067608825548607,1.0,14,,,,False
209,0.8082609375,3,True,0.01155953835232948,0.01145953835232948,15.067608825548607,1.0,13,,,,False
209,0.8082609375,4,True,0.006606247354547179,0.006506247354547179,15.067608825548607,1.0,12,,,,False
209,0.8082609375,5,True,0.0016726637429460567,0.0015726637429460566,15.067608825548607,1.0,11,,,,False
209,0.8082609375,6,False,-0.0032343539621764172,-0.003334353962176417,15.067608825548607,1.0,10,7,"native_joint_bound,preview_reserve",right_shoulder_roll_joint,False
210,0.823259765625,0,True,0.016749343187839827,0.016649343187839828,14.968077660444223,1.0,16,,,,False
210,0.823259765625,1,True,0.018643454097676315,0.018543454097676316,15.067608825548607,1.0,15,,,,False
210,0.823259765625,2,True,0.016525029148436232,0.016425029148436233,15.067608825548607,1.0,14,,,,False
210,0.823259765625,3,True,0.01155953835232948,0.01145953835232948,15.067608825548607,1.0,13,,,,False
210,0.823259765625,4,True,0.006606247354547179,0.006506247354547179,15.067608825548607,1.0,12,,,,False
210,0.823259765625,5,True,0.0016726637429460567,0.0015726637429460566,15.067608825548607,1.0,11,,,,False
210,0.823259765625,6,False,-0.0032343539621764172,-0.003334353962176417,15.067608825548607,1.0,10,7,"native_joint_bound,preview_reserve",right_shoulder_roll_joint,False
211,0.83825859375,0,True,0.016749343187839827,0.016649343187839828,14.968077660444223,1.0,16,,,,False
211,0.83825859375,1,True,0.018643454097676315,0.018543454097676316,15.067608825548607,1.0,15,,,,False
211,0.83825859375,2,True,0.016525029148436232,0.016425029148436233,15.067608825548607,1.0,14,,,,False
211,0.83825859375,3,True,0.01155953835232948,0.01145953835232948,15.067608825548607,1.0,13,,,,False
211,0.83825859375,4,True,0.006606247354547179,0.006506247354547179,15.067608825548607,1.0,12,,,,False
211,0.83825859375,5,True,0.0016726637429460567,0.0015726637429460566,15.067608825548607,1.0,11,,,,False
211,0.83825859375,6,False,-0.0032343539621764172,-0.003334353962176417,15.067608825548607,1.0,10,7,"native_joint_bound,preview_reserve",right_shoulder_roll_joint,False
212,0.853257421875,0,True,0.016749343187839827,0.016649343187839828,14.968077660444223,1.0,16,,,,False
212,0.853257421875,1,True,0.018643454097676315,0.018543454097676316,15.067608825548607,1.0,15,,,,False
212,0.853257421875,2,True,0.016525029148436232,0.016425029148436233,15.067608825548607,1.0,14,,,,False
212,0.853257421875,3,True,0.01155953835232948,0.01145953835232948,15.067608825548607,1.0,13,,,,False
212,0.853257421875,4,True,0.006606247354547179,0.006506247354547179,15.067608825548607,1.0,12,,,,False
212,0.853257421875,5,True,0.0016726637429460567,0.0015726637429460566,15.067608825548607,1.0,11,,,,False
212,0.853257421875,6,False,-0.0032343539621764172,-0.003334353962176417,15.067608825548607,1.0,10,7,"native_joint_bound,preview_reserve",right_shoulder_roll_joint,False
213,0.86825625,0,True,0.016749343187839827,0.016649343187839828,14.968077660444223,1.0,16,,,,False
213,0.86825625,1,True,0.018643454097676315,0.018543454097676316,15.067608825548607,1.0,15,,,,False
213,0.86825625,2,True,0.016525029148436232,0.016425029148436233,15.067608825548607,1.0,14,,,,False
213,0.86825625,3,True,0.01155953835232948,0.01145953835232948,15.067608825548607,1.0,13,,,,False
213,0.86825625,4,True,0.006606247354547179,0.006506247354547179,15.067608825548607,1.0,12,,,,False
213,0.86825625,5,True,0.0016726637429460567,0.0015726637429460566,15.067608825548607,1.0,11,,,,False
213,0.86825625,6,False,-0.0032343539621764172,-0.003334353962176417,15.067608825548607,1.0,10,7,"native_joint_bound,preview_reserve",right_shoulder_roll_joint,False
214,0.8832550781249999,0,True,0.016749343187839827,0.016649343187839828,14.968077660444223,1.0,16,,,,False
214,0.8832550781249999,1,True,0.018643454097676315,0.018543454097676316,15.067608825548607,1.0,15,,,,False
214,0.8832550781249999,2,True,0.016525029148436232,0.016425029148436233,15.067608825548607,1.0,14,,,,False
214,0.8832550781249999,3,True,0.01155953835232948,0.01145953835232948,15.067608825548607,1.0,13,,,,False
214,0.8832550781249999,4,True,0.006606247354547179,0.006506247354547179,15.067608825548607,1.0,12,,,,False
214,0.8832550781249999,5,True,0.0016726637429460567,0.0015726637429460566,15.067608825548607,1.0,11,,,,False
214,0.8832550781249999,6,False,-0.0032343539621764172,-0.003334353962176417,15.067608825548607,1.0,10,7,"native_joint_bound,preview_reserve",right_shoulder_roll_joint,False
215,0.8982539062499999,0,True,0.016749343187839827,0.016649343187839828,14.968077660444223,1.0,16,,,,False
215,0.8982539062499999,1,True,0.018643454097676315,0.018543454097676316,15.067608825548607,1.0,15,,,,False
215,0.8982539062499999,2,True,0.016525029148436232,0.016425029148436233,15.067608825548607,1.0,14,,,,False
215,0.8982539062499999,3,True,0.01155953835232948,0.01145953835232948,15.067608825548607,1.0,13,,,,False
215,0.8982539062499999,4,True,0.006606247354547179,0.006506247354547179,15.067608825548607,1.0,12,,,,False
215,0.8982539062499999,5,True,0.0016726637429460567,0.0015726637429460566,15.067608825548607,1.0,11,,,,False
215,0.8982539062499999,6,False,-0.0032343539621764172,-0.003334353962176417,15.067608825548607,1.0,10,7,"native_joint_bound,preview_reserve",right_shoulder_roll_joint,False
216,0.9132527343749999,0,True,0.016749343187839827,0.016649343187839828,14.968077660444223,1.0,16,,,,False
216,0.9132527343749999,1,True,0.018643454097676315,0.018543454097676316,15.067608825548607,1.0,15,,,,False
216,0.9132527343749999,2,True,0.016525029148436232,0.016425029148436233,15.067608825548607,1.0,14,,,,False
216,0.9132527343749999,3,True,0.01155953835232948,0.01145953835232948,15.067608825548607,1.0,13,,,,False
216,0.9132527343749999,4,True,0.006606247354547179,0.006506247354547179,15.067608825548607,1.0,12,,,,False
216,0.9132527343749999,5,True,0.0016726637429460567,0.0015726637429460566,15.067608825548607,1.0,11,,,,False
216,0.9132527343749999,6,False,-0.0032343539621764172,-0.003334353962176417,15.067608825548607,1.0,10,7,"native_joint_bound,preview_reserve",right_shoulder_roll_joint,False
217,0.9282515624999998,0,True,0.016749343187839827,0.016649343187839828,14.968077660444223,1.0,16,,,,False
217,0.9282515624999998,1,True,0.018643454097676315,0.018543454097676316,15.067608825548607,1.0,15,,,,False
217,0.9282515624999998,2,True,0.016525029148436232,0.016425029148436233,15.067608825548607,1.0,14,,,,False
217,0.9282515624999998,3,True,0.01155953835232948,0.01145953835232948,15.067608825548607,1.0,13,,,,False
217,0.9282515624999998,4,True,0.006606247354547179,0.006506247354547179,15.067608825548607,1.0,12,,,,False
217,0.9282515624999998,5,True,0.0016726637429460567,0.0015726637429460566,15.067608825548607,1.0,11,,,,False
217,0.9282515624999998,6,False,-0.0032343539621764172,-0.003334353962176417,15.067608825548607,1.0,10,7,"native_joint_bound,preview_reserve",right_shoulder_roll_joint,False
218,0.9432503906249998,0,True,0.016749343187839827,0.016649343187839828,14.968077660444223,1.0,16,,,,False
218,0.9432503906249998,1,True,0.018643454097676315,0.018543454097676316,15.067608825548607,1.0,15,,,,False
218,0.9432503906249998,2,True,0.016525029148436232,0.016425029148436233,15.067608825548607,1.0,14,,,,False
218,0.9432503906249998,3,True,0.01155953835232948,0.01145953835232948,15.067608825548607,1.0,13,,,,False
218,0.9432503906249998,4,True,0.006606247354547179,0.006506247354547179,15.067608825548607,1.0,12,,,,False
218,0.9432503906249998,5,True,0.0016726637429460567,0.0015726637429460566,15.067608825548607,1.0,11,,,,False
218,0.9432503906249998,6,False,-0.0032343539621764172,-0.003334353962176417,15.067608825548607,1.0,10,7,"native_joint_bound,preview_reserve",right_shoulder_roll_joint,False
219,0.9582492187500002,0,True,0.016749343187839827,0.016649343187839828,14.968077660444223,1.0,16,,,,False
219,0.9582492187500002,1,True,0.018643454097676315,0.018543454097676316,15.067608825548607,1.0,15,,,,False
219,0.9582492187500002,2,True,0.016525029148436232,0.016425029148436233,15.067608825548607,1.0,14,,,,False
219,0.9582492187500002,3,True,0.01155953835232948,0.01145953835232948,15.067608825548607,1.0,13,,,,False
219,0.9582492187500002,4,True,0.006606247354547179,0.006506247354547179,15.067608825548607,1.0,12,,,,False
219,0.9582492187500002,5,True,0.0016726637429460567,0.0015726637429460566,15.067608825548607,1.0,11,,,,False
219,0.9582492187500002,6,False,-0.0032343539621764172,-0.003334353962176417,15.067608825548607,1.0,10,7,"native_joint_bound,preview_reserve",right_shoulder_roll_joint,False
220,0.9732480468750002,0,True,0.016749343187839827,0.016649343187839828,14.968077660444223,1.0,16,,,,False
220,0.9732480468750002,1,True,0.018643454097676315,0.018543454097676316,15.067608825548607,1.0,15,,,,False
220,0.9732480468750002,2,True,0.016525029148436232,0.016425029148436233,15.067608825548607,1.0,14,,,,False
220,0.9732480468750002,3,True,0.01155953835232948,0.01145953835232948,15.067608825548607,1.0,13,,,,False
220,0.9732480468750002,4,True,0.006606247354547179,0.006506247354547179,15.067608825548607,1.0,12,,,,False
220,0.9732480468750002,5,True,0.0016726637429460567,0.0015726637429460566,15.067608825548607,1.0,11,,,,False
220,0.9732480468750002,6,False,-0.0032343539621764172,-0.003334353962176417,15.067608825548607,1.0,10,7,"native_joint_bound,preview_reserve",right_shoulder_roll_joint,False
221,0.9882468750000002,0,True,0.016749343187839827,0.016649343187839828,14.968077660444223,1.0,16,,,,False
221,0.9882468750000002,1,True,0.018643454097676315,0.018543454097676316,15.067608825548607,1.0,15,,,,False
221,0.9882468750000002,2,True,0.016525029148436232,0.016425029148436233,15.067608825548607,1.0,14,,,,False
221,0.9882468750000002,3,True,0.01155953835232948,0.01145953835232948,15.067608825548607,1.0,13,,,,False
221,0.9882468750000002,4,True,0.006606247354547179,0.006506247354547179,15.067608825548607,1.0,12,,,,False
221,0.9882468750000002,5,True,0.0016726637429460567,0.0015726637429460566,15.067608825548607,1.0,11,,,,False
221,0.9882468750000002,6,False,-0.0032343539621764172,-0.003334353962176417,15.067608825548607,1.0,10,7,"native_joint_bound,preview_reserve",right_shoulder_roll_joint,False
222,1.0032457031250002,0,True,0.016749343187839827,0.016649343187839828,14.968077660444223,1.0,16,,,,False
222,1.0032457031250002,1,True,0.018643454097676315,0.018543454097676316,15.067608825548607,1.0,15,,,,False
222,1.0032457031250002,2,True,0.016525029148436232,0.016425029148436233,15.067608825548607,1.0,14,,,,False
222,1.0032457031250002,3,True,0.01155953835232948,0.01145953835232948,15.067608825548607,1.0,13,,,,False
222,1.0032457031250002,4,True,0.006606247354547179,0.006506247354547179,15.067608825548607,1.0,12,,,,False
222,1.0032457031250002,5,True,0.0016726637429460567,0.0015726637429460566,15.067608825548607,1.0,11,,,,False
222,1.0032457031250002,6,False,-0.0032343539621764172,-0.003334353962176417,15.067608825548607,1.0,10,7,"native_joint_bound,preview_reserve",right_shoulder_roll_joint,False
223,1.0182445312500001,0,True,0.016749343187839827,0.016649343187839828,14.968077660444223,1.0,16,,,,False
223,1.0182445312500001,1,True,0.018643454097676315,0.018543454097676316,15.067608825548607,1.0,15,,,,False
223,1.0182445312500001,2,True,0.016525029148436232,0.016425029148436233,15.067608825548607,1.0,14,,,,False
223,1.0182445312500001,3,True,0.01155953835232948,0.01145953835232948,15.067608825548607,1.0,13,,,,False
223,1.0182445312500001,4,True,0.006606247354547179,0.006506247354547179,15.067608825548607,1.0,12,,,,False
223,1.0182445312500001,5,True,0.0016726637429460567,0.0015726637429460566,15.067608825548607,1.0,11,,,,False
223,1.0182445312500001,6,False,-0.0032343539621764172,-0.003334353962176417,15.067608825548607,1.0,10,7,"native_joint_bound,preview_reserve",right_shoulder_roll_joint,False
224,1.0332433593750001,0,True,0.016749343187839827,0.016649343187839828,14.968077660444223,1.0,16,,,,False
224,1.0332433593750001,1,True,0.018643454097676315,0.018543454097676316,15.067608825548607,1.0,15,,,,False
224,1.0332433593750001,2,True,0.016525029148436232,0.016425029148436233,15.067608825548607,1.0,14,,,,False
224,1.0332433593750001,3,True,0.01155953835232948,0.01145953835232948,15.067608825548607,1.0,13,,,,False
224,1.0332433593750001,4,True,0.006606247354547179,0.006506247354547179,15.067608825548607,1.0,12,,,,False
224,1.0332433593750001,5,True,0.0016726637429460567,0.0015726637429460566,15.067608825548607,1.0,11,,,,False
224,1.0332433593750001,6,False,-0.0032343539621764172,-0.003334353962176417,15.067608825548607,1.0,10,7,"native_joint_bound,preview_reserve",right_shoulder_roll_joint,False
225,1.0482421875,0,True,0.016749343187839827,0.016649343187839828,14.968077660444223,1.0,16,,,,False
225,1.0482421875,1,True,0.018643454097676315,0.018543454097676316,15.067608825548607,1.0,15,,,,False
225,1.0482421875,2,True,0.016525029148436232,0.016425029148436233,15.067608825548607,1.0,14,,,,False
225,1.0482421875,3,True,0.01155953835232948,0.01145953835232948,15.067608825548607,1.0,13,,,,False
225,1.0482421875,4,True,0.006606247354547179,0.006506247354547179,15.067608825548607,1.0,12,,,,False
225,1.0482421875,5,True,0.0016726637429460567,0.0015726637429460566,15.067608825548607,1.0,11,,,,False
225,1.0482421875,6,False,-0.0032343539621764172,-0.003334353962176417,15.067608825548607,1.0,10,7,"native_joint_bound,preview_reserve",right_shoulder_roll_joint,False
226,1.063241015625,0,True,0.016749343187839827,0.016649343187839828,14.968077660444223,1.0,16,,,,False
226,1.063241015625,1,True,0.018643454097676315,0.018543454097676316,15.067608825548607,1.0,15,,,,False
226,1.063241015625,2,True,0.016525029148436232,0.016425029148436233,15.067608825548607,1.0,14,,,,False
226,1.063241015625,3,True,0.01155953835232948,0.01145953835232948,15.067608825548607,1.0,13,,,,False
226,1.063241015625,4,True,0.006606247354547179,0.006506247354547179,15.067608825548607,1.0,12,,,,False
226,1.063241015625,5,True,0.0016726637429460567,0.0015726637429460566,15.067608825548607,1.0,11,,,,False
226,1.063241015625,6,False,-0.0032343539621764172,-0.003334353962176417,15.067608825548607,1.0,10,7,"native_joint_bound,preview_reserve",right_shoulder_roll_joint,False
227,1.07823984375,0,True,0.016749343187839827,0.016649343187839828,14.968077660444223,1.0,16,,,,False
227,1.07823984375,1,True,0.018643454097676315,0.018543454097676316,15.067608825548607,1.0,15,,,,False
227,1.07823984375,2,True,0.016525029148436232,0.016425029148436233,15.067608825548607,1.0,14,,,,False
227,1.07823984375,3,True,0.01155953835232948,0.01145953835232948,15.067608825548607,1.0,13,,,,False
227,1.07823984375,4,True,0.006606247354547179,0.006506247354547179,15.067608825548607,1.0,12,,,,False
227,1.07823984375,5,True,0.0016726637429460567,0.0015726637429460566,15.067608825548607,1.0,11,,,,False
227,1.07823984375,6,False,-0.0032343539621764172,-0.003334353962176417,15.067608825548607,1.0,10,7,"native_joint_bound,preview_reserve",right_shoulder_roll_joint,False
228,1.093238671875,0,True,0.016749343187839827,0.016649343187839828,14.968077660444223,1.0,16,,,,False
228,1.093238671875,1,True,0.018643454097676315,0.018543454097676316,15.067608825548607,1.0,15,,,,False
228,1.093238671875,2,True,0.016525029148436232,0.016425029148436233,15.067608825548607,1.0,14,,,,False
228,1.093238671875,3,True,0.01155953835232948,0.01145953835232948,15.067608825548607,1.0,13,,,,False
228,1.093238671875,4,True,0.006606247354547179,0.006506247354547179,15.067608825548607,1.0,12,,,,False
228,1.093238671875,5,True,0.0016726637429460567,0.0015726637429460566,15.067608825548607,1.0,11,,,,False
228,1.093238671875,6,False,-0.0032343539621764172,-0.003334353962176417,15.067608825548607,1.0,10,7,"native_joint_bound,preview_reserve",right_shoulder_roll_joint,False
229,1.1082375,0,True,0.016749343187839827,0.016649343187839828,14.968077660444223,1.0,16,,,,False
229,1.1082375,1,True,0.018643454097676315,0.018543454097676316,15.067608825548607,1.0,15,,,,False
229,1.1082375,2,True,0.016525029148436232,0.016425029148436233,15.067608825548607,1.0,14,,,,False
229,1.1082375,3,True,0.01155953835232948,0.01145953835232948,15.067608825548607,1.0,13,,,,False
229,1.1082375,4,True,0.006606247354547179,0.006506247354547179,15.067608825548607,1.0,12,,,,False
229,1.1082375,5,True,0.0016726637429460567,0.0015726637429460566,15.067608825548607,1.0,11,,,,False
229,1.1082375,6,False,-0.0032343539621764172,-0.003334353962176417,15.067608825548607,1.0,10,7,"native_joint_bound,preview_reserve",right_shoulder_roll_joint,False
230,1.123236328125,0,True,0.016749343187839827,0.016649343187839828,14.968077660444223,1.0,16,,,,False
230,1.123236328125,1,True,0.018643454097676315,0.018543454097676316,15.067608825548607,1.0,15,,,,False
230,1.123236328125,2,True,0.016525029148436232,0.016425029148436233,15.067608825548607,1.0,14,,,,False
230,1.123236328125,3,True,0.01155953835232948,0.01145953835232948,15.067608825548607,1.0,13,,,,False
230,1.123236328125,4,True,0.006606247354547179,0.006506247354547179,15.067608825548607,1.0,12,,,,False
230,1.123236328125,5,True,0.0016726637429460567,0.0015726637429460566,15.067608825548607,1.0,11,,,,False
230,1.123236328125,6,False,-0.0032343539621764172,-0.003334353962176417,15.067608825548607,1.0,10,7,"native_joint_bound,preview_reserve",right_shoulder_roll_joint,False
231,1.13823515625,0,True,0.016749343187839827,0.016649343187839828,14.968077660444223,1.0,16,,,,False
231,1.13823515625,1,True,0.018643454097676315,0.018543454097676316,15.067608825548607,1.0,15,,,,False
231,1.13823515625,2,True,0.016525029148436232,0.016425029148436233,15.067608825548607,1.0,14,,,,False
231,1.13823515625,3,True,0.01155953835232948,0.01145953835232948,15.067608825548607,1.0,13,,,,False
231,1.13823515625,4,True,0.006606247354547179,0.006506247354547179,15.067608825548607,1.0,12,,,,False
231,1.13823515625,5,True,0.0016726637429460567,0.0015726637429460566,15.067608825548607,1.0,11,,,,False
231,1.13823515625,6,False,-0.0032343539621764172,-0.003334353962176417,15.067608825548607,1.0,10,7,"native_joint_bound,preview_reserve",right_shoulder_roll_joint,False
232,1.153233984375,0,True,0.016749343187839827,0.016649343187839828,14.968077660444223,1.0,16,,,,False
232,1.153233984375,1,True,0.018643454097676315,0.018543454097676316,15.067608825548607,1.0,15,,,,False
232,1.153233984375,2,True,0.016525029148436232,0.016425029148436233,15.067608825548607,1.0,14,,,,False
232,1.153233984375,3,True,0.01155953835232948,0.01145953835232948,15.067608825548607,1.0,13,,,,False
232,1.153233984375,4,True,0.006606247354547179,0.006506247354547179,15.067608825548607,1.0,12,,,,False
232,1.153233984375,5,True,0.0016726637429460567,0.0015726637429460566,15.067608825548607,1.0,11,,,,False
232,1.153233984375,6,False,-0.0032343539621764172,-0.003334353962176417,15.067608825548607,1.0,10,7,"native_joint_bound,preview_reserve",right_shoulder_roll_joint,False
233,1.1682328124999999,0,True,0.016749343187839827,0.016649343187839828,14.968077660444223,1.0,16,,,,False
233,1.1682328124999999,1,True,0.018643454097676315,0.018543454097676316,15.067608825548607,1.0,15,,,,False
233,1.1682328124999999,2,True,0.016525029148436232,0.016425029148436233,15.067608825548607,1.0,14,,,,False
233,1.1682328124999999,3,True,0.01155953835232948,0.01145953835232948,15.067608825548607,1.0,13,,,,False
233,1.1682328124999999,4,True,0.006606247354547179,0.006506247354547179,15.067608825548607,1.0,12,,,,False
233,1.1682328124999999,5,True,0.0016726637429460567,0.0015726637429460566,15.067608825548607,1.0,11,,,,False
233,1.1682328124999999,6,False,-0.0032343539621764172,-0.003334353962176417,15.067608825548607,1.0,10,7,"native_joint_bound,preview_reserve",right_shoulder_roll_joint,False
234,1.1832316406249999,0,True,0.016749343187839827,0.016649343187839828,14.968077660444223,1.0,16,,,,False
234,1.1832316406249999,1,True,0.018643454097676315,0.018543454097676316,15.067608825548607,1.0,15,,,,False
234,1.1832316406249999,2,True,0.016525029148436232,0.016425029148436233,15.067608825548607,1.0,14,,,,False
234,1.1832316406249999,3,True,0.01155953835232948,0.01145953835232948,15.067608825548607,1.0,13,,,,False
234,1.1832316406249999,4,True,0.006606247354547179,0.006506247354547179,15.067608825548607,1.0,12,,,,False
234,1.1832316406249999,5,True,0.0016726637429460567,0.0015726637429460566,15.067608825548607,1.0,11,,,,False
234,1.1832316406249999,6,False,-0.0032343539621764172,-0.003334353962176417,15.067608825548607,1.0,10,7,"native_joint_bound,preview_reserve",right_shoulder_roll_joint,False
235,1.1982304687499998,0,True,0.016749343187839827,0.016649343187839828,14.968077660444223,1.0,16,,,,False
235,1.1982304687499998,1,True,0.018643454097676315,0.018543454097676316,15.067608825548607,1.0,15,,,,False
235,1.1982304687499998,2,True,0.016525029148436232,0.016425029148436233,15.067608825548607,1.0,14,,,,False
235,1.1982304687499998,3,True,0.01155953835232948,0.01145953835232948,15.067608825548607,1.0,13,,,,False
235,1.1982304687499998,4,True,0.006606247354547179,0.006506247354547179,15.067608825548607,1.0,12,,,,False
235,1.1982304687499998,5,True,0.0016726637429460567,0.0015726637429460566,15.067608825548607,1.0,11,,,,False
235,1.1982304687499998,6,False,-0.0032343539621764172,-0.003334353962176417,15.067608825548607,1.0,10,7,"native_joint_bound,preview_reserve",right_shoulder_roll_joint,False
236,1.2132292968750003,0,True,0.016749343187839827,0.016649343187839828,14.968077660444223,1.0,16,,,,False
236,1.2132292968750003,1,True,0.018643454097676315,0.018543454097676316,15.067608825548607,1.0,15,,,,False
236,1.2132292968750003,2,True,0.016525029148436232,0.016425029148436233,15.067608825548607,1.0,14,,,,False
236,1.2132292968750003,3,True,0.01155953835232948,0.01145953835232948,15.067608825548607,1.0,13,,,,False
236,1.2132292968750003,4,True,0.006606247354547179,0.006506247354547179,15.067608825548607,1.0,12,,,,False
236,1.2132292968750003,5,True,0.0016726637429460567,0.0015726637429460566,15.067608825548607,1.0,11,,,,False
236,1.2132292968750003,6,False,-0.0032343539621764172,-0.003334353962176417,15.067608825548607,1.0,10,7,"native_joint_bound,preview_reserve",right_shoulder_roll_joint,False
237,1.2282281250000002,0,True,0.016749343187839827,0.016649343187839828,14.968077660444223,1.0,16,,,,False
237,1.2282281250000002,1,True,0.018643454097676315,0.018543454097676316,15.067608825548607,1.0,15,,,,False
237,1.2282281250000002,2,True,0.016525029148436232,0.016425029148436233,15.067608825548607,1.0,14,,,,False
237,1.2282281250000002,3,True,0.01155953835232948,0.01145953835232948,15.067608825548607,1.0,13,,,,False
237,1.2282281250000002,4,True,0.006606247354547179,0.006506247354547179,15.067608825548607,1.0,12,,,,False
237,1.2282281250000002,5,True,0.0016726637429460567,0.0015726637429460566,15.067608825548607,1.0,11,,,,False
237,1.2282281250000002,6,False,-0.0032343539621764172,-0.003334353962176417,15.067608825548607,1.0,10,7,"native_joint_bound,preview_reserve",right_shoulder_roll_joint,False
238,1.2432269531250002,0,True,0.016749343187839827,0.016649343187839828,14.968077660444223,1.0,16,,,,False
238,1.2432269531250002,1,True,0.018643454097676315,0.018543454097676316,15.067608825548607,1.0,15,,,,False
238,1.2432269531250002,2,True,0.016525029148436232,0.016425029148436233,15.067608825548607,1.0,14,,,,False
238,1.2432269531250002,3,True,0.01155953835232948,0.01145953835232948,15.067608825548607,1.0,13,,,,False
238,1.2432269531250002,4,True,0.006606247354547179,0.006506247354547179,15.067608825548607,1.0,12,,,,False
238,1.2432269531250002,5,True,0.0016726637429460567,0.0015726637429460566,15.067608825548607,1.0,11,,,,False
238,1.2432269531250002,6,False,-0.0032343539621764172,-0.003334353962176417,15.067608825548607,1.0,10,7,"native_joint_bound,preview_reserve",right_shoulder_roll_joint,False
239,1.2582257812500002,0,True,0.016749343187839827,0.016649343187839828,14.968077660444223,1.0,16,,,,False
239,1.2582257812500002,1,True,0.018643454097676315,0.018543454097676316,15.067608825548607,1.0,15,,,,False
239,1.2582257812500002,2,True,0.016525029148436232,0.016425029148436233,15.067608825548607,1.0,14,,,,False
239,1.2582257812500002,3,True,0.01155953835232948,0.01145953835232948,15.067608825548607,1.0,13,,,,False
239,1.2582257812500002,4,True,0.006606247354547179,0.006506247354547179,15.067608825548607,1.0,12,,,,False
239,1.2582257812500002,5,True,0.0016726637429460567,0.0015726637429460566,15.067608825548607,1.0,11,,,,False
239,1.2582257812500002,6,False,-0.0032343539621764172,-0.003334353962176417,15.067608825548607,1.0,10,7,"native_joint_bound,preview_reserve",right_shoulder_roll_joint,False
240,1.2732246093750001,0,True,0.016749343187839827,0.016649343187839828,14.968077660444223,1.0,16,,,,False
240,1.2732246093750001,1,True,0.018643454097676315,0.018543454097676316,15.067608825548607,1.0,15,,,,False
240,1.2732246093750001,2,True,0.016525029148436232,0.016425029148436233,15.067608825548607,1.0,14,,,,False
240,1.2732246093750001,3,True,0.01155953835232948,0.01145953835232948,15.067608825548607,1.0,13,,,,False
240,1.2732246093750001,4,True,0.006606247354547179,0.006506247354547179,15.067608825548607,1.0,12,,,,False
240,1.2732246093750001,5,True,0.0016726637429460567,0.0015726637429460566,15.067608825548607,1.0,11,,,,False
240,1.2732246093750001,6,False,-0.0032343539621764172,-0.003334353962176417,15.067608825548607,1.0,10,7,"native_joint_bound,preview_reserve",right_shoulder_roll_joint,False
241,1.2882234375000001,0,True,0.016749343187839827,0.016649343187839828,14.968077660444223,1.0,16,,,,False
241,1.2882234375000001,1,True,0.018643454097676315,0.018543454097676316,15.067608825548607,1.0,15,,,,False
241,1.2882234375000001,2,True,0.016525029148436232,0.016425029148436233,15.067608825548607,1.0,14,,,,False
241,1.2882234375000001,3,True,0.01155953835232948,0.01145953835232948,15.067608825548607,1.0,13,,,,False
241,1.2882234375000001,4,True,0.006606247354547179,0.006506247354547179,15.067608825548607,1.0,12,,,,False
241,1.2882234375000001,5,True,0.0016726637429460567,0.0015726637429460566,15.067608825548607,1.0,11,,,,False
241,1.2882234375000001,6,False,-0.0032343539621764172,-0.003334353962176417,15.067608825548607,1.0,10,7,"native_joint_bound,preview_reserve",right_shoulder_roll_joint,False
242,1.303222265625,0,True,0.016749343187839827,0.016649343187839828,14.968077660444223,1.0,16,,,,False
242,1.303222265625,1,True,0.018643454097676315,0.018543454097676316,15.067608825548607,1.0,15,,,,False
242,1.303222265625,2,True,0.016525029148436232,0.016425029148436233,15.067608825548607,1.0,14,,,,False
242,1.303222265625,3,True,0.01155953835232948,0.01145953835232948,15.067608825548607,1.0,13,,,,False
242,1.303222265625,4,True,0.006606247354547179,0.006506247354547179,15.067608825548607,1.0,12,,,,False
242,1.303222265625,5,True,0.0016726637429460567,0.0015726637429460566,15.067608825548607,1.0,11,,,,False
242,1.303222265625,6,False,-0.0032343539621764172,-0.003334353962176417,15.067608825548607,1.0,10,7,"native_joint_bound,preview_reserve",right_shoulder_roll_joint,False
243,1.31822109375,0,True,0.016749343187839827,0.016649343187839828,14.968077660444223,1.0,16,,,,False
243,1.31822109375,1,True,0.018643454097676315,0.018543454097676316,15.067608825548607,1.0,15,,,,False
243,1.31822109375,2,True,0.016525029148436232,0.016425029148436233,15.067608825548607,1.0,14,,,,False
243,1.31822109375,3,True,0.01155953835232948,0.01145953835232948,15.067608825548607,1.0,13,,,,False
243,1.31822109375,4,True,0.006606247354547179,0.006506247354547179,15.067608825548607,1.0,12,,,,False
243,1.31822109375,5,True,0.0016726637429460567,0.0015726637429460566,15.067608825548607,1.0,11,,,,False
243,1.31822109375,6,False,-0.0032343539621764172,-0.003334353962176417,15.067608825548607,1.0,10,7,"native_joint_bound,preview_reserve",right_shoulder_roll_joint,False
244,1.333219921875,0,True,0.016749343187839827,0.016649343187839828,14.968077660444223,1.0,16,,,,False
244,1.333219921875,1,True,0.018643454097676315,0.018543454097676316,15.067608825548607,1.0,15,,,,False
244,1.333219921875,2,True,0.016525029148436232,0.016425029148436233,15.067608825548607,1.0,14,,,,False
244,1.333219921875,3,True,0.01155953835232948,0.01145953835232948,15.067608825548607,1.0,13,,,,False
244,1.333219921875,4,True,0.006606247354547179,0.006506247354547179,15.067608825548607,1.0,12,,,,False
244,1.333219921875,5,True,0.0016726637429460567,0.0015726637429460566,15.067608825548607,1.0,11,,,,False
244,1.333219921875,6,False,-0.0032343539621764172,-0.003334353962176417,15.067608825548607,1.0,10,7,"native_joint_bound,preview_reserve",right_shoulder_roll_joint,False
245,1.34821875,0,True,0.016749343187839827,0.016649343187839828,14.968077660444223,1.0,16,,,,False
245,1.34821875,1,True,0.018643454097676315,0.018543454097676316,15.067608825548607,1.0,15,,,,False
245,1.34821875,2,True,0.016525029148436232,0.016425029148436233,15.067608825548607,1.0,14,,,,False
245,1.34821875,3,True,0.01155953835232948,0.01145953835232948,15.067608825548607,1.0,13,,,,False
245,1.34821875,4,True,0.006606247354547179,0.006506247354547179,15.067608825548607,1.0,12,,,,False
245,1.34821875,5,True,0.0016726637429460567,0.0015726637429460566,15.067608825548607,1.0,11,,,,False
245,1.34821875,6,False,-0.0032343539621764172,-0.003334353962176417,15.067608825548607,1.0,10,7,"native_joint_bound,preview_reserve",right_shoulder_roll_joint,False
246,1.363217578125,0,True,0.016749343187839827,0.016649343187839828,14.968077660444223,1.0,16,,,,False
246,1.363217578125,1,True,0.018643454097676315,0.018543454097676316,15.067608825548607,1.0,15,,,,False
246,1.363217578125,2,True,0.016525029148436232,0.016425029148436233,15.067608825548607,1.0,14,,,,False
246,1.363217578125,3,True,0.01155953835232948,0.01145953835232948,15.067608825548607,1.0,13,,,,False
246,1.363217578125,4,True,0.006606247354547179,0.006506247354547179,15.067608825548607,1.0,12,,,,False
246,1.363217578125,5,True,0.0016726637429460567,0.0015726637429460566,15.067608825548607,1.0,11,,,,False
246,1.363217578125,6,False,-0.0032343539621764172,-0.003334353962176417,15.067608825548607,1.0,10,7,"native_joint_bound,preview_reserve",right_shoulder_roll_joint,False
247,1.37821640625,0,True,0.016749343187839827,0.016649343187839828,14.968077660444223,1.0,16,,,,False
247,1.37821640625,1,True,0.018643454097676315,0.018543454097676316,15.067608825548607,1.0,15,,,,False
247,1.37821640625,2,True,0.016525029148436232,0.016425029148436233,15.067608825548607,1.0,14,,,,False
247,1.37821640625,3,True,0.01155953835232948,0.01145953835232948,15.067608825548607,1.0,13,,,,False
247,1.37821640625,4,True,0.006606247354547179,0.006506247354547179,15.067608825548607,1.0,12,,,,False
247,1.37821640625,5,True,0.0016726637429460567,0.0015726637429460566,15.067608825548607,1.0,11,,,,False
247,1.37821640625,6,False,-0.0032343539621764172,-0.003334353962176417,15.067608825548607,1.0,10,7,"native_joint_bound,preview_reserve",right_shoulder_roll_joint,False
248,1.393215234375,0,True,0.016749343187839827,0.016649343187839828,14.968077660444223,1.0,16,,,,False
248,1.393215234375,1,True,0.018643454097676315,0.018543454097676316,15.067608825548607,1.0,15,,,,False
248,1.393215234375,2,True,0.016525029148436232,0.016425029148436233,15.067608825548607,1.0,14,,,,False
248,1.393215234375,3,True,0.01155953835232948,0.01145953835232948,15.067608825548607,1.0,13,,,,False
248,1.393215234375,4,True,0.006606247354547179,0.006506247354547179,15.067608825548607,1.0,12,,,,False
248,1.393215234375,5,True,0.0016726637429460567,0.0015726637429460566,15.067608825548607,1.0,11,,,,False
248,1.393215234375,6,False,-0.0032343539621764172,-0.003334353962176417,15.067608825548607,1.0,10,7,"native_joint_bound,preview_reserve",right_shoulder_roll_joint,False
249,1.4082140625,0,True,0.016749343187839827,0.016649343187839828,14.968077660444223,1.0,16,,,,False
249,1.4082140625,1,True,0.018643454097676315,0.018543454097676316,15.067608825548607,1.0,15,,,,False
249,1.4082140625,2,True,0.016525029148436232,0.016425029148436233,15.067608825548607,1.0,14,,,,False
249,1.4082140625,3,True,0.01155953835232948,0.01145953835232948,15.067608825548607,1.0,13,,,,False
249,1.4082140625,4,True,0.006606247354547179,0.006506247354547179,15.067608825548607,1.0,12,,,,False
249,1.4082140625,5,True,0.0016726637429460567,0.0015726637429460566,15.067608825548607,1.0,11,,,,False
249,1.4082140625,6,False,-0.0032343539621764172,-0.003334353962176417,15.067608825548607,1.0,10,7,"native_joint_bound,preview_reserve",right_shoulder_roll_joint,False
250,1.423212890625,0,True,0.016749343187839827,0.016649343187839828,14.968077660444223,1.0,16,,,,False
250,1.423212890625,1,True,0.018643454097676315,0.018543454097676316,15.067608825548607,1.0,15,,,,False
250,1.423212890625,2,True,0.016525029148436232,0.016425029148436233,15.067608825548607,1.0,14,,,,False
250,1.423212890625,3,True,0.01155953835232948,0.01145953835232948,15.067608825548607,1.0,13,,,,False
250,1.423212890625,4,True,0.006606247354547179,0.006506247354547179,15.067608825548607,1.0,12,,,,False
250,1.423212890625,5,True,0.0016726637429460567,0.0015726637429460566,15.067608825548607,1.0,11,,,,False
250,1.423212890625,6,False,-0.0032343539621764172,-0.003334353962176417,15.067608825548607,1.0,10,7,"native_joint_bound,preview_reserve",right_shoulder_roll_joint,False
251,1.4382117187499999,0,True,0.016749343187839827,0.016649343187839828,14.968077660444223,1.0,16,,,,False
251,1.4382117187499999,1,True,0.018643454097676315,0.018543454097676316,15.067608825548607,1.0,15,,,,False
251,1.4382117187499999,2,True,0.016525029148436232,0.016425029148436233,15.067608825548607,1.0,14,,,,False
251,1.4382117187499999,3,True,0.01155953835232948,0.01145953835232948,15.067608825548607,1.0,13,,,,False
251,1.4382117187499999,4,True,0.006606247354547179,0.006506247354547179,15.067608825548607,1.0,12,,,,False
251,1.4382117187499999,5,True,0.0016726637429460567,0.0015726637429460566,15.067608825548607,1.0,11,,,,False
251,1.4382117187499999,6,False,-0.0032343539621764172,-0.003334353962176417,15.067608825548607,1.0,10,7,"native_joint_bound,preview_reserve",right_shoulder_roll_joint,False
252,1.4532105468749998,0,True,0.016749343187839827,0.016649343187839828,14.968077660444223,1.0,16,,,,False
252,1.4532105468749998,1,True,0.018643454097676315,0.018543454097676316,15.067608825548607,1.0,15,,,,False
252,1.4532105468749998,2,True,0.016525029148436232,0.016425029148436233,15.067608825548607,1.0,14,,,,False
252,1.4532105468749998,3,True,0.01155953835232948,0.01145953835232948,15.067608825548607,1.0,13,,,,False
252,1.4532105468749998,4,True,0.006606247354547179,0.006506247354547179,15.067608825548607,1.0,12,,,,False
252,1.4532105468749998,5,True,0.0016726637429460567,0.0015726637429460566,15.067608825548607,1.0,11,,,,False
252,1.4532105468749998,6,False,-0.0032343539621764172,-0.003334353962176417,15.067608825548607,1.0,10,7,"native_joint_bound,preview_reserve",right_shoulder_roll_joint,False
253,1.4682093750000003,0,True,0.016749343187839827,0.016649343187839828,14.968077660444223,1.0,16,,,,False
253,1.4682093750000003,1,True,0.018643454097676315,0.018543454097676316,15.067608825548607,1.0,15,,,,False
253,1.4682093750000003,2,True,0.016525029148436232,0.016425029148436233,15.067608825548607,1.0,14,,,,False
253,1.4682093750000003,3,True,0.01155953835232948,0.01145953835232948,15.067608825548607,1.0,13,,,,False
253,1.4682093750000003,4,True,0.006606247354547179,0.006506247354547179,15.067608825548607,1.0,12,,,,False
253,1.4682093750000003,5,True,0.0016726637429460567,0.0015726637429460566,15.067608825548607,1.0,11,,,,False
253,1.4682093750000003,6,False,-0.0032343539621764172,-0.003334353962176417,15.067608825548607,1.0,10,7,"native_joint_bound,preview_reserve",right_shoulder_roll_joint,False
254,1.4832082031250002,0,True,0.016749343187839827,0.016649343187839828,14.968077660444223,1.0,16,,,,False
254,1.4832082031250002,1,True,0.018643454097676315,0.018543454097676316,15.067608825548607,1.0,15,,,,False
254,1.4832082031250002,2,True,0.016525029148436232,0.016425029148436233,15.067608825548607,1.0,14,,,,False
254,1.4832082031250002,3,True,0.01155953835232948,0.01145953835232948,15.067608825548607,1.0,13,,,,False
254,1.4832082031250002,4,True,0.006606247354547179,0.006506247354547179,15.067608825548607,1.0,12,,,,False
254,1.4832082031250002,5,True,0.0016726637429460567,0.0015726637429460566,15.067608825548607,1.0,11,,,,False
254,1.4832082031250002,6,False,-0.0032343539621764172,-0.003334353962176417,15.067608825548607,1.0,10,7,"native_joint_bound,preview_reserve",right_shoulder_roll_joint,False
255,1.4982070312500002,0,True,0.016749343187839827,0.016649343187839828,14.968077660444223,1.0,16,,,,False
255,1.4982070312500002,1,True,0.018643454097676315,0.018543454097676316,15.067608825548607,1.0,15,,,,False
255,1.4982070312500002,2,True,0.016525029148436232,0.016425029148436233,15.067608825548607,1.0,14,,,,False
255,1.4982070312500002,3,True,0.01155953835232948,0.01145953835232948,15.067608825548607,1.0,13,,,,False
255,1.4982070312500002,4,True,0.006606247354547179,0.006506247354547179,15.067608825548607,1.0,12,,,,False
255,1.4982070312500002,5,True,0.0016726637429460567,0.0015726637429460566,15.067608825548607,1.0,11,,,,False
255,1.4982070312500002,6,False,-0.0032343539621764172,-0.003334353962176417,15.067608825548607,1.0,10,7,"native_joint_bound,preview_reserve",right_shoulder_roll_joint,False
256,1.5132058593750002,0,True,0.016749343187839827,0.016649343187839828,14.968077660444223,1.0,16,,,,False
256,1.5132058593750002,1,True,0.018643454097676315,0.018543454097676316,15.067608825548607,1.0,15,,,,False
256,1.5132058593750002,2,True,0.016525029148436232,0.016425029148436233,15.067608825548607,1.0,14,,,,False
256,1.5132058593750002,3,True,0.01155953835232948,0.01145953835232948,15.067608825548607,1.0,13,,,,False
256,1.5132058593750002,4,True,0.006606247354547179,0.006506247354547179,15.067608825548607,1.0,12,,,,False
256,1.5132058593750002,5,True,0.0016726637429460567,0.0015726637429460566,15.067608825548607,1.0,11,,,,False
256,1.5132058593750002,6,False,-0.0032343539621764172,-0.003334353962176417,15.067608825548607,1.0,10,7,"native_joint_bound,preview_reserve",right_shoulder_roll_joint,False
257,1.5282046875000002,0,True,0.016749343187839827,0.016649343187839828,14.968077660444223,1.0,16,,,,False
257,1.5282046875000002,1,True,0.018643454097676315,0.018543454097676316,15.067608825548607,1.0,15,,,,False
257,1.5282046875000002,2,True,0.016525029148436232,0.016425029148436233,15.067608825548607,1.0,14,,,,False
257,1.5282046875000002,3,True,0.01155953835232948,0.01145953835232948,15.067608825548607,1.0,13,,,,False
257,1.5282046875000002,4,True,0.006606247354547179,0.006506247354547179,15.067608825548607,1.0,12,,,,False
257,1.5282046875000002,5,True,0.0016726637429460567,0.0015726637429460566,15.067608825548607,1.0,11,,,,False
257,1.5282046875000002,6,False,-0.0032343539621764172,-0.003334353962176417,15.067608825548607,1.0,10,7,"native_joint_bound,preview_reserve",right_shoulder_roll_joint,False
258,1.5432035156250001,0,True,0.016749343187839827,0.016649343187839828,14.968077660444223,1.0,16,,,,False
258,1.5432035156250001,1,True,0.018643454097676315,0.018543454097676316,15.067608825548607,1.0,15,,,,False
258,1.5432035156250001,2,True,0.016525029148436232,0.016425029148436233,15.067608825548607,1.0,14,,,,False
258,1.5432035156250001,3,True,0.01155953835232948,0.01145953835232948,15.067608825548607,1.0,13,,,,False
258,1.5432035156250001,4,True,0.006606247354547179,0.006506247354547179,15.067608825548607,1.0,12,,,,False
258,1.5432035156250001,5,True,0.0016726637429460567,0.0015726637429460566,15.067608825548607,1.0,11,,,,False
258,1.5432035156250001,6,False,-0.0032343539621764172,-0.003334353962176417,15.067608825548607,1.0,10,7,"native_joint_bound,preview_reserve",right_shoulder_roll_joint,False
259,1.55820234375,0,True,0.016749343187839827,0.016649343187839828,14.968077660444223,1.0,16,,,,False
259,1.55820234375,1,True,0.018643454097676315,0.018543454097676316,15.067608825548607,1.0,15,,,,False
259,1.55820234375,2,True,0.016525029148436232,0.016425029148436233,15.067608825548607,1.0,14,,,,False
259,1.55820234375,3,True,0.01155953835232948,0.01145953835232948,15.067608825548607,1.0,13,,,,False
259,1.55820234375,4,True,0.006606247354547179,0.006506247354547179,15.067608825548607,1.0,12,,,,False
259,1.55820234375,5,True,0.0016726637429460567,0.0015726637429460566,15.067608825548607,1.0,11,,,,False
259,1.55820234375,6,False,-0.0032343539621764172,-0.003334353962176417,15.067608825548607,1.0,10,7,"native_joint_bound,preview_reserve",right_shoulder_roll_joint,False
260,1.573201171875,0,True,0.016749343187839827,0.016649343187839828,14.968077660444223,1.0,16,,,,False
260,1.573201171875,1,True,0.018643454097676315,0.018543454097676316,15.067608825548607,1.0,15,,,,False
260,1.573201171875,2,True,0.016525029148436232,0.016425029148436233,15.067608825548607,1.0,14,,,,False
260,1.573201171875,3,True,0.01155953835232948,0.01145953835232948,15.067608825548607,1.0,13,,,,False
260,1.573201171875,4,True,0.006606247354547179,0.006506247354547179,15.067608825548607,1.0,12,,,,False
260,1.573201171875,5,True,0.0016726637429460567,0.0015726637429460566,15.067608825548607,1.0,11,,,,False
260,1.573201171875,6,False,-0.0032343539621764172,-0.003334353962176417,15.067608825548607,1.0,10,7,"native_joint_bound,preview_reserve",right_shoulder_roll_joint,False
261,1.5882,0,True,0.016749343187839827,0.016649343187839828,14.968077660444223,1.0,16,,,,False
261,1.5882,1,True,0.018643454097676315,0.018543454097676316,15.067608825548607,1.0,15,,,,False
261,1.5882,2,True,0.016525029148436232,0.016425029148436233,15.067608825548607,1.0,14,,,,False
261,1.5882,3,True,0.01155953835232948,0.01145953835232948,15.067608825548607,1.0,13,,,,False
261,1.5882,4,True,0.006606247354547179,0.006506247354547179,15.067608825548607,1.0,12,,,,False
261,1.5882,5,True,0.0016726637429460567,0.0015726637429460566,15.067608825548607,1.0,11,,,,False
261,1.5882,6,False,-0.0032343539621764172,-0.003334353962176417,15.067608825548607,1.0,10,7,"native_joint_bound,preview_reserve",right_shoulder_roll_joint,False
262,-0.599754052734375,0,True,0.022333369349689658,0.02223336934968966,14.968077660444223,1.0,1,,,,False
262,-0.599754052734375,1,True,0.021450622207179304,0.021350622207179305,15.067608825548607,1.0,1,,,,False
262,-0.599754052734375,2,True,0.01648820486860636,0.01638820486860636,15.067608825548607,1.0,1,,,,False
262,-0.599754052734375,3,True,0.011529411180125404,0.011429411180125405,15.067608825548607,1.0,1,,,,False
262,-0.599754052734375,4,True,0.006582439753581859,0.006482439753581859,15.067608825548607,1.0,1,,,,False
262,-0.599754052734375,5,True,0.0016548163791489934,0.0015548163791489933,15.067608825548607,1.0,1,,,,False
262,-0.599754052734375,6,False,-0.0032465821370952774,-0.0033465821370952773,15.067608825548607,1.0,1,7,"native_joint_bound,preview_reserve",right_shoulder_roll_joint,False
263,-0.59787919921875,0,True,0.022304400405146918,0.02220440040514692,14.968077660444223,1.0,1,,,,False
263,-0.59787919921875,1,True,0.021452938522604548,0.02135293852260455,15.067608825548607,1.0,1,,,,False
263,-0.59787919921875,2,True,0.016490519357940325,0.016390519357940326,15.067608825548607,1.0,1,,,,False
263,-0.59787919921875,3,True,0.011531723805028982,0.011431723805028982,15.067608825548607,1.0,1,,,,False
263,-0.59787919921875,4,True,0.006584750475205681,0.00648475047520568,15.067608825548607,1.0,1,,,,False
263,-0.59787919921875,5,True,0.0016571251578008095,0.0015571251578008094,15.067608825548607,1.0,1,,,,False
263,-0.59787919921875,6,False,-0.003244275342161984,-0.003344275342161984,15.067608825548607,1.0,1,7,"native_joint_bound,preview_reserve",right_shoulder_roll_joint,False
264,-0.596004345703125,0,True,0.022275430375203964,0.022175430375203965,14.968077660444223,1.0,1,,,,False
264,-0.596004345703125,1,True,0.021455254838030235,0.021355254838030236,15.067608825548607,1.0,1,,,,False
264,-0.596004345703125,2,True,0.016492833847273847,0.016392833847273847,15.067608825548607,1.0,1,,,,False
264,-0.596004345703125,3,True,0.011534036429933003,0.011434036429933004,15.067608825548607,1.0,1,,,,False
264,-0.596004345703125,4,True,0.006587061196829502,0.006487061196829502,15.067608825548607,1.0,1,,,,False
264,-0.596004345703125,5,True,0.0016594339364530697,0.0015594339364530696,15.067608825548607,1.0,1,,,,False
264,-0.596004345703125,6,False,-0.0032419685472282467,-0.0033419685472282465,15.067608825548607,1.0,1,7,"native_joint_bound,preview_reserve",right_shoulder_roll_joint,False
265,-0.5941294921875,0,True,0.022246459261904494,0.022146459261904495,14.968077660444223,1.0,1,,,,False
265,-0.5941294921875,1,True,0.02145757115345548,0.02135757115345548,15.067608825548607,1.0,1,,,,False
265,-0.5941294921875,2,True,0.016495148336607368,0.01639514833660737,15.067608825548607,1.0,1,,,,False
265,-0.5941294921875,3,True,0.011536349054837025,0.011436349054837026,15.067608825548607,1.0,1,,,,False
265,-0.5941294921875,4,True,0.006589371918453768,0.006489371918453768,15.067608825548607,1.0,1,,,,False
265,-0.5941294921875,5,True,0.0016617427151048858,0.0015617427151048858,15.067608825548607,1.0,1,,,,False
265,-0.5941294921875,6,False,-0.0032396617522945093,-0.003339661752294509,15.067608825548607,1.0,1,7,"native_joint_bound,preview_reserve",right_shoulder_roll_joint,False
266,-0.592254638671875,0,True,0.02221748706729354,0.02211748706729354,14.968077660444223,1.0,1,,,,False
266,-0.592254638671875,1,True,0.021459887468880723,0.021359887468880723,15.067608825548607,1.0,1,,,,False
266,-0.592254638671875,2,True,0.016497462825941334,0.016397462825941334,15.067608825548607,1.0,1,,,,False
266,-0.592254638671875,3,True,0.011538661679741047,0.011438661679741047,15.067608825548607,1.0,1,,,,False
266,-0.592254638671875,4,True,0.00659168264007759,0.006491682640077589,15.067608825548607,1.0,1,,,,False
266,-0.592254638671875,5,True,0.001664051493757146,0.001564051493757146,15.067608825548607,1.0,1,,,,False
266,-0.592254638671875,6,False,-0.003237354957360772,-0.0033373549573607717,15.067608825548607,1.0,1,7,"native_joint_bound,preview_reserve",right_shoulder_roll_joint,False
267,-0.59037978515625,0,True,0.02218851379341391,0.02208851379341391,14.968077660444223,1.0,1,,,,False
267,-0.59037978515625,1,True,0.02146220378430641,0.02136220378430641,15.067608825548607,1.0,1,,,,False
267,-0.59037978515625,2,True,0.016499777315274855,0.016399777315274856,15.067608825548607,1.0,1,,,,False
267,-0.59037978515625,3,True,0.011540974304645069,0.01144097430464507,15.067608825548607,1.0,1,,,,False
267,-0.59037978515625,4,True,0.006593993361701411,0.006493993361701411,15.067608825548607,1.0,1,,,,False
267,-0.59037978515625,5,True,0.0016663602724089621,0.001566360272408962,15.067608825548607,1.0,1,,,,False
267,-0.59037978515625,6,False,-0.0032350481624270344,-0.0033350481624270342,15.067608825548607,1.0,1,7,"native_joint_bound,preview_reserve",right_shoulder_roll_joint,False
268,-0.588504931640625,0,True,0.022159539442311083,0.022059539442311083,14.968077660444223,1.0,1,,,,False
268,-0.588504931640625,1,True,0.021464520099731654,0.021364520099731655,15.067608825548607,1.0,1,,,,False
268,-0.588504931640625,2,True,0.01650209180460882,0.01640209180460882,15.067608825548607,1.0,1,,,,False
268,-0.588504931640625,3,True,0.011543286929548646,0.011443286929548647,15.067608825548607,1.0,1,,,,False
268,-0.588504931640625,4,True,0.006596304083325677,0.006496304083325677,15.067608825548607,1.0,1,,,,False
268,-0.588504931640625,5,True,0.0016686690510612223,0.0015686690510612223,15.067608825548607,1.0,1,,,,False
268,-0.588504931640625,6,False,-0.0032343539621764172,-0.003334353962176417,15.067608825548607,1.0,2,7,"native_joint_bound,preview_reserve",right_shoulder_roll_joint,False
269,-0.584755224609375,0,True,0.022101587516617727,0.022001587516617727,14.968077660444223,1.0,1,,,,False
269,-0.584755224609375,1,True,0.021469152730582586,0.021369152730582586,15.067608825548607,1.0,1,,,,False
269,-0.584755224609375,2,True,0.016506720783275863,0.016406720783275864,15.067608825548607,1.0,1,,,,False
269,-0.584755224609375,3,True,0.01154791217935669,0.01144791217935669,15.067608825548607,1.0,1,,,,False
269,-0.584755224609375,4,True,0.006600925526573764,0.006500925526573764,15.067608825548607,1.0,1,,,,False
269,-0.584755224609375,5,True,0.0016726637429460567,0.0015726637429460566,15.067608825548607,1.0,2,,,,False
269,-0.584755224609375,6,False,-0.0032343539621764172,-0.003334353962176417,15.067608825548607,1.0,2,7,"native_joint_bound,preview_reserve",right_shoulder_roll_joint,False
270,-0.58288037109375,0,True,0.02207260994611948,0.021972609946119482,14.968077660444223,1.0,1,,,,False
270,-0.58288037109375,1,True,0.02147146904600783,0.02137146904600783,15.067608825548607,1.0,1,,,,False
270,-0.58288037109375,2,True,0.01650903527260983,0.01640903527260983,15.067608825548607,1.0,1,,,,False
270,-0.58288037109375,3,True,0.011550224804260711,0.011450224804260712,15.067608825548607,1.0,1,,,,False
270,-0.58288037109375,4,True,0.006603236248197586,0.006503236248197586,15.067608825548607,1.0,1,,,,False
270,-0.58288037109375,5,True,0.0016726637429460567,0.0015726637429460566,15.067608825548607,1.0,2,,,,False
270,-0.58288037109375,6,False,-0.0032343539621764172,-0.003334353962176417,15.067608825548607,1.0,2,7,"native_joint_bound,preview_reserve",right_shoulder_roll_joint,False
271,-0.581005517578125,0,True,0.022043631306583933,0.021943631306583933,14.968077660444223,1.0,1,,,,False
271,-0.581005517578125,1,True,0.021473785361433073,0.021373785361433074,15.067608825548607,1.0,1,,,,False
271,-0.581005517578125,2,True,0.01651134976194335,0.01641134976194335,15.067608825548607,1.0,1,,,,False
271,-0.581005517578125,3,True,0.011552537429164733,0.011452537429164734,15.067608825548607,1.0,1,,,,False
271,-0.581005517578125,4,True,0.0066055469698214075,0.006505546969821407,15.067608825548607,1.0,1,,,,False
271,-0.581005517578125,5,True,0.0016726637429460567,0.0015726637429460566,15.067608825548607,1.0,2,,,,False
271,-0.581005517578125,6,False,-0.0032343539621764172,-0.003334353962176417,15.067608825548607,1.0,2,7,"native_joint_bound,preview_reserve",right_shoulder_roll_joint,False
272,-0.5791306640625,0,True,0.022014651600056556,0.021914651600056557,14.968077660444223,1.0,1,,,,False
272,-0.5791306640625,1,True,0.02147610167685876,0.02137610167685876,15.067608825548607,1.0,1,,,,False
272,-0.5791306640625,2,True,0.016513664251277316,0.016413664251277316,15.067608825548607,1.0,1,,,,False
272,-0.5791306640625,3,True,0.01155485005406831,0.011454850054068311,15.067608825548607,1.0,1,,,,False
272,-0.5791306640625,4,True,0.006606247354547179,0.006506247354547179,15.067608825548607,1.0,2,,,,False
272,-0.5791306640625,5,True,0.0016726637429460567,0.0015726637429460566,15.067608825548607,1.0,2,,,,False
272,-0.5791306640625,6,False,-0.0032343539621764172,-0.003334353962176417,15.067608825548607,1.0,2,7,"native_joint_bound,preview_reserve",right_shoulder_roll_joint,False
273,-0.577255810546875,0,True,0.021985670828587267,0.021885670828587268,14.968077660444223,1.0,1,,,,False
273,-0.577255810546875,1,True,0.021478417992284005,0.021378417992284005,15.067608825548607,1.0,1,,,,False
273,-0.577255810546875,2,True,0.016515978740610837,0.016415978740610838,15.067608825548607,1.0,1,,,,False
273,-0.577255810546875,3,True,0.011557162678972333,0.011457162678972333,15.067608825548607,1.0,1,,,,False
273,-0.577255810546875,4,True,0.006606247354547179,0.006506247354547179,15.067608825548607,1.0,2,,,,False
273,-0.577255810546875,5,True,0.0016726637429460567,0.0015726637429460566,15.067608825548607,1.0,2,,,,False
273,-0.577255810546875,6,False,-0.0032343539621764172,-0.003334353962176417,15.067608825548607,1.0,2,7,"native_joint_bound,preview_reserve",right_shoulder_roll_joint,False
274,-0.57538095703125,0,True,0.021956688994223317,0.021856688994223317,14.968077660444223,1.0,1,,,,False
274,-0.57538095703125,1,True,0.02148073430770925,0.02138073430770925,15.067608825548607,1.0,1,,,,False
274,-0.57538095703125,2,True,0.01651829322994436,0.01641829322994436,15.067608825548607,1.0,1,,,,False
274,-0.57538095703125,3,True,0.011559475303876354,0.011459475303876355,15.067608825548607,1.0,1,,,,False
274,-0.57538095703125,4,True,0.006606247354547179,0.006506247354547179,15.067608825548607,1.0,2,,,,False
274,-0.57538095703125,5,True,0.0016726637429460567,0.0015726637429460566,15.067608825548607,1.0,2,,,,False
274,-0.57538095703125,6,False,-0.0032343539621764172,-0.003334353962176417,15.067608825548607,1.0,2,7,"native_joint_bound,preview_reserve",right_shoulder_roll_joint,False
275,-0.573506103515625,0,True,0.021927706099015065,0.021827706099015066,14.968077660444223,1.0,1,,,,False
275,-0.573506103515625,1,True,0.021483050623134936,0.021383050623134937,15.067608825548607,1.0,1,,,,False
275,-0.573506103515625,2,True,0.016520607719278324,0.016420607719278325,15.067608825548607,1.0,1,,,,False
275,-0.573506103515625,3,True,0.01155953835232948,0.01145953835232948,15.067608825548607,1.0,2,,,,False
275,-0.573506103515625,4,True,0.006606247354547179,0.006506247354547179,15.067608825548607,1.0,2,,,,False
275,-0.573506103515625,5,True,0.0016726637429460567,0.0015726637429460566,15.067608825548607,1.0,2,,,,False
275,-0.573506103515625,6,False,-0.0032343539621764172,-0.003334353962176417,15.067608825548607,1.0,2,7,"native_joint_bound,preview_reserve",right_shoulder_roll_joint,False
276,-0.569756396484375,0,True,0.021869737134263545,0.021769737134263546,14.968077660444223,1.0,1,,,,False
276,-0.569756396484375,1,True,0.021487683253985423,0.021387683253985424,15.067608825548607,1.0,1,,,,False
276,-0.569756396484375,2,True,0.016525029148436232,0.016425029148436233,15.067608825548607,1.0,2,,,,False
276,-0.569756396484375,3,True,0.01155953835232948,0.01145953835232948,15.067608825548607,1.0,2,,,,False
276,-0.569756396484375,4,True,0.006606247354547179,0.006506247354547179,15.067608825548607,1.0,2,,,,False
276,-0.569756396484375,5,True,0.0016726637429460567,0.0015726637429460566,15.067608825548607,1.0,2,,,,False
276,-0.569756396484375,6,False,-0.0032343539621764172,-0.003334353962176417,15.067608825548607,1.0,2,7,"native_joint_bound,preview_reserve",right_shoulder_roll_joint,False
277,-0.56788154296875,0,True,0.021840751068820108,0.02174075106882011,14.968077660444223,1.0,1,,,,False
277,-0.56788154296875,1,True,0.02148999956941111,0.021389999569411112,15.067608825548607,1.0,1,,,,False
277,-0.56788154296875,2,True,0.016525029148436232,0.016425029148436233,15.067608825548607,1.0,2,,,,False
277,-0.56788154296875,3,True,0.01155953835232948,0.01145953835232948,15.067608825548607,1.0,2,,,,False
277,-0.56788154296875,4,True,0.006606247354547179,0.006506247354547179,15.067608825548607,1.0,2,,,,False
277,-0.56788154296875,5,True,0.0016726637429460567,0.0015726637429460566,15.067608825548607,1.0,2,,,,False
277,-0.56788154296875,6,False,-0.0032343539621764172,-0.003334353962176417,15.067608825548607,1.0,2,7,"native_joint_bound,preview_reserve",right_shoulder_roll_joint,False
278,-0.566006689453125,0,True,0.02181176395073603,0.02171176395073603,14.968077660444223,1.0,1,,,,False
278,-0.566006689453125,1,True,0.021492315884836355,0.021392315884836356,15.067608825548607,1.0,1,,,,False
278,-0.566006689453125,2,True,0.016525029148436232,0.016425029148436233,15.067608825548607,1.0,2,,,,False
278,-0.566006689453125,3,True,0.01155953835232948,0.01145953835232948,15.067608825548607,1.0,2,,,,False
278,-0.566006689453125,4,True,0.006606247354547179,0.006506247354547179,15.067608825548607,1.0,2,,,,False
278,-0.566006689453125,5,True,0.0016726637429460567,0.0015726637429460566,15.067608825548607,1.0,2,,,,False
278,-0.566006689453125,6,False,-0.0032343539621764172,-0.003334353962176417,15.067608825548607,1.0,2,7,"native_joint_bound,preview_reserve",right_shoulder_roll_joint,False
279,-0.5641318359375,0,True,0.021782775782059893,0.021682775782059894,14.968077660444223,1.0,1,,,,False
279,-0.5641318359375,1,True,0.021494538975819655,0.021394538975819655,15.067608825548607,1.0,2,,,,False
279,-0.5641318359375,2,True,0.016525029148436232,0.016425029148436233,15.067608825548607,1.0,2,,,,False
279,-0.5641318359375,3,True,0.01155953835232948,0.01145953835232948,15.067608825548607,1.0,2,,,,False
279,-0.5641318359375,4,True,0.006606247354547179,0.006506247354547179,15.067608825548607,1.0,2,,,,False
279,-0.5641318359375,5,True,0.0016726637429460567,0.0015726637429460566,15.067608825548607,1.0,2,,,,False
279,-0.5641318359375,6,False,-0.0032343539621764172,-0.003334353962176417,15.067608825548607,1.0,2,7,"native_joint_bound,preview_reserve",right_shoulder_roll_joint,False
280,-0.562256982421875,0,True,0.021753786564845612,0.021653786564845613,14.968077660444223,1.0,1,,,,False
280,-0.562256982421875,1,True,0.021494538975819655,0.021394538975819655,15.067608825548607,1.0,2,,,,False
280,-0.562256982421875,2,True,0.016525029148436232,0.016425029148436233,15.067608825548607,1.0,2,,,,False
280,-0.562256982421875,3,True,0.01155953835232948,0.01145953835232948,15.067608825548607,1.0,2,,,,False
280,-0.562256982421875,4,True,0.006606247354547179,0.006506247354547179,15.067608825548607,1.0,2,,,,False
280,-0.562256982421875,5,True,0.0016726637429460567,0.0015726637429460566,15.067608825548607,1.0,2,,,,False
280,-0.562256982421875,6,False,-0.0032343539621764172,-0.003334353962176417,15.067608825548607,1.0,2,7,"native_joint_bound,preview_reserve",right_shoulder_roll_joint,False
281,-0.56038212890625,0,True,0.021724796301145766,0.021624796301145766,14.968077660444223,1.0,1,,,,False
281,-0.56038212890625,1,True,0.021494538975819655,0.021394538975819655,15.067608825548607,1.0,2,,,,False
281,-0.56038212890625,2,True,0.016525029148436232,0.016425029148436233,15.067608825548607,1.0,2,,,,False
281,-0.56038212890625,3,True,0.01155953835232948,0.01145953835232948,15.067608825548607,1.0,2,,,,False
281,-0.56038212890625,4,True,0.006606247354547179,0.006506247354547179,15.067608825548607,1.0,2,,,,False
281,-0.56038212890625,5,True,0.0016726637429460567,0.0015726637429460566,15.067608825548607,1.0,2,,,,False
281,-0.56038212890625,6,False,-0.0032343539621764172,-0.003334353962176417,15.067608825548607,1.0,2,7,"native_joint_bound,preview_reserve",right_shoulder_roll_joint,False
282,-0.5585072753906251,0,True,0.02169580499301338,0.02159580499301338,14.968077660444223,1.0,1,,,,False
282,-0.5585072753906251,1,True,0.021494538975819655,0.021394538975819655,15.067608825548607,1.0,2,,,,False
282,-0.5585072753906251,2,True,0.016525029148436232,0.016425029148436233,15.067608825548607,1.0,2,,,,False
282,-0.5585072753906251,3,True,0.01155953835232948,0.01145953835232948,15.067608825548607,1.0,2,,,,False
282,-0.5585072753906251,4,True,0.006606247354547179,0.006506247354547179,15.067608825548607,1.0,2,,,,False
282,-0.5585072753906251,5,True,0.0016726637429460567,0.0015726637429460566,15.067608825548607,1.0,2,,,,False
282,-0.5585072753906251,6,False,-0.0032343539621764172,-0.003334353962176417,15.067608825548607,1.0,2,7,"native_joint_bound,preview_reserve",right_shoulder_roll_joint,False
283,-0.5547575683593751,0,True,0.021641627936720198,0.0215416279367202,14.968077660444223,1.0,2,,,,False
283,-0.5547575683593751,1,True,0.021494538975819655,0.021394538975819655,15.067608825548607,1.0,2,,,,False
283,-0.5547575683593751,2,True,0.016525029148436232,0.016425029148436233,15.067608825548607,1.0,2,,,,False
283,-0.5547575683593751,3,True,0.01155953835232948,0.01145953835232948,15.067608825548607,1.0,2,,,,False
283,-0.5547575683593751,4,True,0.006606247354547179,0.006506247354547179,15.067608825548607,1.0,2,,,,False
283,-0.5547575683593751,5,True,0.0016726637429460567,0.0015726637429460566,15.067608825548607,1.0,2,,,,False
283,-0.5547575683593751,6,False,-0.0032343539621764172,-0.003334353962176417,15.067608825548607,1.0,2,7,"native_joint_bound,preview_reserve",right_shoulder_roll_joint,False
284,-0.5528827148437501,0,True,0.021614729640638597,0.021514729640638598,14.968077660444223,1.0,2,,,,False
284,-0.5528827148437501,1,True,0.021494538975819655,0.021394538975819655,15.067608825548607,1.0,2,,,,False
284,-0.5528827148437501,2,True,0.016525029148436232,0.016425029148436233,15.067608825548607,1.0,2,,,,False
284,-0.5528827148437501,3,True,0.01155953835232948,0.01145953835232948,15.067608825548607,1.0,2,,,,False
284,-0.5528827148437501,4,True,0.006606247354547179,0.006506247354547179,15.067608825548607,1.0,2,,,,False
284,-0.5528827148437501,5,True,0.0016726637429460567,0.0015726637429460566,15.067608825548607,1.0,2,,,,False
284,-0.5528827148437501,6,False,-0.0032343539621764172,-0.003334353962176417,15.067608825548607,1.0,2,7,"native_joint_bound,preview_reserve",right_shoulder_roll_joint,False
285,-0.5510078613281251,0,True,0.021587830549464115,0.021487830549464116,14.968077660444223,1.0,2,,,,False
285,-0.5510078613281251,1,True,0.021494538975819655,0.021394538975819655,15.067608825548607,1.0,2,,,,False
285,-0.5510078613281251,2,True,0.016525029148436232,0.016425029148436233,15.067608825548607,1.0,2,,,,False
285,-0.5510078613281251,3,True,0.01155953835232948,0.01145953835232948,15.067608825548607,1.0,2,,,,False
285,-0.5510078613281251,4,True,0.006606247354547179,0.006506247354547179,15.067608825548607,1.0,2,,,,False
285,-0.5510078613281251,5,True,0.0016726637429460567,0.0015726637429460566,15.067608825548607,1.0,2,,,,False
285,-0.5510078613281251,6,False,-0.0032343539621764172,-0.003334353962176417,15.067608825548607,1.0,2,7,"native_joint_bound,preview_reserve",right_shoulder_roll_joint,False
286,-0.5491330078125001,0,True,0.02156093066475462,0.02146093066475462,14.968077660444223,1.0,2,,,,False
286,-0.5491330078125001,1,True,0.021494538975819655,0.021394538975819655,15.067608825548607,1.0,2,,,,False
286,-0.5491330078125001,2,True,0.016525029148436232,0.016425029148436233,15.067608825548607,1.0,2,,,,False
286,-0.5491330078125001,3,True,0.01155953835232948,0.01145953835232948,15.067608825548607,1.0,2,,,,False
286,-0.5491330078125001,4,True,0.006606247354547179,0.006506247354547179,15.067608825548607,1.0,2,,,,False
286,-0.5491330078125001,5,True,0.0016726637429460567,0.0015726637429460566,15.067608825548607,1.0,2,,,,False
286,-0.5491330078125001,6,False,-0.0032343539621764172,-0.003334353962176417,15.067608825548607,1.0,2,7,"native_joint_bound,preview_reserve",right_shoulder_roll_joint,False
287,-0.5472581542968751,0,True,0.02153402998806575,0.02143402998806575,14.968077660444223,1.0,2,,,,False
287,-0.5472581542968751,1,True,0.021494538975819655,0.021394538975819655,15.067608825548607,1.0,2,,,,False
287,-0.5472581542968751,2,True,0.016525029148436232,0.016425029148436233,15.067608825548607,1.0,2,,,,False
287,-0.5472581542968751,3,True,0.01155953835232948,0.01145953835232948,15.067608825548607,1.0,2,,,,False
287,-0.5472581542968751,4,True,0.006606247354547179,0.006506247354547179,15.067608825548607,1.0,2,,,,False
287,-0.5472581542968751,5,True,0.0016726637429460567,0.0015726637429460566,15.067608825548607,1.0,2,,,,False
287,-0.5472581542968751,6,False,-0.0032343539621764172,-0.003334353962176417,15.067608825548607,1.0,2,7,"native_joint_bound,preview_reserve",right_shoulder_roll_joint,False
288,-0.5453833007812501,0,True,0.021507128520954932,0.021407128520954933,14.968077660444223,1.0,2,,,,False
288,-0.5453833007812501,1,True,0.021494538975819655,0.021394538975819655,15.067608825548607,1.0,2,,,,False
288,-0.5453833007812501,2,True,0.016525029148436232,0.016425029148436233,15.067608825548607,1.0,2,,,,False
288,-0.5453833007812501,3,True,0.01155953835232948,0.01145953835232948,15.067608825548607,1.0,2,,,,False
288,-0.5453833007812501,4,True,0.006606247354547179,0.006506247354547179,15.067608825548607,1.0,2,,,,False
288,-0.5453833007812501,5,True,0.0016726637429460567,0.0015726637429460566,15.067608825548607,1.0,2,,,,False
288,-0.5453833007812501,6,False,-0.0032343539621764172,-0.003334353962176417,15.067608825548607,1.0,2,7,"native_joint_bound,preview_reserve",right_shoulder_roll_joint,False
289,-0.5435084472656251,0,True,0.02148022626497914,0.02138022626497914,14.968077660444223,1.0,2,,,,False
289,-0.5435084472656251,1,True,0.021494538975819655,0.021394538975819655,15.067608825548607,1.0,2,,,,False
289,-0.5435084472656251,2,True,0.016525029148436232,0.016425029148436233,15.067608825548607,1.0,2,,,,False
289,-0.5435084472656251,3,True,0.01155953835232948,0.01145953835232948,15.067608825548607,1.0,2,,,,False
289,-0.5435084472656251,4,True,0.006606247354547179,0.006506247354547179,15.067608825548607,1.0,2,,,,False
289,-0.5435084472656251,5,True,0.0016726637429460567,0.0015726637429460566,15.067608825548607,1.0,2,,,,False
289,-0.5435084472656251,6,False,-0.0032343539621764172,-0.003334353962176417,15.067608825548607,1.0,2,7,"native_joint_bound,preview_reserve",right_shoulder_roll_joint,False
290,-0.5901454284667969,0,True,0.02218489205839491,0.022084892058394912,14.968077660444223,1.0,1,,,,False
290,-0.5901454284667969,1,True,0.0214624933237344,0.0213624933237344,15.067608825548607,1.0,1,,,,False
290,-0.5901454284667969,2,True,0.01650006662644188,0.01640006662644188,15.067608825548607,1.0,1,,,,False
290,-0.5901454284667969,3,True,0.011541263382758071,0.011441263382758072,15.067608825548607,1.0,1,,,,False
290,-0.5901454284667969,4,True,0.006594282201904722,0.006494282201904722,15.067608825548607,1.0,1,,,,False
290,-0.5901454284667969,5,True,0.0016666488697403281,0.001566648869740328,15.067608825548607,1.0,1,,,,False
290,-0.5901454284667969,6,False,-0.0032347598130604283,-0.003334759813060428,15.067608825548607,1.0,1,7,"native_joint_bound,preview_reserve",right_shoulder_roll_joint,False
291,-0.5899110717773437,0,True,0.02218127030654804,0.02208127030654804,14.968077660444223,1.0,1,,,,False
291,-0.5899110717773437,1,True,0.02146278286316239,0.02136278286316239,15.067608825548607,1.0,1,,,,False
291,-0.5899110717773437,2,True,0.016500355937608457,0.016400355937608458,15.067608825548607,1.0,1,,,,False
291,-0.5899110717773437,3,True,0.011541552460871074,0.011441552460871075,15.067608825548607,1.0,1,,,,False
291,-0.5899110717773437,4,True,0.006594571042107589,0.0064945710421075884,15.067608825548607,1.0,1,,,,False
291,-0.5899110717773437,5,True,0.0016669374670721382,0.0015669374670721381,15.067608825548607,1.0,1,,,,False
291,-0.5899110717773437,6,False,-0.003234471463693822,-0.003334471463693822,15.067608825548607,1.0,1,7,"native_joint_bound,preview_reserve",right_shoulder_roll_joint,False
292,-0.5896767150878907,0,True,0.022177648537877737,0.022077648537877737,14.968077660444223,1.0,1,,,,False
292,-0.5896767150878907,1,True,0.02146307240259082,0.021363072402590822,15.067608825548607,1.0,1,,,,False
292,-0.5896767150878907,2,True,0.016500645248775037,0.016400645248775037,15.067608825548607,1.0,1,,,,False
292,-0.5896767150878907,3,True,0.011541841538984077,0.011441841538984077,15.067608825548607,1.0,1,,,,False
292,-0.5896767150878907,4,True,0.006594859882310455,0.006494859882310455,15.067608825548607,1.0,1,,,,False
292,-0.5896767150878907,5,True,0.0016672260644035042,0.0015672260644035041,15.067608825548607,1.0,1,,,,False
292,-0.5896767150878907,6,False,-0.0032343539621764172,-0.003334353962176417,15.067608825548607,1.0,2,7,"native_joint_bound,preview_reserve",right_shoulder_roll_joint,False
293,-0.5894423583984375,0,True,0.022174026752387554,0.022074026752387555,14.968077660444223,1.0,1,,,,False
293,-0.5894423583984375,1,True,0.02146336194201881,0.02136336194201881,15.067608825548607,1.0,1,,,,False
293,-0.5894423583984375,2,True,0.016500934559941616,0.016400934559941616,15.067608825548607,1.0,1,,,,False
293,-0.5894423583984375,3,True,0.01154213061709708,0.01144213061709708,15.067608825548607,1.0,1,,,,False
293,-0.5894423583984375,4,True,0.006595148722513766,0.006495148722513766,15.067608825548607,1.0,1,,,,False
293,-0.5894423583984375,5,True,0.0016675146617348702,0.0015675146617348701,15.067608825548607,1.0,1,,,,False
293,-0.5894423583984375,6,False,-0.0032343539621764172,-0.003334353962176417,15.067608825548607,1.0,2,7,"native_joint_bound,preview_reserve",right_shoulder_roll_joint,False
294,-0.5892080017089844,0,True,0.022170404950081934,0.022070404950081935,14.968077660444223,1.0,1,,,,False
294,-0.5892080017089844,1,True,0.021463651481447243,0.021363651481447244,15.067608825548607,1.0,1,,,,False
294,-0.5892080017089844,2,True,0.01650122387110864,0.01640122387110864,15.067608825548607,1.0,1,,,,False
294,-0.5892080017089844,3,True,0.011542419695210082,0.011442419695210083,15.067608825548607,1.0,1,,,,False
294,-0.5892080017089844,4,True,0.006595437562716633,0.006495437562716633,15.067608825548607,1.0,1,,,,False
294,-0.5892080017089844,5,True,0.0016678032590666803,0.0015678032590666802,15.067608825548607,1.0,1,,,,False
294,-0.5892080017089844,6,False,-0.0032343539621764172,-0.003334353962176417,15.067608825548607,1.0,2,7,"native_joint_bound,preview_reserve",right_shoulder_roll_joint,False
295,-0.5889736450195313,0,True,0.02216678313096443,0.02206678313096443,14.968077660444223,1.0,1,,,,False
295,-0.5889736450195313,1,True,0.021463941020875232,0.021363941020875233,15.067608825548607,1.0,1,,,,False
295,-0.5889736450195313,2,True,0.016501513182275218,0.01640151318227522,15.067608825548607,1.0,1,,,,False
295,-0.5889736450195313,3,True,0.011542708773323085,0.011442708773323085,15.067608825548607,1.0,1,,,,False
295,-0.5889736450195313,4,True,0.0065957264029194995,0.006495726402919499,15.067608825548607,1.0,1,,,,False
295,-0.5889736450195313,5,True,0.0016680918563980462,0.0015680918563980462,15.067608825548607,1.0,1,,,,False
295,-0.5889736450195313,6,False,-0.0032343539621764172,-0.003334353962176417,15.067608825548607,1.0,2,7,"native_joint_bound,preview_reserve",right_shoulder_roll_joint,False
296,-0.5887392883300782,0,True,0.02216316129503859,0.022063161295038592,14.968077660444223,1.0,1,,,,False
296,-0.5887392883300782,1,True,0.021464230560303665,0.021364230560303666,15.067608825548607,1.0,1,,,,False
296,-0.5887392883300782,2,True,0.016501802493441797,0.016401802493441798,15.067608825548607,1.0,1,,,,False
296,-0.5887392883300782,3,True,0.011542997851435643,0.011442997851435644,15.067608825548607,1.0,1,,,,False
296,-0.5887392883300782,4,True,0.006596015243122366,0.006496015243122366,15.067608825548607,1.0,1,,,,False
296,-0.5887392883300782,5,True,0.0016683804537294122,0.0015683804537294122,15.067608825548607,1.0,1,,,,False
296,-0.5887392883300782,6,False,-0.0032343539621764172,-0.003334353962176417,15.067608825548607,1.0,2,7,"native_joint_bound,preview_reserve",right_shoulder_roll_joint,False
297,-0.5882705749511719,0,True,0.02215591757278279,0.02205591757278279,14.968077660444223,1.0,1,,,,False
297,-0.5882705749511719,1,True,0.021464809639159643,0.021364809639159644,15.067608825548607,1.0,1,,,,False
297,-0.5882705749511719,2,True,0.0165023811157754,0.0164023811157754,15.067608825548607,1.0,1,,,,False
297,-0.5882705749511719,3,True,0.011543576007661649,0.01144357600766165,15.067608825548607,1.0,1,,,,False
297,-0.5882705749511719,4,True,0.006596592923528544,0.006496592923528543,15.067608825548607,1.0,1,,,,False
297,-0.5882705749511719,5,True,0.0016689576483925883,0.0015689576483925883,15.067608825548607,1.0,1,,,,False
297,-0.5882705749511719,6,False,-0.0032343539621764172,-0.003334353962176417,15.067608825548607,1.0,2,7,"native_joint_bound,preview_reserve",right_shoulder_roll_joint,False
298,-0.5880362182617187,0,True,0.0221522956864586,0.0220522956864586,14.968077660444223,1.0,1,,,,False
298,-0.5880362182617187,1,True,0.021465099178588076,0.021365099178588077,15.067608825548607,1.0,1,,,,False
298,-0.5880362182617187,2,True,0.01650267042694198,0.01640267042694198,15.067608825548607,1.0,1,,,,False
298,-0.5880362182617187,3,True,0.011543865085774652,0.011443865085774652,15.067608825548607,1.0,1,,,,False
298,-0.5880362182617187,4,True,0.00659688176373141,0.00649688176373141,15.067608825548607,1.0,1,,,,False
298,-0.5880362182617187,5,True,0.0016692462457239543,0.0015692462457239543,15.067608825548607,1.0,1,,,,False
298,-0.5880362182617187,6,False,-0.0032343539621764172,-0.003334353962176417,15.067608825548607,1.0,2,7,"native_joint_bound,preview_reserve",right_shoulder_roll_joint,False
299,-0.5878018615722657,0,True,0.022148673783343398,0.0220486737833434,14.968077660444223,1.0,1,,,,False
299,-0.5878018615722657,1,True,0.021465388718016065,0.021365388718016066,15.067608825548607,1.0,1,,,,False
299,-0.5878018615722657,2,True,0.016502959738109002,0.016402959738109003,15.067608825548607,1.0,1,,,,False
299,-0.5878018615722657,3,True,0.011544154163887654,0.011444154163887655,15.067608825548607,1.0,1,,,,False
299,-0.5878018615722657,4,True,0.006597170603934721,0.006497170603934721,15.067608825548607,1.0,1,,,,False
299,-0.5878018615722657,5,True,0.0016695348430553203,0.0015695348430553202,15.067608825548607,1.0,1,,,,False
299,-0.5878018615722657,6,False,-0.0032343539621764172,-0.003334353962176417,15.067608825548607,1.0,2,7,"native_joint_bound,preview_reserve",right_shoulder_roll_joint,False
300,-0.5875675048828125,0,True,0.02214505186344029,0.02204505186344029,14.968077660444223,1.0,1,,,,False
300,-0.5875675048828125,1,True,0.021465678257444498,0.0213656782574445,15.067608825548607,1.0,1,,,,False
300,-0.5875675048828125,2,True,0.01650324904927558,0.016403249049275582,15.067608825548607,1.0,1,,,,False
300,-0.5875675048828125,3,True,0.011544443242000657,0.011444443242000658,15.067608825548607,1.0,1,,,,False
300,-0.5875675048828125,4,True,0.006597459444137588,0.0064974594441375875,15.067608825548607,1.0,1,,,,False
300,-0.5875675048828125,5,True,0.0016698234403871304,0.0015698234403871303,15.067608825548607,1.0,1,,,,False
300,-0.5875675048828125,6,False,-0.0032343539621764172,-0.003334353962176417,15.067608825548607,1.0,2,7,"native_joint_bound,preview_reserve",right_shoulder_roll_joint,False
301,-0.5873331481933594,0,True,0.022141429926753275,0.022041429926753276,14.968077660444223,1.0,1,,,,False
301,-0.5873331481933594,1,True,0.021465967796872487,0.021365967796872488,15.067608825548607,1.0,1,,,,False
301,-0.5873331481933594,2,True,0.01650353836044216,0.01640353836044216,15.067608825548607,1.0,1,,,,False
301,-0.5873331481933594,3,True,0.01154473232011366,0.01144473232011366,15.067608825548607,1.0,1,,,,False
301,-0.5873331481933594,4,True,0.0065977482843404545,0.006497748284340454,15.067608825548607,1.0,1,,,,False
301,-0.5873331481933594,5,True,0.0016701120377184964,0.0015701120377184963,15.067608825548607,1.0,1,,,,False
301,-0.5873331481933594,6,False,-0.0032343539621764172,-0.003334353962176417,15.067608825548607,1.0,2,7,"native_joint_bound,preview_reserve",right_shoulder_roll_joint,False
302,-0.5870987915039063,0,True,0.022137807973285906,0.022037807973285906,14.968077660444223,1.0,1,,,,False
302,-0.5870987915039063,1,True,0.021466257336300476,0.021366257336300477,15.067608825548607,1.0,1,,,,False
302,-0.5870987915039063,2,True,0.01650382767160874,0.01640382767160874,15.067608825548607,1.0,1,,,,False
302,-0.5870987915039063,3,True,0.011545021398226663,0.011445021398226663,15.067608825548607,1.0,1,,,,False
302,-0.5870987915039063,4,True,0.006598037124543765,0.006498037124543765,15.067608825548607,1.0,1,,,,False
302,-0.5870987915039063,5,True,0.0016704006350498624,0.0015704006350498623,15.067608825548607,1.0,1,,,,False
302,-0.5870987915039063,6,False,-0.0032343539621764172,-0.003334353962176417,15.067608825548607,1.0,2,7,"native_joint_bound,preview_reserve",right_shoulder_roll_joint,False
303,-0.5868644348144532,0,True,0.022134186003044398,0.0220341860030444,14.968077660444223,1.0,1,,,,False
303,-0.5868644348144532,1,True,0.02146654687572891,0.02136654687572891,15.067608825548607,1.0,1,,,,False
303,-0.5868644348144532,2,True,0.016504116982775763,0.016404116982775763,15.067608825548607,1.0,1,,,,False
303,-0.5868644348144532,3,True,0.011545310476339665,0.011445310476339666,15.067608825548607,1.0,1,,,,False
303,-0.5868644348144532,4,True,0.006598325964746632,0.006498325964746632,15.067608825548607,1.0,1,,,,False
303,-0.5868644348144532,5,True,0.0016706892323816724,0.0015706892323816724,15.067608825548607,1.0,1,,,,False
303,-0.5868644348144532,6,False,-0.0032343539621764172,-0.003334353962176417,15.067608825548607,1.0,2,7,"native_joint_bound,preview_reserve",right_shoulder_roll_joint,False
304,-0.5863957214355469,0,True,0.02212694201224874,0.02202694201224874,14.968077660444223,1.0,1,,,,False
304,-0.5863957214355469,1,True,0.02146712595458533,0.02136712595458533,15.067608825548607,1.0,1,,,,False
304,-0.5863957214355469,2,True,0.01650469560510892,0.01640469560510892,15.067608825548607,1.0,1,,,,False
304,-0.5863957214355469,3,True,0.01154588863256567,0.011445888632565671,15.067608825548607,1.0,1,,,,False
304,-0.5863957214355469,4,True,0.006598903645152365,0.006498903645152365,15.067608825548607,1.0,1,,,,False
304,-0.5863957214355469,5,True,0.0016712664270444044,0.0015712664270444044,15.067608825548607,1.0,1,,,,False
304,-0.5863957214355469,6,False,-0.0032343539621764172,-0.003334353962176417,15.067608825548607,1.0,2,7,"native_joint_bound,preview_reserve",right_shoulder_roll_joint,False
305,-0.5861613647460937,0,True,0.022123319991703028,0.022023319991703028,14.968077660444223,1.0,1,,,,False
305,-0.5861613647460937,1,True,0.02146741549401332,0.02136741549401332,15.067608825548607,1.0,1,,,,False
305,-0.5861613647460937,2,True,0.016504984916275944,0.016404984916275945,15.067608825548607,1.0,1,,,,False
305,-0.5861613647460937,3,True,0.011546177710678673,0.011446177710678674,15.067608825548607,1.0,1,,,,False
305,-0.5861613647460937,4,True,0.006599192485355676,0.006499192485355676,15.067608825548607,1.0,1,,,,False
305,-0.5861613647460937,5,True,0.0016715550243762145,0.0015715550243762145,15.067608825548607,1.0,1,,,,False
305,-0.5861613647460937,6,False,-0.0032343539621764172,-0.003334353962176417,15.067608825548607,1.0,2,7,"native_joint_bound,preview_reserve",right_shoulder_roll_joint,False
306,-0.5859270080566407,0,True,0.022119697954397832,0.022019697954397833,14.968077660444223,1.0,1,,,,False
306,-0.5859270080566407,1,True,0.021467705033441753,0.021367705033441754,15.067608825548607,1.0,1,,,,False
306,-0.5859270080566407,2,True,0.016505274227442523,0.016405274227442524,15.067608825548607,1.0,1,,,,False
306,-0.5859270080566407,3,True,0.011546466788791676,0.011446466788791677,15.067608825548607,1.0,1,,,,False
306,-0.5859270080566407,4,True,0.006599481325558543,0.0064994813255585425,15.067608825548607,1.0,1,,,,False
306,-0.5859270080566407,5,True,0.0016718436217075805,0.0015718436217075805,15.067608825548607,1.0,1,,,,False
306,-0.5859270080566407,6,False,-0.0032343539621764172,-0.003334353962176417,15.067608825548607,1.0,2,7,"native_joint_bound,preview_reserve",right_shoulder_roll_joint,False
307,-0.5856926513671875,0,True,0.02211607590033715,0.02201607590033715,14.968077660444223,1.0,1,,,,False
307,-0.5856926513671875,1,True,0.021467994572869742,0.021367994572869742,15.067608825548607,1.0,1,,,,False
307,-0.5856926513671875,2,True,0.016505563538609103,0.016405563538609103,15.067608825548607,1.0,1,,,,False
307,-0.5856926513671875,3,True,0.011546755866904679,0.01144675586690468,15.067608825548607,1.0,1,,,,False
307,-0.5856926513671875,4,True,0.006599770165761409,0.006499770165761409,15.067608825548607,1.0,1,,,,False
307,-0.5856926513671875,5,True,0.0016721322190389465,0.0015721322190389464,15.067608825548607,1.0,1,,,,False
307,-0.5856926513671875,6,False,-0.0032343539621764172,-0.003334353962176417,15.067608825548607,1.0,2,7,"native_joint_bound,preview_reserve",right_shoulder_roll_joint,False
308,-0.5854582946777344,0,True,0.022112453829524537,0.022012453829524537,14.968077660444223,1.0,1,,,,False
308,-0.5854582946777344,1,True,0.02146828411229773,0.02136828411229773,15.067608825548607,1.0,1,,,,False
308,-0.5854582946777344,2,True,0.016505852849776126,0.016405852849776126,15.067608825548607,1.0,1,,,,False
308,-0.5854582946777344,3,True,0.011547044945017682,0.011447044945017682,15.067608825548607,1.0,1,,,,False
308,-0.5854582946777344,4,True,0.00660005900596472,0.00650005900596472,15.067608825548607,1.0,1,,,,False
308,-0.5854582946777344,5,True,0.0016724208163707566,0.0015724208163707565,15.067608825548607,1.0,1,,,,False
308,-0.5854582946777344,6,False,-0.0032343539621764172,-0.003334353962176417,15.067608825548607,1.0,2,7,"native_joint_bound,preview_reserve",right_shoulder_roll_joint,False
309,-0.5852239379882813,0,True,0.022108831741964874,0.022008831741964874,14.968077660444223,1.0,1,,,,False
309,-0.5852239379882813,1,True,0.021468573651726164,0.021368573651726164,15.067608825548607,1.0,1,,,,False
309,-0.5852239379882813,2,True,0.016506142160942705,0.016406142160942706,15.067608825548607,1.0,1,,,,False
309,-0.5852239379882813,3,True,0.011547334023130684,0.011447334023130685,15.067608825548607,1.0,1,,,,False
309,-0.5852239379882813,4,True,0.006600347846167587,0.006500347846167587,15.067608825548607,1.0,1,,,,False
309,-0.5852239379882813,5,True,0.0016726637429460567,0.0015726637429460566,15.067608825548607,1.0,2,,,,False
309,-0.5852239379882813,6,False,-0.0032343539621764172,-0.003334353962176417,15.067608825548607,1.0,2,7,"native_joint_bound,preview_reserve",right_shoulder_roll_joint,False
310,-0.5849895812988282,0,True,0.022105209637660383,0.022005209637660384,14.968077660444223,1.0,1,,,,False
310,-0.5849895812988282,1,True,0.021468863191154153,0.021368863191154153,15.067608825548607,1.0,1,,,,False
310,-0.5849895812988282,2,True,0.016506431472109284,0.016406431472109285,15.067608825548607,1.0,1,,,,False
310,-0.5849895812988282,3,True,0.011547623101243687,0.011447623101243688,15.067608825548607,1.0,1,,,,False
310,-0.5849895812988282,4,True,0.0066006366863704535,0.006500636686370453,15.067608825548607,1.0,1,,,,False
310,-0.5849895812988282,5,True,0.0016726637429460567,0.0015726637429460566,15.067608825548607,1.0,2,,,,False
310,-0.5849895812988282,6,False,-0.0032343539621764172,-0.003334353962176417,15.067608825548607,1.0,2,7,"native_joint_bound,preview_reserve",right_shoulder_roll_joint,False
311,-0.5845208679199219,0,True,0.022097965378838236,0.021997965378838236,14.968077660444223,1.0,1,,,,False
311,-0.5845208679199219,1,True,0.021469442270010575,0.021369442270010575,15.067608825548607,1.0,1,,,,False
311,-0.5845208679199219,2,True,0.016507010094442887,0.016407010094442887,15.067608825548607,1.0,1,,,,False
311,-0.5845208679199219,3,True,0.011548201257469692,0.011448201257469693,15.067608825548607,1.0,1,,,,False
311,-0.5845208679199219,4,True,0.006601214366776631,0.006501214366776631,15.067608825548607,1.0,1,,,,False
311,-0.5845208679199219,5,True,0.0016726637429460567,0.0015726637429460566,15.067608825548607,1.0,2,,,,False
311,-0.5845208679199219,6,False,-0.0032343539621764172,-0.003334353962176417,15.067608825548607,1.0,2,7,"native_joint_bound,preview_reserve",right_shoulder_roll_joint,False
312,-0.5842865112304687,0,True,0.02209434322432724,0.02199434322432724,14.968077660444223,1.0,1,,,,False
312,-0.5842865112304687,1,True,0.021469731809438564,0.021369731809438564,15.067608825548607,1.0,1,,,,False
312,-0.5842865112304687,2,True,0.016507299405609466,0.016407299405609466,15.067608825548607,1.0,1,,,,False
312,-0.5842865112304687,3,True,0.011548490335582695,0.011448490335582696,15.067608825548607,1.0,1,,,,False
312,-0.5842865112304687,4,True,0.006601503206979498,0.006501503206979497,15.067608825548607,1.0,1,,,,False
312,-0.5842865112304687,5,True,0.0016726637429460567,0.0015726637429460566,15.067608825548607,1.0,2,,,,False
312,-0.5842865112304687,6,False,-0.0032343539621764172,-0.003334353962176417,15.067608825548607,1.0,2,7,"native_joint_bound,preview_reserve",right_shoulder_roll_joint,False
313,-0.5840521545410157,0,True,0.022090721053088735,0.021990721053088736,14.968077660444223,1.0,1,,,,False
313,-0.5840521545410157,1,True,0.021470021348866997,0.021370021348866997,15.067608825548607,1.0,1,,,,False
313,-0.5840521545410157,2,True,0.016507588716776045,0.016407588716776045,15.067608825548607,1.0,1,,,,False
313,-0.5840521545410157,3,True,0.011548779413695698,0.011448779413695698,15.067608825548607,1.0,1,,,,False
313,-0.5840521545410157,4,True,0.006601792047182364,0.006501792047182364,15.067608825548607,1.0,1,,,,False
313,-0.5840521545410157,5,True,0.0016726637429460567,0.0015726637429460566,15.067608825548607,1.0,2,,,,False
313,-0.5840521545410157,6,False,-0.0032343539621764172,-0.003334353962176417,15.067608825548607,1.0,2,7,"native_joint_bound,preview_reserve",right_shoulder_roll_joint,False
314,-0.5838177978515625,0,True,0.022087098865127164,0.021987098865127164,14.968077660444223,1.0,1,,,,False
314,-0.5838177978515625,1,True,0.021470310888294986,0.021370310888294986,15.067608825548607,1.0,1,,,,False
314,-0.5838177978515625,2,True,0.016507878027943068,0.01640787802794307,15.067608825548607,1.0,1,,,,False
314,-0.5838177978515625,3,True,0.0115490684918087,0.011449068491808701,15.067608825548607,1.0,1,,,,False
314,-0.5838177978515625,4,True,0.006602080887385675,0.006502080887385675,15.067608825548607,1.0,1,,,,False
314,-0.5838177978515625,5,True,0.0016726637429460567,0.0015726637429460566,15.067608825548607,1.0,2,,,,False
314,-0.5838177978515625,6,False,-0.0032343539621764172,-0.003334353962176417,15.067608825548607,1.0,2,7,"native_joint_bound,preview_reserve",right_shoulder_roll_joint,False
315,-0.5835834411621094,0,True,0.022083476660444745,0.021983476660444746,14.968077660444223,1.0,1,,,,False
315,-0.5835834411621094,1,True,0.02147060042772342,0.02137060042772342,15.067608825548607,1.0,1,,,,False
315,-0.5835834411621094,2,True,0.016508167339109647,0.016408167339109648,15.067608825548607,1.0,1,,,,False
315,-0.5835834411621094,3,True,0.011549357569921703,0.011449357569921704,15.067608825548607,1.0,1,,,,False
315,-0.5835834411621094,4,True,0.006602369727588542,0.0065023697275885415,15.067608825548607,1.0,1,,,,False
315,-0.5835834411621094,5,True,0.0016726637429460567,0.0015726637429460566,15.067608825548607,1.0,2,,,,False
315,-0.5835834411621094,6,False,-0.0032343539621764172,-0.003334353962176417,15.067608825548607,1.0,2,7,"native_joint_bound,preview_reserve",right_shoulder_roll_joint,False
316,-0.5833490844726563,0,True,0.02207985443904681,0.02197985443904681,14.968077660444223,1.0,1,,,,False
316,-0.5833490844726563,1,True,0.021470889967151408,0.021370889967151408,15.067608825548607,1.0,1,,,,False
316,-0.5833490844726563,2,True,0.016508456650276226,0.016408456650276227,15.067608825548607,1.0,1,,,,False
316,-0.5833490844726563,3,True,0.011549646648034706,0.011449646648034707,15.067608825548607,1.0,1,,,,False
316,-0.5833490844726563,4,True,0.0066026585677914085,0.006502658567791408,15.067608825548607,1.0,1,,,,False
316,-0.5833490844726563,5,True,0.0016726637429460567,0.0015726637429460566,15.067608825548607,1.0,2,,,,False
316,-0.5833490844726563,6,False,-0.0032343539621764172,-0.003334353962176417,15.067608825548607,1.0,2,7,"native_joint_bound,preview_reserve",right_shoulder_roll_joint,False
317,-0.5831147277832032,0,True,0.02207623220093602,0.02197623220093602,14.968077660444223,1.0,1,,,,False
317,-0.5831147277832032,1,True,0.02147117950657984,0.02137117950657984,15.067608825548607,1.0,1,,,,False
317,-0.5831147277832032,2,True,0.01650874596144325,0.01640874596144325,15.067608825548607,1.0,1,,,,False
317,-0.5831147277832032,3,True,0.011549935726147709,0.01144993572614771,15.067608825548607,1.0,1,,,,False
317,-0.5831147277832032,4,True,0.006602947407994719,0.006502947407994719,15.067608825548607,1.0,1,,,,False
317,-0.5831147277832032,5,True,0.0016726637429460567,0.0015726637429460566,15.067608825548607,1.0,2,,,,False
317,-0.5831147277832032,6,False,-0.0032343539621764172,-0.003334353962176417,15.067608825548607,1.0,2,7,"native_joint_bound,preview_reserve",right_shoulder_roll_joint,False
