Setting seed: 20260906
Warp 1.12.0 initialized:
   CUDA Toolkit 12.9, Driver 12.9
   Devices:
     "cpu"      : "x86_64"
     "cuda:0"   : "NVIDIA GeForce RTX 3070 Laptop GPU" (8 GiB, sm_86, mempool enabled)
   Kernel cache:
     /root/.cache/warp/1.12.0
Warp DeprecationWarning: The symbol `warp.context.runtime` will soon be removed from the public API. It can still be accessed from `warp._src.context.runtime` but might be changed or removed without notice.
Module mujoco_warp._src.smooth 75c1b76 load on device 'cuda:0' took 2.78 ms  (cached)
Module mujoco_warp._src.collision_driver 4d8b905 load on device 'cuda:0' took 1.46 ms  (cached)
Module _nxn_broadphase__locals__kernel_e916423b e916423 load on device 'cuda:0' took 1.31 ms  (cached)
Module _primitive_narrowphase__locals__primitive_narrowphase_886c85b7 886c85b load on device 'cuda:0' took 0.94 ms  (cached)
Module mujoco_warp._src.constraint e4fb920 load on device 'cuda:0' took 2.22 ms  (cached)
Module _actuator_velocity__locals__actuator_velocity_54391827 7ce5a05 load on device 'cuda:0' took 0.74 ms  (cached)
Module mujoco_warp._src.passive 7fb8524 load on device 'cuda:0' took 1.66 ms  (cached)
Module mujoco_warp._src.sensor 912ac95 load on device 'cuda:0' took 2.32 ms  (cached)
Module mujoco_warp._src.forward 5922a95 load on device 'cuda:0' took 1.65 ms  (cached)
Module mujoco_warp._src.support 343d1ae load on device 'cuda:0' took 0.69 ms  (cached)
Module _tile_cholesky_factorize_solve__locals__cholesky_factorize_solve_7c4626c2 68c124c load on device 'cuda:0' took 196.31 ms  (cached)
Module mujoco_warp._src.solver 4a4fc90 load on device 'cuda:0' took 1.46 ms  (cached)
Module solve_init_jaref__locals__kernel_e8e73468 e8e7346 load on device 'cuda:0' took 0.70 ms  (cached)
Module mul_m_dense__locals___mul_m_dense_5b182806 5b18280 load on device 'cuda:0' took 0.60 ms  (cached)
Module update_constraint_efc__locals__kernel_84abb40b 84abb40 load on device 'cuda:0' took 1.21 ms  (cached)
Module update_constraint_gauss_cost__locals__kernel_026115d4 026115d load on device 'cuda:0' took 1.43 ms  (cached)
Module update_gradient_JTDAJ_dense_tiled__locals__kernel_39517fdb 4e5a3dd load on device 'cuda:0' took 3.10 ms  (cached)
Module update_gradient_cholesky__locals__kernel_ac06d661 8d9cf28 load on device 'cuda:0' took 180.26 ms  (cached)
Module linesearch_jv_fused__locals__kernel_0ca87d41 0ca87d4 load on device 'cuda:0' took 0.61 ms  (cached)
Module linesearch_prepare_gauss__locals__kernel_b235c0c8 b235c0c load on device 'cuda:0' took 0.73 ms  (cached)
Module update_constraint_efc__locals__kernel_19805a28 19805a2 load on device 'cuda:0' took 1.00 ms  (cached)
Module _contact_sort__locals__contact_sort_c2bd81ce 47863e6 load on device 'cuda:0' took 0.73 ms  (cached)
Module _tile_euler_dense__locals__euler_dense_2facc489 09a40c4 load on device 'cuda:0' took 200.19 ms  (cached)
Module reset_data__locals__reset_xfrc_applied_f86f0829 f86f082 load on device 'cuda:0' took 0.70 ms  (cached)
Module reset_data__locals__reset_qM_1511185b 1511185 load on device 'cuda:0' took 0.63 ms  (cached)
Module reset_data__locals__reset_mocap_841cb68f 841cb68 load on device 'cuda:0' took 0.55 ms  (cached)
Module reset_data__locals__reset_contact_76c1c25e 76c1c25 load on device 'cuda:0' took 0.53 ms  (cached)
Module reset_data__locals__reset_nworld_d108b6ac d108b6a load on device 'cuda:0' took 0.62 ms  (cached)

+-----------------------------------+
|          Base Environment         |
+------------------------+----------+
| Property               | Value    |
+------------------------+----------+
| Number of environments | 32       |
| Environment device     | cuda:0   |
| Environment seed       | 20260906 |
| Physics step-size      | 0.002    |
| Environment step-size  | 0.02     |
+------------------------+----------+

[INFO] <EventManager> contains 0 active terms.

[INFO] <CommandManager> contains 1 active terms.
+--------------------------------------+
|         Active Command Terms         |
+-------+--------+---------------------+
| Index | Name   |         Type        |
+-------+--------+---------------------+
|   0   | motion | CorpusMotionCommand |
+-------+--------+---------------------+

[INFO] <ActionManager> contains 1 active terms.
+---------------------------------+
| Active Action Terms (shape: 23) |
+-------+-----------+-------------+
| Index | Name      |   Dimension |
+-------+-----------+-------------+
|   0   | joint_pos |          23 |
+-------+-----------+-------------+

[INFO] <ObservationManager> contains 3 groups.
+----------------------------------------------------------------+
| Active Observation Terms in Group: 'tokenizer' (shape: (268,)) |
+---------+-----------------------------------------+------------+
|  Index  | Name                                    |   Shape    |
+---------+-----------------------------------------+------------+
|    0    | encoder_index                           |    (1,)    |
|    1    | causal_history_lower_body               |   (240,)   |
|    2    | vr_3point_local_target                  |    (9,)    |
|    3    | vr_3point_local_orn_target              |   (12,)    |
|    4    | motion_anchor_ori_b                     |    (6,)    |
+---------+-----------------------------------------+------------+
+-------------------------------------------------------------+
| Active Observation Terms in Group: 'policy' (shape: (930,)) |
+--------+------------------------+---------------------------+
| Index  | Name                   |           Shape           |
+--------+------------------------+---------------------------+
|   0    | base_ang_vel           |      (30,)  ← 10×(3,)     |
|   1    | joint_pos_rel          |     (290,)  ← 10×(29,)    |
|   2    | joint_vel              |     (290,)  ← 10×(29,)    |
|   3    | previous_action        |     (290,)  ← 10×(29,)    |
|   4    | projected_gravity      |      (30,)  ← 10×(3,)     |
+--------+------------------------+---------------------------+
+-------------------------------------------------------------+
| Active Observation Terms in Group: 'critic' (shape: (256,)) |
+-----------+------------------------------------+------------+
|   Index   | Name                               |   Shape    |
+-----------+------------------------------------+------------+
|     0     | command                            |   (46,)    |
|     1     | motion_anchor_pos_b                |    (3,)    |
|     2     | motion_anchor_ori_b                |    (6,)    |
|     3     | body_pos                           |   (42,)    |
|     4     | body_ori                           |   (84,)    |
|     5     | base_lin_vel                       |    (3,)    |
|     6     | base_ang_vel                       |    (3,)    |
|     7     | joint_pos                          |   (23,)    |
|     8     | joint_vel                          |   (23,)    |
|     9     | actions                            |   (23,)    |
+-----------+------------------------------------+------------+

[INFO] <TerminationManager> contains 6 active terms.
+----------------------------------------------+
|           Active Termination Terms           |
+-------+---------------------------+----------+
| Index | Name                      | Time Out |
+-------+---------------------------+----------+
|   0   | time_out                  |   True   |
|   1   | anchor_pos                |  False   |
|   2   | anchor_ori                |  False   |
|   3   | ee_body_pos               |  False   |
|   4   | corpus_clip_time_out      |   True   |
|   5   | stage_one_actuation_guard |  False   |
+-------+---------------------------+----------+

[INFO] <RewardManager> contains 15 active terms.
+----------------------------------------------------+
|                Active Reward Terms                 |
+-------+----------------------------------+---------+
| Index | Name                             |  Weight |
+-------+----------------------------------+---------+
|   0   | motion_global_root_pos           |     0.5 |
|   1   | motion_global_root_ori           |     0.5 |
|   2   | motion_body_pos                  |     1.0 |
|   3   | motion_body_ori                  |     1.0 |
|   4   | motion_body_lin_vel              |     1.0 |
|   5   | motion_body_ang_vel              |     1.0 |
|   6   | action_rate_l2                   |    -0.2 |
|   7   | joint_limit                      |   -20.0 |
|   8   | self_collisions                  |   -10.0 |
|   9   | action_target_reference_l2       |    -2.0 |
|   10  | action_target_soft_limit_barrier |   -10.0 |
|   11  | alive                            |     5.0 |
|   12  | non_timeout_termination          | -5000.0 |
|   13  | worst_ee_z_normalized_squared    |   -20.0 |
|   14  | right_wrist_prethreshold_barrier |   -25.0 |
+-------+----------------------------------+---------+

[INFO] <NullCurriculumManager> (inactive)
[INFO] <NullMetricsManager> (inactive)
--------------------------------------------------------------------------------
Resolved observation sets: 
	 actor :  ('tokenizer', 'policy')
	 critic :  ('critic',)
--------------------------------------------------------------------------------
Actor Model: True23SonicActorModel(
  (core): True23SonicCore(
    (actor_module): _SonicActorModule(
      (encoders): ModuleDict(
        (teleop): _ExactSiluMlp(
          (module): Sequential(
            (0): Linear(in_features=267, out_features=2048, bias=True)
            (1): SiLU()
            (2): Linear(in_features=2048, out_features=1024, bias=True)
            (3): SiLU()
            (4): Linear(in_features=1024, out_features=512, bias=True)
            (5): SiLU()
            (6): Linear(in_features=512, out_features=512, bias=True)
            (7): SiLU()
            (8): Linear(in_features=512, out_features=64, bias=True)
          )
        )
      )
      (decoders): ModuleDict(
        (g1_dyn): _ExactSiluMlp(
          (module): Sequential(
            (0): Linear(in_features=994, out_features=4096, bias=True)
            (1): SiLU()
            (2): Linear(in_features=4096, out_features=4096, bias=True)
            (3): SiLU()
            (4): Linear(in_features=4096, out_features=2048, bias=True)
            (5): SiLU()
            (6): Linear(in_features=2048, out_features=2048, bias=True)
            (7): SiLU()
            (8): Linear(in_features=2048, out_features=1024, bias=True)
            (9): SiLU()
            (10): Linear(in_features=1024, out_features=1024, bias=True)
            (11): SiLU()
            (12): Linear(in_features=1024, out_features=512, bias=True)
            (13): SiLU()
            (14): Linear(in_features=512, out_features=512, bias=True)
            (15): SiLU()
            (16): Linear(in_features=512, out_features=23, bias=True)
          )
        )
      )
    )
  )
  (distribution): GaussianDistribution()
)
Critic Model: MLPModel(
  (obs_normalizer): EmpiricalNormalization()
  (mlp): MLP(
    (0): Linear(in_features=256, out_features=512, bias=True)
    (1): ELU(alpha=1.0)
    (2): Linear(in_features=512, out_features=256, bias=True)
    (3): ELU(alpha=1.0)
    (4): Linear(in_features=256, out_features=128, bias=True)
    (5): ELU(alpha=1.0)
    (6): Linear(in_features=128, out_features=1, bias=True)
  )
)
Could not find git repository in /root/.venvs/g1_true23_mjlab/lib/python3.11/site-packages/rsl_rl/__init__.py. Skipping.
################################################################################
[1m                            Learning iteration 0/100                            [0m 

                               Run name: true23_h10
                            Total steps: 512 
                       Steps per second: 121 
                        Collection time: 3.474s 
                          Learning time: 0.744s 
                        Mean value loss: 5520.6683
                    Mean surrogate loss: -0.0670
                      Mean entropy loss: -20.3239
                            Mean reward: -97.82
                    Mean episode length: 2.98
                        Mean action std: 0.10
  Episode_Reward/motion_global_root_pos: 0.0027
  Episode_Reward/motion_global_root_ori: 0.0023
         Episode_Reward/motion_body_pos: 0.0053
         Episode_Reward/motion_body_ori: 0.0046
     Episode_Reward/motion_body_lin_vel: 0.0036
     Episode_Reward/motion_body_ang_vel: 0.0029
          Episode_Reward/action_rate_l2: -0.0158
             Episode_Reward/joint_limit: -0.0002
         Episode_Reward/self_collisions: -0.0024
Episode_Reward/action_target_reference_l2: -0.0021
Episode_Reward/action_target_soft_limit_barrier: -0.0001
                   Episode_Reward/alive: 0.0176
 Episode_Reward/non_timeout_termination: -9.7614
Episode_Reward/worst_ee_z_normalized_squared: -0.0035
Episode_Reward/right_wrist_prethreshold_barrier: -0.0002
        Metrics/motion/error_anchor_pos: 0.0430
        Metrics/motion/error_anchor_rot: 0.1335
    Metrics/motion/error_anchor_lin_vel: 0.4671
    Metrics/motion/error_anchor_ang_vel: 1.0174
          Metrics/motion/error_body_pos: 0.4726
          Metrics/motion/error_body_rot: 0.3729
         Metrics/motion/error_joint_pos: 0.3883
         Metrics/motion/error_joint_vel: 6.3727
        Metrics/motion/sampling_entropy: 1.0000
      Metrics/motion/sampling_top1_prob: 0.0084
       Metrics/motion/sampling_top1_bin: 0.5000
           Episode_Termination/time_out: 0.0000
         Episode_Termination/anchor_pos: 0.0000
         Episode_Termination/anchor_ori: 0.0000
        Episode_Termination/ee_body_pos: 0.0000
Episode_Termination/corpus_clip_time_out: 0.1875
Episode_Termination/stage_one_actuation_guard: 7.5000
--------------------------------------------------------------------------------
                         Iteration time: 4.22s
                           Time elapsed: 00:00:04
                                    ETA: 00:06:57

################################################################################
[1m                            Learning iteration 1/100                            [0m 

                               Run name: true23_h10
                            Total steps: 1024 
                       Steps per second: 241 
                        Collection time: 1.775s 
                          Learning time: 0.349s 
                        Mean value loss: 5547.9907
                    Mean surrogate loss: -0.0571
                      Mean entropy loss: -20.3239
                            Mean reward: -99.53
                    Mean episode length: 5.04
                        Mean action std: 0.10
  Episode_Reward/motion_global_root_pos: 0.0048
  Episode_Reward/motion_global_root_ori: 0.0041
         Episode_Reward/motion_body_pos: 0.0099
         Episode_Reward/motion_body_ori: 0.0069
     Episode_Reward/motion_body_lin_vel: 0.0076
     Episode_Reward/motion_body_ang_vel: 0.0060
          Episode_Reward/action_rate_l2: -0.0154
             Episode_Reward/joint_limit: -0.0005
         Episode_Reward/self_collisions: -0.0006
Episode_Reward/action_target_reference_l2: -0.0071
Episode_Reward/action_target_soft_limit_barrier: -0.0000
                   Episode_Reward/alive: 0.0413
 Episode_Reward/non_timeout_termination: -10.0000
Episode_Reward/worst_ee_z_normalized_squared: -0.0079
Episode_Reward/right_wrist_prethreshold_barrier: 0.0000
        Metrics/motion/error_anchor_pos: 0.0557
        Metrics/motion/error_anchor_rot: 0.1605
    Metrics/motion/error_anchor_lin_vel: 0.4789
    Metrics/motion/error_anchor_ang_vel: 1.1198
          Metrics/motion/error_body_pos: 0.2663
          Metrics/motion/error_body_rot: 0.3509
         Metrics/motion/error_joint_pos: 0.6245
         Metrics/motion/error_joint_vel: 6.8894
        Metrics/motion/sampling_entropy: 1.0000
      Metrics/motion/sampling_top1_prob: 0.0084
       Metrics/motion/sampling_top1_bin: 0.5000
      Metrics/motion/error_body_lin_vel: 0.5178
      Metrics/motion/error_body_ang_vel: 1.8791
           Episode_Termination/time_out: 0.0000
         Episode_Termination/anchor_pos: 0.0000
         Episode_Termination/anchor_ori: 0.0000
        Episode_Termination/ee_body_pos: 0.0000
Episode_Termination/corpus_clip_time_out: 0.0000
Episode_Termination/stage_one_actuation_guard: 6.5625
--------------------------------------------------------------------------------
                         Iteration time: 2.12s
                           Time elapsed: 00:00:06
                                    ETA: 00:05:10

################################################################################
[1m                            Learning iteration 2/100                            [0m 

                               Run name: true23_h10
                            Total steps: 1536 
                       Steps per second: 226 
                        Collection time: 1.909s 
                          Learning time: 0.348s 
                        Mean value loss: 5789.0986
                    Mean surrogate loss: -0.0625
                      Mean entropy loss: -20.3239
                            Mean reward: -99.72
                    Mean episode length: 4.65
                        Mean action std: 0.10
  Episode_Reward/motion_global_root_pos: 0.0044
  Episode_Reward/motion_global_root_ori: 0.0038
         Episode_Reward/motion_body_pos: 0.0090
         Episode_Reward/motion_body_ori: 0.0063
     Episode_Reward/motion_body_lin_vel: 0.0067
     Episode_Reward/motion_body_ang_vel: 0.0055
          Episode_Reward/action_rate_l2: -0.0164
             Episode_Reward/joint_limit: -0.0002
         Episode_Reward/self_collisions: -0.0031
Episode_Reward/action_target_reference_l2: -0.0071
Episode_Reward/action_target_soft_limit_barrier: -0.0000
                   Episode_Reward/alive: 0.0374
 Episode_Reward/non_timeout_termination: -10.0000
Episode_Reward/worst_ee_z_normalized_squared: -0.0145
Episode_Reward/right_wrist_prethreshold_barrier: -0.0008
        Metrics/motion/error_anchor_pos: 0.0584
        Metrics/motion/error_anchor_rot: 0.1713
    Metrics/motion/error_anchor_lin_vel: 0.4925
    Metrics/motion/error_anchor_ang_vel: 1.1258
          Metrics/motion/error_body_pos: 0.2762
          Metrics/motion/error_body_rot: 0.4161
         Metrics/motion/error_joint_pos: 0.5666
         Metrics/motion/error_joint_vel: 6.4788
        Metrics/motion/sampling_entropy: 1.0000
      Metrics/motion/sampling_top1_prob: 0.0084
       Metrics/motion/sampling_top1_bin: 0.5000
      Metrics/motion/error_body_lin_vel: 0.5397
      Metrics/motion/error_body_ang_vel: 1.7757
           Episode_Termination/time_out: 0.0000
         Episode_Termination/anchor_pos: 0.0000
         Episode_Termination/anchor_ori: 0.0000
        Episode_Termination/ee_body_pos: 0.0625
Episode_Termination/corpus_clip_time_out: 0.0000
Episode_Termination/stage_one_actuation_guard: 7.0000
--------------------------------------------------------------------------------
                         Iteration time: 2.26s
                           Time elapsed: 00:00:08
                                    ETA: 00:04:38

################################################################################
[1m                            Learning iteration 3/100                            [0m 

                               Run name: true23_h10
                            Total steps: 2048 
                       Steps per second: 271 
                        Collection time: 1.529s 
                          Learning time: 0.359s 
                        Mean value loss: 6217.1541
                    Mean surrogate loss: -0.0460
                      Mean entropy loss: -20.3239
                            Mean reward: -99.64
                    Mean episode length: 4.47
                        Mean action std: 0.10
  Episode_Reward/motion_global_root_pos: 0.0041
  Episode_Reward/motion_global_root_ori: 0.0036
         Episode_Reward/motion_body_pos: 0.0084
         Episode_Reward/motion_body_ori: 0.0061
     Episode_Reward/motion_body_lin_vel: 0.0064
     Episode_Reward/motion_body_ang_vel: 0.0052
          Episode_Reward/action_rate_l2: -0.0158
             Episode_Reward/joint_limit: -0.0010
         Episode_Reward/self_collisions: -0.0001
Episode_Reward/action_target_reference_l2: -0.0058
Episode_Reward/action_target_soft_limit_barrier: -0.0000
                   Episode_Reward/alive: 0.0340
 Episode_Reward/non_timeout_termination: -10.0000
Episode_Reward/worst_ee_z_normalized_squared: -0.0094
Episode_Reward/right_wrist_prethreshold_barrier: -0.0000
        Metrics/motion/error_anchor_pos: 0.0514
        Metrics/motion/error_anchor_rot: 0.1632
    Metrics/motion/error_anchor_lin_vel: 0.4418
    Metrics/motion/error_anchor_ang_vel: 1.0917
          Metrics/motion/error_body_pos: 0.4620
          Metrics/motion/error_body_rot: 0.4159
         Metrics/motion/error_joint_pos: 0.5408
         Metrics/motion/error_joint_vel: 6.8931
        Metrics/motion/sampling_entropy: 1.0000
      Metrics/motion/sampling_top1_prob: 0.0084
       Metrics/motion/sampling_top1_bin: 0.5000
      Metrics/motion/error_body_lin_vel: 0.5089
      Metrics/motion/error_body_ang_vel: 1.7737
           Episode_Termination/time_out: 0.0000
         Episode_Termination/anchor_pos: 0.0000
         Episode_Termination/anchor_ori: 0.0000
        Episode_Termination/ee_body_pos: 0.0000
Episode_Termination/corpus_clip_time_out: 0.0000
Episode_Termination/stage_one_actuation_guard: 7.5625
--------------------------------------------------------------------------------
                         Iteration time: 1.89s
                           Time elapsed: 00:00:10
                                    ETA: 00:04:11

################################################################################
[1m                            Learning iteration 4/100                            [0m 

                               Run name: true23_h10
                            Total steps: 2560 
                       Steps per second: 268 
                        Collection time: 1.562s 
                          Learning time: 0.345s 
                        Mean value loss: 5491.6241
                    Mean surrogate loss: -0.0501
                      Mean entropy loss: -20.3239
                            Mean reward: -99.69
                    Mean episode length: 4.08
                        Mean action std: 0.10
  Episode_Reward/motion_global_root_pos: 0.0035
  Episode_Reward/motion_global_root_ori: 0.0032
         Episode_Reward/motion_body_pos: 0.0072
         Episode_Reward/motion_body_ori: 0.0057
     Episode_Reward/motion_body_lin_vel: 0.0054
     Episode_Reward/motion_body_ang_vel: 0.0043
          Episode_Reward/action_rate_l2: -0.0147
             Episode_Reward/joint_limit: -0.0002
         Episode_Reward/self_collisions: -0.0020
Episode_Reward/action_target_reference_l2: -0.0047
Episode_Reward/action_target_soft_limit_barrier: -0.0001
                   Episode_Reward/alive: 0.0274
 Episode_Reward/non_timeout_termination: -10.0000
Episode_Reward/worst_ee_z_normalized_squared: -0.0063
Episode_Reward/right_wrist_prethreshold_barrier: -0.0002
        Metrics/motion/error_anchor_pos: 0.0526
        Metrics/motion/error_anchor_rot: 0.1487
    Metrics/motion/error_anchor_lin_vel: 0.4542
    Metrics/motion/error_anchor_ang_vel: 1.0792
          Metrics/motion/error_body_pos: 0.3439
          Metrics/motion/error_body_rot: 0.4080
         Metrics/motion/error_joint_pos: 0.5162
         Metrics/motion/error_joint_vel: 6.6140
        Metrics/motion/sampling_entropy: 1.0000
      Metrics/motion/sampling_top1_prob: 0.0084
       Metrics/motion/sampling_top1_bin: 0.5000
      Metrics/motion/error_body_lin_vel: 0.5091
      Metrics/motion/error_body_ang_vel: 1.8176
           Episode_Termination/time_out: 0.0000
         Episode_Termination/anchor_pos: 0.0000
         Episode_Termination/anchor_ori: 0.0000
        Episode_Termination/ee_body_pos: 0.0625
Episode_Termination/corpus_clip_time_out: 0.0000
Episode_Termination/stage_one_actuation_guard: 6.9375
--------------------------------------------------------------------------------
                         Iteration time: 1.91s
                           Time elapsed: 00:00:12
                                    ETA: 00:03:55

################################################################################
[1m                            Learning iteration 5/100                            [0m 

                               Run name: true23_h10
                            Total steps: 3072 
                       Steps per second: 262 
                        Collection time: 1.614s 
                          Learning time: 0.340s 
                        Mean value loss: 4817.6278
                    Mean surrogate loss: -0.0503
                      Mean entropy loss: -20.3239
                            Mean reward: -99.62
                    Mean episode length: 4.86
                        Mean action std: 0.10
  Episode_Reward/motion_global_root_pos: 0.0047
  Episode_Reward/motion_global_root_ori: 0.0041
         Episode_Reward/motion_body_pos: 0.0098
         Episode_Reward/motion_body_ori: 0.0072
     Episode_Reward/motion_body_lin_vel: 0.0073
     Episode_Reward/motion_body_ang_vel: 0.0058
          Episode_Reward/action_rate_l2: -0.0163
             Episode_Reward/joint_limit: -0.0003
         Episode_Reward/self_collisions: -0.0018
Episode_Reward/action_target_reference_l2: -0.0075
Episode_Reward/action_target_soft_limit_barrier: -0.0000
                   Episode_Reward/alive: 0.0410
 Episode_Reward/non_timeout_termination: -10.0000
Episode_Reward/worst_ee_z_normalized_squared: -0.0115
Episode_Reward/right_wrist_prethreshold_barrier: -0.0000
        Metrics/motion/error_anchor_pos: 0.0641
        Metrics/motion/error_anchor_rot: 0.1722
    Metrics/motion/error_anchor_lin_vel: 0.4906
    Metrics/motion/error_anchor_ang_vel: 1.1798
          Metrics/motion/error_body_pos: 0.4446
          Metrics/motion/error_body_rot: 0.4102
         Metrics/motion/error_joint_pos: 0.6425
         Metrics/motion/error_joint_vel: 7.4103
        Metrics/motion/sampling_entropy: 1.0000
      Metrics/motion/sampling_top1_prob: 0.0084
       Metrics/motion/sampling_top1_bin: 0.5000
      Metrics/motion/error_body_lin_vel: 0.5343
      Metrics/motion/error_body_ang_vel: 1.9447
           Episode_Termination/time_out: 0.0000
         Episode_Termination/anchor_pos: 0.0000
         Episode_Termination/anchor_ori: 0.0000
        Episode_Termination/ee_body_pos: 0.0625
Episode_Termination/corpus_clip_time_out: 0.0000
Episode_Termination/stage_one_actuation_guard: 5.6875
--------------------------------------------------------------------------------
                         Iteration time: 1.95s
                           Time elapsed: 00:00:14
                                    ETA: 00:03:44

################################################################################
[1m                            Learning iteration 6/100                            [0m 

                               Run name: true23_h10
                            Total steps: 3584 
                       Steps per second: 272 
                        Collection time: 1.537s 
                          Learning time: 0.339s 
                        Mean value loss: 5203.9314
                    Mean surrogate loss: -0.0484
                      Mean entropy loss: -20.3239
                            Mean reward: -99.50
                    Mean episode length: 5.82
                        Mean action std: 0.10
  Episode_Reward/motion_global_root_pos: 0.0052
  Episode_Reward/motion_global_root_ori: 0.0044
         Episode_Reward/motion_body_pos: 0.0107
         Episode_Reward/motion_body_ori: 0.0073
     Episode_Reward/motion_body_lin_vel: 0.0083
     Episode_Reward/motion_body_ang_vel: 0.0068
          Episode_Reward/action_rate_l2: -0.0155
             Episode_Reward/joint_limit: -0.0003
         Episode_Reward/self_collisions: -0.0005
Episode_Reward/action_target_reference_l2: -0.0095
Episode_Reward/action_target_soft_limit_barrier: -0.0001
                   Episode_Reward/alive: 0.0466
 Episode_Reward/non_timeout_termination: -10.0000
Episode_Reward/worst_ee_z_normalized_squared: -0.0171
Episode_Reward/right_wrist_prethreshold_barrier: -0.0000
        Metrics/motion/error_anchor_pos: 0.0668
        Metrics/motion/error_anchor_rot: 0.1759
    Metrics/motion/error_anchor_lin_vel: 0.4901
    Metrics/motion/error_anchor_ang_vel: 1.0792
          Metrics/motion/error_body_pos: 0.3788
          Metrics/motion/error_body_rot: 0.3688
         Metrics/motion/error_joint_pos: 0.6614
         Metrics/motion/error_joint_vel: 6.8428
        Metrics/motion/sampling_entropy: 1.0000
      Metrics/motion/sampling_top1_prob: 0.0084
       Metrics/motion/sampling_top1_bin: 0.5000
      Metrics/motion/error_body_lin_vel: 0.5288
      Metrics/motion/error_body_ang_vel: 1.8154
           Episode_Termination/time_out: 0.0000
         Episode_Termination/anchor_pos: 0.0000
         Episode_Termination/anchor_ori: 0.0000
        Episode_Termination/ee_body_pos: 0.0000
Episode_Termination/corpus_clip_time_out: 0.0000
Episode_Termination/stage_one_actuation_guard: 5.8750
--------------------------------------------------------------------------------
                         Iteration time: 1.88s
                           Time elapsed: 00:00:16
                                    ETA: 00:03:35

################################################################################
[1m                            Learning iteration 7/100                            [0m 

                               Run name: true23_h10
                            Total steps: 4096 
                       Steps per second: 252 
                        Collection time: 1.666s 
                          Learning time: 0.363s 
                        Mean value loss: 4440.4442
                    Mean surrogate loss: -0.0576
                      Mean entropy loss: -20.3239
                            Mean reward: -98.51
                    Mean episode length: 5.59
                        Mean action std: 0.10
  Episode_Reward/motion_global_root_pos: 0.0057
  Episode_Reward/motion_global_root_ori: 0.0044
         Episode_Reward/motion_body_pos: 0.0116
         Episode_Reward/motion_body_ori: 0.0073
     Episode_Reward/motion_body_lin_vel: 0.0091
     Episode_Reward/motion_body_ang_vel: 0.0076
          Episode_Reward/action_rate_l2: -0.0146
             Episode_Reward/joint_limit: -0.0005
         Episode_Reward/self_collisions: -0.0022
Episode_Reward/action_target_reference_l2: -0.0103
Episode_Reward/action_target_soft_limit_barrier: -0.0000
                   Episode_Reward/alive: 0.0513
 Episode_Reward/non_timeout_termination: -9.7917
Episode_Reward/worst_ee_z_normalized_squared: -0.0126
Episode_Reward/right_wrist_prethreshold_barrier: 0.0000
        Metrics/motion/error_anchor_pos: 0.0593
        Metrics/motion/error_anchor_rot: 0.1805
    Metrics/motion/error_anchor_lin_vel: 0.4927
    Metrics/motion/error_anchor_ang_vel: 1.2677
          Metrics/motion/error_body_pos: 0.3249
          Metrics/motion/error_body_rot: 0.3832
         Metrics/motion/error_joint_pos: 0.6541
         Metrics/motion/error_joint_vel: 7.0892
        Metrics/motion/sampling_entropy: 1.0000
      Metrics/motion/sampling_top1_prob: 0.0084
       Metrics/motion/sampling_top1_bin: 0.5000
      Metrics/motion/error_body_lin_vel: 0.5672
      Metrics/motion/error_body_ang_vel: 1.9469
           Episode_Termination/time_out: 0.0000
         Episode_Termination/anchor_pos: 0.0000
         Episode_Termination/anchor_ori: 0.0000
        Episode_Termination/ee_body_pos: 0.0000
Episode_Termination/corpus_clip_time_out: 0.0625
Episode_Termination/stage_one_actuation_guard: 5.1875
--------------------------------------------------------------------------------
                         Iteration time: 2.03s
                           Time elapsed: 00:00:18
                                    ETA: 00:03:29

################################################################################
[1m                            Learning iteration 8/100                            [0m 

                               Run name: true23_h10
                            Total steps: 4608 
                       Steps per second: 255 
                        Collection time: 1.664s 
                          Learning time: 0.339s 
                        Mean value loss: 4878.4801
                    Mean surrogate loss: -0.0550
                      Mean entropy loss: -20.3239
                            Mean reward: -98.55
                    Mean episode length: 5.96
                        Mean action std: 0.10
  Episode_Reward/motion_global_root_pos: 0.0054
  Episode_Reward/motion_global_root_ori: 0.0047
         Episode_Reward/motion_body_pos: 0.0111
         Episode_Reward/motion_body_ori: 0.0074
     Episode_Reward/motion_body_lin_vel: 0.0087
     Episode_Reward/motion_body_ang_vel: 0.0074
          Episode_Reward/action_rate_l2: -0.0162
             Episode_Reward/joint_limit: -0.0003
         Episode_Reward/self_collisions: -0.0041
Episode_Reward/action_target_reference_l2: -0.0099
Episode_Reward/action_target_soft_limit_barrier: -0.0000
                   Episode_Reward/alive: 0.0494
 Episode_Reward/non_timeout_termination: -9.8750
Episode_Reward/worst_ee_z_normalized_squared: -0.0164
Episode_Reward/right_wrist_prethreshold_barrier: -0.0001
        Metrics/motion/error_anchor_pos: 0.0654
        Metrics/motion/error_anchor_rot: 0.1729
    Metrics/motion/error_anchor_lin_vel: 0.5000
    Metrics/motion/error_anchor_ang_vel: 1.1079
          Metrics/motion/error_body_pos: 0.6655
          Metrics/motion/error_body_rot: 0.4062
         Metrics/motion/error_joint_pos: 0.6735
         Metrics/motion/error_joint_vel: 6.5566
        Metrics/motion/sampling_entropy: 1.0000
      Metrics/motion/sampling_top1_prob: 0.0084
       Metrics/motion/sampling_top1_bin: 0.5000
      Metrics/motion/error_body_lin_vel: 0.5287
      Metrics/motion/error_body_ang_vel: 1.7036
           Episode_Termination/time_out: 0.0000
         Episode_Termination/anchor_pos: 0.0000
         Episode_Termination/anchor_ori: 0.0000
        Episode_Termination/ee_body_pos: 0.0000
Episode_Termination/corpus_clip_time_out: 0.1250
Episode_Termination/stage_one_actuation_guard: 5.3750
--------------------------------------------------------------------------------
                         Iteration time: 2.00s
                           Time elapsed: 00:00:20
                                    ETA: 00:03:24

################################################################################
[1m                            Learning iteration 9/100                            [0m 

                               Run name: true23_h10
                            Total steps: 5120 
                       Steps per second: 250 
                        Collection time: 1.719s 
                          Learning time: 0.326s 
                        Mean value loss: 4554.3572
                    Mean surrogate loss: -0.0586
                      Mean entropy loss: -20.3239
                            Mean reward: -99.56
                    Mean episode length: 5.69
                        Mean action std: 0.10
  Episode_Reward/motion_global_root_pos: 0.0051
  Episode_Reward/motion_global_root_ori: 0.0043
         Episode_Reward/motion_body_pos: 0.0104
         Episode_Reward/motion_body_ori: 0.0069
     Episode_Reward/motion_body_lin_vel: 0.0076
     Episode_Reward/motion_body_ang_vel: 0.0062
          Episode_Reward/action_rate_l2: -0.0166
             Episode_Reward/joint_limit: -0.0005
         Episode_Reward/self_collisions: -0.0014
Episode_Reward/action_target_reference_l2: -0.0087
Episode_Reward/action_target_soft_limit_barrier: -0.0000
                   Episode_Reward/alive: 0.0442
 Episode_Reward/non_timeout_termination: -10.0000
Episode_Reward/worst_ee_z_normalized_squared: -0.0124
Episode_Reward/right_wrist_prethreshold_barrier: 0.0000
        Metrics/motion/error_anchor_pos: 0.0632
        Metrics/motion/error_anchor_rot: 0.1668
    Metrics/motion/error_anchor_lin_vel: 0.4952
    Metrics/motion/error_anchor_ang_vel: 1.2696
          Metrics/motion/error_body_pos: 0.4154
          Metrics/motion/error_body_rot: 0.4536
         Metrics/motion/error_joint_pos: 0.6703
         Metrics/motion/error_joint_vel: 7.1195
        Metrics/motion/sampling_entropy: 1.0000
      Metrics/motion/sampling_top1_prob: 0.0084
       Metrics/motion/sampling_top1_bin: 0.5000
      Metrics/motion/error_body_lin_vel: 0.5687
      Metrics/motion/error_body_ang_vel: 1.8834
           Episode_Termination/time_out: 0.0000
         Episode_Termination/anchor_pos: 0.0000
         Episode_Termination/anchor_ori: 0.0000
        Episode_Termination/ee_body_pos: 0.0000
Episode_Termination/corpus_clip_time_out: 0.0000
Episode_Termination/stage_one_actuation_guard: 5.1875
--------------------------------------------------------------------------------
                         Iteration time: 2.05s
                           Time elapsed: 00:00:22
                                    ETA: 00:03:20

################################################################################
[1m                           Learning iteration 10/100                            [0m 

                               Run name: true23_h10
                            Total steps: 5632 
                       Steps per second: 273 
                        Collection time: 1.514s 
                          Learning time: 0.356s 
                        Mean value loss: 5181.0208
                    Mean surrogate loss: -0.0508
                      Mean entropy loss: -20.3239
                            Mean reward: -98.55
                    Mean episode length: 6.42
                        Mean action std: 0.10
  Episode_Reward/motion_global_root_pos: 0.0057
  Episode_Reward/motion_global_root_ori: 0.0046
         Episode_Reward/motion_body_pos: 0.0116
         Episode_Reward/motion_body_ori: 0.0078
     Episode_Reward/motion_body_lin_vel: 0.0088
     Episode_Reward/motion_body_ang_vel: 0.0072
          Episode_Reward/action_rate_l2: -0.0156
             Episode_Reward/joint_limit: -0.0005
         Episode_Reward/self_collisions: -0.0075
Episode_Reward/action_target_reference_l2: -0.0105
Episode_Reward/action_target_soft_limit_barrier: -0.0001
                   Episode_Reward/alive: 0.0523
 Episode_Reward/non_timeout_termination: -9.8958
Episode_Reward/worst_ee_z_normalized_squared: -0.0211
Episode_Reward/right_wrist_prethreshold_barrier: -0.0004
        Metrics/motion/error_anchor_pos: 0.0682
        Metrics/motion/error_anchor_rot: 0.1812
    Metrics/motion/error_anchor_lin_vel: 0.5168
    Metrics/motion/error_anchor_ang_vel: 1.1944
          Metrics/motion/error_body_pos: 0.2756
          Metrics/motion/error_body_rot: 0.3508
         Metrics/motion/error_joint_pos: 0.6671
         Metrics/motion/error_joint_vel: 7.5703
        Metrics/motion/sampling_entropy: 1.0000
      Metrics/motion/sampling_top1_prob: 0.0084
       Metrics/motion/sampling_top1_bin: 0.5000
      Metrics/motion/error_body_lin_vel: 0.5705
      Metrics/motion/error_body_ang_vel: 2.0462
           Episode_Termination/time_out: 0.0000
         Episode_Termination/anchor_pos: 0.0000
         Episode_Termination/anchor_ori: 0.0000
        Episode_Termination/ee_body_pos: 0.1250
Episode_Termination/corpus_clip_time_out: 0.0625
Episode_Termination/stage_one_actuation_guard: 5.2500
--------------------------------------------------------------------------------
                         Iteration time: 1.87s
                           Time elapsed: 00:00:24
                                    ETA: 00:03:15

################################################################################
[1m                           Learning iteration 11/100                            [0m 

                               Run name: true23_h10
                            Total steps: 6144 
                       Steps per second: 274 
                        Collection time: 1.504s 
                          Learning time: 0.359s 
                        Mean value loss: 4797.0728
                    Mean surrogate loss: -0.0630
                      Mean entropy loss: -20.3239
                            Mean reward: -98.63
                    Mean episode length: 4.47
                        Mean action std: 0.10
  Episode_Reward/motion_global_root_pos: 0.0040
  Episode_Reward/motion_global_root_ori: 0.0037
         Episode_Reward/motion_body_pos: 0.0081
         Episode_Reward/motion_body_ori: 0.0059
     Episode_Reward/motion_body_lin_vel: 0.0062
     Episode_Reward/motion_body_ang_vel: 0.0051
          Episode_Reward/action_rate_l2: -0.0148
             Episode_Reward/joint_limit: -0.0006
         Episode_Reward/self_collisions: -0.0012
Episode_Reward/action_target_reference_l2: -0.0057
Episode_Reward/action_target_soft_limit_barrier: -0.0000
                   Episode_Reward/alive: 0.0324
 Episode_Reward/non_timeout_termination: -9.9306
Episode_Reward/worst_ee_z_normalized_squared: -0.0089
Episode_Reward/right_wrist_prethreshold_barrier: -0.0000
        Metrics/motion/error_anchor_pos: 0.0525
        Metrics/motion/error_anchor_rot: 0.1383
    Metrics/motion/error_anchor_lin_vel: 0.4764
    Metrics/motion/error_anchor_ang_vel: 1.0132
          Metrics/motion/error_body_pos: 0.5006
          Metrics/motion/error_body_rot: 0.4309
         Metrics/motion/error_joint_pos: 0.5496
         Metrics/motion/error_joint_vel: 6.1710
        Metrics/motion/sampling_entropy: 1.0000
      Metrics/motion/sampling_top1_prob: 0.0084
       Metrics/motion/sampling_top1_bin: 0.5000
      Metrics/motion/error_body_lin_vel: 0.5084
      Metrics/motion/error_body_ang_vel: 1.6622
           Episode_Termination/time_out: 0.0000
         Episode_Termination/anchor_pos: 0.0000
         Episode_Termination/anchor_ori: 0.0000
        Episode_Termination/ee_body_pos: 0.0000
Episode_Termination/corpus_clip_time_out: 0.0625
Episode_Termination/stage_one_actuation_guard: 6.4375
--------------------------------------------------------------------------------
                         Iteration time: 1.86s
                           Time elapsed: 00:00:26
                                    ETA: 00:03:10

################################################################################
[1m                           Learning iteration 12/100                            [0m 

                               Run name: true23_h10
                            Total steps: 6656 
                       Steps per second: 266 
                        Collection time: 1.594s 
                          Learning time: 0.326s 
                        Mean value loss: 5617.3810
                    Mean surrogate loss: -0.0561
                      Mean entropy loss: -20.3239
                            Mean reward: -98.56
                    Mean episode length: 5.45
                        Mean action std: 0.10
  Episode_Reward/motion_global_root_pos: 0.0047
  Episode_Reward/motion_global_root_ori: 0.0039
         Episode_Reward/motion_body_pos: 0.0097
         Episode_Reward/motion_body_ori: 0.0068
     Episode_Reward/motion_body_lin_vel: 0.0075
     Episode_Reward/motion_body_ang_vel: 0.0062
          Episode_Reward/action_rate_l2: -0.0155
             Episode_Reward/joint_limit: -0.0009
         Episode_Reward/self_collisions: -0.0013
Episode_Reward/action_target_reference_l2: -0.0077
Episode_Reward/action_target_soft_limit_barrier: -0.0000
                   Episode_Reward/alive: 0.0413
 Episode_Reward/non_timeout_termination: -9.9306
Episode_Reward/worst_ee_z_normalized_squared: -0.0130
Episode_Reward/right_wrist_prethreshold_barrier: -0.0001
        Metrics/motion/error_anchor_pos: 0.0604
        Metrics/motion/error_anchor_rot: 0.1712
    Metrics/motion/error_anchor_lin_vel: 0.5029
    Metrics/motion/error_anchor_ang_vel: 1.1621
          Metrics/motion/error_body_pos: 0.3329
          Metrics/motion/error_body_rot: 0.3486
         Metrics/motion/error_joint_pos: 0.5931
         Metrics/motion/error_joint_vel: 7.0564
        Metrics/motion/sampling_entropy: 1.0000
      Metrics/motion/sampling_top1_prob: 0.0084
       Metrics/motion/sampling_top1_bin: 0.5000
      Metrics/motion/error_body_lin_vel: 0.5552
      Metrics/motion/error_body_ang_vel: 1.8876
           Episode_Termination/time_out: 0.0000
         Episode_Termination/anchor_pos: 0.0000
         Episode_Termination/anchor_ori: 0.0000
        Episode_Termination/ee_body_pos: 0.0000
Episode_Termination/corpus_clip_time_out: 0.1250
Episode_Termination/stage_one_actuation_guard: 6.5625
--------------------------------------------------------------------------------
                         Iteration time: 1.92s
                           Time elapsed: 00:00:27
                                    ETA: 00:03:07

################################################################################
[1m                           Learning iteration 13/100                            [0m 

                               Run name: true23_h10
                            Total steps: 7168 
                       Steps per second: 272 
                        Collection time: 1.534s 
                          Learning time: 0.344s 
                        Mean value loss: 4328.5129
                    Mean surrogate loss: -0.0561
                      Mean entropy loss: -20.3239
                            Mean reward: -99.63
                    Mean episode length: 4.46
                        Mean action std: 0.10
  Episode_Reward/motion_global_root_pos: 0.0042
  Episode_Reward/motion_global_root_ori: 0.0036
         Episode_Reward/motion_body_pos: 0.0085
         Episode_Reward/motion_body_ori: 0.0062
     Episode_Reward/motion_body_lin_vel: 0.0062
     Episode_Reward/motion_body_ang_vel: 0.0051
          Episode_Reward/action_rate_l2: -0.0169
             Episode_Reward/joint_limit: -0.0001
         Episode_Reward/self_collisions: -0.0023
Episode_Reward/action_target_reference_l2: -0.0065
Episode_Reward/action_target_soft_limit_barrier: -0.0000
                   Episode_Reward/alive: 0.0345
 Episode_Reward/non_timeout_termination: -10.0000
Episode_Reward/worst_ee_z_normalized_squared: -0.0076
Episode_Reward/right_wrist_prethreshold_barrier: -0.0005
        Metrics/motion/error_anchor_pos: 0.0593
        Metrics/motion/error_anchor_rot: 0.1704
    Metrics/motion/error_anchor_lin_vel: 0.4836
    Metrics/motion/error_anchor_ang_vel: 1.0383
          Metrics/motion/error_body_pos: 0.4060
          Metrics/motion/error_body_rot: 0.4084
         Metrics/motion/error_joint_pos: 0.5707
         Metrics/motion/error_joint_vel: 6.9941
        Metrics/motion/sampling_entropy: 1.0000
      Metrics/motion/sampling_top1_prob: 0.0084
       Metrics/motion/sampling_top1_bin: 0.5000
      Metrics/motion/error_body_lin_vel: 0.5538
      Metrics/motion/error_body_ang_vel: 1.8571
           Episode_Termination/time_out: 0.0000
         Episode_Termination/anchor_pos: 0.0000
         Episode_Termination/anchor_ori: 0.0000
        Episode_Termination/ee_body_pos: 0.0000
Episode_Termination/corpus_clip_time_out: 0.0000
Episode_Termination/stage_one_actuation_guard: 5.4375
--------------------------------------------------------------------------------
                         Iteration time: 1.88s
                           Time elapsed: 00:00:29
                                    ETA: 00:03:03

################################################################################
[1m                           Learning iteration 14/100                            [0m 

                               Run name: true23_h10
                            Total steps: 7680 
                       Steps per second: 265 
                        Collection time: 1.568s 
                          Learning time: 0.364s 
                        Mean value loss: 4414.6082
                    Mean surrogate loss: -0.0606
                      Mean entropy loss: -20.3239
                            Mean reward: -99.48
                    Mean episode length: 6.88
                        Mean action std: 0.10
  Episode_Reward/motion_global_root_pos: 0.0074
  Episode_Reward/motion_global_root_ori: 0.0051
         Episode_Reward/motion_body_pos: 0.0151
         Episode_Reward/motion_body_ori: 0.0079
     Episode_Reward/motion_body_lin_vel: 0.0125
     Episode_Reward/motion_body_ang_vel: 0.0111
          Episode_Reward/action_rate_l2: -0.0160
             Episode_Reward/joint_limit: -0.0002
         Episode_Reward/self_collisions: -0.0082
Episode_Reward/action_target_reference_l2: -0.0186
Episode_Reward/action_target_soft_limit_barrier: -0.0000
                   Episode_Reward/alive: 0.0733
 Episode_Reward/non_timeout_termination: -10.0000
Episode_Reward/worst_ee_z_normalized_squared: -0.0346
Episode_Reward/right_wrist_prethreshold_barrier: -0.0001
        Metrics/motion/error_anchor_pos: 0.0775
        Metrics/motion/error_anchor_rot: 0.2104
    Metrics/motion/error_anchor_lin_vel: 0.5158
    Metrics/motion/error_anchor_ang_vel: 1.1826
          Metrics/motion/error_body_pos: 0.4253
          Metrics/motion/error_body_rot: 0.4439
         Metrics/motion/error_joint_pos: 0.7699
         Metrics/motion/error_joint_vel: 6.0040
        Metrics/motion/sampling_entropy: 1.0000
      Metrics/motion/sampling_top1_prob: 0.0084
       Metrics/motion/sampling_top1_bin: 0.5000
      Metrics/motion/error_body_lin_vel: 0.5411
      Metrics/motion/error_body_ang_vel: 1.7716
           Episode_Termination/time_out: 0.0000
         Episode_Termination/anchor_pos: 0.0000
         Episode_Termination/anchor_ori: 0.0000
        Episode_Termination/ee_body_pos: 0.0625
Episode_Termination/corpus_clip_time_out: 0.0000
Episode_Termination/stage_one_actuation_guard: 5.1250
--------------------------------------------------------------------------------
                         Iteration time: 1.93s
                           Time elapsed: 00:00:31
                                    ETA: 00:03:00

################################################################################
[1m                           Learning iteration 15/100                            [0m 

                               Run name: true23_h10
                            Total steps: 8192 
                       Steps per second: 262 
                        Collection time: 1.604s 
                          Learning time: 0.344s 
                        Mean value loss: 5209.4760
                    Mean surrogate loss: -0.0606
                      Mean entropy loss: -20.3239
                            Mean reward: -98.63
                    Mean episode length: 4.87
                        Mean action std: 0.10
  Episode_Reward/motion_global_root_pos: 0.0048
  Episode_Reward/motion_global_root_ori: 0.0042
         Episode_Reward/motion_body_pos: 0.0099
         Episode_Reward/motion_body_ori: 0.0068
     Episode_Reward/motion_body_lin_vel: 0.0075
     Episode_Reward/motion_body_ang_vel: 0.0063
          Episode_Reward/action_rate_l2: -0.0157
             Episode_Reward/joint_limit: -0.0006
         Episode_Reward/self_collisions: -0.0033
Episode_Reward/action_target_reference_l2: -0.0083
Episode_Reward/action_target_soft_limit_barrier: -0.0000
                   Episode_Reward/alive: 0.0424
 Episode_Reward/non_timeout_termination: -9.8958
Episode_Reward/worst_ee_z_normalized_squared: -0.0137
Episode_Reward/right_wrist_prethreshold_barrier: 0.0000
        Metrics/motion/error_anchor_pos: 0.0609
        Metrics/motion/error_anchor_rot: 0.1688
    Metrics/motion/error_anchor_lin_vel: 0.4857
    Metrics/motion/error_anchor_ang_vel: 1.1393
          Metrics/motion/error_body_pos: 0.4371
          Metrics/motion/error_body_rot: 0.4254
         Metrics/motion/error_joint_pos: 0.6096
         Metrics/motion/error_joint_vel: 6.4832
        Metrics/motion/sampling_entropy: 1.0000
      Metrics/motion/sampling_top1_prob: 0.0084
       Metrics/motion/sampling_top1_bin: 0.5000
      Metrics/motion/error_body_lin_vel: 0.5262
      Metrics/motion/error_body_ang_vel: 1.7883
           Episode_Termination/time_out: 0.0000
         Episode_Termination/anchor_pos: 0.0000
         Episode_Termination/anchor_ori: 0.0000
        Episode_Termination/ee_body_pos: 0.0625
Episode_Termination/corpus_clip_time_out: 0.1875
Episode_Termination/stage_one_actuation_guard: 6.5000
--------------------------------------------------------------------------------
                         Iteration time: 1.95s
                           Time elapsed: 00:00:33
                                    ETA: 00:02:56

################################################################################
[1m                           Learning iteration 16/100                            [0m 

                               Run name: true23_h10
                            Total steps: 8704 
                       Steps per second: 256 
                        Collection time: 1.651s 
                          Learning time: 0.344s 
                        Mean value loss: 5272.7254
                    Mean surrogate loss: -0.0584
                      Mean entropy loss: -20.3239
                            Mean reward: -99.61
                    Mean episode length: 5.11
                        Mean action std: 0.10
  Episode_Reward/motion_global_root_pos: 0.0048
  Episode_Reward/motion_global_root_ori: 0.0039
         Episode_Reward/motion_body_pos: 0.0098
         Episode_Reward/motion_body_ori: 0.0069
     Episode_Reward/motion_body_lin_vel: 0.0077
     Episode_Reward/motion_body_ang_vel: 0.0062
          Episode_Reward/action_rate_l2: -0.0155
             Episode_Reward/joint_limit: -0.0010
         Episode_Reward/self_collisions: -0.0036
Episode_Reward/action_target_reference_l2: -0.0076
Episode_Reward/action_target_soft_limit_barrier: -0.0000
                   Episode_Reward/alive: 0.0421
 Episode_Reward/non_timeout_termination: -10.0000
Episode_Reward/worst_ee_z_normalized_squared: -0.0167
Episode_Reward/right_wrist_prethreshold_barrier: -0.0000
        Metrics/motion/error_anchor_pos: 0.0515
        Metrics/motion/error_anchor_rot: 0.1685
    Metrics/motion/error_anchor_lin_vel: 0.5025
    Metrics/motion/error_anchor_ang_vel: 1.2275
          Metrics/motion/error_body_pos: 0.2233
          Metrics/motion/error_body_rot: 0.3161
         Metrics/motion/error_joint_pos: 0.5991
         Metrics/motion/error_joint_vel: 7.4211
        Metrics/motion/sampling_entropy: 1.0000
      Metrics/motion/sampling_top1_prob: 0.0084
       Metrics/motion/sampling_top1_bin: 0.5000
      Metrics/motion/error_body_lin_vel: 0.5457
      Metrics/motion/error_body_ang_vel: 2.0004
           Episode_Termination/time_out: 0.0000
         Episode_Termination/anchor_pos: 0.0000
         Episode_Termination/anchor_ori: 0.0000
        Episode_Termination/ee_body_pos: 0.0000
Episode_Termination/corpus_clip_time_out: 0.0000
Episode_Termination/stage_one_actuation_guard: 6.4375
--------------------------------------------------------------------------------
                         Iteration time: 2.00s
                           Time elapsed: 00:00:35
                                    ETA: 00:02:54

################################################################################
[1m                           Learning iteration 17/100                            [0m 

                               Run name: true23_h10
                            Total steps: 9216 
                       Steps per second: 272 
                        Collection time: 1.545s 
                          Learning time: 0.333s 
                        Mean value loss: 4978.3298
                    Mean surrogate loss: -0.0574
                      Mean entropy loss: -20.3239
                            Mean reward: -99.64
                    Mean episode length: 5.10
                        Mean action std: 0.10
  Episode_Reward/motion_global_root_pos: 0.0046
  Episode_Reward/motion_global_root_ori: 0.0039
         Episode_Reward/motion_body_pos: 0.0094
         Episode_Reward/motion_body_ori: 0.0067
     Episode_Reward/motion_body_lin_vel: 0.0069
     Episode_Reward/motion_body_ang_vel: 0.0056
          Episode_Reward/action_rate_l2: -0.0150
             Episode_Reward/joint_limit: -0.0006
         Episode_Reward/self_collisions: -0.0033
Episode_Reward/action_target_reference_l2: -0.0074
Episode_Reward/action_target_soft_limit_barrier: -0.0001
                   Episode_Reward/alive: 0.0398
 Episode_Reward/non_timeout_termination: -10.0000
Episode_Reward/worst_ee_z_normalized_squared: -0.0144
Episode_Reward/right_wrist_prethreshold_barrier: -0.0003
        Metrics/motion/error_anchor_pos: 0.0551
        Metrics/motion/error_anchor_rot: 0.1744
    Metrics/motion/error_anchor_lin_vel: 0.5155
    Metrics/motion/error_anchor_ang_vel: 1.1059
          Metrics/motion/error_body_pos: 0.4322
          Metrics/motion/error_body_rot: 0.3727
         Metrics/motion/error_joint_pos: 0.6258
         Metrics/motion/error_joint_vel: 7.2907
        Metrics/motion/sampling_entropy: 1.0000
      Metrics/motion/sampling_top1_prob: 0.0084
       Metrics/motion/sampling_top1_bin: 0.5000
      Metrics/motion/error_body_lin_vel: 0.5709
      Metrics/motion/error_body_ang_vel: 1.9372
           Episode_Termination/time_out: 0.0000
         Episode_Termination/anchor_pos: 0.0000
         Episode_Termination/anchor_ori: 0.0000
        Episode_Termination/ee_body_pos: 0.0000
Episode_Termination/corpus_clip_time_out: 0.0000
Episode_Termination/stage_one_actuation_guard: 6.0625
--------------------------------------------------------------------------------
                         Iteration time: 1.88s
                           Time elapsed: 00:00:37
                                    ETA: 00:02:51

################################################################################
[1m                           Learning iteration 18/100                            [0m 

                               Run name: true23_h10
                            Total steps: 9728 
                       Steps per second: 272 
                        Collection time: 1.535s 
                          Learning time: 0.347s 
                        Mean value loss: 5056.0476
                    Mean surrogate loss: -0.0557
                      Mean entropy loss: -20.3239
                            Mean reward: -98.77
                    Mean episode length: 5.32
                        Mean action std: 0.10
  Episode_Reward/motion_global_root_pos: 0.0046
  Episode_Reward/motion_global_root_ori: 0.0038
         Episode_Reward/motion_body_pos: 0.0094
         Episode_Reward/motion_body_ori: 0.0065
     Episode_Reward/motion_body_lin_vel: 0.0069
     Episode_Reward/motion_body_ang_vel: 0.0054
          Episode_Reward/action_rate_l2: -0.0182
             Episode_Reward/joint_limit: -0.0003
         Episode_Reward/self_collisions: -0.0027
Episode_Reward/action_target_reference_l2: -0.0083
Episode_Reward/action_target_soft_limit_barrier: -0.0001
                   Episode_Reward/alive: 0.0394
 Episode_Reward/non_timeout_termination: -9.7917
Episode_Reward/worst_ee_z_normalized_squared: -0.0091
Episode_Reward/right_wrist_prethreshold_barrier: -0.0201
        Metrics/motion/error_anchor_pos: 0.0573
        Metrics/motion/error_anchor_rot: 0.1632
    Metrics/motion/error_anchor_lin_vel: 0.5171
    Metrics/motion/error_anchor_ang_vel: 1.2657
          Metrics/motion/error_body_pos: 0.5937
          Metrics/motion/error_body_rot: 0.4594
         Metrics/motion/error_joint_pos: 0.6088
         Metrics/motion/error_joint_vel: 7.2189
        Metrics/motion/sampling_entropy: 1.0000
      Metrics/motion/sampling_top1_prob: 0.0084
       Metrics/motion/sampling_top1_bin: 0.5000
      Metrics/motion/error_body_lin_vel: 0.5664
      Metrics/motion/error_body_ang_vel: 1.9582
           Episode_Termination/time_out: 0.0000
         Episode_Termination/anchor_pos: 0.0000
         Episode_Termination/anchor_ori: 0.0000
        Episode_Termination/ee_body_pos: 0.0625
Episode_Termination/corpus_clip_time_out: 0.1250
Episode_Termination/stage_one_actuation_guard: 6.0625
--------------------------------------------------------------------------------
                         Iteration time: 1.88s
                           Time elapsed: 00:00:39
                                    ETA: 00:02:48

################################################################################
[1m                           Learning iteration 19/100                            [0m 

                               Run name: true23_h10
                            Total steps: 10240 
                       Steps per second: 274 
                        Collection time: 1.535s 
                          Learning time: 0.330s 
                        Mean value loss: 5235.4183
                    Mean surrogate loss: -0.0541
                      Mean entropy loss: -20.3239
                            Mean reward: -99.49
                    Mean episode length: 5.80
                        Mean action std: 0.10
  Episode_Reward/motion_global_root_pos: 0.0055
  Episode_Reward/motion_global_root_ori: 0.0047
         Episode_Reward/motion_body_pos: 0.0115
         Episode_Reward/motion_body_ori: 0.0073
     Episode_Reward/motion_body_lin_vel: 0.0091
     Episode_Reward/motion_body_ang_vel: 0.0074
          Episode_Reward/action_rate_l2: -0.0158
             Episode_Reward/joint_limit: -0.0005
         Episode_Reward/self_collisions: -0.0017
Episode_Reward/action_target_reference_l2: -0.0106
Episode_Reward/action_target_soft_limit_barrier: -0.0001
                   Episode_Reward/alive: 0.0505
 Episode_Reward/non_timeout_termination: -10.0000
Episode_Reward/worst_ee_z_normalized_squared: -0.0162
Episode_Reward/right_wrist_prethreshold_barrier: 0.0000
        Metrics/motion/error_anchor_pos: 0.0648
        Metrics/motion/error_anchor_rot: 0.1688
    Metrics/motion/error_anchor_lin_vel: 0.4974
    Metrics/motion/error_anchor_ang_vel: 1.1594
          Metrics/motion/error_body_pos: 0.2604
          Metrics/motion/error_body_rot: 0.3723
         Metrics/motion/error_joint_pos: 0.6775
         Metrics/motion/error_joint_vel: 6.8980
        Metrics/motion/sampling_entropy: 1.0000
      Metrics/motion/sampling_top1_prob: 0.0084
       Metrics/motion/sampling_top1_bin: 0.5000
      Metrics/motion/error_body_lin_vel: 0.5416
      Metrics/motion/error_body_ang_vel: 1.8416
           Episode_Termination/time_out: 0.0000
         Episode_Termination/anchor_pos: 0.0000
         Episode_Termination/anchor_ori: 0.0000
        Episode_Termination/ee_body_pos: 0.0000
Episode_Termination/corpus_clip_time_out: 0.0000
Episode_Termination/stage_one_actuation_guard: 6.0000
--------------------------------------------------------------------------------
                         Iteration time: 1.87s
                           Time elapsed: 00:00:41
                                    ETA: 00:02:45

################################################################################
[1m                           Learning iteration 20/100                            [0m 

                               Run name: true23_h10
                            Total steps: 10752 
                       Steps per second: 236 
                        Collection time: 1.803s 
                          Learning time: 0.367s 
                        Mean value loss: 4389.7523
                    Mean surrogate loss: -0.0525
                      Mean entropy loss: -20.3239
                            Mean reward: -97.55
                    Mean episode length: 4.80
                        Mean action std: 0.10
  Episode_Reward/motion_global_root_pos: 0.0048
  Episode_Reward/motion_global_root_ori: 0.0042
         Episode_Reward/motion_body_pos: 0.0099
         Episode_Reward/motion_body_ori: 0.0071
     Episode_Reward/motion_body_lin_vel: 0.0077
     Episode_Reward/motion_body_ang_vel: 0.0061
          Episode_Reward/action_rate_l2: -0.0154
             Episode_Reward/joint_limit: -0.0001
         Episode_Reward/self_collisions: -0.0031
Episode_Reward/action_target_reference_l2: -0.0078
Episode_Reward/action_target_soft_limit_barrier: -0.0001
                   Episode_Reward/alive: 0.0419
 Episode_Reward/non_timeout_termination: -9.7545
Episode_Reward/worst_ee_z_normalized_squared: -0.0076
Episode_Reward/right_wrist_prethreshold_barrier: 0.0000
        Metrics/motion/error_anchor_pos: 0.0588
        Metrics/motion/error_anchor_rot: 0.1628
    Metrics/motion/error_anchor_lin_vel: 0.4542
    Metrics/motion/error_anchor_ang_vel: 1.1022
          Metrics/motion/error_body_pos: 0.5294
          Metrics/motion/error_body_rot: 0.4395
         Metrics/motion/error_joint_pos: 0.6634
         Metrics/motion/error_joint_vel: 6.8501
        Metrics/motion/sampling_entropy: 1.0000
      Metrics/motion/sampling_top1_prob: 0.0084
       Metrics/motion/sampling_top1_bin: 0.5000
      Metrics/motion/error_body_lin_vel: 0.5012
      Metrics/motion/error_body_ang_vel: 1.7981
           Episode_Termination/time_out: 0.0000
         Episode_Termination/anchor_pos: 0.0000
         Episode_Termination/anchor_ori: 0.0000
        Episode_Termination/ee_body_pos: 0.0000
Episode_Termination/corpus_clip_time_out: 0.1250
Episode_Termination/stage_one_actuation_guard: 5.5000
--------------------------------------------------------------------------------
                         Iteration time: 2.17s
                           Time elapsed: 00:00:43
                                    ETA: 00:02:43

################################################################################
[1m                           Learning iteration 21/100                            [0m 

                               Run name: true23_h10
                            Total steps: 11264 
                       Steps per second: 257 
                        Collection time: 1.608s 
                          Learning time: 0.382s 
                        Mean value loss: 4922.7889
                    Mean surrogate loss: -0.0597
                      Mean entropy loss: -20.3239
                            Mean reward: -99.49
                    Mean episode length: 5.94
                        Mean action std: 0.10
  Episode_Reward/motion_global_root_pos: 0.0054
  Episode_Reward/motion_global_root_ori: 0.0045
         Episode_Reward/motion_body_pos: 0.0116
         Episode_Reward/motion_body_ori: 0.0077
     Episode_Reward/motion_body_lin_vel: 0.0088
     Episode_Reward/motion_body_ang_vel: 0.0076
          Episode_Reward/action_rate_l2: -0.0162
             Episode_Reward/joint_limit: -0.0004
         Episode_Reward/self_collisions: 0.0000
Episode_Reward/action_target_reference_l2: -0.0101
Episode_Reward/action_target_soft_limit_barrier: -0.0000
                   Episode_Reward/alive: 0.0512
 Episode_Reward/non_timeout_termination: -10.0000
Episode_Reward/worst_ee_z_normalized_squared: -0.0173
Episode_Reward/right_wrist_prethreshold_barrier: 0.0000
        Metrics/motion/error_anchor_pos: 0.0713
        Metrics/motion/error_anchor_rot: 0.1905
    Metrics/motion/error_anchor_lin_vel: 0.4981
    Metrics/motion/error_anchor_ang_vel: 1.1528
          Metrics/motion/error_body_pos: 0.1916
          Metrics/motion/error_body_rot: 0.3313
         Metrics/motion/error_joint_pos: 0.6872
         Metrics/motion/error_joint_vel: 6.5960
        Metrics/motion/sampling_entropy: 1.0000
      Metrics/motion/sampling_top1_prob: 0.0084
       Metrics/motion/sampling_top1_bin: 0.5000
      Metrics/motion/error_body_lin_vel: 0.5504
      Metrics/motion/error_body_ang_vel: 1.8177
           Episode_Termination/time_out: 0.0000
         Episode_Termination/anchor_pos: 0.0000
         Episode_Termination/anchor_ori: 0.0000
        Episode_Termination/ee_body_pos: 0.0000
Episode_Termination/corpus_clip_time_out: 0.0000
Episode_Termination/stage_one_actuation_guard: 5.6250
--------------------------------------------------------------------------------
                         Iteration time: 1.99s
                           Time elapsed: 00:00:45
                                    ETA: 00:02:41

################################################################################
[1m                           Learning iteration 22/100                            [0m 

                               Run name: true23_h10
                            Total steps: 11776 
                       Steps per second: 267 
                        Collection time: 1.565s 
                          Learning time: 0.348s 
                        Mean value loss: 4056.8711
                    Mean surrogate loss: -0.0588
                      Mean entropy loss: -20.3239
                            Mean reward: -98.59
                    Mean episode length: 4.75
                        Mean action std: 0.10
  Episode_Reward/motion_global_root_pos: 0.0042
  Episode_Reward/motion_global_root_ori: 0.0038
         Episode_Reward/motion_body_pos: 0.0086
         Episode_Reward/motion_body_ori: 0.0060
     Episode_Reward/motion_body_lin_vel: 0.0063
     Episode_Reward/motion_body_ang_vel: 0.0053
          Episode_Reward/action_rate_l2: -0.0158
             Episode_Reward/joint_limit: -0.0004
         Episode_Reward/self_collisions: -0.0006
Episode_Reward/action_target_reference_l2: -0.0066
Episode_Reward/action_target_soft_limit_barrier: -0.0002
                   Episode_Reward/alive: 0.0354
 Episode_Reward/non_timeout_termination: -9.9107
Episode_Reward/worst_ee_z_normalized_squared: -0.0093
Episode_Reward/right_wrist_prethreshold_barrier: -0.0000
        Metrics/motion/error_anchor_pos: 0.0571
        Metrics/motion/error_anchor_rot: 0.1555
    Metrics/motion/error_anchor_lin_vel: 0.5263
    Metrics/motion/error_anchor_ang_vel: 1.0591
          Metrics/motion/error_body_pos: 0.4827
          Metrics/motion/error_body_rot: 0.4062
         Metrics/motion/error_joint_pos: 0.5391
         Metrics/motion/error_joint_vel: 6.6740
        Metrics/motion/sampling_entropy: 1.0000
      Metrics/motion/sampling_top1_prob: 0.0084
       Metrics/motion/sampling_top1_bin: 0.5000
      Metrics/motion/error_body_lin_vel: 0.5729
      Metrics/motion/error_body_ang_vel: 1.8471
           Episode_Termination/time_out: 0.0000
         Episode_Termination/anchor_pos: 0.0000
         Episode_Termination/anchor_ori: 0.0000
        Episode_Termination/ee_body_pos: 0.0000
Episode_Termination/corpus_clip_time_out: 0.1250
Episode_Termination/stage_one_actuation_guard: 5.4375
--------------------------------------------------------------------------------
                         Iteration time: 1.91s
                           Time elapsed: 00:00:47
                                    ETA: 00:02:38

################################################################################
[1m                           Learning iteration 23/100                            [0m 

                               Run name: true23_h10
                            Total steps: 12288 
                       Steps per second: 207 
                        Collection time: 1.979s 
                          Learning time: 0.489s 
                        Mean value loss: 4786.6690
                    Mean surrogate loss: -0.0536
                      Mean entropy loss: -20.3239
                            Mean reward: -99.68
                    Mean episode length: 4.91
                        Mean action std: 0.10
  Episode_Reward/motion_global_root_pos: 0.0047
  Episode_Reward/motion_global_root_ori: 0.0040
         Episode_Reward/motion_body_pos: 0.0095
         Episode_Reward/motion_body_ori: 0.0066
     Episode_Reward/motion_body_lin_vel: 0.0067
     Episode_Reward/motion_body_ang_vel: 0.0056
          Episode_Reward/action_rate_l2: -0.0179
             Episode_Reward/joint_limit: -0.0009
         Episode_Reward/self_collisions: -0.0002
Episode_Reward/action_target_reference_l2: -0.0071
Episode_Reward/action_target_soft_limit_barrier: -0.0000
                   Episode_Reward/alive: 0.0399
 Episode_Reward/non_timeout_termination: -10.0000
Episode_Reward/worst_ee_z_normalized_squared: -0.0160
Episode_Reward/right_wrist_prethreshold_barrier: -0.0000
        Metrics/motion/error_anchor_pos: 0.0571
        Metrics/motion/error_anchor_rot: 0.1611
    Metrics/motion/error_anchor_lin_vel: 0.4937
    Metrics/motion/error_anchor_ang_vel: 1.1209
          Metrics/motion/error_body_pos: 0.4134
          Metrics/motion/error_body_rot: 0.4625
         Metrics/motion/error_joint_pos: 0.5792
         Metrics/motion/error_joint_vel: 6.7166
        Metrics/motion/sampling_entropy: 1.0000
      Metrics/motion/sampling_top1_prob: 0.0084
       Metrics/motion/sampling_top1_bin: 0.5000
      Metrics/motion/error_body_lin_vel: 0.5728
      Metrics/motion/error_body_ang_vel: 1.9072
           Episode_Termination/time_out: 0.0000
         Episode_Termination/anchor_pos: 0.0000
         Episode_Termination/anchor_ori: 0.0000
        Episode_Termination/ee_body_pos: 0.1250
Episode_Termination/corpus_clip_time_out: 0.0000
Episode_Termination/stage_one_actuation_guard: 6.6250
--------------------------------------------------------------------------------
                         Iteration time: 2.47s
                           Time elapsed: 00:00:49
                                    ETA: 00:02:37

################################################################################
[1m                           Learning iteration 24/100                            [0m 

                               Run name: true23_h10
                            Total steps: 12800 
                       Steps per second: 267 
                        Collection time: 1.549s 
                          Learning time: 0.366s 
                        Mean value loss: 5176.6240
                    Mean surrogate loss: -0.0417
                      Mean entropy loss: -20.3239
                            Mean reward: -99.55
                    Mean episode length: 6.17
                        Mean action std: 0.10
  Episode_Reward/motion_global_root_pos: 0.0059
  Episode_Reward/motion_global_root_ori: 0.0048
         Episode_Reward/motion_body_pos: 0.0119
         Episode_Reward/motion_body_ori: 0.0078
     Episode_Reward/motion_body_lin_vel: 0.0096
     Episode_Reward/motion_body_ang_vel: 0.0077
          Episode_Reward/action_rate_l2: -0.0155
             Episode_Reward/joint_limit: -0.0003
         Episode_Reward/self_collisions: -0.0051
Episode_Reward/action_target_reference_l2: -0.0104
Episode_Reward/action_target_soft_limit_barrier: -0.0001
                   Episode_Reward/alive: 0.0527
 Episode_Reward/non_timeout_termination: -10.0000
Episode_Reward/worst_ee_z_normalized_squared: -0.0154
Episode_Reward/right_wrist_prethreshold_barrier: -0.0001
        Metrics/motion/error_anchor_pos: 0.0599
        Metrics/motion/error_anchor_rot: 0.1677
    Metrics/motion/error_anchor_lin_vel: 0.4607
    Metrics/motion/error_anchor_ang_vel: 1.2113
          Metrics/motion/error_body_pos: 0.2883
          Metrics/motion/error_body_rot: 0.3591
         Metrics/motion/error_joint_pos: 0.7247
         Metrics/motion/error_joint_vel: 6.6651
        Metrics/motion/sampling_entropy: 1.0000
      Metrics/motion/sampling_top1_prob: 0.0084
       Metrics/motion/sampling_top1_bin: 0.5000
      Metrics/motion/error_body_lin_vel: 0.4982
      Metrics/motion/error_body_ang_vel: 1.8086
           Episode_Termination/time_out: 0.0000
         Episode_Termination/anchor_pos: 0.0000
         Episode_Termination/anchor_ori: 0.0000
        Episode_Termination/ee_body_pos: 0.0625
Episode_Termination/corpus_clip_time_out: 0.0000
Episode_Termination/stage_one_actuation_guard: 6.1875
--------------------------------------------------------------------------------
                         Iteration time: 1.92s
                           Time elapsed: 00:00:51
                                    ETA: 00:02:35

################################################################################
[1m                           Learning iteration 25/100                            [0m 

                               Run name: true23_h10
                            Total steps: 13312 
                       Steps per second: 257 
                        Collection time: 1.625s 
                          Learning time: 0.363s 
                        Mean value loss: 5144.7272
                    Mean surrogate loss: -0.0557
                      Mean entropy loss: -20.3239
                            Mean reward: -99.72
                    Mean episode length: 4.28
                        Mean action std: 0.10
  Episode_Reward/motion_global_root_pos: 0.0038
  Episode_Reward/motion_global_root_ori: 0.0034
         Episode_Reward/motion_body_pos: 0.0078
         Episode_Reward/motion_body_ori: 0.0058
     Episode_Reward/motion_body_lin_vel: 0.0056
     Episode_Reward/motion_body_ang_vel: 0.0047
          Episode_Reward/action_rate_l2: -0.0171
             Episode_Reward/joint_limit: -0.0002
         Episode_Reward/self_collisions: -0.0033
Episode_Reward/action_target_reference_l2: -0.0052
Episode_Reward/action_target_soft_limit_barrier: -0.0001
                   Episode_Reward/alive: 0.0307
 Episode_Reward/non_timeout_termination: -10.0000
Episode_Reward/worst_ee_z_normalized_squared: -0.0098
Episode_Reward/right_wrist_prethreshold_barrier: 0.0000
        Metrics/motion/error_anchor_pos: 0.0547
        Metrics/motion/error_anchor_rot: 0.1646
    Metrics/motion/error_anchor_lin_vel: 0.4902
    Metrics/motion/error_anchor_ang_vel: 1.1304
          Metrics/motion/error_body_pos: 0.4318
          Metrics/motion/error_body_rot: 0.4573
         Metrics/motion/error_joint_pos: 0.5308
         Metrics/motion/error_joint_vel: 6.2481
        Metrics/motion/sampling_entropy: 1.0000
      Metrics/motion/sampling_top1_prob: 0.0084
       Metrics/motion/sampling_top1_bin: 0.5000
      Metrics/motion/error_body_lin_vel: 0.5341
      Metrics/motion/error_body_ang_vel: 1.7272
           Episode_Termination/time_out: 0.0000
         Episode_Termination/anchor_pos: 0.0000
         Episode_Termination/anchor_ori: 0.0000
        Episode_Termination/ee_body_pos: 0.0625
Episode_Termination/corpus_clip_time_out: 0.0625
Episode_Termination/stage_one_actuation_guard: 7.2500
--------------------------------------------------------------------------------
                         Iteration time: 1.99s
                           Time elapsed: 00:00:53
                                    ETA: 00:02:33

################################################################################
[1m                           Learning iteration 26/100                            [0m 

                               Run name: true23_h10
                            Total steps: 13824 
                       Steps per second: 263 
                        Collection time: 1.591s 
                          Learning time: 0.353s 
                        Mean value loss: 4413.1574
                    Mean surrogate loss: -0.0481
                      Mean entropy loss: -20.3239
                            Mean reward: -99.64
                    Mean episode length: 4.58
                        Mean action std: 0.10
  Episode_Reward/motion_global_root_pos: 0.0042
  Episode_Reward/motion_global_root_ori: 0.0036
         Episode_Reward/motion_body_pos: 0.0085
         Episode_Reward/motion_body_ori: 0.0064
     Episode_Reward/motion_body_lin_vel: 0.0062
     Episode_Reward/motion_body_ang_vel: 0.0050
          Episode_Reward/action_rate_l2: -0.0163
             Episode_Reward/joint_limit: -0.0001
         Episode_Reward/self_collisions: -0.0028
Episode_Reward/action_target_reference_l2: -0.0056
Episode_Reward/action_target_soft_limit_barrier: -0.0000
                   Episode_Reward/alive: 0.0341
 Episode_Reward/non_timeout_termination: -10.0000
Episode_Reward/worst_ee_z_normalized_squared: -0.0079
Episode_Reward/right_wrist_prethreshold_barrier: 0.0000
        Metrics/motion/error_anchor_pos: 0.0575
        Metrics/motion/error_anchor_rot: 0.1619
    Metrics/motion/error_anchor_lin_vel: 0.5042
    Metrics/motion/error_anchor_ang_vel: 1.0977
          Metrics/motion/error_body_pos: 0.4141
          Metrics/motion/error_body_rot: 0.4035
         Metrics/motion/error_joint_pos: 0.5666
         Metrics/motion/error_joint_vel: 6.6510
        Metrics/motion/sampling_entropy: 1.0000
      Metrics/motion/sampling_top1_prob: 0.0084
       Metrics/motion/sampling_top1_bin: 0.5000
      Metrics/motion/error_body_lin_vel: 0.5528
      Metrics/motion/error_body_ang_vel: 1.8247
           Episode_Termination/time_out: 0.0000
         Episode_Termination/anchor_pos: 0.0000
         Episode_Termination/anchor_ori: 0.0000
        Episode_Termination/ee_body_pos: 0.0000
Episode_Termination/corpus_clip_time_out: 0.0000
Episode_Termination/stage_one_actuation_guard: 6.1875
--------------------------------------------------------------------------------
                         Iteration time: 1.94s
                           Time elapsed: 00:00:55
                                    ETA: 00:02:30

################################################################################
[1m                           Learning iteration 27/100                            [0m 

                               Run name: true23_h10
                            Total steps: 14336 
                       Steps per second: 214 
                        Collection time: 2.025s 
                          Learning time: 0.364s 
                        Mean value loss: 3722.5308
                    Mean surrogate loss: -0.0619
                      Mean entropy loss: -20.3239
                            Mean reward: -99.64
                    Mean episode length: 4.86
                        Mean action std: 0.10
  Episode_Reward/motion_global_root_pos: 0.0046
  Episode_Reward/motion_global_root_ori: 0.0039
         Episode_Reward/motion_body_pos: 0.0096
         Episode_Reward/motion_body_ori: 0.0066
     Episode_Reward/motion_body_lin_vel: 0.0071
     Episode_Reward/motion_body_ang_vel: 0.0060
          Episode_Reward/action_rate_l2: -0.0165
             Episode_Reward/joint_limit: -0.0001
         Episode_Reward/self_collisions: -0.0008
Episode_Reward/action_target_reference_l2: -0.0080
Episode_Reward/action_target_soft_limit_barrier: -0.0000
                   Episode_Reward/alive: 0.0405
 Episode_Reward/non_timeout_termination: -10.0000
Episode_Reward/worst_ee_z_normalized_squared: -0.0154
Episode_Reward/right_wrist_prethreshold_barrier: 0.0000
        Metrics/motion/error_anchor_pos: 0.0637
        Metrics/motion/error_anchor_rot: 0.1751
    Metrics/motion/error_anchor_lin_vel: 0.5070
    Metrics/motion/error_anchor_ang_vel: 1.0963
          Metrics/motion/error_body_pos: 0.4351
          Metrics/motion/error_body_rot: 0.3928
         Metrics/motion/error_joint_pos: 0.6228
         Metrics/motion/error_joint_vel: 6.1630
        Metrics/motion/sampling_entropy: 1.0000
      Metrics/motion/sampling_top1_prob: 0.0084
       Metrics/motion/sampling_top1_bin: 0.5000
      Metrics/motion/error_body_lin_vel: 0.5398
      Metrics/motion/error_body_ang_vel: 1.6837
           Episode_Termination/time_out: 0.0000
         Episode_Termination/anchor_pos: 0.0000
         Episode_Termination/anchor_ori: 0.0000
        Episode_Termination/ee_body_pos: 0.0625
Episode_Termination/corpus_clip_time_out: 0.0000
Episode_Termination/stage_one_actuation_guard: 5.3125
--------------------------------------------------------------------------------
                         Iteration time: 2.39s
                           Time elapsed: 00:00:58
                                    ETA: 00:02:29

################################################################################
[1m                           Learning iteration 28/100                            [0m 

                               Run name: true23_h10
                            Total steps: 14848 
                       Steps per second: 236 
                        Collection time: 1.793s 
                          Learning time: 0.371s 
                        Mean value loss: 4919.0901
                    Mean surrogate loss: -0.0658
                      Mean entropy loss: -20.3239
                            Mean reward: -97.58
                    Mean episode length: 6.05
                        Mean action std: 0.10
  Episode_Reward/motion_global_root_pos: 0.0055
  Episode_Reward/motion_global_root_ori: 0.0045
         Episode_Reward/motion_body_pos: 0.0115
         Episode_Reward/motion_body_ori: 0.0075
     Episode_Reward/motion_body_lin_vel: 0.0090
     Episode_Reward/motion_body_ang_vel: 0.0073
          Episode_Reward/action_rate_l2: -0.0169
             Episode_Reward/joint_limit: -0.0004
         Episode_Reward/self_collisions: -0.0051
Episode_Reward/action_target_reference_l2: -0.0106
Episode_Reward/action_target_soft_limit_barrier: -0.0000
                   Episode_Reward/alive: 0.0514
 Episode_Reward/non_timeout_termination: -9.7969
Episode_Reward/worst_ee_z_normalized_squared: -0.0181
Episode_Reward/right_wrist_prethreshold_barrier: -0.0000
        Metrics/motion/error_anchor_pos: 0.0692
        Metrics/motion/error_anchor_rot: 0.1902
    Metrics/motion/error_anchor_lin_vel: 0.4934
    Metrics/motion/error_anchor_ang_vel: 1.1030
          Metrics/motion/error_body_pos: 0.5856
          Metrics/motion/error_body_rot: 0.3979
         Metrics/motion/error_joint_pos: 0.6821
         Metrics/motion/error_joint_vel: 6.5963
        Metrics/motion/sampling_entropy: 1.0000
      Metrics/motion/sampling_top1_prob: 0.0084
       Metrics/motion/sampling_top1_bin: 0.5000
      Metrics/motion/error_body_lin_vel: 0.5519
      Metrics/motion/error_body_ang_vel: 1.9355
           Episode_Termination/time_out: 0.0000
         Episode_Termination/anchor_pos: 0.0000
         Episode_Termination/anchor_ori: 0.0000
        Episode_Termination/ee_body_pos: 0.0625
Episode_Termination/corpus_clip_time_out: 0.1250
Episode_Termination/stage_one_actuation_guard: 6.2500
--------------------------------------------------------------------------------
                         Iteration time: 2.16s
                           Time elapsed: 00:01:00
                                    ETA: 00:02:27

################################################################################
[1m                           Learning iteration 29/100                            [0m 

                               Run name: true23_h10
                            Total steps: 15360 
                       Steps per second: 249 
                        Collection time: 1.716s 
                          Learning time: 0.334s 
                        Mean value loss: 4350.8246
                    Mean surrogate loss: -0.0580
                      Mean entropy loss: -20.3239
                            Mean reward: -97.56
                    Mean episode length: 4.64
                        Mean action std: 0.10
  Episode_Reward/motion_global_root_pos: 0.0044
  Episode_Reward/motion_global_root_ori: 0.0038
         Episode_Reward/motion_body_pos: 0.0091
         Episode_Reward/motion_body_ori: 0.0067
     Episode_Reward/motion_body_lin_vel: 0.0071
     Episode_Reward/motion_body_ang_vel: 0.0055
          Episode_Reward/action_rate_l2: -0.0159
             Episode_Reward/joint_limit: -0.0005
         Episode_Reward/self_collisions: -0.0010
Episode_Reward/action_target_reference_l2: -0.0061
Episode_Reward/action_target_soft_limit_barrier: -0.0000
                   Episode_Reward/alive: 0.0372
 Episode_Reward/non_timeout_termination: -9.7024
Episode_Reward/worst_ee_z_normalized_squared: -0.0051
Episode_Reward/right_wrist_prethreshold_barrier: 0.0000
        Metrics/motion/error_anchor_pos: 0.0555
        Metrics/motion/error_anchor_rot: 0.1470
    Metrics/motion/error_anchor_lin_vel: 0.4470
    Metrics/motion/error_anchor_ang_vel: 1.0859
          Metrics/motion/error_body_pos: 0.3685
          Metrics/motion/error_body_rot: 0.3456
         Metrics/motion/error_joint_pos: 0.5605
         Metrics/motion/error_joint_vel: 7.1817
        Metrics/motion/sampling_entropy: 1.0000
      Metrics/motion/sampling_top1_prob: 0.0084
       Metrics/motion/sampling_top1_bin: 0.5000
      Metrics/motion/error_body_lin_vel: 0.5008
      Metrics/motion/error_body_ang_vel: 1.8701
           Episode_Termination/time_out: 0.0000
         Episode_Termination/anchor_pos: 0.0000
         Episode_Termination/anchor_ori: 0.0000
        Episode_Termination/ee_body_pos: 0.0000
Episode_Termination/corpus_clip_time_out: 0.1250
Episode_Termination/stage_one_actuation_guard: 6.1875
--------------------------------------------------------------------------------
                         Iteration time: 2.05s
                           Time elapsed: 00:01:02
                                    ETA: 00:02:25

################################################################################
[1m                           Learning iteration 30/100                            [0m 

                               Run name: true23_h10
                            Total steps: 15872 
                       Steps per second: 258 
                        Collection time: 1.642s 
                          Learning time: 0.335s 
                        Mean value loss: 4662.6534
                    Mean surrogate loss: -0.0550
                      Mean entropy loss: -20.3239
                            Mean reward: -99.66
                    Mean episode length: 6.11
                        Mean action std: 0.10
  Episode_Reward/motion_global_root_pos: 0.0053
  Episode_Reward/motion_global_root_ori: 0.0045
         Episode_Reward/motion_body_pos: 0.0112
         Episode_Reward/motion_body_ori: 0.0074
     Episode_Reward/motion_body_lin_vel: 0.0083
     Episode_Reward/motion_body_ang_vel: 0.0070
          Episode_Reward/action_rate_l2: -0.0166
             Episode_Reward/joint_limit: -0.0003
         Episode_Reward/self_collisions: -0.0008
Episode_Reward/action_target_reference_l2: -0.0110
Episode_Reward/action_target_soft_limit_barrier: -0.0001
                   Episode_Reward/alive: 0.0497
 Episode_Reward/non_timeout_termination: -10.0000
Episode_Reward/worst_ee_z_normalized_squared: -0.0218
Episode_Reward/right_wrist_prethreshold_barrier: -0.0115
        Metrics/motion/error_anchor_pos: 0.0739
        Metrics/motion/error_anchor_rot: 0.1936
    Metrics/motion/error_anchor_lin_vel: 0.4890
    Metrics/motion/error_anchor_ang_vel: 1.2430
          Metrics/motion/error_body_pos: 0.4249
          Metrics/motion/error_body_rot: 0.4535
         Metrics/motion/error_joint_pos: 0.7091
         Metrics/motion/error_joint_vel: 6.6467
        Metrics/motion/sampling_entropy: 1.0000
      Metrics/motion/sampling_top1_prob: 0.0084
       Metrics/motion/sampling_top1_bin: 0.5000
      Metrics/motion/error_body_lin_vel: 0.5613
      Metrics/motion/error_body_ang_vel: 1.8705
           Episode_Termination/time_out: 0.0000
         Episode_Termination/anchor_pos: 0.0000
         Episode_Termination/anchor_ori: 0.0000
        Episode_Termination/ee_body_pos: 0.0625
Episode_Termination/corpus_clip_time_out: 0.0000
Episode_Termination/stage_one_actuation_guard: 5.6875
--------------------------------------------------------------------------------
                         Iteration time: 1.98s
                           Time elapsed: 00:01:04
                                    ETA: 00:02:23

################################################################################
[1m                           Learning iteration 31/100                            [0m 

                               Run name: true23_h10
                            Total steps: 16384 
                       Steps per second: 269 
                        Collection time: 1.572s 
                          Learning time: 0.331s 
                        Mean value loss: 4646.8359
                    Mean surrogate loss: -0.0574
                      Mean entropy loss: -20.3239
                            Mean reward: -98.58
                    Mean episode length: 5.56
                        Mean action std: 0.10
  Episode_Reward/motion_global_root_pos: 0.0048
  Episode_Reward/motion_global_root_ori: 0.0041
         Episode_Reward/motion_body_pos: 0.0099
         Episode_Reward/motion_body_ori: 0.0068
     Episode_Reward/motion_body_lin_vel: 0.0078
     Episode_Reward/motion_body_ang_vel: 0.0064
          Episode_Reward/action_rate_l2: -0.0156
             Episode_Reward/joint_limit: -0.0003
         Episode_Reward/self_collisions: -0.0052
Episode_Reward/action_target_reference_l2: -0.0085
Episode_Reward/action_target_soft_limit_barrier: -0.0000
                   Episode_Reward/alive: 0.0425
 Episode_Reward/non_timeout_termination: -9.9306
Episode_Reward/worst_ee_z_normalized_squared: -0.0157
Episode_Reward/right_wrist_prethreshold_barrier: 0.0000
        Metrics/motion/error_anchor_pos: 0.0565
        Metrics/motion/error_anchor_rot: 0.1818
    Metrics/motion/error_anchor_lin_vel: 0.4449
    Metrics/motion/error_anchor_ang_vel: 1.1474
          Metrics/motion/error_body_pos: 0.2803
          Metrics/motion/error_body_rot: 0.4116
         Metrics/motion/error_joint_pos: 0.6341
         Metrics/motion/error_joint_vel: 5.7559
        Metrics/motion/sampling_entropy: 1.0000
      Metrics/motion/sampling_top1_prob: 0.0084
       Metrics/motion/sampling_top1_bin: 0.5000
      Metrics/motion/error_body_lin_vel: 0.4892
      Metrics/motion/error_body_ang_vel: 1.5863
           Episode_Termination/time_out: 0.0000
         Episode_Termination/anchor_pos: 0.0000
         Episode_Termination/anchor_ori: 0.0000
        Episode_Termination/ee_body_pos: 0.0625
Episode_Termination/corpus_clip_time_out: 0.0625
Episode_Termination/stage_one_actuation_guard: 5.7500
--------------------------------------------------------------------------------
                         Iteration time: 1.90s
                           Time elapsed: 00:01:06
                                    ETA: 00:02:20

################################################################################
[1m                           Learning iteration 32/100                            [0m 

                               Run name: true23_h10
                            Total steps: 16896 
                       Steps per second: 272 
                        Collection time: 1.553s 
                          Learning time: 0.328s 
                        Mean value loss: 4830.7524
                    Mean surrogate loss: -0.0495
                      Mean entropy loss: -20.3239
                            Mean reward: -98.63
                    Mean episode length: 4.43
                        Mean action std: 0.10
  Episode_Reward/motion_global_root_pos: 0.0040
  Episode_Reward/motion_global_root_ori: 0.0036
         Episode_Reward/motion_body_pos: 0.0081
         Episode_Reward/motion_body_ori: 0.0062
     Episode_Reward/motion_body_lin_vel: 0.0058
     Episode_Reward/motion_body_ang_vel: 0.0046
          Episode_Reward/action_rate_l2: -0.0158
             Episode_Reward/joint_limit: -0.0002
         Episode_Reward/self_collisions: -0.0011
Episode_Reward/action_target_reference_l2: -0.0053
Episode_Reward/action_target_soft_limit_barrier: -0.0001
                   Episode_Reward/alive: 0.0323
 Episode_Reward/non_timeout_termination: -9.9306
Episode_Reward/worst_ee_z_normalized_squared: -0.0059
Episode_Reward/right_wrist_prethreshold_barrier: 0.0000
        Metrics/motion/error_anchor_pos: 0.0534
        Metrics/motion/error_anchor_rot: 0.1623
    Metrics/motion/error_anchor_lin_vel: 0.5007
    Metrics/motion/error_anchor_ang_vel: 1.2962
          Metrics/motion/error_body_pos: 0.3797
          Metrics/motion/error_body_rot: 0.4102
         Metrics/motion/error_joint_pos: 0.5580
         Metrics/motion/error_joint_vel: 7.0021
        Metrics/motion/sampling_entropy: 1.0000
      Metrics/motion/sampling_top1_prob: 0.0084
       Metrics/motion/sampling_top1_bin: 0.5000
      Metrics/motion/error_body_lin_vel: 0.5729
      Metrics/motion/error_body_ang_vel: 1.9446
           Episode_Termination/time_out: 0.0000
         Episode_Termination/anchor_pos: 0.0000
         Episode_Termination/anchor_ori: 0.0000
        Episode_Termination/ee_body_pos: 0.0000
Episode_Termination/corpus_clip_time_out: 0.0625
Episode_Termination/stage_one_actuation_guard: 6.7500
--------------------------------------------------------------------------------
                         Iteration time: 1.88s
                           Time elapsed: 00:01:08
                                    ETA: 00:02:18

################################################################################
[1m                           Learning iteration 33/100                            [0m 

                               Run name: true23_h10
                            Total steps: 17408 
                       Steps per second: 271 
                        Collection time: 1.551s 
                          Learning time: 0.334s 
                        Mean value loss: 4404.0822
                    Mean surrogate loss: -0.0539
                      Mean entropy loss: -20.3239
                            Mean reward: -99.63
                    Mean episode length: 5.04
                        Mean action std: 0.10
  Episode_Reward/motion_global_root_pos: 0.0045
  Episode_Reward/motion_global_root_ori: 0.0039
         Episode_Reward/motion_body_pos: 0.0094
         Episode_Reward/motion_body_ori: 0.0068
     Episode_Reward/motion_body_lin_vel: 0.0072
     Episode_Reward/motion_body_ang_vel: 0.0056
          Episode_Reward/action_rate_l2: -0.0151
             Episode_Reward/joint_limit: -0.0002
         Episode_Reward/self_collisions: 0.0000
Episode_Reward/action_target_reference_l2: -0.0071
Episode_Reward/action_target_soft_limit_barrier: -0.0000
                   Episode_Reward/alive: 0.0387
 Episode_Reward/non_timeout_termination: -10.0000
Episode_Reward/worst_ee_z_normalized_squared: -0.0062
Episode_Reward/right_wrist_prethreshold_barrier: -0.0117
        Metrics/motion/error_anchor_pos: 0.0607
        Metrics/motion/error_anchor_rot: 0.1734
    Metrics/motion/error_anchor_lin_vel: 0.4624
    Metrics/motion/error_anchor_ang_vel: 1.1538
          Metrics/motion/error_body_pos: 0.3913
          Metrics/motion/error_body_rot: 0.4465
         Metrics/motion/error_joint_pos: 0.6379
         Metrics/motion/error_joint_vel: 6.6687
        Metrics/motion/sampling_entropy: 1.0000
      Metrics/motion/sampling_top1_prob: 0.0084
       Metrics/motion/sampling_top1_bin: 0.5000
      Metrics/motion/error_body_lin_vel: 0.5195
      Metrics/motion/error_body_ang_vel: 1.7761
           Episode_Termination/time_out: 0.0000
         Episode_Termination/anchor_pos: 0.0000
         Episode_Termination/anchor_ori: 0.0000
        Episode_Termination/ee_body_pos: 0.0625
Episode_Termination/corpus_clip_time_out: 0.0000
Episode_Termination/stage_one_actuation_guard: 5.5625
--------------------------------------------------------------------------------
                         Iteration time: 1.88s
                           Time elapsed: 00:01:09
                                    ETA: 00:02:15

################################################################################
[1m                           Learning iteration 34/100                            [0m 

                               Run name: true23_h10
                            Total steps: 17920 
                       Steps per second: 105 
                        Collection time: 4.515s 
                          Learning time: 0.333s 
                        Mean value loss: 3564.3036
                    Mean surrogate loss: -0.0564
                      Mean entropy loss: -20.3239
                            Mean reward: -97.49
                    Mean episode length: 5.41
                        Mean action std: 0.10
  Episode_Reward/motion_global_root_pos: 0.0051
  Episode_Reward/motion_global_root_ori: 0.0039
         Episode_Reward/motion_body_pos: 0.0104
         Episode_Reward/motion_body_ori: 0.0066
     Episode_Reward/motion_body_lin_vel: 0.0083
     Episode_Reward/motion_body_ang_vel: 0.0071
          Episode_Reward/action_rate_l2: -0.0163
             Episode_Reward/joint_limit: -0.0001
         Episode_Reward/self_collisions: 0.0000
Episode_Reward/action_target_reference_l2: -0.0093
Episode_Reward/action_target_soft_limit_barrier: -0.0000
                   Episode_Reward/alive: 0.0450
 Episode_Reward/non_timeout_termination: -9.8214
Episode_Reward/worst_ee_z_normalized_squared: -0.0093
Episode_Reward/right_wrist_prethreshold_barrier: -0.0000
        Metrics/motion/error_anchor_pos: 0.0589
        Metrics/motion/error_anchor_rot: 0.1707
    Metrics/motion/error_anchor_lin_vel: 0.4831
    Metrics/motion/error_anchor_ang_vel: 1.0570
          Metrics/motion/error_body_pos: 0.6335
          Metrics/motion/error_body_rot: 0.4461
         Metrics/motion/error_joint_pos: 0.5874
         Metrics/motion/error_joint_vel: 6.5729
        Metrics/motion/sampling_entropy: 1.0000
      Metrics/motion/sampling_top1_prob: 0.0084
       Metrics/motion/sampling_top1_bin: 0.5000
      Metrics/motion/error_body_lin_vel: 0.5465
      Metrics/motion/error_body_ang_vel: 1.7432
           Episode_Termination/time_out: 0.0000
         Episode_Termination/anchor_pos: 0.0000
         Episode_Termination/anchor_ori: 0.0000
        Episode_Termination/ee_body_pos: 0.0000
Episode_Termination/corpus_clip_time_out: 0.1250
Episode_Termination/stage_one_actuation_guard: 5.4375
--------------------------------------------------------------------------------
                         Iteration time: 4.85s
                           Time elapsed: 00:01:14
                                    ETA: 00:02:18

################################################################################
[1m                           Learning iteration 35/100                            [0m 

                               Run name: true23_h10
                            Total steps: 18432 
                       Steps per second: 256 
                        Collection time: 1.653s 
                          Learning time: 0.341s 
                        Mean value loss: 4043.2228
                    Mean surrogate loss: -0.0579
                      Mean entropy loss: -20.3239
                            Mean reward: -99.62
                    Mean episode length: 5.03
                        Mean action std: 0.10
  Episode_Reward/motion_global_root_pos: 0.0046
  Episode_Reward/motion_global_root_ori: 0.0041
         Episode_Reward/motion_body_pos: 0.0098
         Episode_Reward/motion_body_ori: 0.0066
     Episode_Reward/motion_body_lin_vel: 0.0073
     Episode_Reward/motion_body_ang_vel: 0.0062
          Episode_Reward/action_rate_l2: -0.0160
             Episode_Reward/joint_limit: -0.0001
         Episode_Reward/self_collisions: -0.0005
Episode_Reward/action_target_reference_l2: -0.0087
Episode_Reward/action_target_soft_limit_barrier: -0.0001
                   Episode_Reward/alive: 0.0417
 Episode_Reward/non_timeout_termination: -10.0000
Episode_Reward/worst_ee_z_normalized_squared: -0.0148
Episode_Reward/right_wrist_prethreshold_barrier: -0.0000
        Metrics/motion/error_anchor_pos: 0.0645
        Metrics/motion/error_anchor_rot: 0.1703
    Metrics/motion/error_anchor_lin_vel: 0.5035
    Metrics/motion/error_anchor_ang_vel: 1.0799
          Metrics/motion/error_body_pos: 0.4306
          Metrics/motion/error_body_rot: 0.4170
         Metrics/motion/error_joint_pos: 0.6200
         Metrics/motion/error_joint_vel: 6.2361
        Metrics/motion/sampling_entropy: 1.0000
      Metrics/motion/sampling_top1_prob: 0.0084
       Metrics/motion/sampling_top1_bin: 0.5000
      Metrics/motion/error_body_lin_vel: 0.5669
      Metrics/motion/error_body_ang_vel: 1.7206
           Episode_Termination/time_out: 0.0000
         Episode_Termination/anchor_pos: 0.0000
         Episode_Termination/anchor_ori: 0.0000
        Episode_Termination/ee_body_pos: 0.0000
Episode_Termination/corpus_clip_time_out: 0.0000
Episode_Termination/stage_one_actuation_guard: 6.1875
--------------------------------------------------------------------------------
                         Iteration time: 1.99s
                           Time elapsed: 00:01:16
                                    ETA: 00:02:16

################################################################################
[1m                           Learning iteration 36/100                            [0m 

                               Run name: true23_h10
                            Total steps: 18944 
                       Steps per second: 269 
                        Collection time: 1.568s 
                          Learning time: 0.332s 
                        Mean value loss: 4200.5512
                    Mean surrogate loss: -0.0571
                      Mean entropy loss: -20.3239
                            Mean reward: -98.91
                    Mean episode length: 5.66
                        Mean action std: 0.10
  Episode_Reward/motion_global_root_pos: 0.0052
  Episode_Reward/motion_global_root_ori: 0.0045
         Episode_Reward/motion_body_pos: 0.0109
         Episode_Reward/motion_body_ori: 0.0072
     Episode_Reward/motion_body_lin_vel: 0.0082
     Episode_Reward/motion_body_ang_vel: 0.0069
          Episode_Reward/action_rate_l2: -0.0169
             Episode_Reward/joint_limit: -0.0009
         Episode_Reward/self_collisions: -0.0058
Episode_Reward/action_target_reference_l2: -0.0094
Episode_Reward/action_target_soft_limit_barrier: -0.0001
                   Episode_Reward/alive: 0.0475
 Episode_Reward/non_timeout_termination: -9.8750
Episode_Reward/worst_ee_z_normalized_squared: -0.0179
Episode_Reward/right_wrist_prethreshold_barrier: -0.0209
        Metrics/motion/error_anchor_pos: 0.0686
        Metrics/motion/error_anchor_rot: 0.1737
    Metrics/motion/error_anchor_lin_vel: 0.4662
    Metrics/motion/error_anchor_ang_vel: 1.2360
          Metrics/motion/error_body_pos: 0.3155
          Metrics/motion/error_body_rot: 0.4327
         Metrics/motion/error_joint_pos: 0.6605
         Metrics/motion/error_joint_vel: 7.0783
        Metrics/motion/sampling_entropy: 1.0000
      Metrics/motion/sampling_top1_prob: 0.0084
       Metrics/motion/sampling_top1_bin: 0.5000
      Metrics/motion/error_body_lin_vel: 0.5445
      Metrics/motion/error_body_ang_vel: 1.9088
           Episode_Termination/time_out: 0.0000
         Episode_Termination/anchor_pos: 0.0000
         Episode_Termination/anchor_ori: 0.0000
        Episode_Termination/ee_body_pos: 0.1250
Episode_Termination/corpus_clip_time_out: 0.0625
Episode_Termination/stage_one_actuation_guard: 5.5625
--------------------------------------------------------------------------------
                         Iteration time: 1.90s
                           Time elapsed: 00:01:18
                                    ETA: 00:02:14

################################################################################
[1m                           Learning iteration 37/100                            [0m 

                               Run name: true23_h10
                            Total steps: 19456 
                       Steps per second: 264 
                        Collection time: 1.591s 
                          Learning time: 0.343s 
                        Mean value loss: 3928.0478
                    Mean surrogate loss: -0.0570
                      Mean entropy loss: -20.3239
                            Mean reward: -99.90
                    Mean episode length: 5.57
                        Mean action std: 0.10
  Episode_Reward/motion_global_root_pos: 0.0047
  Episode_Reward/motion_global_root_ori: 0.0041
         Episode_Reward/motion_body_pos: 0.0095
         Episode_Reward/motion_body_ori: 0.0068
     Episode_Reward/motion_body_lin_vel: 0.0071
     Episode_Reward/motion_body_ang_vel: 0.0058
          Episode_Reward/action_rate_l2: -0.0168
             Episode_Reward/joint_limit: -0.0008
         Episode_Reward/self_collisions: -0.0026
Episode_Reward/action_target_reference_l2: -0.0073
Episode_Reward/action_target_soft_limit_barrier: -0.0000
                   Episode_Reward/alive: 0.0401
 Episode_Reward/non_timeout_termination: -10.0000
Episode_Reward/worst_ee_z_normalized_squared: -0.0119
Episode_Reward/right_wrist_prethreshold_barrier: -0.0000
        Metrics/motion/error_anchor_pos: 0.0574
        Metrics/motion/error_anchor_rot: 0.1582
    Metrics/motion/error_anchor_lin_vel: 0.4841
    Metrics/motion/error_anchor_ang_vel: 1.1504
          Metrics/motion/error_body_pos: 0.3311
          Metrics/motion/error_body_rot: 0.4079
         Metrics/motion/error_joint_pos: 0.6045
         Metrics/motion/error_joint_vel: 6.7194
        Metrics/motion/sampling_entropy: 1.0000
      Metrics/motion/sampling_top1_prob: 0.0084
       Metrics/motion/sampling_top1_bin: 0.5000
      Metrics/motion/error_body_lin_vel: 0.5441
      Metrics/motion/error_body_ang_vel: 1.7798
           Episode_Termination/time_out: 0.0000
         Episode_Termination/anchor_pos: 0.0000
         Episode_Termination/anchor_ori: 0.0000
        Episode_Termination/ee_body_pos: 0.0000
Episode_Termination/corpus_clip_time_out: 0.0625
Episode_Termination/stage_one_actuation_guard: 5.7500
--------------------------------------------------------------------------------
                         Iteration time: 1.93s
                           Time elapsed: 00:01:20
                                    ETA: 00:02:11

################################################################################
[1m                           Learning iteration 38/100                            [0m 

                               Run name: true23_h10
                            Total steps: 19968 
                       Steps per second: 251 
                        Collection time: 1.708s 
                          Learning time: 0.331s 
                        Mean value loss: 4224.9929
                    Mean surrogate loss: -0.0528
                      Mean entropy loss: -20.3239
                            Mean reward: -99.49
                    Mean episode length: 5.81
                        Mean action std: 0.10
  Episode_Reward/motion_global_root_pos: 0.0050
  Episode_Reward/motion_global_root_ori: 0.0040
         Episode_Reward/motion_body_pos: 0.0100
         Episode_Reward/motion_body_ori: 0.0067
     Episode_Reward/motion_body_lin_vel: 0.0080
     Episode_Reward/motion_body_ang_vel: 0.0065
          Episode_Reward/action_rate_l2: -0.0153
             Episode_Reward/joint_limit: -0.0002
         Episode_Reward/self_collisions: -0.0020
Episode_Reward/action_target_reference_l2: -0.0094
Episode_Reward/action_target_soft_limit_barrier: -0.0000
                   Episode_Reward/alive: 0.0428
 Episode_Reward/non_timeout_termination: -10.0000
Episode_Reward/worst_ee_z_normalized_squared: -0.0104
Episode_Reward/right_wrist_prethreshold_barrier: 0.0000
        Metrics/motion/error_anchor_pos: 0.0547
        Metrics/motion/error_anchor_rot: 0.1551
    Metrics/motion/error_anchor_lin_vel: 0.4566
    Metrics/motion/error_anchor_ang_vel: 1.1317
          Metrics/motion/error_body_pos: 0.2381
          Metrics/motion/error_body_rot: 0.3473
         Metrics/motion/error_joint_pos: 0.6087
         Metrics/motion/error_joint_vel: 6.5334
        Metrics/motion/sampling_entropy: 1.0000
      Metrics/motion/sampling_top1_prob: 0.0084
       Metrics/motion/sampling_top1_bin: 0.5000
      Metrics/motion/error_body_lin_vel: 0.5101
      Metrics/motion/error_body_ang_vel: 1.7434
           Episode_Termination/time_out: 0.0000
         Episode_Termination/anchor_pos: 0.0000
         Episode_Termination/anchor_ori: 0.0000
        Episode_Termination/ee_body_pos: 0.0000
Episode_Termination/corpus_clip_time_out: 0.0000
Episode_Termination/stage_one_actuation_guard: 6.3125
--------------------------------------------------------------------------------
                         Iteration time: 2.04s
                           Time elapsed: 00:01:22
                                    ETA: 00:02:09

################################################################################
[1m                           Learning iteration 39/100                            [0m 

                               Run name: true23_h10
                            Total steps: 20480 
                       Steps per second: 266 
                        Collection time: 1.580s 
                          Learning time: 0.341s 
                        Mean value loss: 4825.2244
                    Mean surrogate loss: -0.0491
                      Mean entropy loss: -20.3239
                            Mean reward: -99.55
                    Mean episode length: 5.61
                        Mean action std: 0.10
  Episode_Reward/motion_global_root_pos: 0.0051
  Episode_Reward/motion_global_root_ori: 0.0044
         Episode_Reward/motion_body_pos: 0.0107
         Episode_Reward/motion_body_ori: 0.0074
     Episode_Reward/motion_body_lin_vel: 0.0081
     Episode_Reward/motion_body_ang_vel: 0.0066
          Episode_Reward/action_rate_l2: -0.0146
             Episode_Reward/joint_limit: -0.0002
         Episode_Reward/self_collisions: -0.0074
Episode_Reward/action_target_reference_l2: -0.0093
Episode_Reward/action_target_soft_limit_barrier: -0.0002
                   Episode_Reward/alive: 0.0461
 Episode_Reward/non_timeout_termination: -10.0000
Episode_Reward/worst_ee_z_normalized_squared: -0.0117
Episode_Reward/right_wrist_prethreshold_barrier: 0.0000
        Metrics/motion/error_anchor_pos: 0.0637
        Metrics/motion/error_anchor_rot: 0.1815
    Metrics/motion/error_anchor_lin_vel: 0.4907
    Metrics/motion/error_anchor_ang_vel: 1.2051
          Metrics/motion/error_body_pos: 0.3148
          Metrics/motion/error_body_rot: 0.3428
         Metrics/motion/error_joint_pos: 0.6598
         Metrics/motion/error_joint_vel: 7.0358
        Metrics/motion/sampling_entropy: 1.0000
      Metrics/motion/sampling_top1_prob: 0.0084
       Metrics/motion/sampling_top1_bin: 0.5000
      Metrics/motion/error_body_lin_vel: 0.5576
      Metrics/motion/error_body_ang_vel: 1.9537
           Episode_Termination/time_out: 0.0000
         Episode_Termination/anchor_pos: 0.0000
         Episode_Termination/anchor_ori: 0.0000
        Episode_Termination/ee_body_pos: 0.0000
Episode_Termination/corpus_clip_time_out: 0.0000
Episode_Termination/stage_one_actuation_guard: 6.5625
--------------------------------------------------------------------------------
                         Iteration time: 1.92s
                           Time elapsed: 00:01:24
                                    ETA: 00:02:06

################################################################################
[1m                           Learning iteration 40/100                            [0m 

                               Run name: true23_h10
                            Total steps: 20992 
                       Steps per second: 272 
                        Collection time: 1.545s 
                          Learning time: 0.334s 
                        Mean value loss: 4334.9287
                    Mean surrogate loss: -0.0522
                      Mean entropy loss: -20.3239
                            Mean reward: -99.55
                    Mean episode length: 5.39
                        Mean action std: 0.10
  Episode_Reward/motion_global_root_pos: 0.0050
  Episode_Reward/motion_global_root_ori: 0.0044
         Episode_Reward/motion_body_pos: 0.0103
         Episode_Reward/motion_body_ori: 0.0074
     Episode_Reward/motion_body_lin_vel: 0.0079
     Episode_Reward/motion_body_ang_vel: 0.0063
          Episode_Reward/action_rate_l2: -0.0147
             Episode_Reward/joint_limit: -0.0007
         Episode_Reward/self_collisions: -0.0037
Episode_Reward/action_target_reference_l2: -0.0079
Episode_Reward/action_target_soft_limit_barrier: -0.0000
                   Episode_Reward/alive: 0.0442
 Episode_Reward/non_timeout_termination: -10.0000
Episode_Reward/worst_ee_z_normalized_squared: -0.0134
Episode_Reward/right_wrist_prethreshold_barrier: 0.0000
        Metrics/motion/error_anchor_pos: 0.0645
        Metrics/motion/error_anchor_rot: 0.1630
    Metrics/motion/error_anchor_lin_vel: 0.4936
    Metrics/motion/error_anchor_ang_vel: 1.2939
          Metrics/motion/error_body_pos: 0.2049
          Metrics/motion/error_body_rot: 0.3391
         Metrics/motion/error_joint_pos: 0.6604
         Metrics/motion/error_joint_vel: 6.9762
        Metrics/motion/sampling_entropy: 1.0000
      Metrics/motion/sampling_top1_prob: 0.0084
       Metrics/motion/sampling_top1_bin: 0.5000
      Metrics/motion/error_body_lin_vel: 0.5365
      Metrics/motion/error_body_ang_vel: 1.8938
           Episode_Termination/time_out: 0.0000
         Episode_Termination/anchor_pos: 0.0000
         Episode_Termination/anchor_ori: 0.0000
        Episode_Termination/ee_body_pos: 0.0000
Episode_Termination/corpus_clip_time_out: 0.0000
Episode_Termination/stage_one_actuation_guard: 5.7500
--------------------------------------------------------------------------------
                         Iteration time: 1.88s
                           Time elapsed: 00:01:26
                                    ETA: 00:02:04

################################################################################
[1m                           Learning iteration 41/100                            [0m 

                               Run name: true23_h10
                            Total steps: 21504 
                       Steps per second: 264 
                        Collection time: 1.562s 
                          Learning time: 0.374s 
                        Mean value loss: 3744.2094
                    Mean surrogate loss: -0.0592
                      Mean entropy loss: -20.3239
                            Mean reward: -99.64
                    Mean episode length: 5.40
                        Mean action std: 0.10
  Episode_Reward/motion_global_root_pos: 0.0047
  Episode_Reward/motion_global_root_ori: 0.0040
         Episode_Reward/motion_body_pos: 0.0097
         Episode_Reward/motion_body_ori: 0.0068
     Episode_Reward/motion_body_lin_vel: 0.0069
     Episode_Reward/motion_body_ang_vel: 0.0056
          Episode_Reward/action_rate_l2: -0.0161
             Episode_Reward/joint_limit: -0.0006
         Episode_Reward/self_collisions: -0.0095
Episode_Reward/action_target_reference_l2: -0.0074
Episode_Reward/action_target_soft_limit_barrier: -0.0000
                   Episode_Reward/alive: 0.0408
 Episode_Reward/non_timeout_termination: -10.0000
Episode_Reward/worst_ee_z_normalized_squared: -0.0108
Episode_Reward/right_wrist_prethreshold_barrier: -0.0002
        Metrics/motion/error_anchor_pos: 0.0634
        Metrics/motion/error_anchor_rot: 0.1807
    Metrics/motion/error_anchor_lin_vel: 0.5285
    Metrics/motion/error_anchor_ang_vel: 1.1786
          Metrics/motion/error_body_pos: 0.3032
          Metrics/motion/error_body_rot: 0.3834
         Metrics/motion/error_joint_pos: 0.6289
         Metrics/motion/error_joint_vel: 6.9915
        Metrics/motion/sampling_entropy: 1.0000
      Metrics/motion/sampling_top1_prob: 0.0084
       Metrics/motion/sampling_top1_bin: 0.5000
      Metrics/motion/error_body_lin_vel: 0.5838
      Metrics/motion/error_body_ang_vel: 1.9716
           Episode_Termination/time_out: 0.0000
         Episode_Termination/anchor_pos: 0.0000
         Episode_Termination/anchor_ori: 0.0000
        Episode_Termination/ee_body_pos: 0.0000
Episode_Termination/corpus_clip_time_out: 0.0000
Episode_Termination/stage_one_actuation_guard: 5.4375
--------------------------------------------------------------------------------
                         Iteration time: 1.94s
                           Time elapsed: 00:01:28
                                    ETA: 00:02:02

################################################################################
[1m                           Learning iteration 42/100                            [0m 

                               Run name: true23_h10
                            Total steps: 22016 
                       Steps per second: 263 
                        Collection time: 1.598s 
                          Learning time: 0.343s 
                        Mean value loss: 4607.1814
                    Mean surrogate loss: -0.0511
                      Mean entropy loss: -20.3239
                            Mean reward: -99.67
                    Mean episode length: 6.26
                        Mean action std: 0.10
  Episode_Reward/motion_global_root_pos: 0.0056
  Episode_Reward/motion_global_root_ori: 0.0047
         Episode_Reward/motion_body_pos: 0.0114
         Episode_Reward/motion_body_ori: 0.0076
     Episode_Reward/motion_body_lin_vel: 0.0089
     Episode_Reward/motion_body_ang_vel: 0.0072
          Episode_Reward/action_rate_l2: -0.0156
             Episode_Reward/joint_limit: -0.0003
         Episode_Reward/self_collisions: -0.0049
Episode_Reward/action_target_reference_l2: -0.0104
Episode_Reward/action_target_soft_limit_barrier: -0.0001
                   Episode_Reward/alive: 0.0507
 Episode_Reward/non_timeout_termination: -10.0000
Episode_Reward/worst_ee_z_normalized_squared: -0.0165
Episode_Reward/right_wrist_prethreshold_barrier: -0.0089
        Metrics/motion/error_anchor_pos: 0.0687
        Metrics/motion/error_anchor_rot: 0.1829
    Metrics/motion/error_anchor_lin_vel: 0.4545
    Metrics/motion/error_anchor_ang_vel: 1.1825
          Metrics/motion/error_body_pos: 0.5286
          Metrics/motion/error_body_rot: 0.4560
         Metrics/motion/error_joint_pos: 0.7123
         Metrics/motion/error_joint_vel: 6.7687
        Metrics/motion/sampling_entropy: 1.0000
      Metrics/motion/sampling_top1_prob: 0.0084
       Metrics/motion/sampling_top1_bin: 0.5000
      Metrics/motion/error_body_lin_vel: 0.4931
      Metrics/motion/error_body_ang_vel: 1.7719
           Episode_Termination/time_out: 0.0000
         Episode_Termination/anchor_pos: 0.0000
         Episode_Termination/anchor_ori: 0.0000
        Episode_Termination/ee_body_pos: 0.1250
Episode_Termination/corpus_clip_time_out: 0.0000
Episode_Termination/stage_one_actuation_guard: 5.8750
--------------------------------------------------------------------------------
                         Iteration time: 1.94s
                           Time elapsed: 00:01:30
                                    ETA: 00:01:59

################################################################################
[1m                           Learning iteration 43/100                            [0m 

                               Run name: true23_h10
                            Total steps: 22528 
                       Steps per second: 267 
                        Collection time: 1.569s 
                          Learning time: 0.343s 
                        Mean value loss: 3669.7822
                    Mean surrogate loss: -0.0530
                      Mean entropy loss: -20.3239
                            Mean reward: -98.75
                    Mean episode length: 5.44
                        Mean action std: 0.10
  Episode_Reward/motion_global_root_pos: 0.0046
  Episode_Reward/motion_global_root_ori: 0.0041
         Episode_Reward/motion_body_pos: 0.0095
         Episode_Reward/motion_body_ori: 0.0070
     Episode_Reward/motion_body_lin_vel: 0.0072
     Episode_Reward/motion_body_ang_vel: 0.0057
          Episode_Reward/action_rate_l2: -0.0153
             Episode_Reward/joint_limit: -0.0002
         Episode_Reward/self_collisions: -0.0037
Episode_Reward/action_target_reference_l2: -0.0068
Episode_Reward/action_target_soft_limit_barrier: -0.0000
                   Episode_Reward/alive: 0.0397
 Episode_Reward/non_timeout_termination: -9.8958
Episode_Reward/worst_ee_z_normalized_squared: -0.0102
Episode_Reward/right_wrist_prethreshold_barrier: -0.0000
        Metrics/motion/error_anchor_pos: 0.0613
        Metrics/motion/error_anchor_rot: 0.1652
    Metrics/motion/error_anchor_lin_vel: 0.5028
    Metrics/motion/error_anchor_ang_vel: 1.1741
          Metrics/motion/error_body_pos: 0.2683
          Metrics/motion/error_body_rot: 0.3101
         Metrics/motion/error_joint_pos: 0.6275
         Metrics/motion/error_joint_vel: 6.8570
        Metrics/motion/sampling_entropy: 1.0000
      Metrics/motion/sampling_top1_prob: 0.0084
       Metrics/motion/sampling_top1_bin: 0.5000
      Metrics/motion/error_body_lin_vel: 0.5372
      Metrics/motion/error_body_ang_vel: 1.8741
           Episode_Termination/time_out: 0.0000
         Episode_Termination/anchor_pos: 0.0000
         Episode_Termination/anchor_ori: 0.0000
        Episode_Termination/ee_body_pos: 0.0000
Episode_Termination/corpus_clip_time_out: 0.0625
Episode_Termination/stage_one_actuation_guard: 5.1250
--------------------------------------------------------------------------------
                         Iteration time: 1.91s
                           Time elapsed: 00:01:32
                                    ETA: 00:01:57

################################################################################
[1m                           Learning iteration 44/100                            [0m 

                               Run name: true23_h10
                            Total steps: 23040 
                       Steps per second: 251 
                        Collection time: 1.646s 
                          Learning time: 0.390s 
                        Mean value loss: 3939.2571
                    Mean surrogate loss: -0.0540
                      Mean entropy loss: -20.3239
                            Mean reward: -99.54
                    Mean episode length: 6.04
                        Mean action std: 0.10
  Episode_Reward/motion_global_root_pos: 0.0049
  Episode_Reward/motion_global_root_ori: 0.0042
         Episode_Reward/motion_body_pos: 0.0099
         Episode_Reward/motion_body_ori: 0.0069
     Episode_Reward/motion_body_lin_vel: 0.0071
     Episode_Reward/motion_body_ang_vel: 0.0058
          Episode_Reward/action_rate_l2: -0.0174
             Episode_Reward/joint_limit: -0.0005
         Episode_Reward/self_collisions: -0.0002
Episode_Reward/action_target_reference_l2: -0.0075
Episode_Reward/action_target_soft_limit_barrier: -0.0000
                   Episode_Reward/alive: 0.0419
 Episode_Reward/non_timeout_termination: -10.0000
Episode_Reward/worst_ee_z_normalized_squared: -0.0115
Episode_Reward/right_wrist_prethreshold_barrier: 0.0000
        Metrics/motion/error_anchor_pos: 0.0559
        Metrics/motion/error_anchor_rot: 0.1681
    Metrics/motion/error_anchor_lin_vel: 0.5322
    Metrics/motion/error_anchor_ang_vel: 1.2197
          Metrics/motion/error_body_pos: 0.2819
          Metrics/motion/error_body_rot: 0.4025
         Metrics/motion/error_joint_pos: 0.6351
         Metrics/motion/error_joint_vel: 7.0011
        Metrics/motion/sampling_entropy: 1.0000
      Metrics/motion/sampling_top1_prob: 0.0084
       Metrics/motion/sampling_top1_bin: 0.5000
      Metrics/motion/error_body_lin_vel: 0.5929
      Metrics/motion/error_body_ang_vel: 1.9840
           Episode_Termination/time_out: 0.0000
         Episode_Termination/anchor_pos: 0.0000
         Episode_Termination/anchor_ori: 0.0000
        Episode_Termination/ee_body_pos: 0.0000
Episode_Termination/corpus_clip_time_out: 0.0000
Episode_Termination/stage_one_actuation_guard: 5.6250
--------------------------------------------------------------------------------
                         Iteration time: 2.04s
                           Time elapsed: 00:01:34
                                    ETA: 00:01:55

################################################################################
[1m                           Learning iteration 45/100                            [0m 

                               Run name: true23_h10
                            Total steps: 23552 
                       Steps per second: 245 
                        Collection time: 1.718s 
                          Learning time: 0.365s 
                        Mean value loss: 3350.1202
                    Mean surrogate loss: -0.0519
                      Mean entropy loss: -20.3239
                            Mean reward: -99.52
                    Mean episode length: 5.08
                        Mean action std: 0.10
  Episode_Reward/motion_global_root_pos: 0.0044
  Episode_Reward/motion_global_root_ori: 0.0039
         Episode_Reward/motion_body_pos: 0.0090
         Episode_Reward/motion_body_ori: 0.0067
     Episode_Reward/motion_body_lin_vel: 0.0066
     Episode_Reward/motion_body_ang_vel: 0.0052
          Episode_Reward/action_rate_l2: -0.0151
             Episode_Reward/joint_limit: -0.0002
         Episode_Reward/self_collisions: 0.0000
Episode_Reward/action_target_reference_l2: -0.0064
Episode_Reward/action_target_soft_limit_barrier: -0.0000
                   Episode_Reward/alive: 0.0368
 Episode_Reward/non_timeout_termination: -10.0000
Episode_Reward/worst_ee_z_normalized_squared: -0.0059
Episode_Reward/right_wrist_prethreshold_barrier: 0.0000
        Metrics/motion/error_anchor_pos: 0.0569
        Metrics/motion/error_anchor_rot: 0.1550
    Metrics/motion/error_anchor_lin_vel: 0.4879
    Metrics/motion/error_anchor_ang_vel: 1.1511
          Metrics/motion/error_body_pos: 0.3167
          Metrics/motion/error_body_rot: 0.3879
         Metrics/motion/error_joint_pos: 0.6041
         Metrics/motion/error_joint_vel: 7.3711
        Metrics/motion/sampling_entropy: 1.0000
      Metrics/motion/sampling_top1_prob: 0.0084
       Metrics/motion/sampling_top1_bin: 0.5000
      Metrics/motion/error_body_lin_vel: 0.5415
      Metrics/motion/error_body_ang_vel: 1.9253
           Episode_Termination/time_out: 0.0000
         Episode_Termination/anchor_pos: 0.0000
         Episode_Termination/anchor_ori: 0.0000
        Episode_Termination/ee_body_pos: 0.0000
Episode_Termination/corpus_clip_time_out: 0.0000
Episode_Termination/stage_one_actuation_guard: 5.4375
--------------------------------------------------------------------------------
                         Iteration time: 2.08s
                           Time elapsed: 00:01:36
                                    ETA: 00:01:53

################################################################################
[1m                           Learning iteration 46/100                            [0m 

                               Run name: true23_h10
                            Total steps: 24064 
                       Steps per second: 260 
                        Collection time: 1.606s 
                          Learning time: 0.363s 
                        Mean value loss: 3353.0589
                    Mean surrogate loss: -0.0547
                      Mean entropy loss: -20.3239
                            Mean reward: -99.48
                    Mean episode length: 6.50
                        Mean action std: 0.10
  Episode_Reward/motion_global_root_pos: 0.0065
  Episode_Reward/motion_global_root_ori: 0.0054
         Episode_Reward/motion_body_pos: 0.0137
         Episode_Reward/motion_body_ori: 0.0084
     Episode_Reward/motion_body_lin_vel: 0.0108
     Episode_Reward/motion_body_ang_vel: 0.0090
          Episode_Reward/action_rate_l2: -0.0161
             Episode_Reward/joint_limit: -0.0001
         Episode_Reward/self_collisions: -0.0023
Episode_Reward/action_target_reference_l2: -0.0143
Episode_Reward/action_target_soft_limit_barrier: -0.0000
                   Episode_Reward/alive: 0.0633
 Episode_Reward/non_timeout_termination: -10.0000
Episode_Reward/worst_ee_z_normalized_squared: -0.0246
Episode_Reward/right_wrist_prethreshold_barrier: -0.0128
        Metrics/motion/error_anchor_pos: 0.0746
        Metrics/motion/error_anchor_rot: 0.1979
    Metrics/motion/error_anchor_lin_vel: 0.4902
    Metrics/motion/error_anchor_ang_vel: 1.2858
          Metrics/motion/error_body_pos: 0.2304
          Metrics/motion/error_body_rot: 0.3254
         Metrics/motion/error_joint_pos: 0.7509
         Metrics/motion/error_joint_vel: 7.6585
        Metrics/motion/sampling_entropy: 1.0000
      Metrics/motion/sampling_top1_prob: 0.0084
       Metrics/motion/sampling_top1_bin: 0.5000
      Metrics/motion/error_body_lin_vel: 0.5495
      Metrics/motion/error_body_ang_vel: 1.9985
           Episode_Termination/time_out: 0.0000
         Episode_Termination/anchor_pos: 0.0000
         Episode_Termination/anchor_ori: 0.0000
        Episode_Termination/ee_body_pos: 0.0000
Episode_Termination/corpus_clip_time_out: 0.0000
Episode_Termination/stage_one_actuation_guard: 4.3125
--------------------------------------------------------------------------------
                         Iteration time: 1.97s
                           Time elapsed: 00:01:38
                                    ETA: 00:01:50

################################################################################
[1m                           Learning iteration 47/100                            [0m 

                               Run name: true23_h10
                            Total steps: 24576 
                       Steps per second: 267 
                        Collection time: 1.563s 
                          Learning time: 0.354s 
                        Mean value loss: 3953.5745
                    Mean surrogate loss: -0.0493
                      Mean entropy loss: -20.3239
                            Mean reward: -98.71
                    Mean episode length: 6.88
                        Mean action std: 0.10
  Episode_Reward/motion_global_root_pos: 0.0063
  Episode_Reward/motion_global_root_ori: 0.0054
         Episode_Reward/motion_body_pos: 0.0130
         Episode_Reward/motion_body_ori: 0.0080
     Episode_Reward/motion_body_lin_vel: 0.0099
     Episode_Reward/motion_body_ang_vel: 0.0083
          Episode_Reward/action_rate_l2: -0.0176
             Episode_Reward/joint_limit: -0.0010
         Episode_Reward/self_collisions: -0.0084
Episode_Reward/action_target_reference_l2: -0.0127
Episode_Reward/action_target_soft_limit_barrier: -0.0000
                   Episode_Reward/alive: 0.0600
 Episode_Reward/non_timeout_termination: -9.8958
Episode_Reward/worst_ee_z_normalized_squared: -0.0300
Episode_Reward/right_wrist_prethreshold_barrier: -0.0146
        Metrics/motion/error_anchor_pos: 0.0672
        Metrics/motion/error_anchor_rot: 0.1899
    Metrics/motion/error_anchor_lin_vel: 0.4911
    Metrics/motion/error_anchor_ang_vel: 1.3578
          Metrics/motion/error_body_pos: 0.3057
          Metrics/motion/error_body_rot: 0.3891
         Metrics/motion/error_joint_pos: 0.7217
         Metrics/motion/error_joint_vel: 7.3352
        Metrics/motion/sampling_entropy: 1.0000
      Metrics/motion/sampling_top1_prob: 0.0084
       Metrics/motion/sampling_top1_bin: 0.5000
      Metrics/motion/error_body_lin_vel: 0.5706
      Metrics/motion/error_body_ang_vel: 2.0344
           Episode_Termination/time_out: 0.0000
         Episode_Termination/anchor_pos: 0.0000
         Episode_Termination/anchor_ori: 0.0000
        Episode_Termination/ee_body_pos: 0.1250
Episode_Termination/corpus_clip_time_out: 0.0625
Episode_Termination/stage_one_actuation_guard: 5.2500
--------------------------------------------------------------------------------
                         Iteration time: 1.92s
                           Time elapsed: 00:01:40
                                    ETA: 00:01:48

################################################################################
[1m                           Learning iteration 48/100                            [0m 

                               Run name: true23_h10
                            Total steps: 25088 
                       Steps per second: 250 
                        Collection time: 1.673s 
                          Learning time: 0.369s 
                        Mean value loss: 4448.5134
                    Mean surrogate loss: -0.0568
                      Mean entropy loss: -20.3239
                            Mean reward: -98.62
                    Mean episode length: 5.15
                        Mean action std: 0.10
  Episode_Reward/motion_global_root_pos: 0.0047
  Episode_Reward/motion_global_root_ori: 0.0040
         Episode_Reward/motion_body_pos: 0.0097
         Episode_Reward/motion_body_ori: 0.0066
     Episode_Reward/motion_body_lin_vel: 0.0073
     Episode_Reward/motion_body_ang_vel: 0.0060
          Episode_Reward/action_rate_l2: -0.0157
             Episode_Reward/joint_limit: -0.0006
         Episode_Reward/self_collisions: -0.0039
Episode_Reward/action_target_reference_l2: -0.0079
Episode_Reward/action_target_soft_limit_barrier: -0.0001
                   Episode_Reward/alive: 0.0410
 Episode_Reward/non_timeout_termination: -9.8750
Episode_Reward/worst_ee_z_normalized_squared: -0.0133
Episode_Reward/right_wrist_prethreshold_barrier: -0.0001
        Metrics/motion/error_anchor_pos: 0.0603
        Metrics/motion/error_anchor_rot: 0.1627
    Metrics/motion/error_anchor_lin_vel: 0.5117
    Metrics/motion/error_anchor_ang_vel: 1.1656
          Metrics/motion/error_body_pos: 0.4983
          Metrics/motion/error_body_rot: 0.3955
         Metrics/motion/error_joint_pos: 0.6130
         Metrics/motion/error_joint_vel: 6.9262
        Metrics/motion/sampling_entropy: 1.0000
      Metrics/motion/sampling_top1_prob: 0.0084
       Metrics/motion/sampling_top1_bin: 0.5000
      Metrics/motion/error_body_lin_vel: 0.5562
      Metrics/motion/error_body_ang_vel: 1.8251
           Episode_Termination/time_out: 0.0000
         Episode_Termination/anchor_pos: 0.0000
         Episode_Termination/anchor_ori: 0.0000
        Episode_Termination/ee_body_pos: 0.0625
Episode_Termination/corpus_clip_time_out: 0.1250
Episode_Termination/stage_one_actuation_guard: 6.7500
--------------------------------------------------------------------------------
                         Iteration time: 2.04s
                           Time elapsed: 00:01:42
                                    ETA: 00:01:46

################################################################################
[1m                           Learning iteration 49/100                            [0m 

                               Run name: true23_h10
                            Total steps: 25600 
                       Steps per second: 248 
                        Collection time: 1.693s 
                          Learning time: 0.365s 
                        Mean value loss: 3743.9834
                    Mean surrogate loss: -0.0562
                      Mean entropy loss: -20.3239
                            Mean reward: -98.63
                    Mean episode length: 4.36
                        Mean action std: 0.10
  Episode_Reward/motion_global_root_pos: 0.0041
  Episode_Reward/motion_global_root_ori: 0.0036
         Episode_Reward/motion_body_pos: 0.0084
         Episode_Reward/motion_body_ori: 0.0063
     Episode_Reward/motion_body_lin_vel: 0.0062
     Episode_Reward/motion_body_ang_vel: 0.0052
          Episode_Reward/action_rate_l2: -0.0151
             Episode_Reward/joint_limit: -0.0001
         Episode_Reward/self_collisions: -0.0016
Episode_Reward/action_target_reference_l2: -0.0058
Episode_Reward/action_target_soft_limit_barrier: -0.0001
                   Episode_Reward/alive: 0.0337
 Episode_Reward/non_timeout_termination: -9.8750
Episode_Reward/worst_ee_z_normalized_squared: -0.0066
Episode_Reward/right_wrist_prethreshold_barrier: 0.0000
        Metrics/motion/error_anchor_pos: 0.0554
        Metrics/motion/error_anchor_rot: 0.1559
    Metrics/motion/error_anchor_lin_vel: 0.5204
    Metrics/motion/error_anchor_ang_vel: 1.0034
          Metrics/motion/error_body_pos: 0.2784
          Metrics/motion/error_body_rot: 0.3226
         Metrics/motion/error_joint_pos: 0.5614
         Metrics/motion/error_joint_vel: 6.8091
        Metrics/motion/sampling_entropy: 1.0000
      Metrics/motion/sampling_top1_prob: 0.0084
       Metrics/motion/sampling_top1_bin: 0.5000
      Metrics/motion/error_body_lin_vel: 0.5540
      Metrics/motion/error_body_ang_vel: 1.7924
           Episode_Termination/time_out: 0.0000
         Episode_Termination/anchor_pos: 0.0000
         Episode_Termination/anchor_ori: 0.0000
        Episode_Termination/ee_body_pos: 0.0000
Episode_Termination/corpus_clip_time_out: 0.0625
Episode_Termination/stage_one_actuation_guard: 5.8750
--------------------------------------------------------------------------------
                         Iteration time: 2.06s
                           Time elapsed: 00:01:44
                                    ETA: 00:01:44

################################################################################
[1m                           Learning iteration 50/100                            [0m 

                               Run name: true23_h10
                            Total steps: 26112 
                       Steps per second: 261 
                        Collection time: 1.584s 
                          Learning time: 0.377s 
                        Mean value loss: 3825.9523
                    Mean surrogate loss: -0.0534
                      Mean entropy loss: -20.3239
                            Mean reward: -99.69
                    Mean episode length: 5.96
                        Mean action std: 0.10
  Episode_Reward/motion_global_root_pos: 0.0055
  Episode_Reward/motion_global_root_ori: 0.0047
         Episode_Reward/motion_body_pos: 0.0113
         Episode_Reward/motion_body_ori: 0.0073
     Episode_Reward/motion_body_lin_vel: 0.0085
     Episode_Reward/motion_body_ang_vel: 0.0072
          Episode_Reward/action_rate_l2: -0.0167
             Episode_Reward/joint_limit: -0.0016
         Episode_Reward/self_collisions: -0.0098
Episode_Reward/action_target_reference_l2: -0.0096
Episode_Reward/action_target_soft_limit_barrier: -0.0000
                   Episode_Reward/alive: 0.0492
 Episode_Reward/non_timeout_termination: -10.0000
Episode_Reward/worst_ee_z_normalized_squared: -0.0145
Episode_Reward/right_wrist_prethreshold_barrier: -0.0148
        Metrics/motion/error_anchor_pos: 0.0642
        Metrics/motion/error_anchor_rot: 0.1722
    Metrics/motion/error_anchor_lin_vel: 0.5037
    Metrics/motion/error_anchor_ang_vel: 1.1994
          Metrics/motion/error_body_pos: 0.2976
          Metrics/motion/error_body_rot: 0.3768
         Metrics/motion/error_joint_pos: 0.6413
         Metrics/motion/error_joint_vel: 6.8118
        Metrics/motion/sampling_entropy: 1.0000
      Metrics/motion/sampling_top1_prob: 0.0084
       Metrics/motion/sampling_top1_bin: 0.5000
      Metrics/motion/error_body_lin_vel: 0.5703
      Metrics/motion/error_body_ang_vel: 1.8193
           Episode_Termination/time_out: 0.0000
         Episode_Termination/anchor_pos: 0.0000
         Episode_Termination/anchor_ori: 0.0000
        Episode_Termination/ee_body_pos: 0.0625
Episode_Termination/corpus_clip_time_out: 0.0000
Episode_Termination/stage_one_actuation_guard: 5.5625
--------------------------------------------------------------------------------
                         Iteration time: 1.96s
                           Time elapsed: 00:01:46
                                    ETA: 00:01:42

################################################################################
[1m                           Learning iteration 51/100                            [0m 

                               Run name: true23_h10
                            Total steps: 26624 
                       Steps per second: 257 
                        Collection time: 1.630s 
                          Learning time: 0.355s 
                        Mean value loss: 3292.8132
                    Mean surrogate loss: -0.0529
                      Mean entropy loss: -20.3239
                            Mean reward: -99.66
                    Mean episode length: 6.33
                        Mean action std: 0.10
  Episode_Reward/motion_global_root_pos: 0.0051
  Episode_Reward/motion_global_root_ori: 0.0047
         Episode_Reward/motion_body_pos: 0.0109
         Episode_Reward/motion_body_ori: 0.0075
     Episode_Reward/motion_body_lin_vel: 0.0083
     Episode_Reward/motion_body_ang_vel: 0.0070
          Episode_Reward/action_rate_l2: -0.0149
             Episode_Reward/joint_limit: -0.0003
         Episode_Reward/self_collisions: -0.0059
Episode_Reward/action_target_reference_l2: -0.0091
Episode_Reward/action_target_soft_limit_barrier: -0.0000
                   Episode_Reward/alive: 0.0469
 Episode_Reward/non_timeout_termination: -10.0000
Episode_Reward/worst_ee_z_normalized_squared: -0.0121
Episode_Reward/right_wrist_prethreshold_barrier: -0.0002
        Metrics/motion/error_anchor_pos: 0.0714
        Metrics/motion/error_anchor_rot: 0.1499
    Metrics/motion/error_anchor_lin_vel: 0.5317
    Metrics/motion/error_anchor_ang_vel: 1.0044
          Metrics/motion/error_body_pos: 0.3179
          Metrics/motion/error_body_rot: 0.3651
         Metrics/motion/error_joint_pos: 0.6771
         Metrics/motion/error_joint_vel: 6.4049
        Metrics/motion/sampling_entropy: 1.0000
      Metrics/motion/sampling_top1_prob: 0.0084
       Metrics/motion/sampling_top1_bin: 0.5000
      Metrics/motion/error_body_lin_vel: 0.5475
      Metrics/motion/error_body_ang_vel: 1.7473
           Episode_Termination/time_out: 0.0000
         Episode_Termination/anchor_pos: 0.0000
         Episode_Termination/anchor_ori: 0.0000
        Episode_Termination/ee_body_pos: 0.0000
Episode_Termination/corpus_clip_time_out: 0.0000
Episode_Termination/stage_one_actuation_guard: 4.6250
--------------------------------------------------------------------------------
                         Iteration time: 1.98s
                           Time elapsed: 00:01:48
                                    ETA: 00:01:39

################################################################################
[1m                           Learning iteration 52/100                            [0m 

                               Run name: true23_h10
                            Total steps: 27136 
                       Steps per second: 261 
                        Collection time: 1.593s 
                          Learning time: 0.364s 
                        Mean value loss: 3837.0779
                    Mean surrogate loss: -0.0541
                      Mean entropy loss: -20.3239
                            Mean reward: -99.58
                    Mean episode length: 5.72
                        Mean action std: 0.10
  Episode_Reward/motion_global_root_pos: 0.0050
  Episode_Reward/motion_global_root_ori: 0.0042
         Episode_Reward/motion_body_pos: 0.0101
         Episode_Reward/motion_body_ori: 0.0068
     Episode_Reward/motion_body_lin_vel: 0.0075
     Episode_Reward/motion_body_ang_vel: 0.0058
          Episode_Reward/action_rate_l2: -0.0165
             Episode_Reward/joint_limit: -0.0002
         Episode_Reward/self_collisions: -0.0024
Episode_Reward/action_target_reference_l2: -0.0096
Episode_Reward/action_target_soft_limit_barrier: -0.0000
                   Episode_Reward/alive: 0.0436
 Episode_Reward/non_timeout_termination: -10.0000
Episode_Reward/worst_ee_z_normalized_squared: -0.0180
Episode_Reward/right_wrist_prethreshold_barrier: 0.0000
        Metrics/motion/error_anchor_pos: 0.0581
        Metrics/motion/error_anchor_rot: 0.1765
    Metrics/motion/error_anchor_lin_vel: 0.4590
    Metrics/motion/error_anchor_ang_vel: 1.1608
          Metrics/motion/error_body_pos: 0.3240
          Metrics/motion/error_body_rot: 0.3860
         Metrics/motion/error_joint_pos: 0.6465
         Metrics/motion/error_joint_vel: 7.3375
        Metrics/motion/sampling_entropy: 1.0000
      Metrics/motion/sampling_top1_prob: 0.0084
       Metrics/motion/sampling_top1_bin: 0.5000
      Metrics/motion/error_body_lin_vel: 0.5205
      Metrics/motion/error_body_ang_vel: 1.9717
           Episode_Termination/time_out: 0.0000
         Episode_Termination/anchor_pos: 0.0000
         Episode_Termination/anchor_ori: 0.0000
        Episode_Termination/ee_body_pos: 0.0625
Episode_Termination/corpus_clip_time_out: 0.0000
Episode_Termination/stage_one_actuation_guard: 6.0625
--------------------------------------------------------------------------------
                         Iteration time: 1.96s
                           Time elapsed: 00:01:50
                                    ETA: 00:01:37

################################################################################
[1m                           Learning iteration 53/100                            [0m 

                               Run name: true23_h10
                            Total steps: 27648 
                       Steps per second: 267 
                        Collection time: 1.560s 
                          Learning time: 0.357s 
                        Mean value loss: 3838.1389
                    Mean surrogate loss: -0.0575
                      Mean entropy loss: -20.3239
                            Mean reward: -98.71
                    Mean episode length: 5.93
                        Mean action std: 0.10
  Episode_Reward/motion_global_root_pos: 0.0053
  Episode_Reward/motion_global_root_ori: 0.0045
         Episode_Reward/motion_body_pos: 0.0110
         Episode_Reward/motion_body_ori: 0.0076
     Episode_Reward/motion_body_lin_vel: 0.0082
     Episode_Reward/motion_body_ang_vel: 0.0067
          Episode_Reward/action_rate_l2: -0.0147
             Episode_Reward/joint_limit: -0.0001
         Episode_Reward/self_collisions: -0.0148
Episode_Reward/action_target_reference_l2: -0.0092
Episode_Reward/action_target_soft_limit_barrier: -0.0001
                   Episode_Reward/alive: 0.0484
 Episode_Reward/non_timeout_termination: -9.9107
Episode_Reward/worst_ee_z_normalized_squared: -0.0145
Episode_Reward/right_wrist_prethreshold_barrier: -0.0225
        Metrics/motion/error_anchor_pos: 0.0659
        Metrics/motion/error_anchor_rot: 0.1808
    Metrics/motion/error_anchor_lin_vel: 0.5362
    Metrics/motion/error_anchor_ang_vel: 1.2453
          Metrics/motion/error_body_pos: 0.2740
          Metrics/motion/error_body_rot: 0.3359
         Metrics/motion/error_joint_pos: 0.6961
         Metrics/motion/error_joint_vel: 7.3810
        Metrics/motion/sampling_entropy: 1.0000
      Metrics/motion/sampling_top1_prob: 0.0084
       Metrics/motion/sampling_top1_bin: 0.5000
      Metrics/motion/error_body_lin_vel: 0.5956
      Metrics/motion/error_body_ang_vel: 1.9842
           Episode_Termination/time_out: 0.0000
         Episode_Termination/anchor_pos: 0.0000
         Episode_Termination/anchor_ori: 0.0000
        Episode_Termination/ee_body_pos: 0.0625
Episode_Termination/corpus_clip_time_out: 0.0625
Episode_Termination/stage_one_actuation_guard: 5.6250
--------------------------------------------------------------------------------
                         Iteration time: 1.92s
                           Time elapsed: 00:01:52
                                    ETA: 00:01:35

################################################################################
[1m                           Learning iteration 54/100                            [0m 

                               Run name: true23_h10
                            Total steps: 28160 
                       Steps per second: 261 
                        Collection time: 1.611s 
                          Learning time: 0.350s 
                        Mean value loss: 3751.5709
                    Mean surrogate loss: -0.0528
                      Mean entropy loss: -20.3239
                            Mean reward: -99.63
                    Mean episode length: 4.73
                        Mean action std: 0.10
  Episode_Reward/motion_global_root_pos: 0.0046
  Episode_Reward/motion_global_root_ori: 0.0042
         Episode_Reward/motion_body_pos: 0.0094
         Episode_Reward/motion_body_ori: 0.0067
     Episode_Reward/motion_body_lin_vel: 0.0071
     Episode_Reward/motion_body_ang_vel: 0.0057
          Episode_Reward/action_rate_l2: -0.0163
             Episode_Reward/joint_limit: -0.0002
         Episode_Reward/self_collisions: -0.0022
Episode_Reward/action_target_reference_l2: -0.0073
Episode_Reward/action_target_soft_limit_barrier: -0.0000
                   Episode_Reward/alive: 0.0394
 Episode_Reward/non_timeout_termination: -10.0000
Episode_Reward/worst_ee_z_normalized_squared: -0.0119
Episode_Reward/right_wrist_prethreshold_barrier: -0.0000
        Metrics/motion/error_anchor_pos: 0.0577
        Metrics/motion/error_anchor_rot: 0.1567
    Metrics/motion/error_anchor_lin_vel: 0.4850
    Metrics/motion/error_anchor_ang_vel: 1.1455
          Metrics/motion/error_body_pos: 0.3838
          Metrics/motion/error_body_rot: 0.3904
         Metrics/motion/error_joint_pos: 0.6320
         Metrics/motion/error_joint_vel: 6.7235
        Metrics/motion/sampling_entropy: 1.0000
      Metrics/motion/sampling_top1_prob: 0.0084
       Metrics/motion/sampling_top1_bin: 0.5000
      Metrics/motion/error_body_lin_vel: 0.5327
      Metrics/motion/error_body_ang_vel: 1.8117
           Episode_Termination/time_out: 0.0000
         Episode_Termination/anchor_pos: 0.0000
         Episode_Termination/anchor_ori: 0.0000
        Episode_Termination/ee_body_pos: 0.0625
Episode_Termination/corpus_clip_time_out: 0.0000
Episode_Termination/stage_one_actuation_guard: 5.9375
--------------------------------------------------------------------------------
                         Iteration time: 1.96s
                           Time elapsed: 00:01:54
                                    ETA: 00:01:33

################################################################################
[1m                           Learning iteration 55/100                            [0m 

                               Run name: true23_h10
                            Total steps: 28672 
                       Steps per second: 259 
                        Collection time: 1.597s 
                          Learning time: 0.373s 
                        Mean value loss: 2982.7915
                    Mean surrogate loss: -0.0571
                      Mean entropy loss: -20.3239
                            Mean reward: -98.57
                    Mean episode length: 5.13
                        Mean action std: 0.10
  Episode_Reward/motion_global_root_pos: 0.0049
  Episode_Reward/motion_global_root_ori: 0.0043
         Episode_Reward/motion_body_pos: 0.0103
         Episode_Reward/motion_body_ori: 0.0070
     Episode_Reward/motion_body_lin_vel: 0.0079
     Episode_Reward/motion_body_ang_vel: 0.0063
          Episode_Reward/action_rate_l2: -0.0150
             Episode_Reward/joint_limit: -0.0005
         Episode_Reward/self_collisions: -0.0021
Episode_Reward/action_target_reference_l2: -0.0085
Episode_Reward/action_target_soft_limit_barrier: -0.0000
                   Episode_Reward/alive: 0.0438
 Episode_Reward/non_timeout_termination: -9.8438
Episode_Reward/worst_ee_z_normalized_squared: -0.0106
Episode_Reward/right_wrist_prethreshold_barrier: 0.0000
        Metrics/motion/error_anchor_pos: 0.0654
        Metrics/motion/error_anchor_rot: 0.1796
    Metrics/motion/error_anchor_lin_vel: 0.4535
    Metrics/motion/error_anchor_ang_vel: 1.0076
          Metrics/motion/error_body_pos: 0.5785
          Metrics/motion/error_body_rot: 0.4374
         Metrics/motion/error_joint_pos: 0.6557
         Metrics/motion/error_joint_vel: 6.4025
        Metrics/motion/sampling_entropy: 1.0000
      Metrics/motion/sampling_top1_prob: 0.0084
       Metrics/motion/sampling_top1_bin: 0.5000
      Metrics/motion/error_body_lin_vel: 0.4825
      Metrics/motion/error_body_ang_vel: 1.6539
           Episode_Termination/time_out: 0.0000
         Episode_Termination/anchor_pos: 0.0000
         Episode_Termination/anchor_ori: 0.0000
        Episode_Termination/ee_body_pos: 0.0000
Episode_Termination/corpus_clip_time_out: 0.0625
Episode_Termination/stage_one_actuation_guard: 4.7500
--------------------------------------------------------------------------------
                         Iteration time: 1.97s
                           Time elapsed: 00:01:56
                                    ETA: 00:01:31

################################################################################
[1m                           Learning iteration 56/100                            [0m 

                               Run name: true23_h10
                            Total steps: 29184 
                       Steps per second: 261 
                        Collection time: 1.594s 
                          Learning time: 0.367s 
                        Mean value loss: 3439.5586
                    Mean surrogate loss: -0.0631
                      Mean entropy loss: -20.3239
                            Mean reward: -98.49
                    Mean episode length: 6.89
                        Mean action std: 0.10
  Episode_Reward/motion_global_root_pos: 0.0059
  Episode_Reward/motion_global_root_ori: 0.0045
         Episode_Reward/motion_body_pos: 0.0123
         Episode_Reward/motion_body_ori: 0.0074
     Episode_Reward/motion_body_lin_vel: 0.0101
     Episode_Reward/motion_body_ang_vel: 0.0083
          Episode_Reward/action_rate_l2: -0.0165
             Episode_Reward/joint_limit: -0.0005
         Episode_Reward/self_collisions: -0.0024
Episode_Reward/action_target_reference_l2: -0.0116
Episode_Reward/action_target_soft_limit_barrier: -0.0000
                   Episode_Reward/alive: 0.0551
 Episode_Reward/non_timeout_termination: -9.8958
Episode_Reward/worst_ee_z_normalized_squared: -0.0185
Episode_Reward/right_wrist_prethreshold_barrier: -0.0009
        Metrics/motion/error_anchor_pos: 0.0646
        Metrics/motion/error_anchor_rot: 0.1870
    Metrics/motion/error_anchor_lin_vel: 0.4666
    Metrics/motion/error_anchor_ang_vel: 1.1366
          Metrics/motion/error_body_pos: 0.3012
          Metrics/motion/error_body_rot: 0.4177
         Metrics/motion/error_joint_pos: 0.6851
         Metrics/motion/error_joint_vel: 6.3240
        Metrics/motion/sampling_entropy: 1.0000
      Metrics/motion/sampling_top1_prob: 0.0084
       Metrics/motion/sampling_top1_bin: 0.5000
      Metrics/motion/error_body_lin_vel: 0.5100
      Metrics/motion/error_body_ang_vel: 1.7165
           Episode_Termination/time_out: 0.0000
         Episode_Termination/anchor_pos: 0.0000
         Episode_Termination/anchor_ori: 0.0000
        Episode_Termination/ee_body_pos: 0.0625
Episode_Termination/corpus_clip_time_out: 0.1250
Episode_Termination/stage_one_actuation_guard: 5.6250
--------------------------------------------------------------------------------
                         Iteration time: 1.96s
                           Time elapsed: 00:01:58
                                    ETA: 00:01:29

################################################################################
[1m                           Learning iteration 57/100                            [0m 

                               Run name: true23_h10
                            Total steps: 29696 
                       Steps per second: 264 
                        Collection time: 1.591s 
                          Learning time: 0.344s 
                        Mean value loss: 4105.9655
                    Mean surrogate loss: -0.0511
                      Mean entropy loss: -20.3239
                            Mean reward: -99.53
                    Mean episode length: 5.48
                        Mean action std: 0.10
  Episode_Reward/motion_global_root_pos: 0.0050
  Episode_Reward/motion_global_root_ori: 0.0042
         Episode_Reward/motion_body_pos: 0.0103
         Episode_Reward/motion_body_ori: 0.0068
     Episode_Reward/motion_body_lin_vel: 0.0079
     Episode_Reward/motion_body_ang_vel: 0.0066
          Episode_Reward/action_rate_l2: -0.0167
             Episode_Reward/joint_limit: -0.0008
         Episode_Reward/self_collisions: -0.0008
Episode_Reward/action_target_reference_l2: -0.0088
Episode_Reward/action_target_soft_limit_barrier: -0.0001
                   Episode_Reward/alive: 0.0439
 Episode_Reward/non_timeout_termination: -10.0000
Episode_Reward/worst_ee_z_normalized_squared: -0.0115
Episode_Reward/right_wrist_prethreshold_barrier: 0.0000
        Metrics/motion/error_anchor_pos: 0.0594
        Metrics/motion/error_anchor_rot: 0.1665
    Metrics/motion/error_anchor_lin_vel: 0.4995
    Metrics/motion/error_anchor_ang_vel: 1.1704
          Metrics/motion/error_body_pos: 0.3135
          Metrics/motion/error_body_rot: 0.3499
         Metrics/motion/error_joint_pos: 0.6105
         Metrics/motion/error_joint_vel: 7.0240
        Metrics/motion/sampling_entropy: 1.0000
      Metrics/motion/sampling_top1_prob: 0.0084
       Metrics/motion/sampling_top1_bin: 0.5000
      Metrics/motion/error_body_lin_vel: 0.5577
      Metrics/motion/error_body_ang_vel: 1.8753
           Episode_Termination/time_out: 0.0000
         Episode_Termination/anchor_pos: 0.0000
         Episode_Termination/anchor_ori: 0.0000
        Episode_Termination/ee_body_pos: 0.0625
Episode_Termination/corpus_clip_time_out: 0.0000
Episode_Termination/stage_one_actuation_guard: 6.7500
--------------------------------------------------------------------------------
                         Iteration time: 1.94s
                           Time elapsed: 00:02:00
                                    ETA: 00:01:26

################################################################################
[1m                           Learning iteration 58/100                            [0m 

                               Run name: true23_h10
                            Total steps: 30208 
                       Steps per second: 263 
                        Collection time: 1.576s 
                          Learning time: 0.366s 
                        Mean value loss: 3949.7206
                    Mean surrogate loss: -0.0437
                      Mean entropy loss: -20.3239
                            Mean reward: -99.61
                    Mean episode length: 4.63
                        Mean action std: 0.10
  Episode_Reward/motion_global_root_pos: 0.0038
  Episode_Reward/motion_global_root_ori: 0.0033
         Episode_Reward/motion_body_pos: 0.0077
         Episode_Reward/motion_body_ori: 0.0058
     Episode_Reward/motion_body_lin_vel: 0.0058
     Episode_Reward/motion_body_ang_vel: 0.0046
          Episode_Reward/action_rate_l2: -0.0156
             Episode_Reward/joint_limit: -0.0001
         Episode_Reward/self_collisions: -0.0011
Episode_Reward/action_target_reference_l2: -0.0054
Episode_Reward/action_target_soft_limit_barrier: -0.0001
                   Episode_Reward/alive: 0.0304
 Episode_Reward/non_timeout_termination: -10.0000
Episode_Reward/worst_ee_z_normalized_squared: -0.0064
Episode_Reward/right_wrist_prethreshold_barrier: -0.0005
        Metrics/motion/error_anchor_pos: 0.0555
        Metrics/motion/error_anchor_rot: 0.1539
    Metrics/motion/error_anchor_lin_vel: 0.5014
    Metrics/motion/error_anchor_ang_vel: 1.0812
          Metrics/motion/error_body_pos: 0.3992
          Metrics/motion/error_body_rot: 0.3879
         Metrics/motion/error_joint_pos: 0.5287
         Metrics/motion/error_joint_vel: 6.7038
        Metrics/motion/sampling_entropy: 1.0000
      Metrics/motion/sampling_top1_prob: 0.0084
       Metrics/motion/sampling_top1_bin: 0.5000
      Metrics/motion/error_body_lin_vel: 0.5492
      Metrics/motion/error_body_ang_vel: 1.8011
           Episode_Termination/time_out: 0.0000
         Episode_Termination/anchor_pos: 0.0000
         Episode_Termination/anchor_ori: 0.0000
        Episode_Termination/ee_body_pos: 0.0625
Episode_Termination/corpus_clip_time_out: 0.0000
Episode_Termination/stage_one_actuation_guard: 6.6250
--------------------------------------------------------------------------------
                         Iteration time: 1.94s
                           Time elapsed: 00:02:01
                                    ETA: 00:01:24

################################################################################
[1m                           Learning iteration 59/100                            [0m 

                               Run name: true23_h10
                            Total steps: 30720 
                       Steps per second: 263 
                        Collection time: 1.579s 
                          Learning time: 0.362s 
                        Mean value loss: 3537.2720
                    Mean surrogate loss: -0.0531
                      Mean entropy loss: -20.3239
                            Mean reward: -99.55
                    Mean episode length: 5.24
                        Mean action std: 0.10
  Episode_Reward/motion_global_root_pos: 0.0050
  Episode_Reward/motion_global_root_ori: 0.0045
         Episode_Reward/motion_body_pos: 0.0103
         Episode_Reward/motion_body_ori: 0.0072
     Episode_Reward/motion_body_lin_vel: 0.0081
     Episode_Reward/motion_body_ang_vel: 0.0066
          Episode_Reward/action_rate_l2: -0.0164
             Episode_Reward/joint_limit: -0.0004
         Episode_Reward/self_collisions: -0.0010
Episode_Reward/action_target_reference_l2: -0.0089
Episode_Reward/action_target_soft_limit_barrier: -0.0001
                   Episode_Reward/alive: 0.0445
 Episode_Reward/non_timeout_termination: -10.0000
Episode_Reward/worst_ee_z_normalized_squared: -0.0143
Episode_Reward/right_wrist_prethreshold_barrier: 0.0000
        Metrics/motion/error_anchor_pos: 0.0610
        Metrics/motion/error_anchor_rot: 0.1575
    Metrics/motion/error_anchor_lin_vel: 0.4839
    Metrics/motion/error_anchor_ang_vel: 1.0655
          Metrics/motion/error_body_pos: 0.4214
          Metrics/motion/error_body_rot: 0.3885
         Metrics/motion/error_joint_pos: 0.6178
         Metrics/motion/error_joint_vel: 6.7459
        Metrics/motion/sampling_entropy: 1.0000
      Metrics/motion/sampling_top1_prob: 0.0084
       Metrics/motion/sampling_top1_bin: 0.5000
      Metrics/motion/error_body_lin_vel: 0.5125
      Metrics/motion/error_body_ang_vel: 1.7855
           Episode_Termination/time_out: 0.0000
         Episode_Termination/anchor_pos: 0.0000
         Episode_Termination/anchor_ori: 0.0000
        Episode_Termination/ee_body_pos: 0.0000
Episode_Termination/corpus_clip_time_out: 0.0000
Episode_Termination/stage_one_actuation_guard: 5.6875
--------------------------------------------------------------------------------
                         Iteration time: 1.94s
                           Time elapsed: 00:02:03
                                    ETA: 00:01:22

################################################################################
[1m                           Learning iteration 60/100                            [0m 

                               Run name: true23_h10
                            Total steps: 31232 
                       Steps per second: 254 
                        Collection time: 1.659s 
                          Learning time: 0.356s 
                        Mean value loss: 3393.1363
                    Mean surrogate loss: -0.0617
                      Mean entropy loss: -20.3239
                            Mean reward: -97.58
                    Mean episode length: 5.41
                        Mean action std: 0.10
  Episode_Reward/motion_global_root_pos: 0.0047
  Episode_Reward/motion_global_root_ori: 0.0042
         Episode_Reward/motion_body_pos: 0.0100
         Episode_Reward/motion_body_ori: 0.0067
     Episode_Reward/motion_body_lin_vel: 0.0074
     Episode_Reward/motion_body_ang_vel: 0.0063
          Episode_Reward/action_rate_l2: -0.0154
             Episode_Reward/joint_limit: -0.0008
         Episode_Reward/self_collisions: -0.0036
Episode_Reward/action_target_reference_l2: -0.0083
Episode_Reward/action_target_soft_limit_barrier: -0.0000
                   Episode_Reward/alive: 0.0427
 Episode_Reward/non_timeout_termination: -9.8065
Episode_Reward/worst_ee_z_normalized_squared: -0.0126
Episode_Reward/right_wrist_prethreshold_barrier: 0.0000
        Metrics/motion/error_anchor_pos: 0.0658
        Metrics/motion/error_anchor_rot: 0.1691
    Metrics/motion/error_anchor_lin_vel: 0.5174
    Metrics/motion/error_anchor_ang_vel: 1.1136
          Metrics/motion/error_body_pos: 0.1996
          Metrics/motion/error_body_rot: 0.3383
         Metrics/motion/error_joint_pos: 0.5731
         Metrics/motion/error_joint_vel: 6.6437
        Metrics/motion/sampling_entropy: 1.0000
      Metrics/motion/sampling_top1_prob: 0.0084
       Metrics/motion/sampling_top1_bin: 0.5000
      Metrics/motion/error_body_lin_vel: 0.5633
      Metrics/motion/error_body_ang_vel: 1.8217
           Episode_Termination/time_out: 0.0000
         Episode_Termination/anchor_pos: 0.0000
         Episode_Termination/anchor_ori: 0.0000
        Episode_Termination/ee_body_pos: 0.0625
Episode_Termination/corpus_clip_time_out: 0.1250
Episode_Termination/stage_one_actuation_guard: 5.9375
--------------------------------------------------------------------------------
                         Iteration time: 2.02s
                           Time elapsed: 00:02:05
                                    ETA: 00:01:20

################################################################################
[1m                           Learning iteration 61/100                            [0m 

                               Run name: true23_h10
                            Total steps: 31744 
                       Steps per second: 265 
                        Collection time: 1.576s 
                          Learning time: 0.352s 
                        Mean value loss: 2258.4240
                    Mean surrogate loss: -0.0583
                      Mean entropy loss: -20.3239
                            Mean reward: -98.54
                    Mean episode length: 5.37
                        Mean action std: 0.10
  Episode_Reward/motion_global_root_pos: 0.0052
  Episode_Reward/motion_global_root_ori: 0.0045
         Episode_Reward/motion_body_pos: 0.0108
         Episode_Reward/motion_body_ori: 0.0075
     Episode_Reward/motion_body_lin_vel: 0.0077
     Episode_Reward/motion_body_ang_vel: 0.0065
          Episode_Reward/action_rate_l2: -0.0142
             Episode_Reward/joint_limit: -0.0003
         Episode_Reward/self_collisions: -0.0003
Episode_Reward/action_target_reference_l2: -0.0089
Episode_Reward/action_target_soft_limit_barrier: -0.0001
                   Episode_Reward/alive: 0.0471
 Episode_Reward/non_timeout_termination: -10.0000
Episode_Reward/worst_ee_z_normalized_squared: -0.0150
Episode_Reward/right_wrist_prethreshold_barrier: -0.0001
        Metrics/motion/error_anchor_pos: 0.0735
        Metrics/motion/error_anchor_rot: 0.1752
    Metrics/motion/error_anchor_lin_vel: 0.5628
    Metrics/motion/error_anchor_ang_vel: 1.0980
          Metrics/motion/error_body_pos: 0.1234
          Metrics/motion/error_body_rot: 0.3552
         Metrics/motion/error_joint_pos: 0.7193
         Metrics/motion/error_joint_vel: 6.7302
        Metrics/motion/sampling_entropy: 1.0000
      Metrics/motion/sampling_top1_prob: 0.0084
       Metrics/motion/sampling_top1_bin: 0.5000
      Metrics/motion/error_body_lin_vel: 0.6072
      Metrics/motion/error_body_ang_vel: 1.9475
           Episode_Termination/time_out: 0.0000
         Episode_Termination/anchor_pos: 0.0000
         Episode_Termination/anchor_ori: 0.0000
        Episode_Termination/ee_body_pos: 0.0000
Episode_Termination/corpus_clip_time_out: 0.0000
Episode_Termination/stage_one_actuation_guard: 3.4375
--------------------------------------------------------------------------------
                         Iteration time: 1.93s
                           Time elapsed: 00:02:07
                                    ETA: 00:01:18

################################################################################
[1m                           Learning iteration 62/100                            [0m 

                               Run name: true23_h10
                            Total steps: 32256 
                       Steps per second: 261 
                        Collection time: 1.612s 
                          Learning time: 0.350s 
                        Mean value loss: 3235.5126
                    Mean surrogate loss: -0.0584
                      Mean entropy loss: -20.3239
                            Mean reward: -98.39
                    Mean episode length: 7.55
                        Mean action std: 0.10
  Episode_Reward/motion_global_root_pos: 0.0067
  Episode_Reward/motion_global_root_ori: 0.0055
         Episode_Reward/motion_body_pos: 0.0140
         Episode_Reward/motion_body_ori: 0.0083
     Episode_Reward/motion_body_lin_vel: 0.0113
     Episode_Reward/motion_body_ang_vel: 0.0094
          Episode_Reward/action_rate_l2: -0.0168
             Episode_Reward/joint_limit: -0.0004
         Episode_Reward/self_collisions: -0.0048
Episode_Reward/action_target_reference_l2: -0.0153
Episode_Reward/action_target_soft_limit_barrier: -0.0000
                   Episode_Reward/alive: 0.0647
 Episode_Reward/non_timeout_termination: -9.9306
Episode_Reward/worst_ee_z_normalized_squared: -0.0204
Episode_Reward/right_wrist_prethreshold_barrier: -0.0000
        Metrics/motion/error_anchor_pos: 0.0768
        Metrics/motion/error_anchor_rot: 0.1979
    Metrics/motion/error_anchor_lin_vel: 0.4841
    Metrics/motion/error_anchor_ang_vel: 1.1823
          Metrics/motion/error_body_pos: 0.2013
          Metrics/motion/error_body_rot: 0.3673
         Metrics/motion/error_joint_pos: 0.7944
         Metrics/motion/error_joint_vel: 6.4817
        Metrics/motion/sampling_entropy: 1.0000
      Metrics/motion/sampling_top1_prob: 0.0084
       Metrics/motion/sampling_top1_bin: 0.5000
      Metrics/motion/error_body_lin_vel: 0.5312
      Metrics/motion/error_body_ang_vel: 1.7989
           Episode_Termination/time_out: 0.0000
         Episode_Termination/anchor_pos: 0.0000
         Episode_Termination/anchor_ori: 0.0000
        Episode_Termination/ee_body_pos: 0.0625
Episode_Termination/corpus_clip_time_out: 0.0625
Episode_Termination/stage_one_actuation_guard: 5.1875
--------------------------------------------------------------------------------
                         Iteration time: 1.96s
                           Time elapsed: 00:02:09
                                    ETA: 00:01:16

################################################################################
[1m                           Learning iteration 63/100                            [0m 

                               Run name: true23_h10
                            Total steps: 32768 
                       Steps per second: 102 
                        Collection time: 1.669s 
                          Learning time: 3.321s 
                        Mean value loss: 3402.1810
                    Mean surrogate loss: -0.0624
                      Mean entropy loss: -20.3239
                            Mean reward: -99.52
                    Mean episode length: 5.73
                        Mean action std: 0.10
  Episode_Reward/motion_global_root_pos: 0.0049
  Episode_Reward/motion_global_root_ori: 0.0040
         Episode_Reward/motion_body_pos: 0.0099
         Episode_Reward/motion_body_ori: 0.0065
     Episode_Reward/motion_body_lin_vel: 0.0078
     Episode_Reward/motion_body_ang_vel: 0.0065
          Episode_Reward/action_rate_l2: -0.0159
             Episode_Reward/joint_limit: -0.0000
         Episode_Reward/self_collisions: -0.0007
Episode_Reward/action_target_reference_l2: -0.0101
Episode_Reward/action_target_soft_limit_barrier: -0.0000
                   Episode_Reward/alive: 0.0425
 Episode_Reward/non_timeout_termination: -10.0000
Episode_Reward/worst_ee_z_normalized_squared: -0.0100
Episode_Reward/right_wrist_prethreshold_barrier: -0.0001
        Metrics/motion/error_anchor_pos: 0.0562
        Metrics/motion/error_anchor_rot: 0.1736
    Metrics/motion/error_anchor_lin_vel: 0.4542
    Metrics/motion/error_anchor_ang_vel: 1.0842
          Metrics/motion/error_body_pos: 0.4067
          Metrics/motion/error_body_rot: 0.5078
         Metrics/motion/error_joint_pos: 0.6431
         Metrics/motion/error_joint_vel: 6.1498
        Metrics/motion/sampling_entropy: 1.0000
      Metrics/motion/sampling_top1_prob: 0.0084
       Metrics/motion/sampling_top1_bin: 0.5000
      Metrics/motion/error_body_lin_vel: 0.5098
      Metrics/motion/error_body_ang_vel: 1.6401
           Episode_Termination/time_out: 0.0000
         Episode_Termination/anchor_pos: 0.0000
         Episode_Termination/anchor_ori: 0.0000
        Episode_Termination/ee_body_pos: 0.0000
Episode_Termination/corpus_clip_time_out: 0.0625
Episode_Termination/stage_one_actuation_guard: 5.9375
--------------------------------------------------------------------------------
                         Iteration time: 4.99s
                           Time elapsed: 00:02:14
                                    ETA: 00:01:15

################################################################################
[1m                           Learning iteration 64/100                            [0m 

                               Run name: true23_h10
                            Total steps: 33280 
                       Steps per second: 258 
                        Collection time: 1.630s 
                          Learning time: 0.351s 
                        Mean value loss: 2946.2688
                    Mean surrogate loss: -0.0544
                      Mean entropy loss: -20.3239
                            Mean reward: -97.51
                    Mean episode length: 5.61
                        Mean action std: 0.10
  Episode_Reward/motion_global_root_pos: 0.0057
  Episode_Reward/motion_global_root_ori: 0.0046
         Episode_Reward/motion_body_pos: 0.0117
         Episode_Reward/motion_body_ori: 0.0074
     Episode_Reward/motion_body_lin_vel: 0.0088
     Episode_Reward/motion_body_ang_vel: 0.0069
          Episode_Reward/action_rate_l2: -0.0145
             Episode_Reward/joint_limit: -0.0003
         Episode_Reward/self_collisions: -0.0024
Episode_Reward/action_target_reference_l2: -0.0138
Episode_Reward/action_target_soft_limit_barrier: -0.0000
                   Episode_Reward/alive: 0.0520
 Episode_Reward/non_timeout_termination: -9.7545
Episode_Reward/worst_ee_z_normalized_squared: -0.0109
Episode_Reward/right_wrist_prethreshold_barrier: -0.0000
        Metrics/motion/error_anchor_pos: 0.0581
        Metrics/motion/error_anchor_rot: 0.1690
    Metrics/motion/error_anchor_lin_vel: 0.4892
    Metrics/motion/error_anchor_ang_vel: 1.2498
          Metrics/motion/error_body_pos: 0.3861
          Metrics/motion/error_body_rot: 0.3359
         Metrics/motion/error_joint_pos: 0.7133
         Metrics/motion/error_joint_vel: 7.7285
        Metrics/motion/sampling_entropy: 1.0000
      Metrics/motion/sampling_top1_prob: 0.0084
       Metrics/motion/sampling_top1_bin: 0.5000
      Metrics/motion/error_body_lin_vel: 0.5881
      Metrics/motion/error_body_ang_vel: 2.0353
           Episode_Termination/time_out: 0.0000
         Episode_Termination/anchor_pos: 0.0000
         Episode_Termination/anchor_ori: 0.0000
        Episode_Termination/ee_body_pos: 0.0000
Episode_Termination/corpus_clip_time_out: 0.1250
Episode_Termination/stage_one_actuation_guard: 4.8750
--------------------------------------------------------------------------------
                         Iteration time: 1.98s
                           Time elapsed: 00:02:16
                                    ETA: 00:01:13

################################################################################
[1m                           Learning iteration 65/100                            [0m 

                               Run name: true23_h10
                            Total steps: 33792 
                       Steps per second: 242 
                        Collection time: 1.772s 
                          Learning time: 0.343s 
                        Mean value loss: 3175.2342
                    Mean surrogate loss: -0.0560
                      Mean entropy loss: -20.3239
                            Mean reward: -98.44
                    Mean episode length: 6.24
                        Mean action std: 0.10
  Episode_Reward/motion_global_root_pos: 0.0059
  Episode_Reward/motion_global_root_ori: 0.0049
         Episode_Reward/motion_body_pos: 0.0124
         Episode_Reward/motion_body_ori: 0.0078
     Episode_Reward/motion_body_lin_vel: 0.0098
     Episode_Reward/motion_body_ang_vel: 0.0081
          Episode_Reward/action_rate_l2: -0.0164
             Episode_Reward/joint_limit: -0.0005
         Episode_Reward/self_collisions: 0.0000
Episode_Reward/action_target_reference_l2: -0.0110
Episode_Reward/action_target_soft_limit_barrier: -0.0001
                   Episode_Reward/alive: 0.0553
 Episode_Reward/non_timeout_termination: -10.0000
Episode_Reward/worst_ee_z_normalized_squared: -0.0176
Episode_Reward/right_wrist_prethreshold_barrier: -0.0000
        Metrics/motion/error_anchor_pos: 0.0682
        Metrics/motion/error_anchor_rot: 0.1781
    Metrics/motion/error_anchor_lin_vel: 0.5204
    Metrics/motion/error_anchor_ang_vel: 1.2833
          Metrics/motion/error_body_pos: 0.2540
          Metrics/motion/error_body_rot: 0.3816
         Metrics/motion/error_joint_pos: 0.7066
         Metrics/motion/error_joint_vel: 7.3115
        Metrics/motion/sampling_entropy: 1.0000
      Metrics/motion/sampling_top1_prob: 0.0084
       Metrics/motion/sampling_top1_bin: 0.5000
      Metrics/motion/error_body_lin_vel: 0.5695
      Metrics/motion/error_body_ang_vel: 1.9543
           Episode_Termination/time_out: 0.0000
         Episode_Termination/anchor_pos: 0.0000
         Episode_Termination/anchor_ori: 0.0000
        Episode_Termination/ee_body_pos: 0.0625
Episode_Termination/corpus_clip_time_out: 0.0000
Episode_Termination/stage_one_actuation_guard: 5.0000
--------------------------------------------------------------------------------
                         Iteration time: 2.12s
                           Time elapsed: 00:02:18
                                    ETA: 00:01:11

################################################################################
[1m                           Learning iteration 66/100                            [0m 

                               Run name: true23_h10
                            Total steps: 34304 
                       Steps per second: 247 
                        Collection time: 1.725s 
                          Learning time: 0.344s 
                        Mean value loss: 3586.4669
                    Mean surrogate loss: -0.0551
                      Mean entropy loss: -20.3239
                            Mean reward: -98.81
                    Mean episode length: 5.97
                        Mean action std: 0.10
  Episode_Reward/motion_global_root_pos: 0.0057
  Episode_Reward/motion_global_root_ori: 0.0049
         Episode_Reward/motion_body_pos: 0.0119
         Episode_Reward/motion_body_ori: 0.0079
     Episode_Reward/motion_body_lin_vel: 0.0091
     Episode_Reward/motion_body_ang_vel: 0.0077
          Episode_Reward/action_rate_l2: -0.0170
             Episode_Reward/joint_limit: -0.0001
         Episode_Reward/self_collisions: -0.0044
Episode_Reward/action_target_reference_l2: -0.0105
Episode_Reward/action_target_soft_limit_barrier: -0.0000
                   Episode_Reward/alive: 0.0544
 Episode_Reward/non_timeout_termination: -9.8958
Episode_Reward/worst_ee_z_normalized_squared: -0.0271
Episode_Reward/right_wrist_prethreshold_barrier: -0.0367
        Metrics/motion/error_anchor_pos: 0.0740
        Metrics/motion/error_anchor_rot: 0.1994
    Metrics/motion/error_anchor_lin_vel: 0.4924
    Metrics/motion/error_anchor_ang_vel: 1.2362
          Metrics/motion/error_body_pos: 0.4730
          Metrics/motion/error_body_rot: 0.4821
         Metrics/motion/error_joint_pos: 0.7270
         Metrics/motion/error_joint_vel: 6.3820
        Metrics/motion/sampling_entropy: 1.0000
      Metrics/motion/sampling_top1_prob: 0.0084
       Metrics/motion/sampling_top1_bin: 0.5000
      Metrics/motion/error_body_lin_vel: 0.5268
      Metrics/motion/error_body_ang_vel: 1.7699
           Episode_Termination/time_out: 0.0000
         Episode_Termination/anchor_pos: 0.0000
         Episode_Termination/anchor_ori: 0.0000
        Episode_Termination/ee_body_pos: 0.2500
Episode_Termination/corpus_clip_time_out: 0.0625
Episode_Termination/stage_one_actuation_guard: 5.5625
--------------------------------------------------------------------------------
                         Iteration time: 2.07s
                           Time elapsed: 00:02:20
                                    ETA: 00:01:09

################################################################################
[1m                           Learning iteration 67/100                            [0m 

                               Run name: true23_h10
                            Total steps: 34816 
                       Steps per second: 236 
                        Collection time: 1.798s 
                          Learning time: 0.368s 
                        Mean value loss: 3127.3610
                    Mean surrogate loss: -0.0664
                      Mean entropy loss: -20.3239
                            Mean reward: -98.56
                    Mean episode length: 5.34
                        Mean action std: 0.10
  Episode_Reward/motion_global_root_pos: 0.0046
  Episode_Reward/motion_global_root_ori: 0.0040
         Episode_Reward/motion_body_pos: 0.0094
         Episode_Reward/motion_body_ori: 0.0066
     Episode_Reward/motion_body_lin_vel: 0.0071
     Episode_Reward/motion_body_ang_vel: 0.0057
          Episode_Reward/action_rate_l2: -0.0157
             Episode_Reward/joint_limit: -0.0001
         Episode_Reward/self_collisions: -0.0046
Episode_Reward/action_target_reference_l2: -0.0075
Episode_Reward/action_target_soft_limit_barrier: -0.0000
                   Episode_Reward/alive: 0.0397
 Episode_Reward/non_timeout_termination: -9.8438
Episode_Reward/worst_ee_z_normalized_squared: -0.0133
Episode_Reward/right_wrist_prethreshold_barrier: -0.0000
        Metrics/motion/error_anchor_pos: 0.0594
        Metrics/motion/error_anchor_rot: 0.1649
    Metrics/motion/error_anchor_lin_vel: 0.5274
    Metrics/motion/error_anchor_ang_vel: 1.1876
          Metrics/motion/error_body_pos: 0.4493
          Metrics/motion/error_body_rot: 0.3723
         Metrics/motion/error_joint_pos: 0.6005
         Metrics/motion/error_joint_vel: 6.8505
        Metrics/motion/sampling_entropy: 1.0000
      Metrics/motion/sampling_top1_prob: 0.0084
       Metrics/motion/sampling_top1_bin: 0.5000
      Metrics/motion/error_body_lin_vel: 0.5719
      Metrics/motion/error_body_ang_vel: 1.8385
           Episode_Termination/time_out: 0.0000
         Episode_Termination/anchor_pos: 0.0000
         Episode_Termination/anchor_ori: 0.0000
        Episode_Termination/ee_body_pos: 0.0625
Episode_Termination/corpus_clip_time_out: 0.1250
Episode_Termination/stage_one_actuation_guard: 5.3750
--------------------------------------------------------------------------------
                         Iteration time: 2.17s
                           Time elapsed: 00:02:23
                                    ETA: 00:01:07

################################################################################
[1m                           Learning iteration 68/100                            [0m 

                               Run name: true23_h10
                            Total steps: 35328 
                       Steps per second: 259 
                        Collection time: 1.626s 
                          Learning time: 0.343s 
                        Mean value loss: 3399.0859
                    Mean surrogate loss: -0.0451
                      Mean entropy loss: -20.3239
                            Mean reward: -98.57
                    Mean episode length: 5.80
                        Mean action std: 0.10
  Episode_Reward/motion_global_root_pos: 0.0057
  Episode_Reward/motion_global_root_ori: 0.0049
         Episode_Reward/motion_body_pos: 0.0118
         Episode_Reward/motion_body_ori: 0.0077
     Episode_Reward/motion_body_lin_vel: 0.0092
     Episode_Reward/motion_body_ang_vel: 0.0077
          Episode_Reward/action_rate_l2: -0.0154
             Episode_Reward/joint_limit: -0.0006
         Episode_Reward/self_collisions: -0.0043
Episode_Reward/action_target_reference_l2: -0.0109
Episode_Reward/action_target_soft_limit_barrier: -0.0001
                   Episode_Reward/alive: 0.0530
 Episode_Reward/non_timeout_termination: -9.8750
Episode_Reward/worst_ee_z_normalized_squared: -0.0208
Episode_Reward/right_wrist_prethreshold_barrier: -0.0002
        Metrics/motion/error_anchor_pos: 0.0676
        Metrics/motion/error_anchor_rot: 0.1873
    Metrics/motion/error_anchor_lin_vel: 0.4884
    Metrics/motion/error_anchor_ang_vel: 1.1749
          Metrics/motion/error_body_pos: 0.3402
          Metrics/motion/error_body_rot: 0.3926
         Metrics/motion/error_joint_pos: 0.7530
         Metrics/motion/error_joint_vel: 6.6281
        Metrics/motion/sampling_entropy: 1.0000
      Metrics/motion/sampling_top1_prob: 0.0084
       Metrics/motion/sampling_top1_bin: 0.5000
      Metrics/motion/error_body_lin_vel: 0.5327
      Metrics/motion/error_body_ang_vel: 1.8288
           Episode_Termination/time_out: 0.0000
         Episode_Termination/anchor_pos: 0.0000
         Episode_Termination/anchor_ori: 0.0000
        Episode_Termination/ee_body_pos: 0.0625
Episode_Termination/corpus_clip_time_out: 0.0625
Episode_Termination/stage_one_actuation_guard: 5.6875
--------------------------------------------------------------------------------
                         Iteration time: 1.97s
                           Time elapsed: 00:02:25
                                    ETA: 00:01:05

################################################################################
[1m                           Learning iteration 69/100                            [0m 

                               Run name: true23_h10
                            Total steps: 35840 
                       Steps per second: 251 
                        Collection time: 1.634s 
                          Learning time: 0.398s 
                        Mean value loss: 3632.9327
                    Mean surrogate loss: -0.0597
                      Mean entropy loss: -20.3239
                            Mean reward: -98.57
                    Mean episode length: 4.72
                        Mean action std: 0.10
  Episode_Reward/motion_global_root_pos: 0.0043
  Episode_Reward/motion_global_root_ori: 0.0038
         Episode_Reward/motion_body_pos: 0.0088
         Episode_Reward/motion_body_ori: 0.0062
     Episode_Reward/motion_body_lin_vel: 0.0068
     Episode_Reward/motion_body_ang_vel: 0.0055
          Episode_Reward/action_rate_l2: -0.0156
             Episode_Reward/joint_limit: -0.0004
         Episode_Reward/self_collisions: -0.0015
Episode_Reward/action_target_reference_l2: -0.0073
Episode_Reward/action_target_soft_limit_barrier: -0.0000
                   Episode_Reward/alive: 0.0362
 Episode_Reward/non_timeout_termination: -9.8750
Episode_Reward/worst_ee_z_normalized_squared: -0.0078
Episode_Reward/right_wrist_prethreshold_barrier: -0.0000
        Metrics/motion/error_anchor_pos: 0.0522
        Metrics/motion/error_anchor_rot: 0.1583
    Metrics/motion/error_anchor_lin_vel: 0.4723
    Metrics/motion/error_anchor_ang_vel: 1.0976
          Metrics/motion/error_body_pos: 0.5538
          Metrics/motion/error_body_rot: 0.4090
         Metrics/motion/error_joint_pos: 0.5793
         Metrics/motion/error_joint_vel: 6.3032
        Metrics/motion/sampling_entropy: 1.0000
      Metrics/motion/sampling_top1_prob: 0.0084
       Metrics/motion/sampling_top1_bin: 0.5000
      Metrics/motion/error_body_lin_vel: 0.5161
      Metrics/motion/error_body_ang_vel: 1.7448
           Episode_Termination/time_out: 0.0000
         Episode_Termination/anchor_pos: 0.0000
         Episode_Termination/anchor_ori: 0.0000
        Episode_Termination/ee_body_pos: 0.0000
Episode_Termination/corpus_clip_time_out: 0.0625
Episode_Termination/stage_one_actuation_guard: 7.0625
--------------------------------------------------------------------------------
                         Iteration time: 2.03s
                           Time elapsed: 00:02:27
                                    ETA: 00:01:03

################################################################################
[1m                           Learning iteration 70/100                            [0m 

                               Run name: true23_h10
                            Total steps: 36352 
                       Steps per second: 245 
                        Collection time: 1.695s 
                          Learning time: 0.388s 
                        Mean value loss: 3212.8239
                    Mean surrogate loss: -0.0587
                      Mean entropy loss: -20.3239
                            Mean reward: -97.56
                    Mean episode length: 5.14
                        Mean action std: 0.10
  Episode_Reward/motion_global_root_pos: 0.0053
  Episode_Reward/motion_global_root_ori: 0.0047
         Episode_Reward/motion_body_pos: 0.0107
         Episode_Reward/motion_body_ori: 0.0075
     Episode_Reward/motion_body_lin_vel: 0.0077
     Episode_Reward/motion_body_ang_vel: 0.0062
          Episode_Reward/action_rate_l2: -0.0170
             Episode_Reward/joint_limit: -0.0003
         Episode_Reward/self_collisions: -0.0029
Episode_Reward/action_target_reference_l2: -0.0077
Episode_Reward/action_target_soft_limit_barrier: -0.0001
                   Episode_Reward/alive: 0.0462
 Episode_Reward/non_timeout_termination: -9.9219
Episode_Reward/worst_ee_z_normalized_squared: -0.0149
Episode_Reward/right_wrist_prethreshold_barrier: -0.0000
        Metrics/motion/error_anchor_pos: 0.0566
        Metrics/motion/error_anchor_rot: 0.1698
    Metrics/motion/error_anchor_lin_vel: 0.5133
    Metrics/motion/error_anchor_ang_vel: 1.3607
          Metrics/motion/error_body_pos: 0.1815
          Metrics/motion/error_body_rot: 0.3195
         Metrics/motion/error_joint_pos: 0.6474
         Metrics/motion/error_joint_vel: 7.7321
        Metrics/motion/sampling_entropy: 1.0000
      Metrics/motion/sampling_top1_prob: 0.0084
       Metrics/motion/sampling_top1_bin: 0.5000
      Metrics/motion/error_body_lin_vel: 0.5977
      Metrics/motion/error_body_ang_vel: 2.1579
           Episode_Termination/time_out: 0.0000
         Episode_Termination/anchor_pos: 0.0000
         Episode_Termination/anchor_ori: 0.0000
        Episode_Termination/ee_body_pos: 0.0625
Episode_Termination/corpus_clip_time_out: 0.0625
Episode_Termination/stage_one_actuation_guard: 5.3750
--------------------------------------------------------------------------------
                         Iteration time: 2.08s
                           Time elapsed: 00:02:29
                                    ETA: 00:01:00

################################################################################
[1m                           Learning iteration 71/100                            [0m 

                               Run name: true23_h10
                            Total steps: 36864 
                       Steps per second: 220 
                        Collection time: 1.953s 
                          Learning time: 0.373s 
                        Mean value loss: 3305.9158
                    Mean surrogate loss: -0.0531
                      Mean entropy loss: -20.3239
                            Mean reward: -99.53
                    Mean episode length: 5.71
                        Mean action std: 0.10
  Episode_Reward/motion_global_root_pos: 0.0050
  Episode_Reward/motion_global_root_ori: 0.0045
         Episode_Reward/motion_body_pos: 0.0102
         Episode_Reward/motion_body_ori: 0.0072
     Episode_Reward/motion_body_lin_vel: 0.0079
     Episode_Reward/motion_body_ang_vel: 0.0065
          Episode_Reward/action_rate_l2: -0.0146
             Episode_Reward/joint_limit: -0.0002
         Episode_Reward/self_collisions: -0.0056
Episode_Reward/action_target_reference_l2: -0.0093
Episode_Reward/action_target_soft_limit_barrier: -0.0000
                   Episode_Reward/alive: 0.0441
 Episode_Reward/non_timeout_termination: -10.0000
Episode_Reward/worst_ee_z_normalized_squared: -0.0137
Episode_Reward/right_wrist_prethreshold_barrier: -0.0004
        Metrics/motion/error_anchor_pos: 0.0615
        Metrics/motion/error_anchor_rot: 0.1568
    Metrics/motion/error_anchor_lin_vel: 0.5103
    Metrics/motion/error_anchor_ang_vel: 1.1270
          Metrics/motion/error_body_pos: 0.2871
          Metrics/motion/error_body_rot: 0.3678
         Metrics/motion/error_joint_pos: 0.6612
         Metrics/motion/error_joint_vel: 7.3665
        Metrics/motion/sampling_entropy: 1.0000
      Metrics/motion/sampling_top1_prob: 0.0084
       Metrics/motion/sampling_top1_bin: 0.5000
      Metrics/motion/error_body_lin_vel: 0.5481
      Metrics/motion/error_body_ang_vel: 1.9404
           Episode_Termination/time_out: 0.0000
         Episode_Termination/anchor_pos: 0.0000
         Episode_Termination/anchor_ori: 0.0000
        Episode_Termination/ee_body_pos: 0.0000
Episode_Termination/corpus_clip_time_out: 0.0000
Episode_Termination/stage_one_actuation_guard: 6.0000
--------------------------------------------------------------------------------
                         Iteration time: 2.33s
                           Time elapsed: 00:02:31
                                    ETA: 00:00:58

################################################################################
[1m                           Learning iteration 72/100                            [0m 

                               Run name: true23_h10
                            Total steps: 37376 
                       Steps per second: 240 
                        Collection time: 1.753s 
                          Learning time: 0.373s 
                        Mean value loss: 2666.8662
                    Mean surrogate loss: -0.0558
                      Mean entropy loss: -20.3239
                            Mean reward: -99.54
                    Mean episode length: 5.12
                        Mean action std: 0.10
  Episode_Reward/motion_global_root_pos: 0.0051
  Episode_Reward/motion_global_root_ori: 0.0043
         Episode_Reward/motion_body_pos: 0.0104
         Episode_Reward/motion_body_ori: 0.0076
     Episode_Reward/motion_body_lin_vel: 0.0077
     Episode_Reward/motion_body_ang_vel: 0.0060
          Episode_Reward/action_rate_l2: -0.0158
             Episode_Reward/joint_limit: -0.0002
         Episode_Reward/self_collisions: -0.0026
Episode_Reward/action_target_reference_l2: -0.0080
Episode_Reward/action_target_soft_limit_barrier: -0.0000
                   Episode_Reward/alive: 0.0441
 Episode_Reward/non_timeout_termination: -10.0000
Episode_Reward/worst_ee_z_normalized_squared: -0.0110
Episode_Reward/right_wrist_prethreshold_barrier: 0.0000
        Metrics/motion/error_anchor_pos: 0.0633
        Metrics/motion/error_anchor_rot: 0.1802
    Metrics/motion/error_anchor_lin_vel: 0.4687
    Metrics/motion/error_anchor_ang_vel: 1.1864
          Metrics/motion/error_body_pos: 0.4153
          Metrics/motion/error_body_rot: 0.3576
         Metrics/motion/error_joint_pos: 0.6763
         Metrics/motion/error_joint_vel: 7.7127
        Metrics/motion/sampling_entropy: 1.0000
      Metrics/motion/sampling_top1_prob: 0.0084
       Metrics/motion/sampling_top1_bin: 0.5000
      Metrics/motion/error_body_lin_vel: 0.5573
      Metrics/motion/error_body_ang_vel: 2.0092
           Episode_Termination/time_out: 0.0000
         Episode_Termination/anchor_pos: 0.0000
         Episode_Termination/anchor_ori: 0.0000
        Episode_Termination/ee_body_pos: 0.0625
Episode_Termination/corpus_clip_time_out: 0.0000
Episode_Termination/stage_one_actuation_guard: 4.8750
--------------------------------------------------------------------------------
                         Iteration time: 2.13s
                           Time elapsed: 00:02:33
                                    ETA: 00:00:56

################################################################################
[1m                           Learning iteration 73/100                            [0m 

                               Run name: true23_h10
                            Total steps: 37888 
                       Steps per second: 239 
                        Collection time: 1.753s 
                          Learning time: 0.382s 
                        Mean value loss: 2871.0234
                    Mean surrogate loss: -0.0616
                      Mean entropy loss: -20.3239
                            Mean reward: -99.42
                    Mean episode length: 6.34
                        Mean action std: 0.10
  Episode_Reward/motion_global_root_pos: 0.0060
  Episode_Reward/motion_global_root_ori: 0.0052
         Episode_Reward/motion_body_pos: 0.0125
         Episode_Reward/motion_body_ori: 0.0082
     Episode_Reward/motion_body_lin_vel: 0.0096
     Episode_Reward/motion_body_ang_vel: 0.0078
          Episode_Reward/action_rate_l2: -0.0155
             Episode_Reward/joint_limit: -0.0008
         Episode_Reward/self_collisions: 0.0000
Episode_Reward/action_target_reference_l2: -0.0118
Episode_Reward/action_target_soft_limit_barrier: -0.0001
                   Episode_Reward/alive: 0.0558
 Episode_Reward/non_timeout_termination: -10.0000
Episode_Reward/worst_ee_z_normalized_squared: -0.0149
Episode_Reward/right_wrist_prethreshold_barrier: 0.0000
        Metrics/motion/error_anchor_pos: 0.0694
        Metrics/motion/error_anchor_rot: 0.1807
    Metrics/motion/error_anchor_lin_vel: 0.5066
    Metrics/motion/error_anchor_ang_vel: 1.2340
          Metrics/motion/error_body_pos: 0.3049
          Metrics/motion/error_body_rot: 0.3595
         Metrics/motion/error_joint_pos: 0.7451
         Metrics/motion/error_joint_vel: 7.0143
        Metrics/motion/sampling_entropy: 1.0000
      Metrics/motion/sampling_top1_prob: 0.0084
       Metrics/motion/sampling_top1_bin: 0.5000
      Metrics/motion/error_body_lin_vel: 0.5417
      Metrics/motion/error_body_ang_vel: 1.9057
           Episode_Termination/time_out: 0.0000
         Episode_Termination/anchor_pos: 0.0000
         Episode_Termination/anchor_ori: 0.0000
        Episode_Termination/ee_body_pos: 0.0000
Episode_Termination/corpus_clip_time_out: 0.0000
Episode_Termination/stage_one_actuation_guard: 5.0625
--------------------------------------------------------------------------------
                         Iteration time: 2.14s
                           Time elapsed: 00:02:35
                                    ETA: 00:00:54

################################################################################
[1m                           Learning iteration 74/100                            [0m 

                               Run name: true23_h10
                            Total steps: 38400 
                       Steps per second: 261 
                        Collection time: 1.590s 
                          Learning time: 0.371s 
                        Mean value loss: 3049.3714
                    Mean surrogate loss: -0.0532
                      Mean entropy loss: -20.3239
                            Mean reward: -98.55
                    Mean episode length: 5.59
                        Mean action std: 0.10
  Episode_Reward/motion_global_root_pos: 0.0052
  Episode_Reward/motion_global_root_ori: 0.0046
         Episode_Reward/motion_body_pos: 0.0107
         Episode_Reward/motion_body_ori: 0.0074
     Episode_Reward/motion_body_lin_vel: 0.0082
     Episode_Reward/motion_body_ang_vel: 0.0066
          Episode_Reward/action_rate_l2: -0.0153
             Episode_Reward/joint_limit: -0.0004
         Episode_Reward/self_collisions: -0.0055
Episode_Reward/action_target_reference_l2: -0.0090
Episode_Reward/action_target_soft_limit_barrier: -0.0000
                   Episode_Reward/alive: 0.0468
 Episode_Reward/non_timeout_termination: -9.8750
Episode_Reward/worst_ee_z_normalized_squared: -0.0135
Episode_Reward/right_wrist_prethreshold_barrier: -0.0012
        Metrics/motion/error_anchor_pos: 0.0699
        Metrics/motion/error_anchor_rot: 0.1595
    Metrics/motion/error_anchor_lin_vel: 0.5118
    Metrics/motion/error_anchor_ang_vel: 1.1849
          Metrics/motion/error_body_pos: 0.4513
          Metrics/motion/error_body_rot: 0.3715
         Metrics/motion/error_joint_pos: 0.6803
         Metrics/motion/error_joint_vel: 7.0830
        Metrics/motion/sampling_entropy: 1.0000
      Metrics/motion/sampling_top1_prob: 0.0084
       Metrics/motion/sampling_top1_bin: 0.5000
      Metrics/motion/error_body_lin_vel: 0.5494
      Metrics/motion/error_body_ang_vel: 1.9066
           Episode_Termination/time_out: 0.0000
         Episode_Termination/anchor_pos: 0.0000
         Episode_Termination/anchor_ori: 0.0000
        Episode_Termination/ee_body_pos: 0.0000
Episode_Termination/corpus_clip_time_out: 0.0625
Episode_Termination/stage_one_actuation_guard: 5.8125
--------------------------------------------------------------------------------
                         Iteration time: 1.96s
                           Time elapsed: 00:02:37
                                    ETA: 00:00:52

################################################################################
[1m                           Learning iteration 75/100                            [0m 

                               Run name: true23_h10
                            Total steps: 38912 
                       Steps per second: 260 
                        Collection time: 1.600s 
                          Learning time: 0.365s 
                        Mean value loss: 3128.4012
                    Mean surrogate loss: -0.0570
                      Mean entropy loss: -20.3239
                            Mean reward: -97.52
                    Mean episode length: 5.48
                        Mean action std: 0.10
  Episode_Reward/motion_global_root_pos: 0.0055
  Episode_Reward/motion_global_root_ori: 0.0048
         Episode_Reward/motion_body_pos: 0.0113
         Episode_Reward/motion_body_ori: 0.0078
     Episode_Reward/motion_body_lin_vel: 0.0085
     Episode_Reward/motion_body_ang_vel: 0.0068
          Episode_Reward/action_rate_l2: -0.0168
             Episode_Reward/joint_limit: -0.0003
         Episode_Reward/self_collisions: -0.0063
Episode_Reward/action_target_reference_l2: -0.0097
Episode_Reward/action_target_soft_limit_barrier: -0.0001
                   Episode_Reward/alive: 0.0493
 Episode_Reward/non_timeout_termination: -9.9306
Episode_Reward/worst_ee_z_normalized_squared: -0.0127
Episode_Reward/right_wrist_prethreshold_barrier: 0.0000
        Metrics/motion/error_anchor_pos: 0.0639
        Metrics/motion/error_anchor_rot: 0.1578
    Metrics/motion/error_anchor_lin_vel: 0.5243
    Metrics/motion/error_anchor_ang_vel: 1.1994
          Metrics/motion/error_body_pos: 0.2012
          Metrics/motion/error_body_rot: 0.3680
         Metrics/motion/error_joint_pos: 0.7269
         Metrics/motion/error_joint_vel: 7.4345
        Metrics/motion/sampling_entropy: 1.0000
      Metrics/motion/sampling_top1_prob: 0.0084
       Metrics/motion/sampling_top1_bin: 0.5000
      Metrics/motion/error_body_lin_vel: 0.5655
      Metrics/motion/error_body_ang_vel: 2.0475
           Episode_Termination/time_out: 0.0000
         Episode_Termination/anchor_pos: 0.0000
         Episode_Termination/anchor_ori: 0.0000
        Episode_Termination/ee_body_pos: 0.0000
Episode_Termination/corpus_clip_time_out: 0.0625
Episode_Termination/stage_one_actuation_guard: 5.7500
--------------------------------------------------------------------------------
                         Iteration time: 1.96s
                           Time elapsed: 00:02:39
                                    ETA: 00:00:50

################################################################################
[1m                           Learning iteration 76/100                            [0m 

                               Run name: true23_h10
                            Total steps: 39424 
                       Steps per second: 260 
                        Collection time: 1.603s 
                          Learning time: 0.360s 
                        Mean value loss: 3071.0306
                    Mean surrogate loss: -0.0595
                      Mean entropy loss: -20.3239
                            Mean reward: -98.67
                    Mean episode length: 5.99
                        Mean action std: 0.10
  Episode_Reward/motion_global_root_pos: 0.0049
  Episode_Reward/motion_global_root_ori: 0.0040
         Episode_Reward/motion_body_pos: 0.0101
         Episode_Reward/motion_body_ori: 0.0065
     Episode_Reward/motion_body_lin_vel: 0.0080
     Episode_Reward/motion_body_ang_vel: 0.0065
          Episode_Reward/action_rate_l2: -0.0169
             Episode_Reward/joint_limit: -0.0009
         Episode_Reward/self_collisions: -0.0030
Episode_Reward/action_target_reference_l2: -0.0085
Episode_Reward/action_target_soft_limit_barrier: -0.0000
                   Episode_Reward/alive: 0.0432
 Episode_Reward/non_timeout_termination: -9.9107
Episode_Reward/worst_ee_z_normalized_squared: -0.0122
Episode_Reward/right_wrist_prethreshold_barrier: -0.0125
        Metrics/motion/error_anchor_pos: 0.0524
        Metrics/motion/error_anchor_rot: 0.1569
    Metrics/motion/error_anchor_lin_vel: 0.4789
    Metrics/motion/error_anchor_ang_vel: 1.0268
          Metrics/motion/error_body_pos: 0.6092
          Metrics/motion/error_body_rot: 0.4805
         Metrics/motion/error_joint_pos: 0.5919
         Metrics/motion/error_joint_vel: 6.9649
        Metrics/motion/sampling_entropy: 1.0000
      Metrics/motion/sampling_top1_prob: 0.0084
       Metrics/motion/sampling_top1_bin: 0.5000
      Metrics/motion/error_body_lin_vel: 0.5324
      Metrics/motion/error_body_ang_vel: 1.8137
           Episode_Termination/time_out: 0.0000
         Episode_Termination/anchor_pos: 0.0000
         Episode_Termination/anchor_ori: 0.0000
        Episode_Termination/ee_body_pos: 0.0625
Episode_Termination/corpus_clip_time_out: 0.0625
Episode_Termination/stage_one_actuation_guard: 5.9375
--------------------------------------------------------------------------------
                         Iteration time: 1.96s
                           Time elapsed: 00:02:41
                                    ETA: 00:00:48

################################################################################
[1m                           Learning iteration 77/100                            [0m 

                               Run name: true23_h10
                            Total steps: 39936 
                       Steps per second: 258 
                        Collection time: 1.605s 
                          Learning time: 0.374s 
                        Mean value loss: 2657.6528
                    Mean surrogate loss: -0.0541
                      Mean entropy loss: -20.3239
                            Mean reward: -96.53
                    Mean episode length: 6.10
                        Mean action std: 0.10
  Episode_Reward/motion_global_root_pos: 0.0054
  Episode_Reward/motion_global_root_ori: 0.0047
         Episode_Reward/motion_body_pos: 0.0113
         Episode_Reward/motion_body_ori: 0.0075
     Episode_Reward/motion_body_lin_vel: 0.0089
     Episode_Reward/motion_body_ang_vel: 0.0071
          Episode_Reward/action_rate_l2: -0.0157
             Episode_Reward/joint_limit: -0.0003
         Episode_Reward/self_collisions: -0.0045
Episode_Reward/action_target_reference_l2: -0.0104
Episode_Reward/action_target_soft_limit_barrier: -0.0000
                   Episode_Reward/alive: 0.0501
 Episode_Reward/non_timeout_termination: -9.7656
Episode_Reward/worst_ee_z_normalized_squared: -0.0178
Episode_Reward/right_wrist_prethreshold_barrier: -0.0002
        Metrics/motion/error_anchor_pos: 0.0659
        Metrics/motion/error_anchor_rot: 0.1796
    Metrics/motion/error_anchor_lin_vel: 0.4521
    Metrics/motion/error_anchor_ang_vel: 1.1806
          Metrics/motion/error_body_pos: 0.5847
          Metrics/motion/error_body_rot: 0.4071
         Metrics/motion/error_joint_pos: 0.6678
         Metrics/motion/error_joint_vel: 7.0445
        Metrics/motion/sampling_entropy: 1.0000
      Metrics/motion/sampling_top1_prob: 0.0084
       Metrics/motion/sampling_top1_bin: 0.5000
      Metrics/motion/error_body_lin_vel: 0.4949
      Metrics/motion/error_body_ang_vel: 1.8914
           Episode_Termination/time_out: 0.0000
         Episode_Termination/anchor_pos: 0.0000
         Episode_Termination/anchor_ori: 0.0000
        Episode_Termination/ee_body_pos: 0.0000
Episode_Termination/corpus_clip_time_out: 0.1250
Episode_Termination/stage_one_actuation_guard: 4.7500
--------------------------------------------------------------------------------
                         Iteration time: 1.98s
                           Time elapsed: 00:02:43
                                    ETA: 00:00:46

################################################################################
[1m                           Learning iteration 78/100                            [0m 

                               Run name: true23_h10
                            Total steps: 40448 
                       Steps per second: 226 
                        Collection time: 1.908s 
                          Learning time: 0.352s 
                        Mean value loss: 2781.7306
                    Mean surrogate loss: -0.0579
                      Mean entropy loss: -20.3239
                            Mean reward: -98.42
                    Mean episode length: 6.09
                        Mean action std: 0.10
  Episode_Reward/motion_global_root_pos: 0.0057
  Episode_Reward/motion_global_root_ori: 0.0047
         Episode_Reward/motion_body_pos: 0.0114
         Episode_Reward/motion_body_ori: 0.0077
     Episode_Reward/motion_body_lin_vel: 0.0091
     Episode_Reward/motion_body_ang_vel: 0.0071
          Episode_Reward/action_rate_l2: -0.0161
             Episode_Reward/joint_limit: -0.0013
         Episode_Reward/self_collisions: -0.0008
Episode_Reward/action_target_reference_l2: -0.0104
Episode_Reward/action_target_soft_limit_barrier: -0.0000
                   Episode_Reward/alive: 0.0503
 Episode_Reward/non_timeout_termination: -10.0000
Episode_Reward/worst_ee_z_normalized_squared: -0.0137
Episode_Reward/right_wrist_prethreshold_barrier: 0.0000
        Metrics/motion/error_anchor_pos: 0.0555
        Metrics/motion/error_anchor_rot: 0.1869
    Metrics/motion/error_anchor_lin_vel: 0.4621
    Metrics/motion/error_anchor_ang_vel: 1.3123
          Metrics/motion/error_body_pos: 0.4284
          Metrics/motion/error_body_rot: 0.3969
         Metrics/motion/error_joint_pos: 0.6867
         Metrics/motion/error_joint_vel: 7.3071
        Metrics/motion/sampling_entropy: 1.0000
      Metrics/motion/sampling_top1_prob: 0.0084
       Metrics/motion/sampling_top1_bin: 0.5000
      Metrics/motion/error_body_lin_vel: 0.5317
      Metrics/motion/error_body_ang_vel: 2.0012
           Episode_Termination/time_out: 0.0000
         Episode_Termination/anchor_pos: 0.0000
         Episode_Termination/anchor_ori: 0.0000
        Episode_Termination/ee_body_pos: 0.0000
Episode_Termination/corpus_clip_time_out: 0.0000
Episode_Termination/stage_one_actuation_guard: 4.9375
--------------------------------------------------------------------------------
                         Iteration time: 2.26s
                           Time elapsed: 00:02:45
                                    ETA: 00:00:44

################################################################################
[1m                           Learning iteration 79/100                            [0m 

                               Run name: true23_h10
                            Total steps: 40960 
                       Steps per second: 230 
                        Collection time: 1.868s 
                          Learning time: 0.348s 
                        Mean value loss: 3532.2585
                    Mean surrogate loss: -0.0545
                      Mean entropy loss: -20.3239
                            Mean reward: -99.63
                    Mean episode length: 4.49
                        Mean action std: 0.10
  Episode_Reward/motion_global_root_pos: 0.0049
  Episode_Reward/motion_global_root_ori: 0.0040
         Episode_Reward/motion_body_pos: 0.0099
         Episode_Reward/motion_body_ori: 0.0065
     Episode_Reward/motion_body_lin_vel: 0.0078
     Episode_Reward/motion_body_ang_vel: 0.0065
          Episode_Reward/action_rate_l2: -0.0170
             Episode_Reward/joint_limit: -0.0002
         Episode_Reward/self_collisions: -0.0009
Episode_Reward/action_target_reference_l2: -0.0091
Episode_Reward/action_target_soft_limit_barrier: -0.0000
                   Episode_Reward/alive: 0.0423
 Episode_Reward/non_timeout_termination: -10.0000
Episode_Reward/worst_ee_z_normalized_squared: -0.0129
Episode_Reward/right_wrist_prethreshold_barrier: -0.0000
        Metrics/motion/error_anchor_pos: 0.0567
        Metrics/motion/error_anchor_rot: 0.1713
    Metrics/motion/error_anchor_lin_vel: 0.4804
    Metrics/motion/error_anchor_ang_vel: 1.0413
          Metrics/motion/error_body_pos: 0.2739
          Metrics/motion/error_body_rot: 0.3522
         Metrics/motion/error_joint_pos: 0.5742
         Metrics/motion/error_joint_vel: 6.8028
        Metrics/motion/sampling_entropy: 1.0000
      Metrics/motion/sampling_top1_prob: 0.0084
       Metrics/motion/sampling_top1_bin: 0.5000
      Metrics/motion/error_body_lin_vel: 0.5470
      Metrics/motion/error_body_ang_vel: 1.8343
           Episode_Termination/time_out: 0.0000
         Episode_Termination/anchor_pos: 0.0000
         Episode_Termination/anchor_ori: 0.0000
        Episode_Termination/ee_body_pos: 0.0000
Episode_Termination/corpus_clip_time_out: 0.0000
Episode_Termination/stage_one_actuation_guard: 7.6250
--------------------------------------------------------------------------------
                         Iteration time: 2.22s
                           Time elapsed: 00:02:48
                                    ETA: 00:00:42

################################################################################
[1m                           Learning iteration 80/100                            [0m 

                               Run name: true23_h10
                            Total steps: 41472 
                       Steps per second: 230 
                        Collection time: 1.866s 
                          Learning time: 0.356s 
                        Mean value loss: 3087.5045
                    Mean surrogate loss: -0.0520
                      Mean entropy loss: -20.3239
                            Mean reward: -99.62
                    Mean episode length: 4.92
                        Mean action std: 0.10
  Episode_Reward/motion_global_root_pos: 0.0045
  Episode_Reward/motion_global_root_ori: 0.0040
         Episode_Reward/motion_body_pos: 0.0094
         Episode_Reward/motion_body_ori: 0.0066
     Episode_Reward/motion_body_lin_vel: 0.0073
     Episode_Reward/motion_body_ang_vel: 0.0059
          Episode_Reward/action_rate_l2: -0.0159
             Episode_Reward/joint_limit: -0.0013
         Episode_Reward/self_collisions: -0.0004
Episode_Reward/action_target_reference_l2: -0.0078
Episode_Reward/action_target_soft_limit_barrier: -0.0000
                   Episode_Reward/alive: 0.0399
 Episode_Reward/non_timeout_termination: -10.0000
Episode_Reward/worst_ee_z_normalized_squared: -0.0147
Episode_Reward/right_wrist_prethreshold_barrier: -0.0000
        Metrics/motion/error_anchor_pos: 0.0615
        Metrics/motion/error_anchor_rot: 0.1706
    Metrics/motion/error_anchor_lin_vel: 0.4917
    Metrics/motion/error_anchor_ang_vel: 1.0463
          Metrics/motion/error_body_pos: 0.5165
          Metrics/motion/error_body_rot: 0.4099
         Metrics/motion/error_joint_pos: 0.6064
         Metrics/motion/error_joint_vel: 6.8212
        Metrics/motion/sampling_entropy: 1.0000
      Metrics/motion/sampling_top1_prob: 0.0084
       Metrics/motion/sampling_top1_bin: 0.5000
      Metrics/motion/error_body_lin_vel: 0.5484
      Metrics/motion/error_body_ang_vel: 1.8776
           Episode_Termination/time_out: 0.0000
         Episode_Termination/anchor_pos: 0.0000
         Episode_Termination/anchor_ori: 0.0000
        Episode_Termination/ee_body_pos: 0.0000
Episode_Termination/corpus_clip_time_out: 0.0000
Episode_Termination/stage_one_actuation_guard: 6.2500
--------------------------------------------------------------------------------
                         Iteration time: 2.22s
                           Time elapsed: 00:02:50
                                    ETA: 00:00:39

################################################################################
[1m                           Learning iteration 81/100                            [0m 

                               Run name: true23_h10
                            Total steps: 41984 
                       Steps per second: 259 
                        Collection time: 1.597s 
                          Learning time: 0.380s 
                        Mean value loss: 3251.6890
                    Mean surrogate loss: -0.0546
                      Mean entropy loss: -20.3239
                            Mean reward: -99.71
                    Mean episode length: 4.43
                        Mean action std: 0.10
  Episode_Reward/motion_global_root_pos: 0.0042
  Episode_Reward/motion_global_root_ori: 0.0037
         Episode_Reward/motion_body_pos: 0.0086
         Episode_Reward/motion_body_ori: 0.0061
     Episode_Reward/motion_body_lin_vel: 0.0062
     Episode_Reward/motion_body_ang_vel: 0.0049
          Episode_Reward/action_rate_l2: -0.0165
             Episode_Reward/joint_limit: -0.0008
         Episode_Reward/self_collisions: -0.0009
Episode_Reward/action_target_reference_l2: -0.0064
Episode_Reward/action_target_soft_limit_barrier: -0.0000
                   Episode_Reward/alive: 0.0353
 Episode_Reward/non_timeout_termination: -10.0000
Episode_Reward/worst_ee_z_normalized_squared: -0.0167
Episode_Reward/right_wrist_prethreshold_barrier: -0.0007
        Metrics/motion/error_anchor_pos: 0.0560
        Metrics/motion/error_anchor_rot: 0.1619
    Metrics/motion/error_anchor_lin_vel: 0.4555
    Metrics/motion/error_anchor_ang_vel: 1.0629
          Metrics/motion/error_body_pos: 0.5584
          Metrics/motion/error_body_rot: 0.4537
         Metrics/motion/error_joint_pos: 0.5701
         Metrics/motion/error_joint_vel: 6.3802
        Metrics/motion/sampling_entropy: 1.0000
      Metrics/motion/sampling_top1_prob: 0.0084
       Metrics/motion/sampling_top1_bin: 0.5000
      Metrics/motion/error_body_lin_vel: 0.5185
      Metrics/motion/error_body_ang_vel: 1.7450
           Episode_Termination/time_out: 0.0000
         Episode_Termination/anchor_pos: 0.0000
         Episode_Termination/anchor_ori: 0.0000
        Episode_Termination/ee_body_pos: 0.0625
Episode_Termination/corpus_clip_time_out: 0.0000
Episode_Termination/stage_one_actuation_guard: 7.0625
--------------------------------------------------------------------------------
                         Iteration time: 1.98s
                           Time elapsed: 00:02:52
                                    ETA: 00:00:37

################################################################################
[1m                           Learning iteration 82/100                            [0m 

                               Run name: true23_h10
                            Total steps: 42496 
                       Steps per second: 257 
                        Collection time: 1.611s 
                          Learning time: 0.379s 
                        Mean value loss: 2505.0164
                    Mean surrogate loss: -0.0540
                      Mean entropy loss: -20.3239
                            Mean reward: -99.65
                    Mean episode length: 4.72
                        Mean action std: 0.10
  Episode_Reward/motion_global_root_pos: 0.0046
  Episode_Reward/motion_global_root_ori: 0.0039
         Episode_Reward/motion_body_pos: 0.0092
         Episode_Reward/motion_body_ori: 0.0065
     Episode_Reward/motion_body_lin_vel: 0.0068
     Episode_Reward/motion_body_ang_vel: 0.0056
          Episode_Reward/action_rate_l2: -0.0168
             Episode_Reward/joint_limit: -0.0002
         Episode_Reward/self_collisions: -0.0021
Episode_Reward/action_target_reference_l2: -0.0072
Episode_Reward/action_target_soft_limit_barrier: -0.0000
                   Episode_Reward/alive: 0.0384
 Episode_Reward/non_timeout_termination: -10.0000
Episode_Reward/worst_ee_z_normalized_squared: -0.0118
Episode_Reward/right_wrist_prethreshold_barrier: -0.0001
        Metrics/motion/error_anchor_pos: 0.0549
        Metrics/motion/error_anchor_rot: 0.1654
    Metrics/motion/error_anchor_lin_vel: 0.4843
    Metrics/motion/error_anchor_ang_vel: 1.0375
          Metrics/motion/error_body_pos: 0.7225
          Metrics/motion/error_body_rot: 0.4280
         Metrics/motion/error_joint_pos: 0.6217
         Metrics/motion/error_joint_vel: 6.7950
        Metrics/motion/sampling_entropy: 1.0000
      Metrics/motion/sampling_top1_prob: 0.0084
       Metrics/motion/sampling_top1_bin: 0.5000
      Metrics/motion/error_body_lin_vel: 0.5451
      Metrics/motion/error_body_ang_vel: 1.8292
           Episode_Termination/time_out: 0.0000
         Episode_Termination/anchor_pos: 0.0000
         Episode_Termination/anchor_ori: 0.0000
        Episode_Termination/ee_body_pos: 0.0000
Episode_Termination/corpus_clip_time_out: 0.0625
Episode_Termination/stage_one_actuation_guard: 5.0625
--------------------------------------------------------------------------------
                         Iteration time: 1.99s
                           Time elapsed: 00:02:54
                                    ETA: 00:00:35

################################################################################
[1m                           Learning iteration 83/100                            [0m 

                               Run name: true23_h10
                            Total steps: 43008 
                       Steps per second: 246 
                        Collection time: 1.718s 
                          Learning time: 0.356s 
                        Mean value loss: 3101.2398
                    Mean surrogate loss: -0.0565
                      Mean entropy loss: -20.3239
                            Mean reward: -98.68
                    Mean episode length: 5.51
                        Mean action std: 0.10
  Episode_Reward/motion_global_root_pos: 0.0053
  Episode_Reward/motion_global_root_ori: 0.0045
         Episode_Reward/motion_body_pos: 0.0109
         Episode_Reward/motion_body_ori: 0.0069
     Episode_Reward/motion_body_lin_vel: 0.0085
     Episode_Reward/motion_body_ang_vel: 0.0073
          Episode_Reward/action_rate_l2: -0.0156
             Episode_Reward/joint_limit: -0.0004
         Episode_Reward/self_collisions: -0.0019
Episode_Reward/action_target_reference_l2: -0.0105
Episode_Reward/action_target_soft_limit_barrier: -0.0000
                   Episode_Reward/alive: 0.0487
 Episode_Reward/non_timeout_termination: -9.9107
Episode_Reward/worst_ee_z_normalized_squared: -0.0226
Episode_Reward/right_wrist_prethreshold_barrier: -0.0081
        Metrics/motion/error_anchor_pos: 0.0649
        Metrics/motion/error_anchor_rot: 0.1764
    Metrics/motion/error_anchor_lin_vel: 0.5107
    Metrics/motion/error_anchor_ang_vel: 1.1437
          Metrics/motion/error_body_pos: 0.3319
          Metrics/motion/error_body_rot: 0.3840
         Metrics/motion/error_joint_pos: 0.6366
         Metrics/motion/error_joint_vel: 6.7006
        Metrics/motion/sampling_entropy: 1.0000
      Metrics/motion/sampling_top1_prob: 0.0084
       Metrics/motion/sampling_top1_bin: 0.5000
      Metrics/motion/error_body_lin_vel: 0.5628
      Metrics/motion/error_body_ang_vel: 1.8499
           Episode_Termination/time_out: 0.0000
         Episode_Termination/anchor_pos: 0.0000
         Episode_Termination/anchor_ori: 0.0000
        Episode_Termination/ee_body_pos: 0.0000
Episode_Termination/corpus_clip_time_out: 0.0625
Episode_Termination/stage_one_actuation_guard: 6.6875
--------------------------------------------------------------------------------
                         Iteration time: 2.07s
                           Time elapsed: 00:02:56
                                    ETA: 00:00:33

################################################################################
[1m                           Learning iteration 84/100                            [0m 

                               Run name: true23_h10
                            Total steps: 43520 
                       Steps per second: 263 
                        Collection time: 1.591s 
                          Learning time: 0.354s 
                        Mean value loss: 2408.9344
                    Mean surrogate loss: -0.0633
                      Mean entropy loss: -20.3239
                            Mean reward: -99.65
                    Mean episode length: 5.00
                        Mean action std: 0.10
  Episode_Reward/motion_global_root_pos: 0.0046
  Episode_Reward/motion_global_root_ori: 0.0040
         Episode_Reward/motion_body_pos: 0.0095
         Episode_Reward/motion_body_ori: 0.0068
     Episode_Reward/motion_body_lin_vel: 0.0073
     Episode_Reward/motion_body_ang_vel: 0.0059
          Episode_Reward/action_rate_l2: -0.0144
             Episode_Reward/joint_limit: -0.0004
         Episode_Reward/self_collisions: -0.0012
Episode_Reward/action_target_reference_l2: -0.0070
Episode_Reward/action_target_soft_limit_barrier: -0.0000
                   Episode_Reward/alive: 0.0395
 Episode_Reward/non_timeout_termination: -10.0000
Episode_Reward/worst_ee_z_normalized_squared: -0.0086
Episode_Reward/right_wrist_prethreshold_barrier: 0.0000
        Metrics/motion/error_anchor_pos: 0.0638
        Metrics/motion/error_anchor_rot: 0.1695
    Metrics/motion/error_anchor_lin_vel: 0.4867
    Metrics/motion/error_anchor_ang_vel: 1.0904
          Metrics/motion/error_body_pos: 0.1917
          Metrics/motion/error_body_rot: 0.3688
         Metrics/motion/error_joint_pos: 0.6089
         Metrics/motion/error_joint_vel: 6.3988
        Metrics/motion/sampling_entropy: 1.0000
      Metrics/motion/sampling_top1_prob: 0.0084
       Metrics/motion/sampling_top1_bin: 0.5000
      Metrics/motion/error_body_lin_vel: 0.5209
      Metrics/motion/error_body_ang_vel: 1.6806
           Episode_Termination/time_out: 0.0000
         Episode_Termination/anchor_pos: 0.0000
         Episode_Termination/anchor_ori: 0.0000
        Episode_Termination/ee_body_pos: 0.0000
Episode_Termination/corpus_clip_time_out: 0.0000
Episode_Termination/stage_one_actuation_guard: 5.1250
--------------------------------------------------------------------------------
                         Iteration time: 1.95s
                           Time elapsed: 00:02:58
                                    ETA: 00:00:31

################################################################################
[1m                           Learning iteration 85/100                            [0m 

                               Run name: true23_h10
                            Total steps: 44032 
                       Steps per second: 242 
                        Collection time: 1.740s 
                          Learning time: 0.373s 
                        Mean value loss: 2887.3803
                    Mean surrogate loss: -0.0493
                      Mean entropy loss: -20.3239
                            Mean reward: -95.50
                    Mean episode length: 5.59
                        Mean action std: 0.10
  Episode_Reward/motion_global_root_pos: 0.0050
  Episode_Reward/motion_global_root_ori: 0.0043
         Episode_Reward/motion_body_pos: 0.0102
         Episode_Reward/motion_body_ori: 0.0072
     Episode_Reward/motion_body_lin_vel: 0.0075
     Episode_Reward/motion_body_ang_vel: 0.0062
          Episode_Reward/action_rate_l2: -0.0162
             Episode_Reward/joint_limit: -0.0002
         Episode_Reward/self_collisions: -0.0008
Episode_Reward/action_target_reference_l2: -0.0077
Episode_Reward/action_target_soft_limit_barrier: -0.0000
                   Episode_Reward/alive: 0.0436
 Episode_Reward/non_timeout_termination: -9.6094
Episode_Reward/worst_ee_z_normalized_squared: -0.0105
Episode_Reward/right_wrist_prethreshold_barrier: -0.0000
        Metrics/motion/error_anchor_pos: 0.0574
        Metrics/motion/error_anchor_rot: 0.1715
    Metrics/motion/error_anchor_lin_vel: 0.5109
    Metrics/motion/error_anchor_ang_vel: 1.1707
          Metrics/motion/error_body_pos: 0.2940
          Metrics/motion/error_body_rot: 0.3540
         Metrics/motion/error_joint_pos: 0.6267
         Metrics/motion/error_joint_vel: 7.1629
        Metrics/motion/sampling_entropy: 1.0000
      Metrics/motion/sampling_top1_prob: 0.0084
       Metrics/motion/sampling_top1_bin: 0.5000
      Metrics/motion/error_body_lin_vel: 0.5667
      Metrics/motion/error_body_ang_vel: 1.9333
           Episode_Termination/time_out: 0.0000
         Episode_Termination/anchor_pos: 0.0000
         Episode_Termination/anchor_ori: 0.0000
        Episode_Termination/ee_body_pos: 0.0625
Episode_Termination/corpus_clip_time_out: 0.2500
Episode_Termination/stage_one_actuation_guard: 5.8125
--------------------------------------------------------------------------------
                         Iteration time: 2.11s
                           Time elapsed: 00:03:00
                                    ETA: 00:00:29

################################################################################
[1m                           Learning iteration 86/100                            [0m 

                               Run name: true23_h10
                            Total steps: 44544 
                       Steps per second: 257 
                        Collection time: 1.607s 
                          Learning time: 0.383s 
                        Mean value loss: 2349.5292
                    Mean surrogate loss: -0.0526
                      Mean entropy loss: -20.3239
                            Mean reward: -96.51
                    Mean episode length: 5.48
                        Mean action std: 0.10
  Episode_Reward/motion_global_root_pos: 0.0049
  Episode_Reward/motion_global_root_ori: 0.0040
         Episode_Reward/motion_body_pos: 0.0099
         Episode_Reward/motion_body_ori: 0.0069
     Episode_Reward/motion_body_lin_vel: 0.0078
     Episode_Reward/motion_body_ang_vel: 0.0062
          Episode_Reward/action_rate_l2: -0.0150
             Episode_Reward/joint_limit: -0.0002
         Episode_Reward/self_collisions: -0.0033
Episode_Reward/action_target_reference_l2: -0.0083
Episode_Reward/action_target_soft_limit_barrier: -0.0001
                   Episode_Reward/alive: 0.0423
 Episode_Reward/non_timeout_termination: -9.5312
Episode_Reward/worst_ee_z_normalized_squared: -0.0116
Episode_Reward/right_wrist_prethreshold_barrier: 0.0000
        Metrics/motion/error_anchor_pos: 0.0551
        Metrics/motion/error_anchor_rot: 0.1647
    Metrics/motion/error_anchor_lin_vel: 0.4619
    Metrics/motion/error_anchor_ang_vel: 1.0703
          Metrics/motion/error_body_pos: 0.3561
          Metrics/motion/error_body_rot: 0.3312
         Metrics/motion/error_joint_pos: 0.6350
         Metrics/motion/error_joint_vel: 6.4995
        Metrics/motion/sampling_entropy: 1.0000
      Metrics/motion/sampling_top1_prob: 0.0084
       Metrics/motion/sampling_top1_bin: 0.5000
      Metrics/motion/error_body_lin_vel: 0.5111
      Metrics/motion/error_body_ang_vel: 1.7559
           Episode_Termination/time_out: 0.0000
         Episode_Termination/anchor_pos: 0.0000
         Episode_Termination/anchor_ori: 0.0000
        Episode_Termination/ee_body_pos: 0.0000
Episode_Termination/corpus_clip_time_out: 0.1250
Episode_Termination/stage_one_actuation_guard: 4.5625
--------------------------------------------------------------------------------
                         Iteration time: 1.99s
                           Time elapsed: 00:03:02
                                    ETA: 00:00:27

################################################################################
[1m                           Learning iteration 87/100                            [0m 

                               Run name: true23_h10
                            Total steps: 45056 
                       Steps per second: 261 
                        Collection time: 1.592s 
                          Learning time: 0.369s 
                        Mean value loss: 3105.0909
                    Mean surrogate loss: -0.0531
                      Mean entropy loss: -20.3239
                            Mean reward: -99.51
                    Mean episode length: 5.42
                        Mean action std: 0.10
  Episode_Reward/motion_global_root_pos: 0.0051
  Episode_Reward/motion_global_root_ori: 0.0043
         Episode_Reward/motion_body_pos: 0.0106
         Episode_Reward/motion_body_ori: 0.0070
     Episode_Reward/motion_body_lin_vel: 0.0084
     Episode_Reward/motion_body_ang_vel: 0.0069
          Episode_Reward/action_rate_l2: -0.0157
             Episode_Reward/joint_limit: -0.0003
         Episode_Reward/self_collisions: -0.0015
Episode_Reward/action_target_reference_l2: -0.0100
Episode_Reward/action_target_soft_limit_barrier: -0.0000
                   Episode_Reward/alive: 0.0456
 Episode_Reward/non_timeout_termination: -10.0000
Episode_Reward/worst_ee_z_normalized_squared: -0.0131
Episode_Reward/right_wrist_prethreshold_barrier: 0.0000
        Metrics/motion/error_anchor_pos: 0.0570
        Metrics/motion/error_anchor_rot: 0.1695
    Metrics/motion/error_anchor_lin_vel: 0.4473
    Metrics/motion/error_anchor_ang_vel: 1.1421
          Metrics/motion/error_body_pos: 0.2898
          Metrics/motion/error_body_rot: 0.3509
         Metrics/motion/error_joint_pos: 0.6197
         Metrics/motion/error_joint_vel: 6.9128
        Metrics/motion/sampling_entropy: 1.0000
      Metrics/motion/sampling_top1_prob: 0.0084
       Metrics/motion/sampling_top1_bin: 0.5000
      Metrics/motion/error_body_lin_vel: 0.5044
      Metrics/motion/error_body_ang_vel: 1.8240
           Episode_Termination/time_out: 0.0000
         Episode_Termination/anchor_pos: 0.0000
         Episode_Termination/anchor_ori: 0.0000
        Episode_Termination/ee_body_pos: 0.0625
Episode_Termination/corpus_clip_time_out: 0.0000
Episode_Termination/stage_one_actuation_guard: 7.0000
--------------------------------------------------------------------------------
                         Iteration time: 1.96s
                           Time elapsed: 00:03:04
                                    ETA: 00:00:25

################################################################################
[1m                           Learning iteration 88/100                            [0m 

                               Run name: true23_h10
                            Total steps: 45568 
                       Steps per second: 260 
                        Collection time: 1.591s 
                          Learning time: 0.377s 
                        Mean value loss: 2618.0858
                    Mean surrogate loss: -0.0514
                      Mean entropy loss: -20.3239
                            Mean reward: -98.50
                    Mean episode length: 5.66
                        Mean action std: 0.10
  Episode_Reward/motion_global_root_pos: 0.0054
  Episode_Reward/motion_global_root_ori: 0.0047
         Episode_Reward/motion_body_pos: 0.0111
         Episode_Reward/motion_body_ori: 0.0072
     Episode_Reward/motion_body_lin_vel: 0.0087
     Episode_Reward/motion_body_ang_vel: 0.0072
          Episode_Reward/action_rate_l2: -0.0158
             Episode_Reward/joint_limit: -0.0001
         Episode_Reward/self_collisions: -0.0014
Episode_Reward/action_target_reference_l2: -0.0124
Episode_Reward/action_target_soft_limit_barrier: -0.0000
                   Episode_Reward/alive: 0.0490
 Episode_Reward/non_timeout_termination: -9.9219
Episode_Reward/worst_ee_z_normalized_squared: -0.0115
Episode_Reward/right_wrist_prethreshold_barrier: 0.0000
        Metrics/motion/error_anchor_pos: 0.0613
        Metrics/motion/error_anchor_rot: 0.1596
    Metrics/motion/error_anchor_lin_vel: 0.5227
    Metrics/motion/error_anchor_ang_vel: 1.1958
          Metrics/motion/error_body_pos: 0.3821
          Metrics/motion/error_body_rot: 0.4001
         Metrics/motion/error_joint_pos: 0.6943
         Metrics/motion/error_joint_vel: 6.9186
        Metrics/motion/sampling_entropy: 1.0000
      Metrics/motion/sampling_top1_prob: 0.0084
       Metrics/motion/sampling_top1_bin: 0.5000
      Metrics/motion/error_body_lin_vel: 0.5637
      Metrics/motion/error_body_ang_vel: 1.8722
           Episode_Termination/time_out: 0.0000
         Episode_Termination/anchor_pos: 0.0000
         Episode_Termination/anchor_ori: 0.0000
        Episode_Termination/ee_body_pos: 0.0000
Episode_Termination/corpus_clip_time_out: 0.0625
Episode_Termination/stage_one_actuation_guard: 5.4375
--------------------------------------------------------------------------------
                         Iteration time: 1.97s
                           Time elapsed: 00:03:06
                                    ETA: 00:00:23

################################################################################
[1m                           Learning iteration 89/100                            [0m 

                               Run name: true23_h10
                            Total steps: 46080 
                       Steps per second: 235 
                        Collection time: 1.791s 
                          Learning time: 0.381s 
                        Mean value loss: 2591.2906
                    Mean surrogate loss: -0.0504
                      Mean entropy loss: -20.3239
                            Mean reward: -98.69
                    Mean episode length: 4.36
                        Mean action std: 0.10
  Episode_Reward/motion_global_root_pos: 0.0045
  Episode_Reward/motion_global_root_ori: 0.0039
         Episode_Reward/motion_body_pos: 0.0091
         Episode_Reward/motion_body_ori: 0.0064
     Episode_Reward/motion_body_lin_vel: 0.0067
     Episode_Reward/motion_body_ang_vel: 0.0054
          Episode_Reward/action_rate_l2: -0.0172
             Episode_Reward/joint_limit: -0.0005
         Episode_Reward/self_collisions: -0.0022
Episode_Reward/action_target_reference_l2: -0.0069
Episode_Reward/action_target_soft_limit_barrier: -0.0000
                   Episode_Reward/alive: 0.0381
 Episode_Reward/non_timeout_termination: -9.6094
Episode_Reward/worst_ee_z_normalized_squared: -0.0120
Episode_Reward/right_wrist_prethreshold_barrier: 0.0000
        Metrics/motion/error_anchor_pos: 0.0568
        Metrics/motion/error_anchor_rot: 0.1592
    Metrics/motion/error_anchor_lin_vel: 0.4678
    Metrics/motion/error_anchor_ang_vel: 1.2831
          Metrics/motion/error_body_pos: 0.3710
          Metrics/motion/error_body_rot: 0.4210
         Metrics/motion/error_joint_pos: 0.5755
         Metrics/motion/error_joint_vel: 7.0106
        Metrics/motion/sampling_entropy: 1.0000
      Metrics/motion/sampling_top1_prob: 0.0084
       Metrics/motion/sampling_top1_bin: 0.5000
      Metrics/motion/error_body_lin_vel: 0.5405
      Metrics/motion/error_body_ang_vel: 1.9075
           Episode_Termination/time_out: 0.0000
         Episode_Termination/anchor_pos: 0.0000
         Episode_Termination/anchor_ori: 0.0000
        Episode_Termination/ee_body_pos: 0.0000
Episode_Termination/corpus_clip_time_out: 0.1250
Episode_Termination/stage_one_actuation_guard: 6.6250
--------------------------------------------------------------------------------
                         Iteration time: 2.17s
                           Time elapsed: 00:03:08
                                    ETA: 00:00:20

################################################################################
[1m                           Learning iteration 90/100                            [0m 

                               Run name: true23_h10
                            Total steps: 46592 
                       Steps per second: 262 
                        Collection time: 1.597s 
                          Learning time: 0.350s 
                        Mean value loss: 2939.1174
                    Mean surrogate loss: -0.0670
                      Mean entropy loss: -20.3239
                            Mean reward: -96.57
                    Mean episode length: 5.23
                        Mean action std: 0.10
  Episode_Reward/motion_global_root_pos: 0.0053
  Episode_Reward/motion_global_root_ori: 0.0047
         Episode_Reward/motion_body_pos: 0.0108
         Episode_Reward/motion_body_ori: 0.0074
     Episode_Reward/motion_body_lin_vel: 0.0082
     Episode_Reward/motion_body_ang_vel: 0.0069
          Episode_Reward/action_rate_l2: -0.0159
             Episode_Reward/joint_limit: -0.0003
         Episode_Reward/self_collisions: -0.0005
Episode_Reward/action_target_reference_l2: -0.0091
Episode_Reward/action_target_soft_limit_barrier: -0.0000
                   Episode_Reward/alive: 0.0473
 Episode_Reward/non_timeout_termination: -9.7483
Episode_Reward/worst_ee_z_normalized_squared: -0.0152
Episode_Reward/right_wrist_prethreshold_barrier: 0.0000
        Metrics/motion/error_anchor_pos: 0.0643
        Metrics/motion/error_anchor_rot: 0.1582
    Metrics/motion/error_anchor_lin_vel: 0.4920
    Metrics/motion/error_anchor_ang_vel: 1.1609
          Metrics/motion/error_body_pos: 0.3712
          Metrics/motion/error_body_rot: 0.4040
         Metrics/motion/error_joint_pos: 0.6848
         Metrics/motion/error_joint_vel: 6.5850
        Metrics/motion/sampling_entropy: 1.0000
      Metrics/motion/sampling_top1_prob: 0.0084
       Metrics/motion/sampling_top1_bin: 0.5000
      Metrics/motion/error_body_lin_vel: 0.5376
      Metrics/motion/error_body_ang_vel: 1.7392
           Episode_Termination/time_out: 0.0000
         Episode_Termination/anchor_pos: 0.0000
         Episode_Termination/anchor_ori: 0.0000
        Episode_Termination/ee_body_pos: 0.0000
Episode_Termination/corpus_clip_time_out: 0.1875
Episode_Termination/stage_one_actuation_guard: 6.7500
--------------------------------------------------------------------------------
                         Iteration time: 1.95s
                           Time elapsed: 00:03:10
                                    ETA: 00:00:18

################################################################################
[1m                           Learning iteration 91/100                            [0m 

                               Run name: true23_h10
                            Total steps: 47104 
                       Steps per second: 257 
                        Collection time: 1.639s 
                          Learning time: 0.351s 
                        Mean value loss: 3066.8988
                    Mean surrogate loss: -0.0583
                      Mean entropy loss: -20.3239
                            Mean reward: -99.65
                    Mean episode length: 4.45
                        Mean action std: 0.10
  Episode_Reward/motion_global_root_pos: 0.0045
  Episode_Reward/motion_global_root_ori: 0.0039
         Episode_Reward/motion_body_pos: 0.0090
         Episode_Reward/motion_body_ori: 0.0066
     Episode_Reward/motion_body_lin_vel: 0.0065
     Episode_Reward/motion_body_ang_vel: 0.0052
          Episode_Reward/action_rate_l2: -0.0157
             Episode_Reward/joint_limit: -0.0016
         Episode_Reward/self_collisions: -0.0043
Episode_Reward/action_target_reference_l2: -0.0064
Episode_Reward/action_target_soft_limit_barrier: -0.0000
                   Episode_Reward/alive: 0.0375
 Episode_Reward/non_timeout_termination: -10.0000
Episode_Reward/worst_ee_z_normalized_squared: -0.0139
Episode_Reward/right_wrist_prethreshold_barrier: 0.0000
        Metrics/motion/error_anchor_pos: 0.0527
        Metrics/motion/error_anchor_rot: 0.1561
    Metrics/motion/error_anchor_lin_vel: 0.4874
    Metrics/motion/error_anchor_ang_vel: 1.1741
          Metrics/motion/error_body_pos: 0.3511
          Metrics/motion/error_body_rot: 0.3413
         Metrics/motion/error_joint_pos: 0.6069
         Metrics/motion/error_joint_vel: 7.0825
        Metrics/motion/sampling_entropy: 1.0000
      Metrics/motion/sampling_top1_prob: 0.0084
       Metrics/motion/sampling_top1_bin: 0.5000
      Metrics/motion/error_body_lin_vel: 0.5593
      Metrics/motion/error_body_ang_vel: 1.8999
           Episode_Termination/time_out: 0.0000
         Episode_Termination/anchor_pos: 0.0000
         Episode_Termination/anchor_ori: 0.0000
        Episode_Termination/ee_body_pos: 0.0000
Episode_Termination/corpus_clip_time_out: 0.0000
Episode_Termination/stage_one_actuation_guard: 6.9375
--------------------------------------------------------------------------------
                         Iteration time: 1.99s
                           Time elapsed: 00:03:12
                                    ETA: 00:00:16

################################################################################
[1m                           Learning iteration 92/100                            [0m 

                               Run name: true23_h10
                            Total steps: 47616 
                       Steps per second: 102 
                        Collection time: 4.612s 
                          Learning time: 0.371s 
                        Mean value loss: 2548.0784
                    Mean surrogate loss: -0.0545
                      Mean entropy loss: -20.3239
                            Mean reward: -99.63
                    Mean episode length: 4.37
                        Mean action std: 0.10
  Episode_Reward/motion_global_root_pos: 0.0042
  Episode_Reward/motion_global_root_ori: 0.0038
         Episode_Reward/motion_body_pos: 0.0087
         Episode_Reward/motion_body_ori: 0.0064
     Episode_Reward/motion_body_lin_vel: 0.0064
     Episode_Reward/motion_body_ang_vel: 0.0052
          Episode_Reward/action_rate_l2: -0.0153
             Episode_Reward/joint_limit: -0.0006
         Episode_Reward/self_collisions: -0.0002
Episode_Reward/action_target_reference_l2: -0.0063
Episode_Reward/action_target_soft_limit_barrier: -0.0000
                   Episode_Reward/alive: 0.0350
 Episode_Reward/non_timeout_termination: -10.0000
Episode_Reward/worst_ee_z_normalized_squared: -0.0083
Episode_Reward/right_wrist_prethreshold_barrier: 0.0000
        Metrics/motion/error_anchor_pos: 0.0618
        Metrics/motion/error_anchor_rot: 0.1577
    Metrics/motion/error_anchor_lin_vel: 0.4671
    Metrics/motion/error_anchor_ang_vel: 1.0795
          Metrics/motion/error_body_pos: 0.3198
          Metrics/motion/error_body_rot: 0.4074
         Metrics/motion/error_joint_pos: 0.6141
         Metrics/motion/error_joint_vel: 6.5188
        Metrics/motion/sampling_entropy: 1.0000
      Metrics/motion/sampling_top1_prob: 0.0084
       Metrics/motion/sampling_top1_bin: 0.5000
      Metrics/motion/error_body_lin_vel: 0.5266
      Metrics/motion/error_body_ang_vel: 1.7250
           Episode_Termination/time_out: 0.0000
         Episode_Termination/anchor_pos: 0.0000
         Episode_Termination/anchor_ori: 0.0000
        Episode_Termination/ee_body_pos: 0.0000
Episode_Termination/corpus_clip_time_out: 0.0000
Episode_Termination/stage_one_actuation_guard: 6.0625
--------------------------------------------------------------------------------
                         Iteration time: 4.98s
                           Time elapsed: 00:03:17
                                    ETA: 00:00:14

################################################################################
[1m                           Learning iteration 93/100                            [0m 

                               Run name: true23_h10
                            Total steps: 48128 
                       Steps per second: 260 
                        Collection time: 1.595s 
                          Learning time: 0.371s 
                        Mean value loss: 2443.9279
                    Mean surrogate loss: -0.0562
                      Mean entropy loss: -20.3239
                            Mean reward: -99.59
                    Mean episode length: 5.19
                        Mean action std: 0.10
  Episode_Reward/motion_global_root_pos: 0.0045
  Episode_Reward/motion_global_root_ori: 0.0039
         Episode_Reward/motion_body_pos: 0.0091
         Episode_Reward/motion_body_ori: 0.0065
     Episode_Reward/motion_body_lin_vel: 0.0064
     Episode_Reward/motion_body_ang_vel: 0.0053
          Episode_Reward/action_rate_l2: -0.0173
             Episode_Reward/joint_limit: -0.0005
         Episode_Reward/self_collisions: -0.0003
Episode_Reward/action_target_reference_l2: -0.0070
Episode_Reward/action_target_soft_limit_barrier: -0.0000
                   Episode_Reward/alive: 0.0377
 Episode_Reward/non_timeout_termination: -10.0000
Episode_Reward/worst_ee_z_normalized_squared: -0.0115
Episode_Reward/right_wrist_prethreshold_barrier: -0.0000
        Metrics/motion/error_anchor_pos: 0.0612
        Metrics/motion/error_anchor_rot: 0.1662
    Metrics/motion/error_anchor_lin_vel: 0.5109
    Metrics/motion/error_anchor_ang_vel: 1.3786
          Metrics/motion/error_body_pos: 0.4578
          Metrics/motion/error_body_rot: 0.3454
         Metrics/motion/error_joint_pos: 0.6098
         Metrics/motion/error_joint_vel: 7.4922
        Metrics/motion/sampling_entropy: 1.0000
      Metrics/motion/sampling_top1_prob: 0.0084
       Metrics/motion/sampling_top1_bin: 0.5000
      Metrics/motion/error_body_lin_vel: 0.5904
      Metrics/motion/error_body_ang_vel: 2.0666
           Episode_Termination/time_out: 0.0000
         Episode_Termination/anchor_pos: 0.0000
         Episode_Termination/anchor_ori: 0.0000
        Episode_Termination/ee_body_pos: 0.0000
Episode_Termination/corpus_clip_time_out: 0.0000
Episode_Termination/stage_one_actuation_guard: 5.9375
--------------------------------------------------------------------------------
                         Iteration time: 1.97s
                           Time elapsed: 00:03:19
                                    ETA: 00:00:12

################################################################################
[1m                           Learning iteration 94/100                            [0m 

                               Run name: true23_h10
                            Total steps: 48640 
                       Steps per second: 249 
                        Collection time: 1.679s 
                          Learning time: 0.370s 
                        Mean value loss: 2644.7597
                    Mean surrogate loss: -0.0497
                      Mean entropy loss: -20.3239
                            Mean reward: -97.56
                    Mean episode length: 6.15
                        Mean action std: 0.10
  Episode_Reward/motion_global_root_pos: 0.0063
  Episode_Reward/motion_global_root_ori: 0.0055
         Episode_Reward/motion_body_pos: 0.0131
         Episode_Reward/motion_body_ori: 0.0087
     Episode_Reward/motion_body_lin_vel: 0.0095
     Episode_Reward/motion_body_ang_vel: 0.0081
          Episode_Reward/action_rate_l2: -0.0164
             Episode_Reward/joint_limit: -0.0001
         Episode_Reward/self_collisions: -0.0058
Episode_Reward/action_target_reference_l2: -0.0128
Episode_Reward/action_target_soft_limit_barrier: -0.0000
                   Episode_Reward/alive: 0.0605
 Episode_Reward/non_timeout_termination: -9.8177
Episode_Reward/worst_ee_z_normalized_squared: -0.0259
Episode_Reward/right_wrist_prethreshold_barrier: -0.0000
        Metrics/motion/error_anchor_pos: 0.0773
        Metrics/motion/error_anchor_rot: 0.1757
    Metrics/motion/error_anchor_lin_vel: 0.5441
    Metrics/motion/error_anchor_ang_vel: 1.4409
          Metrics/motion/error_body_pos: 0.3069
          Metrics/motion/error_body_rot: 0.3612
         Metrics/motion/error_joint_pos: 0.8163
         Metrics/motion/error_joint_vel: 7.9910
        Metrics/motion/sampling_entropy: 1.0000
      Metrics/motion/sampling_top1_prob: 0.0084
       Metrics/motion/sampling_top1_bin: 0.5000
      Metrics/motion/error_body_lin_vel: 0.6196
      Metrics/motion/error_body_ang_vel: 2.1515
           Episode_Termination/time_out: 0.0000
         Episode_Termination/anchor_pos: 0.0000
         Episode_Termination/anchor_ori: 0.0000
        Episode_Termination/ee_body_pos: 0.0625
Episode_Termination/corpus_clip_time_out: 0.1250
Episode_Termination/stage_one_actuation_guard: 5.3125
--------------------------------------------------------------------------------
                         Iteration time: 2.05s
                           Time elapsed: 00:03:21
                                    ETA: 00:00:10

################################################################################
[1m                           Learning iteration 95/100                            [0m 

                               Run name: true23_h10
                            Total steps: 49152 
                       Steps per second: 250 
                        Collection time: 1.658s 
                          Learning time: 0.385s 
                        Mean value loss: 2692.2315
                    Mean surrogate loss: -0.0557
                      Mean entropy loss: -20.3239
                            Mean reward: -99.60
                    Mean episode length: 5.05
                        Mean action std: 0.10
  Episode_Reward/motion_global_root_pos: 0.0045
  Episode_Reward/motion_global_root_ori: 0.0039
         Episode_Reward/motion_body_pos: 0.0092
         Episode_Reward/motion_body_ori: 0.0068
     Episode_Reward/motion_body_lin_vel: 0.0070
     Episode_Reward/motion_body_ang_vel: 0.0056
          Episode_Reward/action_rate_l2: -0.0162
             Episode_Reward/joint_limit: -0.0008
         Episode_Reward/self_collisions: -0.0012
Episode_Reward/action_target_reference_l2: -0.0065
Episode_Reward/action_target_soft_limit_barrier: -0.0000
                   Episode_Reward/alive: 0.0381
 Episode_Reward/non_timeout_termination: -10.0000
Episode_Reward/worst_ee_z_normalized_squared: -0.0110
Episode_Reward/right_wrist_prethreshold_barrier: -0.0007
        Metrics/motion/error_anchor_pos: 0.0537
        Metrics/motion/error_anchor_rot: 0.1654
    Metrics/motion/error_anchor_lin_vel: 0.4699
    Metrics/motion/error_anchor_ang_vel: 1.1009
          Metrics/motion/error_body_pos: 0.2539
          Metrics/motion/error_body_rot: 0.3852
         Metrics/motion/error_joint_pos: 0.5767
         Metrics/motion/error_joint_vel: 6.7067
        Metrics/motion/sampling_entropy: 1.0000
      Metrics/motion/sampling_top1_prob: 0.0084
       Metrics/motion/sampling_top1_bin: 0.5000
      Metrics/motion/error_body_lin_vel: 0.5144
      Metrics/motion/error_body_ang_vel: 1.8279
           Episode_Termination/time_out: 0.0000
         Episode_Termination/anchor_pos: 0.0000
         Episode_Termination/anchor_ori: 0.0000
        Episode_Termination/ee_body_pos: 0.0000
Episode_Termination/corpus_clip_time_out: 0.0000
Episode_Termination/stage_one_actuation_guard: 6.1250
--------------------------------------------------------------------------------
                         Iteration time: 2.04s
                           Time elapsed: 00:03:23
                                    ETA: 00:00:08

################################################################################
[1m                           Learning iteration 96/100                            [0m 

                               Run name: true23_h10
                            Total steps: 49664 
                       Steps per second: 234 
                        Collection time: 1.761s 
                          Learning time: 0.420s 
                        Mean value loss: 2669.9521
                    Mean surrogate loss: -0.0505
                      Mean entropy loss: -20.3239
                            Mean reward: -99.59
                    Mean episode length: 5.35
                        Mean action std: 0.10
  Episode_Reward/motion_global_root_pos: 0.0049
  Episode_Reward/motion_global_root_ori: 0.0042
         Episode_Reward/motion_body_pos: 0.0101
         Episode_Reward/motion_body_ori: 0.0071
     Episode_Reward/motion_body_lin_vel: 0.0077
     Episode_Reward/motion_body_ang_vel: 0.0062
          Episode_Reward/action_rate_l2: -0.0165
             Episode_Reward/joint_limit: -0.0002
         Episode_Reward/self_collisions: -0.0046
Episode_Reward/action_target_reference_l2: -0.0086
Episode_Reward/action_target_soft_limit_barrier: -0.0001
                   Episode_Reward/alive: 0.0437
 Episode_Reward/non_timeout_termination: -10.0000
Episode_Reward/worst_ee_z_normalized_squared: -0.0166
Episode_Reward/right_wrist_prethreshold_barrier: -0.0001
        Metrics/motion/error_anchor_pos: 0.0640
        Metrics/motion/error_anchor_rot: 0.1840
    Metrics/motion/error_anchor_lin_vel: 0.4915
    Metrics/motion/error_anchor_ang_vel: 1.2633
          Metrics/motion/error_body_pos: 0.5010
          Metrics/motion/error_body_rot: 0.4149
         Metrics/motion/error_joint_pos: 0.6337
         Metrics/motion/error_joint_vel: 6.7905
        Metrics/motion/sampling_entropy: 1.0000
      Metrics/motion/sampling_top1_prob: 0.0084
       Metrics/motion/sampling_top1_bin: 0.5000
      Metrics/motion/error_body_lin_vel: 0.5347
      Metrics/motion/error_body_ang_vel: 1.8852
           Episode_Termination/time_out: 0.0000
         Episode_Termination/anchor_pos: 0.0000
         Episode_Termination/anchor_ori: 0.0000
        Episode_Termination/ee_body_pos: 0.0625
Episode_Termination/corpus_clip_time_out: 0.0625
Episode_Termination/stage_one_actuation_guard: 6.1250
--------------------------------------------------------------------------------
                         Iteration time: 2.18s
                           Time elapsed: 00:03:25
                                    ETA: 00:00:06

################################################################################
[1m                           Learning iteration 97/100                            [0m 

                               Run name: true23_h10
                            Total steps: 50176 
                       Steps per second: 239 
                        Collection time: 1.757s 
                          Learning time: 0.383s 
                        Mean value loss: 2465.5695
                    Mean surrogate loss: -0.0523
                      Mean entropy loss: -20.3239
                            Mean reward: -98.54
                    Mean episode length: 5.27
                        Mean action std: 0.10
  Episode_Reward/motion_global_root_pos: 0.0049
  Episode_Reward/motion_global_root_ori: 0.0043
         Episode_Reward/motion_body_pos: 0.0100
         Episode_Reward/motion_body_ori: 0.0071
     Episode_Reward/motion_body_lin_vel: 0.0075
     Episode_Reward/motion_body_ang_vel: 0.0060
          Episode_Reward/action_rate_l2: -0.0171
             Episode_Reward/joint_limit: -0.0007
         Episode_Reward/self_collisions: 0.0000
Episode_Reward/action_target_reference_l2: -0.0081
Episode_Reward/action_target_soft_limit_barrier: -0.0001
                   Episode_Reward/alive: 0.0421
 Episode_Reward/non_timeout_termination: -9.8750
Episode_Reward/worst_ee_z_normalized_squared: -0.0110
Episode_Reward/right_wrist_prethreshold_barrier: 0.0000
        Metrics/motion/error_anchor_pos: 0.0614
        Metrics/motion/error_anchor_rot: 0.1670
    Metrics/motion/error_anchor_lin_vel: 0.4476
    Metrics/motion/error_anchor_ang_vel: 1.1934
          Metrics/motion/error_body_pos: 0.3136
          Metrics/motion/error_body_rot: 0.4082
         Metrics/motion/error_joint_pos: 0.6391
         Metrics/motion/error_joint_vel: 6.8093
        Metrics/motion/sampling_entropy: 1.0000
      Metrics/motion/sampling_top1_prob: 0.0084
       Metrics/motion/sampling_top1_bin: 0.5000
      Metrics/motion/error_body_lin_vel: 0.5169
      Metrics/motion/error_body_ang_vel: 1.8820
           Episode_Termination/time_out: 0.0000
         Episode_Termination/anchor_pos: 0.0000
         Episode_Termination/anchor_ori: 0.0000
        Episode_Termination/ee_body_pos: 0.0000
Episode_Termination/corpus_clip_time_out: 0.0625
Episode_Termination/stage_one_actuation_guard: 5.5000
--------------------------------------------------------------------------------
                         Iteration time: 2.14s
                           Time elapsed: 00:03:27
                                    ETA: 00:00:04

################################################################################
[1m                           Learning iteration 98/100                            [0m 

                               Run name: true23_h10
                            Total steps: 50688 
                       Steps per second: 253 
                        Collection time: 1.655s 
                          Learning time: 0.367s 
                        Mean value loss: 2554.0039
                    Mean surrogate loss: -0.0551
                      Mean entropy loss: -20.3239
                            Mean reward: -97.56
                    Mean episode length: 5.44
                        Mean action std: 0.10
  Episode_Reward/motion_global_root_pos: 0.0050
  Episode_Reward/motion_global_root_ori: 0.0043
         Episode_Reward/motion_body_pos: 0.0103
         Episode_Reward/motion_body_ori: 0.0071
     Episode_Reward/motion_body_lin_vel: 0.0078
     Episode_Reward/motion_body_ang_vel: 0.0062
          Episode_Reward/action_rate_l2: -0.0161
             Episode_Reward/joint_limit: -0.0001
         Episode_Reward/self_collisions: -0.0006
Episode_Reward/action_target_reference_l2: -0.0091
Episode_Reward/action_target_soft_limit_barrier: -0.0000
                   Episode_Reward/alive: 0.0442
 Episode_Reward/non_timeout_termination: -9.9479
Episode_Reward/worst_ee_z_normalized_squared: -0.0146
Episode_Reward/right_wrist_prethreshold_barrier: 0.0000
        Metrics/motion/error_anchor_pos: 0.0591
        Metrics/motion/error_anchor_rot: 0.1595
    Metrics/motion/error_anchor_lin_vel: 0.4605
    Metrics/motion/error_anchor_ang_vel: 1.2127
          Metrics/motion/error_body_pos: 0.2040
          Metrics/motion/error_body_rot: 0.3623
         Metrics/motion/error_joint_pos: 0.6548
         Metrics/motion/error_joint_vel: 6.9502
        Metrics/motion/sampling_entropy: 1.0000
      Metrics/motion/sampling_top1_prob: 0.0084
       Metrics/motion/sampling_top1_bin: 0.5000
      Metrics/motion/error_body_lin_vel: 0.5263
      Metrics/motion/error_body_ang_vel: 1.8142
           Episode_Termination/time_out: 0.0000
         Episode_Termination/anchor_pos: 0.0000
         Episode_Termination/anchor_ori: 0.0000
        Episode_Termination/ee_body_pos: 0.0000
Episode_Termination/corpus_clip_time_out: 0.1250
Episode_Termination/stage_one_actuation_guard: 5.9375
--------------------------------------------------------------------------------
                         Iteration time: 2.02s
                           Time elapsed: 00:03:29
                                    ETA: 00:00:02

################################################################################
[1m                           Learning iteration 99/100                            [0m 

                               Run name: true23_h10
                            Total steps: 51200 
                       Steps per second: 240 
                        Collection time: 1.782s 
                          Learning time: 0.349s 
                        Mean value loss: 2592.5947
                    Mean surrogate loss: -0.0487
                      Mean entropy loss: -20.3239
                            Mean reward: -96.55
                    Mean episode length: 5.24
                        Mean action std: 0.10
  Episode_Reward/motion_global_root_pos: 0.0050
  Episode_Reward/motion_global_root_ori: 0.0042
         Episode_Reward/motion_body_pos: 0.0101
         Episode_Reward/motion_body_ori: 0.0070
     Episode_Reward/motion_body_lin_vel: 0.0077
     Episode_Reward/motion_body_ang_vel: 0.0062
          Episode_Reward/action_rate_l2: -0.0167
             Episode_Reward/joint_limit: -0.0002
         Episode_Reward/self_collisions: -0.0036
Episode_Reward/action_target_reference_l2: -0.0077
Episode_Reward/action_target_soft_limit_barrier: -0.0001
                   Episode_Reward/alive: 0.0427
 Episode_Reward/non_timeout_termination: -9.7173
Episode_Reward/worst_ee_z_normalized_squared: -0.0106
Episode_Reward/right_wrist_prethreshold_barrier: 0.0000
        Metrics/motion/error_anchor_pos: 0.0571
        Metrics/motion/error_anchor_rot: 0.1605
    Metrics/motion/error_anchor_lin_vel: 0.4816
    Metrics/motion/error_anchor_ang_vel: 1.2826
          Metrics/motion/error_body_pos: 0.4809
          Metrics/motion/error_body_rot: 0.3956
         Metrics/motion/error_joint_pos: 0.6044
         Metrics/motion/error_joint_vel: 7.1283
        Metrics/motion/sampling_entropy: 1.0000
      Metrics/motion/sampling_top1_prob: 0.0084
       Metrics/motion/sampling_top1_bin: 0.5000
      Metrics/motion/error_body_lin_vel: 0.5313
      Metrics/motion/error_body_ang_vel: 1.9125
           Episode_Termination/time_out: 0.0000
         Episode_Termination/anchor_pos: 0.0000
         Episode_Termination/anchor_ori: 0.0000
        Episode_Termination/ee_body_pos: 0.0000
Episode_Termination/corpus_clip_time_out: 0.1875
Episode_Termination/stage_one_actuation_guard: 6.1250
--------------------------------------------------------------------------------
                         Iteration time: 2.13s
                           Time elapsed: 00:03:32
                                    ETA: 00:00:00

/mnt/z/codex/GR00T-WholeBodyControl-sonic-transfer-23dof/artifacts/g1_true23_frozen_lora/v14_native_ieee_20260906_v1/train100
