candidate_id,target_rad,delay_substeps,passed,minimum_position_margin_rad,minimum_reserve_margin_rad,minimum_velocity_margin_rad_s,maximum_applied_effort_ratio,saturated_substeps,first_failure_substep,first_failure,limiting_joint,runtime_fixed_candidate_preview_passed
0,-2.2515,0,False,-0.0020110438472862313,-0.002111043847286231,14.520572358699571,0.2808479549454567,0,16,"native_joint_bound,preview_reserve",right_shoulder_roll_joint,False
0,-2.2515,1,False,-0.0015259445161706076,-0.0016259445161706076,14.641241515162687,0.28069168191706967,0,16,"native_joint_bound,preview_reserve",right_shoulder_roll_joint,False
0,-2.2515,2,False,-0.0010400312804175194,-0.0011400312804175194,14.763554569673115,0.28056693092591534,0,16,"native_joint_bound,preview_reserve",right_shoulder_roll_joint,False
0,-2.2515,3,False,-0.0005551536234409404,-0.0006551536234409405,14.886465949990903,0.2804735052953073,0,16,"native_joint_bound,preview_reserve",right_shoulder_roll_joint,False
0,-2.2515,4,False,-7.420523562062797e-05,-0.00017420523562062797,15.00916008770254,0.2804136959667017,0,16,"native_joint_bound,preview_reserve",right_shoulder_roll_joint,False
0,-2.2515,5,True,0.00039979935717182613,0.00029979935717182614,15.130999900545072,0.28038801508751054,0,,,,False
0,-2.2515,6,True,0.0008643573510465075,0.0007643573510465074,15.25148773966864,0.2803872224646944,0,,,,False
1,-2.251499891281128,0,False,-0.0020110325570517062,-0.002111032557051706,14.520572359512336,0.2808479564625043,0,16,"native_joint_bound,preview_reserve",right_shoulder_roll_joint,False
1,-2.251499891281128,1,False,-0.0015259342893565453,-0.0016259342893565453,14.641241515982719,0.28069168335731026,0,16,"native_joint_bound,preview_reserve",right_shoulder_roll_joint,False
1,-2.251499891281128,2,False,-0.0010400221063600057,-0.0011400221063600057,14.763554570498359,0.28056693234628977,0,16,"native_joint_bound,preview_reserve",right_shoulder_roll_joint,False
1,-2.251499891281128,3,False,-0.0005551454567527259,-0.0006551454567527259,14.88646595082033,0.28047350665928433,0,16,"native_joint_bound,preview_reserve",right_shoulder_roll_joint,False
1,-2.251499891281128,4,False,-7.419804500718996e-05,-0.00017419804500718995,15.009160088535193,0.2804136972917901,0,16,"native_joint_bound,preview_reserve",right_shoulder_roll_joint,False
1,-2.251499891281128,5,True,0.00039980562068375747,0.0002998056206837575,15.130999901380047,0.2803880163209579,0,,,,False
1,-2.251499891281128,6,True,0.0008643627300291001,0.0007643627300291001,15.251487740505112,0.2803872236042561,0,,,,False
2,-2.236501171875,0,False,-0.0004520685554960657,-0.0005520685554960658,14.520684532760576,0.28105377146518296,0,16,"native_joint_bound,preview_reserve",right_shoulder_roll_joint,False
2,-2.236501171875,1,False,-0.0001163011441023265,-0.0002163011441023265,14.64135469136884,0.28089435226751,0,16,"native_joint_bound,preview_reserve",right_shoulder_roll_joint,False
2,-2.236501171875,2,True,0.00022574173532285968,0.0001257417353228597,14.763668464274652,0.2807627224342289,0,,,,False
2,-2.236501171875,3,True,0.0005715441327112103,0.0004715441327112103,14.886580421702805,0.28066177315142354,0,,,,False
2,-2.236501171875,4,True,0.0009182773321976256,0.0008182773321976256,15.009275004162802,0.2805949802603908,0,,,,False
2,-2.236501171875,5,True,0.001264225070116698,0.0011642250701166979,15.131115138092623,0.2805563111719969,0,,,,False
2,-2.236501171875,6,True,0.0016064453655637578,0.0015064453655637578,15.251603183004573,0.2805444837672771,0,,,,False
3,-2.2295234203338623,0,True,0.0002726956774097289,0.0001726956774097289,14.520736748814773,0.28115118792916993,0,,,,True
3,-2.2295234203338623,1,True,0.0005394638910796168,0.0004394638910796168,14.641407373476206,0.2809889079850525,0,,,,True
3,-2.2295234203338623,2,True,0.0008146385397580502,0.0007146385397580502,14.763721480533214,0.28085396328183415,0,,,,True
3,-2.2295234203338623,3,True,0.0010954654399442099,0.0009954654399442098,14.886633706367503,0.28075045928463993,0,,,,True
3,-2.2295234203338623,4,True,0.0013799692789406848,0.0012799692789406847,15.009328495640432,0.2806798635001401,0,,,,True
3,-2.2295234203338623,5,True,0.001666478019104467,0.001566478019104467,15.131168778838632,0.2806341298145597,0,,,,True
3,-2.2295234203338623,6,True,0.0019516827663239589,0.0018516827663239588,15.251656919365406,0.28061767734125354,0,,,,True
4,-2.22150234375,0,True,0.001105811407264401,0.001005811407264401,14.520796833919075,0.2812633914493286,0,,,,True
4,-2.22150234375,1,True,0.0012933225942415305,0.0011933225942415305,14.641467956471612,0.2810976188408276,0,,,,True
4,-2.22150234375,2,True,0.0014916060920926455,0.0013916060920926455,14.76378244759518,0.28095890697561343,0,,,,True
4,-2.22150234375,3,True,0.0016979307778357544,0.0015979307778357544,14.88669498190771,0.2808518259240064,0,,,,True
4,-2.22150234375,4,True,0.001910743004828408,0.001810743004828408,15.009390008843809,0.2807767497310304,0,,,,True
4,-2.22150234375,5,True,0.0021290042787809327,0.002029004278780933,15.131230463544677,0.2807236169405868,0,,,,True
4,-2.22150234375,6,True,0.002348543288114069,0.002248543288114069,15.251718713887076,0.2807018403996946,0,,,,True
5,-2.206503515625,0,True,0.00266389827818303,0.00256389827818303,14.520909321613228,0.2814730722285098,0,,,,True
5,-2.206503515625,1,True,0.002703300395350716,0.0026033003953507164,14.641581310482046,0.2813005461760752,0,,,,True
5,-2.206503515625,2,True,0.0027571247682112165,0.0026571247682112167,14.763896519645822,0.28115684732022944,0,,,,True
5,-2.206503515625,3,True,0.0028242836920551184,0.0027242836920551186,14.886809630616824,0.2810431709417697,0,,,,True
5,-2.206503515625,4,True,0.0029037261132467407,0.002803726113246741,15.009505101756876,0.28095574232409015,0,,,,True
5,-2.206503515625,5,True,0.0029939091037678445,0.0028939091037678446,15.131345876912599,0.2808910457411585,0,,,,True
5,-2.206503515625,6,True,0.003090651124194821,0.002990651124194821,15.251834332327583,0.2808592922127363,0,,,,True
6,-2.1915046875,0,True,0.004222306760212735,0.004122306760212735,14.521021898560251,0.28168263048104636,0,,,,True
6,-2.1915046875,1,True,0.004112817370319988,0.0040128173703199875,14.641694753411207,0.28150554260743066,0,,,,True
6,-2.1915046875,2,True,0.00402285681653014,0.00392285681653014,14.764010680437728,0.2813549534878515,0,,,,True
6,-2.1915046875,3,True,0.003950747443560054,0.0038507474435600544,14.886924367841388,0.28123464595711795,0,,,,True
6,-2.1915046875,4,True,0.003897252063067125,0.003797252063067125,15.009620282913279,0.28113241200162326,0,,,,True
6,-2.1915046875,5,True,0.003858832780170296,0.003758832780170296,15.131461378207753,0.2810585974802778,0,,,,True
6,-2.1915046875,6,True,0.0038327688844823626,0.003732768884482363,15.251950038337537,0.28101683914306846,0,,,,True
7,-2.176591942848796,0,True,0.00577139790004777,0.00567139790004777,14.52113391594768,0.2818928119473233,0,,,,True
7,-2.176591942848796,1,True,0.0055145701735095365,0.005414570173509536,14.641807633417695,0.2817091633307301,0,,,,True
7,-2.176591942848796,2,True,0.005280840336184589,0.005180840336184589,14.764124274011035,0.2815550243142379,0,,,,True
7,-2.176591942848796,3,True,0.005071394014541042,0.004971394014541042,14.887038534315199,0.281422153103284,0,,,,True
7,-2.176591942848796,4,True,0.004885249935171032,0.004785249935171032,15.009734890501393,0.28130822020334606,0,,,,True
7,-2.176591942848796,5,True,0.004718811062493167,0.0046188110624931665,15.131576303783891,0.2812253093715264,0,,,,True
7,-2.176591942848796,6,True,0.004570637223290319,0.004470637223290319,15.2520651670989,0.28117357609453336,0,,,,True
8,-2.176505859375,0,True,0.00578033482537732,0.00568033482537732,14.521134562817972,0.2818940433826469,0,,,,True
8,-2.176505859375,1,True,0.005522657889887039,0.005422657889887039,14.641808285270146,0.2817103545311639,0,,,,True
8,-2.176505859375,2,True,0.005288101364846032,0.0051881013648460315,14.764124929982028,0.2815561847244411,0,,,,True
8,-2.176505859375,3,True,0.005077866296471445,0.004977866296471445,14.887039193592596,0.2814232164959215,0,,,,True
8,-2.176505859375,4,True,0.004890953219414129,0.004790953219414129,15.009735552324322,0.2813092354932649,0,,,,True
8,-2.176505859375,5,True,0.004723775321411772,0.0046237753214117714,15.131576967441498,0.2812262720644121,0,,,,True
8,-2.176505859375,6,True,0.004574896579749854,0.004474896579749854,15.252065831928366,0.28117448112761734,0,,,,True
9,-2.16150703125,0,True,0.007338729937893085,0.0072387299378930845,14.521247315610323,0.2821052144773145,0,,,,True
9,-2.16150703125,1,True,0.006931879607291247,0.006831879607291247,14.641921906069905,0.28191821312916754,0,,,,True
9,-2.16150703125,2,True,0.006553660097921465,0.006453660097921465,14.764239268289849,0.28175692273834185,0,,,,True
9,-2.16150703125,3,True,0.006205755456824225,0.006105755456824224,14.887154107881667,0.281608592004932,0,,,,True
9,-2.16150703125,4,True,0.00588468552132726,0.0057846855213272595,15.009850910001294,0.2814862126645082,0,,,,True
9,-2.16150703125,5,True,0.0055887367373479435,0.005488736737347943,15.131692644625204,0.2813940693378574,0,,,,True
9,-2.16150703125,6,True,0.005317034220848615,0.005217034220848615,15.252181713111497,0.2813322181032556,0,,,,True
10,-2.1465082031250002,0,True,0.008896372882662984,0.008796372882662985,14.521360157481528,0.2823196078563061,0,,,,True
10,-2.1465082031250002,1,True,0.008340555900407942,0.008240555900407943,14.642035615821547,0.2821300409114545,0,,,,True
10,-2.1465082031250002,2,True,0.007820266956017896,0.007720266956017896,14.764353695372336,0.28195334856655985,0,,,,True
10,-2.1465082031250002,3,True,0.007333795486855532,0.007233795486855532,14.887269110719807,0.2817941550678429,0,,,,True
10,-2.1465082031250002,4,True,0.006878448984004137,0.006778448984004137,15.009966355955466,0.28166334338065974,0,,,,True
10,-2.1465082031250002,5,True,0.006453717031027928,0.006353717031027928,15.13180840977022,0.281561989028339,0,,,,True
10,-2.1465082031250002,6,True,0.006059181818702797,0.0059591818187027966,15.252297681898359,0.28149005000678745,0,,,,True
11,-2.1315093750000003,0,True,0.010452971568188474,0.010352971568188474,14.521473088442539,0.28253981130025535,0,,,,True
11,-2.1315093750000003,1,True,0.009750311593079264,0.009650311593079264,14.64214941453611,0.2823385572466127,0,,,,True
11,-2.1315093750000003,2,True,0.009087736656197443,0.008987736656197443,14.76446821124061,0.2821468729623845,0,,,,True
11,-2.1315093750000003,3,True,0.008461882702222034,0.008361882702222035,14.887384202118234,0.28197990549801677,0,,,,True
11,-2.1315093750000003,4,True,0.007872243622836006,0.007772243622836006,15.010081890198142,0.281840627506828,0,,,,True
11,-2.1315093750000003,5,True,0.007318716215500842,0.007218716215500842,15.13192426288791,0.2817300310295319,0,,,,True
11,-2.1315093750000003,6,True,0.006801339384317373,0.006701339384317373,15.252413738300381,0.2816479767749708,0,,,,True
12,-2.1165105468750003,0,True,0.01201032885011788,0.01191032885011788,14.521586108504323,0.28275893839608557,0,,,,True
12,-2.1165105468750003,1,True,0.01116168335093759,0.01106168335093759,14.642263302224638,0.2825407215135821,0,,,,True
12,-2.1165105468750003,2,True,0.010355273628790851,0.010255273628790851,14.764582815905802,0.2823406213196773,0,,,,True
12,-2.1165105468750003,3,True,0.009590017117803384,0.009490017117803385,14.88749938208814,0.28216584310849246,0,,,,True
12,-2.1165105468750003,4,True,0.008866069445028657,0.008766069445028658,15.01019751274059,0.2820180647672771,0,,,,True
12,-2.1165105468750003,5,True,0.008183734304596069,0.00808373430459607,15.132040203989638,0.2818981952460196,0,,,,True
12,-2.1165105468750003,6,True,0.0075435069287750345,0.007443506928775034,15.252529882328982,0.2818059983444898,0,,,,True
13,-2.10151171875,0,True,0.013569521868309398,0.013469521868309398,14.521699217677838,0.2829718524529974,0,,,,True
13,-2.10151171875,1,True,0.012573443744473778,0.012473443744473778,14.642377278898168,0.28274192424395206,0,,,,True
13,-2.10151171875,2,True,0.011622877884369665,0.011522877884369665,14.764697509379028,0.28253459338711184,0,,,,True
13,-2.10151171875,3,True,0.010718198748763008,0.010618198748763009,14.88761465064075,0.28235196771199733,0,,,,True
13,-2.10151171875,4,True,0.00985992645245215,0.00975992645245215,15.01031322359409,0.282195654793295,0,,,,True
13,-2.10151171875,5,True,0.009048771312271775,0.008948771312271776,15.132156233086734,0.2820664815822697,0,,,,True
13,-2.10151171875,6,True,0.008285684463233522,0.008185684463233523,15.252646113995596,0.281964114651984,0,,,,True
14,-2.086512890625,0,True,0.015129963782354316,0.015029963782354317,14.521812415974019,0.28318003251794915,0,,,,True
14,-2.086512890625,1,True,0.013985295800909014,0.013885295800909015,14.642491344567745,0.2829433896898203,0,,,,True
14,-2.086512890625,2,True,0.012890549433907328,0.012790549433907328,14.764812291671415,0.28272878891286546,0,,,,True
14,-2.086512890625,3,True,0.011846427598268594,0.011746427598268595,14.887730007787244,0.28253827891499506,0,,,,True
14,-2.086512890625,4,True,0.010853814660733097,0.010753814660733097,15.01042902276994,0.2823733974439157,0,,,,True
14,-2.086512890625,5,True,0.009913827252612695,0.009813827252612695,15.132272350190568,0.28223488994265267,0,,,,True
14,-2.086512890625,6,True,0.009027871998929182,0.008927871998929183,15.252762433311629,0.28212232563402395,0,,,,True
15,-2.0715140625,0,True,0.016690526191238675,0.016590526191238675,14.521925703403843,0.28338851647580265,0,,,,True
15,-2.0715140625,1,True,0.015397239521296235,0.015297239521296236,14.642605499244407,0.28314511752100724,0,,,,True
15,-2.0715140625,2,True,0.014158288284387144,0.014058288284387144,14.764927162794088,0.2829232075709919,0,,,,True
15,-2.0715140625,3,True,0.012974703662858023,0.012874703662858023,14.887845453538832,0.28272477620794745,0,,,,True
15,-2.0715140625,4,True,0.011847734085904449,0.01174773408590445,15.010544910279393,0.28255129258140643,0,,,,True
15,-2.0715140625,5,True,0.010778902139830127,0.010678902139830127,15.132388555312493,0.28240342023141835,0,,,,True
15,-2.0715140625,6,True,0.009770069547179183,0.009670069547179184,15.252878840288506,0.2822806312271188,0,,,,True
16,-2.056515234375,0,True,0.01825120907801958,0.018151209078019582,14.522039079978239,0.2835973039026842,0,,,,True
16,-2.056515234375,1,True,0.016809274902726656,0.016709274902726657,14.642719742939185,0.28334710733100776,0,,,,True
16,-2.056515234375,2,True,0.015426094415877944,0.015326094415877945,14.76504212275815,0.28311784857787564,0,,,,True
16,-2.056515234375,3,True,0.014103026958143694,0.014003026958143695,14.887960987906713,0.2829114593961491,0,,,,True
16,-2.056515234375,4,True,0.012841684744195447,0.012741684744195448,15.01066088613374,0.2827293400678496,0,,,,True
16,-2.056515234375,5,True,0.011643995988263267,0.011543995988263268,15.132504848463832,0.2825720723526992,0,,,,True
16,-2.056515234375,6,True,0.010512277119372193,0.010412277119372194,15.252995334937655,0.2824390313677253,0,,,,True
17,-2.04151640625,0,True,0.019812012413358726,0.019712012413358727,14.522152545708156,0.28380639415453507,0,,,,True
17,-2.04151640625,1,True,0.01822140190698418,0.01812140190698418,14.642834075663117,0.28354935811335286,0,,,,True
17,-2.04151640625,2,True,0.01669396783407251,0.01659396783407251,14.765157171574726,0.2833127115720258,0,,,,True
17,-2.04151640625,3,True,0.01523139750024649,0.015131397500246491,14.888076610902086,0.2830983282882685,0,,,,True
17,-2.04151640625,4,True,0.013835666652032952,0.013735666652032952,15.010776950344242,0.282907539765123,0,,,,True
17,-2.04151640625,5,True,0.012509108812378322,0.012409108812378323,15.132621229655964,0.2827408462105408,0,,,,True
17,-2.04151640625,6,True,0.0112544947269817,0.011154494726981701,15.253111917270475,0.28259752599223603,0,,,,True
18,-2.026517578125,0,True,0.0213729361320798,0.0212729361320798,14.522266100604554,0.2840157859763213,0,,,,True
18,-2.026517578125,1,True,0.019633620526957163,0.019533620526957163,14.64294849742722,0.2837518693722077,0,,,,True
18,-2.026517578125,2,True,0.017961908551309413,0.017861908551309414,14.765272309254936,0.2835077962960228,0,,,,True
18,-2.026517578125,3,True,0.01635981530557995,0.01625981530557995,14.888192322536135,0.2832853826926405,0,,,,True
18,-2.026517578125,4,True,0.014829679826040998,0.014729679826040998,15.01089310292218,0.28308589153492153,0,,,,True
18,-2.026517578125,5,True,0.013374240626772504,0.013274240626772505,15.132737698900215,0.2829097417088513,0,,,,True
18,-2.026517578125,6,True,0.011996722381556246,0.011896722381556247,15.253228587298391,0.28275611503698134,0,,,,True
19,-2.01151875,0,True,0.022933980214268956,0.022833980214268957,14.522379744678354,0.28422547885602434,0,,,,True
19,-2.01151875,1,True,0.021045930765581033,0.020945930765581034,14.643063008242539,0.2839546407698753,0,,,,True
19,-2.01151875,2,True,0.019229916580342454,0.019129916580342455,14.765387535809879,0.2837031024919161,0,,,,True
19,-2.01151875,3,True,0.01748828039084982,0.01738828039084982,14.888308122820057,0.2834726224172814,0,,,,True
19,-2.01151875,4,True,0.01582372428304213,0.01572372428304213,15.011009343878818,0.2832643952387386,0,,,,True
19,-2.01151875,5,True,0.01423939144617048,0.01413939144617048,15.132854256207931,0.2830787587514354,0,,,,True
19,-2.01151875,6,True,0.012738960094722085,0.012638960094722086,15.253345345032816,0.2829147984382395,0,,,,True
20,-1.996519921875,0,True,0.0244951446455004,0.0243951446455004,14.522493477940504,0.284435472359869,0,,,,True
20,-1.996519921875,1,True,0.022458332626363653,0.022358332626363654,14.643177608120077,0.2841576719678656,0,,,,True
20,-1.996519921875,2,True,0.020497991934342874,0.020397991934342875,14.765502851250671,0.2838986299012501,0,,,,True
20,-1.996519921875,3,True,0.018616792773056723,0.018516792773056723,14.88842401176504,0.28366004726988453,0,,,,True
20,-1.996519921875,4,True,0.01681780004006095,0.01671780004006095,15.011125673225425,0.28344305073787257,0,,,,True
20,-1.996519921875,5,True,0.0151045612854257,0.0150045612854257,15.132970901590449,0.28324789724199206,0,,,,True
20,-1.996519921875,6,True,0.013481207878186297,0.013381207878186297,15.25346219048516,0.2830735761322165,0,,,,True
21,-1.98152109375,0,True,0.026056429412100623,0.025956429412100624,14.522607300401937,0.2846457660529152,0,,,,True
21,-1.98152109375,1,True,0.023870826113379984,0.023770826113379984,14.643292297070875,0.2843609626268883,0,,,,True
21,-1.98152109375,2,True,0.021766134626894917,0.021666134626894918,14.76561825558841,0.28409437826504325,0,,,,True
21,-1.98152109375,3,True,0.01974535246949216,0.019645352469492162,14.888539989382277,0.2838476570578055,0,,,,True
21,-1.98152109375,4,True,0.017811907114323233,0.017711907114323234,15.011242090973262,0.28362185789342353,0,,,,True
21,-1.98152109375,5,True,0.015969750159522178,0.01586975015952218,15.133087635059116,0.28341715708409776,0,,,,True
21,-1.98152109375,6,True,0.014223465743736785,0.014123465743736786,15.25357912366682,0.28323244805506315,0,,,,True
22,-1.966522265625,0,True,0.027617834501152405,0.027517834501152406,14.522721212073595,0.2848563594990258,0,,,,True
22,-1.966522265625,1,True,0.025283411231269426,0.025183411231269427,14.643407075105952,0.28456451240686714,0,,,,True
22,-1.966522265625,2,True,0.023034344672000273,0.022934344672000274,14.765733748834215,0.2842903473237963,0,,,,True
22,-1.966522265625,3,True,0.02087395949775006,0.02077395949775006,14.888656055682944,0.2840354515880873,0,,,,True
22,-1.966522265625,4,True,0.01880604552325149,0.018706045523251492,15.011358597133597,0.28380081656629336,0,,,,True
22,-1.966522265625,5,True,0.016834958083572715,0.016734958083572716,15.133204456625261,0.2835865381812227,0,,,,True
22,-1.966522265625,6,True,0.014965733703232509,0.01486573370323251,15.25369614458922,0.2833914141428767,0,,,,True
23,-1.9515234375000001,0,True,0.029179359900495694,0.029079359900495694,14.522835212966397,0.28506725226089297,0,,,,True
23,-1.9515234375000001,1,True,0.02669608798525358,0.02659608798525358,14.643521942236324,0.2847683209669101,0,,,,True
23,-1.9515234375000001,2,True,0.02430262208408518,0.02420262208408518,14.765849330999181,0.2844865368174915,0,,,,True
23,-1.9515234375000001,3,True,0.022002613875718335,0.021902613875718336,14.88877221067823,0.28422343066743483,0,,,,True
23,-1.9515234375000001,4,True,0.019800215284472067,0.019700215284472068,15.011475191717686,0.2839799266171941,0,,,,True
23,-1.9515234375000001,5,True,0.01770018507282023,0.01760018507282023,15.133321366300223,0.2837560404367204,0,,,,True
23,-1.9515234375000001,6,True,0.01570801176861991,0.015608011768619912,15.25381325326376,0.28355047433168473,0,,,,True
24,-1.9365246093750001,0,True,0.03074100559874271,0.03064100559874271,14.522949303091288,0.285278443900013,0,,,,True
24,-1.9365246093750001,1,True,0.028108856381130032,0.028008856381130032,14.643636898473,0.28497238796534347,0,,,,True
24,-1.9365246093750001,2,True,0.025570966877996426,0.025470966877996427,14.765965002094399,0.28468294648558606,0,,,,True
24,-1.9365246093750001,3,True,0.023131315621583326,0.023031315621583327,14.888888454379313,0.2844115941022323,0,,,,True
24,-1.9365246093750001,4,True,0.02079441641581603,0.02069441641581603,15.011591874736787,0.28415918790662675,0,,,,True
24,-1.9365246093750001,5,True,0.01856543114263909,0.01846543114263909,15.13343836409533,0.2839256637538332,0,,,,True
24,-1.9365246093750001,6,True,0.016450299951921377,0.016350299951921377,15.253930449701828,0.2837096285574466,0,,,,True
25,-1.9215257812500002,0,True,0.03230277158527395,0.032202771585273945,14.523063482459182,0.28548993397669803,0,,,,True
25,-1.9215257812500002,1,True,0.02952171642527679,0.02942171642527679,14.643751943826992,0.28517671305968423,0,,,,True
25,-1.9215257812500002,2,True,0.02683937906900935,0.02673937906900935,14.76608076213098,0.2848795760670084,0,,,,True
25,-1.9215257812500002,3,True,0.024260064753831134,0.024160064753831135,14.88900478679738,0.28459994169852554,0,,,,True
25,-1.9215257812500002,4,True,0.021788648935313848,0.02168864893531385,15.011708646202166,0.2843386002949043,0,,,,True
25,-1.9215257812500002,5,True,0.019430696308534667,0.019330696308534668,15.133555450021923,0.28409540803569094,0,,,,True
25,-1.9215257812500002,6,True,0.01719259826523789,0.01709259826523789,15.254047733914849,0.28386887675608374,0,,,,True
26,-1.906526953125,0,True,0.03386465785025017,0.033764657850250165,14.523177751081011,0.2857017220500706,0,,,,True
26,-1.906526953125,1,True,0.030934668124656284,0.030834668124656284,14.64386707830933,0.28538129590664035,0,,,,True
26,-1.906526953125,2,True,0.028107858672821617,0.028007858672821618,14.766196611120012,0.2850764253001716,0,,,,True
26,-1.906526953125,3,True,0.025388861291252507,0.025288861291252508,14.8891212079436,0.2847884732620356,0,,,,True
26,-1.906526953125,4,True,0.022782912861201154,0.022682912861201155,15.01182550612507,0.2845181636421449,0,,,,True
26,-1.906526953125,5,True,0.020295980586141127,0.020195980586141127,15.133672624091318,0.28426527318529904,0,,,,True
26,-1.906526953125,6,True,0.017934906720749932,0.017834906720749933,15.254165105914222,0.2840282188634394,0,,,,True
27,-1.891528125,0,True,0.03542666438402131,0.03532666438402131,14.523292108967691,0.2859138076627656,0,,,,True
27,-1.891528125,1,True,0.03234771148682647,0.032247711486826466,14.643982301931006,0.2855861361621102,0,,,,True
27,-1.891528125,2,True,0.029376405705567432,0.029276405705567433,14.766312549072588,0.28527349392294815,0,,,,True
27,-1.891528125,3,True,0.026517705252938395,0.026417705252938396,14.889237717829143,0.2849771885981475,0,,,,True
27,-1.891528125,4,True,0.0237772082119192,0.0236772082119192,15.011942454516753,0.2846978778082509,0,,,,True
27,-1.891528125,5,True,0.0211612839912263,0.0210612839912263,15.133789886314858,0.28443525910556944,0,,,,True
27,-1.891528125,6,True,0.018677225330722358,0.01857722533072236,15.254282565711321,0.28418765481529445,0,,,,True
28,-1.876529296875,0,True,0.03698879113812659,0.036888791138126584,14.523406556130144,0.28612618934884637,0,,,,True
28,-1.876529296875,1,True,0.03376084650299038,0.03366084650299038,14.644097614703032,0.28579123304930604,0,,,,True
28,-1.876529296875,2,True,0.030645020180778193,0.030545020180778194,14.766428575999804,0.28547078159536704,0,,,,True
28,-1.876529296875,3,True,0.02764659665828262,0.02754659665828262,14.889354316465194,0.2851660875119201,0,,,,True
28,-1.876529296875,4,True,0.024771535006114842,0.024671535006114843,15.01205949138846,0.2848777426529289,0,,,,True
28,-1.876529296875,5,True,0.022026606539689908,0.02192660653968991,15.133907236703859,0.28460536569928224,0,,,,True
28,-1.876529296875,6,True,0.019419554107493298,0.019319554107493298,15.254400113317564,0.2843471845473721,0,,,,True
29,-1.86153046875,0,True,0.03855103808050586,0.03845103808050586,14.523521092579287,0.28633886604024394,0,,,,True
29,-1.86153046875,1,True,0.03517407314578591,0.03507407314578591,14.64421301663641,0.2859965853031091,0,,,,True
29,-1.86153046875,2,True,0.03191370208338373,0.03181370208338373,14.766544691912749,0.2856682872356976,0,,,,True
29,-1.86153046875,3,True,0.028775535514608652,0.028675535514608653,14.88947100386292,0.28535516949148626,0,,,,True
29,-1.86153046875,4,True,0.025765893262182704,0.025665893262182705,15.012176616751455,0.2850577580241022,0,,,,True
29,-1.86153046875,5,True,0.02289194824756402,0.02279194824756402,15.13402467526964,0.28477559286910414,0,,,,True
29,-1.86153046875,6,True,0.02016189306348659,0.020061893063486592,15.254517748744336,0.28450680799533934,0,,,,True
30,-1.846531640625,0,True,0.04011340520410567,0.040013405204105665,14.523635718326036,0.28655183728421535,0,,,,True
30,-1.846531640625,1,True,0.036587391423068105,0.0364873914230681,14.644328507742143,0.28620219254112644,0,,,,True
30,-1.846531640625,2,True,0.03318245142200604,0.03308245142200604,14.766660896822504,0.28586601035646564,0,,,,True
30,-1.846531640625,3,True,0.029904521820518948,0.02980452182051895,14.889587780033482,0.2855444337943858,0,,,,True
30,-1.846531640625,4,True,0.026760282982522643,0.026660282982522644,15.012293830616972,0.28523792335430354,0,,,,True
30,-1.846531640625,5,True,0.023757309130167492,0.023657309130167493,15.134142202023536,0.2849459404959598,0,,,,True
30,-1.846531640625,6,True,0.020904242211201574,0.020804242211201574,15.254635472003038,0.2846665250947958,0,,,,True
31,-1.8315328125,0,True,0.04167589250267989,0.04157589250267989,14.523750433381302,0.2867651026267955,0,,,,True
31,-1.8315328125,1,True,0.03800080134446748,0.03790080134446748,14.644444088031232,0.2864080544099786,0,,,,True
31,-1.8315328125,2,True,0.03445126821425948,0.034351268214259476,14.766777190740154,0.28606395068839174,0,,,,True
31,-1.8315328125,3,True,0.031033555595762152,0.030933555595762153,14.889704644988054,0.2857338802111546,0,,,,True
31,-1.8315328125,4,True,0.027754704177882505,0.027654704177882506,15.012411132996263,0.28541823828503493,0,,,,True
31,-1.8315328125,5,True,0.024622689190841207,0.024522689190841208,15.134259816976854,0.28734914312921417,0,,,,True
31,-1.8315328125,6,True,0.021646601563195755,0.021546601563195756,15.254753283105053,0.29111706580302443,0,,,,True
32,-1.816533984375,0,True,0.04323849997079332,0.04313849997079332,14.523865237755995,0.286978661612819,0,,,,True
32,-1.816533984375,1,True,0.03941430292021719,0.03931430292021719,14.644559757514672,0.28661417055547384,0,,,,True
32,-1.816533984375,2,True,0.0357201524781976,0.035620152478197595,14.766893573676786,0.28626210796165336,0,,,,True
32,-1.816533984375,3,True,0.03216263686076459,0.03206263686076459,14.889821598737793,0.2878055324275932,0,,,,True
32,-1.816533984375,4,True,0.028749156867589054,0.028649156867589055,15.012528523900567,0.29194913840646314,0,,,,True
32,-1.816533984375,5,True,0.025488088441528056,0.025388088441528057,15.134377520140923,0.2958988471314018,0,,,,True
32,-1.816533984375,6,True,0.022388971125274715,0.022288971125274715,15.254871182061779,0.29966676980521206,0,,,,True
33,-1.80153515625,0,True,0.04480122760383676,0.044701227603836755,14.52398013146102,0.28719251378587735,0,,,,True
33,-1.80153515625,1,True,0.04082789616116944,0.04072789616116944,14.644675516203465,0.2874351238543451,0,,,,True
33,-1.80153515625,2,True,0.03698910423232249,0.03688910423232249,14.767010045643477,0.2920050671672897,0,,,,True
33,-1.80153515625,3,True,0.03329176563625369,0.03319176563625369,14.889938641293867,0.29635523642978073,0,,,,True
33,-1.80153515625,4,True,0.029743641071170224,0.029643641071170224,15.012646003341125,0.3004988424086506,0,,,,True
33,-1.80153515625,5,True,0.026353506898680212,0.026253506898680213,15.134495311527058,0.3044485511335893,0,,,,True
33,-1.80153515625,6,True,0.023131350904807668,0.02303135090480767,15.254989168884599,0.3082164738073995,0,,,,True
34,-1.786536328125,0,True,0.04636407539801768,0.046264075398017676,14.524095114507286,0.291181351969862,0,,,,True
34,-1.786536328125,1,True,0.04224158107878351,0.042141581078783505,14.644791364108595,0.2959848278565326,0,,,,True
34,-1.786536328125,2,True,0.03825812349557722,0.03815812349557722,14.767126606651303,0.30055477116947715,0,,,,True
34,-1.786536328125,3,True,0.03442094194327883,0.034320941943278824,14.890055772667434,0.3049049404319682,0,,,,True
34,-1.786536328125,4,True,0.030738156808368,0.030638156808368,15.012763571329172,0.30904854641083807,0,,,,True
34,-1.786536328125,5,True,0.027218944578892845,0.027118944578892846,15.13461319114656,0.3129982551357768,0,,,,True
34,-1.786536328125,6,True,0.02387374091454708,0.023773740914547082,15.255107243584897,0.3167661778095871,0,,,,True
35,-1.7715375,0,True,0.04792704334737952,0.047827043347379514,14.524210186905687,0.2997310559720496,0,,,,True
35,-1.7715375,1,True,0.043655357685139506,0.043555357685139504,14.644907301241055,0.3045345318587201,0,,,,True
35,-1.7715375,2,True,0.039527210287349845,0.03942721028734984,14.767243256711344,0.3091044751716646,0,,,,True
35,-1.7715375,3,True,0.0355501658031967,0.035450165803196695,14.890172992869656,0.3134546444341557,0,,,,True
35,-1.7715375,4,True,0.03173270409913176,0.031632704099131756,15.012881227875958,0.31759825041302553,0,,,,True
35,-1.7715375,5,True,0.028084401498888134,0.027984401498888135,15.134731159010752,0.32154795913796425,0,,,,True
35,-1.7715375,6,True,0.024616141167325356,0.024516141167325357,15.255225406174056,0.32531588181177457,0,,,,True
36,-1.756538671875,0,True,0.049490131411079386,0.04939013141107938,14.524325348667134,0.30828075997423704,0,,,,True
36,-1.756538671875,1,True,0.045069225989551764,0.04496922598955176,14.645023327611828,0.31308423586090756,0,,,,True
36,-1.756538671875,2,True,0.040796364627482706,0.0406963646274827,14.76735999583467,0.3176541791738521,0,,,,True
36,-1.756538671875,3,True,0.03667943723767619,0.03657943723767619,14.89029030191168,0.3220043484363432,0,,,,True
36,-1.756538671875,4,True,0.03272728296362448,0.03262728296362448,15.012998972992705,0.32614795441521305,0,,,,True
36,-1.756538671875,5,True,0.028949877675525038,0.028849877675525038,15.134849215130942,0.33009766314015176,0,,,,True
36,-1.756538671875,6,True,0.025358551676057495,0.025258551676057495,15.25534365666346,0.33386558581396203,0,,,,True
37,-1.74153984375,0,True,0.05014103839865047,0.05004103839865047,14.524440599802514,0.3168304639764245,0,,,,True
37,-1.74153984375,1,True,0.04648318597169965,0.046383185971699645,14.645139443231908,0.321633939863095,0,,,,True
37,-1.74153984375,2,True,0.04206558653548953,0.04196558653548953,14.76747682403235,0.3262038831760396,0,,,,True
37,-1.74153984375,3,True,0.037808756268703725,0.03770875626870372,14.890407699804667,0.33055405243853064,0,,,,True
37,-1.74153984375,4,True,0.033721893422215654,0.03362189342221565,15.013116806690645,0.33469765841740057,0,,,,True
37,-1.74153984375,5,True,0.029815373125797073,0.029715373125797074,15.134967359518448,0.3386473671423393,0,,,,True
37,-1.74153984375,6,True,0.026100972453738436,0.026000972453738436,15.25546199506449,0.3424152898161495,0,,,,True
38,-1.726541015625,0,True,0.04989854219975376,0.049798542199753756,14.524555940322733,0.32538016797861197,0,,,,True
38,-1.726541015625,1,True,0.04789723763671416,0.04779723763671416,14.645255648112268,0.3301836438652825,0,,,,True
38,-1.726541015625,2,True,0.043334876007023126,0.043234876007023124,14.767593741315462,0.33475358717822706,0,,,,True
38,-1.726541015625,3,True,0.03893812291858145,0.03883812291858145,14.890525186559767,0.3391037564407181,0,,,,True
38,-1.726541015625,4,True,0.03471653549549103,0.03461653549549103,15.013234728981022,0.34324736241958803,0,,,,True
38,-1.726541015625,5,True,0.03068088786683587,0.03058088786683587,15.135085592184561,0.34719707114452675,0,,,,True
38,-1.726541015625,6,True,0.02684340351344572,0.02674340351344572,15.255580421388522,0.350964993818337,0,,,,True
39,-1.7115421875,0,True,0.049655866246872904,0.0495558662468729,14.524671370238671,0.3339298719807995,0,,,,True
39,-1.7115421875,1,True,0.04931138099892074,0.04921138099892074,14.645371942263896,0.33873334786747,0,,,,True
39,-1.7115421875,2,True,0.044604233051070974,0.04450423305107097,14.767710747695059,0.3433032911804145,0,,,,True
39,-1.7115421875,3,True,0.04006753720223388,0.03996753720223388,14.890642762188122,0.3476534604429057,0,,,,True
39,-1.7115421875,4,True,0.0357112092042442,0.035611209204244196,15.01335273987505,0.3517970664217755,0,,,,True
39,-1.7115421875,5,True,0.0315464219159054,0.031446421915905395,15.135203913140593,0.3557467751467142,0,,,,True
39,-1.7115421875,6,True,0.02758584486833726,0.027485844868337262,15.25569893564694,0.3595146978205245,0,,,,True
40,-1.6965433593750001,0,True,0.04941301175418289,0.04931301175418289,14.524786889561227,0.34247957598298695,0,,,,True
40,-1.6965433593750001,1,True,0.05018909662510218,0.05008909662510218,14.645488325697777,0.34728305186965747,0,,,,True
40,-1.6965433593750001,2,True,0.04587365768907459,0.045773657689074584,14.767827843182218,0.351852995182602,0,,,,True
40,-1.6965433593750001,3,True,0.04119699912090491,0.041096999120904906,14.89076042670089,0.35620316444509315,0,,,,True
40,-1.6965433593750001,4,True,0.03670591456948724,0.03660591456948724,15.013470839383967,0.36034677042396296,0,,,,True
40,-1.6965433593750001,5,True,0.03241197529040818,0.032311975290408176,15.135322322397844,0.3642964791489017,0,,,,True
40,-1.6965433593750001,6,True,0.028328296531655806,0.028228296531655806,15.255817537851115,0.36806440182271194,0,,,,True
41,-1.6815445312500001,0,True,0.049169979940166364,0.04906997994016636,14.524902498301284,0.3510292799851744,0,,,,True
41,-1.6815445312500001,1,True,0.04996279262005787,0.04986279262005787,14.645604798424873,0.35583275587184493,0,,,,True
41,-1.6815445312500001,2,True,0.047040207634079234,0.04694020763407923,14.767945027787984,0.36040269918478957,0,,,,True
41,-1.6815445312500001,3,True,0.04232650869639398,0.04222650869639398,14.890878180109205,0.3647528684472806,0,,,,True
41,-1.6815445312500001,4,True,0.037700651605012236,0.037600651605012234,15.013589027518986,0.3688964744261505,0,,,,True
41,-1.6815445312500001,5,True,0.03327754800787863,0.03317754800787863,15.13544081996762,0.3728461831510892,0,,,,True
41,-1.6815445312500001,6,True,0.02907075851672225,0.02897075851672225,15.255936228012416,0.3766141058248994,0,,,,True
42,-1.6665457031250002,0,True,0.048926772024054266,0.04882677202405426,14.525018196469729,0.35957898398736193,0,,,,True
42,-1.6665457031250002,1,True,0.04973634289760387,0.049636342897603866,14.645721360456161,0.3643824598740324,0,,,,True
42,-1.6665457031250002,2,True,0.048112780068250594,0.04801278006825059,14.768062301523434,0.36895240318697703,0,,,,True
42,-1.6665457031250002,3,True,0.0433999047002791,0.0432999047002791,14.890996022424222,0.3733025724494681,0,,,,True
42,-1.6665457031250002,4,True,0.03869542031624196,0.038595420316241955,15.01370730429134,0.377446178428338,0,,,,True
42,-1.6665457031250002,5,True,0.034143140085992396,0.03404314008599239,15.135559405861219,0.3813958871532767,0,,,,True
42,-1.6665457031250002,6,True,0.02981323083694276,0.029713230836942762,15.256055006142219,0.385163809827087,0,,,,True
43,-1.6515468750000002,0,True,0.04868338923429372,0.048583389234293714,14.525133984077442,0.3681286879895494,0,,,,True
43,-1.6515468750000002,1,True,0.04950974839303335,0.049409748393033345,14.645838011802615,0.3729321638762199,0,,,,True
43,-1.6515468750000002,2,True,0.04911050474668022,0.049010504746680214,14.768179664399621,0.3775021071891645,0,,,,True
43,-1.6515468750000002,3,True,0.04439616473400765,0.044296164734007645,14.891113953657072,0.3818522764516556,0,,,,True
43,-1.6515468750000002,4,True,0.039690220724164504,0.0395902207241645,15.013825669712244,0.38599588243052546,0,,,,True
43,-1.6515468750000002,5,True,0.03500875154197525,0.034908751541975244,15.135678080089935,0.3899455911554642,0,,,,True
43,-1.6515468750000002,6,True,0.03055571350580477,0.030455713505804772,15.256173872251896,0.39371351382927444,0,,,,True
44,-1.636548046875,0,True,0.04843983280531239,0.048339832805312385,14.525249861135308,0.3766783919917371,0,,,,True
44,-1.636548046875,1,True,0.04928301004750679,0.04918301004750679,14.645954752475202,0.38148186787840754,0,,,,True
44,-1.636548046875,2,True,0.049983682362754855,0.04988368236275485,14.768297116427593,0.3860518111913521,0,,,,True
44,-1.636548046875,3,True,0.04527553586049393,0.04517553586049393,14.891231973818897,0.3904019804538432,0,,,,True
44,-1.636548046875,4,True,0.0405708174431485,0.040470817443148496,15.013944123792921,0.39454558643271304,0,,,,True
44,-1.636548046875,5,True,0.035874382381365866,0.03577438238136586,15.135796842665059,0.39849529515765175,0,,,,True
44,-1.636548046875,6,True,0.03129820653687787,0.03119820653687787,15.256292826352809,0.402263217831462,0,,,,True
45,-1.62154921875,0,True,0.04819610397653751,0.048096103976537505,14.525365827654198,0.38522809599392455,0,,,,True
45,-1.62154921875,1,True,0.049056128807481336,0.04895612880748133,14.646071582484893,0.39003157188059506,0,,,,True
45,-1.62154921875,2,True,0.04993459207741635,0.04983459207741635,14.768414657618408,0.3946015151935396,0,,,,True
45,-1.62154921875,3,True,0.046121314430173754,0.04602131443017375,14.891350082920827,0.3989516844560307,0,,,,True
45,-1.62154921875,4,True,0.0414228328176276,0.041322832817627594,15.01406266654459,0.4030952904349006,0,,,,True
45,-1.62154921875,5,True,0.03672768259568482,0.036627682595684816,15.135915693597894,0.4070449991598393,0,,,,True
45,-1.62154921875,6,True,0.032040709943816026,0.03194070994381602,15.256411868456327,0.41081292183364954,0,,,,True
46,-1.606550390625,0,True,0.047952203992390974,0.04785220399239097,14.52548188364499,0.393777799996112,0,,,,True
46,-1.606550390625,1,True,0.04882910562292331,0.048729105622923305,14.646188501842651,0.3985812758827825,0,,,,True
46,-1.606550390625,2,True,0.0497244195561759,0.0496244195561759,14.76853228798312,0.40315121919572705,0,,,,True
46,-1.606550390625,3,True,0.046866892993575604,0.0467668929935756,14.891468280974012,0.40750138845821815,0,,,,True
46,-1.606550390625,4,True,0.04216739086357446,0.04206739086357446,15.01418129797845,0.4116449944370881,0,,,,True
46,-1.606550390625,5,True,0.03747121898153827,0.037371218981538265,15.136034632899726,0.4155947031620268,0,,,,True
46,-1.606550390625,6,True,0.03278322374035181,0.032683223740351805,15.256530998573819,0.41936262583583706,0,,,,True
47,-1.5915515625,0,True,0.04770813410226582,0.04760813410226582,14.525598029118559,0.4023275039982995,0,,,,True
47,-1.5915515625,1,True,0.048601941447290464,0.04850194144729046,14.64630551055943,0.40713097988497,0,,,,True
47,-1.5915515625,2,True,0.04951413195695098,0.04941413195695098,14.76865000753277,0.41170092319791457,0,,,,True
47,-1.5915515625,3,True,0.04759381380559535,0.04749381380559535,14.89158656798957,0.4160510924604056,0,,,,True
47,-1.5915515625,4,True,0.04290612348812939,0.042806123488129386,15.014300018105729,0.42019469843927554,0,,,,True
47,-1.5915515625,5,True,0.03821476604109897,0.038114766041098966,15.136153660581842,0.42414440716421425,0,,,,True
47,-1.5915515625,6,True,0.033525747936113515,0.03342574793611351,15.256650216716633,0.4279123298380245,0,,,,True
48,-1.5765527343749999,0,True,0.04746389556051733,0.04736389556051733,14.525714264085774,0.41087720800048705,0,,,,True
48,-1.5765527343749999,1,True,0.04837463723753466,0.048274637237534654,14.646422608646201,0.41568068388715756,0,,,,True
48,-1.5765527343749999,2,True,0.049303729995810563,0.04920372999581056,14.768767816278412,0.4202506272001022,0,,,,True
48,-1.5765527343749999,3,True,0.048223062089656654,0.04812306208965665,14.891704943978633,0.42460079646259324,0,,,,True
48,-1.5765527343749999,4,True,0.043534548462539124,0.04343454846253912,15.014418826937632,0.4287444024414631,0,,,,True
48,-1.5765527343749999,5,True,0.03884391278165067,0.038743912781650666,15.136272776655531,0.43269411116640183,0,,,,True
48,-1.5765527343749999,6,True,0.034156514541308525,0.03405651454130852,15.256769522896139,0.43646203384021215,0,,,,True
49,-1.56155390625,0,True,0.04721948962644085,0.047119489626440844,14.5258305885575,0.41942691200267457,0,,,,True
49,-1.56155390625,1,True,0.048147193954079626,0.04804719395407962,14.64653979611391,0.42423038788934503,0,,,,True
49,-1.56155390625,2,True,0.04909321439120751,0.048993214391207504,14.768885714231079,0.42880033120228966,0,,,,True
49,-1.56155390625,3,True,0.0488523155947167,0.0487523155947167,14.89182340895233,0.4331505004647807,0,,,,True
49,-1.56155390625,4,True,0.0441629783918529,0.0440629783918529,15.014537724485363,0.43729410644365063,0,,,,True
49,-1.56155390625,5,True,0.03947151575719987,0.03937151575719987,15.13639198113208,0.44124381516858935,0,,,,True
49,-1.56155390625,6,True,0.0347832874549896,0.034683287454989595,15.2568889171237,0.4450117378423996,0,,,,True
50,-1.546555078125,0,True,0.046974917564259755,0.04687491756425975,14.525947002544596,0.42797661600486203,0,,,,True
50,-1.546555078125,1,True,0.04791961256082011,0.04781961256082011,14.646657072973522,0.43278009189153255,0,,,,True
50,-1.546555078125,2,True,0.048882585863955885,0.04878258586395588,14.769003701401822,0.43735003520447713,0,,,,True
50,-1.546555078125,3,True,0.04940024068384119,0.04930024068384119,14.891941962921797,0.4417002044669682,0,,,,True
50,-1.546555078125,4,True,0.04472882602285644,0.044628826022856435,15.01465671076014,0.44584381044583815,0,,,,True
50,-1.546555078125,5,True,0.04004930006659313,0.03994930006659313,15.13651127402278,0.44979351917077687,0,,,,True
50,-1.546555078125,6,True,0.03536757768896326,0.035267577688963256,15.257008399410676,0.4535614418445871,0,,,,True
51,-1.53155625,0,True,0.04673018064310508,0.046630180643105076,14.526063506057938,0.43652632000704955,0,,,,True
51,-1.53155625,1,True,0.04769189402510854,0.047591894025108536,14.64677443923598,0.44132979589372007,0,,,,True
51,-1.53155625,2,True,0.04867184513723588,0.04857184513723588,14.769121777801672,0.4458997392066646,0,,,,True
51,-1.53155625,3,True,0.049669718300790144,0.04956971830079014,14.892060605898138,0.4502499084691557,0,,,,True
51,-1.53155625,4,True,0.04524792701533409,0.045147927015334086,15.014775785773157,0.4543935144480256,0,,,,True
51,-1.53155625,5,True,0.040567751915761896,0.04046775191576189,15.136630655338896,0.45834322317296433,0,,,,True
51,-1.53155625,6,True,0.03588537573337991,0.03578537573337991,15.257127969768405,0.4621111458467746,0,,,,True
52,-1.516557421875,0,True,0.046485280137002594,0.04638528013700259,14.526180099108387,0.445076024009237,0,,,,True
52,-1.516557421875,1,True,0.04746403931774479,0.047364039317744785,14.646891894912232,0.44987949989590753,0,,,,True
52,-1.516557421875,2,True,0.048460992936583125,0.04836099293658312,14.769239943441677,0.4544494432088521,0,,,,True
52,-1.516557421875,3,True,0.049475826412974655,0.04937582641297465,14.892179337892486,0.45879961247134315,0,,,,True
52,-1.516557421875,4,True,0.045767029207253174,0.04566702920725317,15.014894949535616,0.4629432184502131,0,,,,True
52,-1.516557421875,5,True,0.04108620477074698,0.04098620477074698,15.13675012509172,0.4668929271751518,0,,,,True
52,-1.516557421875,6,True,0.03640317460078357,0.03630317460078357,15.257247628208251,0.47066084984896206,0,,,,True
53,-1.50155859375,0,True,0.04624021732485284,0.046140217324852836,14.526296781706781,0.4536257280114245,0,,,,True
53,-1.50155859375,1,True,0.04723604941295978,0.04713604941295978,14.647009440013234,0.458429203898095,0,,,,True
53,-1.50155859375,2,True,0.04825002998988692,0.04815002998988692,14.769358198332867,0.4629991472110396,0,,,,True
53,-1.50155859375,3,True,0.049281845505456445,0.04918184550545644,14.892298158915956,0.4673493164735307,0,,,,True
53,-1.50155859375,4,True,0.04623242047353937,0.04613242047353937,15.015014202058726,0.47149292245240054,0,,,,True
53,-1.50155859375,5,True,0.04156940551685295,0.04146940551685295,15.136869683292527,0.47544263117733926,0,,,,True
53,-1.50155859375,6,True,0.03689822145737365,0.036798221457373645,15.257367374741566,0.4792105538511495,0,,,,True
54,-1.486559765625,0,True,0.04599499349041114,0.04589499349041114,14.526413553863996,0.46217543201361194,0,,,,True
54,-1.486559765625,1,True,0.047007925288417685,0.04690792528841768,14.647127074549928,0.46697890790028246,0,,,,True
54,-1.486559765625,2,True,0.04803895702737604,0.047938957027376036,14.769476542486272,0.4715488512132271,0,,,,True
54,-1.486559765625,3,True,0.04908777611150583,0.04898777611150583,14.892417068979668,0.47589902047571814,0,,,,True
54,-1.486559765625,4,True,0.04664971671350093,0.04654971671350093,15.015133543353677,0.48004262645458806,0,,,,True
54,-1.486559765625,5,True,0.0419862108874014,0.041886210887401396,15.136989329952591,0.4839923351795268,0,,,,True
54,-1.486559765625,6,True,0.03731453047070543,0.03721453047070543,15.257487209379699,0.487760257853337,0,,,,True
55,-1.4715609375,0,True,0.045749609922274725,0.04564960992227472,14.526530415590866,0.4707251360157995,0,,,,True
55,-1.4715609375,1,True,0.04677966792519239,0.04667966792519239,14.647244798533258,0.47552861190247,0,,,,True
55,-1.4715609375,2,True,0.047827774781620924,0.04772777478162092,14.769594975912923,0.48009855521541456,0,,,,True
55,-1.4715609375,3,True,0.04889361876594034,0.048793618765940336,14.89253606809474,0.48444872447790566,0,,,,True
55,-1.4715609375,4,True,0.04706701216566733,0.04696701216566733,15.015252973431666,0.4885923304567756,0,,,,True
55,-1.4715609375,5,True,0.04240301533080526,0.04230301533080526,15.137109065083187,0.4925420391817143,0,,,,True
55,-1.4715609375,6,True,0.03773083842508118,0.03763083842508118,15.257607132133996,0.49630996185552445,0,,,,True
56,-1.456562109375,0,True,0.045504067913859636,0.04540406791385963,14.52664736689826,0.479274840017987,0,,,,True
56,-1.456562109375,1,True,0.046551278307763955,0.04645127830776395,14.64736261197416,0.4840783159046575,0,,,,True
56,-1.456562109375,2,True,0.047616483987521274,0.04751648398752127,14.769713498623847,0.4886482592176021,0,,,,True
56,-1.456562109375,3,True,0.04869937400511937,0.048599374005119364,14.89265515627227,0.4929984284800931,0,,,,True
56,-1.456562109375,4,True,0.04748430683374494,0.047384306833744935,15.015372492303893,0.49714203445896304,0,,,,True
56,-1.456562109375,5,True,0.04281981885075403,0.04271981885075403,15.137228888695585,0.5010917431839017,0,,,,True
56,-1.456562109375,6,True,0.03814714532417396,0.038047145324173956,15.25772714301581,0.504859665857712,0,,,,True
57,-1.44156328125,0,True,0.04525836876338252,0.045158368763382514,14.52676440779702,0.48782454402017444,0,,,,True
57,-1.44156328125,1,True,0.04632275742400127,0.04622275742400127,14.647480514883576,0.49262801990684496,0,,,,True
57,-1.44156328125,2,True,0.04740508538230426,0.047305085382304254,14.769832110630073,0.49719796321978954,0,,,,True
57,-1.44156328125,3,True,0.04850504236693798,0.048405042366937975,14.892774333523382,0.5015481324822806,0,,,,True
57,-1.44156328125,4,True,0.047839670823845104,0.0477396708238451,15.015492099981541,0.5056917384611505,0,,,,True
57,-1.44156328125,5,True,0.04319932168321028,0.043099321683210276,15.13734880080106,0.5096414471860892,0,,,,True
57,-1.44156328125,6,True,0.03854424938480028,0.038444249384800275,15.257847242036473,0.5134093698598995,0,,,,True
58,-1.4265644531250001,0,True,0.04501251377384374,0.04491251377384374,14.526881538297978,0.4963742480223619,0,,,,True
58,-1.4265644531250001,1,True,0.04609410626515986,0.04599410626515986,14.647598507272438,0.5011777239090324,0,,,,True
58,-1.4265644531250001,2,True,0.04719357970551297,0.047093579705512964,14.769950811942616,0.5057476672219771,0,,,,True
58,-1.4265644531250001,3,True,0.048310624390830004,0.04821062439083,14.892893599859185,0.510097836484468,0,,,,True
58,-1.4265644531250001,4,True,0.04816349140148679,0.04806349140148679,15.015611796475808,0.514241442463338,0,,,,True
58,-1.4265644531250001,5,True,0.04352278840073032,0.043422788400730314,15.137468801410876,0.5181911511882766,0,,,,True
58,-1.4265644531250001,6,True,0.03886735659758056,0.03876735659758056,15.257967429207337,0.521959073862087,0,,,,True
59,-1.4115656250000002,0,True,0.044766504253004324,0.04466650425300432,14.526998758411992,0.5049239520245494,0,,,,True
59,-1.4115656250000002,1,True,0.04586532582585612,0.045765325825856115,14.647716589151674,0.5097274279112199,0,,,,True
59,-1.4115656250000002,2,True,0.04698196769899887,0.04688196769899887,14.770069602572505,0.5142973712241645,0,,,,True
59,-1.4115656250000002,3,True,0.04811612061776005,0.04801612061776005,14.893012955290779,0.5186475404866556,0,,,,True
59,-1.4115656250000002,4,True,0.04848731047777077,0.04838731047777077,15.015731581797878,0.5227911464655255,0,,,,True
59,-1.4115656250000002,5,True,0.04384625352469218,0.04374625352469218,15.137588890536296,0.5267408551904642,0,,,,True
59,-1.4115656250000002,6,True,0.03919046212944721,0.03909046212944721,15.25808770453973,0.5305087778642744,0,,,,True
60,-1.3965667968750002,0,True,0.04452034151336948,0.044420341513369474,14.52711606814989,0.5134736560267369,0,,,,True
60,-1.3965667968750002,1,True,0.04563641710406774,0.045536417104067736,14.647834760532227,0.5182771319134074,0,,,,True
60,-1.3965667968750002,2,True,0.04677025010692448,0.04667025010692448,14.770188482530756,0.522847075226352,0,,,,True
60,-1.3965667968750002,3,True,0.0479215315902195,0.0478215315902195,14.893132399829263,0.5271972444888431,0,,,,True
60,-1.3965667968750002,4,True,0.04881112805465326,0.04871112805465326,15.015851455958938,0.531340850467713,0,,,,True
60,-1.3965667968750002,5,True,0.044169717057036095,0.04406971705703609,15.137709068188588,0.5352905591926517,0,,,,True
60,-1.3965667968750002,6,True,0.03951356598232669,0.03941356598232669,15.258208068045017,0.539058481866462,0,,,,True
61,-1.38156796875,0,True,0.044274026872165084,0.04417402687216508,14.527233467522521,0.5220233600289245,0,,,,True
61,-1.38156796875,1,True,0.04540738110111642,0.045307381101116415,14.647953021425025,0.526826835915595,0,,,,True
61,-1.38156796875,2,True,0.046558427675742475,0.04645842767574247,14.77030745182839,0.5313967792285397,0,,,,True
61,-1.38156796875,3,True,0.04772685785222386,0.047626857852223856,14.893251933485756,0.5357469484910307,0,,,,True
61,-1.38156796875,4,True,0.04891205664372311,0.04881205664372311,15.015971418970171,0.5398905544699005,0,,,,True
61,-1.38156796875,5,True,0.04449317899970584,0.04439317899970584,15.137829334379017,0.5438402631948392,0,,,,True
61,-1.38156796875,6,True,0.039836668158151234,0.03973666815815123,15.258328519734505,0.5476081858686496,0,,,,True
62,-1.366569140625,0,True,0.044027561651315494,0.04392756165131549,14.527350956540712,0.5305730640311119,0,,,,True
62,-1.366569140625,1,True,0.04517821882165496,0.045078218821654956,14.648071371840981,0.5353765399177824,0,,,,True
62,-1.366569140625,2,True,0.04634650115419969,0.04624650115419969,14.770426510476412,0.5399464832307271,0,,,,True
62,-1.366569140625,3,True,0.04753209994930652,0.047432099949306514,14.893371556271344,0.5442966524932181,0,,,,True
62,-1.366569140625,4,True,0.04873440131724749,0.048634401317247486,15.016091470842756,0.548440258472088,0,,,,True
62,-1.366569140625,5,True,0.04480120543576138,0.04470120543576138,15.137949689118841,0.5523899671970267,0,,,,True
62,-1.366569140625,6,True,0.04015976865885529,0.040059768658855285,15.258449059619547,0.556157889870837,0,,,,True
63,-1.3515703125,0,True,0.04378094717742931,0.043680947177429305,14.527468535215302,0.5391227680332995,0,,,,True
63,-1.3515703125,1,True,0.04494893127365396,0.044848931273653955,14.648189811791017,0.5439262439199699,0,,,,True
63,-1.3515703125,2,True,0.04613447129332382,0.04603447129332382,14.770545658485837,0.5484961872329146,0,,,,True
63,-1.3515703125,3,True,0.047337258428518325,0.04723725842851832,14.893491268197117,0.5528463564954056,0,,,,True
63,-1.3515703125,4,True,0.04855667979638012,0.04845667979638012,15.01621161158787,0.5569899624742756,0,,,,True
63,-1.3515703125,5,True,0.04504055868166468,0.044940558681664675,15.138070132419312,0.5609396711992143,0,,,,True
63,-1.3515703125,6,True,0.04040753357904281,0.040307533579042806,15.258569687711468,0.5647075938730245,0,,,,True
64,-1.336571484375,0,True,0.043534184781771845,0.04343418478177184,14.527586203557103,0.547672472035487,0,,,,True
64,-1.336571484375,1,True,0.04471951946839248,0.044619519468392474,14.648308341286075,0.5524759479221575,0,,,,True
64,-1.336571484375,2,True,0.045922338846414945,0.04582233884641494,14.770664895867682,0.5570458912351021,0,,,,True
64,-1.336571484375,3,True,0.04714233383841915,0.047042333838419145,14.893611069274188,0.5613960604975932,0,,,,True
64,-1.336571484375,4,True,0.04837889247008276,0.048278892470082754,15.016331841216703,0.565539666476463,0,,,,True
64,-1.336571484375,5,True,0.04527991045359059,0.045179910453590585,15.138190664291695,0.5694893752014017,0,,,,True
64,-1.336571484375,6,True,0.040646640642197696,0.04054664064219769,15.258690404021603,0.573257297875212,0,,,,True
65,-1.3215726562499999,0,True,0.04328727580024294,0.04318727580024294,14.527703961576972,0.5562221760376747,0,,,,True
65,-1.3215726562499999,1,True,0.04448998442044161,0.044389984420441606,14.648426960337058,0.5610256519243451,0,,,,True
65,-1.3215726562499999,2,True,0.04571010456904645,0.04561010456904645,14.770784222632953,0.5655955952372896,0,,,,True
65,-1.3215726562499999,3,True,0.04694732672907831,0.046847326729078306,14.893730959513642,0.5699457644997807,0,,,,True
65,-1.3215726562499999,4,True,0.04820097430105319,0.04810097430105319,15.016452159740423,0.5740893704786507,0,,,,True
65,-1.3215726562499999,5,True,0.04551926075241397,0.04541926075241397,15.138311284747244,0.5780390792035894,0,,,,True
65,-1.3215726562499999,6,True,0.040885746180550964,0.04078574618055096,15.258811208561287,0.5818070018773995,0,,,,True
66,-1.306573828125,0,True,0.043040221573356074,0.04294022157335607,14.527821809285708,0.5647718800398621,0,,,,True
66,-1.306573828125,1,True,0.04426032714765249,0.04416032714765249,14.648545668954881,0.5695753559265326,0,,,,True
66,-1.306573828125,2,True,0.04549776921904547,0.04539776921904547,14.770903638792637,0.5741452992394772,0,,,,True
66,-1.306573828125,3,True,0.04675223765206438,0.046652237652064374,14.89385093892657,0.5784954685019682,0,,,,True
66,-1.306573828125,4,True,0.048023056619880045,0.04792305661988004,15.016572567170197,0.5826390744808382,0,,,,True
66,-1.306573828125,5,True,0.045758609579011456,0.04565860957901145,15.138431993797205,0.5865887832057769,0,,,,True
66,-1.306573828125,6,True,0.04112485019497081,0.041024850194970805,15.258932101341838,0.5903567058795871,0,,,,True
67,-1.291575,0,True,0.04279302344622016,0.042693023446220155,14.527939746694143,0.5733215840420496,0,,,,True
67,-1.291575,1,True,0.04403054867113987,0.043930548671139866,14.648664467150464,0.5781250599287201,0,,,,True
67,-1.291575,2,True,0.045285333556495555,0.04518533355649555,14.77102314435776,0.5826950032416647,0,,,,True
67,-1.291575,3,True,0.046557002771110856,0.04645700277111085,14.893971007524058,0.5870451725041557,0,,,,True
67,-1.291575,4,True,0.04784507430621998,0.04774507430621998,15.01669306351721,0.5911887784830256,0,,,,True
67,-1.291575,5,True,0.04599795693426145,0.04589795693426145,15.138552791452831,0.5951384872079644,0,,,,True
67,-1.291575,6,True,0.04136395268632942,0.041263952686329416,15.259053082374583,0.5989064098817746,0,,,,True
68,-1.276576171875,0,True,0.04254278296922065,0.042442782969220647,14.527998773940409,0.581871288044237,0,,,,True
68,-1.276576171875,1,True,0.043800542977425305,0.0437005429774253,14.648780712784909,0.5866747639309076,0,,,,True
68,-1.276576171875,2,True,0.04507276070425048,0.04497276070425048,14.7711427393393,0.5912447072438521,0,,,,True
68,-1.276576171875,3,True,0.0463617515201693,0.0462617515201693,14.894091165317192,0.5955948765063431,0,,,,True
68,-1.276576171875,4,True,0.04766702775286946,0.04756702775286946,15.016813648792617,0.5997384824852131,0,,,,True
68,-1.276576171875,5,True,0.04623730281904148,0.04613730281904148,15.138673677725372,0.6036881912101518,0,,,,True
68,-1.276576171875,6,True,0.04160305365549588,0.04150305365549588,15.259174151670852,0.607456113883962,0,,,,True
69,-1.26157734375,0,True,0.04228753186174483,0.04218753186174483,14.5279262571126,0.5904209920464245,0,,,,True
69,-1.26157734375,1,True,0.0435634173904651,0.043463417390465095,14.648729966787137,0.595224467933095,0,,,,True
69,-1.26157734375,2,True,0.04485683407136376,0.04475683407136376,14.77117715314919,0.5997944112460396,0,,,,True
69,-1.26157734375,3,True,0.046165436769867174,0.04606543676986717,14.894185026034414,0.6041445805085307,0,,,,True
69,-1.26157734375,4,True,0.0474887303767737,0.0473887303767737,15.01692904336674,0.6082881864874006,0,,,,True
69,-1.26157734375,5,True,0.04647664723423439,0.04637664723423439,15.138794652626075,0.6122378952123393,0,,,,True
69,-1.26157734375,6,True,0.04184215310334416,0.04174215310334416,15.259295309241967,0.6160058178861495,0,,,,True
70,-1.246578515625,0,True,0.04203701669210291,0.04193701669210291,14.527913038945893,0.598970696048612,0,,,,True
70,-1.246578515625,1,True,0.04332820019599959,0.043228200195999586,14.648689375300027,0.6037741719352825,0,,,,True
70,-1.246578515625,2,True,0.04463628767035965,0.04453628767035965,14.771089807389796,0.6083441152482271,0,,,,True
70,-1.246578515625,3,True,0.04596215155051864,0.045862151550518634,14.894082395782188,0.6126942845107182,0,,,,True
70,-1.246578515625,4,True,0.047304055641983034,0.04720405564198303,15.016847632336546,0.616837890489588,0,,,,True
70,-1.246578515625,5,True,0.04664525070719794,0.046545250707197935,15.138740770308855,0.6207875992145268,0,,,,True
70,-1.246578515625,6,True,0.04204163929855742,0.04194163929855742,15.259256726503306,0.6245555218883371,0,,,,True
71,-1.2315796875,0,True,0.04178699131372987,0.04168699131372987,14.52791045778044,0.6075204000507994,0,,,,True
71,-1.2315796875,1,True,0.043094783170297024,0.04299478317029702,14.64863406059063,0.61232387593747,0,,,,True
71,-1.2315796875,2,True,0.04442024239241782,0.044320242392417816,14.771026586586451,0.6168938192504146,0,,,,True
71,-1.2315796875,3,True,0.045762173468410605,0.0456621734684106,14.893998362504789,0.6212439885129056,0,,,,True
71,-1.2315796875,4,True,0.04711994611257353,0.04701994611257353,15.016731278686184,0.6253875944917755,0,,,,True
71,-1.2315796875,5,True,0.04680711472604493,0.04670711472604493,15.138589320153084,0.6293373032167142,0,,,,True
71,-1.2315796875,6,True,0.042203158015826414,0.04210315801582641,15.25908260945393,0.6331052258905245,0,,,,True
72,-1.216580859375,0,True,0.04153680918147762,0.041436809181477616,14.52802884147792,0.6160701040529869,0,,,,True
72,-1.216580859375,1,True,0.04286284362388759,0.04276284362388759,14.648753304428471,0.6208735799396574,0,,,,True
72,-1.216580859375,2,True,0.04420558719061818,0.044105587190618176,14.771111174087807,0.6254435232526021,0,,,,True
72,-1.216580859375,3,True,0.0455647074371619,0.0454647074371619,14.894057721653553,0.6297936925150931,0,,,,True
72,-1.216580859375,4,True,0.046939645111389705,0.0468396451113897,15.016777994374547,0.633937298493963,0,,,,True
72,-1.216580859375,5,True,0.04697232874883728,0.046872328748837275,15.138635509673481,0.6378870072189017,0,,,,True
72,-1.216580859375,6,True,0.042367932119780516,0.04226793211978051,15.259133194572499,0.641654929892712,0,,,,True
73,-1.20158203125,0,True,0.04128731745510006,0.041187317455100056,14.528147314939499,0.6246198080551745,0,,,,True
73,-1.20158203125,1,True,0.042630406653262565,0.04253040665326256,14.648872637909005,0.629423283941845,0,,,,True
73,-1.20158203125,2,True,0.04399034877680075,0.043890348776800744,14.771231213869193,0.6339932272547896,0,,,,True
73,-1.20158203125,3,True,0.045366829692058186,0.04526682969205818,14.894178323109124,0.6383433965172807,0,,,,True
73,-1.20158203125,4,True,0.046759194161919204,0.0466591941619192,15.01689902194429,0.6424870024961505,0,,,,True
73,-1.20158203125,5,True,0.047137837491780576,0.047037837491780574,15.138756836652568,0.6464367112210893,0,,,,True
73,-1.20158203125,6,True,0.04253328806369039,0.042433288063690386,15.259254702779351,0.6502046338948995,0,,,,True
74,-1.186583203125,0,True,0.041037290112221125,0.04093729011222112,14.528265878175965,0.6331695120573619,0,,,,True
74,-1.186583203125,1,True,0.042398369341257514,0.04229836934125751,14.648992061043138,0.6379729879440325,0,,,,True
74,-1.186583203125,2,True,0.043775989305565144,0.04367598930556514,14.77135134313247,0.642542931256977,0,,,,True
74,-1.186583203125,3,True,0.04516987992857535,0.04506987992857535,14.894299013826325,0.6468931005194682,0,,,,True
74,-1.186583203125,4,True,0.04657936333147239,0.04647936333147239,15.017020138508908,0.651036706498338,0,,,,True
74,-1.186583203125,5,True,0.04730334524480018,0.047203345244800174,15.138878252315532,0.6549864152232767,0,,,,True
74,-1.186583203125,6,True,0.04269864299170045,0.04259864299170045,15.259376299317145,0.6587543378970869,0,,,,True
75,-1.1715843750000001,0,True,0.04078732950355057,0.04068732950355057,14.528384531198121,0.6417192160595495,0,,,,True
75,-1.1715843750000001,1,True,0.042165758876794524,0.04206575887679452,14.649111573841752,0.6465226919462199,0,,,,True
75,-1.1715843750000001,2,True,0.043560884929691124,0.04346088492969112,14.771471561888628,0.6510926352591646,0,,,,True
75,-1.1715843750000001,3,True,0.044972267003835054,0.04487226700383505,14.89441979381623,0.6554428045216557,0,,,,True
75,-1.1715843750000001,4,True,0.046399546789950286,0.04629954678995028,15.017141344079572,0.6595864105005255,0,,,,True
75,-1.1715843750000001,5,True,0.047468852008212714,0.04736885200821271,15.138999756673602,0.6635361192254642,0,,,,True
75,-1.1715843750000001,6,True,0.04286399690412512,0.04276399690412512,15.259497984197193,0.6673040418992744,0,,,,True
76,-1.156585546875,0,True,0.040538147051205176,0.04043814705120517,14.528503274016774,0.6502689200617371,0,,,,True
76,-1.156585546875,1,True,0.04193430416679833,0.04183430416679833,14.649231176315755,0.6550723959484075,0,,,,True
76,-1.156585546875,2,True,0.043346889855891746,0.04324688985589174,14.771591870148644,0.6596423392613522,0,,,,True
76,-1.156585546875,3,True,0.04477551221078402,0.044675512210784016,14.894540663089908,0.6639925085238433,0,,,,True
76,-1.156585546875,4,True,0.04621986792432864,0.046119867924328636,15.017262638667429,0.6681361145027132,0,,,,True
76,-1.156585546875,5,True,0.0476343577823366,0.0475343577823366,15.13912134973802,0.6720858232276519,0,,,,True
76,-1.156585546875,6,True,0.04302934980127748,0.04292934980127748,15.2596197574308,0.675853745901462,0,,,,True
77,-1.14158671875,0,True,0.04028700556168996,0.040187005561689956,14.528622106642707,0.6588186240639246,0,,,,True
77,-1.14158671875,1,True,0.0417008766244531,0.041600876624453095,14.64935086847602,0.6636220999505951,0,,,,True
77,-1.14158671875,2,True,0.04313116343583001,0.04303116343583001,14.77171226792349,0.6681920432635396,0,,,,True
77,-1.14158671875,3,True,0.04457778344417607,0.044477783444176064,14.894661621658418,0.6725422125260307,0,,,,True
77,-1.14158671875,4,True,0.046040015394413825,0.04594001539441382,15.01738402228362,0.6766858185049006,0,,,,True
77,-1.14158671875,5,True,0.04751684931199751,0.04741684931199751,15.139243031520014,0.6806355272298393,0,,,,True
77,-1.14158671875,6,True,0.04319470168347417,0.043094701683474165,15.25974161902927,0.6844034499036495,0,,,,True
78,-1.126587890625,0,True,0.04003830987437329,0.03993830987437329,14.528741029086728,0.667368328066112,0,,,,True
78,-1.126587890625,1,True,0.04146982995818593,0.04136982995818593,14.649470650333447,0.6721718039527826,0,,,,True
78,-1.126587890625,2,True,0.04291767332130325,0.04281767332130325,14.771832755224155,0.6767417472657271,0,,,,True
78,-1.126587890625,3,True,0.04438150296197385,0.04428150296197385,14.894782669532837,0.6810919165282182,0,,,,True
78,-1.126587890625,4,True,0.04586069807930615,0.04576069807930615,15.017505494939307,0.6852355225070881,0,,,,True
78,-1.126587890625,5,True,0.04735445581335762,0.04725445581335762,15.139364802030812,0.6891852312320268,0,,,,True
78,-1.126587890625,6,True,0.043360052551028705,0.0432600525510287,15.259863569003915,0.692953153905837,0,,,,True
79,-1.1115890625,0,True,0.03978758609977184,0.03968758609977184,14.528860041359621,0.6759180320682995,0,,,,True
79,-1.1115890625,1,True,0.04123668990537155,0.041136689905371546,14.649590521898904,0.6807215079549701,0,,,,True
79,-1.1115890625,2,True,0.04270209159311511,0.04260209159311511,14.771953332061603,0.6852914512679146,0,,,,True
79,-1.1115890625,3,True,0.044183487719530845,0.04408348771953084,14.894903806724212,0.6896416205304057,0,,,,True
79,-1.1115890625,4,True,0.0456805613976492,0.0455805613976492,15.017627056645624,0.6937852265092755,0,,,,True
79,-1.1115890625,5,True,0.0471922674556744,0.047092267455674394,15.139486661281637,0.6977349352342143,0,,,,True
79,-1.1115890625,6,True,0.043525402404257285,0.04342540240425728,15.25998560736603,0.7015028579080246,0,,,,True
80,-1.096590234375,0,True,0.039537436876764254,0.03943743687676425,14.528979143472178,0.6844677360704869,0,,,,True
80,-1.096590234375,1,True,0.04100441702479962,0.04090441702479962,14.64971048318329,0.6892712119571576,0,,,,True
80,-1.096590234375,2,True,0.04248779132787561,0.04238779132787561,14.772073998446817,0.693841155270102,0,,,,True
80,-1.096590234375,3,True,0.04398711252214449,0.043887112522144486,14.89502503324362,0.6981913245325931,0,,,,True
80,-1.096590234375,4,True,0.04550161154107091,0.045401611541070905,15.017748707413723,0.702334930511463,0,,,,True
80,-1.096590234375,5,True,0.04703021586361844,0.04693021586361844,15.13960860928372,0.7062846392364017,0,,,,True
80,-1.096590234375,6,True,0.043690751243475656,0.04359075124347565,15.260107734126926,0.710052561910212,0,,,,True
81,-1.08159140625,0,True,0.03928801587943109,0.03918801587943109,14.529098335435181,0.6930174400726744,0,,,,True
81,-1.08159140625,1,True,0.040772430336675214,0.04067243033667521,14.649830534197468,0.697820915959345,0,,,,True
81,-1.08159140625,2,True,0.04227308253575579,0.04217308253575579,14.772194754390762,0.7023908592722896,0,,,,True
81,-1.08159140625,3,True,0.04378958482354722,0.04368958482354722,14.895146349102106,0.7067410285347806,0,,,,True
81,-1.08159140625,4,True,0.04532140107138849,0.04522140107138849,15.017870447254744,0.7108846345136505,0,,,,True
81,-1.08159140625,5,True,0.04686769873248764,0.046767698732487636,15.139730646048276,0.7148343432385892,0,,,,True
81,-1.08159140625,6,True,0.04383039359379293,0.043730393593792924,15.260229949297896,0.7186022659123995,0,,,,True
82,-1.066592578125,0,True,0.03903638596423509,0.038936385964235085,14.529217617259416,0.7015671440748619,0,,,,True
82,-1.066592578125,1,True,0.040538967317695906,0.040438967317695904,14.64995067495233,0.7063706199615325,0,,,,True
82,-1.066592578125,2,True,0.04205784708885085,0.04195784708885085,14.772315599904399,0.7109405632744771,0,,,,True
82,-1.066592578125,3,True,0.04359249909653151,0.04349249909653151,14.895267754310721,0.7152907325369682,0,,,,True
82,-1.066592578125,4,True,0.045142137396364745,0.04504213739636474,15.017992276179825,0.719434338515838,0,,,,True
82,-1.066592578125,5,True,0.046705936953850724,0.04660593695385072,15.139852771586531,0.7233840472407767,0,,,,True
82,-1.066592578125,6,True,0.04393345582605557,0.043833455826055565,15.26035225289024,0.727151969914587,0,,,,True
83,-1.05159375,0,True,0.03878688186860524,0.038686881868605236,14.529336988955661,0.7101168480770496,0,,,,True
83,-1.05159375,1,True,0.04030739041942377,0.04020739041942377,14.650070905458737,0.71492032396372,0,,,,True
83,-1.05159375,2,True,0.041843771032086696,0.04174377103208669,14.7724365349987,0.7194902672766647,0,,,,True
83,-1.05159375,3,True,0.04339541572450356,0.04329541572450356,14.895389248880527,0.7238404365391556,0,,,,True
83,-1.05159375,4,True,0.04496235910889812,0.04486235910889812,15.018114194200095,0.7279840425180255,0,,,,True
83,-1.05159375,5,True,0.04654356646179947,0.046443566461799465,15.1399749859097,0.7319337512429641,0,,,,True
83,-1.05159375,6,True,0.04403651757360816,0.043936517573608155,15.26047464491526,0.7357016739167744,0,,,,True
84,-1.0365949218750001,0,True,0.03853625734757804,0.03843625734757804,14.529456450534703,0.718666552079237,0,,,,True
84,-1.0365949218750001,1,True,0.04007423213737216,0.039974232137372154,14.650191225727568,0.7234700279659074,0,,,,True
84,-1.0365949218750001,2,True,0.04162813711184876,0.04152813711184876,14.772557559684621,0.7280399712788521,0,,,,True
84,-1.0365949218750001,3,True,0.04319777088319654,0.04309777088319654,14.89551083282257,0.7323901405413431,0,,,,True
84,-1.0365949218750001,4,True,0.04478282793618815,0.04468282793618815,15.018236201326708,0.736533746520213,0,,,,True
84,-1.0365949218750001,5,True,0.04638181875399283,0.04628181875399283,15.140097289029006,0.7404834552451517,0,,,,True
84,-1.0365949218750001,6,True,0.04413957883652886,0.044039578836528856,15.260597125384237,0.7442513779189619,0,,,,True
85,-1.02159609375,0,True,0.03828531038547611,0.03818531038547611,14.52957600200731,0.7272162560814246,0,,,,True
85,-1.02159609375,1,True,0.0398416187875994,0.039741618787599395,14.650311635769697,0.732019731968095,0,,,,True
85,-1.02159609375,2,True,0.041413692916153266,0.04131369291615326,14.772678673973136,0.7365896752810397,0,,,,True
85,-1.02159609375,3,True,0.04300111124172146,0.042901111241721454,14.895632506147901,0.7409398445435308,0,,,,True
85,-1.02159609375,4,True,0.04460331939314166,0.04450331939314166,15.018358297570787,0.7450834505224005,0,,,,True
85,-1.02159609375,5,True,0.04621971447411033,0.04611971447411033,15.140219680955653,0.7490331592473393,0,,,,True
85,-1.02159609375,6,True,0.044242639614895385,0.04414263961489538,15.260719694308467,0.7528010819211495,0,,,,True
86,-1.006597265625,0,True,0.038035462075836524,0.03793546207583652,14.529695643384262,0.7357659600836121,0,,,,True
86,-1.006597265625,1,True,0.039609096161475676,0.039509096161475674,14.650432135595981,0.7405694359702827,0,,,,True
86,-1.006597265625,2,True,0.041198378734808916,0.04109837873480891,14.77279987787519,0.7451393792832272,0,,,,True
86,-1.006597265625,3,True,0.04280346167192706,0.042703461671927054,14.89575426886757,0.7494895485457183,0,,,,True
86,-1.006597265625,4,True,0.04442370243104188,0.044323702431041875,15.018480482943463,0.753633154524588,0,,,,True
86,-1.006597265625,5,True,0.04605789570383978,0.04595789570383978,15.140342161700863,0.7575828632495267,0,,,,True
86,-1.006597265625,6,True,0.044345699908788117,0.044245699908788114,15.260842351699246,0.7613507859233372,0,,,,True
87,-0.9915984375,0,True,0.03778383471197788,0.03768383471197788,14.529815374676321,0.7443156640857995,0,,,,True
87,-0.9915984375,1,True,0.03937577038585793,0.03927577038585793,14.650552725217292,0.7491191399724701,0,,,,True
87,-0.9915984375,2,True,0.04098346513159834,0.04088346513159834,14.772921171401736,0.7536890832854146,0,,,,True
87,-0.9915984375,3,True,0.04260661013350786,0.04250661013350786,14.89587612099261,0.7580392525479057,0,,,,True
87,-0.9915984375,4,True,0.044244292560102316,0.04414429256010231,15.018602757455863,0.7621828585267756,0,,,,True
87,-0.9915984375,5,True,0.04589608609959184,0.045796086099591835,15.140464731275841,0.7661325672517143,0,,,,True
87,-0.9915984375,6,True,0.04444875971828521,0.04434875971828521,15.260965097567862,0.7699004899255246,0,,,,True
88,-0.976599609375,0,True,0.037533673847213844,0.03743367384721384,14.529935195894263,0.752865368087987,0,,,,True
88,-0.976599609375,1,True,0.039143268512180196,0.03904326851218019,14.650673404644484,0.7576688439746576,0,,,,True
88,-0.976599609375,2,True,0.04076853705589922,0.04066853705589922,14.773042554563741,0.7622387872876021,0,,,,True
88,-0.976599609375,3,True,0.04240914489775305,0.042309144897753045,14.89599806253407,0.7665889565500932,0,,,,True
88,-0.976599609375,4,True,0.04406479646400063,0.04396479646400063,15.018725121119115,0.770732562528963,0,,,,True
88,-0.976599609375,5,True,0.045734232266522845,0.04563423226652284,15.140587389691802,0.7746822712539018,0,,,,True
88,-0.976599609375,6,True,0.044551819043464835,0.04445181904346483,15.261087931925594,0.7784501939277121,0,,,,True
89,-0.96160078125,0,True,0.037282378893090495,0.03718237889309049,14.530055107048852,0.7614150720901744,0,,,,True
89,-0.96160078125,1,True,0.0389097734539261,0.0388097734539261,14.650794173888425,0.7662185479768451,0,,,,True
89,-0.96160078125,2,True,0.040553380558276064,0.04045338055827606,14.773164027372149,0.7707884912897895,0,,,,True
89,-0.96160078125,3,True,0.04221210204247905,0.04211210204247905,14.89612009350299,0.7751386605522806,0,,,,True
89,-0.96160078125,4,True,0.04388549879936443,0.04378549879936443,15.018847573944349,0.7792822665311506,0,,,,True
89,-0.96160078125,5,True,0.04557209995484213,0.045472099954842124,15.140710136959942,0.7832319752560892,0,,,,True
89,-0.96160078125,6,True,0.044654877884406474,0.04455487788440647,15.261210854783732,0.7869998979298996,0,,,,True
90,-0.9466019531250001,0,True,0.037031587138553146,0.03693158713855314,14.53017510815085,0.7699647760923621,0,,,,True
90,-0.9466019531250001,1,True,0.0386772833849407,0.038577283384940694,14.650915032959967,0.7747682519790325,0,,,,True
90,-0.9466019531250001,2,True,0.04033839197931455,0.040238391979314544,14.773285589837904,0.779338195291977,0,,,,True
90,-0.9466019531250001,3,True,0.04201484667498745,0.04191484667498745,14.896242213910408,0.7836883645544682,0,,,,True
90,-0.9466019531250001,4,True,0.04370596781017877,0.04360596781017877,15.01897011594268,0.7878319705333381,0,,,,True
90,-0.9466019531250001,5,True,0.045410158657383626,0.04531015865738362,15.14083297309147,0.7917816792582767,0,,,,True
90,-0.9466019531250001,6,True,0.04475793624118829,0.04465793624118829,15.261333866153555,0.795549601932087,0,,,,True
91,-0.9316031250000001,0,True,0.03678016660316574,0.03668016660316574,14.530295199211022,0.7785144800945496,0,,,,True
91,-0.9316031250000001,1,True,0.03844389217577682,0.038343892175776814,14.651035981869965,0.78331795598122,0,,,,True
91,-0.9316031250000001,2,True,0.040123353971579956,0.04002335397157995,14.77340724197196,0.7878878992941647,0,,,,True
91,-0.9316031250000001,3,True,0.04181788745091364,0.041717887450913635,14.896364423767356,0.7922380685566557,0,,,,True
91,-0.9316031250000001,4,True,0.04352650663420654,0.04342650663420654,15.019092747125235,0.7963816745355256,0,,,,True
91,-0.9316031250000001,5,True,0.045248173977227246,0.04514817397722724,15.140955898097594,0.8003313832604642,0,,,,True
91,-0.9316031250000001,6,True,0.04486099411389066,0.04476099411389066,15.26145696604635,0.8040993059342745,0,,,,True
92,-0.9166042968750001,0,True,0.036529250596729845,0.03642925059672984,14.530415380240113,0.7870641840967371,0,,,,True
92,-0.9166042968750001,1,True,0.03821100810221667,0.03811100810221667,14.651157020629274,0.7918676599834075,0,,,,True
92,-0.9166042968750001,2,True,0.03990830076692564,0.03980830076692564,14.773528983785258,0.7964376032963522,0,,,,True
92,-0.9166042968750001,3,True,0.04162064521753184,0.041520645217531835,14.89648672308486,0.8007877725588431,0,,,,True
92,-0.9166042968750001,4,True,0.04334704438840031,0.04324704438840031,15.019215467503127,0.804931378537713,0,,,,True
92,-0.9166042968750001,5,True,0.045086146197435006,0.044986146197435004,15.141078911989506,0.8088810872626516,0,,,,True
92,-0.9166042968750001,6,True,0.04496405150259086,0.04486405150259086,15.261580154473396,0.8126490099364619,0,,,,True
93,-0.9016054687499999,0,True,0.0362778056597155,0.0361778056597155,14.530535651248892,0.7956138880989246,0,,,,True
93,-0.9016054687499999,1,True,0.03797788266325286,0.03787788266325286,14.651278149248743,0.800417363985595,0,,,,True
93,-0.9016054687499999,2,True,0.0396934794229189,0.039593479422918895,14.773650815288736,0.8049873072985397,0,,,,True
93,-0.9016054687499999,3,True,0.04142356447680795,0.04132356447680795,14.89660911187396,0.8093374765610308,0,,,,True
93,-0.9016054687499999,4,True,0.04316752805090118,0.04306752805090118,15.019338277087478,0.8134810825399006,0,,,,True
93,-0.9016054687499999,5,True,0.04492407560161871,0.044824075601618704,15.141202014778413,0.8174307912648392,0,,,,True
93,-0.9016054687499999,6,True,0.04506710840736927,0.04496710840736927,15.261703431445948,0.8211987139386495,0,,,,True
94,-0.8866066406249999,0,True,0.03602660802852897,0.03592660802852897,14.530656012248109,0.8041635921011121,0,,,,True
94,-0.8866066406249999,1,True,0.03774487127811721,0.037644871278117206,14.651399367739208,0.8089670679877825,0,,,,True
94,-0.8866066406249999,2,True,0.03947841640880556,0.03937841640880556,14.77377273649334,0.8135370113007272,0,,,,True
94,-0.8866066406249999,3,True,0.041226417841349505,0.0411264178413495,14.896731590145688,0.8178871805632183,0,,,,True
94,-0.8866066406249999,4,True,0.042987958038415375,0.04288795803841537,15.019461175889395,0.822030786542088,0,,,,True
94,-0.8866066406249999,5,True,0.04476196247393638,0.044661962473936376,15.141325206475505,0.8259804952670268,0,,,,True
94,-0.8866066406249999,6,True,0.04517016482830405,0.045070164828304046,15.261826796975317,0.829748417940837,0,,,,True
95,-0.8716078125,0,True,0.03577533261514221,0.035675332615142205,14.530776463248504,0.8127132961032996,0,,,,True
95,-0.8716078125,1,True,0.03751213034708556,0.037412130347085557,14.651520676111538,0.8175167719899702,0,,,,True
95,-0.8716078125,2,True,0.0392634992019425,0.039163499201942495,14.77389474741,0.8220867153029147,0,,,,True
95,-0.8716078125,3,True,0.04102920590416392,0.04092920590416392,14.89685415791106,0.8264368845654058,0,,,,True
95,-0.8716078125,4,True,0.04280833476853019,0.042708334768530185,15.019584163919998,0.8305804905442755,0,,,,True
95,-0.8716078125,5,True,0.04459980709909139,0.04449980709909139,15.141448487091981,0.8345301992692142,0,,,,True
95,-0.8716078125,6,True,0.04527322076547513,0.04517322076547513,15.261950251072754,0.8382981219430244,0,,,,True
96,-0.856608984375,0,True,0.035524368409140195,0.03542436840914019,14.530897004260837,0.821263000105487,0,,,,True
96,-0.856608984375,1,True,0.037279304253489354,0.03717930425348935,14.651642074376554,0.8260664759921577,0,,,,True
96,-0.856608984375,2,True,0.03904850472007837,0.03894850472007837,14.774016848049655,0.8306364193051021,0,,,,True
96,-0.856608984375,3,True,0.04083192925959578,0.040731929259595775,14.896976815181105,0.8349865885675932,0,,,,True
96,-0.856608984375,4,True,0.04262865865970866,0.04252865865970866,15.019707241190385,0.839130194546463,0,,,,True
96,-0.856608984375,5,True,0.04443760976233202,0.04433760976233202,15.141571856639029,0.8430799032714017,0,,,,True
96,-0.856608984375,6,True,0.045376276218960676,0.04527627621896067,15.26207379374953,0.8468478259452121,0,,,,True
97,-0.84161015625,0,True,0.03527351529665301,0.03517351529665301,14.53101763529585,0.8298127041076745,0,,,,True
97,-0.84161015625,1,True,0.037046176314583956,0.03694617631458395,14.6517635625451,0.8346161799943451,0,,,,True
97,-0.84161015625,2,True,0.03883343378659054,0.03873343378659054,14.774139038423236,0.8391861233072896,0,,,,True
97,-0.84161015625,3,True,0.0406345885033339,0.0405345885033339,14.897099561966838,0.8435362925697807,0,,,,True
97,-0.84161015625,4,True,0.042448930131289586,0.04234893013128958,15.019830407711675,0.8476798985486504,0,,,,True
97,-0.84161015625,5,True,0.04427535712105479,0.04417535712105479,15.141695315127837,0.8516296072735892,0,,,,True
97,-0.84161015625,6,True,0.04547933118884018,0.045379331188840175,15.262197425016918,0.8553975299473996,0,,,,True
98,-0.826611328125,0,True,0.03502256222170086,0.034922562221700856,14.531138356364277,0.838362408109862,0,,,,True
98,-0.826611328125,1,True,0.03681317651322269,0.03671317651322269,14.651885140628023,0.8431658839965326,0,,,,True
98,-0.826611328125,2,True,0.03861828722680016,0.03851828722680016,14.774261318541665,0.847735827309477,0,,,,True
98,-0.826611328125,3,True,0.04043718423239584,0.04033718423239584,14.897222398279286,0.8520859965719682,0,,,,True
98,-0.826611328125,4,True,0.042269005563161155,0.04216900556316115,15.019953663494968,0.8562296025508381,0,,,,True
98,-0.826611328125,5,True,0.04411280705088316,0.04401280705088316,15.141818862569608,0.8601793112757767,0,,,,True
98,-0.826611328125,6,True,0.04558238567519357,0.04548238567519357,15.262321144886194,0.8639472339495871,0,,,,True
99,-0.8116125000000001,0,True,0.03477151066188,0.03467151066188,14.531259167476872,0.8469121121120495,0,,,,True
99,-0.8116125000000001,1,True,0.036580089892807255,0.03648008989280725,14.652006808636143,0.85171558799872,0,,,,True
99,-0.8116125000000001,2,True,0.03840306586796416,0.038303065867964156,14.774383688415883,0.8562855313116645,0,,,,True
99,-0.8116125000000001,3,True,0.04023971704512741,0.04013971704512741,14.897345324129464,0.8606357005741557,0,,,,True
99,-0.8116125000000001,4,True,0.04208903784830209,0.04198903784830209,15.020077008551372,0.8647793065530256,0,,,,True
99,-0.8116125000000001,5,True,0.04395048568959181,0.04385048568959181,15.14194249897551,0.8687290152779642,0,,,,True
99,-0.8116125000000001,6,True,0.04568543967809946,0.04558543967809946,15.262444953368613,0.8724969379517745,0,,,,True
100,-0.7966136718750001,0,True,0.03452014899002265,0.034420148990022645,14.53138006864436,0.8554618161142371,0,,,,True
100,-0.7966136718750001,1,True,0.03634691757311126,0.036246917573111256,14.652128566580298,0.8602652920009075,0,,,,True
100,-0.7966136718750001,2,True,0.03818777053926681,0.038087770539266805,14.774506148056805,0.864835235313852,0,,,,True
100,-0.7966136718750001,3,True,0.04004191197862372,0.03994191197862372,14.897468339528386,0.8691854045763432,0,,,,True
100,-0.7966136718750001,4,True,0.041909154770578105,0.0418091547705781,15.020200442891987,0.8733290105552131,0,,,,True
100,-0.7966136718750001,5,True,0.04378812351297334,0.04368812351297334,15.142066224356736,0.8772787192801517,0,,,,True
100,-0.7966136718750001,6,True,0.045677100060172116,0.04557710006017211,15.262568850475436,0.881046641953962,0,,,,True
101,-0.7816148437500001,0,True,0.03426890530374038,0.03416890530374038,14.531501059877488,0.8640115201164246,0,,,,True
101,-0.7816148437500001,1,True,0.036113660676575066,0.03601366067657506,14.652250414471325,0.868814996003095,0,,,,True
101,-0.7816148437500001,2,True,0.03797240207179886,0.03787240207179886,14.774628697475354,0.8733849393160397,0,,,,True
101,-0.7816148437500001,3,True,0.03984432098998347,0.03974432098998347,14.897591444487066,0.8777351085785307,0,,,,True
101,-0.7816148437500001,4,True,0.041729220959596525,0.04162922095959652,15.020323966527906,0.8818787145574005,0,,,,True
101,-0.7816148437500001,5,True,0.04362572080897298,0.043525720808972976,15.142190038724472,0.8858284232823391,0,,,,True
101,-0.7816148437500001,6,True,0.045532096973905034,0.04543209697390503,15.262692836217932,0.8895963459561494,0,,,,True
102,-0.7666160156249999,0,True,0.034017567588224384,0.03391756758822438,14.531622141186974,0.8725612241186121,0,,,,True
102,-0.7666160156249999,1,True,0.03588032032828403,0.03578032032828403,14.652372352320038,0.8773647000052825,0,,,,True
102,-0.7666160156249999,2,True,0.03775669056062103,0.03765669056062103,14.774751336682453,0.8819346433182272,0,,,,True
102,-0.7666160156249999,3,True,0.039646668888398295,0.03954666888839829,14.897714639016503,0.8862848125807183,0,,,,True
102,-0.7666160156249999,4,True,0.04154923683901712,0.04144923683901712,15.020447579470233,0.8904284185595881,0,,,,True
102,-0.7666160156249999,5,True,0.04346327786606796,0.04336327786606796,15.142313942089885,0.8943781272845267,0,,,,True
102,-0.7666160156249999,6,True,0.04538706273454096,0.04528706273454096,15.262816910607365,0.898146049958337,0,,,,True
103,-0.7516171875,0,True,0.03376613733530176,0.03366613733530176,14.531743312583549,0.8811109281207996,0,,,,True
103,-0.7516171875,1,True,0.03564689765594764,0.03554689765594764,14.652494380137277,0.88591440400747,0,,,,True
103,-0.7516171875,2,True,0.03754117860048645,0.037441178600486444,14.774874065689021,0.8904843473204147,0,,,,True
103,-0.7516171875,3,True,0.03944895627744982,0.03934895627744982,14.897837923127724,0.8948345165829058,0,,,,True
103,-0.7516171875,4,True,0.04136920283335499,0.04126920283335499,15.020571281730057,0.8989781225617756,0,,,,True
103,-0.7516171875,5,True,0.043300794973268,0.043200794973267995,15.14243793446417,0.9029278312867142,0,,,,True
103,-0.7516171875,6,True,0.04524199753126057,0.045141997531260566,15.262941073654979,0.9066957539605245,0,,,,True
104,-0.736618359375,0,True,0.03351461604027417,0.03341461604027417,14.531864574077952,0.8896606321229871,0,,,,True
104,-0.736618359375,1,True,0.035413212769723756,0.035313212769723754,14.652616497933852,0.8944641080096577,0,,,,True
104,-0.736618359375,2,True,0.03732559600686303,0.037225596006863024,14.77499688450597,0.8990340513226022,0,,,,True
104,-0.736618359375,3,True,0.039251183762017305,0.0391511837620173,14.897961296831724,0.9033842205850933,0,,,,True
104,-0.736618359375,4,True,0.04118911936797698,0.041089119367976976,15.020695073318475,0.907527826563963,0,,,,True
104,-0.736618359375,5,True,0.04313827242011525,0.04303827242011525,15.142562015858493,0.9114775352889017,0,,,,True
104,-0.736618359375,6,True,0.04509690155355628,0.044996901553556276,15.263065325372047,0.915245457962712,0,,,,True
105,-0.72161953125,0,True,0.03326300520185921,0.033163005201859205,14.531985925680889,0.8982103361251745,0,,,,True
105,-0.72161953125,1,True,0.035179544886035696,0.03507954488603569,14.652738705720587,0.9030138120118452,0,,,,True
105,-0.72161953125,2,True,0.037109943618364394,0.03700994361836439,14.77511979314422,0.9075837553247896,0,,,,True
105,-0.72161953125,3,True,0.03905335194826165,0.03895335194826165,14.8980847601395,0.9119339245872807,0,,,,True
105,-0.72161953125,4,True,0.04100898686909593,0.04090898686909593,15.020818954246568,0.9160775305661505,0,,,,True
105,-0.72161953125,5,True,0.042975710496681696,0.04287571049668169,15.142686186284024,0.9200272392910892,0,,,,True
105,-0.72161953125,6,True,0.04495177499123448,0.04485177499123448,15.263189665769803,0.9237951619648996,0,,,,True
106,-0.706620703125,0,True,0.03301130632217486,0.03291130632217486,14.532107367403103,0.906760040127362,0,,,,True
106,-0.706620703125,1,True,0.034945882378728754,0.03484588237872875,14.652861003508303,0.9115635160140326,0,,,,True
106,-0.706620703125,2,True,0.03689422227545602,0.03679422227545602,14.77524279161467,0.9161334593269771,0,,,,True
106,-0.706620703125,3,True,0.038855461443623174,0.03875546144362317,14.898208313062065,0.9204836285894682,0,,,,True
106,-0.706620703125,4,True,0.04082880576377068,0.04072880576377068,15.020942924525446,0.924627234568338,0,,,,True
106,-0.706620703125,5,True,0.042812780302221576,0.04271278030222157,15.142810445751953,0.9285769432932767,0,,,,True
106,-0.706620703125,6,True,0.04480650496942484,0.04470650496942484,15.263314094859513,0.9323448659670871,0,,,,True
107,-0.691621875,0,True,0.03275952090667689,0.032659520906676884,14.532228899255294,0.9153097441295495,0,,,,True
107,-0.691621875,1,True,0.03471214208491036,0.034612142084910355,14.65298339130781,0.9201132200162201,0,,,,True
107,-0.691621875,2,True,0.03667843282043526,0.036578432820435255,14.775365879928234,0.9246831633291646,0,,,,True
107,-0.691621875,3,True,0.03865751285681851,0.03855751285681851,14.89833195561041,0.9290333325916557,0,,,,True
107,-0.691621875,4,True,0.04064825127564298,0.040548251275642974,15.021066984166179,0.9331769385705254,0,,,,True
107,-0.691621875,5,True,0.04265014064230366,0.042550140642303655,15.142934794273433,0.9371266472954641,0,,,,True
107,-0.691621875,6,True,0.04466109841129695,0.04456109841129695,15.263438612652426,0.9408945699692746,0,,,,True
108,-0.6766230468750001,0,True,0.03250739202135522,0.032407392021355216,14.53235052124819,0.923859448131737,0,,,,True
108,-0.6766230468750001,1,True,0.03447832514507487,0.03437832514507487,14.65310586912992,0.9286629240184076,0,,,,True
108,-0.6766230468750001,2,True,0.036462576097421984,0.03636257609742198,14.77548905809582,0.933232867331352,0,,,,True
108,-0.6766230468750001,3,True,0.038459186115550104,0.0383591861155501,14.898455687795533,0.9375830365938432,0,,,,True
108,-0.6766230468750001,4,True,0.04046797441475114,0.04036797441475114,15.02119113317985,0.9417266425727131,0,,,,True
108,-0.6766230468750001,5,True,0.04248746248561508,0.04238746248561508,15.143059231859631,0.9456763512976516,0,,,,True
108,-0.6766230468750001,6,True,0.04451588133414042,0.044415881334140414,15.26356321915979,0.949444273971462,0,,,,True
109,-0.6616242187500001,0,True,0.03225543847810508,0.03215543847810508,14.5324722333925,0.9324091521339245,0,,,,True
109,-0.6616242187500001,1,True,0.0342444327021969,0.0341444327021969,14.653228436985444,0.937212628020595,0,,,,True
109,-0.6616242187500001,2,True,0.0362465023987828,0.036146502398782795,14.775612326128329,0.9417825713335395,0,,,,True
109,-0.6616242187500001,3,True,0.03826112341600041,0.038161123416000406,14.898579509628433,0.9461327405960307,0,,,,True
109,-0.6616242187500001,4,True,0.040287650233851835,0.04018765023385183,15.021315371577542,0.9502763465749006,0,,,,True
109,-0.6616242187500001,5,True,0.0423247461243248,0.042224746124324794,15.143183758521726,0.9542260552998392,0,,,,True
109,-0.6616242187500001,6,True,0.04437063443474276,0.04427063443474276,15.263687914392847,0.9579939779736495,0,,,,True
110,-0.6466253906249999,0,True,0.032003402936338965,0.03190340293633896,14.532594035698931,0.9409588561361122,0,,,,True
110,-0.6466253906249999,1,True,0.03401046590171575,0.033910465901715744,14.653351094885185,0.9457623320227826,0,,,,True
110,-0.6466253906249999,2,True,0.036030348899807496,0.03593034889980749,14.77573568403666,0.9503322753357272,0,,,,True
110,-0.6466253906249999,3,True,0.03806300446836497,0.037963004468364966,14.8987034211201,0.9546824445982183,0,,,,True
110,-0.6466253906249999,4,True,0.040107279163343446,0.04000727916334344,15.021439699370337,0.9588260505770881,0,,,,True
110,-0.6466253906249999,5,True,0.04216199185112934,0.04206199185112934,15.143308374270887,0.9627757593020267,0,,,,True
110,-0.6466253906249999,6,True,0.04422535790445625,0.04412535790445625,15.263812698362845,0.9665436819758371,0,,,,True
111,-0.6316265624999999,0,True,0.03175128691451201,0.03165128691451201,14.532715928178195,0.9495085601382997,0,,,,True
111,-0.6316265624999999,1,True,0.03377642589150964,0.03367642589150964,14.653473842839949,0.9543120360249701,0,,,,True
111,-0.6316265624999999,2,True,0.03581429573108785,0.03571429573108785,14.775859131831712,0.9588819793379147,0,,,,True
111,-0.6316265624999999,3,True,0.03786482988637774,0.037764829886377735,14.898827422281514,0.9632321486004058,0,,,,True
111,-0.6316265624999999,4,True,0.039926861634446364,0.03982686163444636,15.021564116569321,0.9673757545792756,0,,,,True
111,-0.6316265624999999,5,True,0.0419991999592364,0.0418991999592364,15.143433079118244,0.9713254633042142,0,,,,True
111,-0.6316265624999999,6,True,0.04408005193492981,0.043980051934929806,15.263937571081026,0.9750933859780245,0,,,,True
112,-0.616627734375,0,True,0.03149909193423328,0.03139909193423328,14.532837910841002,0.9580582641404871,0,,,,True
112,-0.616627734375,1,True,0.03354200453650602,0.03344200453650602,14.653596680860549,0.9628617400271575,0,,,,True
112,-0.616627734375,2,True,0.03559817868938531,0.035498178689385304,14.775982669524383,0.9674316833401022,0,,,,True
112,-0.616627734375,3,True,0.03766660028500812,0.03756660028500812,14.898951513123675,0.9717818526025933,0,,,,True
112,-0.616627734375,4,True,0.03974639807920877,0.039646398079208764,15.021688623185549,0.9759254585814631,0,,,,True
112,-0.616627734375,5,True,0.04183637074237456,0.04173637074237456,15.143557873074991,0.9798751673064017,0,,,,True
112,-0.616627734375,6,True,0.04393471671812499,0.043834716718124986,15.264062532558627,0.983643089980212,0,,,,True
113,-0.60162890625,0,True,0.03124681952020758,0.03114681952020758,14.532959983698046,0.9666079681426746,0,,,,True
113,-0.60162890625,1,True,0.03330782189862891,0.033207821898628906,14.653719608957768,0.9714114440293451,0,,,,True
113,-0.60162890625,2,True,0.035381998627737055,0.03528199862773705,14.776106297125567,0.9759813873422897,0,,,,True
113,-0.60162890625,3,True,0.03746831628045211,0.037368316280452105,14.899075693657561,0.9803315566047808,0,,,,True
113,-0.60162890625,4,True,0.039565888930491955,0.03946588893049195,15.021813219230113,0.9844751625836505,0,,,,True
113,-0.60162890625,5,True,0.04167350449479068,0.04157350449479068,15.143682756152261,0.9884248713085892,0,,,,True
113,-0.60162890625,6,True,0.04378935244630622,0.043689352446306215,15.264187582806894,0.9921927939823995,0,,,,True
114,-0.586630078125,0,True,0.030994471200211038,0.03089447120021104,14.533082146760034,0.975157672144862,0,,,,True
114,-0.586630078125,1,True,0.033073569509854295,0.03297356950985429,14.653842627142412,0.9799611480315327,0,,,,True
114,-0.586630078125,2,True,0.03516575640091535,0.035065756400915346,14.776230014646153,0.9845310913444771,0,,,,True
114,-0.586630078125,3,True,0.0372699784901287,0.037169978490128694,14.899199963894159,0.9888812606069682,0,,,,True
114,-0.586630078125,4,True,0.03938533462197302,0.03928533462197302,15.021937904714076,0.993024866585838,0,,,,True
114,-0.586630078125,5,True,0.04151060151124053,0.04141060151124053,15.143807728361228,0.9969745753107767,0,,,,True
114,-0.586630078125,6,True,0.043645432143814666,0.043545432143814664,15.264312320441922,1.0,1,,,,True
115,-0.57163125,0,True,0.03074174642654981,0.03064174642654981,14.533204400037661,0.9837073761470495,0,,,,True
115,-0.57163125,1,True,0.032839248527570586,0.03273924852757058,14.653965735425277,0.9885108520337201,0,,,,True
115,-0.57163125,2,True,0.03494945286542572,0.03484945286542572,14.77635382209704,0.9930807953466646,0,,,,True
115,-0.57163125,3,True,0.03707158753267281,0.03697158753267281,14.89932432384445,0.9974309646091557,0,,,,True
115,-0.57163125,4,True,0.039207509182281,0.039107509182280994,15.022061905485248,1.0,1,,,,True
115,-0.57163125,5,True,0.04135828758525051,0.041258287585250505,15.143929925443722,1.0,1,,,,True
115,-0.57163125,6,True,0.04351697467954585,0.04341697467954585,15.264432898408778,1.0,1,,,,True
116,-0.5566324218750001,0,True,0.03048925130112501,0.03038925130112501,14.533326743541629,0.992257080149237,0,,,,True
116,-0.5566324218750001,1,True,0.03260486011148522,0.03250486011148522,14.654088933817153,0.9970605560359076,0,,,,True
116,-0.5566324218750001,2,True,0.03473635630558958,0.034636356305589575,14.776477008436938,1.0,1,,,,True
116,-0.5566324218750001,3,True,0.03688474284355037,0.036784742843550364,14.89944598532919,1.0,1,,,,True
116,-0.5566324218750001,4,True,0.03904393163461828,0.038943931634618276,15.022182535692624,1.0,1,,,,True
116,-0.5566324218750001,5,True,0.04121233616189546,0.041112336161895455,15.144050600651319,1.0,1,,,,True
116,-0.5566324218750001,6,True,0.043388261774127024,0.04328826177412702,15.264541098422935,1.0,1,,,,True
117,-0.5430489429618668,0,True,0.03026052105216559,0.03016052105216559,14.533437620090666,1.0,0,,,,True
117,-0.5430489429618668,1,True,0.03240217930290168,0.032302179302901676,14.654198628446206,1.0,1,,,,True
117,-0.5430489429618668,2,True,0.03455552392208405,0.03445552392208405,14.776585889574307,1.0,1,,,,True
117,-0.5430489429618668,3,True,0.03672047741501894,0.036620477415018934,14.899555121461997,1.0,1,,,,True
117,-0.5430489429618668,4,True,0.038895762738058615,0.03879576273805861,15.022291815375436,1.0,1,,,,True
117,-0.5430489429618668,5,True,0.0410801374930303,0.0409801374930303,15.144159920964027,1.0,1,,,,True
117,-0.5430489429618668,6,True,0.04327175271267736,0.043171752712677355,15.264643038089167,1.0,1,,,,True
118,-0.5416335937500001,0,True,0.03023830783083037,0.03013830783083037,14.533448875171711,1.0,1,,,,True
118,-0.5416335937500001,1,True,0.032381673219755935,0.03228167321975593,14.654209936149664,1.0,1,,,,True
118,-0.5416335937500001,2,True,0.03453671707685313,0.03443671707685313,14.776597236388227,1.0,1,,,,True
118,-0.5416335937500001,3,True,0.03670335977271666,0.036603359772716657,14.899566494840668,1.0,1,,,,True
118,-0.5416335937500001,4,True,0.038880322600194805,0.0387803226001948,15.022303203705656,1.0,1,,,,True
118,-0.5416335937500001,5,True,0.04106636169264055,0.04096636169264055,15.144171313520964,1.0,1,,,,True
118,-0.5416335937500001,6,True,0.043259626507005766,0.04315962650700576,15.264654424987949,1.0,1,,,,True
119,-0.5266347656250001,0,True,0.030002879738543875,0.029902879738543876,14.533568169116268,1.0,1,,,,True
119,-0.5266347656250001,1,True,0.032164338198481524,0.03206433819848152,14.654329787715984,1.0,1,,,,True
119,-0.5266347656250001,2,True,0.03433739218918497,0.034237392189184965,14.77671750237414,1.0,1,,,,True
119,-0.5266347656250001,3,True,0.0365219391233893,0.0364219391233893,14.899687042283961,1.0,1,,,,True
119,-0.5266347656250001,4,True,0.03871668238280046,0.03861668238280046,15.022423909526786,1.0,1,,,,True
119,-0.5266347656250001,5,True,0.0409203623115455,0.0408203623115455,15.144292064055115,1.0,1,,,,True
119,-0.5266347656250001,6,True,0.04313340932325094,0.043033409323250935,15.2647730415461,1.0,2,,,,True
120,-0.5116359374999999,0,True,0.02976739995327815,0.02966739995327815,14.533687501236766,1.0,1,,,,True
120,-0.5116359374999999,1,True,0.0319466035872602,0.0318466035872602,14.65444967740018,1.0,1,,,,True
120,-0.5116359374999999,2,True,0.03413802425298007,0.03403802425298007,14.776837806397065,1.0,1,,,,True
120,-0.5116359374999999,3,True,0.03634048134313739,0.036240481343137385,14.899807627661485,1.0,1,,,,True
120,-0.5116359374999999,4,True,0.03855695953083771,0.038456959530837706,15.022541224960378,1.0,2,,,,True
120,-0.5116359374999999,5,True,0.04078635464699776,0.040686354646997755,15.144402209638763,1.0,2,,,,True
120,-0.5116359374999999,6,True,0.04302217080241011,0.042922170802410106,15.264878146896006,1.0,2,,,,True
121,-0.49663710937499994,0,True,0.029531869664213062,0.029431869664213062,14.53380687153556,1.0,1,,,,True
121,-0.49663710937499994,1,True,0.031729173496264806,0.031629173496264804,14.654569605204632,1.0,1,,,,True
121,-0.49663710937499994,2,True,0.03394267407944751,0.03384267407944751,14.776954770212807,1.0,2,,,,True
121,-0.49663710937499994,3,True,0.036172024373628986,0.03607202437362898,14.89991715741133,1.0,2,,,,True
121,-0.49663710937499994,4,True,0.038410809500845744,0.03831080950084574,15.022646754352538,1.0,2,,,,True
121,-0.49663710937499994,5,True,0.04065774641791098,0.040557746417910975,15.144507571315497,1.0,2,,,,True
121,-0.49663710937499994,6,True,0.04291092032556065,0.04281092032556065,15.264983261493068,1.0,2,,,,True
122,-0.48163828124999997,0,True,0.029298661516776292,0.029198661516776293,14.533924402872389,1.0,2,,,,True
122,-0.48163828124999997,1,True,0.031524068611219036,0.03142406861121903,14.654679517696438,1.0,2,,,,True
122,-0.48163828124999997,2,True,0.033760966886450916,0.03366096688645091,14.777060374424742,1.0,2,,,,True
122,-0.48163828124999997,3,True,0.03600815190758144,0.03590815190758144,14.900022776685455,1.0,2,,,,True
122,-0.48163828124999997,4,True,0.0382646389158432,0.038164638915843194,15.022752293075087,1.0,2,,,,True
122,-0.48163828124999997,5,True,0.040529122143170504,0.0404291221431705,15.144612942283608,1.0,2,,,,True
122,-0.48163828124999997,6,True,0.0427996579668708,0.042699657966870794,15.265088385337485,1.0,2,,,,True
123,-0.466639453125,0,True,0.029080599214085456,0.028980599214085457,14.534029663061034,1.0,2,,,,True
123,-0.466639453125,1,True,0.031324383730241045,0.031224383730241046,14.654785011658612,1.0,2,,,,True
123,-0.466639453125,2,True,0.03357923072464741,0.03347923072464741,14.777165988029036,1.0,2,,,,True
123,-0.466639453125,3,True,0.03584425461592389,0.035744254615923884,14.900128405323855,1.0,2,,,,True
123,-0.466639453125,4,True,0.03811844798013908,0.03801844798013908,15.022857841128218,1.0,2,,,,True
123,-0.466639453125,5,True,0.040400481949834255,0.04030048194983425,15.144718322543294,1.0,2,,,,True
123,-0.466639453125,6,True,0.04269546341665187,0.042595463416651866,15.265178944303777,1.0,3,,,,True
124,-0.451640625,0,True,0.028862847871572228,0.02876284787157223,14.534134932680434,1.0,2,,,,True
124,-0.451640625,1,True,0.03112466719769591,0.03102466719769591,14.654890515035515,1.0,2,,,,True
124,-0.451640625,2,True,0.033397466054053915,0.03329746605405391,14.777271611025874,1.0,2,,,,True
124,-0.451640625,3,True,0.03568039926100264,0.035580399261002635,14.900233911931153,1.0,3,,,,True
124,-0.451640625,4,True,0.03798101654720831,0.03788101654720831,15.022945821210008,1.0,3,,,,True
124,-0.451640625,5,True,0.04028874949604733,0.040188749496047324,15.144789386766018,1.0,3,,,,True
124,-0.451640625,6,True,0.04260156671872162,0.042501566718721615,15.265248289778453,1.0,3,,,,True
125,-0.43664179687500004,0,True,0.0286450640733813,0.0285450640733813,14.53424021173078,1.0,2,,,,True
125,-0.43664179687500004,1,True,0.030924919667869144,0.030824919667869145,14.654996027827341,1.0,2,,,,True
125,-0.43664179687500004,2,True,0.033224601209195015,0.03312460120919501,14.777359811266688,1.0,3,,,,True
125,-0.43664179687500004,3,True,0.03553404724174403,0.035434047241744024,14.900303975056662,1.0,3,,,,True
125,-0.43664179687500004,4,True,0.037852208796244735,0.03775220879624473,15.023015692374376,1.0,3,,,,True
125,-0.43664179687500004,5,True,0.04017771444633489,0.040077714446334886,15.144859017040114,1.0,3,,,,True
125,-0.43664179687500004,6,True,0.04250766325157418,0.042407663251574176,15.26531763525313,1.0,3,,,,True
126,-0.42164296875000007,0,True,0.02843449766162065,0.02833449766162065,14.534331723105815,1.0,3,,,,True
126,-0.42164296875000007,1,True,0.030742623360886512,0.030642623360886512,14.655067863609634,1.0,3,,,,True
126,-0.42164296875000007,2,True,0.033060537463136974,0.03296053746313697,14.777430011959973,1.0,3,,,,True
126,-0.42164296875000007,3,True,0.035388083481883825,0.03528808348188382,14.900374038182171,1.0,3,,,,True
126,-0.42164296875000007,4,True,0.03772379688622607,0.037623796886226066,15.023085563538743,1.0,3,,,,True
126,-0.42164296875000007,5,True,0.040066618901963835,0.03996661890196383,15.144926242846067,1.0,3,,,,True
126,-0.42164296875000007,6,True,0.04241375305633133,0.042313753056331324,15.265386980727808,1.0,3,,,,True
127,-0.4066441406250001,0,True,0.028235076296516226,0.028135076296516227,14.53440201162267,1.0,3,,,,True
127,-0.4066441406250001,1,True,0.03056082181702946,0.03046082181702946,14.655138141558098,1.0,3,,,,True
127,-0.4066441406250001,2,True,0.0328968542944752,0.032796854294475195,14.777500212653258,1.0,3,,,,True
127,-0.4066441406250001,3,True,0.03524210454165555,0.03514210454165555,14.90044410130768,1.0,3,,,,True
127,-0.4066441406250001,4,True,0.03759537266627433,0.037495372666274326,15.023155434703108,1.0,3,,,,True
127,-0.4066441406250001,5,True,0.03996248748711784,0.039862487487117834,15.14495004746145,1.0,4,,,,True
127,-0.4066441406250001,6,True,0.042334747375649684,0.04223474737564968,15.265396314950856,1.0,4,,,,True
128,-0.3916453124999999,0,True,0.028035635917234458,0.02793563591723446,14.534472300139527,1.0,3,,,,True
128,-0.3916453124999999,1,True,0.030379197997755902,0.030279197997755903,14.65520841950656,1.0,3,,,,True
128,-0.3916453124999999,2,True,0.03273315377581998,0.032633153775819976,14.777570413346545,1.0,3,,,,True
128,-0.3916453124999999,3,True,0.035104285896651266,0.03500428589665126,14.900482613728169,1.0,4,,,,True
128,-0.3916453124999999,4,True,0.03748381147486768,0.037383811474867676,15.023159455563999,1.0,4,,,,True
128,-0.3916453124999999,5,True,0.03986903373519368,0.03976903373519368,15.14495004746145,1.0,4,,,,True
128,-0.3916453124999999,6,True,0.04225805739223576,0.04215805739223576,15.265396314950856,1.0,4,,,,True
129,-0.3766464843749999,0,True,0.027836177192221978,0.02773617719222198,14.534542588656382,1.0,3,,,,True
129,-0.3766464843749999,1,True,0.030205037623116215,0.030105037623116216,14.65525075904955,1.0,4,,,,True
129,-0.3766464843749999,2,True,0.03258663378260973,0.03248663378260973,14.77757491671056,1.0,4,,,,True
129,-0.3766464843749999,3,True,0.034976436157219126,0.03487643615721912,14.900482613728169,1.0,4,,,,True
129,-0.3766464843749999,4,True,0.03737327371958088,0.03727327371958088,15.023159455563999,1.0,4,,,,True
129,-0.3766464843749999,5,True,0.03977557494845829,0.03967557494845829,15.14495004746145,1.0,4,,,,True
129,-0.3766464843749999,6,True,0.042181364040146274,0.04208136404014627,15.265396314950856,1.0,4,,,,True
130,-0.36164765624999995,0,True,0.027651958921288244,0.027551958921288245,14.53455426947904,1.0,4,,,,True
130,-0.36164765624999995,1,True,0.030042055109558596,0.029942055109558597,14.65525075904955,1.0,4,,,,True
130,-0.36164765624999995,2,True,0.032441282781685565,0.03234128278168556,14.77757491671056,1.0,4,,,,True
130,-0.36164765624999995,3,True,0.03484857803103569,0.03474857803103569,14.900482613728169,1.0,4,,,,True
130,-0.36164765624999995,4,True,0.03726272921935658,0.03716272921935658,15.023159455563999,1.0,4,,,,True
130,-0.36164765624999995,5,True,0.03968236744149456,0.039582367441494556,15.14495004746145,1.0,5,,,,True
130,-0.36164765624999995,6,True,0.0421125840706269,0.0420125840706269,15.265396314950856,1.0,5,,,,True
131,-0.346648828125,0,True,0.027471233637915926,0.027371233637915927,14.53455426947904,1.0,4,,,,True
131,-0.346648828125,1,True,0.029879062861265737,0.029779062861265738,14.65525075904955,1.0,4,,,,True
131,-0.346648828125,2,True,0.03229592237466106,0.032195922374661054,14.77757491671056,1.0,4,,,,True
131,-0.346648828125,3,True,0.034721483742065296,0.03462148374206529,14.900482613728169,1.0,5,,,,True
131,-0.346648828125,4,True,0.03716175586906667,0.03706175586906667,15.023159455563999,1.0,5,,,,True
131,-0.346648828125,5,True,0.03960624914141464,0.03950624914141464,15.14495004746145,1.0,5,,,,True
131,-0.346648828125,6,True,0.04205267725696071,0.04195267725696071,15.265396314950856,1.0,5,,,,True
132,-0.33165,0,True,0.02729050008472589,0.02719050008472589,14.53455426947904,1.0,4,,,,True
132,-0.33165,1,True,0.029716061206882305,0.029616061206882306,14.65525075904955,1.0,4,,,,True
132,-0.33165,2,True,0.03216022022692755,0.03206022022692755,14.77757491671056,1.0,5,,,,True
132,-0.33165,3,True,0.03461173748754032,0.034511737487540314,14.900482613728169,1.0,5,,,,True
132,-0.33165,4,True,0.03706897868918757,0.03696897868918757,15.023159455563999,1.0,5,,,,True
132,-0.33165,5,True,0.03953012861068306,0.039430128610683055,15.14495004746145,1.0,5,,,,True
132,-0.33165,6,True,0.04199276908114902,0.041892769081149014,15.265396314950856,1.0,5,,,,True
133,-0.316651171875,0,True,0.027117661106098367,0.027017661106098368,14.53455426947904,1.0,5,,,,True
133,-0.316651171875,1,True,0.029571435628794163,0.029471435628794163,14.65525075904955,1.0,5,,,,True
133,-0.316651171875,2,True,0.032033272482734354,0.03193327248273435,14.77757491671056,1.0,5,,,,True
133,-0.316651171875,3,True,0.03450198745433708,0.03440198745433708,14.900482613728169,1.0,5,,,,True
133,-0.316651171875,4,True,0.03697619842441524,0.03687619842441524,15.023159455563999,1.0,5,,,,True
133,-0.316651171875,5,True,0.039454005870271036,0.03935400587027103,15.14495004746145,1.0,5,,,,True
133,-0.316651171875,6,True,0.04193598666084419,0.04183598666084419,15.265396314950856,1.0,6,,,,True
134,-0.30165234375000005,0,True,0.026955854972476878,0.02685585497247688,14.53455426947904,1.0,5,,,,True
134,-0.30165234375000005,1,True,0.02942711754624794,0.02932711754624794,14.65525075904955,1.0,5,,,,True
134,-0.30165234375000005,2,True,0.031905941202511556,0.03180594120251155,14.77757491671056,1.0,5,,,,True
134,-0.30165234375000005,3,True,0.03439223372285394,0.034292233722853935,14.900482613728169,1.0,5,,,,True
134,-0.30165234375000005,4,True,0.03688780760614163,0.03678780760614163,15.023159455563999,1.0,6,,,,True
134,-0.30165234375000005,5,True,0.039390214647595734,0.03929021464759573,15.14495004746145,1.0,6,,,,True
134,-0.30165234375000005,6,True,0.04189208474706385,0.04179208474706385,15.265396314950856,1.0,6,,,,True
135,-0.2866535156250001,0,True,0.026794047798802012,0.026694047798802013,14.53455426947904,1.0,5,,,,True
135,-0.2866535156250001,1,True,0.029282366073315913,0.029182366073315914,14.65525075904955,1.0,5,,,,True
135,-0.2866535156250001,2,True,0.03178311688074675,0.03168311688074675,14.77757491671056,1.0,6,,,,True
135,-0.2866535156250001,3,True,0.034295922331625484,0.03419592233162548,14.900482613728169,1.0,6,,,,True
135,-0.2866535156250001,4,True,0.036812450068831826,0.03671245006883182,15.023159455563999,1.0,6,,,,True
135,-0.2866535156250001,5,True,0.039330911993800566,0.03923091199380056,15.14495004746145,1.0,6,,,,True
135,-0.2866535156250001,6,True,0.04184818248987998,0.04174818248987998,15.265396314950856,1.0,6,,,,True
136,-0.2716546875000001,0,True,0.02663441206778261,0.02653441206778261,14.53455426947904,1.0,6,,,,True
136,-0.2716546875000001,1,True,0.029150795779545824,0.029050795779545825,14.65525075904955,1.0,6,,,,True
136,-0.2716546875000001,2,True,0.03167446168613841,0.03157446168613841,14.77757491671056,1.0,6,,,,True
136,-0.2716546875000001,3,True,0.034204068594465564,0.03410406859446556,14.900482613728169,1.0,6,,,,True
136,-0.2716546875000001,4,True,0.03673709159585625,0.03663709159585625,15.023159455563999,1.0,6,,,,True
136,-0.2716546875000001,5,True,0.03927160867564483,0.03917160867564483,15.14495004746145,1.0,6,,,,True
136,-0.2716546875000001,6,True,0.04180446227382317,0.04170446227382317,15.265396314950856,1.0,7,,,,True
137,-0.2566558593749999,0,True,0.026491142708465087,0.026391142708465088,14.53455426947904,1.0,6,,,,True
137,-0.2566558593749999,1,True,0.029025121754020944,0.028925121754020944,14.65525075904955,1.0,6,,,,True
137,-0.2566558593749999,2,True,0.03156580607454851,0.031465806074548505,14.77757491671056,1.0,6,,,,True
137,-0.2566558593749999,3,True,0.03411221393850461,0.03401221393850461,14.900482613728169,1.0,6,,,,True
137,-0.2566558593749999,4,True,0.036662699172015145,0.03656269917201514,15.023159455563999,1.0,7,,,,True
137,-0.2566558593749999,5,True,0.03922099126905332,0.039120991269053315,15.14495004746145,1.0,7,,,,True
137,-0.2566558593749999,6,True,0.041775332257834474,0.04167533225783447,15.265396314950856,1.0,7,,,,True
138,-0.24165703124999993,0,True,0.026348300525385948,0.02624830052538595,14.53455426947904,1.0,6,,,,True
138,-0.24165703124999993,1,True,0.028899448778032966,0.028799448778032966,14.65525075904955,1.0,6,,,,True
138,-0.24165703124999993,2,True,0.031457586300163154,0.03135758630016315,14.77757491671056,1.0,7,,,,True
138,-0.24165703124999993,3,True,0.03402998622867237,0.03392998622867237,14.900482613728169,1.0,7,,,,True
138,-0.24165703124999993,4,True,0.03660415616933399,0.03650415616933399,15.023159455563999,1.0,7,,,,True
138,-0.24165703124999993,5,True,0.039177649781033,0.039077649781032994,15.14495004746145,1.0,7,,,,True
138,-0.24165703124999993,6,True,0.04174620227203274,0.04164620227203274,15.265396314950856,1.0,7,,,,True
139,-0.22665820312499996,0,True,0.02620546224458975,0.02610546224458975,14.53455426947904,1.0,6,,,,True
139,-0.22665820312499996,1,True,0.028782526224857552,0.028682526224857553,14.65525075904955,1.0,7,,,,True
139,-0.22665820312499996,2,True,0.03136692023455767,0.03126692023455767,14.77757491671056,1.0,7,,,,True
139,-0.22665820312499996,3,True,0.03395559727987285,0.03385559727987285,14.900482613728169,1.0,7,,,,True
139,-0.22665820312499996,4,True,0.03654561326964911,0.03644561326964911,15.023159455563999,1.0,7,,,,True
139,-0.22665820312499996,5,True,0.03913430830967357,0.03903430830967357,15.14495004746145,1.0,7,,,,True
139,-0.22665820312499996,6,True,0.04171707231709609,0.04161707231709609,15.265396314950856,1.0,7,,,,True
140,-0.21165937499999998,0,True,0.026079597404156107,0.025979597404156108,14.53455426947904,1.0,7,,,,True
140,-0.21165937499999998,1,True,0.028675290726565272,0.028575290726565273,14.65525075904955,1.0,7,,,,True
140,-0.21165937499999998,2,True,0.03127625558593872,0.031176255585938718,14.77757491671056,1.0,7,,,,True
140,-0.21165937499999998,3,True,0.033881208827663656,0.03378120882766365,14.900482613728169,1.0,7,,,,True
140,-0.21165937499999998,4,True,0.036487070482102535,0.03638707048210253,15.023159455563999,1.0,7,,,,True
140,-0.21165937499999998,5,True,0.0390972325095702,0.0389972325095702,15.14495004746145,1.0,8,,,,True
140,-0.21165937499999998,6,True,0.04169958617303671,0.041599586173036704,15.265396314950856,1.0,8,,,,True
141,-0.196660546875,0,True,0.025955594679679894,0.025855594679679895,14.53455426947904,1.0,7,,,,True
141,-0.196660546875,1,True,0.028568058484589987,0.028468058484589987,14.65525075904955,1.0,7,,,,True
141,-0.196660546875,2,True,0.031185592399646467,0.031085592399646467,14.77757491671056,1.0,7,,,,True
141,-0.196660546875,3,True,0.033813909674021314,0.03371390967402131,14.900482613728169,1.0,8,,,,True
141,-0.196660546875,4,True,0.03644337086969651,0.03634337086969651,15.023159455563999,1.0,8,,,,True
141,-0.196660546875,5,True,0.03906855443228663,0.038968554432286626,15.14495004746145,1.0,8,,,,True
141,-0.196660546875,6,True,0.04168336784513604,0.04158336784513604,15.265396314950856,1.0,8,,,,True
142,-0.18166171875000003,0,True,0.025831598365007036,0.025731598365007036,14.53455426947904,1.0,7,,,,True
142,-0.18166171875000003,1,True,0.028466882982213892,0.028366882982213893,14.65525075904955,1.0,8,,,,True
142,-0.18166171875000003,2,True,0.031110480266539398,0.031010480266539398,14.77757491671056,1.0,8,,,,True
142,-0.18166171875000003,3,True,0.033756296659122054,0.03365629665912205,14.900482613728169,1.0,8,,,,True
142,-0.18166171875000003,4,True,0.036400710493968536,0.03630071049396853,15.023159455563999,1.0,8,,,,True
142,-0.18166171875000003,5,True,0.03903987652897767,0.038939876528977665,15.14495004746145,1.0,8,,,,True
142,-0.18166171875000003,6,True,0.041667149579322604,0.0415671495793226,15.265396314950856,1.0,8,,,,True
143,-0.16666289062500006,0,True,0.025721640735714146,0.025621640735714147,14.53455426947904,1.0,8,,,,True
143,-0.16666289062500006,1,True,0.028377692331428506,0.028277692331428506,14.65525075904955,1.0,8,,,,True
143,-0.16666289062500006,2,True,0.031037287109759504,0.030937287109759504,14.77757491671056,1.0,8,,,,True
143,-0.16666289062500006,3,True,0.03369868460283021,0.033598684602830206,14.900482613728169,1.0,8,,,,True
143,-0.16666289062500006,4,True,0.03635805053422514,0.036258050534225136,15.023159455563999,1.0,8,,,,True
143,-0.16666289062500006,5,True,0.03901585659017792,0.03891585659017792,15.14495004746145,1.0,9,,,,True
143,-0.16666289062500006,6,True,0.041659522295325324,0.04155952229532532,15.265396314950856,1.0,9,,,,True
144,-0.15166406250000009,0,True,0.025616180870330574,0.025516180870330574,14.53455426947904,1.0,8,,,,True
144,-0.15166406250000009,1,True,0.028288505689327614,0.028188505689327615,14.65525075904955,1.0,8,,,,True
144,-0.15166406250000009,2,True,0.03096409601852823,0.03086409601852823,14.77757491671056,1.0,8,,,,True
144,-0.15166406250000009,3,True,0.033646557448751224,0.03354655744875122,14.900482613728169,1.0,9,,,,True
144,-0.15166406250000009,4,True,0.03632796479053768,0.03622796479053768,15.023159455563999,1.0,9,,,,True
144,-0.15166406250000009,5,True,0.03899993629616416,0.03889993629616416,15.14495004746145,1.0,9,,,,True
144,-0.15166406250000009,6,True,0.041653455489799374,0.04155345548979937,15.265396314950856,1.0,9,,,,True
145,-0.1366652343750001,0,True,0.02551072823556355,0.025410728235563552,14.53455426947904,1.0,8,,,,True
145,-0.1366652343750001,1,True,0.0282036715800551,0.0281036715800551,14.65525075904955,1.0,9,,,,True
145,-0.1366652343750001,2,True,0.03090442269343141,0.03080442269343141,14.77757491671056,1.0,9,,,,True
145,-0.1366652343750001,3,True,0.03360471203934079,0.03350471203934079,14.900482613728169,1.0,9,,,,True
145,-0.1366652343750001,4,True,0.036299825213574444,0.03619982521357444,15.023159455563999,1.0,9,,,,True
145,-0.1366652343750001,5,True,0.038984016098012386,0.03888401609801238,15.14495004746145,1.0,9,,,,True
145,-0.1366652343750001,6,True,0.04164738868427387,0.041547388684273864,15.265396314950856,1.0,9,,,,True
146,-0.12166640625000014,0,True,0.02541730115391294,0.025317301153912942,14.53455426947904,1.0,9,,,,True
146,-0.12166640625000014,1,True,0.028131920410201516,0.028031920410201517,14.65525075904955,1.0,9,,,,True
146,-0.12166640625000014,2,True,0.03084792906322198,0.03074792906322198,14.77757491671056,1.0,9,,,,True
146,-0.12166640625000014,3,True,0.0335628674817432,0.033462867481743194,14.900482613728169,1.0,9,,,,True
146,-0.12166640625000014,4,True,0.036271685969657685,0.03617168596965768,15.023159455563999,1.0,9,,,,True
146,-0.12166640625000014,5,True,0.038971518034072616,0.038871518034072614,15.14495004746145,1.0,10,,,,True
146,-0.12166640625000014,6,True,0.041646362618887434,0.04154636261888743,15.265396314950856,1.0,10,,,,True
147,-0.10666757812500016,0,True,0.025329901737491056,0.025229901737491057,14.53455426947904,1.0,9,,,,True
147,-0.10666757812500016,1,True,0.02806017298642649,0.02796017298642649,14.65525075904955,1.0,9,,,,True
147,-0.10666757812500016,2,True,0.030791437326316284,0.030691437326316285,14.77757491671056,1.0,9,,,,True
147,-0.10666757812500016,3,True,0.03352550213818439,0.03342550213818439,14.900482613728169,1.0,10,,,,True
147,-0.10666757812500016,4,True,0.0362540671364302,0.0361540671364302,15.023159455563999,1.0,10,,,,True
147,-0.10666757812500016,5,True,0.038965581138611594,0.03886558113861159,15.14495004746145,1.0,10,,,,True
147,-0.10666757812500016,6,True,0.041646362618887434,0.04154636261888743,15.265396314950856,1.0,10,,,,True
148,-0.09166875000000019,0,True,0.02524250912538273,0.02514250912538273,14.53455426947904,1.0,9,,,,True
148,-0.09166875000000019,1,True,0.02799177206335246,0.02789177206335246,14.65525075904955,1.0,10,,,,True
148,-0.09166875000000019,2,True,0.030746932372622382,0.030646932372622383,14.77757491671056,1.0,10,,,,True
148,-0.09166875000000019,3,True,0.03349799834749101,0.033397998347491006,14.900482613728169,1.0,10,,,,True
148,-0.09166875000000019,4,True,0.03623849803257562,0.036138498032575614,15.023159455563999,1.0,10,,,,True
148,-0.09166875000000019,5,True,0.03895964424315057,0.03885964424315057,15.14495004746145,1.0,10,,,,True
148,-0.09166875000000019,6,True,0.041646362618887434,0.04154636261888743,15.265396314950856,1.0,10,,,,True
149,-0.07666992187500021,0,True,0.025165752567911426,0.025065752567911426,14.53455426947904,1.0,10,,,,True
149,-0.07666992187500021,1,True,0.027936605186897,0.027836605186897,14.65525075904955,1.0,10,,,,True
149,-0.07666992187500021,2,True,0.030706053054924354,0.030606053054924354,14.77757491671056,1.0,10,,,,True
149,-0.07666992187500021,3,True,0.03347049506367572,0.03337049506367572,14.900482613728169,1.0,10,,,,True
149,-0.07666992187500021,4,True,0.03622292906196245,0.03612292906196245,15.023159455563999,1.0,10,,,,True
149,-0.07666992187500021,5,True,0.03895577113830262,0.03885577113830262,15.14495004746145,1.0,11,,,,True
149,-0.07666992187500021,6,True,0.041646362618887434,0.04154636261888743,15.265396314950856,1.0,10,,,,True
150,-0.061671093749999795,0,True,0.025095720868086424,0.024995720868086425,14.53455426947904,1.0,10,,,,True
150,-0.061671093749999795,1,True,0.02788144120648406,0.02778144120648406,14.65525075904955,1.0,10,,,,True
150,-0.061671093749999795,2,True,0.030665175067527528,0.03056517506752753,14.77757491671056,1.0,10,,,,True
150,-0.061671093749999795,3,True,0.03344673772939233,0.033346737729392326,14.900482613728169,1.0,11,,,,True
150,-0.061671093749999795,4,True,0.03621552819789109,0.036115528197891086,15.023159455563999,1.0,11,,,,True
150,-0.061671093749999795,5,True,0.03895577113830262,0.03885577113830262,15.14495004746145,1.0,11,,,,True
150,-0.061671093749999795,6,True,0.041646362618887434,0.04154636261888743,15.265396314950856,1.0,10,,,,True
151,-0.04667226562499982,0,True,0.025025694746572125,0.024925694746572125,14.53455426947904,1.0,10,,,,True
151,-0.04667226562499982,1,True,0.027829050642344644,0.027729050642344644,14.65525075904955,1.0,11,,,,True
151,-0.04667226562499982,2,True,0.030634919466538957,0.030534919466538957,14.77757491671056,1.0,11,,,,True
151,-0.04667226562499982,3,True,0.03343158021312842,0.03333158021312842,14.900482613728169,1.0,11,,,,True
151,-0.04667226562499982,4,True,0.036209743470970945,0.03610974347097094,15.023159455563999,1.0,11,,,,True
151,-0.04667226562499982,5,True,0.03895577113830262,0.03885577113830262,15.14495004746145,1.0,11,,,,True
151,-0.04667226562499982,6,True,0.041646362618887434,0.04154636261888743,15.265396314950856,1.0,10,,,,True
152,-0.031673437499999846,0,True,0.024965268293493992,0.024865268293493992,14.53455426947904,1.0,11,,,,True
152,-0.031673437499999846,1,True,0.027789304110632962,0.027689304110632963,14.65525075904955,1.0,11,,,,True
152,-0.031673437499999846,2,True,0.030608162143410222,0.030508162143410223,14.77757491671056,1.0,11,,,,True
152,-0.031673437499999846,3,True,0.033416422870999885,0.03331642287099988,14.900482613728169,1.0,11,,,,True
152,-0.031673437499999846,4,True,0.0362039587440508,0.0361039587440508,15.023159455563999,1.0,11,,,,True
152,-0.031673437499999846,5,True,0.03895577113830262,0.03885577113830262,15.14495004746145,1.0,11,,,,True
152,-0.031673437499999846,6,True,0.041646362618887434,0.04154636261888743,15.265396314950856,1.0,10,,,,True
153,-0.01667460937499987,0,True,0.024911663249251426,0.024811663249251426,14.53455426947904,1.0,11,,,,True
153,-0.01667460937499987,1,True,0.0277495594233077,0.027649559423307702,14.65525075904955,1.0,11,,,,True
153,-0.01667460937499987,2,True,0.030581405517155158,0.03048140551715516,14.77757491671056,1.0,11,,,,True
153,-0.01667460937499987,3,True,0.03340422900389051,0.033304229003890504,14.900482613728169,1.0,12,,,,True
153,-0.01667460937499987,4,True,0.03620308370814751,0.03610308370814751,15.023159455563999,1.0,12,,,,True
153,-0.01667460937499987,5,True,0.03895577113830262,0.03885577113830262,15.14495004746145,1.0,11,,,,True
153,-0.01667460937499987,6,True,0.041646362618887434,0.04154636261888743,15.265396314950856,1.0,10,,,,True
154,-0.001675781249999897,0,True,0.024858062187788743,0.024758062187788744,14.53455426947904,1.0,11,,,,True
154,-0.001675781249999897,1,True,0.027712213944347308,0.02761221394434731,14.65525075904955,1.0,12,,,,True
154,-0.001675781249999897,2,True,0.030563736081066217,0.030463736081066218,14.77757491671056,1.0,12,,,,True
154,-0.001675781249999897,3,True,0.03339862204263211,0.033298622042632106,14.900482613728169,1.0,12,,,,True
154,-0.001675781249999897,4,True,0.03620308370814751,0.03610308370814751,15.023159455563999,1.0,12,,,,True
154,-0.001675781249999897,5,True,0.03895577113830262,0.03885577113830262,15.14495004746145,1.0,11,,,,True
154,-0.001675781249999897,6,True,0.041646362618887434,0.04154636261888743,15.265396314950856,1.0,10,,,,True
155,0.013323046875000077,0,True,0.024813132590377762,0.024713132590377763,14.53455426947904,1.0,12,,,,True
155,0.013323046875000077,1,True,0.027686326306042286,0.027586326306042287,14.65525075904955,1.0,12,,,,True
155,0.013323046875000077,2,True,0.03054905910732897,0.03044905910732897,14.77757491671056,1.0,12,,,,True
155,0.013323046875000077,3,True,0.03339301508137371,0.03329301508137371,14.900482613728169,1.0,12,,,,True
155,0.013323046875000077,4,True,0.03620308370814751,0.03610308370814751,15.023159455563999,1.0,12,,,,True
155,0.013323046875000077,5,True,0.03895577113830262,0.03885577113830262,15.14495004746145,1.0,11,,,,True
155,0.013323046875000077,6,True,0.041646362618887434,0.04154636261888743,15.265396314950856,1.0,10,,,,True
156,0.028321875000000052,0,True,0.024774708014414504,0.024674708014414504,14.53455426947904,1.0,12,,,,True
156,0.028321875000000052,1,True,0.027660439569020756,0.027560439569020757,14.65525075904955,1.0,12,,,,True
156,0.028321875000000052,2,True,0.030534382352277678,0.03043438235227768,14.77757491671056,1.0,12,,,,True
156,0.028321875000000052,3,True,0.03338922264865829,0.03328922264865829,14.900482613728169,1.0,13,,,,True
156,0.028321875000000052,4,True,0.03620308370814751,0.03610308370814751,15.023159455563999,1.0,12,,,,True
156,0.028321875000000052,5,True,0.03895577113830262,0.03885577113830262,15.14495004746145,1.0,11,,,,True
156,0.028321875000000052,6,True,0.041646362618887434,0.04154636261888743,15.265396314950856,1.0,10,,,,True
157,0.043320703125000026,0,True,0.024736285837204885,0.024636285837204886,14.53455426947904,1.0,12,,,,True
157,0.043320703125000026,1,True,0.02763658131826885,0.02753658131826885,14.65525075904955,1.0,13,,,,True
157,0.043320703125000026,2,True,0.030526742201996804,0.030426742201996804,14.77757491671056,1.0,13,,,,True
157,0.043320703125000026,3,True,0.03338922264865829,0.03328922264865829,14.900482613728169,1.0,13,,,,True
157,0.043320703125000026,4,True,0.03620308370814751,0.03610308370814751,15.023159455563999,1.0,12,,,,True
157,0.043320703125000026,5,True,0.03895577113830262,0.03885577113830262,15.14495004746145,1.0,11,,,,True
157,0.043320703125000026,6,True,0.041646362618887434,0.04154636261888743,15.265396314950856,1.0,10,,,,True
158,0.05831953125,0,True,0.024705500190453034,0.024605500190453034,14.53455426947904,1.0,13,,,,True
158,0.05831953125,1,True,0.02762246239688837,0.02752246239688837,14.65525075904955,1.0,13,,,,True
158,0.05831953125,2,True,0.03052134225761316,0.03042134225761316,14.77757491671056,1.0,13,,,,True
158,0.05831953125,3,True,0.03338922264865829,0.03328922264865829,14.900482613728169,1.0,13,,,,True
158,0.05831953125,4,True,0.03620308370814751,0.03610308370814751,15.023159455563999,1.0,12,,,,True
158,0.05831953125,5,True,0.03895577113830262,0.03885577113830262,15.14495004746145,1.0,11,,,,True
158,0.05831953125,6,True,0.041646362618887434,0.04154636261888743,15.265396314950856,1.0,10,,,,True
159,0.07331835937499998,0,True,0.024680621800571956,0.024580621800571956,14.53455426947904,1.0,13,,,,True
159,0.07331835937499998,1,True,0.027608343742178576,0.027508343742178577,14.65525075904955,1.0,13,,,,True
159,0.07331835937499998,2,True,0.030515942313229516,0.030415942313229517,14.77757491671056,1.0,13,,,,True
159,0.07331835937499998,3,True,0.03338922264865829,0.03328922264865829,14.900482613728169,1.0,13,,,,True
159,0.07331835937499998,4,True,0.03620308370814751,0.03610308370814751,15.023159455563999,1.0,12,,,,True
159,0.07331835937499998,5,True,0.03895577113830262,0.03885577113830262,15.14495004746145,1.0,11,,,,True
159,0.07331835937499998,6,True,0.041646362618887434,0.04154636261888743,15.265396314950856,1.0,10,,,,True
160,0.08831718749999995,0,True,0.024655744531511647,0.024555744531511648,14.53455426947904,1.0,13,,,,True
160,0.08831718749999995,1,True,0.02759574453398317,0.02749574453398317,14.65525075904955,1.0,14,,,,True
160,0.08831718749999995,2,True,0.030514662075184606,0.030414662075184607,14.77757491671056,1.0,14,,,,True
160,0.08831718749999995,3,True,0.03338922264865829,0.03328922264865829,14.900482613728169,1.0,13,,,,True
160,0.08831718749999995,4,True,0.03620308370814751,0.03610308370814751,15.023159455563999,1.0,12,,,,True
160,0.08831718749999995,5,True,0.03895577113830262,0.03885577113830262,15.14495004746145,1.0,11,,,,True
160,0.08831718749999995,6,True,0.041646362618887434,0.04154636261888743,15.265396314950856,1.0,10,,,,True
161,0.10331601562499992,0,True,0.024637185698566544,0.024537185698566544,14.53455426947904,1.0,14,,,,True
161,0.10331601562499992,1,True,0.027590584796601814,0.027490584796601814,14.65525075904955,1.0,14,,,,True
161,0.10331601562499992,2,True,0.030514662075184606,0.030414662075184607,14.77757491671056,1.0,14,,,,True
161,0.10331601562499992,3,True,0.03338922264865829,0.03328922264865829,14.900482613728169,1.0,13,,,,True
161,0.10331601562499992,4,True,0.03620308370814751,0.03610308370814751,15.023159455563999,1.0,12,,,,True
161,0.10331601562499992,5,True,0.03895577113830262,0.03885577113830262,15.14495004746145,1.0,11,,,,True
161,0.10331601562499992,6,True,0.041646362618887434,0.04154636261888743,15.265396314950856,1.0,10,,,,True
162,0.1183148437499999,0,True,0.0246237123328501,0.0245237123328501,14.53455426947904,1.0,14,,,,True
162,0.1183148437499999,1,True,0.02758542505922046,0.02748542505922046,14.65525075904955,1.0,14,,,,True
162,0.1183148437499999,2,True,0.030514662075184606,0.030414662075184607,14.77757491671056,1.0,14,,,,True
162,0.1183148437499999,3,True,0.03338922264865829,0.03328922264865829,14.900482613728169,1.0,13,,,,True
162,0.1183148437499999,4,True,0.03620308370814751,0.03610308370814751,15.023159455563999,1.0,12,,,,True
162,0.1183148437499999,5,True,0.03895577113830262,0.03885577113830262,15.14495004746145,1.0,11,,,,True
162,0.1183148437499999,6,True,0.041646362618887434,0.04154636261888743,15.265396314950856,1.0,10,,,,True
163,0.13331367187499987,0,True,0.024610239285182356,0.024510239285182357,14.53455426947904,1.0,14,,,,True
163,0.13331367187499987,1,True,0.027581079834152256,0.027481079834152256,14.65525075904955,1.0,15,,,,True
163,0.13331367187499987,2,True,0.030514662075184606,0.030414662075184607,14.77757491671056,1.0,14,,,,True
163,0.13331367187499987,3,True,0.03338922264865829,0.03328922264865829,14.900482613728169,1.0,13,,,,True
163,0.13331367187499987,4,True,0.03620308370814751,0.03610308370814751,15.023159455563999,1.0,12,,,,True
163,0.13331367187499987,5,True,0.03895577113830262,0.03885577113830262,15.14495004746145,1.0,11,,,,True
163,0.13331367187499987,6,True,0.041646362618887434,0.04154636261888743,15.265396314950856,1.0,10,,,,True
164,0.14831249999999985,0,True,0.024601363492061434,0.024501363492061435,14.53455426947904,1.0,15,,,,True
164,0.14831249999999985,1,True,0.027581079834152256,0.027481079834152256,14.65525075904955,1.0,15,,,,True
164,0.14831249999999985,2,True,0.030514662075184606,0.030414662075184607,14.77757491671056,1.0,14,,,,True
164,0.14831249999999985,3,True,0.03338922264865829,0.03328922264865829,14.900482613728169,1.0,13,,,,True
164,0.14831249999999985,4,True,0.03620308370814751,0.03610308370814751,15.023159455563999,1.0,12,,,,True
164,0.14831249999999985,5,True,0.03895577113830262,0.03885577113830262,15.14495004746145,1.0,11,,,,True
164,0.14831249999999985,6,True,0.041646362618887434,0.04154636261888743,15.265396314950856,1.0,10,,,,True
165,0.16331132812499982,0,True,0.024596481302729067,0.024496481302729068,14.53455426947904,1.0,15,,,,True
165,0.16331132812499982,1,True,0.027581079834152256,0.027481079834152256,14.65525075904955,1.0,15,,,,True
165,0.16331132812499982,2,True,0.030514662075184606,0.030414662075184607,14.77757491671056,1.0,14,,,,True
165,0.16331132812499982,3,True,0.03338922264865829,0.03328922264865829,14.900482613728169,1.0,13,,,,True
165,0.16331132812499982,4,True,0.03620308370814751,0.03610308370814751,15.023159455563999,1.0,12,,,,True
165,0.16331132812499982,5,True,0.03895577113830262,0.03885577113830262,15.14495004746145,1.0,11,,,,True
165,0.16331132812499982,6,True,0.041646362618887434,0.04154636261888743,15.265396314950856,1.0,10,,,,True
166,0.1783101562499998,0,True,0.024591599113397145,0.024491599113397145,14.53455426947904,1.0,15,,,,True
166,0.1783101562499998,1,True,0.027581079834152256,0.027481079834152256,14.65525075904955,1.0,15,,,,True
166,0.1783101562499998,2,True,0.030514662075184606,0.030414662075184607,14.77757491671056,1.0,14,,,,True
166,0.1783101562499998,3,True,0.03338922264865829,0.03328922264865829,14.900482613728169,1.0,13,,,,True
166,0.1783101562499998,4,True,0.03620308370814751,0.03610308370814751,15.023159455563999,1.0,12,,,,True
166,0.1783101562499998,5,True,0.03895577113830262,0.03885577113830262,15.14495004746145,1.0,11,,,,True
166,0.1783101562499998,6,True,0.041646362618887434,0.04154636261888743,15.265396314950856,1.0,10,,,,True
167,0.19330898437500021,0,True,0.024589163140978698,0.0244891631409787,14.53455426947904,1.0,16,,,,True
167,0.19330898437500021,1,True,0.027581079834152256,0.027481079834152256,14.65525075904955,1.0,15,,,,True
167,0.19330898437500021,2,True,0.030514662075184606,0.030414662075184607,14.77757491671056,1.0,14,,,,True
167,0.19330898437500021,3,True,0.03338922264865829,0.03328922264865829,14.900482613728169,1.0,13,,,,True
167,0.19330898437500021,4,True,0.03620308370814751,0.03610308370814751,15.023159455563999,1.0,12,,,,True
167,0.19330898437500021,5,True,0.03895577113830262,0.03885577113830262,15.14495004746145,1.0,11,,,,True
167,0.19330898437500021,6,True,0.041646362618887434,0.04154636261888743,15.265396314950856,1.0,10,,,,True
168,0.2083078125000002,0,True,0.024589163140978698,0.0244891631409787,14.53455426947904,1.0,16,,,,True
168,0.2083078125000002,1,True,0.027581079834152256,0.027481079834152256,14.65525075904955,1.0,15,,,,True
168,0.2083078125000002,2,True,0.030514662075184606,0.030414662075184607,14.77757491671056,1.0,14,,,,True
168,0.2083078125000002,3,True,0.03338922264865829,0.03328922264865829,14.900482613728169,1.0,13,,,,True
168,0.2083078125000002,4,True,0.03620308370814751,0.03610308370814751,15.023159455563999,1.0,12,,,,True
168,0.2083078125000002,5,True,0.03895577113830262,0.03885577113830262,15.14495004746145,1.0,11,,,,True
168,0.2083078125000002,6,True,0.041646362618887434,0.04154636261888743,15.265396314950856,1.0,10,,,,True
169,0.22330664062500016,0,True,0.024589163140978698,0.0244891631409787,14.53455426947904,1.0,16,,,,True
169,0.22330664062500016,1,True,0.027581079834152256,0.027481079834152256,14.65525075904955,1.0,15,,,,True
169,0.22330664062500016,2,True,0.030514662075184606,0.030414662075184607,14.77757491671056,1.0,14,,,,True
169,0.22330664062500016,3,True,0.03338922264865829,0.03328922264865829,14.900482613728169,1.0,13,,,,True
169,0.22330664062500016,4,True,0.03620308370814751,0.03610308370814751,15.023159455563999,1.0,12,,,,True
169,0.22330664062500016,5,True,0.03895577113830262,0.03885577113830262,15.14495004746145,1.0,11,,,,True
169,0.22330664062500016,6,True,0.041646362618887434,0.04154636261888743,15.265396314950856,1.0,10,,,,True
170,0.23830546875000014,0,True,0.024589163140978698,0.0244891631409787,14.53455426947904,1.0,16,,,,True
170,0.23830546875000014,1,True,0.027581079834152256,0.027481079834152256,14.65525075904955,1.0,15,,,,True
170,0.23830546875000014,2,True,0.030514662075184606,0.030414662075184607,14.77757491671056,1.0,14,,,,True
170,0.23830546875000014,3,True,0.03338922264865829,0.03328922264865829,14.900482613728169,1.0,13,,,,True
170,0.23830546875000014,4,True,0.03620308370814751,0.03610308370814751,15.023159455563999,1.0,12,,,,True
170,0.23830546875000014,5,True,0.03895577113830262,0.03885577113830262,15.14495004746145,1.0,11,,,,True
170,0.23830546875000014,6,True,0.041646362618887434,0.04154636261888743,15.265396314950856,1.0,10,,,,True
171,0.2533042968750001,0,True,0.024589163140978698,0.0244891631409787,14.53455426947904,1.0,16,,,,True
171,0.2533042968750001,1,True,0.027581079834152256,0.027481079834152256,14.65525075904955,1.0,15,,,,True
171,0.2533042968750001,2,True,0.030514662075184606,0.030414662075184607,14.77757491671056,1.0,14,,,,True
171,0.2533042968750001,3,True,0.03338922264865829,0.03328922264865829,14.900482613728169,1.0,13,,,,True
171,0.2533042968750001,4,True,0.03620308370814751,0.03610308370814751,15.023159455563999,1.0,12,,,,True
171,0.2533042968750001,5,True,0.03895577113830262,0.03885577113830262,15.14495004746145,1.0,11,,,,True
171,0.2533042968750001,6,True,0.041646362618887434,0.04154636261888743,15.265396314950856,1.0,10,,,,True
172,0.2683031250000001,0,True,0.024589163140978698,0.0244891631409787,14.53455426947904,1.0,16,,,,True
172,0.2683031250000001,1,True,0.027581079834152256,0.027481079834152256,14.65525075904955,1.0,15,,,,True
172,0.2683031250000001,2,True,0.030514662075184606,0.030414662075184607,14.77757491671056,1.0,14,,,,True
172,0.2683031250000001,3,True,0.03338922264865829,0.03328922264865829,14.900482613728169,1.0,13,,,,True
172,0.2683031250000001,4,True,0.03620308370814751,0.03610308370814751,15.023159455563999,1.0,12,,,,True
172,0.2683031250000001,5,True,0.03895577113830262,0.03885577113830262,15.14495004746145,1.0,11,,,,True
172,0.2683031250000001,6,True,0.041646362618887434,0.04154636261888743,15.265396314950856,1.0,10,,,,True
173,0.28330195312500006,0,True,0.024589163140978698,0.0244891631409787,14.53455426947904,1.0,16,,,,True
173,0.28330195312500006,1,True,0.027581079834152256,0.027481079834152256,14.65525075904955,1.0,15,,,,True
173,0.28330195312500006,2,True,0.030514662075184606,0.030414662075184607,14.77757491671056,1.0,14,,,,True
173,0.28330195312500006,3,True,0.03338922264865829,0.03328922264865829,14.900482613728169,1.0,13,,,,True
173,0.28330195312500006,4,True,0.03620308370814751,0.03610308370814751,15.023159455563999,1.0,12,,,,True
173,0.28330195312500006,5,True,0.03895577113830262,0.03885577113830262,15.14495004746145,1.0,11,,,,True
173,0.28330195312500006,6,True,0.041646362618887434,0.04154636261888743,15.265396314950856,1.0,10,,,,True
174,0.29830078125000004,0,True,0.024589163140978698,0.0244891631409787,14.53455426947904,1.0,16,,,,True
174,0.29830078125000004,1,True,0.027581079834152256,0.027481079834152256,14.65525075904955,1.0,15,,,,True
174,0.29830078125000004,2,True,0.030514662075184606,0.030414662075184607,14.77757491671056,1.0,14,,,,True
174,0.29830078125000004,3,True,0.03338922264865829,0.03328922264865829,14.900482613728169,1.0,13,,,,True
174,0.29830078125000004,4,True,0.03620308370814751,0.03610308370814751,15.023159455563999,1.0,12,,,,True
174,0.29830078125000004,5,True,0.03895577113830262,0.03885577113830262,15.14495004746145,1.0,11,,,,True
174,0.29830078125000004,6,True,0.041646362618887434,0.04154636261888743,15.265396314950856,1.0,10,,,,True
175,0.313299609375,0,True,0.024589163140978698,0.0244891631409787,14.53455426947904,1.0,16,,,,True
175,0.313299609375,1,True,0.027581079834152256,0.027481079834152256,14.65525075904955,1.0,15,,,,True
175,0.313299609375,2,True,0.030514662075184606,0.030414662075184607,14.77757491671056,1.0,14,,,,True
175,0.313299609375,3,True,0.03338922264865829,0.03328922264865829,14.900482613728169,1.0,13,,,,True
175,0.313299609375,4,True,0.03620308370814751,0.03610308370814751,15.023159455563999,1.0,12,,,,True
175,0.313299609375,5,True,0.03895577113830262,0.03885577113830262,15.14495004746145,1.0,11,,,,True
175,0.313299609375,6,True,0.041646362618887434,0.04154636261888743,15.265396314950856,1.0,10,,,,True
176,0.3282984375,0,True,0.024589163140978698,0.0244891631409787,14.53455426947904,1.0,16,,,,True
176,0.3282984375,1,True,0.027581079834152256,0.027481079834152256,14.65525075904955,1.0,15,,,,True
176,0.3282984375,2,True,0.030514662075184606,0.030414662075184607,14.77757491671056,1.0,14,,,,True
176,0.3282984375,3,True,0.03338922264865829,0.03328922264865829,14.900482613728169,1.0,13,,,,True
176,0.3282984375,4,True,0.03620308370814751,0.03610308370814751,15.023159455563999,1.0,12,,,,True
176,0.3282984375,5,True,0.03895577113830262,0.03885577113830262,15.14495004746145,1.0,11,,,,True
176,0.3282984375,6,True,0.041646362618887434,0.04154636261888743,15.265396314950856,1.0,10,,,,True
177,0.34329726562499996,0,True,0.024589163140978698,0.0244891631409787,14.53455426947904,1.0,16,,,,True
177,0.34329726562499996,1,True,0.027581079834152256,0.027481079834152256,14.65525075904955,1.0,15,,,,True
177,0.34329726562499996,2,True,0.030514662075184606,0.030414662075184607,14.77757491671056,1.0,14,,,,True
177,0.34329726562499996,3,True,0.03338922264865829,0.03328922264865829,14.900482613728169,1.0,13,,,,True
177,0.34329726562499996,4,True,0.03620308370814751,0.03610308370814751,15.023159455563999,1.0,12,,,,True
177,0.34329726562499996,5,True,0.03895577113830262,0.03885577113830262,15.14495004746145,1.0,11,,,,True
177,0.34329726562499996,6,True,0.041646362618887434,0.04154636261888743,15.265396314950856,1.0,10,,,,True
178,0.35829609374999993,0,True,0.024589163140978698,0.0244891631409787,14.53455426947904,1.0,16,,,,True
178,0.35829609374999993,1,True,0.027581079834152256,0.027481079834152256,14.65525075904955,1.0,15,,,,True
178,0.35829609374999993,2,True,0.030514662075184606,0.030414662075184607,14.77757491671056,1.0,14,,,,True
178,0.35829609374999993,3,True,0.03338922264865829,0.03328922264865829,14.900482613728169,1.0,13,,,,True
178,0.35829609374999993,4,True,0.03620308370814751,0.03610308370814751,15.023159455563999,1.0,12,,,,True
178,0.35829609374999993,5,True,0.03895577113830262,0.03885577113830262,15.14495004746145,1.0,11,,,,True
178,0.35829609374999993,6,True,0.041646362618887434,0.04154636261888743,15.265396314950856,1.0,10,,,,True
179,0.3732949218749999,0,True,0.024589163140978698,0.0244891631409787,14.53455426947904,1.0,16,,,,True
179,0.3732949218749999,1,True,0.027581079834152256,0.027481079834152256,14.65525075904955,1.0,15,,,,True
179,0.3732949218749999,2,True,0.030514662075184606,0.030414662075184607,14.77757491671056,1.0,14,,,,True
179,0.3732949218749999,3,True,0.03338922264865829,0.03328922264865829,14.900482613728169,1.0,13,,,,True
179,0.3732949218749999,4,True,0.03620308370814751,0.03610308370814751,15.023159455563999,1.0,12,,,,True
179,0.3732949218749999,5,True,0.03895577113830262,0.03885577113830262,15.14495004746145,1.0,11,,,,True
179,0.3732949218749999,6,True,0.041646362618887434,0.04154636261888743,15.265396314950856,1.0,10,,,,True
180,0.3882937499999999,0,True,0.024589163140978698,0.0244891631409787,14.53455426947904,1.0,16,,,,True
180,0.3882937499999999,1,True,0.027581079834152256,0.027481079834152256,14.65525075904955,1.0,15,,,,True
180,0.3882937499999999,2,True,0.030514662075184606,0.030414662075184607,14.77757491671056,1.0,14,,,,True
180,0.3882937499999999,3,True,0.03338922264865829,0.03328922264865829,14.900482613728169,1.0,13,,,,True
180,0.3882937499999999,4,True,0.03620308370814751,0.03610308370814751,15.023159455563999,1.0,12,,,,True
180,0.3882937499999999,5,True,0.03895577113830262,0.03885577113830262,15.14495004746145,1.0,11,,,,True
180,0.3882937499999999,6,True,0.041646362618887434,0.04154636261888743,15.265396314950856,1.0,10,,,,True
181,0.40329257812499986,0,True,0.024589163140978698,0.0244891631409787,14.53455426947904,1.0,16,,,,True
181,0.40329257812499986,1,True,0.027581079834152256,0.027481079834152256,14.65525075904955,1.0,15,,,,True
181,0.40329257812499986,2,True,0.030514662075184606,0.030414662075184607,14.77757491671056,1.0,14,,,,True
181,0.40329257812499986,3,True,0.03338922264865829,0.03328922264865829,14.900482613728169,1.0,13,,,,True
181,0.40329257812499986,4,True,0.03620308370814751,0.03610308370814751,15.023159455563999,1.0,12,,,,True
181,0.40329257812499986,5,True,0.03895577113830262,0.03885577113830262,15.14495004746145,1.0,11,,,,True
181,0.40329257812499986,6,True,0.041646362618887434,0.04154636261888743,15.265396314950856,1.0,10,,,,True
182,0.41829140624999983,0,True,0.024589163140978698,0.0244891631409787,14.53455426947904,1.0,16,,,,True
182,0.41829140624999983,1,True,0.027581079834152256,0.027481079834152256,14.65525075904955,1.0,15,,,,True
182,0.41829140624999983,2,True,0.030514662075184606,0.030414662075184607,14.77757491671056,1.0,14,,,,True
182,0.41829140624999983,3,True,0.03338922264865829,0.03328922264865829,14.900482613728169,1.0,13,,,,True
182,0.41829140624999983,4,True,0.03620308370814751,0.03610308370814751,15.023159455563999,1.0,12,,,,True
182,0.41829140624999983,5,True,0.03895577113830262,0.03885577113830262,15.14495004746145,1.0,11,,,,True
182,0.41829140624999983,6,True,0.041646362618887434,0.04154636261888743,15.265396314950856,1.0,10,,,,True
183,0.4332902343749998,0,True,0.024589163140978698,0.0244891631409787,14.53455426947904,1.0,16,,,,True
183,0.4332902343749998,1,True,0.027581079834152256,0.027481079834152256,14.65525075904955,1.0,15,,,,True
183,0.4332902343749998,2,True,0.030514662075184606,0.030414662075184607,14.77757491671056,1.0,14,,,,True
183,0.4332902343749998,3,True,0.03338922264865829,0.03328922264865829,14.900482613728169,1.0,13,,,,True
183,0.4332902343749998,4,True,0.03620308370814751,0.03610308370814751,15.023159455563999,1.0,12,,,,True
183,0.4332902343749998,5,True,0.03895577113830262,0.03885577113830262,15.14495004746145,1.0,11,,,,True
183,0.4332902343749998,6,True,0.041646362618887434,0.04154636261888743,15.265396314950856,1.0,10,,,,True
184,0.4482890625000002,0,True,0.024589163140978698,0.0244891631409787,14.53455426947904,1.0,16,,,,True
184,0.4482890625000002,1,True,0.027581079834152256,0.027481079834152256,14.65525075904955,1.0,15,,,,True
184,0.4482890625000002,2,True,0.030514662075184606,0.030414662075184607,14.77757491671056,1.0,14,,,,True
184,0.4482890625000002,3,True,0.03338922264865829,0.03328922264865829,14.900482613728169,1.0,13,,,,True
184,0.4482890625000002,4,True,0.03620308370814751,0.03610308370814751,15.023159455563999,1.0,12,,,,True
184,0.4482890625000002,5,True,0.03895577113830262,0.03885577113830262,15.14495004746145,1.0,11,,,,True
184,0.4482890625000002,6,True,0.041646362618887434,0.04154636261888743,15.265396314950856,1.0,10,,,,True
185,0.4632878906250002,0,True,0.024589163140978698,0.0244891631409787,14.53455426947904,1.0,16,,,,True
185,0.4632878906250002,1,True,0.027581079834152256,0.027481079834152256,14.65525075904955,1.0,15,,,,True
185,0.4632878906250002,2,True,0.030514662075184606,0.030414662075184607,14.77757491671056,1.0,14,,,,True
185,0.4632878906250002,3,True,0.03338922264865829,0.03328922264865829,14.900482613728169,1.0,13,,,,True
185,0.4632878906250002,4,True,0.03620308370814751,0.03610308370814751,15.023159455563999,1.0,12,,,,True
185,0.4632878906250002,5,True,0.03895577113830262,0.03885577113830262,15.14495004746145,1.0,11,,,,True
185,0.4632878906250002,6,True,0.041646362618887434,0.04154636261888743,15.265396314950856,1.0,10,,,,True
186,0.4782867187500002,0,True,0.024589163140978698,0.0244891631409787,14.53455426947904,1.0,16,,,,True
186,0.4782867187500002,1,True,0.027581079834152256,0.027481079834152256,14.65525075904955,1.0,15,,,,True
186,0.4782867187500002,2,True,0.030514662075184606,0.030414662075184607,14.77757491671056,1.0,14,,,,True
186,0.4782867187500002,3,True,0.03338922264865829,0.03328922264865829,14.900482613728169,1.0,13,,,,True
186,0.4782867187500002,4,True,0.03620308370814751,0.03610308370814751,15.023159455563999,1.0,12,,,,True
186,0.4782867187500002,5,True,0.03895577113830262,0.03885577113830262,15.14495004746145,1.0,11,,,,True
186,0.4782867187500002,6,True,0.041646362618887434,0.04154636261888743,15.265396314950856,1.0,10,,,,True
187,0.49328554687500015,0,True,0.024589163140978698,0.0244891631409787,14.53455426947904,1.0,16,,,,True
187,0.49328554687500015,1,True,0.027581079834152256,0.027481079834152256,14.65525075904955,1.0,15,,,,True
187,0.49328554687500015,2,True,0.030514662075184606,0.030414662075184607,14.77757491671056,1.0,14,,,,True
187,0.49328554687500015,3,True,0.03338922264865829,0.03328922264865829,14.900482613728169,1.0,13,,,,True
187,0.49328554687500015,4,True,0.03620308370814751,0.03610308370814751,15.023159455563999,1.0,12,,,,True
187,0.49328554687500015,5,True,0.03895577113830262,0.03885577113830262,15.14495004746145,1.0,11,,,,True
187,0.49328554687500015,6,True,0.041646362618887434,0.04154636261888743,15.265396314950856,1.0,10,,,,True
188,0.5082843750000001,0,True,0.024589163140978698,0.0244891631409787,14.53455426947904,1.0,16,,,,True
188,0.5082843750000001,1,True,0.027581079834152256,0.027481079834152256,14.65525075904955,1.0,15,,,,True
188,0.5082843750000001,2,True,0.030514662075184606,0.030414662075184607,14.77757491671056,1.0,14,,,,True
188,0.5082843750000001,3,True,0.03338922264865829,0.03328922264865829,14.900482613728169,1.0,13,,,,True
188,0.5082843750000001,4,True,0.03620308370814751,0.03610308370814751,15.023159455563999,1.0,12,,,,True
188,0.5082843750000001,5,True,0.03895577113830262,0.03885577113830262,15.14495004746145,1.0,11,,,,True
188,0.5082843750000001,6,True,0.041646362618887434,0.04154636261888743,15.265396314950856,1.0,10,,,,True
189,0.5232832031250001,0,True,0.024589163140978698,0.0244891631409787,14.53455426947904,1.0,16,,,,True
189,0.5232832031250001,1,True,0.027581079834152256,0.027481079834152256,14.65525075904955,1.0,15,,,,True
189,0.5232832031250001,2,True,0.030514662075184606,0.030414662075184607,14.77757491671056,1.0,14,,,,True
189,0.5232832031250001,3,True,0.03338922264865829,0.03328922264865829,14.900482613728169,1.0,13,,,,True
189,0.5232832031250001,4,True,0.03620308370814751,0.03610308370814751,15.023159455563999,1.0,12,,,,True
189,0.5232832031250001,5,True,0.03895577113830262,0.03885577113830262,15.14495004746145,1.0,11,,,,True
189,0.5232832031250001,6,True,0.041646362618887434,0.04154636261888743,15.265396314950856,1.0,10,,,,True
190,0.5382820312500001,0,True,0.024589163140978698,0.0244891631409787,14.53455426947904,1.0,16,,,,True
190,0.5382820312500001,1,True,0.027581079834152256,0.027481079834152256,14.65525075904955,1.0,15,,,,True
190,0.5382820312500001,2,True,0.030514662075184606,0.030414662075184607,14.77757491671056,1.0,14,,,,True
190,0.5382820312500001,3,True,0.03338922264865829,0.03328922264865829,14.900482613728169,1.0,13,,,,True
190,0.5382820312500001,4,True,0.03620308370814751,0.03610308370814751,15.023159455563999,1.0,12,,,,True
190,0.5382820312500001,5,True,0.03895577113830262,0.03885577113830262,15.14495004746145,1.0,11,,,,True
190,0.5382820312500001,6,True,0.041646362618887434,0.04154636261888743,15.265396314950856,1.0,10,,,,True
191,0.553280859375,0,True,0.024589163140978698,0.0244891631409787,14.53455426947904,1.0,16,,,,True
191,0.553280859375,1,True,0.027581079834152256,0.027481079834152256,14.65525075904955,1.0,15,,,,True
191,0.553280859375,2,True,0.030514662075184606,0.030414662075184607,14.77757491671056,1.0,14,,,,True
191,0.553280859375,3,True,0.03338922264865829,0.03328922264865829,14.900482613728169,1.0,13,,,,True
191,0.553280859375,4,True,0.03620308370814751,0.03610308370814751,15.023159455563999,1.0,12,,,,True
191,0.553280859375,5,True,0.03895577113830262,0.03885577113830262,15.14495004746145,1.0,11,,,,True
191,0.553280859375,6,True,0.041646362618887434,0.04154636261888743,15.265396314950856,1.0,10,,,,True
192,0.5682796875,0,True,0.024589163140978698,0.0244891631409787,14.53455426947904,1.0,16,,,,True
192,0.5682796875,1,True,0.027581079834152256,0.027481079834152256,14.65525075904955,1.0,15,,,,True
192,0.5682796875,2,True,0.030514662075184606,0.030414662075184607,14.77757491671056,1.0,14,,,,True
192,0.5682796875,3,True,0.03338922264865829,0.03328922264865829,14.900482613728169,1.0,13,,,,True
192,0.5682796875,4,True,0.03620308370814751,0.03610308370814751,15.023159455563999,1.0,12,,,,True
192,0.5682796875,5,True,0.03895577113830262,0.03885577113830262,15.14495004746145,1.0,11,,,,True
192,0.5682796875,6,True,0.041646362618887434,0.04154636261888743,15.265396314950856,1.0,10,,,,True
193,0.583278515625,0,True,0.024589163140978698,0.0244891631409787,14.53455426947904,1.0,16,,,,True
193,0.583278515625,1,True,0.027581079834152256,0.027481079834152256,14.65525075904955,1.0,15,,,,True
193,0.583278515625,2,True,0.030514662075184606,0.030414662075184607,14.77757491671056,1.0,14,,,,True
193,0.583278515625,3,True,0.03338922264865829,0.03328922264865829,14.900482613728169,1.0,13,,,,True
193,0.583278515625,4,True,0.03620308370814751,0.03610308370814751,15.023159455563999,1.0,12,,,,True
193,0.583278515625,5,True,0.03895577113830262,0.03885577113830262,15.14495004746145,1.0,11,,,,True
193,0.583278515625,6,True,0.041646362618887434,0.04154636261888743,15.265396314950856,1.0,10,,,,True
194,0.59827734375,0,True,0.024589163140978698,0.0244891631409787,14.53455426947904,1.0,16,,,,True
194,0.59827734375,1,True,0.027581079834152256,0.027481079834152256,14.65525075904955,1.0,15,,,,True
194,0.59827734375,2,True,0.030514662075184606,0.030414662075184607,14.77757491671056,1.0,14,,,,True
194,0.59827734375,3,True,0.03338922264865829,0.03328922264865829,14.900482613728169,1.0,13,,,,True
194,0.59827734375,4,True,0.03620308370814751,0.03610308370814751,15.023159455563999,1.0,12,,,,True
194,0.59827734375,5,True,0.03895577113830262,0.03885577113830262,15.14495004746145,1.0,11,,,,True
194,0.59827734375,6,True,0.041646362618887434,0.04154636261888743,15.265396314950856,1.0,10,,,,True
195,0.6132761718749999,0,True,0.024589163140978698,0.0244891631409787,14.53455426947904,1.0,16,,,,True
195,0.6132761718749999,1,True,0.027581079834152256,0.027481079834152256,14.65525075904955,1.0,15,,,,True
195,0.6132761718749999,2,True,0.030514662075184606,0.030414662075184607,14.77757491671056,1.0,14,,,,True
195,0.6132761718749999,3,True,0.03338922264865829,0.03328922264865829,14.900482613728169,1.0,13,,,,True
195,0.6132761718749999,4,True,0.03620308370814751,0.03610308370814751,15.023159455563999,1.0,12,,,,True
195,0.6132761718749999,5,True,0.03895577113830262,0.03885577113830262,15.14495004746145,1.0,11,,,,True
195,0.6132761718749999,6,True,0.041646362618887434,0.04154636261888743,15.265396314950856,1.0,10,,,,True
196,0.6282749999999999,0,True,0.024589163140978698,0.0244891631409787,14.53455426947904,1.0,16,,,,True
196,0.6282749999999999,1,True,0.027581079834152256,0.027481079834152256,14.65525075904955,1.0,15,,,,True
196,0.6282749999999999,2,True,0.030514662075184606,0.030414662075184607,14.77757491671056,1.0,14,,,,True
196,0.6282749999999999,3,True,0.03338922264865829,0.03328922264865829,14.900482613728169,1.0,13,,,,True
196,0.6282749999999999,4,True,0.03620308370814751,0.03610308370814751,15.023159455563999,1.0,12,,,,True
196,0.6282749999999999,5,True,0.03895577113830262,0.03885577113830262,15.14495004746145,1.0,11,,,,True
196,0.6282749999999999,6,True,0.041646362618887434,0.04154636261888743,15.265396314950856,1.0,10,,,,True
197,0.6432738281249999,0,True,0.024589163140978698,0.0244891631409787,14.53455426947904,1.0,16,,,,True
197,0.6432738281249999,1,True,0.027581079834152256,0.027481079834152256,14.65525075904955,1.0,15,,,,True
197,0.6432738281249999,2,True,0.030514662075184606,0.030414662075184607,14.77757491671056,1.0,14,,,,True
197,0.6432738281249999,3,True,0.03338922264865829,0.03328922264865829,14.900482613728169,1.0,13,,,,True
197,0.6432738281249999,4,True,0.03620308370814751,0.03610308370814751,15.023159455563999,1.0,12,,,,True
197,0.6432738281249999,5,True,0.03895577113830262,0.03885577113830262,15.14495004746145,1.0,11,,,,True
197,0.6432738281249999,6,True,0.041646362618887434,0.04154636261888743,15.265396314950856,1.0,10,,,,True
198,0.6582726562499999,0,True,0.024589163140978698,0.0244891631409787,14.53455426947904,1.0,16,,,,True
198,0.6582726562499999,1,True,0.027581079834152256,0.027481079834152256,14.65525075904955,1.0,15,,,,True
198,0.6582726562499999,2,True,0.030514662075184606,0.030414662075184607,14.77757491671056,1.0,14,,,,True
198,0.6582726562499999,3,True,0.03338922264865829,0.03328922264865829,14.900482613728169,1.0,13,,,,True
198,0.6582726562499999,4,True,0.03620308370814751,0.03610308370814751,15.023159455563999,1.0,12,,,,True
198,0.6582726562499999,5,True,0.03895577113830262,0.03885577113830262,15.14495004746145,1.0,11,,,,True
198,0.6582726562499999,6,True,0.041646362618887434,0.04154636261888743,15.265396314950856,1.0,10,,,,True
199,0.6732714843749998,0,True,0.024589163140978698,0.0244891631409787,14.53455426947904,1.0,16,,,,True
199,0.6732714843749998,1,True,0.027581079834152256,0.027481079834152256,14.65525075904955,1.0,15,,,,True
199,0.6732714843749998,2,True,0.030514662075184606,0.030414662075184607,14.77757491671056,1.0,14,,,,True
199,0.6732714843749998,3,True,0.03338922264865829,0.03328922264865829,14.900482613728169,1.0,13,,,,True
199,0.6732714843749998,4,True,0.03620308370814751,0.03610308370814751,15.023159455563999,1.0,12,,,,True
199,0.6732714843749998,5,True,0.03895577113830262,0.03885577113830262,15.14495004746145,1.0,11,,,,True
199,0.6732714843749998,6,True,0.041646362618887434,0.04154636261888743,15.265396314950856,1.0,10,,,,True
200,0.6882703124999998,0,True,0.024589163140978698,0.0244891631409787,14.53455426947904,1.0,16,,,,True
200,0.6882703124999998,1,True,0.027581079834152256,0.027481079834152256,14.65525075904955,1.0,15,,,,True
200,0.6882703124999998,2,True,0.030514662075184606,0.030414662075184607,14.77757491671056,1.0,14,,,,True
200,0.6882703124999998,3,True,0.03338922264865829,0.03328922264865829,14.900482613728169,1.0,13,,,,True
200,0.6882703124999998,4,True,0.03620308370814751,0.03610308370814751,15.023159455563999,1.0,12,,,,True
200,0.6882703124999998,5,True,0.03895577113830262,0.03885577113830262,15.14495004746145,1.0,11,,,,True
200,0.6882703124999998,6,True,0.041646362618887434,0.04154636261888743,15.265396314950856,1.0,10,,,,True
201,0.7032691406250002,0,True,0.024589163140978698,0.0244891631409787,14.53455426947904,1.0,16,,,,True
201,0.7032691406250002,1,True,0.027581079834152256,0.027481079834152256,14.65525075904955,1.0,15,,,,True
201,0.7032691406250002,2,True,0.030514662075184606,0.030414662075184607,14.77757491671056,1.0,14,,,,True
201,0.7032691406250002,3,True,0.03338922264865829,0.03328922264865829,14.900482613728169,1.0,13,,,,True
201,0.7032691406250002,4,True,0.03620308370814751,0.03610308370814751,15.023159455563999,1.0,12,,,,True
201,0.7032691406250002,5,True,0.03895577113830262,0.03885577113830262,15.14495004746145,1.0,11,,,,True
201,0.7032691406250002,6,True,0.041646362618887434,0.04154636261888743,15.265396314950856,1.0,10,,,,True
202,0.7182679687500002,0,True,0.024589163140978698,0.0244891631409787,14.53455426947904,1.0,16,,,,True
202,0.7182679687500002,1,True,0.027581079834152256,0.027481079834152256,14.65525075904955,1.0,15,,,,True
202,0.7182679687500002,2,True,0.030514662075184606,0.030414662075184607,14.77757491671056,1.0,14,,,,True
202,0.7182679687500002,3,True,0.03338922264865829,0.03328922264865829,14.900482613728169,1.0,13,,,,True
202,0.7182679687500002,4,True,0.03620308370814751,0.03610308370814751,15.023159455563999,1.0,12,,,,True
202,0.7182679687500002,5,True,0.03895577113830262,0.03885577113830262,15.14495004746145,1.0,11,,,,True
202,0.7182679687500002,6,True,0.041646362618887434,0.04154636261888743,15.265396314950856,1.0,10,,,,True
203,0.7332667968750002,0,True,0.024589163140978698,0.0244891631409787,14.53455426947904,1.0,16,,,,True
203,0.7332667968750002,1,True,0.027581079834152256,0.027481079834152256,14.65525075904955,1.0,15,,,,True
203,0.7332667968750002,2,True,0.030514662075184606,0.030414662075184607,14.77757491671056,1.0,14,,,,True
203,0.7332667968750002,3,True,0.03338922264865829,0.03328922264865829,14.900482613728169,1.0,13,,,,True
203,0.7332667968750002,4,True,0.03620308370814751,0.03610308370814751,15.023159455563999,1.0,12,,,,True
203,0.7332667968750002,5,True,0.03895577113830262,0.03885577113830262,15.14495004746145,1.0,11,,,,True
203,0.7332667968750002,6,True,0.041646362618887434,0.04154636261888743,15.265396314950856,1.0,10,,,,True
204,0.7482656250000002,0,True,0.024589163140978698,0.0244891631409787,14.53455426947904,1.0,16,,,,True
204,0.7482656250000002,1,True,0.027581079834152256,0.027481079834152256,14.65525075904955,1.0,15,,,,True
204,0.7482656250000002,2,True,0.030514662075184606,0.030414662075184607,14.77757491671056,1.0,14,,,,True
204,0.7482656250000002,3,True,0.03338922264865829,0.03328922264865829,14.900482613728169,1.0,13,,,,True
204,0.7482656250000002,4,True,0.03620308370814751,0.03610308370814751,15.023159455563999,1.0,12,,,,True
204,0.7482656250000002,5,True,0.03895577113830262,0.03885577113830262,15.14495004746145,1.0,11,,,,True
204,0.7482656250000002,6,True,0.041646362618887434,0.04154636261888743,15.265396314950856,1.0,10,,,,True
205,0.7632644531250001,0,True,0.024589163140978698,0.0244891631409787,14.53455426947904,1.0,16,,,,True
205,0.7632644531250001,1,True,0.027581079834152256,0.027481079834152256,14.65525075904955,1.0,15,,,,True
205,0.7632644531250001,2,True,0.030514662075184606,0.030414662075184607,14.77757491671056,1.0,14,,,,True
205,0.7632644531250001,3,True,0.03338922264865829,0.03328922264865829,14.900482613728169,1.0,13,,,,True
205,0.7632644531250001,4,True,0.03620308370814751,0.03610308370814751,15.023159455563999,1.0,12,,,,True
205,0.7632644531250001,5,True,0.03895577113830262,0.03885577113830262,15.14495004746145,1.0,11,,,,True
205,0.7632644531250001,6,True,0.041646362618887434,0.04154636261888743,15.265396314950856,1.0,10,,,,True
206,0.7782632812500001,0,True,0.024589163140978698,0.0244891631409787,14.53455426947904,1.0,16,,,,True
206,0.7782632812500001,1,True,0.027581079834152256,0.027481079834152256,14.65525075904955,1.0,15,,,,True
206,0.7782632812500001,2,True,0.030514662075184606,0.030414662075184607,14.77757491671056,1.0,14,,,,True
206,0.7782632812500001,3,True,0.03338922264865829,0.03328922264865829,14.900482613728169,1.0,13,,,,True
206,0.7782632812500001,4,True,0.03620308370814751,0.03610308370814751,15.023159455563999,1.0,12,,,,True
206,0.7782632812500001,5,True,0.03895577113830262,0.03885577113830262,15.14495004746145,1.0,11,,,,True
206,0.7782632812500001,6,True,0.041646362618887434,0.04154636261888743,15.265396314950856,1.0,10,,,,True
207,0.7932621093750001,0,True,0.024589163140978698,0.0244891631409787,14.53455426947904,1.0,16,,,,True
207,0.7932621093750001,1,True,0.027581079834152256,0.027481079834152256,14.65525075904955,1.0,15,,,,True
207,0.7932621093750001,2,True,0.030514662075184606,0.030414662075184607,14.77757491671056,1.0,14,,,,True
207,0.7932621093750001,3,True,0.03338922264865829,0.03328922264865829,14.900482613728169,1.0,13,,,,True
207,0.7932621093750001,4,True,0.03620308370814751,0.03610308370814751,15.023159455563999,1.0,12,,,,True
207,0.7932621093750001,5,True,0.03895577113830262,0.03885577113830262,15.14495004746145,1.0,11,,,,True
207,0.7932621093750001,6,True,0.041646362618887434,0.04154636261888743,15.265396314950856,1.0,10,,,,True
208,0.8082609375,0,True,0.024589163140978698,0.0244891631409787,14.53455426947904,1.0,16,,,,True
208,0.8082609375,1,True,0.027581079834152256,0.027481079834152256,14.65525075904955,1.0,15,,,,True
208,0.8082609375,2,True,0.030514662075184606,0.030414662075184607,14.77757491671056,1.0,14,,,,True
208,0.8082609375,3,True,0.03338922264865829,0.03328922264865829,14.900482613728169,1.0,13,,,,True
208,0.8082609375,4,True,0.03620308370814751,0.03610308370814751,15.023159455563999,1.0,12,,,,True
208,0.8082609375,5,True,0.03895577113830262,0.03885577113830262,15.14495004746145,1.0,11,,,,True
208,0.8082609375,6,True,0.041646362618887434,0.04154636261888743,15.265396314950856,1.0,10,,,,True
209,0.823259765625,0,True,0.024589163140978698,0.0244891631409787,14.53455426947904,1.0,16,,,,True
209,0.823259765625,1,True,0.027581079834152256,0.027481079834152256,14.65525075904955,1.0,15,,,,True
209,0.823259765625,2,True,0.030514662075184606,0.030414662075184607,14.77757491671056,1.0,14,,,,True
209,0.823259765625,3,True,0.03338922264865829,0.03328922264865829,14.900482613728169,1.0,13,,,,True
209,0.823259765625,4,True,0.03620308370814751,0.03610308370814751,15.023159455563999,1.0,12,,,,True
209,0.823259765625,5,True,0.03895577113830262,0.03885577113830262,15.14495004746145,1.0,11,,,,True
209,0.823259765625,6,True,0.041646362618887434,0.04154636261888743,15.265396314950856,1.0,10,,,,True
210,0.83825859375,0,True,0.024589163140978698,0.0244891631409787,14.53455426947904,1.0,16,,,,True
210,0.83825859375,1,True,0.027581079834152256,0.027481079834152256,14.65525075904955,1.0,15,,,,True
210,0.83825859375,2,True,0.030514662075184606,0.030414662075184607,14.77757491671056,1.0,14,,,,True
210,0.83825859375,3,True,0.03338922264865829,0.03328922264865829,14.900482613728169,1.0,13,,,,True
210,0.83825859375,4,True,0.03620308370814751,0.03610308370814751,15.023159455563999,1.0,12,,,,True
210,0.83825859375,5,True,0.03895577113830262,0.03885577113830262,15.14495004746145,1.0,11,,,,True
210,0.83825859375,6,True,0.041646362618887434,0.04154636261888743,15.265396314950856,1.0,10,,,,True
211,0.853257421875,0,True,0.024589163140978698,0.0244891631409787,14.53455426947904,1.0,16,,,,True
211,0.853257421875,1,True,0.027581079834152256,0.027481079834152256,14.65525075904955,1.0,15,,,,True
211,0.853257421875,2,True,0.030514662075184606,0.030414662075184607,14.77757491671056,1.0,14,,,,True
211,0.853257421875,3,True,0.03338922264865829,0.03328922264865829,14.900482613728169,1.0,13,,,,True
211,0.853257421875,4,True,0.03620308370814751,0.03610308370814751,15.023159455563999,1.0,12,,,,True
211,0.853257421875,5,True,0.03895577113830262,0.03885577113830262,15.14495004746145,1.0,11,,,,True
211,0.853257421875,6,True,0.041646362618887434,0.04154636261888743,15.265396314950856,1.0,10,,,,True
212,0.86825625,0,True,0.024589163140978698,0.0244891631409787,14.53455426947904,1.0,16,,,,True
212,0.86825625,1,True,0.027581079834152256,0.027481079834152256,14.65525075904955,1.0,15,,,,True
212,0.86825625,2,True,0.030514662075184606,0.030414662075184607,14.77757491671056,1.0,14,,,,True
212,0.86825625,3,True,0.03338922264865829,0.03328922264865829,14.900482613728169,1.0,13,,,,True
212,0.86825625,4,True,0.03620308370814751,0.03610308370814751,15.023159455563999,1.0,12,,,,True
212,0.86825625,5,True,0.03895577113830262,0.03885577113830262,15.14495004746145,1.0,11,,,,True
212,0.86825625,6,True,0.041646362618887434,0.04154636261888743,15.265396314950856,1.0,10,,,,True
213,0.8832550781249999,0,True,0.024589163140978698,0.0244891631409787,14.53455426947904,1.0,16,,,,True
213,0.8832550781249999,1,True,0.027581079834152256,0.027481079834152256,14.65525075904955,1.0,15,,,,True
213,0.8832550781249999,2,True,0.030514662075184606,0.030414662075184607,14.77757491671056,1.0,14,,,,True
213,0.8832550781249999,3,True,0.03338922264865829,0.03328922264865829,14.900482613728169,1.0,13,,,,True
213,0.8832550781249999,4,True,0.03620308370814751,0.03610308370814751,15.023159455563999,1.0,12,,,,True
213,0.8832550781249999,5,True,0.03895577113830262,0.03885577113830262,15.14495004746145,1.0,11,,,,True
213,0.8832550781249999,6,True,0.041646362618887434,0.04154636261888743,15.265396314950856,1.0,10,,,,True
214,0.8982539062499999,0,True,0.024589163140978698,0.0244891631409787,14.53455426947904,1.0,16,,,,True
214,0.8982539062499999,1,True,0.027581079834152256,0.027481079834152256,14.65525075904955,1.0,15,,,,True
214,0.8982539062499999,2,True,0.030514662075184606,0.030414662075184607,14.77757491671056,1.0,14,,,,True
214,0.8982539062499999,3,True,0.03338922264865829,0.03328922264865829,14.900482613728169,1.0,13,,,,True
214,0.8982539062499999,4,True,0.03620308370814751,0.03610308370814751,15.023159455563999,1.0,12,,,,True
214,0.8982539062499999,5,True,0.03895577113830262,0.03885577113830262,15.14495004746145,1.0,11,,,,True
214,0.8982539062499999,6,True,0.041646362618887434,0.04154636261888743,15.265396314950856,1.0,10,,,,True
215,0.9132527343749999,0,True,0.024589163140978698,0.0244891631409787,14.53455426947904,1.0,16,,,,True
215,0.9132527343749999,1,True,0.027581079834152256,0.027481079834152256,14.65525075904955,1.0,15,,,,True
215,0.9132527343749999,2,True,0.030514662075184606,0.030414662075184607,14.77757491671056,1.0,14,,,,True
215,0.9132527343749999,3,True,0.03338922264865829,0.03328922264865829,14.900482613728169,1.0,13,,,,True
215,0.9132527343749999,4,True,0.03620308370814751,0.03610308370814751,15.023159455563999,1.0,12,,,,True
215,0.9132527343749999,5,True,0.03895577113830262,0.03885577113830262,15.14495004746145,1.0,11,,,,True
215,0.9132527343749999,6,True,0.041646362618887434,0.04154636261888743,15.265396314950856,1.0,10,,,,True
216,0.9282515624999998,0,True,0.024589163140978698,0.0244891631409787,14.53455426947904,1.0,16,,,,True
216,0.9282515624999998,1,True,0.027581079834152256,0.027481079834152256,14.65525075904955,1.0,15,,,,True
216,0.9282515624999998,2,True,0.030514662075184606,0.030414662075184607,14.77757491671056,1.0,14,,,,True
216,0.9282515624999998,3,True,0.03338922264865829,0.03328922264865829,14.900482613728169,1.0,13,,,,True
216,0.9282515624999998,4,True,0.03620308370814751,0.03610308370814751,15.023159455563999,1.0,12,,,,True
216,0.9282515624999998,5,True,0.03895577113830262,0.03885577113830262,15.14495004746145,1.0,11,,,,True
216,0.9282515624999998,6,True,0.041646362618887434,0.04154636261888743,15.265396314950856,1.0,10,,,,True
217,0.9432503906249998,0,True,0.024589163140978698,0.0244891631409787,14.53455426947904,1.0,16,,,,True
217,0.9432503906249998,1,True,0.027581079834152256,0.027481079834152256,14.65525075904955,1.0,15,,,,True
217,0.9432503906249998,2,True,0.030514662075184606,0.030414662075184607,14.77757491671056,1.0,14,,,,True
217,0.9432503906249998,3,True,0.03338922264865829,0.03328922264865829,14.900482613728169,1.0,13,,,,True
217,0.9432503906249998,4,True,0.03620308370814751,0.03610308370814751,15.023159455563999,1.0,12,,,,True
217,0.9432503906249998,5,True,0.03895577113830262,0.03885577113830262,15.14495004746145,1.0,11,,,,True
217,0.9432503906249998,6,True,0.041646362618887434,0.04154636261888743,15.265396314950856,1.0,10,,,,True
218,0.9582492187500002,0,True,0.024589163140978698,0.0244891631409787,14.53455426947904,1.0,16,,,,True
218,0.9582492187500002,1,True,0.027581079834152256,0.027481079834152256,14.65525075904955,1.0,15,,,,True
218,0.9582492187500002,2,True,0.030514662075184606,0.030414662075184607,14.77757491671056,1.0,14,,,,True
218,0.9582492187500002,3,True,0.03338922264865829,0.03328922264865829,14.900482613728169,1.0,13,,,,True
218,0.9582492187500002,4,True,0.03620308370814751,0.03610308370814751,15.023159455563999,1.0,12,,,,True
218,0.9582492187500002,5,True,0.03895577113830262,0.03885577113830262,15.14495004746145,1.0,11,,,,True
218,0.9582492187500002,6,True,0.041646362618887434,0.04154636261888743,15.265396314950856,1.0,10,,,,True
219,0.9732480468750002,0,True,0.024589163140978698,0.0244891631409787,14.53455426947904,1.0,16,,,,True
219,0.9732480468750002,1,True,0.027581079834152256,0.027481079834152256,14.65525075904955,1.0,15,,,,True
219,0.9732480468750002,2,True,0.030514662075184606,0.030414662075184607,14.77757491671056,1.0,14,,,,True
219,0.9732480468750002,3,True,0.03338922264865829,0.03328922264865829,14.900482613728169,1.0,13,,,,True
219,0.9732480468750002,4,True,0.03620308370814751,0.03610308370814751,15.023159455563999,1.0,12,,,,True
219,0.9732480468750002,5,True,0.03895577113830262,0.03885577113830262,15.14495004746145,1.0,11,,,,True
219,0.9732480468750002,6,True,0.041646362618887434,0.04154636261888743,15.265396314950856,1.0,10,,,,True
220,0.9882468750000002,0,True,0.024589163140978698,0.0244891631409787,14.53455426947904,1.0,16,,,,True
220,0.9882468750000002,1,True,0.027581079834152256,0.027481079834152256,14.65525075904955,1.0,15,,,,True
220,0.9882468750000002,2,True,0.030514662075184606,0.030414662075184607,14.77757491671056,1.0,14,,,,True
220,0.9882468750000002,3,True,0.03338922264865829,0.03328922264865829,14.900482613728169,1.0,13,,,,True
220,0.9882468750000002,4,True,0.03620308370814751,0.03610308370814751,15.023159455563999,1.0,12,,,,True
220,0.9882468750000002,5,True,0.03895577113830262,0.03885577113830262,15.14495004746145,1.0,11,,,,True
220,0.9882468750000002,6,True,0.041646362618887434,0.04154636261888743,15.265396314950856,1.0,10,,,,True
221,1.0032457031250002,0,True,0.024589163140978698,0.0244891631409787,14.53455426947904,1.0,16,,,,True
221,1.0032457031250002,1,True,0.027581079834152256,0.027481079834152256,14.65525075904955,1.0,15,,,,True
221,1.0032457031250002,2,True,0.030514662075184606,0.030414662075184607,14.77757491671056,1.0,14,,,,True
221,1.0032457031250002,3,True,0.03338922264865829,0.03328922264865829,14.900482613728169,1.0,13,,,,True
221,1.0032457031250002,4,True,0.03620308370814751,0.03610308370814751,15.023159455563999,1.0,12,,,,True
221,1.0032457031250002,5,True,0.03895577113830262,0.03885577113830262,15.14495004746145,1.0,11,,,,True
221,1.0032457031250002,6,True,0.041646362618887434,0.04154636261888743,15.265396314950856,1.0,10,,,,True
222,1.0182445312500001,0,True,0.024589163140978698,0.0244891631409787,14.53455426947904,1.0,16,,,,True
222,1.0182445312500001,1,True,0.027581079834152256,0.027481079834152256,14.65525075904955,1.0,15,,,,True
222,1.0182445312500001,2,True,0.030514662075184606,0.030414662075184607,14.77757491671056,1.0,14,,,,True
222,1.0182445312500001,3,True,0.03338922264865829,0.03328922264865829,14.900482613728169,1.0,13,,,,True
222,1.0182445312500001,4,True,0.03620308370814751,0.03610308370814751,15.023159455563999,1.0,12,,,,True
222,1.0182445312500001,5,True,0.03895577113830262,0.03885577113830262,15.14495004746145,1.0,11,,,,True
222,1.0182445312500001,6,True,0.041646362618887434,0.04154636261888743,15.265396314950856,1.0,10,,,,True
223,1.0332433593750001,0,True,0.024589163140978698,0.0244891631409787,14.53455426947904,1.0,16,,,,True
223,1.0332433593750001,1,True,0.027581079834152256,0.027481079834152256,14.65525075904955,1.0,15,,,,True
223,1.0332433593750001,2,True,0.030514662075184606,0.030414662075184607,14.77757491671056,1.0,14,,,,True
223,1.0332433593750001,3,True,0.03338922264865829,0.03328922264865829,14.900482613728169,1.0,13,,,,True
223,1.0332433593750001,4,True,0.03620308370814751,0.03610308370814751,15.023159455563999,1.0,12,,,,True
223,1.0332433593750001,5,True,0.03895577113830262,0.03885577113830262,15.14495004746145,1.0,11,,,,True
223,1.0332433593750001,6,True,0.041646362618887434,0.04154636261888743,15.265396314950856,1.0,10,,,,True
224,1.0482421875,0,True,0.024589163140978698,0.0244891631409787,14.53455426947904,1.0,16,,,,True
224,1.0482421875,1,True,0.027581079834152256,0.027481079834152256,14.65525075904955,1.0,15,,,,True
224,1.0482421875,2,True,0.030514662075184606,0.030414662075184607,14.77757491671056,1.0,14,,,,True
224,1.0482421875,3,True,0.03338922264865829,0.03328922264865829,14.900482613728169,1.0,13,,,,True
224,1.0482421875,4,True,0.03620308370814751,0.03610308370814751,15.023159455563999,1.0,12,,,,True
224,1.0482421875,5,True,0.03895577113830262,0.03885577113830262,15.14495004746145,1.0,11,,,,True
224,1.0482421875,6,True,0.041646362618887434,0.04154636261888743,15.265396314950856,1.0,10,,,,True
225,1.063241015625,0,True,0.024589163140978698,0.0244891631409787,14.53455426947904,1.0,16,,,,True
225,1.063241015625,1,True,0.027581079834152256,0.027481079834152256,14.65525075904955,1.0,15,,,,True
225,1.063241015625,2,True,0.030514662075184606,0.030414662075184607,14.77757491671056,1.0,14,,,,True
225,1.063241015625,3,True,0.03338922264865829,0.03328922264865829,14.900482613728169,1.0,13,,,,True
225,1.063241015625,4,True,0.03620308370814751,0.03610308370814751,15.023159455563999,1.0,12,,,,True
225,1.063241015625,5,True,0.03895577113830262,0.03885577113830262,15.14495004746145,1.0,11,,,,True
225,1.063241015625,6,True,0.041646362618887434,0.04154636261888743,15.265396314950856,1.0,10,,,,True
226,1.07823984375,0,True,0.024589163140978698,0.0244891631409787,14.53455426947904,1.0,16,,,,True
226,1.07823984375,1,True,0.027581079834152256,0.027481079834152256,14.65525075904955,1.0,15,,,,True
226,1.07823984375,2,True,0.030514662075184606,0.030414662075184607,14.77757491671056,1.0,14,,,,True
226,1.07823984375,3,True,0.03338922264865829,0.03328922264865829,14.900482613728169,1.0,13,,,,True
226,1.07823984375,4,True,0.03620308370814751,0.03610308370814751,15.023159455563999,1.0,12,,,,True
226,1.07823984375,5,True,0.03895577113830262,0.03885577113830262,15.14495004746145,1.0,11,,,,True
226,1.07823984375,6,True,0.041646362618887434,0.04154636261888743,15.265396314950856,1.0,10,,,,True
227,1.093238671875,0,True,0.024589163140978698,0.0244891631409787,14.53455426947904,1.0,16,,,,True
227,1.093238671875,1,True,0.027581079834152256,0.027481079834152256,14.65525075904955,1.0,15,,,,True
227,1.093238671875,2,True,0.030514662075184606,0.030414662075184607,14.77757491671056,1.0,14,,,,True
227,1.093238671875,3,True,0.03338922264865829,0.03328922264865829,14.900482613728169,1.0,13,,,,True
227,1.093238671875,4,True,0.03620308370814751,0.03610308370814751,15.023159455563999,1.0,12,,,,True
227,1.093238671875,5,True,0.03895577113830262,0.03885577113830262,15.14495004746145,1.0,11,,,,True
227,1.093238671875,6,True,0.041646362618887434,0.04154636261888743,15.265396314950856,1.0,10,,,,True
228,1.1082375,0,True,0.024589163140978698,0.0244891631409787,14.53455426947904,1.0,16,,,,True
228,1.1082375,1,True,0.027581079834152256,0.027481079834152256,14.65525075904955,1.0,15,,,,True
228,1.1082375,2,True,0.030514662075184606,0.030414662075184607,14.77757491671056,1.0,14,,,,True
228,1.1082375,3,True,0.03338922264865829,0.03328922264865829,14.900482613728169,1.0,13,,,,True
228,1.1082375,4,True,0.03620308370814751,0.03610308370814751,15.023159455563999,1.0,12,,,,True
228,1.1082375,5,True,0.03895577113830262,0.03885577113830262,15.14495004746145,1.0,11,,,,True
228,1.1082375,6,True,0.041646362618887434,0.04154636261888743,15.265396314950856,1.0,10,,,,True
229,1.123236328125,0,True,0.024589163140978698,0.0244891631409787,14.53455426947904,1.0,16,,,,True
229,1.123236328125,1,True,0.027581079834152256,0.027481079834152256,14.65525075904955,1.0,15,,,,True
229,1.123236328125,2,True,0.030514662075184606,0.030414662075184607,14.77757491671056,1.0,14,,,,True
229,1.123236328125,3,True,0.03338922264865829,0.03328922264865829,14.900482613728169,1.0,13,,,,True
229,1.123236328125,4,True,0.03620308370814751,0.03610308370814751,15.023159455563999,1.0,12,,,,True
229,1.123236328125,5,True,0.03895577113830262,0.03885577113830262,15.14495004746145,1.0,11,,,,True
229,1.123236328125,6,True,0.041646362618887434,0.04154636261888743,15.265396314950856,1.0,10,,,,True
230,1.13823515625,0,True,0.024589163140978698,0.0244891631409787,14.53455426947904,1.0,16,,,,True
230,1.13823515625,1,True,0.027581079834152256,0.027481079834152256,14.65525075904955,1.0,15,,,,True
230,1.13823515625,2,True,0.030514662075184606,0.030414662075184607,14.77757491671056,1.0,14,,,,True
230,1.13823515625,3,True,0.03338922264865829,0.03328922264865829,14.900482613728169,1.0,13,,,,True
230,1.13823515625,4,True,0.03620308370814751,0.03610308370814751,15.023159455563999,1.0,12,,,,True
230,1.13823515625,5,True,0.03895577113830262,0.03885577113830262,15.14495004746145,1.0,11,,,,True
230,1.13823515625,6,True,0.041646362618887434,0.04154636261888743,15.265396314950856,1.0,10,,,,True
231,1.153233984375,0,True,0.024589163140978698,0.0244891631409787,14.53455426947904,1.0,16,,,,True
231,1.153233984375,1,True,0.027581079834152256,0.027481079834152256,14.65525075904955,1.0,15,,,,True
231,1.153233984375,2,True,0.030514662075184606,0.030414662075184607,14.77757491671056,1.0,14,,,,True
231,1.153233984375,3,True,0.03338922264865829,0.03328922264865829,14.900482613728169,1.0,13,,,,True
231,1.153233984375,4,True,0.03620308370814751,0.03610308370814751,15.023159455563999,1.0,12,,,,True
231,1.153233984375,5,True,0.03895577113830262,0.03885577113830262,15.14495004746145,1.0,11,,,,True
231,1.153233984375,6,True,0.041646362618887434,0.04154636261888743,15.265396314950856,1.0,10,,,,True
232,1.1682328124999999,0,True,0.024589163140978698,0.0244891631409787,14.53455426947904,1.0,16,,,,True
232,1.1682328124999999,1,True,0.027581079834152256,0.027481079834152256,14.65525075904955,1.0,15,,,,True
232,1.1682328124999999,2,True,0.030514662075184606,0.030414662075184607,14.77757491671056,1.0,14,,,,True
232,1.1682328124999999,3,True,0.03338922264865829,0.03328922264865829,14.900482613728169,1.0,13,,,,True
232,1.1682328124999999,4,True,0.03620308370814751,0.03610308370814751,15.023159455563999,1.0,12,,,,True
232,1.1682328124999999,5,True,0.03895577113830262,0.03885577113830262,15.14495004746145,1.0,11,,,,True
232,1.1682328124999999,6,True,0.041646362618887434,0.04154636261888743,15.265396314950856,1.0,10,,,,True
233,1.1832316406249999,0,True,0.024589163140978698,0.0244891631409787,14.53455426947904,1.0,16,,,,True
233,1.1832316406249999,1,True,0.027581079834152256,0.027481079834152256,14.65525075904955,1.0,15,,,,True
233,1.1832316406249999,2,True,0.030514662075184606,0.030414662075184607,14.77757491671056,1.0,14,,,,True
233,1.1832316406249999,3,True,0.03338922264865829,0.03328922264865829,14.900482613728169,1.0,13,,,,True
233,1.1832316406249999,4,True,0.03620308370814751,0.03610308370814751,15.023159455563999,1.0,12,,,,True
233,1.1832316406249999,5,True,0.03895577113830262,0.03885577113830262,15.14495004746145,1.0,11,,,,True
233,1.1832316406249999,6,True,0.041646362618887434,0.04154636261888743,15.265396314950856,1.0,10,,,,True
234,1.1982304687499998,0,True,0.024589163140978698,0.0244891631409787,14.53455426947904,1.0,16,,,,True
234,1.1982304687499998,1,True,0.027581079834152256,0.027481079834152256,14.65525075904955,1.0,15,,,,True
234,1.1982304687499998,2,True,0.030514662075184606,0.030414662075184607,14.77757491671056,1.0,14,,,,True
234,1.1982304687499998,3,True,0.03338922264865829,0.03328922264865829,14.900482613728169,1.0,13,,,,True
234,1.1982304687499998,4,True,0.03620308370814751,0.03610308370814751,15.023159455563999,1.0,12,,,,True
234,1.1982304687499998,5,True,0.03895577113830262,0.03885577113830262,15.14495004746145,1.0,11,,,,True
234,1.1982304687499998,6,True,0.041646362618887434,0.04154636261888743,15.265396314950856,1.0,10,,,,True
235,1.2132292968750003,0,True,0.024589163140978698,0.0244891631409787,14.53455426947904,1.0,16,,,,True
235,1.2132292968750003,1,True,0.027581079834152256,0.027481079834152256,14.65525075904955,1.0,15,,,,True
235,1.2132292968750003,2,True,0.030514662075184606,0.030414662075184607,14.77757491671056,1.0,14,,,,True
235,1.2132292968750003,3,True,0.03338922264865829,0.03328922264865829,14.900482613728169,1.0,13,,,,True
235,1.2132292968750003,4,True,0.03620308370814751,0.03610308370814751,15.023159455563999,1.0,12,,,,True
235,1.2132292968750003,5,True,0.03895577113830262,0.03885577113830262,15.14495004746145,1.0,11,,,,True
235,1.2132292968750003,6,True,0.041646362618887434,0.04154636261888743,15.265396314950856,1.0,10,,,,True
236,1.2282281250000002,0,True,0.024589163140978698,0.0244891631409787,14.53455426947904,1.0,16,,,,True
236,1.2282281250000002,1,True,0.027581079834152256,0.027481079834152256,14.65525075904955,1.0,15,,,,True
236,1.2282281250000002,2,True,0.030514662075184606,0.030414662075184607,14.77757491671056,1.0,14,,,,True
236,1.2282281250000002,3,True,0.03338922264865829,0.03328922264865829,14.900482613728169,1.0,13,,,,True
236,1.2282281250000002,4,True,0.03620308370814751,0.03610308370814751,15.023159455563999,1.0,12,,,,True
236,1.2282281250000002,5,True,0.03895577113830262,0.03885577113830262,15.14495004746145,1.0,11,,,,True
236,1.2282281250000002,6,True,0.041646362618887434,0.04154636261888743,15.265396314950856,1.0,10,,,,True
237,1.2432269531250002,0,True,0.024589163140978698,0.0244891631409787,14.53455426947904,1.0,16,,,,True
237,1.2432269531250002,1,True,0.027581079834152256,0.027481079834152256,14.65525075904955,1.0,15,,,,True
237,1.2432269531250002,2,True,0.030514662075184606,0.030414662075184607,14.77757491671056,1.0,14,,,,True
237,1.2432269531250002,3,True,0.03338922264865829,0.03328922264865829,14.900482613728169,1.0,13,,,,True
237,1.2432269531250002,4,True,0.03620308370814751,0.03610308370814751,15.023159455563999,1.0,12,,,,True
237,1.2432269531250002,5,True,0.03895577113830262,0.03885577113830262,15.14495004746145,1.0,11,,,,True
237,1.2432269531250002,6,True,0.041646362618887434,0.04154636261888743,15.265396314950856,1.0,10,,,,True
238,1.2582257812500002,0,True,0.024589163140978698,0.0244891631409787,14.53455426947904,1.0,16,,,,True
238,1.2582257812500002,1,True,0.027581079834152256,0.027481079834152256,14.65525075904955,1.0,15,,,,True
238,1.2582257812500002,2,True,0.030514662075184606,0.030414662075184607,14.77757491671056,1.0,14,,,,True
238,1.2582257812500002,3,True,0.03338922264865829,0.03328922264865829,14.900482613728169,1.0,13,,,,True
238,1.2582257812500002,4,True,0.03620308370814751,0.03610308370814751,15.023159455563999,1.0,12,,,,True
238,1.2582257812500002,5,True,0.03895577113830262,0.03885577113830262,15.14495004746145,1.0,11,,,,True
238,1.2582257812500002,6,True,0.041646362618887434,0.04154636261888743,15.265396314950856,1.0,10,,,,True
239,1.2732246093750001,0,True,0.024589163140978698,0.0244891631409787,14.53455426947904,1.0,16,,,,True
239,1.2732246093750001,1,True,0.027581079834152256,0.027481079834152256,14.65525075904955,1.0,15,,,,True
239,1.2732246093750001,2,True,0.030514662075184606,0.030414662075184607,14.77757491671056,1.0,14,,,,True
239,1.2732246093750001,3,True,0.03338922264865829,0.03328922264865829,14.900482613728169,1.0,13,,,,True
239,1.2732246093750001,4,True,0.03620308370814751,0.03610308370814751,15.023159455563999,1.0,12,,,,True
239,1.2732246093750001,5,True,0.03895577113830262,0.03885577113830262,15.14495004746145,1.0,11,,,,True
239,1.2732246093750001,6,True,0.041646362618887434,0.04154636261888743,15.265396314950856,1.0,10,,,,True
240,1.2882234375000001,0,True,0.024589163140978698,0.0244891631409787,14.53455426947904,1.0,16,,,,True
240,1.2882234375000001,1,True,0.027581079834152256,0.027481079834152256,14.65525075904955,1.0,15,,,,True
240,1.2882234375000001,2,True,0.030514662075184606,0.030414662075184607,14.77757491671056,1.0,14,,,,True
240,1.2882234375000001,3,True,0.03338922264865829,0.03328922264865829,14.900482613728169,1.0,13,,,,True
240,1.2882234375000001,4,True,0.03620308370814751,0.03610308370814751,15.023159455563999,1.0,12,,,,True
240,1.2882234375000001,5,True,0.03895577113830262,0.03885577113830262,15.14495004746145,1.0,11,,,,True
240,1.2882234375000001,6,True,0.041646362618887434,0.04154636261888743,15.265396314950856,1.0,10,,,,True
241,1.303222265625,0,True,0.024589163140978698,0.0244891631409787,14.53455426947904,1.0,16,,,,True
241,1.303222265625,1,True,0.027581079834152256,0.027481079834152256,14.65525075904955,1.0,15,,,,True
241,1.303222265625,2,True,0.030514662075184606,0.030414662075184607,14.77757491671056,1.0,14,,,,True
241,1.303222265625,3,True,0.03338922264865829,0.03328922264865829,14.900482613728169,1.0,13,,,,True
241,1.303222265625,4,True,0.03620308370814751,0.03610308370814751,15.023159455563999,1.0,12,,,,True
241,1.303222265625,5,True,0.03895577113830262,0.03885577113830262,15.14495004746145,1.0,11,,,,True
241,1.303222265625,6,True,0.041646362618887434,0.04154636261888743,15.265396314950856,1.0,10,,,,True
242,1.31822109375,0,True,0.024589163140978698,0.0244891631409787,14.53455426947904,1.0,16,,,,True
242,1.31822109375,1,True,0.027581079834152256,0.027481079834152256,14.65525075904955,1.0,15,,,,True
242,1.31822109375,2,True,0.030514662075184606,0.030414662075184607,14.77757491671056,1.0,14,,,,True
242,1.31822109375,3,True,0.03338922264865829,0.03328922264865829,14.900482613728169,1.0,13,,,,True
242,1.31822109375,4,True,0.03620308370814751,0.03610308370814751,15.023159455563999,1.0,12,,,,True
242,1.31822109375,5,True,0.03895577113830262,0.03885577113830262,15.14495004746145,1.0,11,,,,True
242,1.31822109375,6,True,0.041646362618887434,0.04154636261888743,15.265396314950856,1.0,10,,,,True
243,1.333219921875,0,True,0.024589163140978698,0.0244891631409787,14.53455426947904,1.0,16,,,,True
243,1.333219921875,1,True,0.027581079834152256,0.027481079834152256,14.65525075904955,1.0,15,,,,True
243,1.333219921875,2,True,0.030514662075184606,0.030414662075184607,14.77757491671056,1.0,14,,,,True
243,1.333219921875,3,True,0.03338922264865829,0.03328922264865829,14.900482613728169,1.0,13,,,,True
243,1.333219921875,4,True,0.03620308370814751,0.03610308370814751,15.023159455563999,1.0,12,,,,True
243,1.333219921875,5,True,0.03895577113830262,0.03885577113830262,15.14495004746145,1.0,11,,,,True
243,1.333219921875,6,True,0.041646362618887434,0.04154636261888743,15.265396314950856,1.0,10,,,,True
244,1.34821875,0,True,0.024589163140978698,0.0244891631409787,14.53455426947904,1.0,16,,,,True
244,1.34821875,1,True,0.027581079834152256,0.027481079834152256,14.65525075904955,1.0,15,,,,True
244,1.34821875,2,True,0.030514662075184606,0.030414662075184607,14.77757491671056,1.0,14,,,,True
244,1.34821875,3,True,0.03338922264865829,0.03328922264865829,14.900482613728169,1.0,13,,,,True
244,1.34821875,4,True,0.03620308370814751,0.03610308370814751,15.023159455563999,1.0,12,,,,True
244,1.34821875,5,True,0.03895577113830262,0.03885577113830262,15.14495004746145,1.0,11,,,,True
244,1.34821875,6,True,0.041646362618887434,0.04154636261888743,15.265396314950856,1.0,10,,,,True
245,1.363217578125,0,True,0.024589163140978698,0.0244891631409787,14.53455426947904,1.0,16,,,,True
245,1.363217578125,1,True,0.027581079834152256,0.027481079834152256,14.65525075904955,1.0,15,,,,True
245,1.363217578125,2,True,0.030514662075184606,0.030414662075184607,14.77757491671056,1.0,14,,,,True
245,1.363217578125,3,True,0.03338922264865829,0.03328922264865829,14.900482613728169,1.0,13,,,,True
245,1.363217578125,4,True,0.03620308370814751,0.03610308370814751,15.023159455563999,1.0,12,,,,True
245,1.363217578125,5,True,0.03895577113830262,0.03885577113830262,15.14495004746145,1.0,11,,,,True
245,1.363217578125,6,True,0.041646362618887434,0.04154636261888743,15.265396314950856,1.0,10,,,,True
246,1.37821640625,0,True,0.024589163140978698,0.0244891631409787,14.53455426947904,1.0,16,,,,True
246,1.37821640625,1,True,0.027581079834152256,0.027481079834152256,14.65525075904955,1.0,15,,,,True
246,1.37821640625,2,True,0.030514662075184606,0.030414662075184607,14.77757491671056,1.0,14,,,,True
246,1.37821640625,3,True,0.03338922264865829,0.03328922264865829,14.900482613728169,1.0,13,,,,True
246,1.37821640625,4,True,0.03620308370814751,0.03610308370814751,15.023159455563999,1.0,12,,,,True
246,1.37821640625,5,True,0.03895577113830262,0.03885577113830262,15.14495004746145,1.0,11,,,,True
246,1.37821640625,6,True,0.041646362618887434,0.04154636261888743,15.265396314950856,1.0,10,,,,True
247,1.393215234375,0,True,0.024589163140978698,0.0244891631409787,14.53455426947904,1.0,16,,,,True
247,1.393215234375,1,True,0.027581079834152256,0.027481079834152256,14.65525075904955,1.0,15,,,,True
247,1.393215234375,2,True,0.030514662075184606,0.030414662075184607,14.77757491671056,1.0,14,,,,True
247,1.393215234375,3,True,0.03338922264865829,0.03328922264865829,14.900482613728169,1.0,13,,,,True
247,1.393215234375,4,True,0.03620308370814751,0.03610308370814751,15.023159455563999,1.0,12,,,,True
247,1.393215234375,5,True,0.03895577113830262,0.03885577113830262,15.14495004746145,1.0,11,,,,True
247,1.393215234375,6,True,0.041646362618887434,0.04154636261888743,15.265396314950856,1.0,10,,,,True
248,1.4082140625,0,True,0.024589163140978698,0.0244891631409787,14.53455426947904,1.0,16,,,,True
248,1.4082140625,1,True,0.027581079834152256,0.027481079834152256,14.65525075904955,1.0,15,,,,True
248,1.4082140625,2,True,0.030514662075184606,0.030414662075184607,14.77757491671056,1.0,14,,,,True
248,1.4082140625,3,True,0.03338922264865829,0.03328922264865829,14.900482613728169,1.0,13,,,,True
248,1.4082140625,4,True,0.03620308370814751,0.03610308370814751,15.023159455563999,1.0,12,,,,True
248,1.4082140625,5,True,0.03895577113830262,0.03885577113830262,15.14495004746145,1.0,11,,,,True
248,1.4082140625,6,True,0.041646362618887434,0.04154636261888743,15.265396314950856,1.0,10,,,,True
249,1.423212890625,0,True,0.024589163140978698,0.0244891631409787,14.53455426947904,1.0,16,,,,True
249,1.423212890625,1,True,0.027581079834152256,0.027481079834152256,14.65525075904955,1.0,15,,,,True
249,1.423212890625,2,True,0.030514662075184606,0.030414662075184607,14.77757491671056,1.0,14,,,,True
249,1.423212890625,3,True,0.03338922264865829,0.03328922264865829,14.900482613728169,1.0,13,,,,True
249,1.423212890625,4,True,0.03620308370814751,0.03610308370814751,15.023159455563999,1.0,12,,,,True
249,1.423212890625,5,True,0.03895577113830262,0.03885577113830262,15.14495004746145,1.0,11,,,,True
249,1.423212890625,6,True,0.041646362618887434,0.04154636261888743,15.265396314950856,1.0,10,,,,True
250,1.4382117187499999,0,True,0.024589163140978698,0.0244891631409787,14.53455426947904,1.0,16,,,,True
250,1.4382117187499999,1,True,0.027581079834152256,0.027481079834152256,14.65525075904955,1.0,15,,,,True
250,1.4382117187499999,2,True,0.030514662075184606,0.030414662075184607,14.77757491671056,1.0,14,,,,True
250,1.4382117187499999,3,True,0.03338922264865829,0.03328922264865829,14.900482613728169,1.0,13,,,,True
250,1.4382117187499999,4,True,0.03620308370814751,0.03610308370814751,15.023159455563999,1.0,12,,,,True
250,1.4382117187499999,5,True,0.03895577113830262,0.03885577113830262,15.14495004746145,1.0,11,,,,True
250,1.4382117187499999,6,True,0.041646362618887434,0.04154636261888743,15.265396314950856,1.0,10,,,,True
251,1.4532105468749998,0,True,0.024589163140978698,0.0244891631409787,14.53455426947904,1.0,16,,,,True
251,1.4532105468749998,1,True,0.027581079834152256,0.027481079834152256,14.65525075904955,1.0,15,,,,True
251,1.4532105468749998,2,True,0.030514662075184606,0.030414662075184607,14.77757491671056,1.0,14,,,,True
251,1.4532105468749998,3,True,0.03338922264865829,0.03328922264865829,14.900482613728169,1.0,13,,,,True
251,1.4532105468749998,4,True,0.03620308370814751,0.03610308370814751,15.023159455563999,1.0,12,,,,True
251,1.4532105468749998,5,True,0.03895577113830262,0.03885577113830262,15.14495004746145,1.0,11,,,,True
251,1.4532105468749998,6,True,0.041646362618887434,0.04154636261888743,15.265396314950856,1.0,10,,,,True
252,1.4682093750000003,0,True,0.024589163140978698,0.0244891631409787,14.53455426947904,1.0,16,,,,True
252,1.4682093750000003,1,True,0.027581079834152256,0.027481079834152256,14.65525075904955,1.0,15,,,,True
252,1.4682093750000003,2,True,0.030514662075184606,0.030414662075184607,14.77757491671056,1.0,14,,,,True
252,1.4682093750000003,3,True,0.03338922264865829,0.03328922264865829,14.900482613728169,1.0,13,,,,True
252,1.4682093750000003,4,True,0.03620308370814751,0.03610308370814751,15.023159455563999,1.0,12,,,,True
252,1.4682093750000003,5,True,0.03895577113830262,0.03885577113830262,15.14495004746145,1.0,11,,,,True
252,1.4682093750000003,6,True,0.041646362618887434,0.04154636261888743,15.265396314950856,1.0,10,,,,True
253,1.4832082031250002,0,True,0.024589163140978698,0.0244891631409787,14.53455426947904,1.0,16,,,,True
253,1.4832082031250002,1,True,0.027581079834152256,0.027481079834152256,14.65525075904955,1.0,15,,,,True
253,1.4832082031250002,2,True,0.030514662075184606,0.030414662075184607,14.77757491671056,1.0,14,,,,True
253,1.4832082031250002,3,True,0.03338922264865829,0.03328922264865829,14.900482613728169,1.0,13,,,,True
253,1.4832082031250002,4,True,0.03620308370814751,0.03610308370814751,15.023159455563999,1.0,12,,,,True
253,1.4832082031250002,5,True,0.03895577113830262,0.03885577113830262,15.14495004746145,1.0,11,,,,True
253,1.4832082031250002,6,True,0.041646362618887434,0.04154636261888743,15.265396314950856,1.0,10,,,,True
254,1.4982070312500002,0,True,0.024589163140978698,0.0244891631409787,14.53455426947904,1.0,16,,,,True
254,1.4982070312500002,1,True,0.027581079834152256,0.027481079834152256,14.65525075904955,1.0,15,,,,True
254,1.4982070312500002,2,True,0.030514662075184606,0.030414662075184607,14.77757491671056,1.0,14,,,,True
254,1.4982070312500002,3,True,0.03338922264865829,0.03328922264865829,14.900482613728169,1.0,13,,,,True
254,1.4982070312500002,4,True,0.03620308370814751,0.03610308370814751,15.023159455563999,1.0,12,,,,True
254,1.4982070312500002,5,True,0.03895577113830262,0.03885577113830262,15.14495004746145,1.0,11,,,,True
254,1.4982070312500002,6,True,0.041646362618887434,0.04154636261888743,15.265396314950856,1.0,10,,,,True
255,1.5132058593750002,0,True,0.024589163140978698,0.0244891631409787,14.53455426947904,1.0,16,,,,True
255,1.5132058593750002,1,True,0.027581079834152256,0.027481079834152256,14.65525075904955,1.0,15,,,,True
255,1.5132058593750002,2,True,0.030514662075184606,0.030414662075184607,14.77757491671056,1.0,14,,,,True
255,1.5132058593750002,3,True,0.03338922264865829,0.03328922264865829,14.900482613728169,1.0,13,,,,True
255,1.5132058593750002,4,True,0.03620308370814751,0.03610308370814751,15.023159455563999,1.0,12,,,,True
255,1.5132058593750002,5,True,0.03895577113830262,0.03885577113830262,15.14495004746145,1.0,11,,,,True
255,1.5132058593750002,6,True,0.041646362618887434,0.04154636261888743,15.265396314950856,1.0,10,,,,True
256,1.5282046875000002,0,True,0.024589163140978698,0.0244891631409787,14.53455426947904,1.0,16,,,,True
256,1.5282046875000002,1,True,0.027581079834152256,0.027481079834152256,14.65525075904955,1.0,15,,,,True
256,1.5282046875000002,2,True,0.030514662075184606,0.030414662075184607,14.77757491671056,1.0,14,,,,True
256,1.5282046875000002,3,True,0.03338922264865829,0.03328922264865829,14.900482613728169,1.0,13,,,,True
256,1.5282046875000002,4,True,0.03620308370814751,0.03610308370814751,15.023159455563999,1.0,12,,,,True
256,1.5282046875000002,5,True,0.03895577113830262,0.03885577113830262,15.14495004746145,1.0,11,,,,True
256,1.5282046875000002,6,True,0.041646362618887434,0.04154636261888743,15.265396314950856,1.0,10,,,,True
257,1.5432035156250001,0,True,0.024589163140978698,0.0244891631409787,14.53455426947904,1.0,16,,,,True
257,1.5432035156250001,1,True,0.027581079834152256,0.027481079834152256,14.65525075904955,1.0,15,,,,True
257,1.5432035156250001,2,True,0.030514662075184606,0.030414662075184607,14.77757491671056,1.0,14,,,,True
257,1.5432035156250001,3,True,0.03338922264865829,0.03328922264865829,14.900482613728169,1.0,13,,,,True
257,1.5432035156250001,4,True,0.03620308370814751,0.03610308370814751,15.023159455563999,1.0,12,,,,True
257,1.5432035156250001,5,True,0.03895577113830262,0.03885577113830262,15.14495004746145,1.0,11,,,,True
257,1.5432035156250001,6,True,0.041646362618887434,0.04154636261888743,15.265396314950856,1.0,10,,,,True
258,1.55820234375,0,True,0.024589163140978698,0.0244891631409787,14.53455426947904,1.0,16,,,,True
258,1.55820234375,1,True,0.027581079834152256,0.027481079834152256,14.65525075904955,1.0,15,,,,True
258,1.55820234375,2,True,0.030514662075184606,0.030414662075184607,14.77757491671056,1.0,14,,,,True
258,1.55820234375,3,True,0.03338922264865829,0.03328922264865829,14.900482613728169,1.0,13,,,,True
258,1.55820234375,4,True,0.03620308370814751,0.03610308370814751,15.023159455563999,1.0,12,,,,True
258,1.55820234375,5,True,0.03895577113830262,0.03885577113830262,15.14495004746145,1.0,11,,,,True
258,1.55820234375,6,True,0.041646362618887434,0.04154636261888743,15.265396314950856,1.0,10,,,,True
259,1.573201171875,0,True,0.024589163140978698,0.0244891631409787,14.53455426947904,1.0,16,,,,True
259,1.573201171875,1,True,0.027581079834152256,0.027481079834152256,14.65525075904955,1.0,15,,,,True
259,1.573201171875,2,True,0.030514662075184606,0.030414662075184607,14.77757491671056,1.0,14,,,,True
259,1.573201171875,3,True,0.03338922264865829,0.03328922264865829,14.900482613728169,1.0,13,,,,True
259,1.573201171875,4,True,0.03620308370814751,0.03610308370814751,15.023159455563999,1.0,12,,,,True
259,1.573201171875,5,True,0.03895577113830262,0.03885577113830262,15.14495004746145,1.0,11,,,,True
259,1.573201171875,6,True,0.041646362618887434,0.04154636261888743,15.265396314950856,1.0,10,,,,True
260,1.5882,0,True,0.024589163140978698,0.0244891631409787,14.53455426947904,1.0,16,,,,True
260,1.5882,1,True,0.027581079834152256,0.027481079834152256,14.65525075904955,1.0,15,,,,True
260,1.5882,2,True,0.030514662075184606,0.030414662075184607,14.77757491671056,1.0,14,,,,True
260,1.5882,3,True,0.03338922264865829,0.03328922264865829,14.900482613728169,1.0,13,,,,True
260,1.5882,4,True,0.03620308370814751,0.03610308370814751,15.023159455563999,1.0,12,,,,True
260,1.5882,5,True,0.03895577113830262,0.03885577113830262,15.14495004746145,1.0,11,,,,True
260,1.5882,6,True,0.041646362618887434,0.04154636261888743,15.265396314950856,1.0,10,,,,True
261,-1.274701318359375,0,True,0.04251099499161315,0.042410994991613146,14.527997114164695,0.5829400010445105,0,,,,True
261,-1.274701318359375,1,True,0.04377136340266041,0.04367136340266041,14.648784871387399,0.5877434769311809,0,,,,True
261,-1.274701318359375,2,True,0.04504616407825779,0.044946164078257786,14.771157694999639,0.5923134202441256,0,,,,True
261,-1.274701318359375,3,True,0.04633733945603513,0.04623733945603513,14.894106191313451,0.5966635895066166,0,,,,True
261,-1.274701318359375,4,True,0.04764476743644863,0.04754476743644863,15.016828728205375,0.6008071954854866,0,,,,True
261,-1.274701318359375,5,True,0.04626722095129088,0.046167220951290874,15.138688794740883,0.6047569042104253,0,,,,True
261,-1.274701318359375,6,True,0.04163294116965632,0.04153294116965632,15.259189291539478,0.6085248268842355,0,,,,True
262,-1.27282646484375,0,True,0.042478925120681854,0.04237892512068185,14.527985319254107,0.5840087140447838,0,,,,True
262,-1.27282646484375,1,True,0.04374218193496393,0.04364218193496393,14.648789031279259,0.5888121899314543,0,,,,True
262,-1.27282646484375,2,True,0.04501958574881071,0.044919585748810706,14.771172652057299,0.593382133244399,0,,,,True
262,-1.27282646484375,3,True,0.04631292613824156,0.04621292613824156,14.894121218703594,0.59773230250689,0,,,,True
262,-1.27282646484375,4,True,0.04762250612320251,0.04752250612320251,15.01684380900784,0.60187590848576,0,,,,True
262,-1.27282646484375,5,True,0.046297139060579084,0.04619713906057908,15.13870391314122,0.6058256172106986,0,,,,True
262,-1.27282646484375,6,True,0.04166282866004778,0.041562828660047776,15.25920443278742,0.6095935398845089,0,,,,True
263,-1.270951611328125,0,True,0.042446773116231906,0.0423467731162319,14.527970631467594,0.5850774270450573,0,,,,True
263,-1.270951611328125,1,True,0.043712752321635406,0.043612752321635403,14.648789644310902,0.5898809029317278,0,,,,True
263,-1.270951611328125,2,True,0.04499300650620075,0.04489300650620075,14.771187551173885,0.5944508462446724,0,,,,True
263,-1.270951611328125,3,True,0.04628851156788061,0.046188511567880605,14.89413624748763,0.5988010155071635,0,,,,True
263,-1.270951611328125,4,True,0.04760024381390293,0.04750024381390293,15.016858891200028,0.6029446214860334,0,,,,True
263,-1.270951611328125,5,True,0.04632705714690877,0.046227057146908765,15.138719032926423,0.6068943302109722,0,,,,True
263,-1.270951611328125,6,True,0.04169271612667114,0.041592716126671134,15.259219575414704,0.6106622528847824,0,,,,True
264,-1.2690767578125,0,True,0.04241461880252162,0.04231461880252162,14.527955944542171,0.5861461400453307,0,,,,True
264,-1.2690767578125,1,True,0.04368316122671034,0.04358316122671034,14.64878795947663,0.5909496159320012,0,,,,True
264,-1.2690767578125,2,True,0.04496600793230465,0.04486600793230465,14.771191727074669,0.5955195592449458,0,,,,True
264,-1.2690767578125,3,True,0.04626409574603718,0.04616409574603718,14.894151277665589,0.599869728507437,0,,,,True
264,-1.2690767578125,4,True,0.04757798050932083,0.047477980509320825,15.016873974781959,0.6040133344863069,0,,,,True
264,-1.2690767578125,5,True,0.046356975210280815,0.04625697521028081,15.138734154096502,0.6079630432112456,0,,,,True
264,-1.2690767578125,6,True,0.04172260356953039,0.04162260356953039,15.259234719421343,0.6117309658850558,0,,,,True
265,-1.267201904296875,0,True,0.04238246218222752,0.04228246218222752,14.527941258477869,0.5872148530456042,0,,,,True
265,-1.267201904296875,1,True,0.0436532514463166,0.043553251446316596,14.648774336873792,0.5920183289322747,0,,,,True
265,-1.267201904296875,2,True,0.04493900779371929,0.044839007793719285,14.771195904260935,0.5965882722452193,0,,,,True
265,-1.267201904296875,3,True,0.04623967867380152,0.04613967867380152,14.894166309237491,0.6009384415077104,0,,,,True
265,-1.267201904296875,4,True,0.04755571621022581,0.047455716210225804,15.016889059753662,0.6050820474865803,0,,,,True
265,-1.267201904296875,5,True,0.04638689325069789,0.04628689325069789,15.138749276651488,0.6090317562115191,0,,,,True
265,-1.267201904296875,6,True,0.0417524909886251,0.0416524909886251,15.25924986480737,0.6127996788853293,0,,,,True
266,-1.26532705078125,0,True,0.0423504851673524,0.0422504851673524,14.527930693234943,0.5882835660458777,0,,,,True
266,-1.26532705078125,1,True,0.04362330870268849,0.04352330870268849,14.648759545991322,0.5930870419325482,0,,,,True
266,-1.26532705078125,2,True,0.04491200609194612,0.04481200609194612,14.77120008273272,0.5976569852454927,0,,,,True
266,-1.26532705078125,3,True,0.0462150859842998,0.046115085984299795,14.894176662440742,0.6020071545079838,0,,,,True
266,-1.26532705078125,4,True,0.04753345091739014,0.04743345091739014,15.016904146115156,0.6061507604868538,0,,,,True
266,-1.26532705078125,5,True,0.04641681126816133,0.046316811268161326,15.138764400591395,0.6101004692117925,0,,,,True
266,-1.26532705078125,6,True,0.04178237838395882,0.041682378383958815,15.259265011572804,0.6138683918856027,0,,,,True
267,-1.263452197265625,0,True,0.04231890740136768,0.042218907401367675,14.527927153018364,0.5893522790461511,0,,,,True
267,-1.263452197265625,1,True,0.04359336401672742,0.04349336401672742,14.648744755962433,0.5941557549328216,0,,,,True
267,-1.263452197265625,2,True,0.044884568964967286,0.04478456896496728,14.771192050459948,0.5987256982457662,0,,,,True
267,-1.263452197265625,3,True,0.04619026201156107,0.046090262011561065,14.89418084359712,0.6030758675082573,0,,,,True
267,-1.263452197265625,4,True,0.047511184631584324,0.04741118463158432,15.016919233866458,0.6072194734871271,0,,,,True
267,-1.263452197265625,5,True,0.04644672926267335,0.046346729262673345,15.138779525916256,0.6111691822120658,0,,,,True
267,-1.263452197265625,6,True,0.04181226575553065,0.04171226575553065,15.259280159717658,0.614937104885876,0,,,,True
268,-1.259702490234375,0,True,0.042256154094022946,0.04215615409402294,14.527925362146805,0.591489705046698,0,,,,True
268,-1.259702490234375,1,True,0.04353346882593545,0.04343346882593545,14.648715178465473,0.5962931809333685,0,,,,True
268,-1.259702490234375,2,True,0.044829097570000975,0.04472909757000097,14.771162256684008,0.600863124246313,0,,,,True
268,-1.259702490234375,3,True,0.046140282102367536,0.04604028210236753,14.894175612788992,0.6052132935088042,0,,,,True
268,-1.259702490234375,4,True,0.04746607549353765,0.04736607549353765,15.016933217407558,0.609356899487674,0,,,,True
268,-1.259702490234375,5,True,0.046503175399382535,0.04640317539938253,15.13880837321318,0.6133066082126127,0,,,,True
268,-1.259702490234375,6,True,0.04187204042740156,0.041772040427401555,15.259310460145743,0.617074530886423,0,,,,True
269,-1.25782763671875,0,True,0.042224774100870555,0.04212477410087055,14.527924468120997,0.5925584180469714,0,,,,True
269,-1.25782763671875,1,True,0.043503734662092786,0.04340373466209278,14.648705461693101,0.5973618939336419,0,,,,True
269,-1.25782763671875,2,True,0.044801359462391055,0.04470135946239105,14.771147361064411,0.6019318372465865,0,,,,True
269,-1.25782763671875,3,True,0.046115063604148965,0.04601506360414896,14.894164765036663,0.6062820065090776,0,,,,True
269,-1.25782763671875,4,True,0.04744315930989629,0.047343159309896285,15.016925963972337,0.6104256124879475,0,,,,True
269,-1.25782763671875,5,True,0.04652361646512437,0.04642361646512437,15.138809677894505,0.6143753212128862,0,,,,True
269,-1.25782763671875,6,True,0.04190181242305613,0.041801812423056126,15.259319849271883,0.6181432438866964,0,,,,True
270,-1.255952783203125,0,True,0.042193391884953524,0.04209339188495352,14.527923575035192,0.5936271310472448,0,,,,True
270,-1.255952783203125,1,True,0.043474143051151604,0.0433741430511516,14.648699131940486,0.5984306069339154,0,,,,True
270,-1.255952783203125,2,True,0.04477361975004701,0.04467361975004701,14.771132466290425,0.6030005502468598,0,,,,True
270,-1.255952783203125,3,True,0.04608953147612338,0.04598953147612338,14.894149760418411,0.607350719509351,0,,,,True
270,-1.255952783203125,4,True,0.047420171080431395,0.04732017108043139,15.01691559300286,0.6114943254882209,0,,,,True
270,-1.255952783203125,5,True,0.04654393937362267,0.046443939373622664,15.13879923253224,0.6154440342131596,0,,,,True
270,-1.255952783203125,6,True,0.041931241810340136,0.04183124181034013,15.25930932680036,0.6192119568869698,0,,,,True
271,-1.2540779296875,0,True,0.042162396095544175,0.04206239609554417,14.527936766935625,0.5946958440475183,0,,,,True
271,-1.2540779296875,1,True,0.043444802359887014,0.04334480235988701,14.648696173520896,0.5994993199341888,0,,,,True
271,-1.2540779296875,2,True,0.04474587843448319,0.044645878434483185,14.771117572362082,0.6040692632471333,0,,,,True
271,-1.2540779296875,3,True,0.04606399804366257,0.045963998043662566,14.894134756637275,0.6084194325096245,0,,,,True
271,-1.2540779296875,4,True,0.04739718182637853,0.04729718182637853,15.016905222855671,0.6125630384884944,0,,,,True
271,-1.2540779296875,5,True,0.04656426225349808,0.046464262253498076,15.138788787983312,0.6165127472134331,0,,,,True
271,-1.2540779296875,6,True,0.04196041561664998,0.04186041561664998,15.259298805132847,0.6202806698872433,0,,,,True
272,-1.252203076171875,0,True,0.04213113592177864,0.04203113592177864,14.527935185280842,0.5957645570477917,0,,,,True
272,-1.252203076171875,1,True,0.04341561580282338,0.04331561580282338,14.648695295849606,0.6005680329344623,0,,,,True
272,-1.252203076171875,2,True,0.04471828063683381,0.044618280636833804,14.77110621538709,0.6051379762474067,0,,,,True
272,-1.252203076171875,3,True,0.04603846330786521,0.045938463307865204,14.89411975369329,0.6094881455098978,0,,,,True
272,-1.252203076171875,4,True,0.04737405605318923,0.047274056053189226,15.016892968987381,0.6136317514887678,0,,,,True
272,-1.252203076171875,5,True,0.04658458510474972,0.04648458510474972,15.138778344247733,0.6175814602137065,0,,,,True
272,-1.252203076171875,6,True,0.04198072158058119,0.04188072158058119,15.259288284269358,0.6213493828875167,0,,,,True
273,-1.25032822265625,0,True,0.04209976506074886,0.04199976506074886,14.527927803068717,0.5968332700480652,0,,,,True
273,-1.25032822265625,1,True,0.04338642737403697,0.04328642737403697,14.648694419112402,0.6016367459347357,0,,,,True
273,-1.25032822265625,2,True,0.04469088568717394,0.04459088568717394,14.771099840685249,0.6062066892476802,0,,,,True
273,-1.25032822265625,3,True,0.04601292726983486,0.045912927269834855,14.894104751586477,0.6105568585101713,0,,,,True
273,-1.25032822265625,4,True,0.0473507236183317,0.0472507236183317,15.016877855942163,0.6147004644890413,0,,,,True
273,-1.25032822265625,5,True,0.0466049079273807,0.0465049079273807,15.13876790132554,0.61865017321398,0,,,,True
273,-1.25032822265625,6,True,0.042001027515542244,0.04190102751554224,15.259277764209923,0.6224180958877902,0,,,,True
274,-1.248453369140625,0,True,0.04206839198329737,0.04196839198329737,14.527920420957058,0.5979019830483385,0,,,,True
274,-1.248453369140625,1,True,0.04335739340076605,0.04325739340076605,14.64869674738597,0.602705458935009,0,,,,True
274,-1.248453369140625,2,True,0.044663489161198555,0.04456348916119855,14.771093466907317,0.6072754022479536,0,,,,True
274,-1.248453369140625,3,True,0.04598738993067242,0.045887389930672415,14.894089750316862,0.6116255715104447,0,,,,True
274,-1.248453369140625,4,True,0.0473273901476694,0.0472273901476694,15.016862743725213,0.6157691774893146,0,,,,True
274,-1.248453369140625,5,True,0.04662515967523451,0.046525159675234504,15.138755993226045,0.6197188862142533,0,,,,True
274,-1.248453369140625,6,True,0.042021333421534024,0.04192133342153402,15.25926724495457,0.6234868088880636,0,,,,True
275,-1.244703662109375,0,True,0.042005639189839794,0.04190563918983979,14.527905657035262,0.6000394090488854,0,,,,True
275,-1.244703662109375,1,True,0.04329900514651186,0.04319900514651186,14.648682003303628,0.6048428849355559,0,,,,True
275,-1.244703662109375,2,True,0.04460913834570457,0.044509138345704566,14.771078169559193,0.6094128282485005,0,,,,True
275,-1.244703662109375,3,True,0.04593694830878858,0.04583694830878858,14.89407596957893,0.6137629975109916,0,,,,True
275,-1.244703662109375,4,True,0.047280720102050644,0.04718072010205064,15.016832521776195,0.6179066034898615,0,,,,True
275,-1.244703662109375,5,True,0.04666534170746939,0.046565341707469385,15.138725548210644,0.6218563122148002,0,,,,True
275,-1.244703662109375,6,True,0.042061700871809826,0.04196170087180982,15.259227537927126,0.6256242348886105,0,,,,True
276,-1.24282880859375,0,True,0.041974259479189424,0.04187425947918942,14.527898275225166,0.6011081220491589,0,,,,True
276,-1.24282880859375,1,True,0.04326981200170277,0.043169812001702765,14.648674631396787,0.6059115979358294,0,,,,True
276,-1.24282880859375,2,True,0.044582157852888216,0.04448215785288821,14.77107080032749,0.610481541248774,0,,,,True
276,-1.24282880859375,3,True,0.04591149968684327,0.04581149968684327,14.894054347995366,0.6148317105112651,0,,,,True
276,-1.24282880859375,4,True,0.0472575478969115,0.0471575478969115,15.016815665101,0.6189753164901349,0,,,,True
276,-1.24282880859375,5,True,0.0466853698646954,0.0465853698646954,15.138694384522125,0.6229250252150736,0,,,,True
276,-1.24282880859375,6,True,0.04208170906961284,0.041981709069612835,15.25919500153056,0.626692947888884,0,,,,True
277,-1.240953955078125,0,True,0.04194287756282744,0.04184287756282744,14.52789089351565,0.6021768350494323,0,,,,True
277,-1.240953955078125,1,True,0.04324063426810909,0.04314063426810909,14.648667259579542,0.6069803109361028,0,,,,True
277,-1.240953955078125,2,True,0.044555175809762204,0.0444551758097622,14.77106343117427,0.6115502542490474,0,,,,True
277,-1.240953955078125,3,True,0.0458861669302304,0.045786166930230396,14.894035227994266,0.6159004235115385,0,,,,True
277,-1.240953955078125,4,True,0.04723425066426312,0.04713425066426312,15.016790430058617,0.6200440294904084,0,,,,True
277,-1.240953955078125,5,True,0.04670551489306263,0.046605514893062625,15.138666758802085,0.6239937382153471,0,,,,True
277,-1.240953955078125,6,True,0.04210171722854428,0.042001717228544275,15.25916246469463,0.6277616608891574,0,,,,True
278,-1.2390791015625,0,True,0.04191149344343659,0.041811493443436584,14.527883511906717,0.6032455480497058,0,,,,True
278,-1.2390791015625,1,True,0.04321145467089771,0.043111454670897706,14.648659887851915,0.6080490239363763,0,,,,True
278,-1.2390791015625,2,True,0.04452819221783599,0.04442819221783599,14.77105606209957,0.6126189672493209,0,,,,True
278,-1.2390791015625,3,True,0.04586137075767649,0.04576137075767649,14.894027854761644,0.616969136511812,0,,,,True
278,-1.2390791015625,4,True,0.04721105029486772,0.047111050294867715,15.016769289213675,0.6211127424906818,0,,,,True
278,-1.2390791015625,5,True,0.04672571817450599,0.04662571817450599,15.138641415330298,0.6250624512156205,0,,,,True
278,-1.2390791015625,6,True,0.04212189009939715,0.04202189009939715,15.25913645317657,0.6288303738894307,0,,,,True
279,-1.237204248046875,0,True,0.04188010712369783,0.04178010712369783,14.527876130398404,0.6043142610499792,0,,,,True
279,-1.237204248046875,1,True,0.04318227321210344,0.043082273212103436,14.648652516213918,0.6091177369366497,0,,,,True
279,-1.237204248046875,2,True,0.04450120707862659,0.04440120707862659,14.771048693103413,0.6136876802495943,0,,,,True
279,-1.237204248046875,3,True,0.0458365733241175,0.0457365733241175,14.894020481596355,0.6180378495120853,0,,,,True
279,-1.237204248046875,4,True,0.04718805591955455,0.04708805591955455,15.016756806494136,0.6221814554909553,0,,,,True
279,-1.237204248046875,5,True,0.04674602799193339,0.04664602799193339,15.138625807422192,0.626131164215894,0,,,,True
279,-1.237204248046875,6,True,0.04214217921486574,0.042042179214865735,15.259120418376188,0.6298990868897042,0,,,,True
280,-1.23532939453125,0,True,0.04184894543330975,0.041748945433309745,14.527880875880433,0.6053829740502527,0,,,,True
280,-1.23532939453125,1,True,0.04315308989375932,0.04305308989375932,14.648645144665592,0.6101864499369232,0,,,,True
280,-1.23532939453125,2,True,0.04447422039364257,0.04437422039364257,14.771041324185829,0.6147563932498677,0,,,,True
280,-1.23532939453125,3,True,0.04581177463065256,0.045711774630652555,14.89401310849844,0.6191065625123587,0,,,,True
280,-1.23532939453125,4,True,0.047165187568608324,0.04706518756860832,15.016746045879593,0.6232501684912287,0,,,,True
280,-1.23532939453125,5,True,0.04676637134789852,0.046666371347898514,15.138613266035497,0.6271998772161674,0,,,,True
280,-1.23532939453125,6,True,0.04216250550930489,0.04206250550930489,15.259107815374161,0.6309677998899776,0,,,,True
281,-1.233454541015625,0,True,0.04181796944594618,0.041717969445946176,14.527895666129243,0.6064516870505261,0,,,,True
281,-1.233454541015625,1,True,0.04312390471790284,0.043023904717902836,14.64863777320695,0.6112551629371965,0,,,,True
281,-1.233454541015625,2,True,0.04444723216440272,0.044347232164402714,14.77103395534683,0.6158251062501412,0,,,,True
281,-1.233454541015625,3,True,0.04578697467838344,0.04568697467838344,14.89400573546791,0.6201752755126322,0,,,,True
281,-1.233454541015625,4,True,0.04714256734203692,0.04704256734203692,15.016738662254827,0.6243188814915022,0,,,,True
281,-1.233454541015625,5,True,0.0467867146767591,0.0466867146767591,15.138600724688587,0.6282685902164409,0,,,,True
281,-1.233454541015625,6,True,0.04218283177629134,0.04208283177629134,15.259095212400066,0.6320365128902511,0,,,,True
282,-1.229704833984375,0,True,0.041756011039336016,0.04165601103933601,14.527925250834018,0.6085891130510729,0,,,,True
282,-1.229704833984375,1,True,0.043065992913189355,0.04296599291318935,14.648648961168398,0.6133925889377434,0,,,,True
282,-1.229704833984375,2,True,0.04439325107920489,0.044293251079204884,14.771019217904708,0.617962532250688,0,,,,True
282,-1.229704833984375,3,True,0.0457373710018385,0.0456373710018385,14.893990989609122,0.6223127015131791,0,,,,True
282,-1.229704833984375,4,True,0.047097323881001074,0.04699732388100107,15.016723895173683,0.626456307492049,0,,,,True
282,-1.229704833984375,5,True,0.046827714647200036,0.04672771464720003,15.13858192000984,0.6304060162169877,0,,,,True
282,-1.229704833984375,6,True,0.04222348422790967,0.042123484227909666,15.25907000653578,0.634173938890798,0,,,,True
283,-1.22782998046875,0,True,0.04172502862544336,0.04162502862544336,14.527940045290013,0.6096578260513463,0,,,,True
283,-1.22782998046875,1,True,0.043037200844933565,0.04293720084493356,14.648663863146682,0.6144613019380168,0,,,,True
283,-1.22782998046875,2,True,0.044366417423988835,0.04426641742398883,14.771021202967649,0.6190312452509614,0,,,,True
283,-1.22782998046875,3,True,0.04571256727976403,0.045612567279764024,14.893983616780908,0.6233814145134525,0,,,,True
283,-1.22782998046875,4,True,0.047074700648098045,0.04697470064809804,15.016716511717362,0.6275250204923224,0,,,,True
283,-1.22782998046875,5,True,0.04684831454490768,0.046748314544907674,15.138574519911401,0.6314747292172611,0,,,,True
283,-1.22782998046875,6,True,0.042243988337129945,0.04214398833712994,15.259061015918679,0.6352426518910714,0,,,,True
284,-1.225955126953125,0,True,0.04169373156316336,0.04159373156316336,14.527954841148446,0.6107265390516198,0,,,,True
284,-1.225955126953125,1,True,0.04300840696755959,0.042908406967559584,14.648678766525506,0.6155300149382903,0,,,,True
284,-1.225955126953125,2,True,0.04433980360776957,0.044239803607769565,14.77103619465958,0.6200999582512349,0,,,,True
284,-1.225955126953125,3,True,0.0456878610523761,0.0455878610523761,14.893982391067077,0.624450127513726,0,,,,True
284,-1.225955126953125,4,True,0.047052076414645594,0.04695207641464559,15.016709128317238,0.6285937334925958,0,,,,True
284,-1.225955126953125,5,True,0.04686891441916874,0.046768914419168736,15.138567119857793,0.6325434422175346,0,,,,True
284,-1.225955126953125,6,True,0.04226458413881007,0.042164584138810066,15.259057296793742,0.6363113648913449,0,,,,True
285,-1.2240802734375,0,True,0.04166235144881458,0.04156235144881458,14.527969638409342,0.6117952520518932,0,,,,True
285,-1.2240802734375,1,True,0.04297954591016051,0.04287954591016051,14.648693671304892,0.6165987279385637,0,,,,True
285,-1.2240802734375,2,True,0.04431318828867292,0.04421318828867292,14.771051187749386,0.6211686712515083,0,,,,True
285,-1.2240802734375,3,True,0.045663415249839634,0.04556341524983963,14.893997454395423,0.6255188405139994,0,,,,True
285,-1.2240802734375,4,True,0.047029688121890345,0.04692968812189034,15.016717513959279,0.6296624464928693,0,,,,True
285,-1.2240802734375,5,True,0.0468895740060451,0.046789574006045095,15.138574879436892,0.633612155217808,0,,,,True
285,-1.2240802734375,6,True,0.04228525376676462,0.042185253766764616,15.259072473589637,0.6373800778916183,0,,,,True
286,-1.222205419921875,0,True,0.041630969150777464,0.04153096915077746,14.527984437072718,0.6128639650521667,0,,,,True
286,-1.222205419921875,1,True,0.042950373108179285,0.04285037310817928,14.64870857748486,0.6176674409388372,0,,,,True
286,-1.222205419921875,2,True,0.04428651237263814,0.04418651237263814,14.771066182237092,0.6222373842517818,0,,,,True
286,-1.222205419921875,3,True,0.045638968223201015,0.04553896822320101,14.89401251911822,0.6265875535142729,0,,,,True
286,-1.222205419921875,4,True,0.047007399990727006,0.046907399990727,15.01673263197762,0.6307311594931427,0,,,,True
286,-1.222205419921875,5,True,0.04691026271495424,0.04681026271495424,15.138590034917847,0.6346808682180815,0,,,,True
286,-1.222205419921875,6,True,0.042305923378838095,0.04220592337883809,15.259087651765437,0.6384487908918917,0,,,,True
287,-1.22033056640625,0,True,0.041599584671744516,0.04149958467174451,14.52799923713859,0.6139326780524401,0,,,,True
287,-1.22033056640625,1,True,0.04292119845844322,0.04282119845844322,14.648723485065428,0.6187361539391106,0,,,,True
287,-1.22033056640625,2,True,0.044259538847772006,0.044159538847772004,14.771081178122717,0.6233060972520552,0,,,,True
287,-1.22033056640625,3,True,0.04561427360625325,0.04551427360625325,14.894027585235492,0.6276562665145462,0,,,,True
287,-1.22033056640625,4,True,0.04698484326689378,0.04688484326689378,15.016747751386259,0.6317998724934162,0,,,,True
287,-1.22033056640625,5,True,0.046930951408388655,0.04683095140838865,15.13860519178425,0.6357495812183549,0,,,,True
287,-1.22033056640625,6,True,0.04232659297503183,0.042226592975031826,15.259102831321165,0.6395175038921651,0,,,,True
288,-1.218455712890625,0,True,0.04156819801441225,0.04146819801441225,14.528014038606987,0.6150013910527136,0,,,,True
288,-1.218455712890625,1,True,0.04289202196299735,0.04279202196299735,14.648738394046628,0.6198048669393841,0,,,,True
288,-1.218455712890625,2,True,0.04423256378659168,0.04413256378659168,14.771096175406282,0.6243748102523287,0,,,,True
288,-1.218455712890625,3,True,0.04558949114807387,0.045489491148073866,14.894042652747263,0.6287249795148196,0,,,,True
288,-1.218455712890625,4,True,0.04696224468920507,0.046862244689205065,15.016762872185232,0.6328685854936896,0,,,,True
288,-1.218455712890625,5,True,0.046951640086349666,0.046851640086349663,15.138620350036119,0.6368182942186283,0,,,,True
288,-1.218455712890625,6,True,0.04234726255534538,0.042247262555345375,15.259118012256849,0.6405862168924386,0,,,,True
289,-1.2500938659667968,0,True,0.042095843547223843,0.04199584354722384,14.527926880299265,0.5969668591730993,0,,,,True
289,-1.2500938659667968,1,True,0.043382778688935364,0.04328277868893536,14.648694309585926,0.6017703350597698,0,,,,True
289,-1.2500938659667968,2,True,0.044687461207600254,0.04458746120760025,14.77109904391248,0.6063402783727144,0,,,,True
289,-1.2500938659667968,3,True,0.04600973517357332,0.045909735173573316,14.894102876381993,0.6106904476352055,0,,,,True
289,-1.2500938659667968,4,True,0.04734780699112795,0.04724780699112795,15.016875966869744,0.6148340536140754,0,,,,True
289,-1.2500938659667968,5,True,0.04660744827819707,0.04650744827819707,15.138766596017454,0.6187837623390141,0,,,,True
289,-1.2500938659667968,6,True,0.04200356575537478,0.04190356575537478,15.259276449259033,0.6225516850128243,0,,,,True
290,-1.2498595092773437,0,True,0.04209192199907097,0.041991921999070966,14.527925957531384,0.5971004482981335,0,,,,True
290,-1.2498595092773437,1,True,0.04337912997462334,0.04327912997462334,14.64869420007405,0.601903924184804,0,,,,True
290,-1.2498595092773437,2,True,0.04468403670340093,0.04458403670340093,14.771098247154148,0.6064738674977486,0,,,,True
290,-1.2498595092773437,3,True,0.04600654305698271,0.045906543056982704,14.894101001190585,0.6108240367602398,0,,,,True
290,-1.2498595092773437,4,True,0.047344890347741586,0.04724489034774158,15.016874077810272,0.6149676427391096,0,,,,True
290,-1.2498595092773437,5,True,0.0466099886285658,0.0465099886285658,15.138765290722086,0.6189173514640484,0,,,,True
290,-1.2498595092773437,6,True,0.042006103994755684,0.04190610399475568,15.259275134320703,0.6226852741378586,0,,,,True
291,-1.2496251525878905,0,True,0.042088000416298676,0.041988000416298674,14.527925034765069,0.5972340374231677,0,,,,True
291,-1.2496251525878905,1,True,0.0433755319973943,0.0432755319973943,14.64869600345462,0.6020375133098382,0,,,,True
291,-1.2496251525878905,2,True,0.044680612174577305,0.0445806121745773,14.771097450410249,0.6066074566227828,0,,,,True
291,-1.2496251525878905,3,True,0.04600335092006569,0.045903350920065686,14.894099126012263,0.6109576258852738,0,,,,True
291,-1.2496251525878905,4,True,0.047341973688173944,0.04724197368817394,15.016872188763742,0.6151012318641438,0,,,,True
291,-1.2496251525878905,5,True,0.04661252897848822,0.04651252897848822,15.138763985439413,0.6190509405890825,0,,,,True
291,-1.2496251525878905,6,True,0.04200864223368361,0.04190864223368361,15.259273819394945,0.6228188632628927,0,,,,True
292,-1.2493907958984374,0,True,0.04208407879890874,0.04198407879890874,14.527924112000324,0.5973676265482019,0,,,,True
292,-1.2493907958984374,1,True,0.043371935515181814,0.04327193551518181,14.648697864268566,0.6021711024348724,0,,,,True
292,-1.2493907958984374,2,True,0.044677187621131154,0.04457718762113115,14.771096653680793,0.6067410457478171,0,,,,True
292,-1.2493907958984374,3,True,0.046000158762825816,0.04590015876282581,14.89409725084702,0.611091215010308,0,,,,True
292,-1.2493907958984374,4,True,0.047339057012427244,0.04723905701242724,15.016870299730154,0.6152348209891779,0,,,,True
292,-1.2493907958984374,5,True,0.046615069327963,0.046515069327962996,15.138762680169462,0.6191845297141166,0,,,,True
292,-1.2493907958984374,6,True,0.042011180472159015,0.04191118047215901,15.259272504481737,0.622952452387927,0,,,,True
293,-1.2491564392089844,0,True,0.04208015714690827,0.04198015714690827,14.527923189237155,0.597501215673236,0,,,,True
293,-1.2491564392089844,1,True,0.04336833518992744,0.04326833518992744,14.648699511941274,0.6023046915599065,0,,,,True
293,-1.2491564392089844,2,True,0.04467376304306914,0.044573763043069134,14.77109585696577,0.6068746348728511,0,,,,True
293,-1.2491564392089844,3,True,0.04599696658526442,0.04589696658526442,14.89409537569486,0.6112248041353421,0,,,,True
293,-1.2491564392089844,4,True,0.04733614032050237,0.04723614032050237,15.016868410709504,0.6153684101142121,0,,,,True
293,-1.2491564392089844,5,True,0.046617609676990135,0.04651760967699013,15.138761374912214,0.6193181188391508,0,,,,True
293,-1.2491564392089844,6,True,0.04201371871018189,0.04191371871018189,15.2592711895811,0.623086041512961,0,,,,True
294,-1.2489220825195313,0,True,0.042076235460303035,0.04197623546030303,14.527922266475553,0.5976348047982701,0,,,,True
294,-1.2489220825195313,1,True,0.043364688861545986,0.04326468886154598,14.64869859042144,0.6024382806849407,0,,,,True
294,-1.2489220825195313,2,True,0.04467033844038859,0.04457033844038859,14.771095060265184,0.6070082239978852,0,,,,True
294,-1.2489220825195313,3,True,0.045993774387383723,0.04589377438738372,14.894093500555773,0.6113583932603763,0,,,,True
294,-1.2489220825195313,4,True,0.04733322361239889,0.047233223612398886,15.0168665217018,0.6155019992392462,0,,,,True
294,-1.2489220825195313,5,True,0.046620136912292054,0.04652013691229205,15.13875979908331,0.6194517079641849,0,,,,True
294,-1.2489220825195313,6,True,0.042016256947751796,0.04191625694775179,15.259269874693029,0.6232196306379952,0,,,,True
295,-1.2486877258300781,0,True,0.042072313739098366,0.04197231373909836,14.52792134371552,0.5977683939233044,0,,,,True
295,-1.2486877258300781,1,True,0.04336104242155292,0.04326104242155292,14.648697668903006,0.6025718698099749,0,,,,True
295,-1.2486877258300781,2,True,0.044666913813099285,0.04456691381309928,14.771094263579027,0.6071418131229195,0,,,,True
295,-1.2486877258300781,3,True,0.0459905821691855,0.0458905821691855,14.894091625429777,0.6114919823854106,0,,,,True
295,-1.2486877258300781,4,True,0.047330306888120344,0.04723030688812034,15.016864632707033,0.6156355883642805,0,,,,True
295,-1.2486877258300781,5,True,0.046622648294011526,0.04652264829401152,15.138757896148281,0.6195852970892192,0,,,,True
295,-1.2486877258300781,6,True,0.04201879518486873,0.041918795184868726,15.259268559817517,0.6233532197630294,0,,,,True
296,-1.2482190124511718,0,True,0.0420644701929076,0.041964470192907596,14.527919498200168,0.5980355721733728,0,,,,True
296,-1.2482190124511718,1,True,0.043353744351122714,0.04325374435112271,14.648695825870332,0.6028390480600433,0,,,,True
296,-1.2482190124511718,2,True,0.04466006448469262,0.044560064484692616,14.771092670250038,0.6074089913729879,0,,,,True
296,-1.2482190124511718,3,True,0.04598420333631692,0.04588420333631692,14.89408801946183,0.611759160635479,0,,,,True
296,-1.2482190124511718,4,True,0.04732447339104562,0.047224473391045615,15.016860854756331,0.6159027666143488,0,,,,True
296,-1.2482190124511718,5,True,0.046627671055963216,0.04652767105596321,15.138754090316613,0.6198524753392876,0,,,,True
296,-1.2482190124511718,6,True,0.042023871657745904,0.0419238716577459,15.259265930104192,0.6236203980130978,0,,,,True
297,-1.2479846557617187,0,True,0.04206054836793216,0.04196054836793216,14.527918575444847,0.5981691612984069,0,,,,True
297,-1.2479846557617187,1,True,0.04335009527262823,0.04325009527262823,14.64869490435609,0.6029726371850775,0,,,,True
297,-1.2479846557617187,2,True,0.04465663978358325,0.04455663978358325,14.771091873607194,0.607542580498022,0,,,,True
297,-1.2479846557617187,3,True,0.045981053141273875,0.04588105314127387,14.894087216036066,0.6118927497605131,0,,,,True
297,-1.2479846557617187,4,True,0.047321556618251215,0.04722155661825121,15.016858965800392,0.6160363557393831,0,,,,True
297,-1.2479846557617187,5,True,0.046630182436196765,0.04653018243619676,15.13875218741997,0.6199860644643218,0,,,,True
297,-1.2479846557617187,6,True,0.04202640989350526,0.041926409893505254,15.259264615266366,0.623753987138132,0,,,,True
298,-1.2477502990722655,0,True,0.0420566265083786,0.0419566265083786,14.527917652691094,0.5983027504234412,0,,,,True
298,-1.2477502990722655,1,True,0.04334644616528616,0.043246446165286154,14.648693982843252,0.6031062263101117,0,,,,True
298,-1.2477502990722655,2,True,0.044653215057872675,0.04455321505787267,14.77109107697878,0.6076761696230563,0,,,,True
298,-1.2477502990722655,3,True,0.04597790292620374,0.04587790292620374,14.894086412624617,0.6120263388855472,0,,,,True
298,-1.2477502990722655,4,True,0.04731863982928752,0.04721863982928752,15.016857076857397,0.6161699448644172,0,,,,True
298,-1.2477502990722655,5,True,0.046632693815935156,0.04653269381593515,15.138750284536126,0.620119653589356,0,,,,True
298,-1.2477502990722655,6,True,0.04202894812881253,0.041928948128812524,15.259263300441114,0.6238875762631662,0,,,,True
299,-1.2475159423828126,0,True,0.04205270461425137,0.041952704614251365,14.527916729938916,0.5984363395484752,0,,,,True
299,-1.2475159423828126,1,True,0.0433427970290996,0.0432427970290996,14.648693061331807,0.6032398154351457,0,,,,True
299,-1.2475159423828126,2,True,0.04464979030756577,0.04454979030756577,14.771090280364822,0.6078097587480903,0,,,,True
299,-1.2475159423828126,3,True,0.045974752691107845,0.04587475269110784,14.894085609227492,0.6121599280105814,0,,,,True
299,-1.2475159423828126,4,True,0.04731572302415499,0.047215723024154985,15.01685518792734,0.6163035339894514,0,,,,True
299,-1.2475159423828126,5,True,0.046635205195178386,0.046535205195178383,15.138748381665081,0.6202532427143901,0,,,,True
299,-1.2475159423828126,6,True,0.042031486363666826,0.04193148636366682,15.259261985628426,0.6240211653882003,0,,,,True
300,-1.2472815856933595,0,True,0.04204878268555401,0.041948782685554006,14.527915807188306,0.5985699286735094,0,,,,True
300,-1.2472815856933595,1,True,0.04333914786407389,0.04323914786407389,14.648692139821762,0.60337340456018,0,,,,True
300,-1.2472815856933595,2,True,0.044646412657832535,0.04454641265783253,14.771090134128427,0.6079433478731245,0,,,,True
300,-1.2472815856933595,3,True,0.045971602435989745,0.04587160243598974,14.89408480584469,0.6122935171356155,0,,,,True
300,-1.2472815856933595,4,True,0.047312806202857605,0.0472128062028576,15.01685329901023,0.6164371231144855,0,,,,True
300,-1.2472815856933595,5,True,0.046637716573926014,0.04653771657392601,15.138746478806826,0.6203868318394242,0,,,,True
300,-1.2472815856933595,6,True,0.042034024598068154,0.04193402459806815,15.259260670828299,0.6241547545132344,0,,,,True
301,-1.2470472290039063,0,True,0.04204486072229363,0.04194486072229363,14.527914884439268,0.5987035177985436,0,,,,True
301,-1.2470472290039063,1,True,0.04333549867021347,0.043235498670213465,14.648691218313118,0.6035069936852141,0,,,,True
301,-1.2470472290039063,2,True,0.044643037686223686,0.04454303768622368,14.771090025201058,0.6080769369981587,0,,,,True
301,-1.2470472290039063,3,True,0.04596845216085077,0.04586845216085077,14.894084002476205,0.6124271062606498,0,,,,True
301,-1.2470472290039063,4,True,0.047309889365395374,0.04720988936539537,15.016851410106064,0.6165707122395196,0,,,,True
301,-1.2470472290039063,5,True,0.04664022795217848,0.04654022795217848,15.138744575961372,0.6205204209644584,0,,,,True
301,-1.2470472290039063,6,True,0.0420365628320174,0.041936562832017396,15.259259356040737,0.6242883436382687,0,,,,True
302,-1.2468128723144531,0,True,0.04204093872447423,0.04194093872447423,14.527913961691796,0.5988371069235778,0,,,,True
302,-1.2468128723144531,1,True,0.04333184944752011,0.04323184944752011,14.648690296805874,0.6036405828102483,0,,,,True
302,-1.2468128723144531,2,True,0.04463966269039865,0.04453966269039865,14.77108991628818,0.6082105261231929,0,,,,True
302,-1.2468128723144531,3,True,0.04596530186569314,0.04586530186569314,14.894083199122033,0.6125606953856839,0,,,,True
302,-1.2468128723144531,4,True,0.04730697251177007,0.04720697251177007,15.016849521214834,0.6167043013645539,0,,,,True
302,-1.2468128723144531,5,True,0.04664273932993579,0.04654273932993579,15.138742673128714,0.6206540100894926,0,,,,True
302,-1.2468128723144531,6,True,0.04203910106551412,0.041939101065514114,15.259258041265738,0.6244219327633028,0,,,,True
303,-1.2463441589355468,0,True,0.04203309462518234,0.04193309462518234,14.527912116201572,0.5991042851736462,0,,,,True
303,-1.2463441589355468,1,True,0.04332455091565457,0.043224550915654567,14.64868845379558,0.6039077610603167,0,,,,True
303,-1.2463441589355468,2,True,0.0446329126261098,0.0445329126261098,14.77108969850591,0.6084777043732612,0,,,,True
303,-1.2463441589355468,3,True,0.045959001215330364,0.04585900121533036,14.894081592456658,0.6128278736357524,0,,,,True
303,-1.2463441589355468,4,True,0.04730113875603603,0.04720113875603603,15.016845743471205,0.6169714796146223,0,,,,True
303,-1.2463441589355468,5,True,0.04664776208396493,0.046547762083964925,15.13873886750179,0.620921188339561,0,,,,True
303,-1.2463441589355468,6,True,0.0420441775311482,0.041944177531148194,15.259255411753436,0.6246891110133712,0,,,,True
304,-1.2461098022460937,0,True,0.04202917252371963,0.041929172523719624,14.527911193458813,0.5992378742986805,0,,,,True
304,-1.2461098022460937,1,True,0.04332090160649038,0.04322090160649038,14.648687532292534,0.604041350185351,0,,,,True
304,-1.2461098022460937,2,True,0.04462953755765131,0.04452953755765131,14.771089589636523,0.6086112934982955,0,,,,True
304,-1.2461098022460937,3,True,0.04595585086012921,0.04585585086012921,14.894080789145459,0.6129614627607866,0,,,,True
304,-1.2461098022460937,4,True,0.047298221853929956,0.04719822185392995,15.01684385461881,0.6171050687396565,0,,,,True
304,-1.2461098022460937,5,True,0.04665027346023676,0.046550273460236755,15.138736964707517,0.6210547774645953,0,,,,True
304,-1.2461098022460937,6,True,0.04204669469794764,0.04194669469794764,15.2592519399362,0.6248227001384055,0,,,,True
305,-1.2458754455566405,0,True,0.042025250387719204,0.0419252503877192,14.527910270717626,0.5993714634237146,0,,,,True
305,-1.2458754455566405,1,True,0.043317252268510575,0.04321725226851057,14.648686610790882,0.604174939310385,0,,,,True
305,-1.2458754455566405,2,True,0.044626133445071936,0.04452613344507193,14.771087775473585,0.6087448826233297,0,,,,True
305,-1.2458754455566405,3,True,0.04595270048491873,0.045852700484918726,14.894079985848569,0.6130950518858207,0,,,,True
305,-1.2458754455566405,4,True,0.047295304935667914,0.04719530493566791,15.01684196577935,0.6172386578646907,0,,,,True
305,-1.2458754455566405,5,True,0.04665278483601387,0.04655278483601387,15.138735061926049,0.6211883665896294,0,,,,True
305,-1.2458754455566405,6,True,0.04204919572844368,0.041949195728443675,15.259247872951839,0.6249562892634396,0,,,,True
306,-1.2456410888671874,0,True,0.04202132821718729,0.04192132821718729,14.527909347978015,0.5995050525487488,0,,,,True
306,-1.2456410888671874,1,True,0.04331360290171782,0.043213602901717815,14.648685689290636,0.6043085284354193,0,,,,True
306,-1.2456410888671874,2,True,0.044622715097960786,0.04452271509796078,14.771085126286035,0.6088784717483638,0,,,,True
306,-1.2456410888671874,3,True,0.04594955008969981,0.045849550089699806,14.894079182566,0.613228641010855,0,,,,True
306,-1.2456410888671874,4,True,0.04729238800124991,0.047192388001249905,15.016840076952832,0.6173722469897248,0,,,,True
306,-1.2456410888671874,5,True,0.04665529621129538,0.04655529621129538,15.138733159157374,0.6213219557146635,0,,,,True
306,-1.2456410888671874,6,True,0.04205169675833176,0.041951696758331755,15.259243805960638,0.6250898783884739,0,,,,True
307,-1.2454067321777345,0,True,0.04201740601212833,0.04191740601212833,14.527908425239968,0.5996386416737828,0,,,,True
307,-1.2454067321777345,1,True,0.04330995350611966,0.043209953506119655,14.64868476779178,0.6044421175604533,0,,,,True
307,-1.2454067321777345,2,True,0.04461929672615739,0.044519296726157384,14.771082477093385,0.609012060873398,0,,,,True
307,-1.2454067321777345,3,True,0.045946399674475114,0.04584639967447511,14.894078379297753,0.613362230135889,0,,,,True
307,-1.2454067321777345,4,True,0.04728947105067638,0.047189471050676376,15.016838188139257,0.6175058361147588,0,,,,True
307,-1.2454067321777345,5,True,0.046657807586080846,0.04655780758608084,15.138731256401496,0.6214555448396976,0,,,,True
307,-1.2454067321777345,6,True,0.042054197787612324,0.04195419778761232,15.259239738962556,0.6252234675135079,0,,,,True
308,-1.2451723754882813,0,True,0.0420134837725481,0.041913483772548096,14.527907502503496,0.599772230798817,0,,,,True
308,-1.2451723754882813,1,True,0.043306304081714764,0.04320630408171476,14.648683846294336,0.6045757066854875,0,,,,True
308,-1.2451723754882813,2,True,0.04461588322649446,0.044515883226494454,14.77108001187938,0.6091456499984321,0,,,,True
308,-1.2451723754882813,3,True,0.04594324923924731,0.045843249239247305,14.894077576043824,0.6134958192609232,0,,,,True
308,-1.2451723754882813,4,True,0.04728655408395177,0.04718655408395177,15.01683629933863,0.6176394252397931,0,,,,True
308,-1.2451723754882813,5,True,0.04666031896037248,0.04656031896037248,15.13872935365842,0.6215891339647318,0,,,,True
308,-1.2451723754882813,6,True,0.04205669881628582,0.04195669881628582,15.259235671957608,0.6253570566385421,0,,,,True
309,-1.2449380187988281,0,True,0.04200956149845014,0.04190956149845014,14.527906579768594,0.5999058199238513,0,,,,True
309,-1.2449380187988281,1,True,0.04330265462851113,0.043202654628511125,14.64868292479828,0.6047092958105218,0,,,,True
309,-1.2449380187988281,2,True,0.04461251079822448,0.04451251079822448,14.771079090718672,0.6092792391234664,0,,,,True
309,-1.2449380187988281,3,True,0.045940098784017724,0.04584009878401772,14.894076772804217,0.6136294083859574,0,,,,True
309,-1.2449380187988281,4,True,0.04728363710107608,0.04718363710107608,15.016834410550937,0.6177730143648273,0,,,,True
309,-1.2449380187988281,5,True,0.046662830334168515,0.04656283033416851,15.138727450928126,0.6217227230897661,0,,,,True
309,-1.2449380187988281,6,True,0.0420591998443518,0.0419591998443518,15.259231604945803,0.6254906457635763,0,,,,True
310,-1.2444693054199218,0,True,0.04200171684672549,0.04190171684672549,14.527904734303497,0.6001729981739197,0,,,,True
310,-1.2444693054199218,1,True,0.04329535563572007,0.043195355635720065,14.648681081810373,0.6049764740605902,0,,,,True
310,-1.2444693054199218,2,True,0.0446057658689365,0.044505765868936495,14.771077248400942,0.6095464173735347,0,,,,True
310,-1.2444693054199218,3,True,0.04593379781356299,0.04583379781356299,14.894075166367966,0.6138965866360259,0,,,,True
310,-1.2444693054199218,4,True,0.047277840181708886,0.04717784018170888,15.016831626291667,0.6180401926148957,0,,,,True
310,-1.2444693054199218,5,True,0.04666784946819691,0.046567849468196906,15.138722728697822,0.6219899013398345,0,,,,True
310,-1.2444693054199218,6,True,0.042064201898661224,0.04196420189866122,15.25922347090158,0.6257578240136447,0,,,,True
311,-1.2442349487304687,0,True,0.04199779446910945,0.04189779446910945,14.527903811573307,0.6003065872989538,0,,,,True
311,-1.2442349487304687,1,True,0.043291706096140636,0.043191706096140633,14.64868016031852,0.6051100631856243,0,,,,True
311,-1.2442349487304687,2,True,0.044602393367924265,0.04450239336792426,14.771076327243907,0.6096800064985689,0,,,,True
311,-1.2442349487304687,3,True,0.045930628465850276,0.04583062846585027,14.894073190760292,0.61403017576106,0,,,,True
311,-1.2442349487304687,4,True,0.047274963411190196,0.04717496341119019,15.016830815589822,0.6181737817399299,0,,,,True
311,-1.2442349487304687,5,True,0.0466703523837908,0.0465703523837908,15.13871867954974,0.6221234904648686,0,,,,True
311,-1.2442349487304687,6,True,0.042066702924904664,0.04196670292490466,15.25921940386917,0.6258914131386788,0,,,,True
312,-1.2440005920410155,0,True,0.04199387205699834,0.041893872056998335,14.52790288884469,0.600440176423988,0,,,,True
312,-1.2440005920410155,1,True,0.043288056527776675,0.04318805652777667,14.648679238828066,0.6052436523106585,0,,,,True
312,-1.2440005920410155,2,True,0.04459902084267142,0.04449902084267142,14.771075406088105,0.6098135956236032,0,,,,True
312,-1.2440005920410155,3,True,0.045927440386975604,0.0458274403869756,14.894070050312557,0.6141637648860941,0,,,,True
312,-1.2440005920410155,4,True,0.047272086624749576,0.047172086624749573,15.016830004902168,0.6183073708649641,0,,,,True
312,-1.2440005920410155,5,True,0.046672855298781624,0.04657285529878162,15.138714630395036,0.6222570795899027,0,,,,True
312,-1.2440005920410155,6,True,0.04206920395054192,0.04196920395054192,15.259215336829898,0.626025002263713,0,,,,True
313,-1.2437662353515626,0,True,0.04198994961039704,0.041889949610397034,14.527901966117643,0.6005737655490221,0,,,,True
313,-1.2437662353515626,1,True,0.043284406930632624,0.04318440693063262,14.648678317339012,0.6053772414356926,0,,,,True
313,-1.2437662353515626,2,True,0.044595648293179746,0.04449564829317974,14.771074484933528,0.6099471847486372,0,,,,True
313,-1.2437662353515626,3,True,0.04592425228771324,0.04582425228771324,14.89406690985959,0.6142973540111283,0,,,,True
313,-1.2437662353515626,4,True,0.04726919612346148,0.047169196123461474,15.01682828249103,0.6184409599899982,0,,,,True
313,-1.2437662353515626,5,True,0.046675358213169815,0.04657535821316981,15.138710581233706,0.6223906687149369,0,,,,True
313,-1.2437662353515626,6,True,0.04207170497557078,0.041971704975570776,15.259211269783762,0.6261585913887471,0,,,,True
314,-1.2435318786621095,0,True,0.0419860271293091,0.0418860271293091,14.527901043392168,0.6007073546740562,0,,,,True
314,-1.2435318786621095,1,True,0.04328075730471248,0.04318075730471248,14.648677395851358,0.6055108305607267,0,,,,True
314,-1.2435318786621095,2,True,0.044592275719453234,0.04449227571945323,14.771073563780174,0.6100807738736713,0,,,,True
314,-1.2435318786621095,3,True,0.04592106416806718,0.04582106416806718,14.894063769401383,0.6144309431361624,0,,,,True
314,-1.2435318786621095,4,True,0.04726628409119371,0.04716628409119371,15.016825128151723,0.6185745491150323,0,,,,True
314,-1.2435318786621095,5,True,0.046677861126954934,0.04657786112695493,15.138706532065754,0.622524257839971,0,,,,True
314,-1.2435318786621095,6,True,0.042074205999992564,0.04197420599999256,15.259207202730764,0.6262921805137813,0,,,,True
315,-1.2432975219726563,0,True,0.04198210461374252,0.04188210461374252,14.527900120668264,0.6008409437990905,0,,,,True
315,-1.2432975219726563,1,True,0.04327710765002024,0.04317710765002024,14.648676474365097,0.605644419685761,0,,,,True
315,-1.2432975219726563,2,True,0.04458890312149322,0.044488903121493215,14.771072642628056,0.6102143629987056,0,,,,True
315,-1.2432975219726563,3,True,0.04591787602803832,0.045817876028038315,14.894060628937947,0.6145645322611967,0,,,,True
315,-1.2432975219726563,4,True,0.04726337204267761,0.047163372042677607,15.016821973806945,0.6187081382400665,0,,,,True
315,-1.2432975219726563,5,True,0.04668036404013787,0.046580364040137864,15.13870248289117,0.6226578469650053,0,,,,True
315,-1.2432975219726563,6,True,0.042076707023806836,0.041976707023806833,15.25920313567089,0.6264257696388156,0,,,,True
316,-1.2430631652832032,0,True,0.04197818206370085,0.04187818206370085,14.527899197945931,0.6009745329241247,0,,,,True
316,-1.2430631652832032,1,True,0.0432734590872661,0.043173459087266094,14.648675552880245,0.6057780088107951,0,,,,True
316,-1.2430631652832032,2,True,0.04458553049930458,0.04448553049930458,14.771071721477153,0.6103479521237398,0,,,,True
316,-1.2430631652832032,3,True,0.0459146878676302,0.0458146878676302,14.894057488469269,0.6146981213862308,0,,,,True
316,-1.2430631652832032,4,True,0.04726045997791761,0.04716045997791761,15.016818819456708,0.6188417273651008,0,,,,True
316,-1.2430631652832032,5,True,0.04668286695271773,0.046582866952717725,15.138698433709967,0.6227914360900395,0,,,,True
316,-1.2430631652832032,6,True,0.04207920804701315,0.04197920804701315,15.259199068604158,0.6265593587638497,0,,,,True
