Setting seed: 20260906
Warp 1.12.0 initialized:
   CUDA Toolkit 12.9, Driver 12.9
   Devices:
     "cpu"      : "x86_64"
     "cuda:0"   : "NVIDIA GeForce RTX 3070 Laptop GPU" (8 GiB, sm_86, mempool enabled)
   Kernel cache:
     /root/.cache/warp/1.12.0
Warp DeprecationWarning: The symbol `warp.context.runtime` will soon be removed from the public API. It can still be accessed from `warp._src.context.runtime` but might be changed or removed without notice.
Module mujoco_warp._src.smooth 75c1b76 load on device 'cuda:0' took 2.87 ms  (cached)
Module mujoco_warp._src.collision_driver 4d8b905 load on device 'cuda:0' took 0.54 ms  (cached)
Module _nxn_broadphase__locals__kernel_e916423b e916423 load on device 'cuda:0' took 1.28 ms  (cached)
Module _primitive_narrowphase__locals__primitive_narrowphase_886c85b7 886c85b load on device 'cuda:0' took 1.47 ms  (cached)
Module mujoco_warp._src.constraint e4fb920 load on device 'cuda:0' took 2.87 ms  (cached)
Module _actuator_velocity__locals__actuator_velocity_54391827 7ce5a05 load on device 'cuda:0' took 0.90 ms  (cached)
Module mujoco_warp._src.passive 7fb8524 load on device 'cuda:0' took 0.98 ms  (cached)
Module mujoco_warp._src.sensor 912ac95 load on device 'cuda:0' took 2.62 ms  (cached)
Module mujoco_warp._src.forward 5922a95 load on device 'cuda:0' took 1.13 ms  (cached)
Module mujoco_warp._src.support 343d1ae load on device 'cuda:0' took 0.53 ms  (cached)
Module _tile_cholesky_factorize_solve__locals__cholesky_factorize_solve_7c4626c2 68c124c load on device 'cuda:0' took 178.63 ms  (cached)
Module mujoco_warp._src.solver 4a4fc90 load on device 'cuda:0' took 1.42 ms  (cached)
Module solve_init_jaref__locals__kernel_e8e73468 e8e7346 load on device 'cuda:0' took 1.21 ms  (cached)
Module mul_m_dense__locals___mul_m_dense_5b182806 5b18280 load on device 'cuda:0' took 0.97 ms  (cached)
Module update_constraint_efc__locals__kernel_84abb40b 84abb40 load on device 'cuda:0' took 0.74 ms  (cached)
Module update_constraint_gauss_cost__locals__kernel_026115d4 026115d load on device 'cuda:0' took 1.02 ms  (cached)
Module update_gradient_JTDAJ_dense_tiled__locals__kernel_39517fdb 4e5a3dd load on device 'cuda:0' took 3.51 ms  (cached)
Module update_gradient_cholesky__locals__kernel_ac06d661 8d9cf28 load on device 'cuda:0' took 197.61 ms  (cached)
Module linesearch_jv_fused__locals__kernel_0ca87d41 0ca87d4 load on device 'cuda:0' took 0.60 ms  (cached)
Module linesearch_prepare_gauss__locals__kernel_b235c0c8 b235c0c load on device 'cuda:0' took 0.68 ms  (cached)
Module update_constraint_efc__locals__kernel_19805a28 19805a2 load on device 'cuda:0' took 0.66 ms  (cached)
Module _contact_sort__locals__contact_sort_c2bd81ce 47863e6 load on device 'cuda:0' took 0.69 ms  (cached)
Module _tile_euler_dense__locals__euler_dense_2facc489 09a40c4 load on device 'cuda:0' took 195.45 ms  (cached)
Module reset_data__locals__reset_xfrc_applied_f86f0829 f86f082 load on device 'cuda:0' took 1.58 ms  (cached)
Module reset_data__locals__reset_qM_1511185b 1511185 load on device 'cuda:0' took 0.83 ms  (cached)
Module reset_data__locals__reset_mocap_841cb68f 841cb68 load on device 'cuda:0' took 0.51 ms  (cached)
Module reset_data__locals__reset_contact_76c1c25e 76c1c25 load on device 'cuda:0' took 1.03 ms  (cached)
Module reset_data__locals__reset_nworld_d108b6ac d108b6a load on device 'cuda:0' took 0.59 ms  (cached)

+-----------------------------------+
|          Base Environment         |
+------------------------+----------+
| Property               | Value    |
+------------------------+----------+
| Number of environments | 32       |
| Environment device     | cuda:0   |
| Environment seed       | 20260906 |
| Physics step-size      | 0.002    |
| Environment step-size  | 0.02     |
+------------------------+----------+

[INFO] <EventManager> contains 0 active terms.

[INFO] <CommandManager> contains 1 active terms.
+--------------------------------------+
|         Active Command Terms         |
+-------+--------+---------------------+
| Index | Name   |         Type        |
+-------+--------+---------------------+
|   0   | motion | CorpusMotionCommand |
+-------+--------+---------------------+

[INFO] <ActionManager> contains 1 active terms.
+---------------------------------+
| Active Action Terms (shape: 23) |
+-------+-----------+-------------+
| Index | Name      |   Dimension |
+-------+-----------+-------------+
|   0   | joint_pos |          23 |
+-------+-----------+-------------+

[INFO] <ObservationManager> contains 3 groups.
+----------------------------------------------------------------+
| Active Observation Terms in Group: 'tokenizer' (shape: (268,)) |
+---------+-----------------------------------------+------------+
|  Index  | Name                                    |   Shape    |
+---------+-----------------------------------------+------------+
|    0    | encoder_index                           |    (1,)    |
|    1    | causal_history_lower_body               |   (240,)   |
|    2    | vr_3point_local_target                  |    (9,)    |
|    3    | vr_3point_local_orn_target              |   (12,)    |
|    4    | motion_anchor_ori_b                     |    (6,)    |
+---------+-----------------------------------------+------------+
+-------------------------------------------------------------+
| Active Observation Terms in Group: 'policy' (shape: (930,)) |
+--------+------------------------+---------------------------+
| Index  | Name                   |           Shape           |
+--------+------------------------+---------------------------+
|   0    | base_ang_vel           |      (30,)  ← 10×(3,)     |
|   1    | joint_pos_rel          |     (290,)  ← 10×(29,)    |
|   2    | joint_vel              |     (290,)  ← 10×(29,)    |
|   3    | previous_action        |     (290,)  ← 10×(29,)    |
|   4    | projected_gravity      |      (30,)  ← 10×(3,)     |
+--------+------------------------+---------------------------+
+-------------------------------------------------------------+
| Active Observation Terms in Group: 'critic' (shape: (256,)) |
+-----------+------------------------------------+------------+
|   Index   | Name                               |   Shape    |
+-----------+------------------------------------+------------+
|     0     | command                            |   (46,)    |
|     1     | motion_anchor_pos_b                |    (3,)    |
|     2     | motion_anchor_ori_b                |    (6,)    |
|     3     | body_pos                           |   (42,)    |
|     4     | body_ori                           |   (84,)    |
|     5     | base_lin_vel                       |    (3,)    |
|     6     | base_ang_vel                       |    (3,)    |
|     7     | joint_pos                          |   (23,)    |
|     8     | joint_vel                          |   (23,)    |
|     9     | actions                            |   (23,)    |
+-----------+------------------------------------+------------+

[INFO] <TerminationManager> contains 6 active terms.
+----------------------------------------------+
|           Active Termination Terms           |
+-------+---------------------------+----------+
| Index | Name                      | Time Out |
+-------+---------------------------+----------+
|   0   | time_out                  |   True   |
|   1   | anchor_pos                |  False   |
|   2   | anchor_ori                |  False   |
|   3   | ee_body_pos               |  False   |
|   4   | corpus_clip_time_out      |   True   |
|   5   | stage_one_actuation_guard |  False   |
+-------+---------------------------+----------+

[INFO] <RewardManager> contains 15 active terms.
+----------------------------------------------------+
|                Active Reward Terms                 |
+-------+----------------------------------+---------+
| Index | Name                             |  Weight |
+-------+----------------------------------+---------+
|   0   | motion_global_root_pos           |     0.5 |
|   1   | motion_global_root_ori           |     0.5 |
|   2   | motion_body_pos                  |     1.0 |
|   3   | motion_body_ori                  |     1.0 |
|   4   | motion_body_lin_vel              |     1.0 |
|   5   | motion_body_ang_vel              |     1.0 |
|   6   | action_rate_l2                   |    -0.2 |
|   7   | joint_limit                      |   -20.0 |
|   8   | self_collisions                  |   -10.0 |
|   9   | action_target_reference_l2       |    -2.0 |
|   10  | action_target_soft_limit_barrier |   -10.0 |
|   11  | alive                            |     5.0 |
|   12  | non_timeout_termination          | -5000.0 |
|   13  | worst_ee_z_normalized_squared    |   -20.0 |
|   14  | right_wrist_prethreshold_barrier |   -25.0 |
+-------+----------------------------------+---------+

[INFO] <NullCurriculumManager> (inactive)
[INFO] <NullMetricsManager> (inactive)
--------------------------------------------------------------------------------
Resolved observation sets: 
	 actor :  ('tokenizer', 'policy')
	 critic :  ('critic',)
--------------------------------------------------------------------------------
Actor Model: True23FrozenPlatformLoraActorModel(
  (core): FrozenPlatformTrue23Core(
    (encoder): _FrozenMlp(
      (layers): ModuleList(
        (0-4): 5 x _FrozenLinear()
      )
    )
    (decoder): _FrozenLoRAMlp(
      (layers): ModuleList(
        (0-8): 9 x _FrozenLoRALinear()
      )
    )
    (codec): G1True23AnalyticCodec()
  )
  (distribution): GaussianDistribution()
)
Critic Model: MLPModel(
  (obs_normalizer): EmpiricalNormalization()
  (mlp): MLP(
    (0): Linear(in_features=256, out_features=512, bias=True)
    (1): ELU(alpha=1.0)
    (2): Linear(in_features=512, out_features=256, bias=True)
    (3): ELU(alpha=1.0)
    (4): Linear(in_features=256, out_features=128, bias=True)
    (5): ELU(alpha=1.0)
    (6): Linear(in_features=128, out_features=1, bias=True)
  )
)
Could not find git repository in /root/.venvs/g1_true23_mjlab/lib/python3.11/site-packages/rsl_rl/__init__.py. Skipping.
################################################################################
[1m                            Learning iteration 0/100                            [0m 

                               Run name: breadth
                            Total steps: 512 
                       Steps per second: 105 
                        Collection time: 3.444s 
                          Learning time: 1.401s 
                        Mean value loss: 5518.5461
                    Mean surrogate loss: -0.0281
                      Mean entropy loss: 10.5205
           Mean standing_retention loss: 0.0000
                            Mean reward: -97.73
                    Mean episode length: 4.05
                        Mean action std: 0.38
  Episode_Reward/motion_global_root_pos: 0.0036
  Episode_Reward/motion_global_root_ori: 0.0031
         Episode_Reward/motion_body_pos: 0.0072
         Episode_Reward/motion_body_ori: 0.0060
     Episode_Reward/motion_body_lin_vel: 0.0052
     Episode_Reward/motion_body_ang_vel: 0.0045
          Episode_Reward/action_rate_l2: -0.0284
             Episode_Reward/joint_limit: -0.0007
         Episode_Reward/self_collisions: -0.0080
Episode_Reward/action_target_reference_l2: -0.0026
Episode_Reward/action_target_soft_limit_barrier: -0.0001
                   Episode_Reward/alive: 0.0274
 Episode_Reward/non_timeout_termination: -9.8177
Episode_Reward/worst_ee_z_normalized_squared: -0.0052
Episode_Reward/right_wrist_prethreshold_barrier: 0.0000
        Metrics/motion/error_anchor_pos: 0.0491
        Metrics/motion/error_anchor_rot: 0.1441
    Metrics/motion/error_anchor_lin_vel: 0.4610
    Metrics/motion/error_anchor_ang_vel: 0.9960
          Metrics/motion/error_body_pos: 0.3808
          Metrics/motion/error_body_rot: 0.3919
         Metrics/motion/error_joint_pos: 0.4044
         Metrics/motion/error_joint_vel: 5.3289
        Metrics/motion/sampling_entropy: 0.9797
      Metrics/motion/sampling_top1_prob: 0.0252
       Metrics/motion/sampling_top1_bin: 0.1628
           Episode_Termination/time_out: 0.0625
         Episode_Termination/anchor_pos: 0.0000
         Episode_Termination/anchor_ori: 0.0000
        Episode_Termination/ee_body_pos: 0.0000
Episode_Termination/corpus_clip_time_out: 0.0625
Episode_Termination/stage_one_actuation_guard: 5.8125
--------------------------------------------------------------------------------
                         Iteration time: 4.85s
                           Time elapsed: 00:00:04
                                    ETA: 00:07:59

################################################################################
[1m                            Learning iteration 1/100                            [0m 

                               Run name: breadth
                            Total steps: 1024 
                       Steps per second: 181 
                        Collection time: 1.656s 
                          Learning time: 1.169s 
                        Mean value loss: 4400.5012
                    Mean surrogate loss: -0.0188
                      Mean entropy loss: 10.5205
           Mean standing_retention loss: 0.0000
                            Mean reward: -98.83
                    Mean episode length: 4.93
                        Mean action std: 0.38
  Episode_Reward/motion_global_root_pos: 0.0047
  Episode_Reward/motion_global_root_ori: 0.0041
         Episode_Reward/motion_body_pos: 0.0094
         Episode_Reward/motion_body_ori: 0.0074
     Episode_Reward/motion_body_lin_vel: 0.0069
     Episode_Reward/motion_body_ang_vel: 0.0059
          Episode_Reward/action_rate_l2: -0.0304
             Episode_Reward/joint_limit: -0.0002
         Episode_Reward/self_collisions: -0.0100
Episode_Reward/action_target_reference_l2: -0.0043
Episode_Reward/action_target_soft_limit_barrier: -0.0002
                   Episode_Reward/alive: 0.0390
 Episode_Reward/non_timeout_termination: -10.0000
Episode_Reward/worst_ee_z_normalized_squared: -0.0119
Episode_Reward/right_wrist_prethreshold_barrier: -0.0002
        Metrics/motion/error_anchor_pos: 0.0582
        Metrics/motion/error_anchor_rot: 0.1538
    Metrics/motion/error_anchor_lin_vel: 0.4957
    Metrics/motion/error_anchor_ang_vel: 1.1781
          Metrics/motion/error_body_pos: 0.3325
          Metrics/motion/error_body_rot: 0.3650
         Metrics/motion/error_joint_pos: 0.4925
         Metrics/motion/error_joint_vel: 6.3961
        Metrics/motion/sampling_entropy: 0.9620
      Metrics/motion/sampling_top1_prob: 0.0337
       Metrics/motion/sampling_top1_bin: 0.0924
      Metrics/motion/error_body_lin_vel: 0.5607
      Metrics/motion/error_body_ang_vel: 1.8900
           Episode_Termination/time_out: 0.0000
         Episode_Termination/anchor_pos: 0.0000
         Episode_Termination/anchor_ori: 0.0000
        Episode_Termination/ee_body_pos: 0.0000
Episode_Termination/corpus_clip_time_out: 0.0000
Episode_Termination/stage_one_actuation_guard: 4.8125
--------------------------------------------------------------------------------
                         Iteration time: 2.83s
                           Time elapsed: 00:00:07
                                    ETA: 00:06:15

################################################################################
[1m                            Learning iteration 2/100                            [0m 

                               Run name: breadth
                            Total steps: 1536 
                       Steps per second: 166 
                        Collection time: 1.733s 
                          Learning time: 1.349s 
                        Mean value loss: 4438.6146
                    Mean surrogate loss: -0.0239
                      Mean entropy loss: 10.5205
           Mean standing_retention loss: 0.0001
                            Mean reward: -97.65
                    Mean episode length: 6.87
                        Mean action std: 0.38
  Episode_Reward/motion_global_root_pos: 0.0060
  Episode_Reward/motion_global_root_ori: 0.0053
         Episode_Reward/motion_body_pos: 0.0125
         Episode_Reward/motion_body_ori: 0.0096
     Episode_Reward/motion_body_lin_vel: 0.0105
     Episode_Reward/motion_body_ang_vel: 0.0089
          Episode_Reward/action_rate_l2: -0.0322
             Episode_Reward/joint_limit: -0.0009
         Episode_Reward/self_collisions: -0.0148
Episode_Reward/action_target_reference_l2: -0.0055
Episode_Reward/action_target_soft_limit_barrier: -0.0001
                   Episode_Reward/alive: 0.0552
 Episode_Reward/non_timeout_termination: -9.7396
Episode_Reward/worst_ee_z_normalized_squared: -0.0171
Episode_Reward/right_wrist_prethreshold_barrier: 0.0000
        Metrics/motion/error_anchor_pos: 0.0615
        Metrics/motion/error_anchor_rot: 0.1611
    Metrics/motion/error_anchor_lin_vel: 0.4246
    Metrics/motion/error_anchor_ang_vel: 1.0607
          Metrics/motion/error_body_pos: 0.4421
          Metrics/motion/error_body_rot: 0.3753
         Metrics/motion/error_joint_pos: 0.4835
         Metrics/motion/error_joint_vel: 5.3931
        Metrics/motion/sampling_entropy: 0.9528
      Metrics/motion/sampling_top1_prob: 0.0337
       Metrics/motion/sampling_top1_bin: 0.0924
      Metrics/motion/error_body_lin_vel: 0.4677
      Metrics/motion/error_body_ang_vel: 1.5587
           Episode_Termination/time_out: 0.0000
         Episode_Termination/anchor_pos: 0.0000
         Episode_Termination/anchor_ori: 0.0000
        Episode_Termination/ee_body_pos: 0.0000
Episode_Termination/corpus_clip_time_out: 0.1250
Episode_Termination/stage_one_actuation_guard: 4.8125
--------------------------------------------------------------------------------
                         Iteration time: 3.08s
                           Time elapsed: 00:00:10
                                    ETA: 00:05:47

################################################################################
[1m                            Learning iteration 3/100                            [0m 

                               Run name: breadth
                            Total steps: 2048 
                       Steps per second: 154 
                        Collection time: 1.893s 
                          Learning time: 1.424s 
                        Mean value loss: 4321.1863
                    Mean surrogate loss: -0.0236
                      Mean entropy loss: 10.5205
           Mean standing_retention loss: 0.0001
                            Mean reward: -97.84
                    Mean episode length: 6.53
                        Mean action std: 0.38
  Episode_Reward/motion_global_root_pos: 0.0061
  Episode_Reward/motion_global_root_ori: 0.0048
         Episode_Reward/motion_body_pos: 0.0124
         Episode_Reward/motion_body_ori: 0.0090
     Episode_Reward/motion_body_lin_vel: 0.0099
     Episode_Reward/motion_body_ang_vel: 0.0086
          Episode_Reward/action_rate_l2: -0.0303
             Episode_Reward/joint_limit: -0.0002
         Episode_Reward/self_collisions: -0.0294
Episode_Reward/action_target_reference_l2: -0.0065
Episode_Reward/action_target_soft_limit_barrier: -0.0003
                   Episode_Reward/alive: 0.0550
 Episode_Reward/non_timeout_termination: -9.8958
Episode_Reward/worst_ee_z_normalized_squared: -0.0287
Episode_Reward/right_wrist_prethreshold_barrier: -0.0033
        Metrics/motion/error_anchor_pos: 0.0616
        Metrics/motion/error_anchor_rot: 0.1807
    Metrics/motion/error_anchor_lin_vel: 0.4766
    Metrics/motion/error_anchor_ang_vel: 0.9538
          Metrics/motion/error_body_pos: 0.1505
          Metrics/motion/error_body_rot: 0.3420
         Metrics/motion/error_joint_pos: 0.5351
         Metrics/motion/error_joint_vel: 5.3318
        Metrics/motion/sampling_entropy: 0.9463
      Metrics/motion/sampling_top1_prob: 0.0317
       Metrics/motion/sampling_top1_bin: 0.3004
      Metrics/motion/error_body_lin_vel: 0.5292
      Metrics/motion/error_body_ang_vel: 1.6420
           Episode_Termination/time_out: 0.0000
         Episode_Termination/anchor_pos: 0.0000
         Episode_Termination/anchor_ori: 0.0000
        Episode_Termination/ee_body_pos: 0.0625
Episode_Termination/corpus_clip_time_out: 0.0625
Episode_Termination/stage_one_actuation_guard: 4.3750
--------------------------------------------------------------------------------
                         Iteration time: 3.32s
                           Time elapsed: 00:00:14
                                    ETA: 00:05:37

################################################################################
[1m                            Learning iteration 4/100                            [0m 

                               Run name: breadth
                            Total steps: 2560 
                       Steps per second: 155 
                        Collection time: 1.813s 
                          Learning time: 1.480s 
                        Mean value loss: 4557.3927
                    Mean surrogate loss: -0.0229
                      Mean entropy loss: 10.5205
           Mean standing_retention loss: 0.0001
                            Mean reward: -99.79
                    Mean episode length: 6.38
                        Mean action std: 0.38
  Episode_Reward/motion_global_root_pos: 0.0059
  Episode_Reward/motion_global_root_ori: 0.0049
         Episode_Reward/motion_body_pos: 0.0121
         Episode_Reward/motion_body_ori: 0.0091
     Episode_Reward/motion_body_lin_vel: 0.0096
     Episode_Reward/motion_body_ang_vel: 0.0081
          Episode_Reward/action_rate_l2: -0.0309
             Episode_Reward/joint_limit: -0.0004
         Episode_Reward/self_collisions: -0.0218
Episode_Reward/action_target_reference_l2: -0.0063
Episode_Reward/action_target_soft_limit_barrier: -0.0004
                   Episode_Reward/alive: 0.0535
 Episode_Reward/non_timeout_termination: -10.0000
Episode_Reward/worst_ee_z_normalized_squared: -0.0206
Episode_Reward/right_wrist_prethreshold_barrier: -0.0001
        Metrics/motion/error_anchor_pos: 0.0655
        Metrics/motion/error_anchor_rot: 0.1766
    Metrics/motion/error_anchor_lin_vel: 0.4817
    Metrics/motion/error_anchor_ang_vel: 1.0550
          Metrics/motion/error_body_pos: 0.3335
          Metrics/motion/error_body_rot: 0.3496
         Metrics/motion/error_joint_pos: 0.5628
         Metrics/motion/error_joint_vel: 6.0043
        Metrics/motion/sampling_entropy: 0.9404
      Metrics/motion/sampling_top1_prob: 0.0317
       Metrics/motion/sampling_top1_bin: 0.0924
      Metrics/motion/error_body_lin_vel: 0.5232
      Metrics/motion/error_body_ang_vel: 1.7348
           Episode_Termination/time_out: 0.0000
         Episode_Termination/anchor_pos: 0.0000
         Episode_Termination/anchor_ori: 0.0000
        Episode_Termination/ee_body_pos: 0.0000
Episode_Termination/corpus_clip_time_out: 0.0000
Episode_Termination/stage_one_actuation_guard: 4.9375
--------------------------------------------------------------------------------
                         Iteration time: 3.29s
                           Time elapsed: 00:00:17
                                    ETA: 00:05:29

################################################################################
[1m                            Learning iteration 5/100                            [0m 

                               Run name: breadth
                            Total steps: 3072 
                       Steps per second: 162 
                        Collection time: 1.634s 
                          Learning time: 1.508s 
                        Mean value loss: 4123.0812
                    Mean surrogate loss: -0.0208
                      Mean entropy loss: 10.5205
           Mean standing_retention loss: 0.0001
                            Mean reward: -99.78
                    Mean episode length: 6.59
                        Mean action std: 0.38
  Episode_Reward/motion_global_root_pos: 0.0058
  Episode_Reward/motion_global_root_ori: 0.0051
         Episode_Reward/motion_body_pos: 0.0119
         Episode_Reward/motion_body_ori: 0.0088
     Episode_Reward/motion_body_lin_vel: 0.0094
     Episode_Reward/motion_body_ang_vel: 0.0081
          Episode_Reward/action_rate_l2: -0.0310
             Episode_Reward/joint_limit: -0.0014
         Episode_Reward/self_collisions: -0.0136
Episode_Reward/action_target_reference_l2: -0.0059
Episode_Reward/action_target_soft_limit_barrier: -0.0002
                   Episode_Reward/alive: 0.0522
 Episode_Reward/non_timeout_termination: -10.0000
Episode_Reward/worst_ee_z_normalized_squared: -0.0195
Episode_Reward/right_wrist_prethreshold_barrier: -0.0001
        Metrics/motion/error_anchor_pos: 0.0654
        Metrics/motion/error_anchor_rot: 0.1657
    Metrics/motion/error_anchor_lin_vel: 0.5069
    Metrics/motion/error_anchor_ang_vel: 0.9255
          Metrics/motion/error_body_pos: 0.4036
          Metrics/motion/error_body_rot: 0.4008
         Metrics/motion/error_joint_pos: 0.5527
         Metrics/motion/error_joint_vel: 5.6471
        Metrics/motion/sampling_entropy: 0.9379
      Metrics/motion/sampling_top1_prob: 0.0319
       Metrics/motion/sampling_top1_bin: 0.0924
      Metrics/motion/error_body_lin_vel: 0.5189
      Metrics/motion/error_body_ang_vel: 1.5595
           Episode_Termination/time_out: 0.0000
         Episode_Termination/anchor_pos: 0.0000
         Episode_Termination/anchor_ori: 0.0000
        Episode_Termination/ee_body_pos: 0.0000
Episode_Termination/corpus_clip_time_out: 0.0000
Episode_Termination/stage_one_actuation_guard: 4.5000
--------------------------------------------------------------------------------
                         Iteration time: 3.14s
                           Time elapsed: 00:00:20
                                    ETA: 00:05:21

################################################################################
[1m                            Learning iteration 6/100                            [0m 

                               Run name: breadth
                            Total steps: 3584 
                       Steps per second: 80 
                        Collection time: 1.950s 
                          Learning time: 4.423s 
                        Mean value loss: 4533.6125
                    Mean surrogate loss: -0.0235
                      Mean entropy loss: 10.5205
           Mean standing_retention loss: 0.0001
                            Mean reward: -97.85
                    Mean episode length: 5.83
                        Mean action std: 0.38
  Episode_Reward/motion_global_root_pos: 0.0056
  Episode_Reward/motion_global_root_ori: 0.0051
         Episode_Reward/motion_body_pos: 0.0116
         Episode_Reward/motion_body_ori: 0.0086
     Episode_Reward/motion_body_lin_vel: 0.0091
     Episode_Reward/motion_body_ang_vel: 0.0080
          Episode_Reward/action_rate_l2: -0.0293
             Episode_Reward/joint_limit: -0.0004
         Episode_Reward/self_collisions: -0.0218
Episode_Reward/action_target_reference_l2: -0.0058
Episode_Reward/action_target_soft_limit_barrier: -0.0002
                   Episode_Reward/alive: 0.0509
 Episode_Reward/non_timeout_termination: -9.7708
Episode_Reward/worst_ee_z_normalized_squared: -0.0196
Episode_Reward/right_wrist_prethreshold_barrier: 0.0000
        Metrics/motion/error_anchor_pos: 0.0629
        Metrics/motion/error_anchor_rot: 0.1649
    Metrics/motion/error_anchor_lin_vel: 0.4780
    Metrics/motion/error_anchor_ang_vel: 1.1550
          Metrics/motion/error_body_pos: 0.2963
          Metrics/motion/error_body_rot: 0.3438
         Metrics/motion/error_joint_pos: 0.5103
         Metrics/motion/error_joint_vel: 5.9704
        Metrics/motion/sampling_entropy: 0.9365
      Metrics/motion/sampling_top1_prob: 0.0304
       Metrics/motion/sampling_top1_bin: 0.0924
      Metrics/motion/error_body_lin_vel: 0.5498
      Metrics/motion/error_body_ang_vel: 1.7771
           Episode_Termination/time_out: 0.0000
         Episode_Termination/anchor_pos: 0.0625
         Episode_Termination/anchor_ori: 0.0000
        Episode_Termination/ee_body_pos: 0.0625
Episode_Termination/corpus_clip_time_out: 0.1250
Episode_Termination/stage_one_actuation_guard: 4.8750
--------------------------------------------------------------------------------
                         Iteration time: 6.37s
                           Time elapsed: 00:00:26
                                    ETA: 00:05:57

################################################################################
[1m                            Learning iteration 7/100                            [0m 

                               Run name: breadth
                            Total steps: 4096 
                       Steps per second: 143 
                        Collection time: 2.186s 
                          Learning time: 1.392s 
                        Mean value loss: 4670.3575
                    Mean surrogate loss: -0.0224
                      Mean entropy loss: 10.5205
           Mean standing_retention loss: 0.0002
                            Mean reward: -99.95
                    Mean episode length: 6.48
                        Mean action std: 0.38
  Episode_Reward/motion_global_root_pos: 0.0061
  Episode_Reward/motion_global_root_ori: 0.0051
         Episode_Reward/motion_body_pos: 0.0124
         Episode_Reward/motion_body_ori: 0.0086
     Episode_Reward/motion_body_lin_vel: 0.0098
     Episode_Reward/motion_body_ang_vel: 0.0084
          Episode_Reward/action_rate_l2: -0.0352
             Episode_Reward/joint_limit: -0.0004
         Episode_Reward/self_collisions: -0.0280
Episode_Reward/action_target_reference_l2: -0.0071
Episode_Reward/action_target_soft_limit_barrier: -0.0003
                   Episode_Reward/alive: 0.0552
 Episode_Reward/non_timeout_termination: -10.0000
Episode_Reward/worst_ee_z_normalized_squared: -0.0265
Episode_Reward/right_wrist_prethreshold_barrier: -0.0000
        Metrics/motion/error_anchor_pos: 0.0585
        Metrics/motion/error_anchor_rot: 0.1740
    Metrics/motion/error_anchor_lin_vel: 0.4708
    Metrics/motion/error_anchor_ang_vel: 1.0150
          Metrics/motion/error_body_pos: 0.7326
          Metrics/motion/error_body_rot: 0.5213
         Metrics/motion/error_joint_pos: 0.5563
         Metrics/motion/error_joint_vel: 5.3797
        Metrics/motion/sampling_entropy: 0.9341
      Metrics/motion/sampling_top1_prob: 0.0320
       Metrics/motion/sampling_top1_bin: 0.0924
      Metrics/motion/error_body_lin_vel: 0.5216
      Metrics/motion/error_body_ang_vel: 1.5641
           Episode_Termination/time_out: 0.0000
         Episode_Termination/anchor_pos: 0.0000
         Episode_Termination/anchor_ori: 0.0000
        Episode_Termination/ee_body_pos: 0.0000
Episode_Termination/corpus_clip_time_out: 0.0625
Episode_Termination/stage_one_actuation_guard: 5.6875
--------------------------------------------------------------------------------
                         Iteration time: 3.58s
                           Time elapsed: 00:00:30
                                    ETA: 00:05:50

################################################################################
[1m                            Learning iteration 8/100                            [0m 

                               Run name: breadth
                            Total steps: 4608 
                       Steps per second: 162 
                        Collection time: 1.847s 
                          Learning time: 1.306s 
                        Mean value loss: 5318.0079
                    Mean surrogate loss: -0.0227
                      Mean entropy loss: 10.5205
           Mean standing_retention loss: 0.0003
                            Mean reward: -99.86
                    Mean episode length: 5.55
                        Mean action std: 0.38
  Episode_Reward/motion_global_root_pos: 0.0053
  Episode_Reward/motion_global_root_ori: 0.0046
         Episode_Reward/motion_body_pos: 0.0107
         Episode_Reward/motion_body_ori: 0.0082
     Episode_Reward/motion_body_lin_vel: 0.0086
     Episode_Reward/motion_body_ang_vel: 0.0072
          Episode_Reward/action_rate_l2: -0.0298
             Episode_Reward/joint_limit: -0.0004
         Episode_Reward/self_collisions: -0.0292
Episode_Reward/action_target_reference_l2: -0.0050
Episode_Reward/action_target_soft_limit_barrier: -0.0002
                   Episode_Reward/alive: 0.0456
 Episode_Reward/non_timeout_termination: -10.0000
Episode_Reward/worst_ee_z_normalized_squared: -0.0130
Episode_Reward/right_wrist_prethreshold_barrier: 0.0000
        Metrics/motion/error_anchor_pos: 0.0520
        Metrics/motion/error_anchor_rot: 0.1517
    Metrics/motion/error_anchor_lin_vel: 0.4475
    Metrics/motion/error_anchor_ang_vel: 1.0269
          Metrics/motion/error_body_pos: 0.3928
          Metrics/motion/error_body_rot: 0.3743
         Metrics/motion/error_joint_pos: 0.5254
         Metrics/motion/error_joint_vel: 5.6806
        Metrics/motion/sampling_entropy: 0.9320
      Metrics/motion/sampling_top1_prob: 0.0362
       Metrics/motion/sampling_top1_bin: 0.0924
      Metrics/motion/error_body_lin_vel: 0.4881
      Metrics/motion/error_body_ang_vel: 1.5751
           Episode_Termination/time_out: 0.0000
         Episode_Termination/anchor_pos: 0.0000
         Episode_Termination/anchor_ori: 0.0000
        Episode_Termination/ee_body_pos: 0.0000
Episode_Termination/corpus_clip_time_out: 0.0000
Episode_Termination/stage_one_actuation_guard: 6.0625
--------------------------------------------------------------------------------
                         Iteration time: 3.15s
                           Time elapsed: 00:00:33
                                    ETA: 00:05:39

################################################################################
[1m                            Learning iteration 9/100                            [0m 

                               Run name: breadth
                            Total steps: 5120 
                       Steps per second: 150 
                        Collection time: 1.833s 
                          Learning time: 1.560s 
                        Mean value loss: 5419.7671
                    Mean surrogate loss: -0.0210
                      Mean entropy loss: 10.5205
           Mean standing_retention loss: 0.0002
                            Mean reward: -99.82
                    Mean episode length: 3.96
                        Mean action std: 0.38
  Episode_Reward/motion_global_root_pos: 0.0047
  Episode_Reward/motion_global_root_ori: 0.0042
         Episode_Reward/motion_body_pos: 0.0097
         Episode_Reward/motion_body_ori: 0.0074
     Episode_Reward/motion_body_lin_vel: 0.0076
     Episode_Reward/motion_body_ang_vel: 0.0064
          Episode_Reward/action_rate_l2: -0.0282
             Episode_Reward/joint_limit: -0.0002
         Episode_Reward/self_collisions: -0.0131
Episode_Reward/action_target_reference_l2: -0.0043
Episode_Reward/action_target_soft_limit_barrier: -0.0002
                   Episode_Reward/alive: 0.0398
 Episode_Reward/non_timeout_termination: -10.0000
Episode_Reward/worst_ee_z_normalized_squared: -0.0091
Episode_Reward/right_wrist_prethreshold_barrier: -0.0001
        Metrics/motion/error_anchor_pos: 0.0508
        Metrics/motion/error_anchor_rot: 0.1446
    Metrics/motion/error_anchor_lin_vel: 0.4633
    Metrics/motion/error_anchor_ang_vel: 0.9858
          Metrics/motion/error_body_pos: 0.3411
          Metrics/motion/error_body_rot: 0.4306
         Metrics/motion/error_joint_pos: 0.4542
         Metrics/motion/error_joint_vel: 5.4971
        Metrics/motion/sampling_entropy: 0.9299
      Metrics/motion/sampling_top1_prob: 0.0376
       Metrics/motion/sampling_top1_bin: 0.0924
      Metrics/motion/error_body_lin_vel: 0.5195
      Metrics/motion/error_body_ang_vel: 1.5556
           Episode_Termination/time_out: 0.0000
         Episode_Termination/anchor_pos: 0.0000
         Episode_Termination/anchor_ori: 0.0000
        Episode_Termination/ee_body_pos: 0.0000
Episode_Termination/corpus_clip_time_out: 0.0000
Episode_Termination/stage_one_actuation_guard: 7.2500
--------------------------------------------------------------------------------
                         Iteration time: 3.39s
                           Time elapsed: 00:00:37
                                    ETA: 00:05:33

################################################################################
[1m                           Learning iteration 10/100                            [0m 

                               Run name: breadth
                            Total steps: 5632 
                       Steps per second: 146 
                        Collection time: 2.111s 
                          Learning time: 1.389s 
                        Mean value loss: 4200.0761
                    Mean surrogate loss: -0.0234
                      Mean entropy loss: 10.5205
           Mean standing_retention loss: 0.0002
                            Mean reward: -99.85
                    Mean episode length: 4.54
                        Mean action std: 0.38
  Episode_Reward/motion_global_root_pos: 0.0043
  Episode_Reward/motion_global_root_ori: 0.0038
         Episode_Reward/motion_body_pos: 0.0088
         Episode_Reward/motion_body_ori: 0.0069
     Episode_Reward/motion_body_lin_vel: 0.0067
     Episode_Reward/motion_body_ang_vel: 0.0057
          Episode_Reward/action_rate_l2: -0.0293
             Episode_Reward/joint_limit: -0.0002
         Episode_Reward/self_collisions: -0.0154
Episode_Reward/action_target_reference_l2: -0.0040
Episode_Reward/action_target_soft_limit_barrier: -0.0002
                   Episode_Reward/alive: 0.0353
 Episode_Reward/non_timeout_termination: -10.0000
Episode_Reward/worst_ee_z_normalized_squared: -0.0110
Episode_Reward/right_wrist_prethreshold_barrier: 0.0000
        Metrics/motion/error_anchor_pos: 0.0537
        Metrics/motion/error_anchor_rot: 0.1524
    Metrics/motion/error_anchor_lin_vel: 0.4405
    Metrics/motion/error_anchor_ang_vel: 1.0909
          Metrics/motion/error_body_pos: 0.7414
          Metrics/motion/error_body_rot: 0.5680
         Metrics/motion/error_joint_pos: 0.4669
         Metrics/motion/error_joint_vel: 5.3159
        Metrics/motion/sampling_entropy: 0.9277
      Metrics/motion/sampling_top1_prob: 0.0396
       Metrics/motion/sampling_top1_bin: 0.0924
      Metrics/motion/error_body_lin_vel: 0.4917
      Metrics/motion/error_body_ang_vel: 1.5589
           Episode_Termination/time_out: 0.0000
         Episode_Termination/anchor_pos: 0.0000
         Episode_Termination/anchor_ori: 0.0000
        Episode_Termination/ee_body_pos: 0.0000
Episode_Termination/corpus_clip_time_out: 0.0000
Episode_Termination/stage_one_actuation_guard: 5.3750
--------------------------------------------------------------------------------
                         Iteration time: 3.50s
                           Time elapsed: 00:00:40
                                    ETA: 00:05:27

################################################################################
[1m                           Learning iteration 11/100                            [0m 

                               Run name: breadth
                            Total steps: 6144 
                       Steps per second: 148 
                        Collection time: 2.111s 
                          Learning time: 1.340s 
                        Mean value loss: 4131.9613
                    Mean surrogate loss: -0.0227
                      Mean entropy loss: 10.5205
           Mean standing_retention loss: 0.0002
                            Mean reward: -98.72
                    Mean episode length: 6.43
                        Mean action std: 0.38
  Episode_Reward/motion_global_root_pos: 0.0067
  Episode_Reward/motion_global_root_ori: 0.0059
         Episode_Reward/motion_body_pos: 0.0138
         Episode_Reward/motion_body_ori: 0.0102
     Episode_Reward/motion_body_lin_vel: 0.0113
     Episode_Reward/motion_body_ang_vel: 0.0098
          Episode_Reward/action_rate_l2: -0.0315
             Episode_Reward/joint_limit: -0.0000
         Episode_Reward/self_collisions: -0.0317
Episode_Reward/action_target_reference_l2: -0.0071
Episode_Reward/action_target_soft_limit_barrier: -0.0002
                   Episode_Reward/alive: 0.0614
 Episode_Reward/non_timeout_termination: -9.8750
Episode_Reward/worst_ee_z_normalized_squared: -0.0187
Episode_Reward/right_wrist_prethreshold_barrier: -0.0007
        Metrics/motion/error_anchor_pos: 0.0606
        Metrics/motion/error_anchor_rot: 0.1461
    Metrics/motion/error_anchor_lin_vel: 0.4678
    Metrics/motion/error_anchor_ang_vel: 1.0051
          Metrics/motion/error_body_pos: 0.1899
          Metrics/motion/error_body_rot: 0.2362
         Metrics/motion/error_joint_pos: 0.5570
         Metrics/motion/error_joint_vel: 5.7493
        Metrics/motion/sampling_entropy: 0.9264
      Metrics/motion/sampling_top1_prob: 0.0401
       Metrics/motion/sampling_top1_bin: 0.0924
      Metrics/motion/error_body_lin_vel: 0.5048
      Metrics/motion/error_body_ang_vel: 1.6800
           Episode_Termination/time_out: 0.0000
         Episode_Termination/anchor_pos: 0.0000
         Episode_Termination/anchor_ori: 0.0000
        Episode_Termination/ee_body_pos: 0.0000
Episode_Termination/corpus_clip_time_out: 0.0625
Episode_Termination/stage_one_actuation_guard: 3.8750
--------------------------------------------------------------------------------
                         Iteration time: 3.45s
                           Time elapsed: 00:00:43
                                    ETA: 00:05:22

################################################################################
[1m                           Learning iteration 12/100                            [0m 

                               Run name: breadth
                            Total steps: 6656 
                       Steps per second: 143 
                        Collection time: 2.096s 
                          Learning time: 1.464s 
                        Mean value loss: 3929.4241
                    Mean surrogate loss: -0.0225
                      Mean entropy loss: 10.5205
           Mean standing_retention loss: 0.0002
                            Mean reward: -99.74
                    Mean episode length: 7.11
                        Mean action std: 0.38
  Episode_Reward/motion_global_root_pos: 0.0065
  Episode_Reward/motion_global_root_ori: 0.0054
         Episode_Reward/motion_body_pos: 0.0133
         Episode_Reward/motion_body_ori: 0.0093
     Episode_Reward/motion_body_lin_vel: 0.0112
     Episode_Reward/motion_body_ang_vel: 0.0094
          Episode_Reward/action_rate_l2: -0.0303
             Episode_Reward/joint_limit: -0.0001
         Episode_Reward/self_collisions: -0.0254
Episode_Reward/action_target_reference_l2: -0.0074
Episode_Reward/action_target_soft_limit_barrier: -0.0002
                   Episode_Reward/alive: 0.0592
 Episode_Reward/non_timeout_termination: -10.0000
Episode_Reward/worst_ee_z_normalized_squared: -0.0198
Episode_Reward/right_wrist_prethreshold_barrier: 0.0000
        Metrics/motion/error_anchor_pos: 0.0571
        Metrics/motion/error_anchor_rot: 0.1523
    Metrics/motion/error_anchor_lin_vel: 0.4320
    Metrics/motion/error_anchor_ang_vel: 0.9318
          Metrics/motion/error_body_pos: 0.2481
          Metrics/motion/error_body_rot: 0.3163
         Metrics/motion/error_joint_pos: 0.4878
         Metrics/motion/error_joint_vel: 4.9065
        Metrics/motion/sampling_entropy: 0.9262
      Metrics/motion/sampling_top1_prob: 0.0395
       Metrics/motion/sampling_top1_bin: 0.0924
      Metrics/motion/error_body_lin_vel: 0.4790
      Metrics/motion/error_body_ang_vel: 1.5483
           Episode_Termination/time_out: 0.0000
         Episode_Termination/anchor_pos: 0.0000
         Episode_Termination/anchor_ori: 0.0000
        Episode_Termination/ee_body_pos: 0.0000
Episode_Termination/corpus_clip_time_out: 0.0625
Episode_Termination/stage_one_actuation_guard: 4.6875
--------------------------------------------------------------------------------
                         Iteration time: 3.56s
                           Time elapsed: 00:00:47
                                    ETA: 00:05:17

################################################################################
[1m                           Learning iteration 13/100                            [0m 

                               Run name: breadth
                            Total steps: 7168 
                       Steps per second: 142 
                        Collection time: 2.264s 
                          Learning time: 1.324s 
                        Mean value loss: 4745.9287
                    Mean surrogate loss: -0.0210
                      Mean entropy loss: 10.5205
           Mean standing_retention loss: 0.0003
                            Mean reward: -100.06
                    Mean episode length: 5.57
                        Mean action std: 0.38
  Episode_Reward/motion_global_root_pos: 0.0053
  Episode_Reward/motion_global_root_ori: 0.0043
         Episode_Reward/motion_body_pos: 0.0110
         Episode_Reward/motion_body_ori: 0.0079
     Episode_Reward/motion_body_lin_vel: 0.0083
     Episode_Reward/motion_body_ang_vel: 0.0073
          Episode_Reward/action_rate_l2: -0.0310
             Episode_Reward/joint_limit: -0.0002
         Episode_Reward/self_collisions: -0.0368
Episode_Reward/action_target_reference_l2: -0.0059
Episode_Reward/action_target_soft_limit_barrier: -0.0003
                   Episode_Reward/alive: 0.0477
 Episode_Reward/non_timeout_termination: -10.0000
Episode_Reward/worst_ee_z_normalized_squared: -0.0244
Episode_Reward/right_wrist_prethreshold_barrier: -0.0008
        Metrics/motion/error_anchor_pos: 0.0698
        Metrics/motion/error_anchor_rot: 0.1748
    Metrics/motion/error_anchor_lin_vel: 0.4624
    Metrics/motion/error_anchor_ang_vel: 1.0996
          Metrics/motion/error_body_pos: 0.5965
          Metrics/motion/error_body_rot: 0.4447
         Metrics/motion/error_joint_pos: 0.5370
         Metrics/motion/error_joint_vel: 5.1912
        Metrics/motion/sampling_entropy: 0.9272
      Metrics/motion/sampling_top1_prob: 0.0392
       Metrics/motion/sampling_top1_bin: 0.0924
      Metrics/motion/error_body_lin_vel: 0.5303
      Metrics/motion/error_body_ang_vel: 1.6033
           Episode_Termination/time_out: 0.0000
         Episode_Termination/anchor_pos: 0.0000
         Episode_Termination/anchor_ori: 0.0000
        Episode_Termination/ee_body_pos: 0.0625
Episode_Termination/corpus_clip_time_out: 0.0625
Episode_Termination/stage_one_actuation_guard: 5.8125
--------------------------------------------------------------------------------
                         Iteration time: 3.59s
                           Time elapsed: 00:00:51
                                    ETA: 00:05:13

################################################################################
[1m                           Learning iteration 14/100                            [0m 

                               Run name: breadth
                            Total steps: 7680 
                       Steps per second: 151 
                        Collection time: 2.041s 
                          Learning time: 1.345s 
                        Mean value loss: 4623.4849
                    Mean surrogate loss: -0.0240
                      Mean entropy loss: 10.5205
           Mean standing_retention loss: 0.0003
                            Mean reward: -97.85
                    Mean episode length: 5.72
                        Mean action std: 0.38
  Episode_Reward/motion_global_root_pos: 0.0053
  Episode_Reward/motion_global_root_ori: 0.0046
         Episode_Reward/motion_body_pos: 0.0109
         Episode_Reward/motion_body_ori: 0.0084
     Episode_Reward/motion_body_lin_vel: 0.0089
     Episode_Reward/motion_body_ang_vel: 0.0074
          Episode_Reward/action_rate_l2: -0.0310
             Episode_Reward/joint_limit: -0.0003
         Episode_Reward/self_collisions: -0.0265
Episode_Reward/action_target_reference_l2: -0.0051
Episode_Reward/action_target_soft_limit_barrier: -0.0002
                   Episode_Reward/alive: 0.0467
 Episode_Reward/non_timeout_termination: -9.8750
Episode_Reward/worst_ee_z_normalized_squared: -0.0138
Episode_Reward/right_wrist_prethreshold_barrier: -0.0000
        Metrics/motion/error_anchor_pos: 0.0557
        Metrics/motion/error_anchor_rot: 0.1501
    Metrics/motion/error_anchor_lin_vel: 0.4369
    Metrics/motion/error_anchor_ang_vel: 0.9449
          Metrics/motion/error_body_pos: 0.4680
          Metrics/motion/error_body_rot: 0.3645
         Metrics/motion/error_joint_pos: 0.4994
         Metrics/motion/error_joint_vel: 5.6867
        Metrics/motion/sampling_entropy: 0.9290
      Metrics/motion/sampling_top1_prob: 0.0401
       Metrics/motion/sampling_top1_bin: 0.0924
      Metrics/motion/error_body_lin_vel: 0.4838
      Metrics/motion/error_body_ang_vel: 1.6523
           Episode_Termination/time_out: 0.0000
         Episode_Termination/anchor_pos: 0.0000
         Episode_Termination/anchor_ori: 0.0000
        Episode_Termination/ee_body_pos: 0.0000
Episode_Termination/corpus_clip_time_out: 0.1250
Episode_Termination/stage_one_actuation_guard: 5.5625
--------------------------------------------------------------------------------
                         Iteration time: 3.39s
                           Time elapsed: 00:00:54
                                    ETA: 00:05:08

################################################################################
[1m                           Learning iteration 15/100                            [0m 

                               Run name: breadth
                            Total steps: 8192 
                       Steps per second: 80 
                        Collection time: 5.110s 
                          Learning time: 1.235s 
                        Mean value loss: 4517.8882
                    Mean surrogate loss: -0.0201
                      Mean entropy loss: 10.5205
           Mean standing_retention loss: 0.0002
                            Mean reward: -99.77
                    Mean episode length: 5.17
                        Mean action std: 0.38
  Episode_Reward/motion_global_root_pos: 0.0047
  Episode_Reward/motion_global_root_ori: 0.0041
         Episode_Reward/motion_body_pos: 0.0097
         Episode_Reward/motion_body_ori: 0.0078
     Episode_Reward/motion_body_lin_vel: 0.0074
     Episode_Reward/motion_body_ang_vel: 0.0065
          Episode_Reward/action_rate_l2: -0.0278
             Episode_Reward/joint_limit: -0.0003
         Episode_Reward/self_collisions: -0.0159
Episode_Reward/action_target_reference_l2: -0.0039
Episode_Reward/action_target_soft_limit_barrier: -0.0002
                   Episode_Reward/alive: 0.0402
 Episode_Reward/non_timeout_termination: -10.0000
Episode_Reward/worst_ee_z_normalized_squared: -0.0091
Episode_Reward/right_wrist_prethreshold_barrier: -0.0000
        Metrics/motion/error_anchor_pos: 0.0540
        Metrics/motion/error_anchor_rot: 0.1591
    Metrics/motion/error_anchor_lin_vel: 0.4803
    Metrics/motion/error_anchor_ang_vel: 1.0054
          Metrics/motion/error_body_pos: 0.3077
          Metrics/motion/error_body_rot: 0.3178
         Metrics/motion/error_joint_pos: 0.4750
         Metrics/motion/error_joint_vel: 5.8097
        Metrics/motion/sampling_entropy: 0.9291
      Metrics/motion/sampling_top1_prob: 0.0392
       Metrics/motion/sampling_top1_bin: 0.0924
      Metrics/motion/error_body_lin_vel: 0.5280
      Metrics/motion/error_body_ang_vel: 1.6582
           Episode_Termination/time_out: 0.0000
         Episode_Termination/anchor_pos: 0.0000
         Episode_Termination/anchor_ori: 0.0000
        Episode_Termination/ee_body_pos: 0.0000
Episode_Termination/corpus_clip_time_out: 0.0000
Episode_Termination/stage_one_actuation_guard: 5.4375
--------------------------------------------------------------------------------
                         Iteration time: 6.34s
                           Time elapsed: 00:01:00
                                    ETA: 00:05:19

################################################################################
[1m                           Learning iteration 16/100                            [0m 

                               Run name: breadth
                            Total steps: 8704 
                       Steps per second: 179 
                        Collection time: 1.897s 
                          Learning time: 0.963s 
                        Mean value loss: 4142.5600
                    Mean surrogate loss: -0.0199
                      Mean entropy loss: 10.5205
           Mean standing_retention loss: 0.0002
                            Mean reward: -99.80
                    Mean episode length: 5.45
                        Mean action std: 0.38
  Episode_Reward/motion_global_root_pos: 0.0049
  Episode_Reward/motion_global_root_ori: 0.0042
         Episode_Reward/motion_body_pos: 0.0100
         Episode_Reward/motion_body_ori: 0.0076
     Episode_Reward/motion_body_lin_vel: 0.0076
     Episode_Reward/motion_body_ang_vel: 0.0065
          Episode_Reward/action_rate_l2: -0.0317
             Episode_Reward/joint_limit: -0.0002
         Episode_Reward/self_collisions: -0.0169
Episode_Reward/action_target_reference_l2: -0.0049
Episode_Reward/action_target_soft_limit_barrier: -0.0003
                   Episode_Reward/alive: 0.0418
 Episode_Reward/non_timeout_termination: -10.0000
Episode_Reward/worst_ee_z_normalized_squared: -0.0143
Episode_Reward/right_wrist_prethreshold_barrier: -0.0001
        Metrics/motion/error_anchor_pos: 0.0578
        Metrics/motion/error_anchor_rot: 0.1636
    Metrics/motion/error_anchor_lin_vel: 0.5195
    Metrics/motion/error_anchor_ang_vel: 1.0527
          Metrics/motion/error_body_pos: 0.4692
          Metrics/motion/error_body_rot: 0.4010
         Metrics/motion/error_joint_pos: 0.4969
         Metrics/motion/error_joint_vel: 5.6879
        Metrics/motion/sampling_entropy: 0.9293
      Metrics/motion/sampling_top1_prob: 0.0390
       Metrics/motion/sampling_top1_bin: 0.0924
      Metrics/motion/error_body_lin_vel: 0.5543
      Metrics/motion/error_body_ang_vel: 1.7054
           Episode_Termination/time_out: 0.0000
         Episode_Termination/anchor_pos: 0.0000
         Episode_Termination/anchor_ori: 0.0000
        Episode_Termination/ee_body_pos: 0.0000
Episode_Termination/corpus_clip_time_out: 0.0000
Episode_Termination/stage_one_actuation_guard: 5.0000
--------------------------------------------------------------------------------
                         Iteration time: 2.86s
                           Time elapsed: 00:01:03
                                    ETA: 00:05:10

################################################################################
[1m                           Learning iteration 17/100                            [0m 

                               Run name: breadth
                            Total steps: 9216 
                       Steps per second: 186 
                        Collection time: 1.848s 
                          Learning time: 0.901s 
                        Mean value loss: 4249.8540
                    Mean surrogate loss: -0.0223
                      Mean entropy loss: 10.5205
           Mean standing_retention loss: 0.0001
                            Mean reward: -99.01
                    Mean episode length: 7.04
                        Mean action std: 0.38
  Episode_Reward/motion_global_root_pos: 0.0067
  Episode_Reward/motion_global_root_ori: 0.0055
         Episode_Reward/motion_body_pos: 0.0137
         Episode_Reward/motion_body_ori: 0.0089
     Episode_Reward/motion_body_lin_vel: 0.0114
     Episode_Reward/motion_body_ang_vel: 0.0096
          Episode_Reward/action_rate_l2: -0.0353
             Episode_Reward/joint_limit: -0.0002
         Episode_Reward/self_collisions: -0.0382
Episode_Reward/action_target_reference_l2: -0.0087
Episode_Reward/action_target_soft_limit_barrier: -0.0003
                   Episode_Reward/alive: 0.0620
 Episode_Reward/non_timeout_termination: -9.8958
Episode_Reward/worst_ee_z_normalized_squared: -0.0309
Episode_Reward/right_wrist_prethreshold_barrier: -0.0128
        Metrics/motion/error_anchor_pos: 0.0614
        Metrics/motion/error_anchor_rot: 0.1639
    Metrics/motion/error_anchor_lin_vel: 0.4583
    Metrics/motion/error_anchor_ang_vel: 0.9350
          Metrics/motion/error_body_pos: 0.6308
          Metrics/motion/error_body_rot: 0.4954
         Metrics/motion/error_joint_pos: 0.5621
         Metrics/motion/error_joint_vel: 5.3048
        Metrics/motion/sampling_entropy: 0.9301
      Metrics/motion/sampling_top1_prob: 0.0392
       Metrics/motion/sampling_top1_bin: 0.0924
      Metrics/motion/error_body_lin_vel: 0.5085
      Metrics/motion/error_body_ang_vel: 1.4979
           Episode_Termination/time_out: 0.0000
         Episode_Termination/anchor_pos: 0.0000
         Episode_Termination/anchor_ori: 0.0000
        Episode_Termination/ee_body_pos: 0.0625
Episode_Termination/corpus_clip_time_out: 0.0625
Episode_Termination/stage_one_actuation_guard: 5.2500
--------------------------------------------------------------------------------
                         Iteration time: 2.75s
                           Time elapsed: 00:01:06
                                    ETA: 00:05:02

################################################################################
[1m                           Learning iteration 18/100                            [0m 

                               Run name: breadth
                            Total steps: 9728 
                       Steps per second: 178 
                        Collection time: 1.990s 
                          Learning time: 0.878s 
                        Mean value loss: 4274.8780
                    Mean surrogate loss: -0.0194
                      Mean entropy loss: 10.5205
           Mean standing_retention loss: 0.0002
                            Mean reward: -96.73
                    Mean episode length: 5.99
                        Mean action std: 0.38
  Episode_Reward/motion_global_root_pos: 0.0055
  Episode_Reward/motion_global_root_ori: 0.0047
         Episode_Reward/motion_body_pos: 0.0112
         Episode_Reward/motion_body_ori: 0.0086
     Episode_Reward/motion_body_lin_vel: 0.0091
     Episode_Reward/motion_body_ang_vel: 0.0078
          Episode_Reward/action_rate_l2: -0.0303
             Episode_Reward/joint_limit: -0.0001
         Episode_Reward/self_collisions: -0.0115
Episode_Reward/action_target_reference_l2: -0.0050
Episode_Reward/action_target_soft_limit_barrier: -0.0001
                   Episode_Reward/alive: 0.0484
 Episode_Reward/non_timeout_termination: -9.6354
Episode_Reward/worst_ee_z_normalized_squared: -0.0138
Episode_Reward/right_wrist_prethreshold_barrier: -0.0001
        Metrics/motion/error_anchor_pos: 0.0586
        Metrics/motion/error_anchor_rot: 0.1737
    Metrics/motion/error_anchor_lin_vel: 0.4531
    Metrics/motion/error_anchor_ang_vel: 1.0115
          Metrics/motion/error_body_pos: 0.4781
          Metrics/motion/error_body_rot: 0.3671
         Metrics/motion/error_joint_pos: 0.5104
         Metrics/motion/error_joint_vel: 5.5256
        Metrics/motion/sampling_entropy: 0.9296
      Metrics/motion/sampling_top1_prob: 0.0385
       Metrics/motion/sampling_top1_bin: 0.0924
      Metrics/motion/error_body_lin_vel: 0.4995
      Metrics/motion/error_body_ang_vel: 1.5444
           Episode_Termination/time_out: 0.0000
         Episode_Termination/anchor_pos: 0.0000
         Episode_Termination/anchor_ori: 0.0000
        Episode_Termination/ee_body_pos: 0.0000
Episode_Termination/corpus_clip_time_out: 0.1875
Episode_Termination/stage_one_actuation_guard: 4.8750
--------------------------------------------------------------------------------
                         Iteration time: 2.87s
                           Time elapsed: 00:01:09
                                    ETA: 00:04:55

################################################################################
[1m                           Learning iteration 19/100                            [0m 

                               Run name: breadth
                            Total steps: 10240 
                       Steps per second: 192 
                        Collection time: 1.671s 
                          Learning time: 0.983s 
                        Mean value loss: 4279.8542
                    Mean surrogate loss: -0.0215
                      Mean entropy loss: 10.5205
           Mean standing_retention loss: 0.0002
                            Mean reward: -99.83
                    Mean episode length: 5.53
                        Mean action std: 0.38
  Episode_Reward/motion_global_root_pos: 0.0054
  Episode_Reward/motion_global_root_ori: 0.0045
         Episode_Reward/motion_body_pos: 0.0108
         Episode_Reward/motion_body_ori: 0.0080
     Episode_Reward/motion_body_lin_vel: 0.0086
     Episode_Reward/motion_body_ang_vel: 0.0071
          Episode_Reward/action_rate_l2: -0.0320
             Episode_Reward/joint_limit: -0.0003
         Episode_Reward/self_collisions: -0.0227
Episode_Reward/action_target_reference_l2: -0.0053
Episode_Reward/action_target_soft_limit_barrier: -0.0001
                   Episode_Reward/alive: 0.0461
 Episode_Reward/non_timeout_termination: -10.0000
Episode_Reward/worst_ee_z_normalized_squared: -0.0155
Episode_Reward/right_wrist_prethreshold_barrier: 0.0000
        Metrics/motion/error_anchor_pos: 0.0532
        Metrics/motion/error_anchor_rot: 0.1595
    Metrics/motion/error_anchor_lin_vel: 0.4634
    Metrics/motion/error_anchor_ang_vel: 1.1267
          Metrics/motion/error_body_pos: 0.6257
          Metrics/motion/error_body_rot: 0.3871
         Metrics/motion/error_joint_pos: 0.5081
         Metrics/motion/error_joint_vel: 6.4492
        Metrics/motion/sampling_entropy: 0.9294
      Metrics/motion/sampling_top1_prob: 0.0376
       Metrics/motion/sampling_top1_bin: 0.0924
      Metrics/motion/error_body_lin_vel: 0.5179
      Metrics/motion/error_body_ang_vel: 1.8174
           Episode_Termination/time_out: 0.0000
         Episode_Termination/anchor_pos: 0.0000
         Episode_Termination/anchor_ori: 0.0000
        Episode_Termination/ee_body_pos: 0.0000
Episode_Termination/corpus_clip_time_out: 0.0000
Episode_Termination/stage_one_actuation_guard: 5.0625
--------------------------------------------------------------------------------
                         Iteration time: 2.65s
                           Time elapsed: 00:01:11
                                    ETA: 00:04:47

################################################################################
[1m                           Learning iteration 20/100                            [0m 

                               Run name: breadth
                            Total steps: 10752 
                       Steps per second: 137 
                        Collection time: 2.180s 
                          Learning time: 1.554s 
                        Mean value loss: 4796.5843
                    Mean surrogate loss: -0.0241
                      Mean entropy loss: 10.5205
           Mean standing_retention loss: 0.0002
                            Mean reward: -98.78
                    Mean episode length: 6.91
                        Mean action std: 0.38
  Episode_Reward/motion_global_root_pos: 0.0061
  Episode_Reward/motion_global_root_ori: 0.0053
         Episode_Reward/motion_body_pos: 0.0126
         Episode_Reward/motion_body_ori: 0.0090
     Episode_Reward/motion_body_lin_vel: 0.0102
     Episode_Reward/motion_body_ang_vel: 0.0087
          Episode_Reward/action_rate_l2: -0.0334
             Episode_Reward/joint_limit: -0.0005
         Episode_Reward/self_collisions: -0.0205
Episode_Reward/action_target_reference_l2: -0.0067
Episode_Reward/action_target_soft_limit_barrier: -0.0002
                   Episode_Reward/alive: 0.0555
 Episode_Reward/non_timeout_termination: -9.8438
Episode_Reward/worst_ee_z_normalized_squared: -0.0224
Episode_Reward/right_wrist_prethreshold_barrier: -0.0001
        Metrics/motion/error_anchor_pos: 0.0541
        Metrics/motion/error_anchor_rot: 0.1593
    Metrics/motion/error_anchor_lin_vel: 0.4615
    Metrics/motion/error_anchor_ang_vel: 0.9893
          Metrics/motion/error_body_pos: 0.4881
          Metrics/motion/error_body_rot: 0.4588
         Metrics/motion/error_joint_pos: 0.5093
         Metrics/motion/error_joint_vel: 5.5988
        Metrics/motion/sampling_entropy: 0.9298
      Metrics/motion/sampling_top1_prob: 0.0383
       Metrics/motion/sampling_top1_bin: 0.0924
      Metrics/motion/error_body_lin_vel: 0.4822
      Metrics/motion/error_body_ang_vel: 1.5348
           Episode_Termination/time_out: 0.0000
         Episode_Termination/anchor_pos: 0.0000
         Episode_Termination/anchor_ori: 0.0000
        Episode_Termination/ee_body_pos: 0.0000
Episode_Termination/corpus_clip_time_out: 0.0625
Episode_Termination/stage_one_actuation_guard: 5.2500
--------------------------------------------------------------------------------
                         Iteration time: 3.73s
                           Time elapsed: 00:01:15
                                    ETA: 00:04:44

################################################################################
[1m                           Learning iteration 21/100                            [0m 

                               Run name: breadth
                            Total steps: 11264 
                       Steps per second: 163 
                        Collection time: 1.752s 
                          Learning time: 1.374s 
                        Mean value loss: 4766.1917
                    Mean surrogate loss: -0.0190
                      Mean entropy loss: 10.5205
           Mean standing_retention loss: 0.0002
                            Mean reward: -98.73
                    Mean episode length: 6.04
                        Mean action std: 0.38
  Episode_Reward/motion_global_root_pos: 0.0047
  Episode_Reward/motion_global_root_ori: 0.0042
         Episode_Reward/motion_body_pos: 0.0097
         Episode_Reward/motion_body_ori: 0.0074
     Episode_Reward/motion_body_lin_vel: 0.0074
     Episode_Reward/motion_body_ang_vel: 0.0064
          Episode_Reward/action_rate_l2: -0.0336
             Episode_Reward/joint_limit: -0.0002
         Episode_Reward/self_collisions: -0.0089
Episode_Reward/action_target_reference_l2: -0.0043
Episode_Reward/action_target_soft_limit_barrier: -0.0002
                   Episode_Reward/alive: 0.0405
 Episode_Reward/non_timeout_termination: -9.8750
Episode_Reward/worst_ee_z_normalized_squared: -0.0116
Episode_Reward/right_wrist_prethreshold_barrier: -0.0000
        Metrics/motion/error_anchor_pos: 0.0562
        Metrics/motion/error_anchor_rot: 0.1544
    Metrics/motion/error_anchor_lin_vel: 0.5051
    Metrics/motion/error_anchor_ang_vel: 1.0863
          Metrics/motion/error_body_pos: 0.4487
          Metrics/motion/error_body_rot: 0.4482
         Metrics/motion/error_joint_pos: 0.4745
         Metrics/motion/error_joint_vel: 5.9143
        Metrics/motion/sampling_entropy: 0.9306
      Metrics/motion/sampling_top1_prob: 0.0379
       Metrics/motion/sampling_top1_bin: 0.0924
      Metrics/motion/error_body_lin_vel: 0.5502
      Metrics/motion/error_body_ang_vel: 1.7303
           Episode_Termination/time_out: 0.0000
         Episode_Termination/anchor_pos: 0.0000
         Episode_Termination/anchor_ori: 0.0000
        Episode_Termination/ee_body_pos: 0.0000
Episode_Termination/corpus_clip_time_out: 0.0625
Episode_Termination/stage_one_actuation_guard: 5.5625
--------------------------------------------------------------------------------
                         Iteration time: 3.13s
                           Time elapsed: 00:01:18
                                    ETA: 00:04:39

################################################################################
[1m                           Learning iteration 22/100                            [0m 

                               Run name: breadth
                            Total steps: 11776 
                       Steps per second: 175 
                        Collection time: 1.643s 
                          Learning time: 1.275s 
                        Mean value loss: 4143.8521
                    Mean surrogate loss: -0.0232
                      Mean entropy loss: 10.5205
           Mean standing_retention loss: 0.0001
                            Mean reward: -98.85
                    Mean episode length: 5.16
                        Mean action std: 0.38
--------------------------------------------------------------------------------
                         Iteration time: 2.92s
                           Time elapsed: 00:01:21
                                    ETA: 00:04:33

################################################################################
[1m                           Learning iteration 23/100                            [0m 

                               Run name: breadth
                            Total steps: 12288 
                       Steps per second: 155 
                        Collection time: 1.923s 
                          Learning time: 1.368s 
                        Mean value loss: 4186.1557
                    Mean surrogate loss: -0.0197
                      Mean entropy loss: 10.5205
           Mean standing_retention loss: 0.0001
                            Mean reward: -99.81
                    Mean episode length: 6.10
                        Mean action std: 0.38
  Episode_Reward/motion_global_root_pos: 0.0056
  Episode_Reward/motion_global_root_ori: 0.0048
         Episode_Reward/motion_body_pos: 0.0115
         Episode_Reward/motion_body_ori: 0.0085
     Episode_Reward/motion_body_lin_vel: 0.0086
     Episode_Reward/motion_body_ang_vel: 0.0076
          Episode_Reward/action_rate_l2: -0.0341
             Episode_Reward/joint_limit: -0.0003
         Episode_Reward/self_collisions: -0.0235
Episode_Reward/action_target_reference_l2: -0.0059
Episode_Reward/action_target_soft_limit_barrier: -0.0002
                   Episode_Reward/alive: 0.0500
 Episode_Reward/non_timeout_termination: -10.0000
Episode_Reward/worst_ee_z_normalized_squared: -0.0197
Episode_Reward/right_wrist_prethreshold_barrier: 0.0000
        Metrics/motion/error_anchor_pos: 0.0612
        Metrics/motion/error_anchor_rot: 0.1689
    Metrics/motion/error_anchor_lin_vel: 0.4955
    Metrics/motion/error_anchor_ang_vel: 1.0094
          Metrics/motion/error_body_pos: 0.4392
          Metrics/motion/error_body_rot: 0.4004
         Metrics/motion/error_joint_pos: 0.5241
         Metrics/motion/error_joint_vel: 5.7573
        Metrics/motion/sampling_entropy: 0.9288
      Metrics/motion/sampling_top1_prob: 0.0385
       Metrics/motion/sampling_top1_bin: 0.0924
      Metrics/motion/error_body_lin_vel: 0.5426
      Metrics/motion/error_body_ang_vel: 1.6429
           Episode_Termination/time_out: 0.0000
         Episode_Termination/anchor_pos: 0.0000
         Episode_Termination/anchor_ori: 0.0000
        Episode_Termination/ee_body_pos: 0.0625
Episode_Termination/corpus_clip_time_out: 0.0000
Episode_Termination/stage_one_actuation_guard: 4.6875
--------------------------------------------------------------------------------
                         Iteration time: 3.29s
                           Time elapsed: 00:01:25
                                    ETA: 00:04:29

################################################################################
[1m                           Learning iteration 24/100                            [0m 

                               Run name: breadth
                            Total steps: 12800 
                       Steps per second: 147 
                        Collection time: 2.010s 
                          Learning time: 1.467s 
                        Mean value loss: 3994.3191
                    Mean surrogate loss: -0.0252
                      Mean entropy loss: 10.5205
           Mean standing_retention loss: 0.0001
                            Mean reward: -99.90
                    Mean episode length: 7.18
                        Mean action std: 0.38
  Episode_Reward/motion_global_root_pos: 0.0080
  Episode_Reward/motion_global_root_ori: 0.0064
         Episode_Reward/motion_body_pos: 0.0163
         Episode_Reward/motion_body_ori: 0.0112
     Episode_Reward/motion_body_lin_vel: 0.0138
     Episode_Reward/motion_body_ang_vel: 0.0117
          Episode_Reward/action_rate_l2: -0.0391
             Episode_Reward/joint_limit: -0.0001
         Episode_Reward/self_collisions: -0.0462
Episode_Reward/action_target_reference_l2: -0.0099
Episode_Reward/action_target_soft_limit_barrier: -0.0003
                   Episode_Reward/alive: 0.0751
 Episode_Reward/non_timeout_termination: -10.0000
Episode_Reward/worst_ee_z_normalized_squared: -0.0372
Episode_Reward/right_wrist_prethreshold_barrier: -0.0010
        Metrics/motion/error_anchor_pos: 0.0615
        Metrics/motion/error_anchor_rot: 0.1568
    Metrics/motion/error_anchor_lin_vel: 0.4135
    Metrics/motion/error_anchor_ang_vel: 1.1460
          Metrics/motion/error_body_pos: 0.3916
          Metrics/motion/error_body_rot: 0.3955
         Metrics/motion/error_joint_pos: 0.5726
         Metrics/motion/error_joint_vel: 5.6181
        Metrics/motion/sampling_entropy: 0.9276
      Metrics/motion/sampling_top1_prob: 0.0393
       Metrics/motion/sampling_top1_bin: 0.0924
      Metrics/motion/error_body_lin_vel: 0.4693
      Metrics/motion/error_body_ang_vel: 1.7078
           Episode_Termination/time_out: 0.0000
         Episode_Termination/anchor_pos: 0.0000
         Episode_Termination/anchor_ori: 0.0000
        Episode_Termination/ee_body_pos: 0.0000
Episode_Termination/corpus_clip_time_out: 0.0000
Episode_Termination/stage_one_actuation_guard: 4.4375
--------------------------------------------------------------------------------
                         Iteration time: 3.48s
                           Time elapsed: 00:01:28
                                    ETA: 00:04:25

################################################################################
[1m                           Learning iteration 25/100                            [0m 

                               Run name: breadth
                            Total steps: 13312 
                       Steps per second: 79 
                        Collection time: 4.991s 
                          Learning time: 1.487s 
                        Mean value loss: 3889.0315
                    Mean surrogate loss: -0.0247
                      Mean entropy loss: 10.5205
           Mean standing_retention loss: 0.0002
                            Mean reward: -98.75
                    Mean episode length: 7.55
                        Mean action std: 0.38
  Episode_Reward/motion_global_root_pos: 0.0073
  Episode_Reward/motion_global_root_ori: 0.0065
         Episode_Reward/motion_body_pos: 0.0154
         Episode_Reward/motion_body_ori: 0.0111
     Episode_Reward/motion_body_lin_vel: 0.0123
     Episode_Reward/motion_body_ang_vel: 0.0105
          Episode_Reward/action_rate_l2: -0.0378
             Episode_Reward/joint_limit: -0.0011
         Episode_Reward/self_collisions: -0.0269
Episode_Reward/action_target_reference_l2: -0.0083
Episode_Reward/action_target_soft_limit_barrier: -0.0002
                   Episode_Reward/alive: 0.0707
 Episode_Reward/non_timeout_termination: -9.8958
Episode_Reward/worst_ee_z_normalized_squared: -0.0296
Episode_Reward/right_wrist_prethreshold_barrier: -0.0003
        Metrics/motion/error_anchor_pos: 0.0758
        Metrics/motion/error_anchor_rot: 0.1768
    Metrics/motion/error_anchor_lin_vel: 0.4401
    Metrics/motion/error_anchor_ang_vel: 1.1081
          Metrics/motion/error_body_pos: 0.2005
          Metrics/motion/error_body_rot: 0.3113
         Metrics/motion/error_joint_pos: 0.6006
         Metrics/motion/error_joint_vel: 6.2088
        Metrics/motion/sampling_entropy: 0.9279
      Metrics/motion/sampling_top1_prob: 0.0390
       Metrics/motion/sampling_top1_bin: 0.0924
      Metrics/motion/error_body_lin_vel: 0.4837
      Metrics/motion/error_body_ang_vel: 1.7831
           Episode_Termination/time_out: 0.0000
         Episode_Termination/anchor_pos: 0.0000
         Episode_Termination/anchor_ori: 0.0000
        Episode_Termination/ee_body_pos: 0.1250
Episode_Termination/corpus_clip_time_out: 0.0625
Episode_Termination/stage_one_actuation_guard: 3.6250
--------------------------------------------------------------------------------
                         Iteration time: 6.48s
                           Time elapsed: 00:01:34
                                    ETA: 00:04:30

################################################################################
[1m                           Learning iteration 26/100                            [0m 

                               Run name: breadth
                            Total steps: 13824 
                       Steps per second: 150 
                        Collection time: 1.896s 
                          Learning time: 1.513s 
                        Mean value loss: 4114.2314
                    Mean surrogate loss: -0.0237
                      Mean entropy loss: 10.5205
           Mean standing_retention loss: 0.0002
                            Mean reward: -100.02
                    Mean episode length: 6.43
                        Mean action std: 0.38
  Episode_Reward/motion_global_root_pos: 0.0058
  Episode_Reward/motion_global_root_ori: 0.0051
         Episode_Reward/motion_body_pos: 0.0120
         Episode_Reward/motion_body_ori: 0.0094
     Episode_Reward/motion_body_lin_vel: 0.0095
     Episode_Reward/motion_body_ang_vel: 0.0083
          Episode_Reward/action_rate_l2: -0.0307
             Episode_Reward/joint_limit: -0.0008
         Episode_Reward/self_collisions: -0.0150
Episode_Reward/action_target_reference_l2: -0.0056
Episode_Reward/action_target_soft_limit_barrier: -0.0001
                   Episode_Reward/alive: 0.0519
 Episode_Reward/non_timeout_termination: -10.0000
Episode_Reward/worst_ee_z_normalized_squared: -0.0129
Episode_Reward/right_wrist_prethreshold_barrier: -0.0326
        Metrics/motion/error_anchor_pos: 0.0621
        Metrics/motion/error_anchor_rot: 0.1585
    Metrics/motion/error_anchor_lin_vel: 0.4607
    Metrics/motion/error_anchor_ang_vel: 1.0133
          Metrics/motion/error_body_pos: 0.3070
          Metrics/motion/error_body_rot: 0.3598
         Metrics/motion/error_joint_pos: 0.5480
         Metrics/motion/error_joint_vel: 5.5036
        Metrics/motion/sampling_entropy: 0.9287
      Metrics/motion/sampling_top1_prob: 0.0395
       Metrics/motion/sampling_top1_bin: 0.0924
      Metrics/motion/error_body_lin_vel: 0.4945
      Metrics/motion/error_body_ang_vel: 1.6106
           Episode_Termination/time_out: 0.0000
         Episode_Termination/anchor_pos: 0.0000
         Episode_Termination/anchor_ori: 0.0000
        Episode_Termination/ee_body_pos: 0.0625
Episode_Termination/corpus_clip_time_out: 0.0625
Episode_Termination/stage_one_actuation_guard: 4.7500
--------------------------------------------------------------------------------
                         Iteration time: 3.41s
                           Time elapsed: 00:01:38
                                    ETA: 00:04:26

################################################################################
[1m                           Learning iteration 27/100                            [0m 

                               Run name: breadth
                            Total steps: 14336 
                       Steps per second: 151 
                        Collection time: 1.906s 
                          Learning time: 1.482s 
                        Mean value loss: 3857.6463
                    Mean surrogate loss: -0.0240
                      Mean entropy loss: 10.5205
           Mean standing_retention loss: 0.0002
                            Mean reward: -99.82
                    Mean episode length: 6.95
                        Mean action std: 0.38
  Episode_Reward/motion_global_root_pos: 0.0071
  Episode_Reward/motion_global_root_ori: 0.0061
         Episode_Reward/motion_body_pos: 0.0148
         Episode_Reward/motion_body_ori: 0.0103
     Episode_Reward/motion_body_lin_vel: 0.0118
     Episode_Reward/motion_body_ang_vel: 0.0100
          Episode_Reward/action_rate_l2: -0.0356
             Episode_Reward/joint_limit: -0.0002
         Episode_Reward/self_collisions: -0.0380
Episode_Reward/action_target_reference_l2: -0.0090
Episode_Reward/action_target_soft_limit_barrier: -0.0003
                   Episode_Reward/alive: 0.0683
 Episode_Reward/non_timeout_termination: -10.0000
Episode_Reward/worst_ee_z_normalized_squared: -0.0362
Episode_Reward/right_wrist_prethreshold_barrier: -0.0125
        Metrics/motion/error_anchor_pos: 0.0792
        Metrics/motion/error_anchor_rot: 0.1641
    Metrics/motion/error_anchor_lin_vel: 0.5255
    Metrics/motion/error_anchor_ang_vel: 1.1837
          Metrics/motion/error_body_pos: 0.4095
          Metrics/motion/error_body_rot: 0.3408
         Metrics/motion/error_joint_pos: 0.6205
         Metrics/motion/error_joint_vel: 6.0521
        Metrics/motion/sampling_entropy: 0.9287
      Metrics/motion/sampling_top1_prob: 0.0399
       Metrics/motion/sampling_top1_bin: 0.0924
      Metrics/motion/error_body_lin_vel: 0.5602
      Metrics/motion/error_body_ang_vel: 1.9136
           Episode_Termination/time_out: 0.0000
         Episode_Termination/anchor_pos: 0.0625
         Episode_Termination/anchor_ori: 0.0000
        Episode_Termination/ee_body_pos: 0.0000
Episode_Termination/corpus_clip_time_out: 0.0625
Episode_Termination/stage_one_actuation_guard: 3.8750
--------------------------------------------------------------------------------
                         Iteration time: 3.39s
                           Time elapsed: 00:01:41
                                    ETA: 00:04:21

################################################################################
[1m                           Learning iteration 28/100                            [0m 

                               Run name: breadth
                            Total steps: 14848 
                       Steps per second: 126 
                        Collection time: 2.566s 
                          Learning time: 1.497s 
                        Mean value loss: 4164.5446
                    Mean surrogate loss: -0.0205
                      Mean entropy loss: 10.5205
           Mean standing_retention loss: 0.0002
                            Mean reward: -99.84
                    Mean episode length: 6.74
                        Mean action std: 0.38
  Episode_Reward/motion_global_root_pos: 0.0062
  Episode_Reward/motion_global_root_ori: 0.0054
         Episode_Reward/motion_body_pos: 0.0128
         Episode_Reward/motion_body_ori: 0.0090
     Episode_Reward/motion_body_lin_vel: 0.0105
     Episode_Reward/motion_body_ang_vel: 0.0090
          Episode_Reward/action_rate_l2: -0.0332
             Episode_Reward/joint_limit: -0.0007
         Episode_Reward/self_collisions: -0.0202
Episode_Reward/action_target_reference_l2: -0.0074
Episode_Reward/action_target_soft_limit_barrier: -0.0003
                   Episode_Reward/alive: 0.0577
 Episode_Reward/non_timeout_termination: -10.0000
Episode_Reward/worst_ee_z_normalized_squared: -0.0288
Episode_Reward/right_wrist_prethreshold_barrier: -0.0062
        Metrics/motion/error_anchor_pos: 0.0675
        Metrics/motion/error_anchor_rot: 0.1631
    Metrics/motion/error_anchor_lin_vel: 0.4528
    Metrics/motion/error_anchor_ang_vel: 1.0032
          Metrics/motion/error_body_pos: 0.3977
          Metrics/motion/error_body_rot: 0.3746
         Metrics/motion/error_joint_pos: 0.5376
         Metrics/motion/error_joint_vel: 5.4741
        Metrics/motion/sampling_entropy: 0.9287
      Metrics/motion/sampling_top1_prob: 0.0395
       Metrics/motion/sampling_top1_bin: 0.0924
      Metrics/motion/error_body_lin_vel: 0.4884
      Metrics/motion/error_body_ang_vel: 1.5869
           Episode_Termination/time_out: 0.0000
         Episode_Termination/anchor_pos: 0.0000
         Episode_Termination/anchor_ori: 0.0000
        Episode_Termination/ee_body_pos: 0.0000
Episode_Termination/corpus_clip_time_out: 0.0000
Episode_Termination/stage_one_actuation_guard: 4.7500
--------------------------------------------------------------------------------
                         Iteration time: 4.06s
                           Time elapsed: 00:01:45
                                    ETA: 00:04:19

################################################################################
[1m                           Learning iteration 29/100                            [0m 

                               Run name: breadth
                            Total steps: 15360 
                       Steps per second: 148 
                        Collection time: 2.250s 
                          Learning time: 1.193s 
                        Mean value loss: 3717.5339
                    Mean surrogate loss: -0.0209
                      Mean entropy loss: 10.5205
           Mean standing_retention loss: 0.0002
                            Mean reward: -100.04
                    Mean episode length: 6.12
                        Mean action std: 0.38
  Episode_Reward/motion_global_root_pos: 0.0052
  Episode_Reward/motion_global_root_ori: 0.0044
         Episode_Reward/motion_body_pos: 0.0105
         Episode_Reward/motion_body_ori: 0.0080
     Episode_Reward/motion_body_lin_vel: 0.0083
     Episode_Reward/motion_body_ang_vel: 0.0073
          Episode_Reward/action_rate_l2: -0.0275
             Episode_Reward/joint_limit: -0.0001
         Episode_Reward/self_collisions: -0.0186
Episode_Reward/action_target_reference_l2: -0.0050
Episode_Reward/action_target_soft_limit_barrier: -0.0002
                   Episode_Reward/alive: 0.0445
 Episode_Reward/non_timeout_termination: -10.0000
Episode_Reward/worst_ee_z_normalized_squared: -0.0162
Episode_Reward/right_wrist_prethreshold_barrier: -0.0142
        Metrics/motion/error_anchor_pos: 0.0551
        Metrics/motion/error_anchor_rot: 0.1535
    Metrics/motion/error_anchor_lin_vel: 0.4887
    Metrics/motion/error_anchor_ang_vel: 0.9344
          Metrics/motion/error_body_pos: 0.1641
          Metrics/motion/error_body_rot: 0.2936
         Metrics/motion/error_joint_pos: 0.4615
         Metrics/motion/error_joint_vel: 5.6194
        Metrics/motion/sampling_entropy: 0.9282
      Metrics/motion/sampling_top1_prob: 0.0393
       Metrics/motion/sampling_top1_bin: 0.0924
      Metrics/motion/error_body_lin_vel: 0.5335
      Metrics/motion/error_body_ang_vel: 1.6194
           Episode_Termination/time_out: 0.0000
         Episode_Termination/anchor_pos: 0.0000
         Episode_Termination/anchor_ori: 0.0000
        Episode_Termination/ee_body_pos: 0.0000
Episode_Termination/corpus_clip_time_out: 0.0000
Episode_Termination/stage_one_actuation_guard: 5.1333
--------------------------------------------------------------------------------
                         Iteration time: 3.44s
                           Time elapsed: 00:01:49
                                    ETA: 00:04:15

################################################################################
[1m                           Learning iteration 30/100                            [0m 

                               Run name: breadth
                            Total steps: 15872 
                       Steps per second: 132 
                        Collection time: 2.491s 
                          Learning time: 1.365s 
                        Mean value loss: 3963.3745
                    Mean surrogate loss: -0.0270
                      Mean entropy loss: 10.5205
           Mean standing_retention loss: 0.0002
                            Mean reward: -99.70
                    Mean episode length: 7.40
                        Mean action std: 0.38
  Episode_Reward/motion_global_root_pos: 0.0074
  Episode_Reward/motion_global_root_ori: 0.0064
         Episode_Reward/motion_body_pos: 0.0153
         Episode_Reward/motion_body_ori: 0.0105
     Episode_Reward/motion_body_lin_vel: 0.0127
     Episode_Reward/motion_body_ang_vel: 0.0112
          Episode_Reward/action_rate_l2: -0.0356
             Episode_Reward/joint_limit: -0.0000
         Episode_Reward/self_collisions: -0.0301
Episode_Reward/action_target_reference_l2: -0.0089
Episode_Reward/action_target_soft_limit_barrier: -0.0003
                   Episode_Reward/alive: 0.0700
 Episode_Reward/non_timeout_termination: -10.0000
Episode_Reward/worst_ee_z_normalized_squared: -0.0313
Episode_Reward/right_wrist_prethreshold_barrier: -0.0006
        Metrics/motion/error_anchor_pos: 0.0710
        Metrics/motion/error_anchor_rot: 0.1503
    Metrics/motion/error_anchor_lin_vel: 0.4570
    Metrics/motion/error_anchor_ang_vel: 0.9837
          Metrics/motion/error_body_pos: 0.4902
          Metrics/motion/error_body_rot: 0.4037
         Metrics/motion/error_joint_pos: 0.5676
         Metrics/motion/error_joint_vel: 5.1234
        Metrics/motion/sampling_entropy: 0.9278
      Metrics/motion/sampling_top1_prob: 0.0385
       Metrics/motion/sampling_top1_bin: 0.0924
      Metrics/motion/error_body_lin_vel: 0.4942
      Metrics/motion/error_body_ang_vel: 1.4707
           Episode_Termination/time_out: 0.0000
         Episode_Termination/anchor_pos: 0.0000
         Episode_Termination/anchor_ori: 0.0000
        Episode_Termination/ee_body_pos: 0.0625
Episode_Termination/corpus_clip_time_out: 0.0000
Episode_Termination/stage_one_actuation_guard: 4.2500
--------------------------------------------------------------------------------
                         Iteration time: 3.86s
                           Time elapsed: 00:01:53
                                    ETA: 00:04:11

################################################################################
[1m                           Learning iteration 31/100                            [0m 

                               Run name: breadth
                            Total steps: 16384 
                       Steps per second: 153 
                        Collection time: 2.051s 
                          Learning time: 1.280s 
                        Mean value loss: 3806.3864
                    Mean surrogate loss: -0.0205
                      Mean entropy loss: 10.5205
           Mean standing_retention loss: 0.0002
                            Mean reward: -99.72
                    Mean episode length: 6.64
                        Mean action std: 0.38
  Episode_Reward/motion_global_root_pos: 0.0066
  Episode_Reward/motion_global_root_ori: 0.0057
         Episode_Reward/motion_body_pos: 0.0136
         Episode_Reward/motion_body_ori: 0.0097
     Episode_Reward/motion_body_lin_vel: 0.0109
     Episode_Reward/motion_body_ang_vel: 0.0095
          Episode_Reward/action_rate_l2: -0.0356
             Episode_Reward/joint_limit: -0.0004
         Episode_Reward/self_collisions: -0.0224
Episode_Reward/action_target_reference_l2: -0.0075
Episode_Reward/action_target_soft_limit_barrier: -0.0002
                   Episode_Reward/alive: 0.0603
 Episode_Reward/non_timeout_termination: -10.0000
Episode_Reward/worst_ee_z_normalized_squared: -0.0210
Episode_Reward/right_wrist_prethreshold_barrier: -0.0000
        Metrics/motion/error_anchor_pos: 0.0609
        Metrics/motion/error_anchor_rot: 0.1587
    Metrics/motion/error_anchor_lin_vel: 0.4799
    Metrics/motion/error_anchor_ang_vel: 0.9606
          Metrics/motion/error_body_pos: 0.4175
          Metrics/motion/error_body_rot: 0.4718
         Metrics/motion/error_joint_pos: 0.5719
         Metrics/motion/error_joint_vel: 5.6437
        Metrics/motion/sampling_entropy: 0.9282
      Metrics/motion/sampling_top1_prob: 0.0380
       Metrics/motion/sampling_top1_bin: 0.0924
      Metrics/motion/error_body_lin_vel: 0.5189
      Metrics/motion/error_body_ang_vel: 1.6289
           Episode_Termination/time_out: 0.0000
         Episode_Termination/anchor_pos: 0.0000
         Episode_Termination/anchor_ori: 0.0000
        Episode_Termination/ee_body_pos: 0.0000
Episode_Termination/corpus_clip_time_out: 0.0625
Episode_Termination/stage_one_actuation_guard: 4.6250
--------------------------------------------------------------------------------
                         Iteration time: 3.33s
                           Time elapsed: 00:01:56
                                    ETA: 00:04:07

################################################################################
[1m                           Learning iteration 32/100                            [0m 

                               Run name: breadth
                            Total steps: 16896 
                       Steps per second: 160 
                        Collection time: 1.891s 
                          Learning time: 1.300s 
                        Mean value loss: 3256.8184
                    Mean surrogate loss: -0.0210
                      Mean entropy loss: 10.5205
           Mean standing_retention loss: 0.0003
                            Mean reward: -99.75
                    Mean episode length: 7.71
                        Mean action std: 0.38
  Episode_Reward/motion_global_root_pos: 0.0089
  Episode_Reward/motion_global_root_ori: 0.0077
         Episode_Reward/motion_body_pos: 0.0186
         Episode_Reward/motion_body_ori: 0.0131
     Episode_Reward/motion_body_lin_vel: 0.0153
     Episode_Reward/motion_body_ang_vel: 0.0130
          Episode_Reward/action_rate_l2: -0.0418
             Episode_Reward/joint_limit: -0.0005
         Episode_Reward/self_collisions: -0.0357
Episode_Reward/action_target_reference_l2: -0.0105
Episode_Reward/action_target_soft_limit_barrier: -0.0003
                   Episode_Reward/alive: 0.0866
 Episode_Reward/non_timeout_termination: -10.0000
Episode_Reward/worst_ee_z_normalized_squared: -0.0329
Episode_Reward/right_wrist_prethreshold_barrier: -0.0008
        Metrics/motion/error_anchor_pos: 0.0663
        Metrics/motion/error_anchor_rot: 0.1887
    Metrics/motion/error_anchor_lin_vel: 0.4966
    Metrics/motion/error_anchor_ang_vel: 0.9834
          Metrics/motion/error_body_pos: 0.2507
          Metrics/motion/error_body_rot: 0.3875
         Metrics/motion/error_joint_pos: 0.6816
         Metrics/motion/error_joint_vel: 5.7338
        Metrics/motion/sampling_entropy: 0.9290
      Metrics/motion/sampling_top1_prob: 0.0378
       Metrics/motion/sampling_top1_bin: 0.0924
      Metrics/motion/error_body_lin_vel: 0.5200
      Metrics/motion/error_body_ang_vel: 1.7740
           Episode_Termination/time_out: 0.0000
         Episode_Termination/anchor_pos: 0.0000
         Episode_Termination/anchor_ori: 0.0000
        Episode_Termination/ee_body_pos: 0.0000
Episode_Termination/corpus_clip_time_out: 0.0000
Episode_Termination/stage_one_actuation_guard: 3.1250
--------------------------------------------------------------------------------
                         Iteration time: 3.19s
                           Time elapsed: 00:01:59
                                    ETA: 00:04:02

################################################################################
[1m                           Learning iteration 33/100                            [0m 

                               Run name: breadth
                            Total steps: 17408 
                       Steps per second: 174 
                        Collection time: 1.682s 
                          Learning time: 1.252s 
                        Mean value loss: 3530.1104
                    Mean surrogate loss: -0.0218
                      Mean entropy loss: 10.5205
           Mean standing_retention loss: 0.0003
                            Mean reward: -98.78
                    Mean episode length: 8.46
                        Mean action std: 0.38
  Episode_Reward/motion_global_root_pos: 0.0068
  Episode_Reward/motion_global_root_ori: 0.0059
         Episode_Reward/motion_body_pos: 0.0138
         Episode_Reward/motion_body_ori: 0.0108
     Episode_Reward/motion_body_lin_vel: 0.0115
     Episode_Reward/motion_body_ang_vel: 0.0098
          Episode_Reward/action_rate_l2: -0.0350
             Episode_Reward/joint_limit: -0.0001
         Episode_Reward/self_collisions: -0.0367
Episode_Reward/action_target_reference_l2: -0.0065
Episode_Reward/action_target_soft_limit_barrier: -0.0002
                   Episode_Reward/alive: 0.0620
 Episode_Reward/non_timeout_termination: -9.6875
Episode_Reward/worst_ee_z_normalized_squared: -0.0188
Episode_Reward/right_wrist_prethreshold_barrier: -0.0000
        Metrics/motion/error_anchor_pos: 0.0579
        Metrics/motion/error_anchor_rot: 0.1645
    Metrics/motion/error_anchor_lin_vel: 0.4663
    Metrics/motion/error_anchor_ang_vel: 1.0535
          Metrics/motion/error_body_pos: 0.4609
          Metrics/motion/error_body_rot: 0.4324
         Metrics/motion/error_joint_pos: 0.5511
         Metrics/motion/error_joint_vel: 5.5326
        Metrics/motion/sampling_entropy: 0.9303
      Metrics/motion/sampling_top1_prob: 0.0377
       Metrics/motion/sampling_top1_bin: 0.0924
      Metrics/motion/error_body_lin_vel: 0.5057
      Metrics/motion/error_body_ang_vel: 1.6794
           Episode_Termination/time_out: 0.0000
         Episode_Termination/anchor_pos: 0.0000
         Episode_Termination/anchor_ori: 0.0000
        Episode_Termination/ee_body_pos: 0.0625
Episode_Termination/corpus_clip_time_out: 0.0625
Episode_Termination/stage_one_actuation_guard: 4.0625
--------------------------------------------------------------------------------
                         Iteration time: 2.93s
                           Time elapsed: 00:02:02
                                    ETA: 00:03:57

################################################################################
[1m                           Learning iteration 34/100                            [0m 

                               Run name: breadth
                            Total steps: 17920 
                       Steps per second: 88 
                        Collection time: 4.654s 
                          Learning time: 1.103s 
                        Mean value loss: 4218.8562
                    Mean surrogate loss: -0.0267
                      Mean entropy loss: 10.5205
           Mean standing_retention loss: 0.0003
                            Mean reward: -99.69
                    Mean episode length: 6.60
                        Mean action std: 0.38
  Episode_Reward/motion_global_root_pos: 0.0068
  Episode_Reward/motion_global_root_ori: 0.0059
         Episode_Reward/motion_body_pos: 0.0144
         Episode_Reward/motion_body_ori: 0.0101
     Episode_Reward/motion_body_lin_vel: 0.0117
     Episode_Reward/motion_body_ang_vel: 0.0101
          Episode_Reward/action_rate_l2: -0.0344
             Episode_Reward/joint_limit: -0.0003
         Episode_Reward/self_collisions: -0.0234
Episode_Reward/action_target_reference_l2: -0.0082
Episode_Reward/action_target_soft_limit_barrier: -0.0004
                   Episode_Reward/alive: 0.0650
 Episode_Reward/non_timeout_termination: -10.0000
Episode_Reward/worst_ee_z_normalized_squared: -0.0231
Episode_Reward/right_wrist_prethreshold_barrier: 0.0000
        Metrics/motion/error_anchor_pos: 0.0723
        Metrics/motion/error_anchor_rot: 0.1715
    Metrics/motion/error_anchor_lin_vel: 0.4651
    Metrics/motion/error_anchor_ang_vel: 1.0412
          Metrics/motion/error_body_pos: 0.6683
          Metrics/motion/error_body_rot: 0.3911
         Metrics/motion/error_joint_pos: 0.5869
         Metrics/motion/error_joint_vel: 5.1826
        Metrics/motion/sampling_entropy: 0.9307
      Metrics/motion/sampling_top1_prob: 0.0382
       Metrics/motion/sampling_top1_bin: 0.0924
      Metrics/motion/error_body_lin_vel: 0.4900
      Metrics/motion/error_body_ang_vel: 1.5681
           Episode_Termination/time_out: 0.0000
         Episode_Termination/anchor_pos: 0.0000
         Episode_Termination/anchor_ori: 0.0000
        Episode_Termination/ee_body_pos: 0.0000
Episode_Termination/corpus_clip_time_out: 0.0000
Episode_Termination/stage_one_actuation_guard: 4.8125
--------------------------------------------------------------------------------
                         Iteration time: 5.76s
                           Time elapsed: 00:02:08
                                    ETA: 00:03:58

################################################################################
[1m                           Learning iteration 35/100                            [0m 

                               Run name: breadth
                            Total steps: 18432 
                       Steps per second: 192 
                        Collection time: 1.609s 
                          Learning time: 1.055s 
                        Mean value loss: 4372.0082
                    Mean surrogate loss: -0.0196
                      Mean entropy loss: 10.5205
           Mean standing_retention loss: 0.0003
                            Mean reward: -98.92
                    Mean episode length: 7.38
                        Mean action std: 0.38
  Episode_Reward/motion_global_root_pos: 0.0070
  Episode_Reward/motion_global_root_ori: 0.0058
         Episode_Reward/motion_body_pos: 0.0146
         Episode_Reward/motion_body_ori: 0.0100
     Episode_Reward/motion_body_lin_vel: 0.0117
     Episode_Reward/motion_body_ang_vel: 0.0101
          Episode_Reward/action_rate_l2: -0.0384
             Episode_Reward/joint_limit: -0.0011
         Episode_Reward/self_collisions: -0.0413
Episode_Reward/action_target_reference_l2: -0.0093
Episode_Reward/action_target_soft_limit_barrier: -0.0002
                   Episode_Reward/alive: 0.0671
 Episode_Reward/non_timeout_termination: -9.7917
Episode_Reward/worst_ee_z_normalized_squared: -0.0356
Episode_Reward/right_wrist_prethreshold_barrier: -0.0100
        Metrics/motion/error_anchor_pos: 0.0685
        Metrics/motion/error_anchor_rot: 0.1765
    Metrics/motion/error_anchor_lin_vel: 0.4632
    Metrics/motion/error_anchor_ang_vel: 1.0673
          Metrics/motion/error_body_pos: 0.2760
          Metrics/motion/error_body_rot: 0.3456
         Metrics/motion/error_joint_pos: 0.5777
         Metrics/motion/error_joint_vel: 5.8450
        Metrics/motion/sampling_entropy: 0.9310
      Metrics/motion/sampling_top1_prob: 0.0378
       Metrics/motion/sampling_top1_bin: 0.0924
      Metrics/motion/error_body_lin_vel: 0.5132
      Metrics/motion/error_body_ang_vel: 1.7215
           Episode_Termination/time_out: 0.0000
         Episode_Termination/anchor_pos: 0.0000
         Episode_Termination/anchor_ori: 0.0000
        Episode_Termination/ee_body_pos: 0.0000
Episode_Termination/corpus_clip_time_out: 0.1250
Episode_Termination/stage_one_actuation_guard: 4.6250
--------------------------------------------------------------------------------
                         Iteration time: 2.66s
                           Time elapsed: 00:02:11
                                    ETA: 00:03:52

################################################################################
[1m                           Learning iteration 36/100                            [0m 

                               Run name: breadth
                            Total steps: 18944 
                       Steps per second: 182 
                        Collection time: 1.632s 
                          Learning time: 1.180s 
                        Mean value loss: 4685.2542
                    Mean surrogate loss: -0.0206
                      Mean entropy loss: 10.5205
           Mean standing_retention loss: 0.0003
                            Mean reward: -99.87
                    Mean episode length: 4.80
                        Mean action std: 0.38
  Episode_Reward/motion_global_root_pos: 0.0047
  Episode_Reward/motion_global_root_ori: 0.0040
         Episode_Reward/motion_body_pos: 0.0095
         Episode_Reward/motion_body_ori: 0.0073
     Episode_Reward/motion_body_lin_vel: 0.0073
     Episode_Reward/motion_body_ang_vel: 0.0063
          Episode_Reward/action_rate_l2: -0.0281
             Episode_Reward/joint_limit: -0.0002
         Episode_Reward/self_collisions: -0.0268
Episode_Reward/action_target_reference_l2: -0.0044
Episode_Reward/action_target_soft_limit_barrier: -0.0003
                   Episode_Reward/alive: 0.0394
 Episode_Reward/non_timeout_termination: -10.0000
Episode_Reward/worst_ee_z_normalized_squared: -0.0133
Episode_Reward/right_wrist_prethreshold_barrier: -0.0000
        Metrics/motion/error_anchor_pos: 0.0553
        Metrics/motion/error_anchor_rot: 0.1454
    Metrics/motion/error_anchor_lin_vel: 0.4924
    Metrics/motion/error_anchor_ang_vel: 0.9548
          Metrics/motion/error_body_pos: 0.3345
          Metrics/motion/error_body_rot: 0.4226
         Metrics/motion/error_joint_pos: 0.4621
         Metrics/motion/error_joint_vel: 5.5930
        Metrics/motion/sampling_entropy: 0.9315
      Metrics/motion/sampling_top1_prob: 0.0381
       Metrics/motion/sampling_top1_bin: 0.0924
      Metrics/motion/error_body_lin_vel: 0.5294
      Metrics/motion/error_body_ang_vel: 1.6672
           Episode_Termination/time_out: 0.0000
         Episode_Termination/anchor_pos: 0.0000
         Episode_Termination/anchor_ori: 0.0000
        Episode_Termination/ee_body_pos: 0.0625
Episode_Termination/corpus_clip_time_out: 0.0000
Episode_Termination/stage_one_actuation_guard: 5.8750
--------------------------------------------------------------------------------
                         Iteration time: 2.81s
                           Time elapsed: 00:02:13
                                    ETA: 00:03:47

################################################################################
[1m                           Learning iteration 37/100                            [0m 

                               Run name: breadth
                            Total steps: 19456 
                       Steps per second: 154 
                        Collection time: 1.958s 
                          Learning time: 1.362s 
                        Mean value loss: 3495.6580
                    Mean surrogate loss: -0.0256
                      Mean entropy loss: 10.5205
           Mean standing_retention loss: 0.0003
                            Mean reward: -99.75
                    Mean episode length: 5.39
                        Mean action std: 0.38
  Episode_Reward/motion_global_root_pos: 0.0048
  Episode_Reward/motion_global_root_ori: 0.0044
         Episode_Reward/motion_body_pos: 0.0100
         Episode_Reward/motion_body_ori: 0.0078
     Episode_Reward/motion_body_lin_vel: 0.0076
     Episode_Reward/motion_body_ang_vel: 0.0066
          Episode_Reward/action_rate_l2: -0.0289
             Episode_Reward/joint_limit: -0.0004
         Episode_Reward/self_collisions: -0.0147
Episode_Reward/action_target_reference_l2: -0.0047
Episode_Reward/action_target_soft_limit_barrier: -0.0002
                   Episode_Reward/alive: 0.0419
 Episode_Reward/non_timeout_termination: -10.0000
Episode_Reward/worst_ee_z_normalized_squared: -0.0098
Episode_Reward/right_wrist_prethreshold_barrier: -0.0000
        Metrics/motion/error_anchor_pos: 0.0636
        Metrics/motion/error_anchor_rot: 0.1603
    Metrics/motion/error_anchor_lin_vel: 0.4847
    Metrics/motion/error_anchor_ang_vel: 0.9700
          Metrics/motion/error_body_pos: 0.3911
          Metrics/motion/error_body_rot: 0.3348
         Metrics/motion/error_joint_pos: 0.5150
         Metrics/motion/error_joint_vel: 5.8611
        Metrics/motion/sampling_entropy: 0.9319
      Metrics/motion/sampling_top1_prob: 0.0374
       Metrics/motion/sampling_top1_bin: 0.0924
      Metrics/motion/error_body_lin_vel: 0.5186
      Metrics/motion/error_body_ang_vel: 1.6948
           Episode_Termination/time_out: 0.0000
         Episode_Termination/anchor_pos: 0.0000
         Episode_Termination/anchor_ori: 0.0000
        Episode_Termination/ee_body_pos: 0.0000
Episode_Termination/corpus_clip_time_out: 0.0000
Episode_Termination/stage_one_actuation_guard: 4.8000
--------------------------------------------------------------------------------
                         Iteration time: 3.32s
                           Time elapsed: 00:02:17
                                    ETA: 00:03:43

################################################################################
[1m                           Learning iteration 38/100                            [0m 

                               Run name: breadth
                            Total steps: 19968 
                       Steps per second: 159 
                        Collection time: 1.875s 
                          Learning time: 1.336s 
                        Mean value loss: 4245.4637
                    Mean surrogate loss: -0.0211
                      Mean entropy loss: 10.5205
           Mean standing_retention loss: 0.0002
                            Mean reward: -99.66
                    Mean episode length: 8.14
                        Mean action std: 0.38
  Episode_Reward/motion_global_root_pos: 0.0078
  Episode_Reward/motion_global_root_ori: 0.0070
         Episode_Reward/motion_body_pos: 0.0163
         Episode_Reward/motion_body_ori: 0.0120
     Episode_Reward/motion_body_lin_vel: 0.0135
     Episode_Reward/motion_body_ang_vel: 0.0113
          Episode_Reward/action_rate_l2: -0.0361
             Episode_Reward/joint_limit: -0.0001
         Episode_Reward/self_collisions: -0.0426
Episode_Reward/action_target_reference_l2: -0.0085
Episode_Reward/action_target_soft_limit_barrier: -0.0003
                   Episode_Reward/alive: 0.0743
 Episode_Reward/non_timeout_termination: -10.0000
Episode_Reward/worst_ee_z_normalized_squared: -0.0174
Episode_Reward/right_wrist_prethreshold_barrier: -0.0005
        Metrics/motion/error_anchor_pos: 0.0636
        Metrics/motion/error_anchor_rot: 0.1772
    Metrics/motion/error_anchor_lin_vel: 0.4666
    Metrics/motion/error_anchor_ang_vel: 1.1075
          Metrics/motion/error_body_pos: 0.4992
          Metrics/motion/error_body_rot: 0.3967
         Metrics/motion/error_joint_pos: 0.5996
         Metrics/motion/error_joint_vel: 5.5586
        Metrics/motion/sampling_entropy: 0.9321
      Metrics/motion/sampling_top1_prob: 0.0384
       Metrics/motion/sampling_top1_bin: 0.0924
      Metrics/motion/error_body_lin_vel: 0.5027
      Metrics/motion/error_body_ang_vel: 1.7727
           Episode_Termination/time_out: 0.0000
         Episode_Termination/anchor_pos: 0.0000
         Episode_Termination/anchor_ori: 0.0000
        Episode_Termination/ee_body_pos: 0.0000
Episode_Termination/corpus_clip_time_out: 0.0000
Episode_Termination/stage_one_actuation_guard: 4.7500
--------------------------------------------------------------------------------
                         Iteration time: 3.21s
                           Time elapsed: 00:02:20
                                    ETA: 00:03:39

################################################################################
[1m                           Learning iteration 39/100                            [0m 

                               Run name: breadth
                            Total steps: 20480 
                       Steps per second: 161 
                        Collection time: 1.888s 
                          Learning time: 1.292s 
                        Mean value loss: 3946.8811
                    Mean surrogate loss: -0.0217
                      Mean entropy loss: 10.5205
           Mean standing_retention loss: 0.0002
                            Mean reward: -99.82
                    Mean episode length: 9.28
                        Mean action std: 0.38
  Episode_Reward/motion_global_root_pos: 0.0073
  Episode_Reward/motion_global_root_ori: 0.0061
         Episode_Reward/motion_body_pos: 0.0150
         Episode_Reward/motion_body_ori: 0.0102
     Episode_Reward/motion_body_lin_vel: 0.0120
     Episode_Reward/motion_body_ang_vel: 0.0101
          Episode_Reward/action_rate_l2: -0.0368
             Episode_Reward/joint_limit: -0.0003
         Episode_Reward/self_collisions: -0.0435
Episode_Reward/action_target_reference_l2: -0.0092
Episode_Reward/action_target_soft_limit_barrier: -0.0002
                   Episode_Reward/alive: 0.0683
 Episode_Reward/non_timeout_termination: -10.0000
Episode_Reward/worst_ee_z_normalized_squared: -0.0340
Episode_Reward/right_wrist_prethreshold_barrier: -0.0000
        Metrics/motion/error_anchor_pos: 0.0646
        Metrics/motion/error_anchor_rot: 0.1637
    Metrics/motion/error_anchor_lin_vel: 0.4603
    Metrics/motion/error_anchor_ang_vel: 1.0963
          Metrics/motion/error_body_pos: 0.1371
          Metrics/motion/error_body_rot: 0.3009
         Metrics/motion/error_joint_pos: 0.6130
         Metrics/motion/error_joint_vel: 6.0384
        Metrics/motion/sampling_entropy: 0.9322
      Metrics/motion/sampling_top1_prob: 0.0377
       Metrics/motion/sampling_top1_bin: 0.0924
      Metrics/motion/error_body_lin_vel: 0.5136
      Metrics/motion/error_body_ang_vel: 1.7330
           Episode_Termination/time_out: 0.0000
         Episode_Termination/anchor_pos: 0.0000
         Episode_Termination/anchor_ori: 0.0000
        Episode_Termination/ee_body_pos: 0.0625
Episode_Termination/corpus_clip_time_out: 0.0000
Episode_Termination/stage_one_actuation_guard: 4.0625
--------------------------------------------------------------------------------
                         Iteration time: 3.18s
                           Time elapsed: 00:02:23
                                    ETA: 00:03:35

################################################################################
[1m                           Learning iteration 40/100                            [0m 

                               Run name: breadth
                            Total steps: 20992 
                       Steps per second: 166 
                        Collection time: 1.650s 
                          Learning time: 1.421s 
                        Mean value loss: 3663.3912
                    Mean surrogate loss: -0.0237
                      Mean entropy loss: 10.5205
           Mean standing_retention loss: 0.0002
                            Mean reward: -98.91
                    Mean episode length: 7.73
                        Mean action std: 0.38
  Episode_Reward/motion_global_root_pos: 0.0054
  Episode_Reward/motion_global_root_ori: 0.0047
         Episode_Reward/motion_body_pos: 0.0114
         Episode_Reward/motion_body_ori: 0.0085
     Episode_Reward/motion_body_lin_vel: 0.0087
     Episode_Reward/motion_body_ang_vel: 0.0075
          Episode_Reward/action_rate_l2: -0.0323
             Episode_Reward/joint_limit: -0.0008
         Episode_Reward/self_collisions: -0.0125
Episode_Reward/action_target_reference_l2: -0.0059
Episode_Reward/action_target_soft_limit_barrier: -0.0003
                   Episode_Reward/alive: 0.0498
 Episode_Reward/non_timeout_termination: -9.9219
Episode_Reward/worst_ee_z_normalized_squared: -0.0227
Episode_Reward/right_wrist_prethreshold_barrier: -0.0003
        Metrics/motion/error_anchor_pos: 0.0634
        Metrics/motion/error_anchor_rot: 0.1713
    Metrics/motion/error_anchor_lin_vel: 0.4605
    Metrics/motion/error_anchor_ang_vel: 1.1033
          Metrics/motion/error_body_pos: 0.4879
          Metrics/motion/error_body_rot: 0.3470
         Metrics/motion/error_joint_pos: 0.5429
         Metrics/motion/error_joint_vel: 5.5441
        Metrics/motion/sampling_entropy: 0.9323
      Metrics/motion/sampling_top1_prob: 0.0376
       Metrics/motion/sampling_top1_bin: 0.0924
      Metrics/motion/error_body_lin_vel: 0.5179
      Metrics/motion/error_body_ang_vel: 1.7388
           Episode_Termination/time_out: 0.0000
         Episode_Termination/anchor_pos: 0.0000
         Episode_Termination/anchor_ori: 0.0000
        Episode_Termination/ee_body_pos: 0.0625
Episode_Termination/corpus_clip_time_out: 0.0625
Episode_Termination/stage_one_actuation_guard: 4.4375
--------------------------------------------------------------------------------
                         Iteration time: 3.07s
                           Time elapsed: 00:02:26
                                    ETA: 00:03:30

################################################################################
[1m                           Learning iteration 41/100                            [0m 

                               Run name: breadth
                            Total steps: 21504 
                       Steps per second: 167 
                        Collection time: 1.684s 
                          Learning time: 1.377s 
                        Mean value loss: 4746.2240
                    Mean surrogate loss: -0.0208
                      Mean entropy loss: 10.5205
           Mean standing_retention loss: 0.0001
                            Mean reward: -99.70
                    Mean episode length: 7.02
                        Mean action std: 0.38
  Episode_Reward/motion_global_root_pos: 0.0067
  Episode_Reward/motion_global_root_ori: 0.0058
         Episode_Reward/motion_body_pos: 0.0140
         Episode_Reward/motion_body_ori: 0.0096
     Episode_Reward/motion_body_lin_vel: 0.0107
     Episode_Reward/motion_body_ang_vel: 0.0093
          Episode_Reward/action_rate_l2: -0.0379
             Episode_Reward/joint_limit: -0.0004
         Episode_Reward/self_collisions: -0.0116
Episode_Reward/action_target_reference_l2: -0.0079
Episode_Reward/action_target_soft_limit_barrier: -0.0003
                   Episode_Reward/alive: 0.0641
 Episode_Reward/non_timeout_termination: -10.0000
Episode_Reward/worst_ee_z_normalized_squared: -0.0300
Episode_Reward/right_wrist_prethreshold_barrier: -0.0007
        Metrics/motion/error_anchor_pos: 0.0757
        Metrics/motion/error_anchor_rot: 0.1751
    Metrics/motion/error_anchor_lin_vel: 0.4953
    Metrics/motion/error_anchor_ang_vel: 1.1781
          Metrics/motion/error_body_pos: 0.4605
          Metrics/motion/error_body_rot: 0.4336
         Metrics/motion/error_joint_pos: 0.5891
         Metrics/motion/error_joint_vel: 5.8528
        Metrics/motion/sampling_entropy: 0.9323
      Metrics/motion/sampling_top1_prob: 0.0372
       Metrics/motion/sampling_top1_bin: 0.0924
      Metrics/motion/error_body_lin_vel: 0.5640
      Metrics/motion/error_body_ang_vel: 1.7642
           Episode_Termination/time_out: 0.0000
         Episode_Termination/anchor_pos: 0.1250
         Episode_Termination/anchor_ori: 0.0000
        Episode_Termination/ee_body_pos: 0.0625
Episode_Termination/corpus_clip_time_out: 0.0000
Episode_Termination/stage_one_actuation_guard: 5.2500
--------------------------------------------------------------------------------
                         Iteration time: 3.06s
                           Time elapsed: 00:02:29
                                    ETA: 00:03:26

################################################################################
[1m                           Learning iteration 42/100                            [0m 

                               Run name: breadth
                            Total steps: 22016 
                       Steps per second: 160 
                        Collection time: 1.773s 
                          Learning time: 1.415s 
                        Mean value loss: 4329.6509
                    Mean surrogate loss: -0.0232
                      Mean entropy loss: 10.5205
           Mean standing_retention loss: 0.0001
                            Mean reward: -99.89
                    Mean episode length: 5.12
                        Mean action std: 0.38
  Episode_Reward/motion_global_root_pos: 0.0048
  Episode_Reward/motion_global_root_ori: 0.0042
         Episode_Reward/motion_body_pos: 0.0098
         Episode_Reward/motion_body_ori: 0.0074
     Episode_Reward/motion_body_lin_vel: 0.0074
     Episode_Reward/motion_body_ang_vel: 0.0064
          Episode_Reward/action_rate_l2: -0.0299
             Episode_Reward/joint_limit: -0.0002
         Episode_Reward/self_collisions: -0.0218
Episode_Reward/action_target_reference_l2: -0.0048
Episode_Reward/action_target_soft_limit_barrier: -0.0002
                   Episode_Reward/alive: 0.0412
 Episode_Reward/non_timeout_termination: -10.0000
Episode_Reward/worst_ee_z_normalized_squared: -0.0154
Episode_Reward/right_wrist_prethreshold_barrier: 0.0000
        Metrics/motion/error_anchor_pos: 0.0604
        Metrics/motion/error_anchor_rot: 0.1680
    Metrics/motion/error_anchor_lin_vel: 0.4439
    Metrics/motion/error_anchor_ang_vel: 1.1078
          Metrics/motion/error_body_pos: 0.3549
          Metrics/motion/error_body_rot: 0.3817
         Metrics/motion/error_joint_pos: 0.5408
         Metrics/motion/error_joint_vel: 5.4477
        Metrics/motion/sampling_entropy: 0.9330
      Metrics/motion/sampling_top1_prob: 0.0374
       Metrics/motion/sampling_top1_bin: 0.0924
      Metrics/motion/error_body_lin_vel: 0.4947
      Metrics/motion/error_body_ang_vel: 1.6173
           Episode_Termination/time_out: 0.0000
         Episode_Termination/anchor_pos: 0.0000
         Episode_Termination/anchor_ori: 0.0000
        Episode_Termination/ee_body_pos: 0.0000
Episode_Termination/corpus_clip_time_out: 0.0000
Episode_Termination/stage_one_actuation_guard: 5.6250
--------------------------------------------------------------------------------
                         Iteration time: 3.19s
                           Time elapsed: 00:02:32
                                    ETA: 00:03:22

################################################################################
[1m                           Learning iteration 43/100                            [0m 

                               Run name: breadth
                            Total steps: 22528 
                       Steps per second: 163 
                        Collection time: 1.753s 
                          Learning time: 1.380s 
                        Mean value loss: 4347.8510
                    Mean surrogate loss: -0.0234
                      Mean entropy loss: 10.5205
           Mean standing_retention loss: 0.0001
                            Mean reward: -99.88
                    Mean episode length: 5.84
                        Mean action std: 0.38
  Episode_Reward/motion_global_root_pos: 0.0061
  Episode_Reward/motion_global_root_ori: 0.0050
         Episode_Reward/motion_body_pos: 0.0124
         Episode_Reward/motion_body_ori: 0.0091
     Episode_Reward/motion_body_lin_vel: 0.0097
     Episode_Reward/motion_body_ang_vel: 0.0082
          Episode_Reward/action_rate_l2: -0.0333
             Episode_Reward/joint_limit: -0.0009
         Episode_Reward/self_collisions: -0.0277
Episode_Reward/action_target_reference_l2: -0.0066
Episode_Reward/action_target_soft_limit_barrier: -0.0002
                   Episode_Reward/alive: 0.0549
 Episode_Reward/non_timeout_termination: -10.0000
Episode_Reward/worst_ee_z_normalized_squared: -0.0208
Episode_Reward/right_wrist_prethreshold_barrier: -0.0002
        Metrics/motion/error_anchor_pos: 0.0650
        Metrics/motion/error_anchor_rot: 0.1779
    Metrics/motion/error_anchor_lin_vel: 0.4785
    Metrics/motion/error_anchor_ang_vel: 1.0597
          Metrics/motion/error_body_pos: 0.2951
          Metrics/motion/error_body_rot: 0.3490
         Metrics/motion/error_joint_pos: 0.5333
         Metrics/motion/error_joint_vel: 5.8602
        Metrics/motion/sampling_entropy: 0.9326
      Metrics/motion/sampling_top1_prob: 0.0388
       Metrics/motion/sampling_top1_bin: 0.0924
      Metrics/motion/error_body_lin_vel: 0.5253
      Metrics/motion/error_body_ang_vel: 1.8062
           Episode_Termination/time_out: 0.0000
         Episode_Termination/anchor_pos: 0.0000
         Episode_Termination/anchor_ori: 0.0000
        Episode_Termination/ee_body_pos: 0.0000
Episode_Termination/corpus_clip_time_out: 0.0000
Episode_Termination/stage_one_actuation_guard: 5.1875
--------------------------------------------------------------------------------
                         Iteration time: 3.13s
                           Time elapsed: 00:02:35
                                    ETA: 00:03:18

################################################################################
[1m                           Learning iteration 44/100                            [0m 

                               Run name: breadth
                            Total steps: 23040 
                       Steps per second: 166 
                        Collection time: 1.707s 
                          Learning time: 1.364s 
                        Mean value loss: 3905.7587
                    Mean surrogate loss: -0.0229
                      Mean entropy loss: 10.5205
           Mean standing_retention loss: 0.0002
                            Mean reward: -98.95
                    Mean episode length: 5.75
                        Mean action std: 0.38
  Episode_Reward/motion_global_root_pos: 0.0056
  Episode_Reward/motion_global_root_ori: 0.0048
         Episode_Reward/motion_body_pos: 0.0113
         Episode_Reward/motion_body_ori: 0.0084
     Episode_Reward/motion_body_lin_vel: 0.0090
     Episode_Reward/motion_body_ang_vel: 0.0078
          Episode_Reward/action_rate_l2: -0.0321
             Episode_Reward/joint_limit: -0.0009
         Episode_Reward/self_collisions: -0.0398
Episode_Reward/action_target_reference_l2: -0.0056
Episode_Reward/action_target_soft_limit_barrier: -0.0002
                   Episode_Reward/alive: 0.0489
 Episode_Reward/non_timeout_termination: -9.9219
Episode_Reward/worst_ee_z_normalized_squared: -0.0161
Episode_Reward/right_wrist_prethreshold_barrier: 0.0000
        Metrics/motion/error_anchor_pos: 0.0579
        Metrics/motion/error_anchor_rot: 0.1624
    Metrics/motion/error_anchor_lin_vel: 0.4241
    Metrics/motion/error_anchor_ang_vel: 1.0708
          Metrics/motion/error_body_pos: 0.5308
          Metrics/motion/error_body_rot: 0.4448
         Metrics/motion/error_joint_pos: 0.5321
         Metrics/motion/error_joint_vel: 5.5551
        Metrics/motion/sampling_entropy: 0.9323
      Metrics/motion/sampling_top1_prob: 0.0388
       Metrics/motion/sampling_top1_bin: 0.0924
      Metrics/motion/error_body_lin_vel: 0.4820
      Metrics/motion/error_body_ang_vel: 1.5534
           Episode_Termination/time_out: 0.0000
         Episode_Termination/anchor_pos: 0.0000
         Episode_Termination/anchor_ori: 0.0000
        Episode_Termination/ee_body_pos: 0.0000
Episode_Termination/corpus_clip_time_out: 0.0625
Episode_Termination/stage_one_actuation_guard: 4.7500
--------------------------------------------------------------------------------
                         Iteration time: 3.07s
                           Time elapsed: 00:02:39
                                    ETA: 00:03:14

################################################################################
[1m                           Learning iteration 45/100                            [0m 

                               Run name: breadth
                            Total steps: 23552 
                       Steps per second: 166 
                        Collection time: 1.799s 
                          Learning time: 1.279s 
                        Mean value loss: 3899.2219
                    Mean surrogate loss: -0.0252
                      Mean entropy loss: 10.5205
           Mean standing_retention loss: 0.0002
                            Mean reward: -99.75
                    Mean episode length: 6.38
                        Mean action std: 0.38
  Episode_Reward/motion_global_root_pos: 0.0063
  Episode_Reward/motion_global_root_ori: 0.0056
         Episode_Reward/motion_body_pos: 0.0131
         Episode_Reward/motion_body_ori: 0.0101
     Episode_Reward/motion_body_lin_vel: 0.0106
     Episode_Reward/motion_body_ang_vel: 0.0088
          Episode_Reward/action_rate_l2: -0.0345
             Episode_Reward/joint_limit: -0.0001
         Episode_Reward/self_collisions: -0.0222
Episode_Reward/action_target_reference_l2: -0.0062
Episode_Reward/action_target_soft_limit_barrier: -0.0004
                   Episode_Reward/alive: 0.0580
 Episode_Reward/non_timeout_termination: -10.0000
Episode_Reward/worst_ee_z_normalized_squared: -0.0166
Episode_Reward/right_wrist_prethreshold_barrier: 0.0000
        Metrics/motion/error_anchor_pos: 0.0601
        Metrics/motion/error_anchor_rot: 0.1564
    Metrics/motion/error_anchor_lin_vel: 0.4374
    Metrics/motion/error_anchor_ang_vel: 1.1403
          Metrics/motion/error_body_pos: 0.5655
          Metrics/motion/error_body_rot: 0.3834
         Metrics/motion/error_joint_pos: 0.5329
         Metrics/motion/error_joint_vel: 6.3699
        Metrics/motion/sampling_entropy: 0.9319
      Metrics/motion/sampling_top1_prob: 0.0389
       Metrics/motion/sampling_top1_bin: 0.0924
      Metrics/motion/error_body_lin_vel: 0.5107
      Metrics/motion/error_body_ang_vel: 1.8956
           Episode_Termination/time_out: 0.0000
         Episode_Termination/anchor_pos: 0.0000
         Episode_Termination/anchor_ori: 0.0000
        Episode_Termination/ee_body_pos: 0.0000
Episode_Termination/corpus_clip_time_out: 0.0000
Episode_Termination/stage_one_actuation_guard: 4.5625
--------------------------------------------------------------------------------
                         Iteration time: 3.08s
                           Time elapsed: 00:02:42
                                    ETA: 00:03:10

################################################################################
[1m                           Learning iteration 46/100                            [0m 

                               Run name: breadth
                            Total steps: 24064 
                       Steps per second: 173 
                        Collection time: 1.747s 
                          Learning time: 1.207s 
                        Mean value loss: 4575.2731
                    Mean surrogate loss: -0.0179
                      Mean entropy loss: 10.5205
           Mean standing_retention loss: 0.0002
                            Mean reward: -99.76
                    Mean episode length: 7.25
                        Mean action std: 0.38
--------------------------------------------------------------------------------
                         Iteration time: 2.95s
                           Time elapsed: 00:02:45
                                    ETA: 00:03:06

################################################################################
[1m                           Learning iteration 47/100                            [0m 

                               Run name: breadth
                            Total steps: 24576 
                       Steps per second: 160 
                        Collection time: 1.876s 
                          Learning time: 1.313s 
                        Mean value loss: 3276.9881
                    Mean surrogate loss: -0.0239
                      Mean entropy loss: 10.5205
           Mean standing_retention loss: 0.0002
                            Mean reward: -99.72
                    Mean episode length: 6.67
                        Mean action std: 0.38
  Episode_Reward/motion_global_root_pos: 0.0060
  Episode_Reward/motion_global_root_ori: 0.0053
         Episode_Reward/motion_body_pos: 0.0123
         Episode_Reward/motion_body_ori: 0.0094
     Episode_Reward/motion_body_lin_vel: 0.0097
     Episode_Reward/motion_body_ang_vel: 0.0084
          Episode_Reward/action_rate_l2: -0.0309
             Episode_Reward/joint_limit: -0.0003
         Episode_Reward/self_collisions: -0.0177
Episode_Reward/action_target_reference_l2: -0.0063
Episode_Reward/action_target_soft_limit_barrier: -0.0002
                   Episode_Reward/alive: 0.0534
 Episode_Reward/non_timeout_termination: -10.0000
Episode_Reward/worst_ee_z_normalized_squared: -0.0182
Episode_Reward/right_wrist_prethreshold_barrier: -0.0006
        Metrics/motion/error_anchor_pos: 0.0635
        Metrics/motion/error_anchor_rot: 0.1472
    Metrics/motion/error_anchor_lin_vel: 0.4568
    Metrics/motion/error_anchor_ang_vel: 1.1010
          Metrics/motion/error_body_pos: 0.2630
          Metrics/motion/error_body_rot: 0.3710
         Metrics/motion/error_joint_pos: 0.5594
         Metrics/motion/error_joint_vel: 5.7127
        Metrics/motion/sampling_entropy: 0.9318
      Metrics/motion/sampling_top1_prob: 0.0392
       Metrics/motion/sampling_top1_bin: 0.0924
      Metrics/motion/error_body_lin_vel: 0.5135
      Metrics/motion/error_body_ang_vel: 1.6171
           Episode_Termination/time_out: 0.0000
         Episode_Termination/anchor_pos: 0.0000
         Episode_Termination/anchor_ori: 0.0000
        Episode_Termination/ee_body_pos: 0.0000
Episode_Termination/corpus_clip_time_out: 0.0000
Episode_Termination/stage_one_actuation_guard: 3.7500
--------------------------------------------------------------------------------
                         Iteration time: 3.19s
                           Time elapsed: 00:02:48
                                    ETA: 00:03:02

################################################################################
[1m                           Learning iteration 48/100                            [0m 

                               Run name: breadth
                            Total steps: 25088 
                       Steps per second: 167 
                        Collection time: 1.669s 
                          Learning time: 1.380s 
                        Mean value loss: 3761.3641
                    Mean surrogate loss: -0.0231
                      Mean entropy loss: 10.5205
           Mean standing_retention loss: 0.0002
                            Mean reward: -97.89
                    Mean episode length: 5.67
                        Mean action std: 0.38
  Episode_Reward/motion_global_root_pos: 0.0048
  Episode_Reward/motion_global_root_ori: 0.0043
         Episode_Reward/motion_body_pos: 0.0100
         Episode_Reward/motion_body_ori: 0.0077
     Episode_Reward/motion_body_lin_vel: 0.0077
     Episode_Reward/motion_body_ang_vel: 0.0067
          Episode_Reward/action_rate_l2: -0.0331
             Episode_Reward/joint_limit: -0.0004
         Episode_Reward/self_collisions: -0.0230
Episode_Reward/action_target_reference_l2: -0.0048
Episode_Reward/action_target_soft_limit_barrier: -0.0002
                   Episode_Reward/alive: 0.0419
 Episode_Reward/non_timeout_termination: -9.7917
Episode_Reward/worst_ee_z_normalized_squared: -0.0124
Episode_Reward/right_wrist_prethreshold_barrier: 0.0000
        Metrics/motion/error_anchor_pos: 0.0581
        Metrics/motion/error_anchor_rot: 0.1568
    Metrics/motion/error_anchor_lin_vel: 0.4661
    Metrics/motion/error_anchor_ang_vel: 0.9705
          Metrics/motion/error_body_pos: 0.4955
          Metrics/motion/error_body_rot: 0.4585
         Metrics/motion/error_joint_pos: 0.4962
         Metrics/motion/error_joint_vel: 5.2036
        Metrics/motion/sampling_entropy: 0.9317
      Metrics/motion/sampling_top1_prob: 0.0400
       Metrics/motion/sampling_top1_bin: 0.0924
      Metrics/motion/error_body_lin_vel: 0.5045
      Metrics/motion/error_body_ang_vel: 1.5132
           Episode_Termination/time_out: 0.0000
         Episode_Termination/anchor_pos: 0.0000
         Episode_Termination/anchor_ori: 0.0000
        Episode_Termination/ee_body_pos: 0.0000
Episode_Termination/corpus_clip_time_out: 0.1250
Episode_Termination/stage_one_actuation_guard: 5.3750
--------------------------------------------------------------------------------
                         Iteration time: 3.05s
                           Time elapsed: 00:02:51
                                    ETA: 00:02:58

################################################################################
[1m                           Learning iteration 49/100                            [0m 

                               Run name: breadth
                            Total steps: 25600 
                       Steps per second: 157 
                        Collection time: 1.974s 
                          Learning time: 1.267s 
                        Mean value loss: 3887.7214
                    Mean surrogate loss: -0.0262
                      Mean entropy loss: 10.5205
           Mean standing_retention loss: 0.0002
                            Mean reward: -99.70
                    Mean episode length: 6.62
                        Mean action std: 0.38
  Episode_Reward/motion_global_root_pos: 0.0066
  Episode_Reward/motion_global_root_ori: 0.0060
         Episode_Reward/motion_body_pos: 0.0137
         Episode_Reward/motion_body_ori: 0.0098
     Episode_Reward/motion_body_lin_vel: 0.0117
     Episode_Reward/motion_body_ang_vel: 0.0098
          Episode_Reward/action_rate_l2: -0.0331
             Episode_Reward/joint_limit: -0.0010
         Episode_Reward/self_collisions: -0.0219
Episode_Reward/action_target_reference_l2: -0.0073
Episode_Reward/action_target_soft_limit_barrier: -0.0003
                   Episode_Reward/alive: 0.0616
 Episode_Reward/non_timeout_termination: -10.0000
Episode_Reward/worst_ee_z_normalized_squared: -0.0207
Episode_Reward/right_wrist_prethreshold_barrier: 0.0000
        Metrics/motion/error_anchor_pos: 0.0590
        Metrics/motion/error_anchor_rot: 0.1621
    Metrics/motion/error_anchor_lin_vel: 0.4427
    Metrics/motion/error_anchor_ang_vel: 0.9579
          Metrics/motion/error_body_pos: 0.4114
          Metrics/motion/error_body_rot: 0.4058
         Metrics/motion/error_joint_pos: 0.5319
         Metrics/motion/error_joint_vel: 5.0224
        Metrics/motion/sampling_entropy: 0.9320
      Metrics/motion/sampling_top1_prob: 0.0410
       Metrics/motion/sampling_top1_bin: 0.0924
      Metrics/motion/error_body_lin_vel: 0.4786
      Metrics/motion/error_body_ang_vel: 1.5196
           Episode_Termination/time_out: 0.0000
         Episode_Termination/anchor_pos: 0.0000
         Episode_Termination/anchor_ori: 0.0000
        Episode_Termination/ee_body_pos: 0.0000
Episode_Termination/corpus_clip_time_out: 0.0000
Episode_Termination/stage_one_actuation_guard: 5.0000
--------------------------------------------------------------------------------
                         Iteration time: 3.24s
                           Time elapsed: 00:02:54
                                    ETA: 00:02:54

################################################################################
[1m                           Learning iteration 50/100                            [0m 

                               Run name: breadth
                            Total steps: 26112 
                       Steps per second: 163 
                        Collection time: 1.743s 
                          Learning time: 1.394s 
                        Mean value loss: 3946.6933
                    Mean surrogate loss: -0.0209
                      Mean entropy loss: 10.5205
           Mean standing_retention loss: 0.0003
                            Mean reward: -99.71
                    Mean episode length: 6.86
                        Mean action std: 0.38
  Episode_Reward/motion_global_root_pos: 0.0061
  Episode_Reward/motion_global_root_ori: 0.0053
         Episode_Reward/motion_body_pos: 0.0125
         Episode_Reward/motion_body_ori: 0.0094
     Episode_Reward/motion_body_lin_vel: 0.0098
     Episode_Reward/motion_body_ang_vel: 0.0086
          Episode_Reward/action_rate_l2: -0.0318
             Episode_Reward/joint_limit: -0.0006
         Episode_Reward/self_collisions: -0.0151
Episode_Reward/action_target_reference_l2: -0.0062
Episode_Reward/action_target_soft_limit_barrier: -0.0002
                   Episode_Reward/alive: 0.0552
 Episode_Reward/non_timeout_termination: -10.0000
Episode_Reward/worst_ee_z_normalized_squared: -0.0193
Episode_Reward/right_wrist_prethreshold_barrier: 0.0000
        Metrics/motion/error_anchor_pos: 0.0643
        Metrics/motion/error_anchor_rot: 0.1621
    Metrics/motion/error_anchor_lin_vel: 0.4702
    Metrics/motion/error_anchor_ang_vel: 1.0601
          Metrics/motion/error_body_pos: 0.3893
          Metrics/motion/error_body_rot: 0.3611
         Metrics/motion/error_joint_pos: 0.5397
         Metrics/motion/error_joint_vel: 6.4992
        Metrics/motion/sampling_entropy: 0.9320
      Metrics/motion/sampling_top1_prob: 0.0419
       Metrics/motion/sampling_top1_bin: 0.0924
      Metrics/motion/error_body_lin_vel: 0.5222
      Metrics/motion/error_body_ang_vel: 1.8705
           Episode_Termination/time_out: 0.0000
         Episode_Termination/anchor_pos: 0.0000
         Episode_Termination/anchor_ori: 0.0000
        Episode_Termination/ee_body_pos: 0.0625
Episode_Termination/corpus_clip_time_out: 0.0000
Episode_Termination/stage_one_actuation_guard: 4.6250
--------------------------------------------------------------------------------
                         Iteration time: 3.14s
                           Time elapsed: 00:02:57
                                    ETA: 00:02:50

################################################################################
[1m                           Learning iteration 51/100                            [0m 

                               Run name: breadth
                            Total steps: 26624 
                       Steps per second: 156 
                        Collection time: 1.942s 
                          Learning time: 1.329s 
                        Mean value loss: 3888.5493
                    Mean surrogate loss: -0.0216
                      Mean entropy loss: 10.5205
           Mean standing_retention loss: 0.0003
                            Mean reward: -99.68
                    Mean episode length: 6.57
                        Mean action std: 0.38
  Episode_Reward/motion_global_root_pos: 0.0065
  Episode_Reward/motion_global_root_ori: 0.0055
         Episode_Reward/motion_body_pos: 0.0132
         Episode_Reward/motion_body_ori: 0.0091
     Episode_Reward/motion_body_lin_vel: 0.0106
     Episode_Reward/motion_body_ang_vel: 0.0091
          Episode_Reward/action_rate_l2: -0.0338
             Episode_Reward/joint_limit: -0.0003
         Episode_Reward/self_collisions: -0.0177
Episode_Reward/action_target_reference_l2: -0.0076
Episode_Reward/action_target_soft_limit_barrier: -0.0002
                   Episode_Reward/alive: 0.0588
 Episode_Reward/non_timeout_termination: -10.0000
Episode_Reward/worst_ee_z_normalized_squared: -0.0228
Episode_Reward/right_wrist_prethreshold_barrier: -0.0002
        Metrics/motion/error_anchor_pos: 0.0613
        Metrics/motion/error_anchor_rot: 0.1543
    Metrics/motion/error_anchor_lin_vel: 0.4858
    Metrics/motion/error_anchor_ang_vel: 0.9504
          Metrics/motion/error_body_pos: 0.3839
          Metrics/motion/error_body_rot: 0.4364
         Metrics/motion/error_joint_pos: 0.5065
         Metrics/motion/error_joint_vel: 6.1843
        Metrics/motion/sampling_entropy: 0.9313
      Metrics/motion/sampling_top1_prob: 0.0421
       Metrics/motion/sampling_top1_bin: 0.0924
      Metrics/motion/error_body_lin_vel: 0.5490
      Metrics/motion/error_body_ang_vel: 1.7504
           Episode_Termination/time_out: 0.0000
         Episode_Termination/anchor_pos: 0.0000
         Episode_Termination/anchor_ori: 0.0000
        Episode_Termination/ee_body_pos: 0.0000
Episode_Termination/corpus_clip_time_out: 0.0000
Episode_Termination/stage_one_actuation_guard: 5.3750
--------------------------------------------------------------------------------
                         Iteration time: 3.27s
                           Time elapsed: 00:03:00
                                    ETA: 00:02:47

################################################################################
[1m                           Learning iteration 52/100                            [0m 

                               Run name: breadth
                            Total steps: 27136 
                       Steps per second: 161 
                        Collection time: 1.683s 
                          Learning time: 1.496s 
                        Mean value loss: 3816.7300
                    Mean surrogate loss: -0.0268
                      Mean entropy loss: 10.5205
           Mean standing_retention loss: 0.0004
                            Mean reward: -99.72
                    Mean episode length: 7.00
                        Mean action std: 0.38
  Episode_Reward/motion_global_root_pos: 0.0061
  Episode_Reward/motion_global_root_ori: 0.0054
         Episode_Reward/motion_body_pos: 0.0126
         Episode_Reward/motion_body_ori: 0.0094
     Episode_Reward/motion_body_lin_vel: 0.0096
     Episode_Reward/motion_body_ang_vel: 0.0082
          Episode_Reward/action_rate_l2: -0.0323
             Episode_Reward/joint_limit: -0.0001
         Episode_Reward/self_collisions: -0.0178
Episode_Reward/action_target_reference_l2: -0.0064
Episode_Reward/action_target_soft_limit_barrier: -0.0002
                   Episode_Reward/alive: 0.0554
 Episode_Reward/non_timeout_termination: -10.0000
Episode_Reward/worst_ee_z_normalized_squared: -0.0187
Episode_Reward/right_wrist_prethreshold_barrier: -0.0039
        Metrics/motion/error_anchor_pos: 0.0663
        Metrics/motion/error_anchor_rot: 0.1637
    Metrics/motion/error_anchor_lin_vel: 0.4818
    Metrics/motion/error_anchor_ang_vel: 1.0926
          Metrics/motion/error_body_pos: 0.2936
          Metrics/motion/error_body_rot: 0.3976
         Metrics/motion/error_joint_pos: 0.5556
         Metrics/motion/error_joint_vel: 5.9332
        Metrics/motion/sampling_entropy: 0.9311
      Metrics/motion/sampling_top1_prob: 0.0426
       Metrics/motion/sampling_top1_bin: 0.0924
      Metrics/motion/error_body_lin_vel: 0.5247
      Metrics/motion/error_body_ang_vel: 1.7190
           Episode_Termination/time_out: 0.0000
         Episode_Termination/anchor_pos: 0.0000
         Episode_Termination/anchor_ori: 0.0000
        Episode_Termination/ee_body_pos: 0.0000
Episode_Termination/corpus_clip_time_out: 0.0000
Episode_Termination/stage_one_actuation_guard: 4.6875
--------------------------------------------------------------------------------
                         Iteration time: 3.18s
                           Time elapsed: 00:03:04
                                    ETA: 00:02:43

################################################################################
[1m                           Learning iteration 53/100                            [0m 

                               Run name: breadth
                            Total steps: 27648 
                       Steps per second: 154 
                        Collection time: 1.915s 
                          Learning time: 1.398s 
                        Mean value loss: 3945.0297
                    Mean surrogate loss: -0.0188
                      Mean entropy loss: 10.5205
           Mean standing_retention loss: 0.0004
                            Mean reward: -99.80
                    Mean episode length: 6.61
                        Mean action std: 0.38
  Episode_Reward/motion_global_root_pos: 0.0061
  Episode_Reward/motion_global_root_ori: 0.0053
         Episode_Reward/motion_body_pos: 0.0126
         Episode_Reward/motion_body_ori: 0.0089
     Episode_Reward/motion_body_lin_vel: 0.0099
     Episode_Reward/motion_body_ang_vel: 0.0086
          Episode_Reward/action_rate_l2: -0.0339
             Episode_Reward/joint_limit: -0.0000
         Episode_Reward/self_collisions: -0.0272
Episode_Reward/action_target_reference_l2: -0.0065
Episode_Reward/action_target_soft_limit_barrier: -0.0002
                   Episode_Reward/alive: 0.0556
 Episode_Reward/non_timeout_termination: -10.0000
Episode_Reward/worst_ee_z_normalized_squared: -0.0230
Episode_Reward/right_wrist_prethreshold_barrier: -0.0002
        Metrics/motion/error_anchor_pos: 0.0637
        Metrics/motion/error_anchor_rot: 0.1552
    Metrics/motion/error_anchor_lin_vel: 0.4643
    Metrics/motion/error_anchor_ang_vel: 0.9856
          Metrics/motion/error_body_pos: 0.4213
          Metrics/motion/error_body_rot: 0.3745
         Metrics/motion/error_joint_pos: 0.5380
         Metrics/motion/error_joint_vel: 5.5674
        Metrics/motion/sampling_entropy: 0.9312
      Metrics/motion/sampling_top1_prob: 0.0431
       Metrics/motion/sampling_top1_bin: 0.0924
      Metrics/motion/error_body_lin_vel: 0.5198
      Metrics/motion/error_body_ang_vel: 1.6481
           Episode_Termination/time_out: 0.0000
         Episode_Termination/anchor_pos: 0.0000
         Episode_Termination/anchor_ori: 0.0000
        Episode_Termination/ee_body_pos: 0.1250
Episode_Termination/corpus_clip_time_out: 0.0000
Episode_Termination/stage_one_actuation_guard: 5.0000
--------------------------------------------------------------------------------
                         Iteration time: 3.31s
                           Time elapsed: 00:03:07
                                    ETA: 00:02:39

################################################################################
[1m                           Learning iteration 54/100                            [0m 

                               Run name: breadth
                            Total steps: 28160 
                       Steps per second: 54 
                        Collection time: 7.816s 
                          Learning time: 1.573s 
                        Mean value loss: 3148.2888
                    Mean surrogate loss: -0.0245
                      Mean entropy loss: 10.5205
           Mean standing_retention loss: 0.0004
                            Mean reward: -99.89
                    Mean episode length: 5.96
                        Mean action std: 0.38
  Episode_Reward/motion_global_root_pos: 0.0055
  Episode_Reward/motion_global_root_ori: 0.0049
         Episode_Reward/motion_body_pos: 0.0115
         Episode_Reward/motion_body_ori: 0.0087
     Episode_Reward/motion_body_lin_vel: 0.0089
     Episode_Reward/motion_body_ang_vel: 0.0077
          Episode_Reward/action_rate_l2: -0.0331
             Episode_Reward/joint_limit: -0.0001
         Episode_Reward/self_collisions: -0.0417
Episode_Reward/action_target_reference_l2: -0.0056
Episode_Reward/action_target_soft_limit_barrier: -0.0003
                   Episode_Reward/alive: 0.0492
 Episode_Reward/non_timeout_termination: -10.0000
Episode_Reward/worst_ee_z_normalized_squared: -0.0145
Episode_Reward/right_wrist_prethreshold_barrier: 0.0000
        Metrics/motion/error_anchor_pos: 0.0636
        Metrics/motion/error_anchor_rot: 0.1446
    Metrics/motion/error_anchor_lin_vel: 0.4632
    Metrics/motion/error_anchor_ang_vel: 1.0756
          Metrics/motion/error_body_pos: 0.3789
          Metrics/motion/error_body_rot: 0.4263
         Metrics/motion/error_joint_pos: 0.5459
         Metrics/motion/error_joint_vel: 6.2494
        Metrics/motion/sampling_entropy: 0.9313
      Metrics/motion/sampling_top1_prob: 0.0425
       Metrics/motion/sampling_top1_bin: 0.0924
      Metrics/motion/error_body_lin_vel: 0.5289
      Metrics/motion/error_body_ang_vel: 1.8119
           Episode_Termination/time_out: 0.0000
         Episode_Termination/anchor_pos: 0.0000
         Episode_Termination/anchor_ori: 0.0000
        Episode_Termination/ee_body_pos: 0.0000
Episode_Termination/corpus_clip_time_out: 0.0000
Episode_Termination/stage_one_actuation_guard: 4.0625
--------------------------------------------------------------------------------
                         Iteration time: 9.39s
                           Time elapsed: 00:03:16
                                    ETA: 00:02:41

################################################################################
[1m                           Learning iteration 55/100                            [0m 

                               Run name: breadth
                            Total steps: 28672 
                       Steps per second: 159 
                        Collection time: 1.856s 
                          Learning time: 1.351s 
                        Mean value loss: 3629.7462
                    Mean surrogate loss: -0.0231
                      Mean entropy loss: 10.5205
           Mean standing_retention loss: 0.0004
                            Mean reward: -99.74
                    Mean episode length: 8.35
                        Mean action std: 0.38
  Episode_Reward/motion_global_root_pos: 0.0087
  Episode_Reward/motion_global_root_ori: 0.0073
         Episode_Reward/motion_body_pos: 0.0183
         Episode_Reward/motion_body_ori: 0.0122
     Episode_Reward/motion_body_lin_vel: 0.0149
     Episode_Reward/motion_body_ang_vel: 0.0129
          Episode_Reward/action_rate_l2: -0.0401
             Episode_Reward/joint_limit: -0.0003
         Episode_Reward/self_collisions: -0.0345
Episode_Reward/action_target_reference_l2: -0.0111
Episode_Reward/action_target_soft_limit_barrier: -0.0004
                   Episode_Reward/alive: 0.0853
 Episode_Reward/non_timeout_termination: -10.0000
Episode_Reward/worst_ee_z_normalized_squared: -0.0360
Episode_Reward/right_wrist_prethreshold_barrier: -0.0001
        Metrics/motion/error_anchor_pos: 0.0818
        Metrics/motion/error_anchor_rot: 0.1950
    Metrics/motion/error_anchor_lin_vel: 0.4980
    Metrics/motion/error_anchor_ang_vel: 1.0736
          Metrics/motion/error_body_pos: 0.1308
          Metrics/motion/error_body_rot: 0.2932
         Metrics/motion/error_joint_pos: 0.6881
         Metrics/motion/error_joint_vel: 6.1463
        Metrics/motion/sampling_entropy: 0.9316
      Metrics/motion/sampling_top1_prob: 0.0421
       Metrics/motion/sampling_top1_bin: 0.0924
      Metrics/motion/error_body_lin_vel: 0.5273
      Metrics/motion/error_body_ang_vel: 1.7898
           Episode_Termination/time_out: 0.0000
         Episode_Termination/anchor_pos: 0.0000
         Episode_Termination/anchor_ori: 0.0000
        Episode_Termination/ee_body_pos: 0.0000
Episode_Termination/corpus_clip_time_out: 0.0000
Episode_Termination/stage_one_actuation_guard: 3.9375
--------------------------------------------------------------------------------
                         Iteration time: 3.21s
                           Time elapsed: 00:03:20
                                    ETA: 00:02:37

################################################################################
[1m                           Learning iteration 56/100                            [0m 

                               Run name: breadth
                            Total steps: 29184 
                       Steps per second: 155 
                        Collection time: 1.933s 
                          Learning time: 1.366s 
                        Mean value loss: 2973.0895
                    Mean surrogate loss: -0.0197
                      Mean entropy loss: 10.5205
           Mean standing_retention loss: 0.0003
                            Mean reward: -98.66
                    Mean episode length: 7.17
                        Mean action std: 0.38
  Episode_Reward/motion_global_root_pos: 0.0049
  Episode_Reward/motion_global_root_ori: 0.0043
         Episode_Reward/motion_body_pos: 0.0102
         Episode_Reward/motion_body_ori: 0.0079
     Episode_Reward/motion_body_lin_vel: 0.0077
     Episode_Reward/motion_body_ang_vel: 0.0067
          Episode_Reward/action_rate_l2: -0.0288
             Episode_Reward/joint_limit: -0.0004
         Episode_Reward/self_collisions: -0.0069
Episode_Reward/action_target_reference_l2: -0.0045
Episode_Reward/action_target_soft_limit_barrier: -0.0001
                   Episode_Reward/alive: 0.0433
 Episode_Reward/non_timeout_termination: -9.9107
Episode_Reward/worst_ee_z_normalized_squared: -0.0155
Episode_Reward/right_wrist_prethreshold_barrier: 0.0000
        Metrics/motion/error_anchor_pos: 0.0651
        Metrics/motion/error_anchor_rot: 0.1528
    Metrics/motion/error_anchor_lin_vel: 0.5192
    Metrics/motion/error_anchor_ang_vel: 0.9531
          Metrics/motion/error_body_pos: 0.5000
          Metrics/motion/error_body_rot: 0.4787
         Metrics/motion/error_joint_pos: 0.4621
         Metrics/motion/error_joint_vel: 5.8434
        Metrics/motion/sampling_entropy: 0.9324
      Metrics/motion/sampling_top1_prob: 0.0415
       Metrics/motion/sampling_top1_bin: 0.0924
      Metrics/motion/error_body_lin_vel: 0.5510
      Metrics/motion/error_body_ang_vel: 1.6749
           Episode_Termination/time_out: 0.0000
         Episode_Termination/anchor_pos: 0.0000
         Episode_Termination/anchor_ori: 0.0000
        Episode_Termination/ee_body_pos: 0.1250
Episode_Termination/corpus_clip_time_out: 0.0625
Episode_Termination/stage_one_actuation_guard: 4.1250
--------------------------------------------------------------------------------
                         Iteration time: 3.30s
                           Time elapsed: 00:03:23
                                    ETA: 00:02:33

################################################################################
[1m                           Learning iteration 57/100                            [0m 

                               Run name: breadth
                            Total steps: 29696 
                       Steps per second: 134 
                        Collection time: 2.297s 
                          Learning time: 1.517s 
                        Mean value loss: 3736.1542
                    Mean surrogate loss: -0.0166
                      Mean entropy loss: 10.5205
           Mean standing_retention loss: 0.0003
                            Mean reward: -99.59
                    Mean episode length: 8.05
                        Mean action std: 0.38
  Episode_Reward/motion_global_root_pos: 0.0076
  Episode_Reward/motion_global_root_ori: 0.0066
         Episode_Reward/motion_body_pos: 0.0158
         Episode_Reward/motion_body_ori: 0.0107
     Episode_Reward/motion_body_lin_vel: 0.0131
     Episode_Reward/motion_body_ang_vel: 0.0111
          Episode_Reward/action_rate_l2: -0.0387
             Episode_Reward/joint_limit: -0.0005
         Episode_Reward/self_collisions: -0.0212
Episode_Reward/action_target_reference_l2: -0.0094
Episode_Reward/action_target_soft_limit_barrier: -0.0004
                   Episode_Reward/alive: 0.0725
 Episode_Reward/non_timeout_termination: -10.0000
Episode_Reward/worst_ee_z_normalized_squared: -0.0290
Episode_Reward/right_wrist_prethreshold_barrier: -0.0002
        Metrics/motion/error_anchor_pos: 0.0675
        Metrics/motion/error_anchor_rot: 0.1550
    Metrics/motion/error_anchor_lin_vel: 0.4654
    Metrics/motion/error_anchor_ang_vel: 0.9444
          Metrics/motion/error_body_pos: 0.7618
          Metrics/motion/error_body_rot: 0.4846
         Metrics/motion/error_joint_pos: 0.6051
         Metrics/motion/error_joint_vel: 5.1928
        Metrics/motion/sampling_entropy: 0.9323
      Metrics/motion/sampling_top1_prob: 0.0421
       Metrics/motion/sampling_top1_bin: 0.0924
      Metrics/motion/error_body_lin_vel: 0.5014
      Metrics/motion/error_body_ang_vel: 1.5821
           Episode_Termination/time_out: 0.0000
         Episode_Termination/anchor_pos: 0.0625
         Episode_Termination/anchor_ori: 0.0000
        Episode_Termination/ee_body_pos: 0.0000
Episode_Termination/corpus_clip_time_out: 0.0000
Episode_Termination/stage_one_actuation_guard: 4.3125
--------------------------------------------------------------------------------
                         Iteration time: 3.81s
                           Time elapsed: 00:03:27
                                    ETA: 00:02:30

################################################################################
[1m                           Learning iteration 58/100                            [0m 

                               Run name: breadth
                            Total steps: 30208 
                       Steps per second: 162 
                        Collection time: 1.729s 
                          Learning time: 1.430s 
                        Mean value loss: 4583.9341
                    Mean surrogate loss: -0.0213
                      Mean entropy loss: 10.5205
           Mean standing_retention loss: 0.0003
                            Mean reward: -99.77
                    Mean episode length: 5.43
                        Mean action std: 0.38
  Episode_Reward/motion_global_root_pos: 0.0048
  Episode_Reward/motion_global_root_ori: 0.0042
         Episode_Reward/motion_body_pos: 0.0100
         Episode_Reward/motion_body_ori: 0.0075
     Episode_Reward/motion_body_lin_vel: 0.0077
     Episode_Reward/motion_body_ang_vel: 0.0066
          Episode_Reward/action_rate_l2: -0.0300
             Episode_Reward/joint_limit: -0.0003
         Episode_Reward/self_collisions: -0.0108
Episode_Reward/action_target_reference_l2: -0.0049
Episode_Reward/action_target_soft_limit_barrier: -0.0001
                   Episode_Reward/alive: 0.0421
 Episode_Reward/non_timeout_termination: -10.0000
Episode_Reward/worst_ee_z_normalized_squared: -0.0155
Episode_Reward/right_wrist_prethreshold_barrier: -0.0002
        Metrics/motion/error_anchor_pos: 0.0591
        Metrics/motion/error_anchor_rot: 0.1544
    Metrics/motion/error_anchor_lin_vel: 0.4715
    Metrics/motion/error_anchor_ang_vel: 1.1105
          Metrics/motion/error_body_pos: 0.5753
          Metrics/motion/error_body_rot: 0.4463
         Metrics/motion/error_joint_pos: 0.4919
         Metrics/motion/error_joint_vel: 5.7670
        Metrics/motion/sampling_entropy: 0.9319
      Metrics/motion/sampling_top1_prob: 0.0424
       Metrics/motion/sampling_top1_bin: 0.0924
      Metrics/motion/error_body_lin_vel: 0.5359
      Metrics/motion/error_body_ang_vel: 1.6727
           Episode_Termination/time_out: 0.0000
         Episode_Termination/anchor_pos: 0.0000
         Episode_Termination/anchor_ori: 0.0000
        Episode_Termination/ee_body_pos: 0.0625
Episode_Termination/corpus_clip_time_out: 0.0000
Episode_Termination/stage_one_actuation_guard: 6.6250
--------------------------------------------------------------------------------
                         Iteration time: 3.16s
                           Time elapsed: 00:03:30
                                    ETA: 00:02:26

################################################################################
[1m                           Learning iteration 59/100                            [0m 

                               Run name: breadth
                            Total steps: 30720 
                       Steps per second: 147 
                        Collection time: 2.188s 
                          Learning time: 1.281s 
                        Mean value loss: 3486.4950
                    Mean surrogate loss: -0.0236
                      Mean entropy loss: 10.5205
           Mean standing_retention loss: 0.0003
                            Mean reward: -98.74
                    Mean episode length: 5.84
                        Mean action std: 0.38
  Episode_Reward/motion_global_root_pos: 0.0061
  Episode_Reward/motion_global_root_ori: 0.0055
         Episode_Reward/motion_body_pos: 0.0128
         Episode_Reward/motion_body_ori: 0.0096
     Episode_Reward/motion_body_lin_vel: 0.0100
     Episode_Reward/motion_body_ang_vel: 0.0086
          Episode_Reward/action_rate_l2: -0.0332
             Episode_Reward/joint_limit: -0.0003
         Episode_Reward/self_collisions: -0.0127
Episode_Reward/action_target_reference_l2: -0.0065
Episode_Reward/action_target_soft_limit_barrier: -0.0002
                   Episode_Reward/alive: 0.0566
 Episode_Reward/non_timeout_termination: -9.8750
Episode_Reward/worst_ee_z_normalized_squared: -0.0182
Episode_Reward/right_wrist_prethreshold_barrier: 0.0000
        Metrics/motion/error_anchor_pos: 0.0693
        Metrics/motion/error_anchor_rot: 0.1585
    Metrics/motion/error_anchor_lin_vel: 0.5037
    Metrics/motion/error_anchor_ang_vel: 1.1187
          Metrics/motion/error_body_pos: 0.2383
          Metrics/motion/error_body_rot: 0.3560
         Metrics/motion/error_joint_pos: 0.5550
         Metrics/motion/error_joint_vel: 6.1753
        Metrics/motion/sampling_entropy: 0.9321
      Metrics/motion/sampling_top1_prob: 0.0426
       Metrics/motion/sampling_top1_bin: 0.0924
      Metrics/motion/error_body_lin_vel: 0.5462
      Metrics/motion/error_body_ang_vel: 1.8206
           Episode_Termination/time_out: 0.0000
         Episode_Termination/anchor_pos: 0.0000
         Episode_Termination/anchor_ori: 0.0000
        Episode_Termination/ee_body_pos: 0.0000
Episode_Termination/corpus_clip_time_out: 0.0625
Episode_Termination/stage_one_actuation_guard: 4.2500
--------------------------------------------------------------------------------
                         Iteration time: 3.47s
                           Time elapsed: 00:03:33
                                    ETA: 00:02:22

################################################################################
[1m                           Learning iteration 60/100                            [0m 

                               Run name: breadth
                            Total steps: 31232 
                       Steps per second: 151 
                        Collection time: 1.978s 
                          Learning time: 1.410s 
                        Mean value loss: 4297.7557
                    Mean surrogate loss: -0.0224
                      Mean entropy loss: 10.5205
           Mean standing_retention loss: 0.0003
                            Mean reward: -99.68
                    Mean episode length: 6.86
                        Mean action std: 0.38
  Episode_Reward/motion_global_root_pos: 0.0062
  Episode_Reward/motion_global_root_ori: 0.0056
         Episode_Reward/motion_body_pos: 0.0130
         Episode_Reward/motion_body_ori: 0.0093
     Episode_Reward/motion_body_lin_vel: 0.0104
     Episode_Reward/motion_body_ang_vel: 0.0087
          Episode_Reward/action_rate_l2: -0.0332
             Episode_Reward/joint_limit: -0.0001
         Episode_Reward/self_collisions: -0.0201
Episode_Reward/action_target_reference_l2: -0.0073
Episode_Reward/action_target_soft_limit_barrier: -0.0002
                   Episode_Reward/alive: 0.0576
 Episode_Reward/non_timeout_termination: -10.0000
Episode_Reward/worst_ee_z_normalized_squared: -0.0234
Episode_Reward/right_wrist_prethreshold_barrier: 0.0000
        Metrics/motion/error_anchor_pos: 0.0685
        Metrics/motion/error_anchor_rot: 0.1526
    Metrics/motion/error_anchor_lin_vel: 0.5023
    Metrics/motion/error_anchor_ang_vel: 1.0652
          Metrics/motion/error_body_pos: 0.4121
          Metrics/motion/error_body_rot: 0.3908
         Metrics/motion/error_joint_pos: 0.5884
         Metrics/motion/error_joint_vel: 5.8221
        Metrics/motion/sampling_entropy: 0.9323
      Metrics/motion/sampling_top1_prob: 0.0425
       Metrics/motion/sampling_top1_bin: 0.0924
      Metrics/motion/error_body_lin_vel: 0.5354
      Metrics/motion/error_body_ang_vel: 1.7248
           Episode_Termination/time_out: 0.0000
         Episode_Termination/anchor_pos: 0.0000
         Episode_Termination/anchor_ori: 0.0000
        Episode_Termination/ee_body_pos: 0.0625
Episode_Termination/corpus_clip_time_out: 0.0000
Episode_Termination/stage_one_actuation_guard: 5.4375
--------------------------------------------------------------------------------
                         Iteration time: 3.39s
                           Time elapsed: 00:03:37
                                    ETA: 00:02:18

################################################################################
[1m                           Learning iteration 61/100                            [0m 

                               Run name: breadth
                            Total steps: 31744 
                       Steps per second: 157 
                        Collection time: 1.931s 
                          Learning time: 1.315s 
                        Mean value loss: 3108.6314
                    Mean surrogate loss: -0.0253
                      Mean entropy loss: 10.5205
           Mean standing_retention loss: 0.0002
                            Mean reward: -99.76
                    Mean episode length: 5.17
                        Mean action std: 0.38
  Episode_Reward/motion_global_root_pos: 0.0048
  Episode_Reward/motion_global_root_ori: 0.0043
         Episode_Reward/motion_body_pos: 0.0101
         Episode_Reward/motion_body_ori: 0.0080
     Episode_Reward/motion_body_lin_vel: 0.0078
     Episode_Reward/motion_body_ang_vel: 0.0068
          Episode_Reward/action_rate_l2: -0.0288
             Episode_Reward/joint_limit: -0.0002
         Episode_Reward/self_collisions: -0.0226
Episode_Reward/action_target_reference_l2: -0.0046
Episode_Reward/action_target_soft_limit_barrier: -0.0003
                   Episode_Reward/alive: 0.0421
 Episode_Reward/non_timeout_termination: -10.0000
Episode_Reward/worst_ee_z_normalized_squared: -0.0114
Episode_Reward/right_wrist_prethreshold_barrier: 0.0000
        Metrics/motion/error_anchor_pos: 0.0617
        Metrics/motion/error_anchor_rot: 0.1551
    Metrics/motion/error_anchor_lin_vel: 0.4359
    Metrics/motion/error_anchor_ang_vel: 1.0376
          Metrics/motion/error_body_pos: 0.3169
          Metrics/motion/error_body_rot: 0.3662
         Metrics/motion/error_joint_pos: 0.4867
         Metrics/motion/error_joint_vel: 5.8466
        Metrics/motion/sampling_entropy: 0.9320
      Metrics/motion/sampling_top1_prob: 0.0436
       Metrics/motion/sampling_top1_bin: 0.0924
      Metrics/motion/error_body_lin_vel: 0.4855
      Metrics/motion/error_body_ang_vel: 1.6330
           Episode_Termination/time_out: 0.0000
         Episode_Termination/anchor_pos: 0.0000
         Episode_Termination/anchor_ori: 0.0000
        Episode_Termination/ee_body_pos: 0.0000
Episode_Termination/corpus_clip_time_out: 0.0000
Episode_Termination/stage_one_actuation_guard: 4.6250
--------------------------------------------------------------------------------
                         Iteration time: 3.25s
                           Time elapsed: 00:03:40
                                    ETA: 00:02:15

################################################################################
[1m                           Learning iteration 62/100                            [0m 

                               Run name: breadth
                            Total steps: 32256 
                       Steps per second: 157 
                        Collection time: 1.738s 
                          Learning time: 1.505s 
                        Mean value loss: 3270.5429
                    Mean surrogate loss: -0.0226
                      Mean entropy loss: 10.5205
           Mean standing_retention loss: 0.0002
                            Mean reward: -97.79
                    Mean episode length: 6.32
                        Mean action std: 0.38
  Episode_Reward/motion_global_root_pos: 0.0067
  Episode_Reward/motion_global_root_ori: 0.0061
         Episode_Reward/motion_body_pos: 0.0139
         Episode_Reward/motion_body_ori: 0.0096
     Episode_Reward/motion_body_lin_vel: 0.0114
     Episode_Reward/motion_body_ang_vel: 0.0098
          Episode_Reward/action_rate_l2: -0.0318
             Episode_Reward/joint_limit: -0.0008
         Episode_Reward/self_collisions: -0.0215
Episode_Reward/action_target_reference_l2: -0.0079
Episode_Reward/action_target_soft_limit_barrier: -0.0001
                   Episode_Reward/alive: 0.0625
 Episode_Reward/non_timeout_termination: -9.7396
Episode_Reward/worst_ee_z_normalized_squared: -0.0249
Episode_Reward/right_wrist_prethreshold_barrier: -0.0009
        Metrics/motion/error_anchor_pos: 0.0665
        Metrics/motion/error_anchor_rot: 0.1516
    Metrics/motion/error_anchor_lin_vel: 0.4840
    Metrics/motion/error_anchor_ang_vel: 0.9786
          Metrics/motion/error_body_pos: 0.3125
          Metrics/motion/error_body_rot: 0.3361
         Metrics/motion/error_joint_pos: 0.5596
         Metrics/motion/error_joint_vel: 5.6242
        Metrics/motion/sampling_entropy: 0.9315
      Metrics/motion/sampling_top1_prob: 0.0441
       Metrics/motion/sampling_top1_bin: 0.0924
      Metrics/motion/error_body_lin_vel: 0.5227
      Metrics/motion/error_body_ang_vel: 1.6280
           Episode_Termination/time_out: 0.0000
         Episode_Termination/anchor_pos: 0.0625
         Episode_Termination/anchor_ori: 0.0000
        Episode_Termination/ee_body_pos: 0.0000
Episode_Termination/corpus_clip_time_out: 0.1250
Episode_Termination/stage_one_actuation_guard: 4.3125
--------------------------------------------------------------------------------
                         Iteration time: 3.24s
                           Time elapsed: 00:03:43
                                    ETA: 00:02:11

################################################################################
[1m                           Learning iteration 63/100                            [0m 

                               Run name: breadth
                            Total steps: 32768 
                       Steps per second: 76 
                        Collection time: 5.326s 
                          Learning time: 1.373s 
                        Mean value loss: 3302.9481
                    Mean surrogate loss: -0.0190
                      Mean entropy loss: 10.5205
           Mean standing_retention loss: 0.0002
                            Mean reward: -98.64
                    Mean episode length: 7.74
                        Mean action std: 0.38
  Episode_Reward/motion_global_root_pos: 0.0071
  Episode_Reward/motion_global_root_ori: 0.0061
         Episode_Reward/motion_body_pos: 0.0146
         Episode_Reward/motion_body_ori: 0.0099
     Episode_Reward/motion_body_lin_vel: 0.0118
     Episode_Reward/motion_body_ang_vel: 0.0100
          Episode_Reward/action_rate_l2: -0.0360
             Episode_Reward/joint_limit: -0.0005
         Episode_Reward/self_collisions: -0.0083
Episode_Reward/action_target_reference_l2: -0.0086
Episode_Reward/action_target_soft_limit_barrier: -0.0002
                   Episode_Reward/alive: 0.0664
 Episode_Reward/non_timeout_termination: -10.0000
Episode_Reward/worst_ee_z_normalized_squared: -0.0290
Episode_Reward/right_wrist_prethreshold_barrier: 0.0000
        Metrics/motion/error_anchor_pos: 0.0654
        Metrics/motion/error_anchor_rot: 0.1611
    Metrics/motion/error_anchor_lin_vel: 0.5280
    Metrics/motion/error_anchor_ang_vel: 1.1365
          Metrics/motion/error_body_pos: 0.2442
          Metrics/motion/error_body_rot: 0.3205
         Metrics/motion/error_joint_pos: 0.5847
         Metrics/motion/error_joint_vel: 6.4878
        Metrics/motion/sampling_entropy: 0.9316
      Metrics/motion/sampling_top1_prob: 0.0439
       Metrics/motion/sampling_top1_bin: 0.0924
      Metrics/motion/error_body_lin_vel: 0.5532
      Metrics/motion/error_body_ang_vel: 1.9422
           Episode_Termination/time_out: 0.0000
         Episode_Termination/anchor_pos: 0.0000
         Episode_Termination/anchor_ori: 0.0000
        Episode_Termination/ee_body_pos: 0.0625
Episode_Termination/corpus_clip_time_out: 0.0000
Episode_Termination/stage_one_actuation_guard: 3.8750
--------------------------------------------------------------------------------
                         Iteration time: 6.70s
                           Time elapsed: 00:03:50
                                    ETA: 00:02:09

################################################################################
[1m                           Learning iteration 64/100                            [0m 

                               Run name: breadth
                            Total steps: 33280 
                       Steps per second: 136 
                        Collection time: 2.289s 
                          Learning time: 1.468s 
                        Mean value loss: 4043.0843
                    Mean surrogate loss: -0.0233
                      Mean entropy loss: 10.5205
           Mean standing_retention loss: 0.0002
                            Mean reward: -99.89
                    Mean episode length: 6.41
                        Mean action std: 0.38
  Episode_Reward/motion_global_root_pos: 0.0055
  Episode_Reward/motion_global_root_ori: 0.0045
         Episode_Reward/motion_body_pos: 0.0113
         Episode_Reward/motion_body_ori: 0.0077
     Episode_Reward/motion_body_lin_vel: 0.0090
     Episode_Reward/motion_body_ang_vel: 0.0077
          Episode_Reward/action_rate_l2: -0.0345
             Episode_Reward/joint_limit: -0.0003
         Episode_Reward/self_collisions: -0.0200
Episode_Reward/action_target_reference_l2: -0.0066
Episode_Reward/action_target_soft_limit_barrier: -0.0002
                   Episode_Reward/alive: 0.0495
 Episode_Reward/non_timeout_termination: -10.0000
Episode_Reward/worst_ee_z_normalized_squared: -0.0287
Episode_Reward/right_wrist_prethreshold_barrier: 0.0000
        Metrics/motion/error_anchor_pos: 0.0579
        Metrics/motion/error_anchor_rot: 0.1595
    Metrics/motion/error_anchor_lin_vel: 0.4683
    Metrics/motion/error_anchor_ang_vel: 0.9961
          Metrics/motion/error_body_pos: 0.5264
          Metrics/motion/error_body_rot: 0.4356
         Metrics/motion/error_joint_pos: 0.5069
         Metrics/motion/error_joint_vel: 5.2354
        Metrics/motion/sampling_entropy: 0.9310
      Metrics/motion/sampling_top1_prob: 0.0443
       Metrics/motion/sampling_top1_bin: 0.0924
      Metrics/motion/error_body_lin_vel: 0.5202
      Metrics/motion/error_body_ang_vel: 1.5646
           Episode_Termination/time_out: 0.0000
         Episode_Termination/anchor_pos: 0.0000
         Episode_Termination/anchor_ori: 0.0000
        Episode_Termination/ee_body_pos: 0.1875
Episode_Termination/corpus_clip_time_out: 0.0000
Episode_Termination/stage_one_actuation_guard: 5.9375
--------------------------------------------------------------------------------
                         Iteration time: 3.76s
                           Time elapsed: 00:03:54
                                    ETA: 00:02:06

################################################################################
[1m                           Learning iteration 65/100                            [0m 

                               Run name: breadth
                            Total steps: 33792 
                       Steps per second: 139 
                        Collection time: 2.044s 
                          Learning time: 1.616s 
                        Mean value loss: 3411.8272
                    Mean surrogate loss: -0.0205
                      Mean entropy loss: 10.5205
           Mean standing_retention loss: 0.0003
                            Mean reward: -99.84
                    Mean episode length: 6.79
                        Mean action std: 0.38
  Episode_Reward/motion_global_root_pos: 0.0060
  Episode_Reward/motion_global_root_ori: 0.0054
         Episode_Reward/motion_body_pos: 0.0126
         Episode_Reward/motion_body_ori: 0.0090
     Episode_Reward/motion_body_lin_vel: 0.0100
     Episode_Reward/motion_body_ang_vel: 0.0087
          Episode_Reward/action_rate_l2: -0.0323
             Episode_Reward/joint_limit: -0.0001
         Episode_Reward/self_collisions: -0.0255
Episode_Reward/action_target_reference_l2: -0.0066
Episode_Reward/action_target_soft_limit_barrier: -0.0003
                   Episode_Reward/alive: 0.0556
 Episode_Reward/non_timeout_termination: -10.0000
Episode_Reward/worst_ee_z_normalized_squared: -0.0225
Episode_Reward/right_wrist_prethreshold_barrier: 0.0000
        Metrics/motion/error_anchor_pos: 0.0661
        Metrics/motion/error_anchor_rot: 0.1620
    Metrics/motion/error_anchor_lin_vel: 0.4792
    Metrics/motion/error_anchor_ang_vel: 1.0037
          Metrics/motion/error_body_pos: 0.2920
          Metrics/motion/error_body_rot: 0.3982
         Metrics/motion/error_joint_pos: 0.5552
         Metrics/motion/error_joint_vel: 5.1433
        Metrics/motion/sampling_entropy: 0.9306
      Metrics/motion/sampling_top1_prob: 0.0457
       Metrics/motion/sampling_top1_bin: 0.0924
      Metrics/motion/error_body_lin_vel: 0.5276
      Metrics/motion/error_body_ang_vel: 1.5615
           Episode_Termination/time_out: 0.0000
         Episode_Termination/anchor_pos: 0.0000
         Episode_Termination/anchor_ori: 0.0000
        Episode_Termination/ee_body_pos: 0.0000
Episode_Termination/corpus_clip_time_out: 0.0000
Episode_Termination/stage_one_actuation_guard: 4.4375
--------------------------------------------------------------------------------
                         Iteration time: 3.66s
                           Time elapsed: 00:03:57
                                    ETA: 00:02:02

################################################################################
[1m                           Learning iteration 66/100                            [0m 

                               Run name: breadth
                            Total steps: 34304 
                       Steps per second: 143 
                        Collection time: 2.108s 
                          Learning time: 1.456s 
                        Mean value loss: 2922.2838
                    Mean surrogate loss: -0.0198
                      Mean entropy loss: 10.5205
           Mean standing_retention loss: 0.0003
                            Mean reward: -99.72
                    Mean episode length: 6.88
                        Mean action std: 0.38
  Episode_Reward/motion_global_root_pos: 0.0059
  Episode_Reward/motion_global_root_ori: 0.0053
         Episode_Reward/motion_body_pos: 0.0122
         Episode_Reward/motion_body_ori: 0.0091
     Episode_Reward/motion_body_lin_vel: 0.0095
     Episode_Reward/motion_body_ang_vel: 0.0083
          Episode_Reward/action_rate_l2: -0.0332
             Episode_Reward/joint_limit: -0.0001
         Episode_Reward/self_collisions: -0.0312
Episode_Reward/action_target_reference_l2: -0.0062
Episode_Reward/action_target_soft_limit_barrier: -0.0001
                   Episode_Reward/alive: 0.0530
 Episode_Reward/non_timeout_termination: -10.0000
Episode_Reward/worst_ee_z_normalized_squared: -0.0176
Episode_Reward/right_wrist_prethreshold_barrier: -0.0000
        Metrics/motion/error_anchor_pos: 0.0641
        Metrics/motion/error_anchor_rot: 0.1539
    Metrics/motion/error_anchor_lin_vel: 0.4809
    Metrics/motion/error_anchor_ang_vel: 1.0197
          Metrics/motion/error_body_pos: 0.2920
          Metrics/motion/error_body_rot: 0.3923
         Metrics/motion/error_joint_pos: 0.5719
         Metrics/motion/error_joint_vel: 5.7299
        Metrics/motion/sampling_entropy: 0.9304
      Metrics/motion/sampling_top1_prob: 0.0454
       Metrics/motion/sampling_top1_bin: 0.0924
      Metrics/motion/error_body_lin_vel: 0.5169
      Metrics/motion/error_body_ang_vel: 1.5904
           Episode_Termination/time_out: 0.0000
         Episode_Termination/anchor_pos: 0.0000
         Episode_Termination/anchor_ori: 0.0000
        Episode_Termination/ee_body_pos: 0.0000
Episode_Termination/corpus_clip_time_out: 0.0000
Episode_Termination/stage_one_actuation_guard: 3.8125
--------------------------------------------------------------------------------
                         Iteration time: 3.56s
                           Time elapsed: 00:04:01
                                    ETA: 00:01:58

################################################################################
[1m                           Learning iteration 67/100                            [0m 

                               Run name: breadth
                            Total steps: 34816 
                       Steps per second: 161 
                        Collection time: 1.742s 
                          Learning time: 1.427s 
                        Mean value loss: 3014.6838
                    Mean surrogate loss: -0.0201
                      Mean entropy loss: 10.5205
           Mean standing_retention loss: 0.0003
                            Mean reward: -99.82
                    Mean episode length: 7.30
                        Mean action std: 0.38
  Episode_Reward/motion_global_root_pos: 0.0064
  Episode_Reward/motion_global_root_ori: 0.0056
         Episode_Reward/motion_body_pos: 0.0132
         Episode_Reward/motion_body_ori: 0.0095
     Episode_Reward/motion_body_lin_vel: 0.0105
     Episode_Reward/motion_body_ang_vel: 0.0087
          Episode_Reward/action_rate_l2: -0.0345
             Episode_Reward/joint_limit: -0.0005
         Episode_Reward/self_collisions: -0.0408
Episode_Reward/action_target_reference_l2: -0.0072
Episode_Reward/action_target_soft_limit_barrier: -0.0002
                   Episode_Reward/alive: 0.0580
 Episode_Reward/non_timeout_termination: -10.0000
Episode_Reward/worst_ee_z_normalized_squared: -0.0190
Episode_Reward/right_wrist_prethreshold_barrier: 0.0000
        Metrics/motion/error_anchor_pos: 0.0597
        Metrics/motion/error_anchor_rot: 0.1559
    Metrics/motion/error_anchor_lin_vel: 0.4548
    Metrics/motion/error_anchor_ang_vel: 1.0237
          Metrics/motion/error_body_pos: 0.4210
          Metrics/motion/error_body_rot: 0.3894
         Metrics/motion/error_joint_pos: 0.5721
         Metrics/motion/error_joint_vel: 5.9186
        Metrics/motion/sampling_entropy: 0.9307
      Metrics/motion/sampling_top1_prob: 0.0449
       Metrics/motion/sampling_top1_bin: 0.0924
      Metrics/motion/error_body_lin_vel: 0.5134
      Metrics/motion/error_body_ang_vel: 1.7415
           Episode_Termination/time_out: 0.0000
         Episode_Termination/anchor_pos: 0.0000
         Episode_Termination/anchor_ori: 0.0000
        Episode_Termination/ee_body_pos: 0.0000
Episode_Termination/corpus_clip_time_out: 0.0000
Episode_Termination/stage_one_actuation_guard: 4.1875
--------------------------------------------------------------------------------
                         Iteration time: 3.17s
                           Time elapsed: 00:04:04
                                    ETA: 00:01:55

################################################################################
[1m                           Learning iteration 68/100                            [0m 

                               Run name: breadth
                            Total steps: 35328 
                       Steps per second: 127 
                        Collection time: 2.578s 
                          Learning time: 1.446s 
                        Mean value loss: 3195.0276
                    Mean surrogate loss: -0.0223
                      Mean entropy loss: 10.5205
           Mean standing_retention loss: 0.0003
                            Mean reward: -98.83
                    Mean episode length: 7.68
                        Mean action std: 0.38
  Episode_Reward/motion_global_root_pos: 0.0073
  Episode_Reward/motion_global_root_ori: 0.0063
         Episode_Reward/motion_body_pos: 0.0153
         Episode_Reward/motion_body_ori: 0.0100
     Episode_Reward/motion_body_lin_vel: 0.0123
     Episode_Reward/motion_body_ang_vel: 0.0106
          Episode_Reward/action_rate_l2: -0.0385
             Episode_Reward/joint_limit: -0.0002
         Episode_Reward/self_collisions: -0.0280
Episode_Reward/action_target_reference_l2: -0.0096
Episode_Reward/action_target_soft_limit_barrier: -0.0003
                   Episode_Reward/alive: 0.0709
 Episode_Reward/non_timeout_termination: -9.7917
Episode_Reward/worst_ee_z_normalized_squared: -0.0415
Episode_Reward/right_wrist_prethreshold_barrier: -0.0002
        Metrics/motion/error_anchor_pos: 0.0709
        Metrics/motion/error_anchor_rot: 0.1782
    Metrics/motion/error_anchor_lin_vel: 0.4961
    Metrics/motion/error_anchor_ang_vel: 1.0851
          Metrics/motion/error_body_pos: 0.3636
          Metrics/motion/error_body_rot: 0.3815
         Metrics/motion/error_joint_pos: 0.6366
         Metrics/motion/error_joint_vel: 6.2510
        Metrics/motion/sampling_entropy: 0.9310
      Metrics/motion/sampling_top1_prob: 0.0446
       Metrics/motion/sampling_top1_bin: 0.0924
      Metrics/motion/error_body_lin_vel: 0.5445
      Metrics/motion/error_body_ang_vel: 1.8371
           Episode_Termination/time_out: 0.0000
         Episode_Termination/anchor_pos: 0.0000
         Episode_Termination/anchor_ori: 0.0000
        Episode_Termination/ee_body_pos: 0.0625
Episode_Termination/corpus_clip_time_out: 0.0625
Episode_Termination/stage_one_actuation_guard: 4.1875
--------------------------------------------------------------------------------
                         Iteration time: 4.02s
                           Time elapsed: 00:04:08
                                    ETA: 00:01:51

################################################################################
[1m                           Learning iteration 69/100                            [0m 

                               Run name: breadth
                            Total steps: 35840 
                       Steps per second: 145 
                        Collection time: 2.167s 
                          Learning time: 1.342s 
                        Mean value loss: 3145.7701
                    Mean surrogate loss: -0.0207
                      Mean entropy loss: 10.5205
           Mean standing_retention loss: 0.0003
                            Mean reward: -98.79
                    Mean episode length: 6.10
                        Mean action std: 0.38
  Episode_Reward/motion_global_root_pos: 0.0059
  Episode_Reward/motion_global_root_ori: 0.0052
         Episode_Reward/motion_body_pos: 0.0122
         Episode_Reward/motion_body_ori: 0.0090
     Episode_Reward/motion_body_lin_vel: 0.0097
     Episode_Reward/motion_body_ang_vel: 0.0084
          Episode_Reward/action_rate_l2: -0.0342
             Episode_Reward/joint_limit: -0.0004
         Episode_Reward/self_collisions: -0.0186
Episode_Reward/action_target_reference_l2: -0.0062
Episode_Reward/action_target_soft_limit_barrier: -0.0002
                   Episode_Reward/alive: 0.0536
 Episode_Reward/non_timeout_termination: -10.0000
Episode_Reward/worst_ee_z_normalized_squared: -0.0230
Episode_Reward/right_wrist_prethreshold_barrier: -0.0008
        Metrics/motion/error_anchor_pos: 0.0642
        Metrics/motion/error_anchor_rot: 0.1628
    Metrics/motion/error_anchor_lin_vel: 0.4595
    Metrics/motion/error_anchor_ang_vel: 1.0567
          Metrics/motion/error_body_pos: 0.4970
          Metrics/motion/error_body_rot: 0.4489
         Metrics/motion/error_joint_pos: 0.5441
         Metrics/motion/error_joint_vel: 5.4600
        Metrics/motion/sampling_entropy: 0.9309
      Metrics/motion/sampling_top1_prob: 0.0448
       Metrics/motion/sampling_top1_bin: 0.0924
      Metrics/motion/error_body_lin_vel: 0.4990
      Metrics/motion/error_body_ang_vel: 1.5313
           Episode_Termination/time_out: 0.0000
         Episode_Termination/anchor_pos: 0.0000
         Episode_Termination/anchor_ori: 0.0000
        Episode_Termination/ee_body_pos: 0.0625
Episode_Termination/corpus_clip_time_out: 0.0000
Episode_Termination/stage_one_actuation_guard: 4.5625
--------------------------------------------------------------------------------
                         Iteration time: 3.51s
                           Time elapsed: 00:04:12
                                    ETA: 00:01:48

################################################################################
[1m                           Learning iteration 70/100                            [0m 

                               Run name: breadth
                            Total steps: 36352 
                       Steps per second: 135 
                        Collection time: 2.284s 
                          Learning time: 1.508s 
                        Mean value loss: 3182.3905
                    Mean surrogate loss: -0.0235
                      Mean entropy loss: 10.5205
           Mean standing_retention loss: 0.0004
                            Mean reward: -99.76
                    Mean episode length: 7.67
                        Mean action std: 0.38
  Episode_Reward/motion_global_root_pos: 0.0060
  Episode_Reward/motion_global_root_ori: 0.0052
         Episode_Reward/motion_body_pos: 0.0123
         Episode_Reward/motion_body_ori: 0.0085
     Episode_Reward/motion_body_lin_vel: 0.0098
     Episode_Reward/motion_body_ang_vel: 0.0086
          Episode_Reward/action_rate_l2: -0.0325
             Episode_Reward/joint_limit: -0.0002
         Episode_Reward/self_collisions: -0.0171
Episode_Reward/action_target_reference_l2: -0.0067
Episode_Reward/action_target_soft_limit_barrier: -0.0002
                   Episode_Reward/alive: 0.0537
 Episode_Reward/non_timeout_termination: -10.0000
Episode_Reward/worst_ee_z_normalized_squared: -0.0230
Episode_Reward/right_wrist_prethreshold_barrier: -0.0023
        Metrics/motion/error_anchor_pos: 0.0614
        Metrics/motion/error_anchor_rot: 0.1523
    Metrics/motion/error_anchor_lin_vel: 0.4671
    Metrics/motion/error_anchor_ang_vel: 0.9673
          Metrics/motion/error_body_pos: 0.6403
          Metrics/motion/error_body_rot: 0.4806
         Metrics/motion/error_joint_pos: 0.5132
         Metrics/motion/error_joint_vel: 5.1922
        Metrics/motion/sampling_entropy: 0.9313
      Metrics/motion/sampling_top1_prob: 0.0449
       Metrics/motion/sampling_top1_bin: 0.0924
      Metrics/motion/error_body_lin_vel: 0.5105
      Metrics/motion/error_body_ang_vel: 1.4526
           Episode_Termination/time_out: 0.0000
         Episode_Termination/anchor_pos: 0.0625
         Episode_Termination/anchor_ori: 0.0000
        Episode_Termination/ee_body_pos: 0.0000
Episode_Termination/corpus_clip_time_out: 0.0625
Episode_Termination/stage_one_actuation_guard: 4.4375
--------------------------------------------------------------------------------
                         Iteration time: 3.79s
                           Time elapsed: 00:04:15
                                    ETA: 00:01:44

################################################################################
[1m                           Learning iteration 71/100                            [0m 

                               Run name: breadth
                            Total steps: 36864 
                       Steps per second: 158 
                        Collection time: 1.943s 
                          Learning time: 1.289s 
                        Mean value loss: 3130.7172
                    Mean surrogate loss: -0.0226
                      Mean entropy loss: 10.5205
           Mean standing_retention loss: 0.0004
                            Mean reward: -99.69
                    Mean episode length: 8.51
                        Mean action std: 0.38
  Episode_Reward/motion_global_root_pos: 0.0077
  Episode_Reward/motion_global_root_ori: 0.0068
         Episode_Reward/motion_body_pos: 0.0161
         Episode_Reward/motion_body_ori: 0.0109
     Episode_Reward/motion_body_lin_vel: 0.0134
     Episode_Reward/motion_body_ang_vel: 0.0116
          Episode_Reward/action_rate_l2: -0.0350
             Episode_Reward/joint_limit: -0.0004
         Episode_Reward/self_collisions: -0.0279
Episode_Reward/action_target_reference_l2: -0.0097
Episode_Reward/action_target_soft_limit_barrier: -0.0003
                   Episode_Reward/alive: 0.0735
 Episode_Reward/non_timeout_termination: -10.0000
Episode_Reward/worst_ee_z_normalized_squared: -0.0288
Episode_Reward/right_wrist_prethreshold_barrier: 0.0000
        Metrics/motion/error_anchor_pos: 0.0713
        Metrics/motion/error_anchor_rot: 0.1732
    Metrics/motion/error_anchor_lin_vel: 0.4790
    Metrics/motion/error_anchor_ang_vel: 0.8888
          Metrics/motion/error_body_pos: 0.3197
          Metrics/motion/error_body_rot: 0.3241
         Metrics/motion/error_joint_pos: 0.6045
         Metrics/motion/error_joint_vel: 6.0193
        Metrics/motion/sampling_entropy: 0.9313
      Metrics/motion/sampling_top1_prob: 0.0445
       Metrics/motion/sampling_top1_bin: 0.0924
      Metrics/motion/error_body_lin_vel: 0.5019
      Metrics/motion/error_body_ang_vel: 1.6355
           Episode_Termination/time_out: 0.0000
         Episode_Termination/anchor_pos: 0.0000
         Episode_Termination/anchor_ori: 0.0000
        Episode_Termination/ee_body_pos: 0.0625
Episode_Termination/corpus_clip_time_out: 0.0000
Episode_Termination/stage_one_actuation_guard: 4.0625
--------------------------------------------------------------------------------
                         Iteration time: 3.23s
                           Time elapsed: 00:04:19
                                    ETA: 00:01:40

################################################################################
[1m                           Learning iteration 72/100                            [0m 

                               Run name: breadth
                            Total steps: 37376 
                       Steps per second: 156 
                        Collection time: 1.926s 
                          Learning time: 1.344s 
                        Mean value loss: 2986.0846
                    Mean surrogate loss: -0.0267
                      Mean entropy loss: 10.5205
           Mean standing_retention loss: 0.0004
                            Mean reward: -99.66
                    Mean episode length: 7.52
                        Mean action std: 0.38
  Episode_Reward/motion_global_root_pos: 0.0061
  Episode_Reward/motion_global_root_ori: 0.0055
         Episode_Reward/motion_body_pos: 0.0124
         Episode_Reward/motion_body_ori: 0.0088
     Episode_Reward/motion_body_lin_vel: 0.0097
     Episode_Reward/motion_body_ang_vel: 0.0083
          Episode_Reward/action_rate_l2: -0.0327
             Episode_Reward/joint_limit: -0.0001
         Episode_Reward/self_collisions: -0.0165
Episode_Reward/action_target_reference_l2: -0.0068
Episode_Reward/action_target_soft_limit_barrier: -0.0003
                   Episode_Reward/alive: 0.0544
 Episode_Reward/non_timeout_termination: -10.0000
Episode_Reward/worst_ee_z_normalized_squared: -0.0216
Episode_Reward/right_wrist_prethreshold_barrier: -0.0000
        Metrics/motion/error_anchor_pos: 0.0586
        Metrics/motion/error_anchor_rot: 0.1459
    Metrics/motion/error_anchor_lin_vel: 0.5206
    Metrics/motion/error_anchor_ang_vel: 1.1178
          Metrics/motion/error_body_pos: 0.2412
          Metrics/motion/error_body_rot: 0.3666
         Metrics/motion/error_joint_pos: 0.5478
         Metrics/motion/error_joint_vel: 6.0646
        Metrics/motion/sampling_entropy: 0.9317
      Metrics/motion/sampling_top1_prob: 0.0436
       Metrics/motion/sampling_top1_bin: 0.0924
      Metrics/motion/error_body_lin_vel: 0.5501
      Metrics/motion/error_body_ang_vel: 1.7799
           Episode_Termination/time_out: 0.0000
         Episode_Termination/anchor_pos: 0.0000
         Episode_Termination/anchor_ori: 0.0000
        Episode_Termination/ee_body_pos: 0.0000
Episode_Termination/corpus_clip_time_out: 0.0000
Episode_Termination/stage_one_actuation_guard: 4.1250
--------------------------------------------------------------------------------
                         Iteration time: 3.27s
                           Time elapsed: 00:04:22
                                    ETA: 00:01:37

################################################################################
[1m                           Learning iteration 73/100                            [0m 

                               Run name: breadth
                            Total steps: 37888 
                       Steps per second: 161 
                        Collection time: 1.721s 
                          Learning time: 1.456s 
                        Mean value loss: 3379.9469
                    Mean surrogate loss: -0.0241
                      Mean entropy loss: 10.5205
           Mean standing_retention loss: 0.0003
                            Mean reward: -99.77
                    Mean episode length: 7.07
                        Mean action std: 0.38
  Episode_Reward/motion_global_root_pos: 0.0053
  Episode_Reward/motion_global_root_ori: 0.0046
         Episode_Reward/motion_body_pos: 0.0111
         Episode_Reward/motion_body_ori: 0.0073
     Episode_Reward/motion_body_lin_vel: 0.0091
     Episode_Reward/motion_body_ang_vel: 0.0079
          Episode_Reward/action_rate_l2: -0.0301
             Episode_Reward/joint_limit: -0.0003
         Episode_Reward/self_collisions: -0.0105
Episode_Reward/action_target_reference_l2: -0.0070
Episode_Reward/action_target_soft_limit_barrier: -0.0003
                   Episode_Reward/alive: 0.0479
 Episode_Reward/non_timeout_termination: -10.0000
Episode_Reward/worst_ee_z_normalized_squared: -0.0229
Episode_Reward/right_wrist_prethreshold_barrier: -0.0007
        Metrics/motion/error_anchor_pos: 0.0591
        Metrics/motion/error_anchor_rot: 0.1566
    Metrics/motion/error_anchor_lin_vel: 0.4520
    Metrics/motion/error_anchor_ang_vel: 1.0316
          Metrics/motion/error_body_pos: 0.3121
          Metrics/motion/error_body_rot: 0.3634
         Metrics/motion/error_joint_pos: 0.4614
         Metrics/motion/error_joint_vel: 4.8832
        Metrics/motion/sampling_entropy: 0.9327
      Metrics/motion/sampling_top1_prob: 0.0433
       Metrics/motion/sampling_top1_bin: 0.0924
      Metrics/motion/error_body_lin_vel: 0.4947
      Metrics/motion/error_body_ang_vel: 1.5015
           Episode_Termination/time_out: 0.0000
         Episode_Termination/anchor_pos: 0.0625
         Episode_Termination/anchor_ori: 0.0000
        Episode_Termination/ee_body_pos: 0.0000
Episode_Termination/corpus_clip_time_out: 0.0000
Episode_Termination/stage_one_actuation_guard: 5.2500
--------------------------------------------------------------------------------
                         Iteration time: 3.18s
                           Time elapsed: 00:04:25
                                    ETA: 00:01:33

################################################################################
[1m                           Learning iteration 74/100                            [0m 

                               Run name: breadth
                            Total steps: 38400 
                       Steps per second: 140 
                        Collection time: 2.155s 
                          Learning time: 1.480s 
                        Mean value loss: 2710.5109
                    Mean surrogate loss: -0.0194
                      Mean entropy loss: 10.5205
           Mean standing_retention loss: 0.0003
                            Mean reward: -99.72
                    Mean episode length: 6.34
                        Mean action std: 0.38
  Episode_Reward/motion_global_root_pos: 0.0050
  Episode_Reward/motion_global_root_ori: 0.0043
         Episode_Reward/motion_body_pos: 0.0104
         Episode_Reward/motion_body_ori: 0.0076
     Episode_Reward/motion_body_lin_vel: 0.0079
     Episode_Reward/motion_body_ang_vel: 0.0068
          Episode_Reward/action_rate_l2: -0.0326
             Episode_Reward/joint_limit: -0.0002
         Episode_Reward/self_collisions: -0.0102
Episode_Reward/action_target_reference_l2: -0.0057
Episode_Reward/action_target_soft_limit_barrier: -0.0003
                   Episode_Reward/alive: 0.0443
 Episode_Reward/non_timeout_termination: -10.0000
Episode_Reward/worst_ee_z_normalized_squared: -0.0171
Episode_Reward/right_wrist_prethreshold_barrier: 0.0000
        Metrics/motion/error_anchor_pos: 0.0570
        Metrics/motion/error_anchor_rot: 0.1736
    Metrics/motion/error_anchor_lin_vel: 0.4920
    Metrics/motion/error_anchor_ang_vel: 1.1173
          Metrics/motion/error_body_pos: 0.6311
          Metrics/motion/error_body_rot: 0.4949
         Metrics/motion/error_joint_pos: 0.5002
         Metrics/motion/error_joint_vel: 6.0628
        Metrics/motion/sampling_entropy: 0.9332
      Metrics/motion/sampling_top1_prob: 0.0437
       Metrics/motion/sampling_top1_bin: 0.0924
      Metrics/motion/error_body_lin_vel: 0.5576
      Metrics/motion/error_body_ang_vel: 1.7631
           Episode_Termination/time_out: 0.0000
         Episode_Termination/anchor_pos: 0.0000
         Episode_Termination/anchor_ori: 0.0000
        Episode_Termination/ee_body_pos: 0.0000
Episode_Termination/corpus_clip_time_out: 0.0000
Episode_Termination/stage_one_actuation_guard: 4.3750
--------------------------------------------------------------------------------
                         Iteration time: 3.64s
                           Time elapsed: 00:04:29
                                    ETA: 00:01:29

################################################################################
[1m                           Learning iteration 75/100                            [0m 

                               Run name: breadth
                            Total steps: 38912 
                       Steps per second: 138 
                        Collection time: 2.215s 
                          Learning time: 1.483s 
                        Mean value loss: 3095.8754
                    Mean surrogate loss: -0.0256
                      Mean entropy loss: 10.5205
           Mean standing_retention loss: 0.0003
                            Mean reward: -97.88
                    Mean episode length: 7.34
                        Mean action std: 0.38
  Episode_Reward/motion_global_root_pos: 0.0064
  Episode_Reward/motion_global_root_ori: 0.0055
         Episode_Reward/motion_body_pos: 0.0131
         Episode_Reward/motion_body_ori: 0.0090
     Episode_Reward/motion_body_lin_vel: 0.0106
     Episode_Reward/motion_body_ang_vel: 0.0090
          Episode_Reward/action_rate_l2: -0.0350
             Episode_Reward/joint_limit: -0.0002
         Episode_Reward/self_collisions: -0.0328
Episode_Reward/action_target_reference_l2: -0.0082
Episode_Reward/action_target_soft_limit_barrier: -0.0003
                   Episode_Reward/alive: 0.0594
 Episode_Reward/non_timeout_termination: -9.5833
Episode_Reward/worst_ee_z_normalized_squared: -0.0281
Episode_Reward/right_wrist_prethreshold_barrier: -0.0002
        Metrics/motion/error_anchor_pos: 0.0619
        Metrics/motion/error_anchor_rot: 0.1692
    Metrics/motion/error_anchor_lin_vel: 0.4805
    Metrics/motion/error_anchor_ang_vel: 1.1087
          Metrics/motion/error_body_pos: 0.2980
          Metrics/motion/error_body_rot: 0.3821
         Metrics/motion/error_joint_pos: 0.5716
         Metrics/motion/error_joint_vel: 5.1950
        Metrics/motion/sampling_entropy: 0.9328
      Metrics/motion/sampling_top1_prob: 0.0443
       Metrics/motion/sampling_top1_bin: 0.0924
      Metrics/motion/error_body_lin_vel: 0.5334
      Metrics/motion/error_body_ang_vel: 1.6413
           Episode_Termination/time_out: 0.0000
         Episode_Termination/anchor_pos: 0.0625
         Episode_Termination/anchor_ori: 0.0000
        Episode_Termination/ee_body_pos: 0.0000
Episode_Termination/corpus_clip_time_out: 0.1250
Episode_Termination/stage_one_actuation_guard: 4.3750
--------------------------------------------------------------------------------
                         Iteration time: 3.70s
                           Time elapsed: 00:04:32
                                    ETA: 00:01:26

################################################################################
[1m                           Learning iteration 76/100                            [0m 

                               Run name: breadth
                            Total steps: 39424 
                       Steps per second: 160 
                        Collection time: 1.816s 
                          Learning time: 1.383s 
                        Mean value loss: 2679.7819
                    Mean surrogate loss: -0.0248
                      Mean entropy loss: 10.5205
           Mean standing_retention loss: 0.0003
                            Mean reward: -98.84
                    Mean episode length: 8.44
                        Mean action std: 0.38
  Episode_Reward/motion_global_root_pos: 0.0078
  Episode_Reward/motion_global_root_ori: 0.0067
         Episode_Reward/motion_body_pos: 0.0160
         Episode_Reward/motion_body_ori: 0.0102
     Episode_Reward/motion_body_lin_vel: 0.0132
     Episode_Reward/motion_body_ang_vel: 0.0112
          Episode_Reward/action_rate_l2: -0.0363
             Episode_Reward/joint_limit: -0.0000
         Episode_Reward/self_collisions: -0.0161
Episode_Reward/action_target_reference_l2: -0.0109
Episode_Reward/action_target_soft_limit_barrier: -0.0003
                   Episode_Reward/alive: 0.0745
 Episode_Reward/non_timeout_termination: -10.0000
Episode_Reward/worst_ee_z_normalized_squared: -0.0433
Episode_Reward/right_wrist_prethreshold_barrier: -0.0000
        Metrics/motion/error_anchor_pos: 0.0699
        Metrics/motion/error_anchor_rot: 0.1618
    Metrics/motion/error_anchor_lin_vel: 0.5236
    Metrics/motion/error_anchor_ang_vel: 0.9901
          Metrics/motion/error_body_pos: 0.2550
          Metrics/motion/error_body_rot: 0.3420
         Metrics/motion/error_joint_pos: 0.5899
         Metrics/motion/error_joint_vel: 5.9199
        Metrics/motion/sampling_entropy: 0.9325
      Metrics/motion/sampling_top1_prob: 0.0446
       Metrics/motion/sampling_top1_bin: 0.0924
      Metrics/motion/error_body_lin_vel: 0.5852
      Metrics/motion/error_body_ang_vel: 1.8207
           Episode_Termination/time_out: 0.0000
         Episode_Termination/anchor_pos: 0.0000
         Episode_Termination/anchor_ori: 0.0000
        Episode_Termination/ee_body_pos: 0.0667
Episode_Termination/corpus_clip_time_out: 0.0000
Episode_Termination/stage_one_actuation_guard: 3.7333
--------------------------------------------------------------------------------
                         Iteration time: 3.20s
                           Time elapsed: 00:04:36
                                    ETA: 00:01:22

################################################################################
[1m                           Learning iteration 77/100                            [0m 

                               Run name: breadth
                            Total steps: 39936 
                       Steps per second: 150 
                        Collection time: 2.014s 
                          Learning time: 1.399s 
                        Mean value loss: 3362.2967
                    Mean surrogate loss: -0.0247
                      Mean entropy loss: 10.5205
           Mean standing_retention loss: 0.0003
                            Mean reward: -98.80
                    Mean episode length: 6.63
                        Mean action std: 0.38
  Episode_Reward/motion_global_root_pos: 0.0055
  Episode_Reward/motion_global_root_ori: 0.0043
         Episode_Reward/motion_body_pos: 0.0111
         Episode_Reward/motion_body_ori: 0.0081
     Episode_Reward/motion_body_lin_vel: 0.0087
     Episode_Reward/motion_body_ang_vel: 0.0075
          Episode_Reward/action_rate_l2: -0.0318
             Episode_Reward/joint_limit: -0.0003
         Episode_Reward/self_collisions: -0.0152
Episode_Reward/action_target_reference_l2: -0.0060
Episode_Reward/action_target_soft_limit_barrier: -0.0001
                   Episode_Reward/alive: 0.0482
 Episode_Reward/non_timeout_termination: -9.9107
Episode_Reward/worst_ee_z_normalized_squared: -0.0206
Episode_Reward/right_wrist_prethreshold_barrier: -0.0009
        Metrics/motion/error_anchor_pos: 0.0593
        Metrics/motion/error_anchor_rot: 0.1663
    Metrics/motion/error_anchor_lin_vel: 0.4751
    Metrics/motion/error_anchor_ang_vel: 1.0218
          Metrics/motion/error_body_pos: 0.6450
          Metrics/motion/error_body_rot: 0.4190
         Metrics/motion/error_joint_pos: 0.5133
         Metrics/motion/error_joint_vel: 5.6344
        Metrics/motion/sampling_entropy: 0.9327
      Metrics/motion/sampling_top1_prob: 0.0440
       Metrics/motion/sampling_top1_bin: 0.0924
      Metrics/motion/error_body_lin_vel: 0.5089
      Metrics/motion/error_body_ang_vel: 1.6543
           Episode_Termination/time_out: 0.0000
         Episode_Termination/anchor_pos: 0.0625
         Episode_Termination/anchor_ori: 0.0000
        Episode_Termination/ee_body_pos: 0.0000
Episode_Termination/corpus_clip_time_out: 0.0625
Episode_Termination/stage_one_actuation_guard: 5.4375
--------------------------------------------------------------------------------
                         Iteration time: 3.41s
                           Time elapsed: 00:04:39
                                    ETA: 00:01:18

################################################################################
[1m                           Learning iteration 78/100                            [0m 

                               Run name: breadth
                            Total steps: 40448 
                       Steps per second: 161 
                        Collection time: 1.659s 
                          Learning time: 1.515s 
                        Mean value loss: 3290.0543
                    Mean surrogate loss: -0.0205
                      Mean entropy loss: 10.5205
           Mean standing_retention loss: 0.0003
                            Mean reward: -99.79
                    Mean episode length: 6.03
                        Mean action std: 0.38
  Episode_Reward/motion_global_root_pos: 0.0055
  Episode_Reward/motion_global_root_ori: 0.0050
         Episode_Reward/motion_body_pos: 0.0116
         Episode_Reward/motion_body_ori: 0.0081
     Episode_Reward/motion_body_lin_vel: 0.0093
     Episode_Reward/motion_body_ang_vel: 0.0079
          Episode_Reward/action_rate_l2: -0.0332
             Episode_Reward/joint_limit: -0.0002
         Episode_Reward/self_collisions: -0.0148
Episode_Reward/action_target_reference_l2: -0.0066
Episode_Reward/action_target_soft_limit_barrier: -0.0001
                   Episode_Reward/alive: 0.0498
 Episode_Reward/non_timeout_termination: -10.0000
Episode_Reward/worst_ee_z_normalized_squared: -0.0205
Episode_Reward/right_wrist_prethreshold_barrier: 0.0000
        Metrics/motion/error_anchor_pos: 0.0582
        Metrics/motion/error_anchor_rot: 0.1546
    Metrics/motion/error_anchor_lin_vel: 0.4346
    Metrics/motion/error_anchor_ang_vel: 0.9777
          Metrics/motion/error_body_pos: 0.4966
          Metrics/motion/error_body_rot: 0.4138
         Metrics/motion/error_joint_pos: 0.5082
         Metrics/motion/error_joint_vel: 5.5075
        Metrics/motion/sampling_entropy: 0.9329
      Metrics/motion/sampling_top1_prob: 0.0437
       Metrics/motion/sampling_top1_bin: 0.0924
      Metrics/motion/error_body_lin_vel: 0.4933
      Metrics/motion/error_body_ang_vel: 1.5419
           Episode_Termination/time_out: 0.0000
         Episode_Termination/anchor_pos: 0.0000
         Episode_Termination/anchor_ori: 0.0000
        Episode_Termination/ee_body_pos: 0.0000
Episode_Termination/corpus_clip_time_out: 0.0625
Episode_Termination/stage_one_actuation_guard: 5.2500
--------------------------------------------------------------------------------
                         Iteration time: 3.17s
                           Time elapsed: 00:04:42
                                    ETA: 00:01:15

################################################################################
[1m                           Learning iteration 79/100                            [0m 

                               Run name: breadth
                            Total steps: 40960 
                       Steps per second: 146 
                        Collection time: 1.901s 
                          Learning time: 1.589s 
                        Mean value loss: 3123.5462
                    Mean surrogate loss: -0.0197
                      Mean entropy loss: 10.5205
           Mean standing_retention loss: 0.0002
                            Mean reward: -98.74
                    Mean episode length: 6.34
                        Mean action std: 0.38
  Episode_Reward/motion_global_root_pos: 0.0053
  Episode_Reward/motion_global_root_ori: 0.0046
         Episode_Reward/motion_body_pos: 0.0110
         Episode_Reward/motion_body_ori: 0.0079
     Episode_Reward/motion_body_lin_vel: 0.0086
     Episode_Reward/motion_body_ang_vel: 0.0075
          Episode_Reward/action_rate_l2: -0.0317
             Episode_Reward/joint_limit: -0.0001
         Episode_Reward/self_collisions: -0.0116
Episode_Reward/action_target_reference_l2: -0.0058
Episode_Reward/action_target_soft_limit_barrier: -0.0002
                   Episode_Reward/alive: 0.0472
 Episode_Reward/non_timeout_termination: -9.8750
Episode_Reward/worst_ee_z_normalized_squared: -0.0172
Episode_Reward/right_wrist_prethreshold_barrier: -0.0000
        Metrics/motion/error_anchor_pos: 0.0583
        Metrics/motion/error_anchor_rot: 0.1595
    Metrics/motion/error_anchor_lin_vel: 0.4885
    Metrics/motion/error_anchor_ang_vel: 0.9675
          Metrics/motion/error_body_pos: 0.3448
          Metrics/motion/error_body_rot: 0.4186
         Metrics/motion/error_joint_pos: 0.5036
         Metrics/motion/error_joint_vel: 5.2354
        Metrics/motion/sampling_entropy: 0.9336
      Metrics/motion/sampling_top1_prob: 0.0437
       Metrics/motion/sampling_top1_bin: 0.0924
      Metrics/motion/error_body_lin_vel: 0.5360
      Metrics/motion/error_body_ang_vel: 1.6035
           Episode_Termination/time_out: 0.0000
         Episode_Termination/anchor_pos: 0.0000
         Episode_Termination/anchor_ori: 0.0000
        Episode_Termination/ee_body_pos: 0.0625
Episode_Termination/corpus_clip_time_out: 0.0625
Episode_Termination/stage_one_actuation_guard: 5.5625
--------------------------------------------------------------------------------
                         Iteration time: 3.49s
                           Time elapsed: 00:04:46
                                    ETA: 00:01:11

################################################################################
[1m                           Learning iteration 80/100                            [0m 

                               Run name: breadth
                            Total steps: 41472 
                       Steps per second: 75 
                        Collection time: 2.322s 
                          Learning time: 4.480s 
                        Mean value loss: 3065.2784
                    Mean surrogate loss: -0.0262
                      Mean entropy loss: 10.5205
           Mean standing_retention loss: 0.0003
                            Mean reward: -99.73
                    Mean episode length: 6.72
                        Mean action std: 0.38
  Episode_Reward/motion_global_root_pos: 0.0058
  Episode_Reward/motion_global_root_ori: 0.0052
         Episode_Reward/motion_body_pos: 0.0120
         Episode_Reward/motion_body_ori: 0.0085
     Episode_Reward/motion_body_lin_vel: 0.0093
     Episode_Reward/motion_body_ang_vel: 0.0083
          Episode_Reward/action_rate_l2: -0.0315
             Episode_Reward/joint_limit: -0.0018
         Episode_Reward/self_collisions: -0.0190
Episode_Reward/action_target_reference_l2: -0.0067
Episode_Reward/action_target_soft_limit_barrier: -0.0002
                   Episode_Reward/alive: 0.0527
 Episode_Reward/non_timeout_termination: -10.0000
Episode_Reward/worst_ee_z_normalized_squared: -0.0230
Episode_Reward/right_wrist_prethreshold_barrier: -0.0002
        Metrics/motion/error_anchor_pos: 0.0643
        Metrics/motion/error_anchor_rot: 0.1521
    Metrics/motion/error_anchor_lin_vel: 0.4685
    Metrics/motion/error_anchor_ang_vel: 0.9504
          Metrics/motion/error_body_pos: 0.5241
          Metrics/motion/error_body_rot: 0.5222
         Metrics/motion/error_joint_pos: 0.5280
         Metrics/motion/error_joint_vel: 5.7131
        Metrics/motion/sampling_entropy: 0.9337
      Metrics/motion/sampling_top1_prob: 0.0435
       Metrics/motion/sampling_top1_bin: 0.0924
      Metrics/motion/error_body_lin_vel: 0.5122
      Metrics/motion/error_body_ang_vel: 1.5188
           Episode_Termination/time_out: 0.0000
         Episode_Termination/anchor_pos: 0.0000
         Episode_Termination/anchor_ori: 0.0000
        Episode_Termination/ee_body_pos: 0.0625
Episode_Termination/corpus_clip_time_out: 0.0000
Episode_Termination/stage_one_actuation_guard: 4.8750
--------------------------------------------------------------------------------
                         Iteration time: 6.80s
                           Time elapsed: 00:04:52
                                    ETA: 00:01:08

################################################################################
[1m                           Learning iteration 81/100                            [0m 

                               Run name: breadth
                            Total steps: 41984 
                       Steps per second: 159 
                        Collection time: 1.846s 
                          Learning time: 1.362s 
                        Mean value loss: 3377.2693
                    Mean surrogate loss: -0.0275
                      Mean entropy loss: 10.5205
           Mean standing_retention loss: 0.0003
                            Mean reward: -98.85
                    Mean episode length: 6.84
                        Mean action std: 0.38
  Episode_Reward/motion_global_root_pos: 0.0060
  Episode_Reward/motion_global_root_ori: 0.0053
         Episode_Reward/motion_body_pos: 0.0123
         Episode_Reward/motion_body_ori: 0.0088
     Episode_Reward/motion_body_lin_vel: 0.0101
     Episode_Reward/motion_body_ang_vel: 0.0087
          Episode_Reward/action_rate_l2: -0.0309
             Episode_Reward/joint_limit: -0.0001
         Episode_Reward/self_collisions: -0.0321
Episode_Reward/action_target_reference_l2: -0.0069
Episode_Reward/action_target_soft_limit_barrier: -0.0001
                   Episode_Reward/alive: 0.0536
 Episode_Reward/non_timeout_termination: -9.9107
Episode_Reward/worst_ee_z_normalized_squared: -0.0215
Episode_Reward/right_wrist_prethreshold_barrier: -0.0000
        Metrics/motion/error_anchor_pos: 0.0561
        Metrics/motion/error_anchor_rot: 0.1614
    Metrics/motion/error_anchor_lin_vel: 0.4525
    Metrics/motion/error_anchor_ang_vel: 0.9273
          Metrics/motion/error_body_pos: 0.8165
          Metrics/motion/error_body_rot: 0.4647
         Metrics/motion/error_joint_pos: 0.5485
         Metrics/motion/error_joint_vel: 5.0831
        Metrics/motion/sampling_entropy: 0.9331
      Metrics/motion/sampling_top1_prob: 0.0441
       Metrics/motion/sampling_top1_bin: 0.0924
      Metrics/motion/error_body_lin_vel: 0.4969
      Metrics/motion/error_body_ang_vel: 1.4256
           Episode_Termination/time_out: 0.0000
         Episode_Termination/anchor_pos: 0.0000
         Episode_Termination/anchor_ori: 0.0000
        Episode_Termination/ee_body_pos: 0.0000
Episode_Termination/corpus_clip_time_out: 0.0625
Episode_Termination/stage_one_actuation_guard: 5.1250
--------------------------------------------------------------------------------
                         Iteration time: 3.21s
                           Time elapsed: 00:04:56
                                    ETA: 00:01:05

################################################################################
[1m                           Learning iteration 82/100                            [0m 

                               Run name: breadth
                            Total steps: 42496 
                       Steps per second: 149 
                        Collection time: 2.079s 
                          Learning time: 1.352s 
                        Mean value loss: 3274.4264
                    Mean surrogate loss: -0.0246
                      Mean entropy loss: 10.5205
           Mean standing_retention loss: 0.0003
                            Mean reward: -97.63
                    Mean episode length: 5.89
                        Mean action std: 0.38
  Episode_Reward/motion_global_root_pos: 0.0058
  Episode_Reward/motion_global_root_ori: 0.0054
         Episode_Reward/motion_body_pos: 0.0121
         Episode_Reward/motion_body_ori: 0.0091
     Episode_Reward/motion_body_lin_vel: 0.0095
     Episode_Reward/motion_body_ang_vel: 0.0081
          Episode_Reward/action_rate_l2: -0.0326
             Episode_Reward/joint_limit: -0.0002
         Episode_Reward/self_collisions: -0.0098
Episode_Reward/action_target_reference_l2: -0.0058
Episode_Reward/action_target_soft_limit_barrier: -0.0003
                   Episode_Reward/alive: 0.0529
 Episode_Reward/non_timeout_termination: -9.6875
Episode_Reward/worst_ee_z_normalized_squared: -0.0144
Episode_Reward/right_wrist_prethreshold_barrier: 0.0000
        Metrics/motion/error_anchor_pos: 0.0659
        Metrics/motion/error_anchor_rot: 0.1621
    Metrics/motion/error_anchor_lin_vel: 0.4679
    Metrics/motion/error_anchor_ang_vel: 1.0707
          Metrics/motion/error_body_pos: 0.3810
          Metrics/motion/error_body_rot: 0.3757
         Metrics/motion/error_joint_pos: 0.5581
         Metrics/motion/error_joint_vel: 5.6837
        Metrics/motion/sampling_entropy: 0.9326
      Metrics/motion/sampling_top1_prob: 0.0446
       Metrics/motion/sampling_top1_bin: 0.0924
      Metrics/motion/error_body_lin_vel: 0.5064
      Metrics/motion/error_body_ang_vel: 1.7334
           Episode_Termination/time_out: 0.0000
         Episode_Termination/anchor_pos: 0.0000
         Episode_Termination/anchor_ori: 0.0000
        Episode_Termination/ee_body_pos: 0.0000
Episode_Termination/corpus_clip_time_out: 0.0625
Episode_Termination/stage_one_actuation_guard: 5.0000
--------------------------------------------------------------------------------
                         Iteration time: 3.43s
                           Time elapsed: 00:04:59
                                    ETA: 00:01:01

################################################################################
[1m                           Learning iteration 83/100                            [0m 

                               Run name: breadth
                            Total steps: 43008 
                       Steps per second: 146 
                        Collection time: 2.099s 
                          Learning time: 1.407s 
                        Mean value loss: 2740.1461
                    Mean surrogate loss: -0.0245
                      Mean entropy loss: 10.5205
           Mean standing_retention loss: 0.0003
                            Mean reward: -98.57
                    Mean episode length: 7.48
                        Mean action std: 0.38
  Episode_Reward/motion_global_root_pos: 0.0069
  Episode_Reward/motion_global_root_ori: 0.0062
         Episode_Reward/motion_body_pos: 0.0145
         Episode_Reward/motion_body_ori: 0.0103
     Episode_Reward/motion_body_lin_vel: 0.0118
     Episode_Reward/motion_body_ang_vel: 0.0101
          Episode_Reward/action_rate_l2: -0.0318
             Episode_Reward/joint_limit: -0.0003
         Episode_Reward/self_collisions: -0.0259
Episode_Reward/action_target_reference_l2: -0.0085
Episode_Reward/action_target_soft_limit_barrier: -0.0002
                   Episode_Reward/alive: 0.0654
 Episode_Reward/non_timeout_termination: -10.0000
Episode_Reward/worst_ee_z_normalized_squared: -0.0204
Episode_Reward/right_wrist_prethreshold_barrier: -0.0000
        Metrics/motion/error_anchor_pos: 0.0634
        Metrics/motion/error_anchor_rot: 0.1657
    Metrics/motion/error_anchor_lin_vel: 0.4735
    Metrics/motion/error_anchor_ang_vel: 0.9649
          Metrics/motion/error_body_pos: 0.1914
          Metrics/motion/error_body_rot: 0.3234
         Metrics/motion/error_joint_pos: 0.5911
         Metrics/motion/error_joint_vel: 5.4392
        Metrics/motion/sampling_entropy: 0.9323
      Metrics/motion/sampling_top1_prob: 0.0446
       Metrics/motion/sampling_top1_bin: 0.0924
      Metrics/motion/error_body_lin_vel: 0.5211
      Metrics/motion/error_body_ang_vel: 1.5797
           Episode_Termination/time_out: 0.0000
         Episode_Termination/anchor_pos: 0.0000
         Episode_Termination/anchor_ori: 0.0000
        Episode_Termination/ee_body_pos: 0.0000
Episode_Termination/corpus_clip_time_out: 0.0000
Episode_Termination/stage_one_actuation_guard: 3.6875
--------------------------------------------------------------------------------
                         Iteration time: 3.51s
                           Time elapsed: 00:05:03
                                    ETA: 00:00:57

################################################################################
[1m                           Learning iteration 84/100                            [0m 

                               Run name: breadth
                            Total steps: 43520 
                       Steps per second: 150 
                        Collection time: 2.077s 
                          Learning time: 1.330s 
                        Mean value loss: 2265.7474
                    Mean surrogate loss: -0.0256
                      Mean entropy loss: 10.5205
           Mean standing_retention loss: 0.0002
                            Mean reward: -99.69
                    Mean episode length: 8.42
                        Mean action std: 0.38
  Episode_Reward/motion_global_root_pos: 0.0064
  Episode_Reward/motion_global_root_ori: 0.0056
         Episode_Reward/motion_body_pos: 0.0134
         Episode_Reward/motion_body_ori: 0.0092
     Episode_Reward/motion_body_lin_vel: 0.0105
     Episode_Reward/motion_body_ang_vel: 0.0089
          Episode_Reward/action_rate_l2: -0.0346
             Episode_Reward/joint_limit: -0.0005
         Episode_Reward/self_collisions: -0.0279
Episode_Reward/action_target_reference_l2: -0.0080
Episode_Reward/action_target_soft_limit_barrier: -0.0001
                   Episode_Reward/alive: 0.0601
 Episode_Reward/non_timeout_termination: -10.0000
Episode_Reward/worst_ee_z_normalized_squared: -0.0270
Episode_Reward/right_wrist_prethreshold_barrier: -0.0033
        Metrics/motion/error_anchor_pos: 0.0672
        Metrics/motion/error_anchor_rot: 0.1599
    Metrics/motion/error_anchor_lin_vel: 0.4584
    Metrics/motion/error_anchor_ang_vel: 1.0204
          Metrics/motion/error_body_pos: 0.7162
          Metrics/motion/error_body_rot: 0.4568
         Metrics/motion/error_joint_pos: 0.5958
         Metrics/motion/error_joint_vel: 5.4939
        Metrics/motion/sampling_entropy: 0.9322
      Metrics/motion/sampling_top1_prob: 0.0447
       Metrics/motion/sampling_top1_bin: 0.0924
      Metrics/motion/error_body_lin_vel: 0.5099
      Metrics/motion/error_body_ang_vel: 1.5561
           Episode_Termination/time_out: 0.0000
         Episode_Termination/anchor_pos: 0.0625
         Episode_Termination/anchor_ori: 0.0000
        Episode_Termination/ee_body_pos: 0.0000
Episode_Termination/corpus_clip_time_out: 0.0000
Episode_Termination/stage_one_actuation_guard: 3.3750
--------------------------------------------------------------------------------
                         Iteration time: 3.41s
                           Time elapsed: 00:05:06
                                    ETA: 00:00:54

################################################################################
[1m                           Learning iteration 85/100                            [0m 

                               Run name: breadth
                            Total steps: 44032 
                       Steps per second: 155 
                        Collection time: 1.939s 
                          Learning time: 1.348s 
                        Mean value loss: 2908.7361
                    Mean surrogate loss: -0.0225
                      Mean entropy loss: 10.5205
           Mean standing_retention loss: 0.0003
                            Mean reward: -98.71
                    Mean episode length: 7.85
                        Mean action std: 0.38
  Episode_Reward/motion_global_root_pos: 0.0071
  Episode_Reward/motion_global_root_ori: 0.0063
         Episode_Reward/motion_body_pos: 0.0146
         Episode_Reward/motion_body_ori: 0.0106
     Episode_Reward/motion_body_lin_vel: 0.0119
     Episode_Reward/motion_body_ang_vel: 0.0101
          Episode_Reward/action_rate_l2: -0.0381
             Episode_Reward/joint_limit: -0.0003
         Episode_Reward/self_collisions: -0.0229
Episode_Reward/action_target_reference_l2: -0.0077
Episode_Reward/action_target_soft_limit_barrier: -0.0003
                   Episode_Reward/alive: 0.0671
 Episode_Reward/non_timeout_termination: -9.8750
Episode_Reward/worst_ee_z_normalized_squared: -0.0275
Episode_Reward/right_wrist_prethreshold_barrier: -0.0005
        Metrics/motion/error_anchor_pos: 0.0716
        Metrics/motion/error_anchor_rot: 0.1674
    Metrics/motion/error_anchor_lin_vel: 0.4243
    Metrics/motion/error_anchor_ang_vel: 1.1168
          Metrics/motion/error_body_pos: 0.4728
          Metrics/motion/error_body_rot: 0.4606
         Metrics/motion/error_joint_pos: 0.5772
         Metrics/motion/error_joint_vel: 5.8218
        Metrics/motion/sampling_entropy: 0.9324
      Metrics/motion/sampling_top1_prob: 0.0446
       Metrics/motion/sampling_top1_bin: 0.0924
      Metrics/motion/error_body_lin_vel: 0.4763
      Metrics/motion/error_body_ang_vel: 1.7153
           Episode_Termination/time_out: 0.0000
         Episode_Termination/anchor_pos: 0.0000
         Episode_Termination/anchor_ori: 0.0000
        Episode_Termination/ee_body_pos: 0.0625
Episode_Termination/corpus_clip_time_out: 0.0625
Episode_Termination/stage_one_actuation_guard: 4.2500
--------------------------------------------------------------------------------
                         Iteration time: 3.29s
                           Time elapsed: 00:05:09
                                    ETA: 00:00:50

################################################################################
[1m                           Learning iteration 86/100                            [0m 

                               Run name: breadth
                            Total steps: 44544 
                       Steps per second: 128 
                        Collection time: 2.489s 
                          Learning time: 1.484s 
                        Mean value loss: 3318.8462
                    Mean surrogate loss: -0.0161
                      Mean entropy loss: 10.5205
           Mean standing_retention loss: 0.0003
                            Mean reward: -99.67
                    Mean episode length: 5.26
                        Mean action std: 0.38
  Episode_Reward/motion_global_root_pos: 0.0052
  Episode_Reward/motion_global_root_ori: 0.0046
         Episode_Reward/motion_body_pos: 0.0105
         Episode_Reward/motion_body_ori: 0.0083
     Episode_Reward/motion_body_lin_vel: 0.0082
     Episode_Reward/motion_body_ang_vel: 0.0071
          Episode_Reward/action_rate_l2: -0.0297
             Episode_Reward/joint_limit: -0.0003
         Episode_Reward/self_collisions: -0.0064
Episode_Reward/action_target_reference_l2: -0.0045
Episode_Reward/action_target_soft_limit_barrier: -0.0001
                   Episode_Reward/alive: 0.0438
 Episode_Reward/non_timeout_termination: -10.0000
Episode_Reward/worst_ee_z_normalized_squared: -0.0091
Episode_Reward/right_wrist_prethreshold_barrier: 0.0000
        Metrics/motion/error_anchor_pos: 0.0529
        Metrics/motion/error_anchor_rot: 0.1525
    Metrics/motion/error_anchor_lin_vel: 0.4392
    Metrics/motion/error_anchor_ang_vel: 1.1269
          Metrics/motion/error_body_pos: 0.3115
          Metrics/motion/error_body_rot: 0.3607
         Metrics/motion/error_joint_pos: 0.4842
         Metrics/motion/error_joint_vel: 6.1144
        Metrics/motion/sampling_entropy: 0.9320
      Metrics/motion/sampling_top1_prob: 0.0442
       Metrics/motion/sampling_top1_bin: 0.0924
      Metrics/motion/error_body_lin_vel: 0.5118
      Metrics/motion/error_body_ang_vel: 1.7589
           Episode_Termination/time_out: 0.0000
         Episode_Termination/anchor_pos: 0.0000
         Episode_Termination/anchor_ori: 0.0000
        Episode_Termination/ee_body_pos: 0.0000
Episode_Termination/corpus_clip_time_out: 0.0000
Episode_Termination/stage_one_actuation_guard: 5.6875
--------------------------------------------------------------------------------
                         Iteration time: 3.97s
                           Time elapsed: 00:05:13
                                    ETA: 00:00:46

################################################################################
[1m                           Learning iteration 87/100                            [0m 

                               Run name: breadth
                            Total steps: 45056 
                       Steps per second: 153 
                        Collection time: 1.968s 
                          Learning time: 1.366s 
                        Mean value loss: 2820.0440
                    Mean surrogate loss: -0.0250
                      Mean entropy loss: 10.5205
           Mean standing_retention loss: 0.0003
                            Mean reward: -99.66
                    Mean episode length: 6.13
                        Mean action std: 0.38
  Episode_Reward/motion_global_root_pos: 0.0061
  Episode_Reward/motion_global_root_ori: 0.0053
         Episode_Reward/motion_body_pos: 0.0124
         Episode_Reward/motion_body_ori: 0.0088
     Episode_Reward/motion_body_lin_vel: 0.0099
     Episode_Reward/motion_body_ang_vel: 0.0084
          Episode_Reward/action_rate_l2: -0.0315
             Episode_Reward/joint_limit: -0.0004
         Episode_Reward/self_collisions: -0.0123
Episode_Reward/action_target_reference_l2: -0.0073
Episode_Reward/action_target_soft_limit_barrier: -0.0002
                   Episode_Reward/alive: 0.0543
 Episode_Reward/non_timeout_termination: -10.0000
Episode_Reward/worst_ee_z_normalized_squared: -0.0206
Episode_Reward/right_wrist_prethreshold_barrier: 0.0000
        Metrics/motion/error_anchor_pos: 0.0595
        Metrics/motion/error_anchor_rot: 0.1590
    Metrics/motion/error_anchor_lin_vel: 0.4582
    Metrics/motion/error_anchor_ang_vel: 0.9628
          Metrics/motion/error_body_pos: 0.4053
          Metrics/motion/error_body_rot: 0.4179
         Metrics/motion/error_joint_pos: 0.5580
         Metrics/motion/error_joint_vel: 5.5928
        Metrics/motion/sampling_entropy: 0.9321
      Metrics/motion/sampling_top1_prob: 0.0441
       Metrics/motion/sampling_top1_bin: 0.0924
      Metrics/motion/error_body_lin_vel: 0.4955
      Metrics/motion/error_body_ang_vel: 1.5893
           Episode_Termination/time_out: 0.0000
         Episode_Termination/anchor_pos: 0.0000
         Episode_Termination/anchor_ori: 0.0000
        Episode_Termination/ee_body_pos: 0.0000
Episode_Termination/corpus_clip_time_out: 0.0000
Episode_Termination/stage_one_actuation_guard: 4.5000
--------------------------------------------------------------------------------
                         Iteration time: 3.33s
                           Time elapsed: 00:05:17
                                    ETA: 00:00:43

################################################################################
[1m                           Learning iteration 88/100                            [0m 

                               Run name: breadth
                            Total steps: 45568 
                       Steps per second: 162 
                        Collection time: 1.821s 
                          Learning time: 1.332s 
                        Mean value loss: 2883.2516
                    Mean surrogate loss: -0.0251
                      Mean entropy loss: 10.5205
           Mean standing_retention loss: 0.0003
                            Mean reward: -98.61
                    Mean episode length: 7.73
                        Mean action std: 0.38
  Episode_Reward/motion_global_root_pos: 0.0075
  Episode_Reward/motion_global_root_ori: 0.0068
         Episode_Reward/motion_body_pos: 0.0157
         Episode_Reward/motion_body_ori: 0.0102
     Episode_Reward/motion_body_lin_vel: 0.0127
     Episode_Reward/motion_body_ang_vel: 0.0109
          Episode_Reward/action_rate_l2: -0.0381
             Episode_Reward/joint_limit: -0.0000
         Episode_Reward/self_collisions: -0.0260
Episode_Reward/action_target_reference_l2: -0.0099
Episode_Reward/action_target_soft_limit_barrier: -0.0002
                   Episode_Reward/alive: 0.0720
 Episode_Reward/non_timeout_termination: -9.8750
Episode_Reward/worst_ee_z_normalized_squared: -0.0266
Episode_Reward/right_wrist_prethreshold_barrier: -0.0000
        Metrics/motion/error_anchor_pos: 0.0640
        Metrics/motion/error_anchor_rot: 0.1640
    Metrics/motion/error_anchor_lin_vel: 0.5018
    Metrics/motion/error_anchor_ang_vel: 1.1134
          Metrics/motion/error_body_pos: 0.2230
          Metrics/motion/error_body_rot: 0.3254
         Metrics/motion/error_joint_pos: 0.5538
         Metrics/motion/error_joint_vel: 6.4227
        Metrics/motion/sampling_entropy: 0.9319
      Metrics/motion/sampling_top1_prob: 0.0441
       Metrics/motion/sampling_top1_bin: 0.0924
      Metrics/motion/error_body_lin_vel: 0.5580
      Metrics/motion/error_body_ang_vel: 1.8598
           Episode_Termination/time_out: 0.0000
         Episode_Termination/anchor_pos: 0.0000
         Episode_Termination/anchor_ori: 0.0000
        Episode_Termination/ee_body_pos: 0.0000
Episode_Termination/corpus_clip_time_out: 0.0625
Episode_Termination/stage_one_actuation_guard: 4.6875
--------------------------------------------------------------------------------
                         Iteration time: 3.15s
                           Time elapsed: 00:05:20
                                    ETA: 00:00:39

################################################################################
[1m                           Learning iteration 89/100                            [0m 

                               Run name: breadth
                            Total steps: 46080 
                       Steps per second: 79 
                        Collection time: 1.949s 
                          Learning time: 4.473s 
                        Mean value loss: 2997.3128
                    Mean surrogate loss: -0.0229
                      Mean entropy loss: 10.5205
           Mean standing_retention loss: 0.0003
                            Mean reward: -98.69
                    Mean episode length: 5.62
                        Mean action std: 0.38
  Episode_Reward/motion_global_root_pos: 0.0054
  Episode_Reward/motion_global_root_ori: 0.0050
         Episode_Reward/motion_body_pos: 0.0112
         Episode_Reward/motion_body_ori: 0.0086
     Episode_Reward/motion_body_lin_vel: 0.0090
     Episode_Reward/motion_body_ang_vel: 0.0075
          Episode_Reward/action_rate_l2: -0.0295
             Episode_Reward/joint_limit: -0.0006
         Episode_Reward/self_collisions: -0.0150
Episode_Reward/action_target_reference_l2: -0.0054
Episode_Reward/action_target_soft_limit_barrier: -0.0002
                   Episode_Reward/alive: 0.0480
 Episode_Reward/non_timeout_termination: -9.9219
Episode_Reward/worst_ee_z_normalized_squared: -0.0149
Episode_Reward/right_wrist_prethreshold_barrier: 0.0000
        Metrics/motion/error_anchor_pos: 0.0554
        Metrics/motion/error_anchor_rot: 0.1482
    Metrics/motion/error_anchor_lin_vel: 0.4498
    Metrics/motion/error_anchor_ang_vel: 1.0943
          Metrics/motion/error_body_pos: 0.1559
          Metrics/motion/error_body_rot: 0.2904
         Metrics/motion/error_joint_pos: 0.5250
         Metrics/motion/error_joint_vel: 6.2490
        Metrics/motion/sampling_entropy: 0.9320
      Metrics/motion/sampling_top1_prob: 0.0440
       Metrics/motion/sampling_top1_bin: 0.0924
      Metrics/motion/error_body_lin_vel: 0.4924
      Metrics/motion/error_body_ang_vel: 1.7584
           Episode_Termination/time_out: 0.0000
         Episode_Termination/anchor_pos: 0.0000
         Episode_Termination/anchor_ori: 0.0000
        Episode_Termination/ee_body_pos: 0.0000
Episode_Termination/corpus_clip_time_out: 0.0625
Episode_Termination/stage_one_actuation_guard: 4.8750
--------------------------------------------------------------------------------
                         Iteration time: 6.42s
                           Time elapsed: 00:05:26
                                    ETA: 00:00:36

################################################################################
[1m                           Learning iteration 90/100                            [0m 

                               Run name: breadth
                            Total steps: 46592 
                       Steps per second: 146 
                        Collection time: 2.153s 
                          Learning time: 1.343s 
                        Mean value loss: 1797.3033
                    Mean surrogate loss: -0.0235
                      Mean entropy loss: 10.5205
           Mean standing_retention loss: 0.0003
                            Mean reward: -98.71
                    Mean episode length: 5.89
                        Mean action std: 0.38
  Episode_Reward/motion_global_root_pos: 0.0070
  Episode_Reward/motion_global_root_ori: 0.0064
         Episode_Reward/motion_body_pos: 0.0149
         Episode_Reward/motion_body_ori: 0.0109
     Episode_Reward/motion_body_lin_vel: 0.0115
     Episode_Reward/motion_body_ang_vel: 0.0102
          Episode_Reward/action_rate_l2: -0.0329
             Episode_Reward/joint_limit: -0.0007
         Episode_Reward/self_collisions: -0.0269
Episode_Reward/action_target_reference_l2: -0.0082
Episode_Reward/action_target_soft_limit_barrier: -0.0002
                   Episode_Reward/alive: 0.0677
 Episode_Reward/non_timeout_termination: -10.0000
Episode_Reward/worst_ee_z_normalized_squared: -0.0286
Episode_Reward/right_wrist_prethreshold_barrier: -0.0003
        Metrics/motion/error_anchor_pos: 0.0809
        Metrics/motion/error_anchor_rot: 0.1787
    Metrics/motion/error_anchor_lin_vel: 0.4788
    Metrics/motion/error_anchor_ang_vel: 0.9428
          Metrics/motion/error_body_pos: 0.3293
          Metrics/motion/error_body_rot: 0.3599
         Metrics/motion/error_joint_pos: 0.6469
         Metrics/motion/error_joint_vel: 6.0105
        Metrics/motion/sampling_entropy: 0.9323
      Metrics/motion/sampling_top1_prob: 0.0436
       Metrics/motion/sampling_top1_bin: 0.0924
      Metrics/motion/error_body_lin_vel: 0.5213
      Metrics/motion/error_body_ang_vel: 1.7257
           Episode_Termination/time_out: 0.0000
         Episode_Termination/anchor_pos: 0.0000
         Episode_Termination/anchor_ori: 0.0000
        Episode_Termination/ee_body_pos: 0.0000
Episode_Termination/corpus_clip_time_out: 0.0000
Episode_Termination/stage_one_actuation_guard: 2.8000
--------------------------------------------------------------------------------
                         Iteration time: 3.50s
                           Time elapsed: 00:05:30
                                    ETA: 00:00:32

################################################################################
[1m                           Learning iteration 91/100                            [0m 

                               Run name: breadth
                            Total steps: 47104 
                       Steps per second: 165 
                        Collection time: 1.802s 
                          Learning time: 1.283s 
                        Mean value loss: 2516.6768
                    Mean surrogate loss: -0.0213
                      Mean entropy loss: 10.5205
           Mean standing_retention loss: 0.0004
                            Mean reward: -98.73
                    Mean episode length: 8.43
                        Mean action std: 0.38
  Episode_Reward/motion_global_root_pos: 0.0084
  Episode_Reward/motion_global_root_ori: 0.0074
         Episode_Reward/motion_body_pos: 0.0176
         Episode_Reward/motion_body_ori: 0.0114
     Episode_Reward/motion_body_lin_vel: 0.0149
     Episode_Reward/motion_body_ang_vel: 0.0123
          Episode_Reward/action_rate_l2: -0.0423
             Episode_Reward/joint_limit: -0.0000
         Episode_Reward/self_collisions: -0.0414
Episode_Reward/action_target_reference_l2: -0.0118
Episode_Reward/action_target_soft_limit_barrier: -0.0002
                   Episode_Reward/alive: 0.0815
 Episode_Reward/non_timeout_termination: -9.9375
Episode_Reward/worst_ee_z_normalized_squared: -0.0330
Episode_Reward/right_wrist_prethreshold_barrier: -0.0013
        Metrics/motion/error_anchor_pos: 0.0683
        Metrics/motion/error_anchor_rot: 0.1696
    Metrics/motion/error_anchor_lin_vel: 0.3942
    Metrics/motion/error_anchor_ang_vel: 0.9972
          Metrics/motion/error_body_pos: 0.5582
          Metrics/motion/error_body_rot: 0.4420
         Metrics/motion/error_joint_pos: 0.6540
         Metrics/motion/error_joint_vel: 5.6722
        Metrics/motion/sampling_entropy: 0.9322
      Metrics/motion/sampling_top1_prob: 0.0434
       Metrics/motion/sampling_top1_bin: 0.0924
      Metrics/motion/error_body_lin_vel: 0.4560
      Metrics/motion/error_body_ang_vel: 1.6634
           Episode_Termination/time_out: 0.0000
         Episode_Termination/anchor_pos: 0.0000
         Episode_Termination/anchor_ori: 0.0000
        Episode_Termination/ee_body_pos: 0.0000
Episode_Termination/corpus_clip_time_out: 0.0625
Episode_Termination/stage_one_actuation_guard: 4.1875
--------------------------------------------------------------------------------
                         Iteration time: 3.09s
                           Time elapsed: 00:05:33
                                    ETA: 00:00:28

################################################################################
[1m                           Learning iteration 92/100                            [0m 

                               Run name: breadth
                            Total steps: 47616 
                       Steps per second: 167 
                        Collection time: 1.663s 
                          Learning time: 1.385s 
                        Mean value loss: 3613.8422
                    Mean surrogate loss: -0.0172
                      Mean entropy loss: 10.5205
           Mean standing_retention loss: 0.0004
                            Mean reward: -98.59
                    Mean episode length: 8.23
                        Mean action std: 0.38
  Episode_Reward/motion_global_root_pos: 0.0075
  Episode_Reward/motion_global_root_ori: 0.0068
         Episode_Reward/motion_body_pos: 0.0158
         Episode_Reward/motion_body_ori: 0.0111
     Episode_Reward/motion_body_lin_vel: 0.0130
     Episode_Reward/motion_body_ang_vel: 0.0111
          Episode_Reward/action_rate_l2: -0.0374
             Episode_Reward/joint_limit: -0.0010
         Episode_Reward/self_collisions: -0.0213
Episode_Reward/action_target_reference_l2: -0.0085
Episode_Reward/action_target_soft_limit_barrier: -0.0002
                   Episode_Reward/alive: 0.0724
 Episode_Reward/non_timeout_termination: -9.9306
Episode_Reward/worst_ee_z_normalized_squared: -0.0244
Episode_Reward/right_wrist_prethreshold_barrier: -0.0002
        Metrics/motion/error_anchor_pos: 0.0717
        Metrics/motion/error_anchor_rot: 0.1631
    Metrics/motion/error_anchor_lin_vel: 0.4531
    Metrics/motion/error_anchor_ang_vel: 1.1445
          Metrics/motion/error_body_pos: 0.2679
          Metrics/motion/error_body_rot: 0.3830
         Metrics/motion/error_joint_pos: 0.5578
         Metrics/motion/error_joint_vel: 5.8995
        Metrics/motion/sampling_entropy: 0.9322
      Metrics/motion/sampling_top1_prob: 0.0434
       Metrics/motion/sampling_top1_bin: 0.0924
      Metrics/motion/error_body_lin_vel: 0.5085
      Metrics/motion/error_body_ang_vel: 1.7789
           Episode_Termination/time_out: 0.0000
         Episode_Termination/anchor_pos: 0.0000
         Episode_Termination/anchor_ori: 0.0000
        Episode_Termination/ee_body_pos: 0.0625
Episode_Termination/corpus_clip_time_out: 0.0625
Episode_Termination/stage_one_actuation_guard: 5.4375
--------------------------------------------------------------------------------
                         Iteration time: 3.05s
                           Time elapsed: 00:05:36
                                    ETA: 00:00:25

################################################################################
[1m                           Learning iteration 93/100                            [0m 

                               Run name: breadth
                            Total steps: 48128 
                       Steps per second: 158 
                        Collection time: 1.707s 
                          Learning time: 1.515s 
                        Mean value loss: 2611.2452
                    Mean surrogate loss: -0.0215
                      Mean entropy loss: 10.5205
           Mean standing_retention loss: 0.0004
                            Mean reward: -97.85
                    Mean episode length: 5.34
                        Mean action std: 0.38
  Episode_Reward/motion_global_root_pos: 0.0047
  Episode_Reward/motion_global_root_ori: 0.0041
         Episode_Reward/motion_body_pos: 0.0094
         Episode_Reward/motion_body_ori: 0.0072
     Episode_Reward/motion_body_lin_vel: 0.0073
     Episode_Reward/motion_body_ang_vel: 0.0061
          Episode_Reward/action_rate_l2: -0.0282
             Episode_Reward/joint_limit: -0.0001
         Episode_Reward/self_collisions: -0.0270
Episode_Reward/action_target_reference_l2: -0.0047
Episode_Reward/action_target_soft_limit_barrier: -0.0002
                   Episode_Reward/alive: 0.0387
 Episode_Reward/non_timeout_termination: -9.9107
Episode_Reward/worst_ee_z_normalized_squared: -0.0132
Episode_Reward/right_wrist_prethreshold_barrier: -0.0000
        Metrics/motion/error_anchor_pos: 0.0520
        Metrics/motion/error_anchor_rot: 0.1470
    Metrics/motion/error_anchor_lin_vel: 0.4746
    Metrics/motion/error_anchor_ang_vel: 1.0418
          Metrics/motion/error_body_pos: 0.4707
          Metrics/motion/error_body_rot: 0.4190
         Metrics/motion/error_joint_pos: 0.4863
         Metrics/motion/error_joint_vel: 5.8726
        Metrics/motion/sampling_entropy: 0.9322
      Metrics/motion/sampling_top1_prob: 0.0435
       Metrics/motion/sampling_top1_bin: 0.0924
      Metrics/motion/error_body_lin_vel: 0.5310
      Metrics/motion/error_body_ang_vel: 1.6111
           Episode_Termination/time_out: 0.0000
         Episode_Termination/anchor_pos: 0.0000
         Episode_Termination/anchor_ori: 0.0000
        Episode_Termination/ee_body_pos: 0.0000
Episode_Termination/corpus_clip_time_out: 0.0625
Episode_Termination/stage_one_actuation_guard: 5.0000
--------------------------------------------------------------------------------
                         Iteration time: 3.22s
                           Time elapsed: 00:05:39
                                    ETA: 00:00:21

################################################################################
[1m                           Learning iteration 94/100                            [0m 

                               Run name: breadth
                            Total steps: 48640 
                       Steps per second: 150 
                        Collection time: 1.778s 
                          Learning time: 1.627s 
                        Mean value loss: 2723.8115
                    Mean surrogate loss: -0.0191
                      Mean entropy loss: 10.5205
           Mean standing_retention loss: 0.0003
                            Mean reward: -99.89
                    Mean episode length: 6.38
                        Mean action std: 0.38
  Episode_Reward/motion_global_root_pos: 0.0061
  Episode_Reward/motion_global_root_ori: 0.0054
         Episode_Reward/motion_body_pos: 0.0128
         Episode_Reward/motion_body_ori: 0.0096
     Episode_Reward/motion_body_lin_vel: 0.0100
     Episode_Reward/motion_body_ang_vel: 0.0086
          Episode_Reward/action_rate_l2: -0.0346
             Episode_Reward/joint_limit: -0.0005
         Episode_Reward/self_collisions: -0.0300
Episode_Reward/action_target_reference_l2: -0.0069
Episode_Reward/action_target_soft_limit_barrier: -0.0003
                   Episode_Reward/alive: 0.0567
 Episode_Reward/non_timeout_termination: -10.0000
Episode_Reward/worst_ee_z_normalized_squared: -0.0204
Episode_Reward/right_wrist_prethreshold_barrier: -0.0000
        Metrics/motion/error_anchor_pos: 0.0655
        Metrics/motion/error_anchor_rot: 0.1619
    Metrics/motion/error_anchor_lin_vel: 0.4443
    Metrics/motion/error_anchor_ang_vel: 0.9597
          Metrics/motion/error_body_pos: 0.4422
          Metrics/motion/error_body_rot: 0.3764
         Metrics/motion/error_joint_pos: 0.5927
         Metrics/motion/error_joint_vel: 5.6589
        Metrics/motion/sampling_entropy: 0.9322
      Metrics/motion/sampling_top1_prob: 0.0432
       Metrics/motion/sampling_top1_bin: 0.0924
      Metrics/motion/error_body_lin_vel: 0.5046
      Metrics/motion/error_body_ang_vel: 1.6478
           Episode_Termination/time_out: 0.0000
         Episode_Termination/anchor_pos: 0.0000
         Episode_Termination/anchor_ori: 0.0000
        Episode_Termination/ee_body_pos: 0.0625
Episode_Termination/corpus_clip_time_out: 0.0625
Episode_Termination/stage_one_actuation_guard: 4.3125
--------------------------------------------------------------------------------
                         Iteration time: 3.41s
                           Time elapsed: 00:05:42
                                    ETA: 00:00:18

################################################################################
[1m                           Learning iteration 95/100                            [0m 

                               Run name: breadth
                            Total steps: 49152 
                       Steps per second: 147 
                        Collection time: 2.105s 
                          Learning time: 1.362s 
                        Mean value loss: 2771.4669
                    Mean surrogate loss: -0.0220
                      Mean entropy loss: 10.5205
           Mean standing_retention loss: 0.0003
                            Mean reward: -99.72
                    Mean episode length: 6.92
                        Mean action std: 0.38
  Episode_Reward/motion_global_root_pos: 0.0068
  Episode_Reward/motion_global_root_ori: 0.0059
         Episode_Reward/motion_body_pos: 0.0141
         Episode_Reward/motion_body_ori: 0.0101
     Episode_Reward/motion_body_lin_vel: 0.0114
     Episode_Reward/motion_body_ang_vel: 0.0097
          Episode_Reward/action_rate_l2: -0.0364
             Episode_Reward/joint_limit: -0.0001
         Episode_Reward/self_collisions: -0.0188
Episode_Reward/action_target_reference_l2: -0.0081
Episode_Reward/action_target_soft_limit_barrier: -0.0002
                   Episode_Reward/alive: 0.0630
 Episode_Reward/non_timeout_termination: -10.0000
Episode_Reward/worst_ee_z_normalized_squared: -0.0265
Episode_Reward/right_wrist_prethreshold_barrier: -0.0002
        Metrics/motion/error_anchor_pos: 0.0663
        Metrics/motion/error_anchor_rot: 0.1693
    Metrics/motion/error_anchor_lin_vel: 0.4477
    Metrics/motion/error_anchor_ang_vel: 1.0004
          Metrics/motion/error_body_pos: 0.7294
          Metrics/motion/error_body_rot: 0.4360
         Metrics/motion/error_joint_pos: 0.6298
         Metrics/motion/error_joint_vel: 5.8014
        Metrics/motion/sampling_entropy: 0.9324
      Metrics/motion/sampling_top1_prob: 0.0431
       Metrics/motion/sampling_top1_bin: 0.0924
      Metrics/motion/error_body_lin_vel: 0.4621
      Metrics/motion/error_body_ang_vel: 1.6442
           Episode_Termination/time_out: 0.0000
         Episode_Termination/anchor_pos: 0.0000
         Episode_Termination/anchor_ori: 0.0000
        Episode_Termination/ee_body_pos: 0.0000
Episode_Termination/corpus_clip_time_out: 0.0000
Episode_Termination/stage_one_actuation_guard: 4.2500
--------------------------------------------------------------------------------
                         Iteration time: 3.47s
                           Time elapsed: 00:05:46
                                    ETA: 00:00:14

################################################################################
[1m                           Learning iteration 96/100                            [0m 

                               Run name: breadth
                            Total steps: 49664 
                       Steps per second: 144 
                        Collection time: 2.052s 
                          Learning time: 1.487s 
                        Mean value loss: 3016.1615
                    Mean surrogate loss: -0.0214
                      Mean entropy loss: 10.5205
           Mean standing_retention loss: 0.0003
                            Mean reward: -98.69
                    Mean episode length: 8.26
                        Mean action std: 0.38
  Episode_Reward/motion_global_root_pos: 0.0073
  Episode_Reward/motion_global_root_ori: 0.0067
         Episode_Reward/motion_body_pos: 0.0151
         Episode_Reward/motion_body_ori: 0.0106
     Episode_Reward/motion_body_lin_vel: 0.0125
     Episode_Reward/motion_body_ang_vel: 0.0106
          Episode_Reward/action_rate_l2: -0.0351
             Episode_Reward/joint_limit: -0.0002
         Episode_Reward/self_collisions: -0.0280
Episode_Reward/action_target_reference_l2: -0.0091
Episode_Reward/action_target_soft_limit_barrier: -0.0002
                   Episode_Reward/alive: 0.0687
 Episode_Reward/non_timeout_termination: -9.8438
Episode_Reward/worst_ee_z_normalized_squared: -0.0261
Episode_Reward/right_wrist_prethreshold_barrier: -0.0002
        Metrics/motion/error_anchor_pos: 0.0660
        Metrics/motion/error_anchor_rot: 0.1520
    Metrics/motion/error_anchor_lin_vel: 0.4564
    Metrics/motion/error_anchor_ang_vel: 0.8959
          Metrics/motion/error_body_pos: 0.4988
          Metrics/motion/error_body_rot: 0.4566
         Metrics/motion/error_joint_pos: 0.5490
         Metrics/motion/error_joint_vel: 5.1434
        Metrics/motion/sampling_entropy: 0.9326
      Metrics/motion/sampling_top1_prob: 0.0439
       Metrics/motion/sampling_top1_bin: 0.0924
      Metrics/motion/error_body_lin_vel: 0.4947
      Metrics/motion/error_body_ang_vel: 1.5677
           Episode_Termination/time_out: 0.0000
         Episode_Termination/anchor_pos: 0.0000
         Episode_Termination/anchor_ori: 0.0000
        Episode_Termination/ee_body_pos: 0.0625
Episode_Termination/corpus_clip_time_out: 0.0625
Episode_Termination/stage_one_actuation_guard: 5.1250
--------------------------------------------------------------------------------
                         Iteration time: 3.54s
                           Time elapsed: 00:05:49
                                    ETA: 00:00:10

################################################################################
[1m                           Learning iteration 97/100                            [0m 

                               Run name: breadth
                            Total steps: 50176 
                       Steps per second: 144 
                        Collection time: 1.967s 
                          Learning time: 1.564s 
                        Mean value loss: 2113.5932
                    Mean surrogate loss: -0.0252
                      Mean entropy loss: 10.5205
           Mean standing_retention loss: 0.0003
                            Mean reward: -98.73
                    Mean episode length: 8.12
                        Mean action std: 0.38
  Episode_Reward/motion_global_root_pos: 0.0049
  Episode_Reward/motion_global_root_ori: 0.0043
         Episode_Reward/motion_body_pos: 0.0099
         Episode_Reward/motion_body_ori: 0.0078
     Episode_Reward/motion_body_lin_vel: 0.0076
     Episode_Reward/motion_body_ang_vel: 0.0063
          Episode_Reward/action_rate_l2: -0.0312
             Episode_Reward/joint_limit: -0.0006
         Episode_Reward/self_collisions: -0.0102
Episode_Reward/action_target_reference_l2: -0.0046
Episode_Reward/action_target_soft_limit_barrier: -0.0002
                   Episode_Reward/alive: 0.0412
 Episode_Reward/non_timeout_termination: -10.0000
Episode_Reward/worst_ee_z_normalized_squared: -0.0113
Episode_Reward/right_wrist_prethreshold_barrier: 0.0000
        Metrics/motion/error_anchor_pos: 0.0518
        Metrics/motion/error_anchor_rot: 0.1467
    Metrics/motion/error_anchor_lin_vel: 0.4699
    Metrics/motion/error_anchor_ang_vel: 1.0921
          Metrics/motion/error_body_pos: 0.4400
          Metrics/motion/error_body_rot: 0.4346
         Metrics/motion/error_joint_pos: 0.4995
         Metrics/motion/error_joint_vel: 5.9685
        Metrics/motion/sampling_entropy: 0.9327
      Metrics/motion/sampling_top1_prob: 0.0436
       Metrics/motion/sampling_top1_bin: 0.0924
      Metrics/motion/error_body_lin_vel: 0.5022
      Metrics/motion/error_body_ang_vel: 1.8159
           Episode_Termination/time_out: 0.0000
         Episode_Termination/anchor_pos: 0.0000
         Episode_Termination/anchor_ori: 0.0000
        Episode_Termination/ee_body_pos: 0.0000
Episode_Termination/corpus_clip_time_out: 0.0000
Episode_Termination/stage_one_actuation_guard: 3.8000
--------------------------------------------------------------------------------
                         Iteration time: 3.53s
                           Time elapsed: 00:05:53
                                    ETA: 00:00:07

################################################################################
[1m                           Learning iteration 98/100                            [0m 

                               Run name: breadth
                            Total steps: 50688 
                       Steps per second: 83 
                        Collection time: 1.696s 
                          Learning time: 4.445s 
                        Mean value loss: 3295.0752
                    Mean surrogate loss: -0.0203
                      Mean entropy loss: 10.5205
           Mean standing_retention loss: 0.0004
                            Mean reward: -99.73
                    Mean episode length: 7.40
                        Mean action std: 0.38
  Episode_Reward/motion_global_root_pos: 0.0070
  Episode_Reward/motion_global_root_ori: 0.0061
         Episode_Reward/motion_body_pos: 0.0143
         Episode_Reward/motion_body_ori: 0.0097
     Episode_Reward/motion_body_lin_vel: 0.0119
     Episode_Reward/motion_body_ang_vel: 0.0101
          Episode_Reward/action_rate_l2: -0.0366
             Episode_Reward/joint_limit: -0.0006
         Episode_Reward/self_collisions: -0.0213
Episode_Reward/action_target_reference_l2: -0.0085
Episode_Reward/action_target_soft_limit_barrier: -0.0002
                   Episode_Reward/alive: 0.0648
 Episode_Reward/non_timeout_termination: -10.0000
Episode_Reward/worst_ee_z_normalized_squared: -0.0282
Episode_Reward/right_wrist_prethreshold_barrier: -0.0000
        Metrics/motion/error_anchor_pos: 0.0592
        Metrics/motion/error_anchor_rot: 0.1591
    Metrics/motion/error_anchor_lin_vel: 0.4736
    Metrics/motion/error_anchor_ang_vel: 0.9871
          Metrics/motion/error_body_pos: 0.3425
          Metrics/motion/error_body_rot: 0.4165
         Metrics/motion/error_joint_pos: 0.5355
         Metrics/motion/error_joint_vel: 5.6278
        Metrics/motion/sampling_entropy: 0.9327
      Metrics/motion/sampling_top1_prob: 0.0437
       Metrics/motion/sampling_top1_bin: 0.0924
      Metrics/motion/error_body_lin_vel: 0.5196
      Metrics/motion/error_body_ang_vel: 1.6537
           Episode_Termination/time_out: 0.0000
         Episode_Termination/anchor_pos: 0.0000
         Episode_Termination/anchor_ori: 0.0000
        Episode_Termination/ee_body_pos: 0.1250
Episode_Termination/corpus_clip_time_out: 0.0000
Episode_Termination/stage_one_actuation_guard: 5.7500
--------------------------------------------------------------------------------
                         Iteration time: 6.14s
                           Time elapsed: 00:05:59
                                    ETA: 00:00:03

################################################################################
[1m                           Learning iteration 99/100                            [0m 

                               Run name: breadth
                            Total steps: 51200 
                       Steps per second: 169 
                        Collection time: 1.696s 
                          Learning time: 1.323s 
                        Mean value loss: 2548.0224
                    Mean surrogate loss: -0.0222
                      Mean entropy loss: 10.5205
           Mean standing_retention loss: 0.0004
                            Mean reward: -99.73
                    Mean episode length: 6.22
                        Mean action std: 0.38
  Episode_Reward/motion_global_root_pos: 0.0070
  Episode_Reward/motion_global_root_ori: 0.0060
         Episode_Reward/motion_body_pos: 0.0146
         Episode_Reward/motion_body_ori: 0.0100
     Episode_Reward/motion_body_lin_vel: 0.0114
     Episode_Reward/motion_body_ang_vel: 0.0095
          Episode_Reward/action_rate_l2: -0.0348
             Episode_Reward/joint_limit: -0.0003
         Episode_Reward/self_collisions: -0.0158
Episode_Reward/action_target_reference_l2: -0.0087
Episode_Reward/action_target_soft_limit_barrier: -0.0002
                   Episode_Reward/alive: 0.0664
 Episode_Reward/non_timeout_termination: -10.0000
Episode_Reward/worst_ee_z_normalized_squared: -0.0299
Episode_Reward/right_wrist_prethreshold_barrier: 0.0000
        Metrics/motion/error_anchor_pos: 0.0653
        Metrics/motion/error_anchor_rot: 0.1651
    Metrics/motion/error_anchor_lin_vel: 0.4884
    Metrics/motion/error_anchor_ang_vel: 1.1339
          Metrics/motion/error_body_pos: 0.3591
          Metrics/motion/error_body_rot: 0.3693
         Metrics/motion/error_joint_pos: 0.6079
         Metrics/motion/error_joint_vel: 5.9562
        Metrics/motion/sampling_entropy: 0.9330
      Metrics/motion/sampling_top1_prob: 0.0438
       Metrics/motion/sampling_top1_bin: 0.0924
      Metrics/motion/error_body_lin_vel: 0.5284
      Metrics/motion/error_body_ang_vel: 1.7899
           Episode_Termination/time_out: 0.0000
         Episode_Termination/anchor_pos: 0.0000
         Episode_Termination/anchor_ori: 0.0000
        Episode_Termination/ee_body_pos: 0.0000
Episode_Termination/corpus_clip_time_out: 0.0000
Episode_Termination/stage_one_actuation_guard: 4.0000
--------------------------------------------------------------------------------
                         Iteration time: 3.02s
                           Time elapsed: 00:06:02
                                    ETA: 00:00:00

/mnt/z/codex/GR00T-WholeBodyControl-sonic-transfer-23dof/artifacts/g1_true23_frozen_lora/ieee_motion_ppo_20260906_v2/breadth_serial
