candidate_id,target_rad,delay_substeps,passed,minimum_position_margin_rad,minimum_reserve_margin_rad,minimum_velocity_margin_rad_s,maximum_applied_effort_ratio,saturated_substeps,first_failure_substep,first_failure,limiting_joint,runtime_fixed_candidate_preview_passed
0,-2.2515,0,True,0.047447261163444665,0.04734726116344466,14.941715424149459,0.23849728481526986,0,,,,True
0,-2.2515,1,True,0.04972565932264361,0.04962565932264361,15.026219436710385,0.25978108659773075,0,,,,True
0,-2.2515,2,True,0.05195894657586342,0.051858946575863415,15.113917003458594,0.26026655305377977,0,,,,True
0,-2.2515,3,True,0.05417250963927822,0.05407250963927822,15.244406142628424,0.26077499188642117,0,,,,True
0,-2.2515,4,True,0.056326169564497874,0.05622616956449787,15.373122849996747,0.26129942563632835,0,,,,True
0,-2.2515,5,True,0.05838022843941415,0.05828022843941415,15.459910001752998,0.2616386600453107,0,,,,True
0,-2.2515,6,True,0.06035207941407483,0.06025207941407483,15.541838276630987,0.26196653970957495,0,,,,True
1,-2.251499891281128,0,True,0.04744727268866189,0.04734727268866189,14.941715424792388,0.23849728634653278,0,,,,True
1,-2.251499891281128,1,True,0.04972566974755477,0.049625669747554765,15.02621943738751,0.25978108659773075,0,,,,True
1,-2.251499891281128,2,True,0.05195895593299005,0.051858955932990045,15.113917004151947,0.26026655305377977,0,,,,True
1,-2.251499891281128,3,True,0.054172517963584355,0.05407251796358435,15.24440614333183,0.26077499188642117,0,,,,True
1,-2.251499891281128,4,True,0.0563261768938248,0.056226176893824795,15.37312285068478,0.26129942563632835,0,,,,True
1,-2.251499891281128,5,True,0.05838023481460164,0.058280234814601636,15.459910002457471,0.2616386600453107,0,,,,True
1,-2.251499891281128,6,True,0.060352084879828016,0.06025208487982801,15.541838277345658,0.26196653970957495,0,,,,True
2,-2.236501171875,0,True,0.04903734864995535,0.048937348649955345,14.941804250656872,0.23870868875815685,0,,,,True
2,-2.236501171875,1,True,0.05116393281578446,0.05106393281578446,15.026312933583512,0.25978108659773075,0,,,,True
2,-2.236501171875,2,True,0.05324989484891596,0.053149894848915955,15.114012738434269,0.26026655305377977,0,,,,True
2,-2.236501171875,3,True,0.055320958847702606,0.0552209588477026,15.244503264920688,0.26077499188642117,0,,,,True
2,-2.236501171875,4,True,0.05733733373629013,0.05723733373629013,15.373217898004555,0.26129942563632835,0,,,,True
2,-2.236501171875,5,True,0.05925976150085788,0.059159761500857874,15.460007316899034,0.2616386600453107,0,,,,True
2,-2.236501171875,6,True,0.0611061416954084,0.0610061416954084,15.541936999243806,0.26196653970957495,0,,,,True
3,-2.22150234375,0,True,0.050627579012769264,0.05052757901276926,14.94189333190532,0.23892039518548935,0,,,,True
3,-2.22150234375,1,True,0.05260231688162653,0.05250231688162653,15.026406591664337,0.25978108659773075,0,,,,True
3,-2.22150234375,2,True,0.05454092627944984,0.05444092627944984,15.114108634722438,0.26026655305377977,0,,,,True
3,-2.22150234375,3,True,0.0564694684160143,0.0563694684160143,15.244600548523717,0.26077499188642117,0,,,,True
3,-2.22150234375,4,True,0.058348524182060935,0.05824852418206093,15.373313200329125,0.26129942563632835,0,,,,True
3,-2.22150234375,5,True,0.060139322032398024,0.06003932203239802,15.46010488601311,0.2616386600453107,0,,,,True
3,-2.22150234375,6,True,0.061860220628874085,0.06176022062887408,15.542035975394676,0.26196653970957495,0,,,,True
4,-2.206503515625,0,True,0.05221795219406378,0.052117952194063774,14.941982667964748,0.2391324036564465,0,,,,True
4,-2.206503515625,1,True,0.05404081149465023,0.05394081149465023,15.026500410982745,0.25978108659773075,0,,,,True
4,-2.206503515625,2,True,0.05583204086230209,0.05573204086230209,15.114204692353102,0.26026655305377977,0,,,,True
4,-2.206503515625,3,True,0.057618029781409064,0.05751802978140906,15.244697993467572,0.26077499188642117,0,,,,True
4,-2.206503515625,4,True,0.05935975652693104,0.05925975652693104,15.373408757041243,0.26129942563632835,0,,,,True
4,-2.206503515625,5,True,0.061018910046446884,0.06091891004644688,15.460202709166236,0.2616386600453107,0,,,,True
4,-2.206503515625,6,True,0.06261429640690963,0.06251429640690963,15.542135626836311,0.26196653970957495,0,,,,True
5,-2.1915046875,0,True,0.053808456198662924,0.05370845619866292,14.942072258905089,0.23934466768949,0,,,,True
5,-2.1915046875,1,True,0.05547941662981071,0.055379416629810704,15.026594391568608,0.25978108659773075,0,,,,True
5,-2.1915046875,2,True,0.05712323859268764,0.05702323859268764,15.114300911356246,0.26026655305377977,0,,,,True
5,-2.1915046875,3,True,0.05876663550340622,0.058666635503406214,15.244795599782353,0.26077499188642117,0,,,,True
5,-2.1915046875,4,True,0.060371030782469415,0.06027103078246941,15.373504568211672,0.26129942563632835,0,,,,True
5,-2.1915046875,5,True,0.06189852555554687,0.061798525555546865,15.460300786429372,0.2616386600453107,0,,,,True
5,-2.1915046875,6,True,0.06336838307855475,0.06326838307855474,15.54223565458782,0.26196653970957495,0,,,,True
6,-2.176505859375,0,True,0.05539909523490927,0.055299095234909265,14.942162104796198,0.2395572033836972,0,,,,True
6,-2.176505859375,1,True,0.05691813226256137,0.05681813226256137,15.026688533451782,0.25978108659773075,0,,,,True
6,-2.176505859375,2,True,0.05841451636970296,0.05831451636970296,15.114397291761813,0.26026655305377977,0,,,,True
6,-2.176505859375,3,True,0.05991530157080183,0.059815301570801824,15.244893367498104,0.26077499188642117,0,,,,True
6,-2.176505859375,4,True,0.061382346960433765,0.06128234696043376,15.37360063391115,0.26129942563632835,0,,,,True
6,-2.176505859375,5,True,0.06277816857236518,0.06267816857236518,15.460399117873433,0.2616386600453107,0,,,,True
6,-2.176505859375,6,True,0.06412248641546414,0.06402248641546414,15.542335936108651,0.26196653970957495,0,,,,True
7,-2.16150703125,0,True,0.05698987687280299,0.05688987687280299,14.942252205707923,0.2397700397270306,0,,,,True
7,-2.16150703125,1,True,0.0583569583688357,0.058256958368835696,15.026782836662111,0.25978108659773075,0,,,,True
7,-2.16150703125,2,True,0.05970585671943063,0.059605856719430625,15.114493833599784,0.26026655305377977,0,,,,True
7,-2.16150703125,3,True,0.06106402799064892,0.060964027990648914,15.244991296644855,0.26077499188642117,0,,,,True
7,-2.16150703125,4,True,0.062393705072774974,0.06229370507277497,15.373696954210352,0.26129942563632835,0,,,,True
7,-2.16150703125,5,True,0.06365782906495765,0.06355782906495765,15.460497905997737,0.2616386600453107,0,,,,True
7,-2.16150703125,6,True,0.06487660642894433,0.06477660642894432,15.542436471469578,0.26196653970957495,0,,,,True
8,-2.1485183461080015,0,True,0.05836757712386609,0.058267577123866085,14.942330437393164,0.23995459430796298,0,,,,True
8,-2.1485183461080015,1,True,0.05960304223569146,0.05950304223569146,15.026864631723353,0.25978108659773075,0,,,,True
8,-2.1485183461080015,2,True,0.06082419877203815,0.06072419877203815,15.114577567352885,0.26026655305377977,0,,,,True
8,-2.1485183461080015,3,True,0.0620588508602693,0.061958850860269296,15.245076231778592,0.26077499188642117,0,,,,True
8,-2.1485183461080015,4,True,0.06326955485863373,0.06316955485863372,15.373780571421356,0.26129942563632835,0,,,,True
8,-2.1485183461080015,5,True,0.06441960518025036,0.06431960518025036,15.460583952411307,0.2616386600453107,0,,,,True
8,-2.1485183461080015,6,True,0.06552967275895538,0.06542967275895538,15.542523738226045,0.26196653970957495,0,,,,True
9,-2.1465082031250002,0,True,0.05858080105688801,0.05848080105688801,14.942342561710038,0.23998317627273216,0,,,,True
9,-2.1465082031250002,1,True,0.05979589492507342,0.05969589492507342,15.026877301229417,0.25978108659773075,0,,,,True
9,-2.1465082031250002,2,True,0.06099728016788397,0.06089728016788397,15.114590536900064,0.26026655305377977,0,,,,True
9,-2.1465082031250002,3,True,0.06221281477026963,0.06211281477026963,15.245089387252655,0.26077499188642117,0,,,,True
9,-2.1465082031250002,4,True,0.06340510513163444,0.06330510513163444,15.373793529179913,0.26129942563632835,0,,,,True
9,-2.1465082031250002,5,True,0.06453750032108019,0.06443750032108018,15.460597286093602,0.2616386600453107,0,,,,True
9,-2.1465082031250002,6,True,0.06563074313037864,0.06553074313037864,15.542537260741323,0.26196653970957495,0,,,,True
10,-2.1315093750000003,0,True,0.06017186773234773,0.060071867732347725,14.942433172872292,0.2401966125726655,0,,,,True
10,-2.1315093750000003,1,True,0.06123494190820766,0.06113494190820766,15.02697192718352,0.25978108659773075,0,,,,True
10,-2.1315093750000003,2,True,0.06228878671171989,0.06218878671171989,15.1146874016926,0.26026655305377977,0,,,,True
10,-2.1315093750000003,3,True,0.06336166191726811,0.0632616619172681,15.24518763935151,0.26077499188642117,0,,,,True
10,-2.1315093750000003,4,True,0.0644165471493503,0.0643165471493503,15.373890358890439,0.26129942563632835,0,,,,True
10,-2.1315093750000003,5,True,0.0654171991005561,0.0653171991005561,15.460696920597897,0.2616386600453107,0,,,,True
10,-2.1315093750000003,6,True,0.06638489653122903,0.06628489653122903,15.542638303994579,0.26196653970957495,0,,,,True
11,-2.1165105468750003,0,True,0.0617630768450006,0.061663076845000594,14.942524039264374,0.24041034817731705,0,,,,True
11,-2.1165105468750003,1,True,0.0626740868337281,0.0625740868337281,15.027066714554216,0.25978108659773075,0,,,,True
11,-2.1165105468750003,2,True,0.0635803763479883,0.0634803763479883,15.114784428007292,0.26026655305377977,0,,,,True
11,-2.1165105468750003,3,True,0.06451056943952604,0.06441056943952604,15.24528605297142,0.26077499188642117,0,,,,True
11,-2.1165105468750003,4,True,0.0654280278743653,0.0653280278743653,15.373987508478963,0.26129942563632835,0,,,,True
11,-2.1165105468750003,5,True,0.06629692541654242,0.06619692541654242,15.460796809581064,0.2616386600453107,0,,,,True
11,-2.1165105468750003,6,True,0.06713906664303426,0.06703906664303426,15.542739601300003,0.26196653970957495,0,,,,True
12,-2.10151171875,0,True,0.06335442834131566,0.06325442834131566,14.94261516095596,0.24062438263579275,0,,,,True
12,-2.10151171875,1,True,0.06411333262393937,0.06401333262393936,15.027161663371292,0.25978108659773075,0,,,,True
12,-2.10151171875,2,True,0.0648720490741197,0.0647720490741197,15.114881615874037,0.26026655305377977,0,,,,True
12,-2.10151171875,3,True,0.06565953734520802,0.06555953734520802,15.245384628142373,0.26077499188642117,0,,,,True
12,-2.10151171875,4,True,0.06643952697678923,0.06633952697678923,15.37408538324665,0.26129942563632835,0,,,,True
12,-2.10151171875,5,True,0.06717667928232807,0.06707667928232806,15.460896953113522,0.2616386600453107,0,,,,True
12,-2.10151171875,6,True,0.0674955023037005,0.06739550230370049,15.542841285179549,0.26196653970957495,0,,,,True
13,-2.0959548950195312,0,True,0.06394403452182518,0.06384403452182517,14.942648984899051,0.240703754727672,0,,,,True
13,-2.0959548950195312,1,True,0.06464657796755535,0.06454657796755535,15.027196881368027,0.25978108659773075,0,,,,True
13,-2.0959548950195312,2,True,0.06535061406446463,0.06525061406446463,15.114917663429383,0.26026655305377977,0,,,,True
13,-2.0959548950195312,3,True,0.0660852267405394,0.0659852267405394,15.245421189671308,0.26077499188642117,0,,,,True
13,-2.0959548950195312,4,True,0.06681428172264825,0.06671428172264825,15.374121708992845,0.26129942563632835,0,,,,True
13,-2.0959548950195312,5,True,0.0675026208866445,0.06740262088664449,15.460934119312746,0.2616386600453107,0,,,,True
13,-2.0959548950195312,6,True,0.06744430469454432,0.06734430469454432,15.542879076164326,0.26196653970957495,0,,,,True
14,-2.086512890625,0,True,0.06494592216841832,0.06484592216841832,14.942706538016633,0.24083871549580102,0,,,,True
14,-2.086512890625,1,True,0.06555268873579356,0.06545268873579356,15.027256773664519,0.25978108659773075,0,,,,True
14,-2.086512890625,2,True,0.0661638048879376,0.0660638048879376,15.114978965322713,0.26026655305377977,0,,,,True
14,-2.086512890625,3,True,0.0668085559397924,0.0667085559397924,15.245483364894346,0.26077499188642117,0,,,,True
14,-2.086512890625,4,True,0.06745106805047874,0.06735106805047873,15.374183512979425,0.26129942563632835,0,,,,True
14,-2.086512890625,5,True,0.06775726153910933,0.06765726153910932,15.460997351265654,0.2616386600453107,0,,,,True
14,-2.086512890625,6,True,0.06735729840514448,0.06725729840514448,15.542943369572324,0.26196653970957495,0,,,,True
15,-2.0715140625,0,True,0.06653755827409524,0.06643755827409524,14.942798170515976,0.24105334630368042,0,,,,True
15,-2.0715140625,1,True,0.06699215514819246,0.06689215514819245,15.027352045463656,0.25978108659773075,0,,,,True
15,-2.0715140625,2,True,0.06745564378765145,0.06735564378765145,15.115076476383187,0.26026655305377977,0,,,,True
15,-2.0715140625,3,True,0.06795761877623008,0.06785761877623007,15.245582263257297,0.26077499188642117,0,,,,True
15,-2.0715140625,4,True,0.0679828071372901,0.0678828071372901,15.374281897747437,0.26129942563632835,0,,,,True
15,-2.0715140625,5,True,0.06760247061724511,0.06750247061724511,15.461098004107784,0.2616386600453107,0,,,,True
15,-2.0715140625,6,True,0.06721905426314789,0.06711905426314789,15.543045708135466,0.26196653970957495,0,,,,True
16,-2.056515234375,0,True,0.06812931886447116,0.06802931886447115,14.942890058523508,0.24126821444629992,0,,,,True
16,-2.056515234375,1,True,0.0684317318405574,0.0683317318405574,15.027447478798443,0.25978108659773075,0,,,,True
16,-2.056515234375,2,True,0.06854273737771299,0.06844273737771299,15.115174149085316,0.26026655305377977,0,,,,True
16,-2.056515234375,3,True,0.06817917861871559,0.06807917861871558,15.245681323261168,0.26077499188642117,0,,,,True
16,-2.056515234375,4,True,0.06781135791281745,0.06771135791281745,15.374380537620802,0.26129942563632835,0,,,,True
16,-2.056515234375,5,True,0.06744761976782376,0.06734761976782376,15.461198953848022,0.2616386600453107,0,,,,True
16,-2.056515234375,6,True,0.06708077006214985,0.06698077006214985,15.543148300939475,0.26196653970957495,0,,,,True
17,-2.04151640625,0,True,0.0689957357672748,0.0688957357672748,14.942982202108706,0.24148337349276078,0,,,,True
17,-2.04151640625,1,True,0.0686699557727235,0.0685699557727235,15.027543073698608,0.25978108659773075,0,,,,True
17,-2.04151640625,2,True,0.06833806724341729,0.06823806724341729,15.115271983458927,0.26026655305377977,0,,,,True
17,-2.04151640625,3,True,0.06799106155085521,0.06789106155085521,15.245780544935887,0.26077499188642117,0,,,,True
17,-2.04151640625,4,True,0.06763983114614058,0.06753983114614058,15.374479432669574,0.26129942563632835,0,,,,True
17,-2.04151640625,5,True,0.06729269589014653,0.06719269589014652,15.461300387272498,0.2616386600453107,0,,,,True
17,-2.04151640625,6,True,0.06694244598695187,0.06684244598695187,15.5432511480548,0.26196653970957495,0,,,,True
18,-2.026517578125,0,True,0.06875790880231714,0.06865790880231713,14.943074601341007,0.24169882909279344,0,,,,True
18,-2.026517578125,1,True,0.06844861593918328,0.06834861593918327,15.02763883019387,0.25978108659773075,0,,,,True
18,-2.026517578125,2,True,0.06813326457063917,0.06803326457063917,15.115369979533863,0.26026655305377977,0,,,,True
18,-2.026517578125,3,True,0.0678028420516954,0.0677028420516954,15.245879928311389,0.26077499188642117,0,,,,True
18,-2.026517578125,4,True,0.0674682272300231,0.0673682272300231,15.3745785829638,0.26129942563632835,0,,,,True
18,-2.026517578125,5,True,0.06713771565865745,0.06703771565865745,15.461402075504818,0.2616386600453107,0,,,,True
18,-2.026517578125,6,True,0.06680408222270895,0.06670408222270895,15.543354249551875,0.26196653970957495,0,,,,True
19,-2.01151875,0,True,0.06851987466558063,0.06841987466558062,14.943167256289794,0.2419145807863853,0,,,,True
19,-2.01151875,1,True,0.0682271080692356,0.0681271080692356,15.027734748313927,0.25978108659773075,0,,,,True
19,-2.01151875,2,True,0.0679283300922271,0.0678283300922271,15.115468137339924,0.26026655305377977,0,,,,True
19,-2.01151875,3,True,0.06761452066580986,0.06751452066580986,15.24597947341756,0.26077499188642117,0,,,,True
19,-2.01151875,4,True,0.06729654655828998,0.06719654655828998,15.374677988573453,0.26129942563632835,0,,,,True
19,-2.01151875,5,True,0.06698267934906799,0.06688267934906798,15.461504018615177,0.2616386600453107,0,,,,True
19,-2.01151875,6,True,0.0666656780275976,0.0665656780275976,15.54345760958898,0.26196653970957495,0,,,,True
20,-1.996519921875,0,True,0.06828163460482006,0.06818163460482006,14.943260167024418,0.24213062811210628,0,,,,True
20,-1.996519921875,1,True,0.06800540831681667,0.06790540831681667,15.027830828088465,0.25978108659773075,0,,,,True
20,-1.996519921875,2,True,0.0677232645436221,0.0676232645436221,15.115566456906905,0.26026655305377977,0,,,,True
20,-1.996519921875,3,True,0.06742609793946919,0.06732609793946918,15.24607918028429,0.26077499188642117,0,,,,True
20,-1.996519921875,4,True,0.06712476703903691,0.06702476703903691,15.374777911642845,0.26129942563632835,0,,,,True
20,-1.996519921875,5,True,0.06682758723771665,0.06672758723771664,15.46160621667374,0.2616386600453107,0,,,,True
20,-1.996519921875,6,True,0.06652721530351746,0.06642721530351746,15.54356130877029,0.26196653970957495,0,,,,True
21,-1.98152109375,0,True,0.06804318987332181,0.0679431898733218,14.943353333614173,0.2423469706071082,0,,,,True
21,-1.98152109375,1,True,0.0677835436761276,0.0676835436761276,15.027927069547157,0.25978108659773075,0,,,,True
21,-1.98152109375,2,True,0.06751806866286847,0.06741806866286847,15.115664938264585,0.26026655305377977,0,,,,True
21,-1.98152109375,3,True,0.06723756225766175,0.06713756225766175,15.246179309236904,0.26077499188642117,0,,,,True
21,-1.98152109375,4,True,0.06695291149725247,0.06685291149725246,15.37487809082005,0.26129942563632835,0,,,,True
21,-1.98152109375,5,True,0.06667243960157343,0.06657243960157343,15.461708669750589,0.2616386600453107,0,,,,True
21,-1.98152109375,6,True,0.06638871345317732,0.06628871345317731,15.543665262395228,0.26196653970957495,0,,,,True
22,-1.966522265625,0,True,0.06780454172990424,0.06770454172990424,14.943446756128317,0.24256360780713077,0,,,,True
22,-1.966522265625,1,True,0.06756151512240782,0.06746151512240782,15.02802347271966,0.25978108659773075,0,,,,True
22,-1.966522265625,2,True,0.06731274319059155,0.06721274319059155,15.115763581442748,0.26026655305377977,0,,,,True
22,-1.966522265625,3,True,0.06704891278494385,0.06694891278494385,15.24627989002582,0.26077499188642117,0,,,,True
22,-1.966522265625,4,True,0.06678098039383285,0.06668098039383284,15.374978525430677,0.26129942563632835,0,,,,True
22,-1.966522265625,5,True,0.0665172367182354,0.06641723671823539,15.46181137791582,0.2616386600453107,0,,,,True
22,-1.966522265625,6,True,0.06625017266315592,0.06615017266315591,15.543769470534249,0.26196653970957495,0,,,,True
23,-1.9515234375000001,0,True,0.06756567406028502,0.06746567406028502,14.943540729660086,0.24278050764633377,0,,,,True
23,-1.9515234375000001,1,True,0.06733932363472839,0.06723932363472838,15.028120037635613,0.25978108659773075,0,,,,True
23,-1.9515234375000001,2,True,0.06710726808345813,0.06700726808345812,15.115862777935616,0.26026655305377977,0,,,,True
23,-1.9515234375000001,3,True,0.06686016362682556,0.06676016362682556,15.246380632641657,0.26077499188642117,0,,,,True
23,-1.9515234375000001,4,True,0.06660897412686184,0.06650897412686184,15.375079215544583,0.26129942563632835,0,,,,True
23,-1.9515234375000001,5,True,0.06636196197707989,0.06626196197707988,15.461914399079955,0.2616386600453107,0,,,,True
23,-1.9515234375000001,6,True,0.06611159312038595,0.06601159312038594,15.543873933257757,0.26196653970957495,0,,,,True
24,-1.9365246093750001,0,True,0.0673265927202551,0.0672265927202551,14.94363517647961,0.24299767799146005,0,,,,True
24,-1.9365246093750001,1,True,0.06711697019597862,0.06701697019597862,15.028216764324652,0.25978108659773075,0,,,,True
24,-1.9365246093750001,2,True,0.06690165680026894,0.06680165680026894,15.115962288428012,0.26026655305377977,0,,,,True
24,-1.9365246093750001,3,True,0.06667131533637338,0.06657131533637338,15.246481537114148,0.26077499188642117,0,,,,True
24,-1.9365246093750001,4,True,0.06643689309547396,0.06633689309547396,15.375180161231558,0.26129942563632835,0,,,,True
24,-1.9365246093750001,5,True,0.06620662604826277,0.06610662604826277,15.462017697617478,0.2616386600453107,0,,,,True
24,-1.9365246093750001,6,True,0.06597297501214872,0.06587297501214871,15.543978650636111,0.26196653970957495,0,,,,True
25,-1.9215257812500002,0,True,0.06708731178136151,0.06698731178136151,14.943729879440648,0.24321514163939714,0,,,,True
25,-1.9215257812500002,1,True,0.06689445579286035,0.06679445579286035,15.028313652816383,0.25978108659773075,0,,,,True
25,-1.9215257812500002,2,True,0.06669591816877851,0.06659591816877851,15.116061960807297,0.26026655305377977,0,,,,True
25,-1.9215257812500002,3,True,0.066482368468328,0.066382368468328,15.246582603473009,0.26077499188642117,0,,,,True
25,-1.9215257812500002,4,True,0.06626473769985042,0.06616473769985041,15.375281362561381,0.26129942563632835,0,,,,True
25,-1.9215257812500002,5,True,0.06605123571447935,0.06595123571447935,15.462121251309132,0.2616386600453107,0,,,,True
25,-1.9215257812500002,6,True,0.06583431334176204,0.06573431334176204,15.544083614372184,0.26196653970957495,0,,,,True
26,-1.906526953125,0,True,0.06684783252458182,0.06674783252458182,14.943824838612073,0.24343289811921978,0,,,,True
26,-1.906526953125,1,True,0.06667176701965127,0.06657176701965127,15.02841094480166,0.25978108659773075,0,,,,True
26,-1.906526953125,2,True,0.06649005294000787,0.06639005294000787,15.116161795103078,0.26026655305377977,0,,,,True
26,-1.906526953125,3,True,0.066293323579103,0.066193323579103,15.246683831747944,0.26077499188642117,0,,,,True
26,-1.906526953125,4,True,0.06609249290001484,0.06599249290001484,15.375382860866258,0.26129942563632835,0,,,,True
26,-1.906526953125,5,True,0.06589579125584155,0.06579579125584155,15.46222506022502,0.2616386600453107,0,,,,True
26,-1.906526953125,6,True,0.0656955949854976,0.0655955949854976,15.544188802930838,0.26196653970957495,0,,,,True
27,-1.891528125,0,True,0.06660815623633631,0.06650815623633631,14.943920054062705,0.24365094695856182,0,,,,True
27,-1.891528125,1,True,0.06644890169257023,0.06634890169257023,15.028508693706137,0.25978108659773075,0,,,,True
27,-1.891528125,2,True,0.06628406186752844,0.06618406186752844,15.116261791344963,0.26026655305377977,0,,,,True
27,-1.891528125,3,True,0.06610417364658572,0.06600417364658571,15.24678528522199,0.26077499188642117,0,,,,True
27,-1.891528125,4,True,0.06592016331215822,0.06582016331215822,15.375484644858403,0.26129942563632835,0,,,,True
27,-1.891528125,5,True,0.06574029295308215,0.06564029295308214,15.4623291244352,0.2616386600453107,0,,,,True
27,-1.891528125,6,True,0.06555683863243411,0.06545683863243411,15.544294246165574,0.26196653970957495,0,,,,True
28,-1.876529296875,0,True,0.06636828420847563,0.06626828420847562,14.944015525861328,0.2438692876836176,0,,,,True
28,-1.876529296875,1,True,0.06622587838931482,0.06612587838931482,15.028606604479908,0.25978108659773075,0,,,,True
28,-1.876529296875,2,True,0.06607794570746561,0.06597794570746561,15.116361949562542,0.26026655305377977,0,,,,True
28,-1.876529296875,3,True,0.06591490445811399,0.06581490445811398,15.246887087173771,0.26077499188642117,0,,,,True
28,-1.876529296875,4,True,0.06574776057290288,0.06564776057290288,15.375586684563833,0.26129942563632835,0,,,,True
28,-1.876529296875,5,True,0.06558474108755519,0.06548474108755518,15.462433444009697,0.2616386600453107,0,,,,True
28,-1.876529296875,6,True,0.06541804447125932,0.06531804447125932,15.544399944146898,0.26196653970957495,0,,,,True
29,-1.86153046875,0,True,0.06612821481644549,0.06602821481644548,14.94411127299862,0.2440879162778421,0,,,,True
29,-1.86153046875,1,True,0.06600269811186132,0.06590269811186132,15.028704677152437,0.25978108659773075,0,,,,True
29,-1.86153046875,2,True,0.06587168272096955,0.06577168272096955,15.116462432825834,0.26026655305377977,0,,,,True
29,-1.86153046875,3,True,0.06572553893374833,0.06562553893374833,15.246989051047779,0.26077499188642117,0,,,,True
29,-1.86153046875,4,True,0.06557528508662624,0.06547528508662624,15.375688980052342,0.26129942563632835,0,,,,True
29,-1.86153046875,5,True,0.0654291142705925,0.0653291142705925,15.462537982202218,0.2616386600453107,0,,,,True
29,-1.86153046875,6,True,0.06527921269100734,0.06517921269100733,15.544505896945271,0.26196653970957495,0,,,,True
30,-1.846531640625,0,True,0.06588792020352363,0.06578792020352363,14.944207484353246,0.24430679692777366,0,,,,True
30,-1.846531640625,1,True,0.06577936186593902,0.06567936186593902,15.02880291175319,0.25978108659773075,0,,,,True
30,-1.846531640625,2,True,0.06566528552706563,0.06556528552706563,15.116563155198453,0.26026655305377977,0,,,,True
30,-1.846531640625,3,True,0.06553607763659342,0.06543607763659341,15.247091176873719,0.26077499188642117,0,,,,True
30,-1.846531640625,4,True,0.06540273725874002,0.06530273725874002,15.375791531393695,0.26129942563632835,0,,,,True
30,-1.846531640625,5,True,0.06527342913058343,0.06517342913058342,15.462642766681485,0.2616386600453107,0,,,,True
30,-1.846531640625,6,True,0.06514034348105824,0.06504034348105824,15.544612104631138,0.26196653970957495,0,,,,True
31,-1.8315328125,0,True,0.06564743376338367,0.06554743376338366,14.944303952181574,0.24452596804671317,0,,,,True
31,-1.8315328125,1,True,0.06555587066102042,0.06545587066102042,15.028901308311607,0.25978108659773075,0,,,,True
31,-1.8315328125,2,True,0.06545876553499719,0.06535876553499718,15.116664039555989,0.26026655305377977,0,,,,True
31,-1.8315328125,3,True,0.06534652113139972,0.06524652113139971,15.247193464681281,0.26077499188642117,0,,,,True
31,-1.8315328125,4,True,0.06523011749568619,0.06513011749568619,15.375894338657607,0.26129942563632835,0,,,,True
31,-1.8315328125,5,True,0.0651176912808129,0.0650176912808129,15.462747806554214,0.2616386600453107,0,,,,True
31,-1.8315328125,6,True,0.06500141471384069,0.06490141471384069,15.544718471084721,0.26196653970957495,0,,,,True
32,-1.816533984375,0,True,0.06540675680962149,0.06530675680962149,14.944400676552274,0.24474542915395558,0,,,,True
32,-1.816533984375,1,True,0.0653322097058644,0.0652322097058644,15.028999967179645,0.25978108659773075,0,,,,True
32,-1.816533984375,2,True,0.06525212351110321,0.06515212351110321,15.116765085928035,0.26026655305377977,0,,,,True
32,-1.816533984375,3,True,0.06515686998456349,0.06505686998456349,15.247295914500139,0.26077499188642117,0,,,,True
32,-1.816533984375,4,True,0.06505740825564787,0.06495740825564787,15.375997370232446,0.26129942563632835,0,,,,True
32,-1.816533984375,5,True,0.06496190100511345,0.06486190100511345,15.462853101890595,0.2616386600453107,0,,,,True
32,-1.816533984375,6,True,0.06486244464924251,0.06476244464924251,15.544825074038283,0.26196653970957495,0,,,,True
33,-1.80153515625,0,True,0.06516589066117762,0.06506589066117761,14.944497657533983,0.24496517976732593,0,,,,True
33,-1.80153515625,1,True,0.06510837536213199,0.06500837536213198,15.029098917906133,0.25978108659773075,0,,,,True
33,-1.80153515625,2,True,0.0650453602242318,0.0649453602242318,15.116866294344181,0.26026655305377977,0,,,,True
33,-1.80153515625,3,True,0.06496710924877513,0.06486710924877513,15.247398549786324,0.26077499188642117,0,,,,True
33,-1.80153515625,4,True,0.06488461554758196,0.06478461554758196,15.37610063592889,0.26129942563632835,0,,,,True
33,-1.80153515625,5,True,0.06480605858792599,0.06470605858792598,15.462958652760753,0.2616386600453107,0,,,,True
33,-1.80153515625,6,True,0.06472343772942146,0.06462343772942146,15.544931931868767,0.26196653970957495,0,,,,True
34,-1.786536328125,0,True,0.06492483664230697,0.06482483664230697,14.944594895195284,0.24518521940318197,0,,,,True
34,-1.786536328125,1,True,0.06488438911540095,0.06478438911540095,15.029198030602823,0.25978108659773075,0,,,,True
34,-1.786536328125,2,True,0.06483847426949163,0.06473847426949163,15.116967667271005,0.26026655305377977,0,,,,True
34,-1.786536328125,3,True,0.06477723698374716,0.06467723698374715,15.247501374279718,0.26077499188642117,0,,,,True
34,-1.786536328125,4,True,0.06471175213542812,0.06461175213542812,15.376204157585967,0.26129942563632835,0,,,,True
34,-1.786536328125,5,True,0.06465015766894178,0.06455015766894177,15.463064432496136,0.2616386600453107,0,,,,True
34,-1.786536328125,6,True,0.0645843941451445,0.0644843941451445,15.545039044646803,0.26196653970957495,0,,,,True
35,-1.7715375,0,True,0.06468359233302934,0.06458359233302934,14.944692392834117,0.24540554472903528,0,,,,True
35,-1.7715375,1,True,0.06466025199012781,0.06456025199012781,15.029297305299174,0.25978108659773075,0,,,,True
35,-1.7715375,2,True,0.06463143408076144,0.06453143408076144,15.117069240898035,0.26026655305377977,0,,,,True
35,-1.7715375,3,True,0.0645872717916518,0.0644872717916518,15.247604360756398,0.26077499188642117,0,,,,True
35,-1.7715375,4,True,0.06453881842975928,0.06443881842975928,15.376307935273575,0.26129942563632835,0,,,,True
35,-1.7715375,5,True,0.06449418201123303,0.06439418201123302,15.463170374545596,0.2616386600453107,0,,,,True
35,-1.7715375,6,True,0.06444531408751697,0.06434531408751697,15.545146412443023,0.26196653970957495,0,,,,True
36,-1.756538671875,0,True,0.06444212728766807,0.06434212728766807,14.944790177833621,0.24943134962332789,0,,,,True
36,-1.756538671875,1,True,0.06443596501445104,0.06433596501445103,15.02939674202463,0.25978108659773075,0,,,,True
36,-1.756538671875,2,True,0.06442427495572378,0.06432427495572378,15.117170976548563,0.26026655305377977,0,,,,True
36,-1.756538671875,3,True,0.06439721424546407,0.06429721424546407,15.247707509246155,0.26077499188642117,0,,,,True
36,-1.756538671875,4,True,0.06436581484216353,0.06426581484216352,15.376411969061536,0.26129942563632835,0,,,,True
36,-1.756538671875,5,True,0.06433815507373852,0.06423815507373852,15.463276572129061,0.2616386600453107,0,,,,True
36,-1.756538671875,6,True,0.06430617311721054,0.06420617311721054,15.54525390410669,0.262306019701263,0,,,,True
37,-1.74153984375,0,True,0.06420047838058673,0.06410047838058673,14.944888219610402,0.2579810536255154,0,,,,True
37,-1.74153984375,1,True,0.06421152922017326,0.06411152922017326,15.029496340808619,0.26021189570531367,0,,,,True
37,-1.74153984375,2,True,0.06421699767328182,0.06411699767328181,15.117272874252293,0.26242604077124976,0,,,,True
37,-1.74153984375,3,True,0.06420706491977546,0.06410706491977546,15.24781081977874,0.2646038339567983,0,,,,True
37,-1.74153984375,4,True,0.06419274178524637,0.06409274178524636,15.376516259019647,0.2667452445618781,0,,,,True
37,-1.74153984375,5,True,0.06418207714334878,0.06408207714334878,15.463383025316892,0.2688291988426343,0,,,,True
37,-1.74153984375,6,True,0.06416699239572976,0.06406699239572976,15.545361631182633,0.27085572370345046,0,,,,True
38,-1.726541015625,0,True,0.06395864695731301,0.06385864695731301,14.944986518233126,0.26653075762770284,0,,,,True
38,-1.726541015625,1,True,0.06398691500778897,0.06388691500778897,15.029596125754846,0.2687615997075012,0,,,,True
38,-1.726541015625,2,True,0.06400960301481184,0.06390960301481184,15.117374934038892,0.2709757447734372,0,,,,True
38,-1.726541015625,3,True,0.06401682439079615,0.06391682439079614,15.247914292383923,0.2731535379589858,0,,,,True
38,-1.726541015625,4,True,0.06401957184516816,0.06391957184516815,15.376620699445498,0.2752949485640656,0,,,,True
38,-1.726541015625,5,True,0.06402594850755783,0.06392594850755783,15.463489734179397,0.2773789028448218,0,,,,True
38,-1.726541015625,6,True,0.06402777578008267,0.06392777578008267,15.545469613249633,0.2794054277056379,0,,,,True
39,-1.7115421875,0,True,0.06371436062542202,0.06361436062542201,14.94507701698149,0.27508046162989036,0,,,,True
39,-1.7115421875,1,True,0.0637621449608492,0.0636621449608492,15.029696079875816,0.27731130370968865,0,,,,True
39,-1.7115421875,2,True,0.0638020917641553,0.0637020917641553,15.117477155938031,0.27952544877562474,0,,,,True
39,-1.7115421875,3,True,0.06382645952564436,0.06372645952564436,15.24801786236968,0.2817032419611733,0,,,,True
39,-1.7115421875,4,True,0.06384632809163593,0.06374632809163593,15.376725376322145,0.2838446525662531,0,,,,True
39,-1.7115421875,5,True,0.06386976945446499,0.06376976945446498,15.463596698786848,0.28592860684700927,0,,,,True
39,-1.7115421875,6,True,0.06388852346274243,0.06378852346274243,15.545577850378557,0.28795513170782544,0,,,,True
40,-1.6965433593750001,0,True,0.06346969373896405,0.06336969373896405,14.94516292736629,0.2836301656320778,0,,,,True
40,-1.6965433593750001,1,True,0.06353722921704286,0.06343722921704285,15.029796196042795,0.2858610077118761,0,,,,True
40,-1.6965433593750001,2,True,0.06359443645889051,0.06349443645889051,15.11757948428214,0.2880751527778122,0,,,,True
40,-1.6965433593750001,3,True,0.06363600222844168,0.06353600222844168,15.248121589755833,0.29025294596336076,0,,,,True
40,-1.6965433593750001,4,True,0.06367301611762066,0.06357301611762066,15.376830309381686,0.29239435656844054,0,,,,True
40,-1.6965433593750001,5,True,0.06371351229277922,0.06361351229277921,15.463703781746599,0.29447831084919673,0,,,,True
40,-1.6965433593750001,6,True,0.06374923563652546,0.06364923563652546,15.545686342640202,0.2965048357100129,0,,,,True
41,-1.6815445312500001,0,True,0.06322438769109207,0.06312438769109206,14.94523792256952,0.29217986963426534,0,,,,True
41,-1.6815445312500001,1,True,0.06331216882283863,0.06321216882283863,15.029896474285323,0.2944107117140636,0,,,,True
41,-1.6815445312500001,2,True,0.06338665530917398,0.06328665530917398,15.117681953327226,0.2966248567799997,0,,,,True
41,-1.6815445312500001,3,True,0.06344545547101266,0.06334545547101265,15.248225479157215,0.29880264996554823,0,,,,True
41,-1.6815445312500001,4,True,0.06349963633978772,0.06339963633978772,15.376935498694156,0.30094406057062806,0,,,,True
41,-1.6815445312500001,5,True,0.06355720195260695,0.06345720195260694,15.463811103954201,0.30302801485138425,0,,,,True
41,-1.6815445312500001,6,True,0.06360991249458747,0.06350991249458747,15.545795090105344,0.30505453971220037,0,,,,True
42,-1.6665457031250002,0,True,0.0629801546734381,0.06288015467343809,14.945312796084448,0.3007295736364528,0,,,,True
42,-1.6665457031250002,1,True,0.06308696482829745,0.06298696482829745,15.029996914632925,0.3029604157162511,0,,,,True
42,-1.6665457031250002,2,True,0.06317875993764943,0.06307875993764943,15.11778458443928,0.3051745607821872,0,,,,True
42,-1.6665457031250002,3,True,0.06325481983602321,0.06315481983602321,15.248329530603755,0.30735235396773575,0,,,,True
42,-1.6665457031250002,4,True,0.06332618917580124,0.06322618917580124,15.377040944329526,0.3094937645728155,0,,,,True
42,-1.6665457031250002,5,True,0.06340084206715302,0.06330084206715302,15.463918681892348,0.3115777188535717,0,,,,True
42,-1.6665457031250002,6,True,0.06347055423042258,0.06337055423042258,15.54590409284473,0.31360424371438783,0,,,,True
43,-1.6515468750000002,0,True,0.06273531961492651,0.06263531961492651,14.94538160716462,0.3092792776386403,0,,,,True
43,-1.6515468750000002,1,True,0.06286095692016413,0.06276095692016413,15.030092165787249,0.31151011971843856,0,,,,True
43,-1.6515468750000002,2,True,0.06297075113800954,0.06287075113800954,15.117887377648142,0.3137242647843747,0,,,,True
43,-1.6515468750000002,3,True,0.06306409590773043,0.06296409590773043,15.248433744125357,0.3159020579699232,0,,,,True
43,-1.6515468750000002,4,True,0.06315267504432587,0.06305267504432586,15.377146646357737,0.31804346857500304,0,,,,True
43,-1.6515468750000002,5,True,0.06324443292692417,0.06314443292692416,15.464026515631577,0.3201274228557592,0,,,,True
43,-1.6515468750000002,6,True,0.0633311610378624,0.0632311610378624,15.546013350929025,0.32215394771657535,0,,,,True
44,-1.636548046875,0,True,0.062490942969281704,0.0623909429692817,14.945446753735197,0.3178289816408279,0,,,,True
44,-1.636548046875,1,True,0.06263192173643173,0.06253192173643173,15.03016169954978,0.3200598237206262,0,,,,True
44,-1.636548046875,2,True,0.06276262970635882,0.06266262970635882,15.11799033298365,0.3222739687865623,0,,,,True
44,-1.636548046875,3,True,0.06287328427197014,0.06277328427197014,15.248538119751927,0.32445176197211084,0,,,,True
44,-1.636548046875,4,True,0.0629790943650188,0.0628790943650188,15.377252604848696,0.3265931725771906,0,,,,True
44,-1.636548046875,5,True,0.06308797482302486,0.06298797482302486,15.464134605242352,0.3286771268579468,0,,,,True
44,-1.636548046875,6,True,0.06319173311107829,0.06309173311107828,15.546122864428886,0.330703651718763,0,,,,True
45,-1.62154921875,0,True,0.0622456547970911,0.062145654797091096,14.945494328536588,0.3263786856430154,0,,,,True
45,-1.62154921875,1,True,0.062402907613010594,0.06230290761301059,15.03021301981655,0.32860952772281365,0,,,,True
45,-1.62154921875,2,True,0.06255437135970432,0.062454371359704317,15.11809336559753,0.33082367278874975,0,,,,True
45,-1.62154921875,3,True,0.06268238551615957,0.06258238551615956,15.248642657513335,0.3330014659742983,0,,,,True
45,-1.62154921875,4,True,0.06280544755853423,0.06270544755853423,15.377358819872262,0.3351428765793781,0,,,,True
45,-1.62154921875,5,True,0.06293146804715288,0.06283146804715288,15.464242950795121,0.3372268308601343,0,,,,True
45,-1.62154921875,6,True,0.06305227064457686,0.06295227064457685,15.546232633414924,0.33925335572095044,0,,,,True
46,-1.606550390625,0,True,0.062001758646053506,0.061901758646053504,14.945571938351405,0.3349283896452029,0,,,,True
46,-1.606550390625,1,True,0.062175219243236324,0.06207521924323632,15.03026879571294,0.3371592317250011,0,,,,True
46,-1.606550390625,2,True,0.06234598727242657,0.06224598727242657,15.118196510490714,0.3393733767909372,0,,,,True
46,-1.606550390625,3,True,0.062489365471296576,0.06238936547129657,15.248734911507878,0.34155116997648577,0,,,,True
46,-1.606550390625,4,True,0.0626317350465122,0.0625317350465122,15.377465291498218,0.3436925805815656,0,,,,True
46,-1.606550390625,5,True,0.06277491289160197,0.06267491289160197,15.464351552360267,0.3457765348623218,0,,,,True
46,-1.606550390625,6,True,0.0629127738331996,0.0628127738331996,15.546342657957705,0.3478030597231379,0,,,,True
47,-1.5915515625,0,True,0.06175540436955629,0.061655404369556285,14.945565077231274,0.34347809364739035,0,,,,True
47,-1.5915515625,1,True,0.06194754587057094,0.06184754587057094,15.030328449302903,0.34570893572718864,0,,,,True
47,-1.5915515625,2,True,0.06213749295881099,0.06203749295881099,15.118299817445932,0.3479230807931247,0,,,,True
47,-1.5915515625,3,True,0.062296728663195466,0.062196728663195464,15.248830201777317,0.35010087397867323,0,,,,True
47,-1.5915515625,4,True,0.06245794702753127,0.062357947027531266,15.377571946221796,0.35224228458375306,0,,,,True
47,-1.5915515625,5,True,0.06261830964925252,0.06251830964925252,15.464460410008144,0.35432623886450926,0,,,,True
47,-1.5915515625,6,True,0.06277324287212371,0.06267324287212371,15.546452938127764,0.3563527637253254,0,,,,True
48,-1.5765527343749999,0,True,0.06151173039103064,0.061411730391030636,14.94566571225678,0.352027797649578,0,,,,True
48,-1.5765527343749999,1,True,0.06171915769771674,0.06161915769771674,15.03034403190143,0.35425863972937627,0,,,,True
48,-1.5765527343749999,2,True,0.06192508702651889,0.061825087026518885,15.118367134135088,0.35647278479531236,0,,,,True
48,-1.5765527343749999,3,True,0.062105549603554966,0.06200554960355496,15.248935087037172,0.35865057798086086,0,,,,True
48,-1.5765527343749999,4,True,0.0622823004033255,0.062182300403325494,15.377676091367427,0.3607919885859407,0,,,,True
48,-1.5765527343749999,5,True,0.06246165861357911,0.062361658613579105,15.464569523809072,0.3628759428666969,0,,,,True
48,-1.5765527343749999,6,True,0.06263367795686081,0.06253367795686081,15.546563473995562,0.36490246772751306,0,,,,True
49,-1.56155390625,0,True,0.061265675353895155,0.06116567535389515,14.94564191918669,0.36057750165176544,0,,,,True
49,-1.56155390625,1,True,0.06149172686918547,0.06139172686918547,15.030401591458258,0.36280834373156373,0,,,,True
49,-1.56155390625,2,True,0.0617128834116798,0.061612883411679795,15.11842037449728,0.3650224887974998,0,,,,True
49,-1.56155390625,3,True,0.061914270415902806,0.0618142704159028,15.249040036301352,0.3672002819830484,0,,,,True
49,-1.56155390625,4,True,0.06210666337128323,0.06200666337128323,15.377780602090812,0.36934169258812816,0,,,,True
49,-1.56155390625,5,True,0.06230496007864206,0.062204960078642055,15.464678893833305,0.37142564686888435,0,,,,True
49,-1.56155390625,6,True,0.06249407928325512,0.06239407928325512,15.546674265631566,0.3734521717297005,0,,,,True
50,-1.546555078125,0,True,0.061020552342183176,0.060920552342183173,14.945680228627218,0.36912720565395296,0,,,,True
50,-1.546555078125,1,True,0.06126336173452174,0.061163361734521735,15.030392831409728,0.3713580477337512,0,,,,True
50,-1.546555078125,2,True,0.061501320360631606,0.0614013203606316,15.118455024308094,0.37357219279968734,0,,,,True
50,-1.546555078125,3,True,0.06172290707336936,0.06162290707336936,15.249145147680704,0.37574998598523585,0,,,,True
50,-1.546555078125,4,True,0.06193265742440213,0.061832657424402124,15.377887853303998,0.3778913965903157,0,,,,True
50,-1.546555078125,5,True,0.062148214339087904,0.0620482143390879,15.464788520151082,0.3799753508710718,0,,,,True
50,-1.546555078125,6,True,0.06235444704748483,0.062254447047484826,15.546785313106177,0.382001875731888,0,,,,True
51,-1.53155625,0,True,0.06077578859451105,0.060675788594511046,14.94578163531219,0.3776769096561404,0,,,,True
51,-1.53155625,1,True,0.06103545853882375,0.06093545853882375,15.030417729336808,0.37990775173593877,0,,,,True
51,-1.53155625,2,True,0.06129093318361445,0.061190933183614446,15.118511971325585,0.3821218968018748,0,,,,True
51,-1.53155625,3,True,0.0615296631921054,0.061429663192105396,15.249221564223433,0.3842996899874233,0,,,,True
51,-1.53155625,4,True,0.06175858789961186,0.06165858789961186,15.377995361258902,0.38644110059250314,0,,,,True
51,-1.53155625,5,True,0.06199142169014893,0.061891421690148926,15.464898402832581,0.3885250548732593,0,,,,True
51,-1.53155625,6,True,0.06221478144605719,0.062114781446057185,15.546896616489752,0.39055157973407545,0,,,,True
52,-1.516557421875,0,True,0.06052888934822409,0.06042888934822409,14.945883299549253,0.3862266136583279,0,,,,True
52,-1.516557421875,1,True,0.06080766138206117,0.06070766138206117,15.030519563348504,0.38845745573812623,0,,,,True
52,-1.516557421875,2,True,0.061079294532460526,0.06097929453246052,15.11851370857589,0.3906716008040623,0,,,,True
52,-1.516557421875,3,True,0.061335374675377086,0.06123537467537708,15.249271297665853,0.3928493939896108,0,,,,True
52,-1.516557421875,4,True,0.06158445522444378,0.061484455224443776,15.378103126025517,0.3949908045946906,0,,,,True
52,-1.516557421875,5,True,0.06183458242763962,0.061734582427639614,15.465008541947956,0.3970747588754468,0,,,,True
52,-1.516557421875,6,True,0.06207508267581163,0.06197508267581163,15.547008175852604,0.399101283736263,0,,,,True
53,-1.50155859375,0,True,0.060284349676420934,0.06018434967642093,14.945985059168908,0.39477631766051535,0,,,,True
53,-1.50155859375,1,True,0.06057882922810709,0.06047882922810709,15.030621559530829,0.3970071597403137,0,,,,True
53,-1.50155859375,2,True,0.06086919550352654,0.06076919550352654,15.118560726197826,0.3992213048062498,0,,,,True
53,-1.50155859375,3,True,0.061141520193007004,0.061041520193007,15.249317340888854,0.40139909799179835,0,,,,True
53,-1.50155859375,4,True,0.06140950853875671,0.061309508538756705,15.378203980565404,0.4035405085968781,0,,,,True
53,-1.50155859375,5,True,0.061677696847955765,0.06157769684795576,15.46511893756729,0.40562446287763426,0,,,,True
53,-1.50155859375,6,True,0.061935350933917555,0.06183535093391755,15.547119991265024,0.4076509877384505,0,,,,True
54,-1.486559765625,0,True,0.06003831395857295,0.05993831395857295,14.946087071363088,0.4033260216627029,0,,,,True
54,-1.486559765625,1,True,0.0603518802776386,0.0602518802776386,15.030723717913649,0.40555686374250116,0,,,,True
54,-1.486559765625,2,True,0.060657747337066414,0.06055774733706641,15.118533477532328,0.40777100880843725,0,,,,True
54,-1.486559765625,3,True,0.06094748782579362,0.06084748782579362,15.24932536826714,0.4099488019939858,0,,,,True
54,-1.486559765625,4,True,0.06123227643459295,0.061132276434592944,15.378280517061937,0.41209021259906564,0,,,,True
54,-1.486559765625,5,True,0.06152076524807182,0.061420765248071815,15.465229589760646,0.4141741668798218,0,,,,True
54,-1.486559765625,6,True,0.061795586417873416,0.06169558641787341,15.547232062797246,0.41620069174063795,0,,,,True
55,-1.4715609375,0,True,0.05979183182241199,0.059691831822411986,14.946189341180359,0.4118757256648904,0,,,,True
55,-1.4715609375,1,True,0.06012235056182691,0.06002235056182691,15.030826038526794,0.4141065677446886,0,,,,True
55,-1.4715609375,2,True,0.06044778798055672,0.06034778798055672,15.11863807882119,0.4163207128106247,0,,,,True
55,-1.4715609375,3,True,0.060754742646623505,0.0606547426466235,15.249387516030769,0.4184985059961733,0,,,,True
55,-1.4715609375,4,True,0.061055196933302636,0.06095519693330263,15.37833952436602,0.4206399166012531,0,,,,True
55,-1.4715609375,5,True,0.06136378792554131,0.06126378792554131,15.46534049859805,0.42272387088200924,0,,,,True
55,-1.4715609375,6,True,0.06165578932550542,0.061555789325505414,15.54734439051946,0.4247503957428254,0,,,,True
56,-1.456562109375,0,True,0.05954681527254824,0.059446815272548234,14.94629186868984,0.42042542966707785,0,,,,True
56,-1.456562109375,1,True,0.05989468431636391,0.05979468431636391,15.030928521400101,0.42265627174687614,0,,,,True
56,-1.456562109375,2,True,0.06023597931347391,0.060135979313473906,15.118742842440042,0.4248704168128123,0,,,,True
56,-1.456562109375,3,True,0.06056029658936524,0.060460296589365234,15.249327319738002,0.42704820999836074,0,,,,True
56,-1.456562109375,4,True,0.06087888207418013,0.06077888207418013,15.3783896474351,0.42918962060344057,0,,,,True
56,-1.456562109375,5,True,0.061206398132326534,0.06110639813232653,15.465450230482727,0.43127357488419676,0,,,,True
56,-1.456562109375,6,True,0.061515959854966606,0.061415959854966604,15.547456974501824,0.43330009974501293,0,,,,True
57,-1.44156328125,0,True,0.05929989146928438,0.05919989146928438,14.946394653960589,0.4289751336692653,0,,,,True
57,-1.44156328125,1,True,0.05966630639954662,0.05956630639954662,15.031031166563373,0.4312059757490636,0,,,,True
57,-1.44156328125,2,True,0.06002642493668375,0.05992642493668375,15.118847768418773,0.43342012081499975,0,,,,True
57,-1.44156328125,3,True,0.060367941926961155,0.06026794192696115,15.24941852786075,0.43559791400054826,0,,,,True
57,-1.44156328125,4,True,0.060703189022310866,0.06060318902231086,15.378456813535248,0.43773932460562803,0,,,,True
57,-1.44156328125,5,True,0.06104405448777195,0.060944054487771945,15.465526373636884,0.43982327888638423,0,,,,True
57,-1.44156328125,6,True,0.061376098204735996,0.06127609820473599,15.547569814814468,0.4418498037472004,0,,,,True
58,-1.4265644531250001,0,True,0.059053586057466134,0.05895358605746613,14.946497697061625,0.43752483767145284,0,,,,True
58,-1.4265644531250001,1,True,0.05943718604508419,0.059337186045084186,15.031133974046416,0.43975567975125107,0,,,,True
58,-1.4265644531250001,2,True,0.05981454659490604,0.059714546594906034,15.118952856787267,0.4419698248171872,0,,,,True
58,-1.4265644531250001,3,True,0.060173570635026596,0.060073570635026594,15.24952493458019,0.4441476180027357,0,,,,True
58,-1.4265644531250001,4,True,0.06052627940799882,0.060426279407998815,15.37844842375393,0.4462890286078156,0,,,,True
58,-1.4265644531250001,5,True,0.060883465967184414,0.06078346596718441,15.465579343824222,0.4483729828885717,0,,,,True
58,-1.4265644531250001,6,True,0.06123620457362122,0.06113620457362122,15.547682911527435,0.45039950774938786,0,,,,True
59,-1.4115656250000002,0,True,0.058808072985462534,0.05870807298546253,14.946600998061914,0.4460745416736403,0,,,,True
59,-1.4115656250000002,1,True,0.059209618741248526,0.059109618741248524,15.031236943879009,0.44830538375343854,0,,,,True
59,-1.4115656250000002,2,True,0.05960426877073255,0.059504268770732546,15.119058107575402,0.4505195288193747,0,,,,True
59,-1.4115656250000002,3,True,0.05998126376253676,0.05988126376253676,15.249631503683307,0.4526973220049232,0,,,,True
59,-1.4115656250000002,4,True,0.06035104208660824,0.06025104208660824,15.378509806941457,0.45483873261000307,0,,,,True
59,-1.4115656250000002,5,True,0.060723975988580925,0.06062397598858092,15.465619127679442,0.45692268689075916,0,,,,True
59,-1.4115656250000002,6,True,0.06109627916074922,0.06099627916074922,15.547796264710769,0.4589492117515753,0,,,,True
60,-1.3965667968750002,0,True,0.05856050988506922,0.05846050988506922,14.946704557030385,0.4546242456758278,0,,,,True
60,-1.3965667968750002,1,True,0.05898021272654397,0.058880212726543965,15.03134007609093,0.4568550877556261,0,,,,True
60,-1.3965667968750002,2,True,0.05939325037975696,0.059293250379756954,15.119163520813025,0.45906923282156215,0,,,,True
60,-1.3965667968750002,3,True,0.05978711403828463,0.059687114038284625,15.249738235200038,0.46124702600711065,0,,,,True
60,-1.3965667968750002,4,True,0.060174440885996994,0.06007444088599699,15.378466709565396,0.46338843661219054,0,,,,True
60,-1.3965667968750002,5,True,0.06056521539398396,0.06046521539398396,15.465663374135227,0.46547239089294673,0,,,,True
60,-1.3965667968750002,6,True,0.0609538377348402,0.0608538377348402,15.54789062528513,0.4674989157537629,0,,,,True
61,-1.38156796875,0,True,0.05831422158326571,0.05821422158326571,14.94680837403591,0.4631739496780154,0,,,,True
61,-1.38156796875,1,True,0.058751626105052246,0.05865162610505224,15.031443370711925,0.4654047917578137,0,,,,True
61,-1.38156796875,2,True,0.05918196336460024,0.05908196336460024,15.11926909652999,0.46761893682374983,0,,,,True
61,-1.38156796875,3,True,0.059594335199562476,0.05949433519956247,15.249845129160288,0.4697967300092983,0,,,,True
61,-1.38156796875,4,True,0.05999928159842094,0.059899281598420936,15.378576784737414,0.4719381406143781,0,,,,True
61,-1.38156796875,5,True,0.06040624139939599,0.060306241399395985,15.465682646847082,0.4740220948951343,0,,,,True
61,-1.38156796875,6,True,0.06080799147001015,0.060707991470010145,15.547932941682848,0.4760486197559505,0,,,,True
62,-1.366569140625,0,True,0.05806790038701193,0.057967900387011925,14.946912449147323,0.47172365368020286,0,,,,True
62,-1.366569140625,1,True,0.05852332989978004,0.05842332989978004,15.031546827771741,0.4739544957600012,0,,,,True
62,-1.366569140625,2,True,0.05897176263500059,0.05887176263500059,15.119374834756108,0.4761686408259373,0,,,,True
62,-1.366569140625,3,True,0.05940075866416361,0.05930075866416361,15.249952185593965,0.4783464340114858,0,,,,True
62,-1.366569140625,4,True,0.0598227742911015,0.059722774291101496,15.378687117414731,0.4804878446165656,0,,,,True
62,-1.366569140625,5,True,0.06024763082681828,0.060147630826818274,15.465680504877497,0.48257179889732177,0,,,,True
62,-1.366569140625,6,True,0.06066533391810269,0.06056533391810269,15.547959965934862,0.48459832375813794,0,,,,True
63,-1.3515703125,0,True,0.057820135008739726,0.05772013500873972,14.947016782433412,0.48027335768239043,0,,,,True
63,-1.3515703125,1,True,0.05829353363485357,0.058193533634853564,15.0316504473001,0.48250419976218867,0,,,,True
63,-1.3515703125,2,True,0.05875982367936894,0.058659823679368936,15.119480735521206,0.48471834482812476,0,,,,True
63,-1.3515703125,3,True,0.059207373277904374,0.05910737327790437,15.250059404530944,0.4868961380136733,0,,,,True
63,-1.3515703125,4,True,0.05964775429345526,0.059547754293455255,15.378797707666855,0.48903754861875315,0,,,,True
63,-1.3515703125,5,True,0.06008936673547094,0.059989366735470936,15.46571245184403,0.49112150289950923,0,,,,True
63,-1.3515703125,6,True,0.06052356174021556,0.060423561740215556,15.54798075043487,0.49314802776032546,0,,,,True
64,-1.336571484375,0,True,0.05757380696344461,0.057473806963444604,14.94712137396291,0.4888230616845779,0,,,,True
64,-1.336571484375,1,True,0.05806525343672453,0.057965253436724526,15.031754229326712,0.49105390376437613,0,,,,True
64,-1.336571484375,2,True,0.05854930176167539,0.058449301761675385,15.119586798855076,0.4932680488303122,0,,,,True
64,-1.336571484375,3,True,0.05901436621279332,0.05891436621279332,15.250166786001104,0.4954458420158608,0,,,,True
64,-1.336571484375,4,True,0.059471290988961645,0.05937129098896164,15.378908555563221,0.4975872526209406,0,,,,True
64,-1.336571484375,5,True,0.05993062128701876,0.059830621287018756,15.46582566888273,0.4996712069016967,0,,,,True
64,-1.336571484375,6,True,0.06038230540817491,0.060282305408174905,15.548016370726668,0.5016977317625129,0,,,,True
65,-1.3215726562499999,0,True,0.05732671760404262,0.05722671760404262,14.94722622380451,0.4973727656867655,0,,,,True
65,-1.3215726562499999,1,True,0.05783612738459265,0.05773612738459265,15.031858173881272,0.4996036077665637,0,,,,True
65,-1.3215726562499999,2,True,0.058338108121447796,0.05823810812144779,15.119693024787493,0.5018177528324999,0,,,,True
65,-1.3215726562499999,3,True,0.05882041179910358,0.058720411799103575,15.25027433003429,0.5039955460180484,0,,,,True
65,-1.3215726562499999,4,True,0.059296262406638434,0.05919626240663843,15.379019661173253,0.5061369566231282,0,,,,True
65,-1.3215726562499999,5,True,0.05977261827692004,0.05967261827692004,15.465939143258844,0.5082209109038843,0,,,,True
65,-1.3215726562499999,6,True,0.06024050085357757,0.06014050085357757,15.547961233293472,0.5102474357647006,0,,,,True
66,-1.306573828125,0,True,0.05707905347277764,0.05697905347277764,14.947331332026854,0.5059224696889529,0,,,,True
66,-1.306573828125,1,True,0.05760664999543996,0.05750664999543996,15.031962280993469,0.5081533117687512,0,,,,True
66,-1.306573828125,2,True,0.05812661479709069,0.05802661479709069,15.119799413348238,0.5103674568346873,0,,,,True
66,-1.306573828125,3,True,0.05862778723777362,0.05852778723777362,15.25038203666034,0.5125452500202359,0,,,,True
66,-1.306573828125,4,True,0.059120051965453335,0.05902005196545333,15.379131024566309,0.5146866606253157,0,,,,True
66,-1.306573828125,5,True,0.05961401452561965,0.05951401452561965,15.466052875041902,0.5167706149060719,0,,,,True
66,-1.306573828125,6,True,0.06009973918982103,0.05999973918982103,15.548068761660698,0.518797139766888,0,,,,True
67,-1.291575,0,True,0.05683241058047406,0.056732410580474055,14.947436698698546,0.5144721736911404,0,,,,True
67,-1.291575,1,True,0.057378127488965536,0.05727812748896553,15.032066550692964,0.5167030157709387,0,,,,True
67,-1.291575,2,True,0.05791602668068485,0.05781602668068485,15.119905964567064,0.5189171608368749,0,,,,True
67,-1.291575,3,True,0.05843385656282907,0.058333856562829065,15.250489905909088,0.5210949540224233,0,,,,True
67,-1.291575,4,True,0.05894465067056176,0.05884465067056176,15.379242645811711,0.5232363646275031,0,,,,True
67,-1.291575,5,True,0.05945602899768776,0.05935602899768776,15.466166864301407,0.5253203189082594,0,,,,True
67,-1.291575,6,True,0.05995847298315038,0.059858472983150376,15.548184164255474,0.5273468437690755,0,,,,True
68,-1.276576171875,0,True,0.056584579846998384,0.05648457984699838,14.947542323888126,0.5230218776933279,0,,,,True
68,-1.276576171875,1,True,0.05714830027447526,0.05704830027447526,15.032170983009404,0.5252527197731262,0,,,,True
68,-1.276576171875,2,True,0.0577041629131716,0.057604162913171594,15.1200126784737,0.5274668648390624,0,,,,True
68,-1.276576171875,3,True,0.05824071511309592,0.05814071511309592,15.250597937810351,0.5296446580246108,0,,,,True
68,-1.276576171875,4,True,0.058768847529340196,0.05866884752934019,15.379354524978748,0.5317860686296907,0,,,,True
68,-1.276576171875,5,True,0.059297678954985056,0.05919767895498505,15.466281111106817,0.5338700229104468,0,,,,True
68,-1.276576171875,6,True,0.05981770914769591,0.059717709147695905,15.54829982394456,0.5358965477712629,0,,,,True
69,-1.26157734375,0,True,0.05633715461866995,0.056237154618669946,14.947648207664114,0.5315715816955154,0,,,,True
69,-1.26157734375,1,True,0.05691916878682646,0.056819168786826454,15.032275577972435,0.5338024237753136,0,,,,True
69,-1.26157734375,2,True,0.057493181369872026,0.05739318136987202,15.12011955509789,0.5360165688412498,0,,,,True
69,-1.26157734375,3,True,0.05804728280989391,0.057947282809893905,15.250706132393908,0.5381943620267983,0,,,,True
69,-1.26157734375,4,True,0.058593175099895145,0.05849317509989514,15.37946666213664,0.5403357726318782,0,,,,True
69,-1.26157734375,5,True,0.059139632714774404,0.0590396327147744,15.46639561552753,0.5424197269126343,0,,,,True
69,-1.26157734375,6,True,0.05967676049925208,0.05957676049925208,15.548415740797562,0.5444462517734504,0,,,,True
70,-1.246578515625,0,True,0.05608970919228273,0.05598970919228273,14.947754350094954,0.5401212856977029,0,,,,True
70,-1.246578515625,1,True,0.056689830402653296,0.05658983040265329,15.032380335611677,0.5423521277775012,0,,,,True
70,-1.246578515625,2,True,0.05728180268995864,0.057181802689958636,15.12022659446932,0.5445662728434373,0,,,,True
70,-1.246578515625,3,True,0.05785371431460584,0.05775371431460584,15.250814489689565,0.5467440660289857,0,,,,True
70,-1.246578515625,4,True,0.05841763919074161,0.05831763919074161,15.379579057354587,0.5488854766340656,0,,,,True
70,-1.246578515625,5,True,0.058981531774623175,0.05888153177462317,15.466510377632929,0.5509694309148219,0,,,,True
70,-1.246578515625,6,True,0.0595360834295815,0.059436083429581496,15.548531914884052,0.552995955775638,0,,,,True
71,-1.2315796875,0,True,0.05584171439776364,0.05574171439776364,14.947860751249063,0.5486709896998904,0,,,,True
71,-1.2315796875,1,True,0.056460121519772866,0.05636012151977286,15.032485255956736,0.5509018317796887,0,,,,True
71,-1.2315796875,2,True,0.05707026901473311,0.05697026901473311,15.120333796617714,0.5531159768456247,0,,,,True
71,-1.2315796875,3,True,0.05766052741462291,0.057560527414622906,15.250923009727082,0.5552937700311733,0,,,,True
71,-1.2315796875,4,True,0.05824186991171576,0.05814186991171576,15.379691710701719,0.5574351806362531,0,,,,True
71,-1.2315796875,5,True,0.05882346406602412,0.05872346406602412,15.46662539749233,0.5595191349170093,0,,,,True
71,-1.2315796875,6,True,0.059395322808763584,0.05929532280876358,15.548648346273527,0.5615456597778254,0,,,,True
72,-1.216580859375,0,True,0.0555942831391274,0.055494283139127396,14.947967411194801,0.5572206937020778,0,,,,True
72,-1.216580859375,1,True,0.05623091008207126,0.05613091008207126,15.032590339037206,0.5594515357818761,0,,,,True
72,-1.216580859375,2,True,0.05685911237242891,0.05675911237242891,15.120441161572739,0.5616656808478122,0,,,,True
72,-1.216580859375,3,True,0.057466818649085205,0.0573668186490852,15.251031692536202,0.5638434740333608,0,,,,True
72,-1.216580859375,4,True,0.058066448181334884,0.05796644818133488,15.379804622247153,0.5659848846384407,0,,,,True
72,-1.216580859375,5,True,0.05866554884094155,0.05856554884094155,15.466740675175014,0.5680688389191968,0,,,,True
72,-1.216580859375,6,True,0.05925478920000282,0.05915478920000282,15.548765035035494,0.5700953637800129,0,,,,True
73,-1.20158203125,0,True,0.05534620417396763,0.055246204173967625,14.948074330000486,0.5657703977042654,0,,,,True
73,-1.20158203125,1,True,0.05600107802892307,0.055901078028923065,15.03269558488267,0.5680012397840636,0,,,,True
73,-1.20158203125,2,True,0.056647391133060054,0.05654739113306005,15.120548689364053,0.5702153848499997,0,,,,True
73,-1.20158203125,3,True,0.05727365492801928,0.05717365492801928,15.251140538146679,0.5723931780355482,0,,,,True
73,-1.20158203125,4,True,0.05789076943022353,0.05779076943022353,15.379917792059942,0.5745345886406281,0,,,,True
73,-1.20158203125,5,True,0.05850755846461109,0.058407558464611084,15.466856210750224,0.5766185429213843,0,,,,True
73,-1.20158203125,6,True,0.059114196560005716,0.05901419656000571,15.548881981239353,0.5786450677822004,0,,,,True
74,-1.186583203125,0,True,0.05509849032453351,0.05499849032453351,14.948181507734372,0.5743201017064529,0,,,,True
74,-1.186583203125,1,True,0.05577168977242852,0.05567168977242852,15.032800993522681,0.5765509437862512,0,,,,True
74,-1.186583203125,2,True,0.05643620132353,0.05633620132353,15.120656380021327,0.5787650888521871,0,,,,True
74,-1.186583203125,3,True,0.057080115610839144,0.05698011561083914,15.251249546588237,0.5809428820377357,0,,,,True
74,-1.186583203125,4,True,0.057715365041851374,0.05761536504185137,15.380031220209087,0.5830842926428156,0,,,,True
74,-1.186583203125,5,True,0.0583497750039732,0.0582497750039732,15.466972004287143,0.5851682469235717,0,,,,True
74,-1.186583203125,6,True,0.058973822486535266,0.05887382248653526,15.548999184954509,0.587194771784388,0,,,,True
75,-1.1715843750000001,0,True,0.05485045734457117,0.054750457344571166,14.948288944464704,0.5828698057086403,0,,,,True
75,-1.1715843750000001,1,True,0.05554195565592579,0.05544195565592579,15.032906564986794,0.5851006477884386,0,,,,True
75,-1.1715843750000001,2,True,0.05622462654152516,0.056124626541525155,15.12076423357418,0.5873147928543747,0,,,,True
75,-1.1715843750000001,3,True,0.05688680143862834,0.05678680143862834,15.251358717890582,0.5894925860399232,0,,,,True
75,-1.1715843750000001,4,True,0.05753990762051986,0.057439907620519856,15.380144906763567,0.591633996645003,0,,,,True
75,-1.1715843750000001,5,True,0.0581919519059757,0.0580919519059757,15.467088055854926,0.5937179509257592,0,,,,True
75,-1.1715843750000001,6,True,0.05883341987030155,0.05873341987030155,15.549116646250308,0.5957444757865754,0,,,,True
76,-1.156585546875,0,True,0.054602581506217884,0.05450258150621788,14.948396640259634,0.5914195097108279,0,,,,True
76,-1.156585546875,1,True,0.05531238758021306,0.05521238758021306,15.033012299304538,0.5936503517906262,0,,,,True
76,-1.156585546875,2,True,0.056013250291178096,0.05591325029117809,15.120872250052255,0.5958644968565623,0,,,,True
76,-1.156585546875,3,True,0.05669347354985055,0.056593473549850545,15.251468052083416,0.5980422900421108,0,,,,True
76,-1.156585546875,4,True,0.05736439761591683,0.057264397615916826,15.380258851792298,0.6001837006471906,0,,,,True
76,-1.156585546875,5,True,0.05803408947983835,0.057934089479838344,15.467204365522683,0.6022676549279469,0,,,,True
76,-1.156585546875,6,True,0.058692988915799216,0.05859298891579921,15.549234365196051,0.604294179788763,0,,,,True
77,-1.14158671875,0,True,0.05435461924795826,0.054254619247958255,14.948504595187298,0.5999692137130154,0,,,,True
77,-1.14158671875,1,True,0.055082775378507254,0.05498277537850725,15.03311819650544,0.6022000557928137,0,,,,True
77,-1.14158671875,2,True,0.05580184524556353,0.05570184524556353,15.120980429485144,0.6044142008587499,0,,,,True
77,-1.14158671875,3,True,0.056500078177893265,0.05640007817789326,15.251577549196414,0.6065919940442983,0,,,,True
77,-1.14158671875,4,True,0.05718883547860276,0.05708883547860276,15.380373055364162,0.6087334046493782,0,,,,True
77,-1.14158671875,5,True,0.05787618803531602,0.05777618803531602,15.467320933359465,0.6108173589301343,0,,,,True
77,-1.14158671875,6,True,0.058552529827826216,0.05845252982782621,15.549352341860995,0.6128438837909504,0,,,,True
78,-1.126587890625,0,True,0.05410653241810692,0.05400653241810692,14.948612809315767,0.608518917715203,0,,,,True
78,-1.126587890625,1,True,0.05485305971949073,0.054753059719490724,15.033224256618993,0.6107497597950011,0,,,,True
78,-1.126587890625,2,True,0.05559035605960405,0.05549035605960405,15.12108877190245,0.6129639048609373,0,,,,True
78,-1.126587890625,3,True,0.056306615958687356,0.05620661595868735,15.251687209259261,0.6151416980464858,0,,,,True
78,-1.126587890625,4,True,0.05701322166000722,0.056913221660007215,15.38048751754798,0.6172831086515657,0,,,,True
78,-1.126587890625,5,True,0.057718247882692086,0.057618247882692084,15.46743775943429,0.6193670629323218,0,,,,True
78,-1.126587890625,6,True,0.05841204281149093,0.058312042811490924,15.54947057631436,0.6213935877931379,0,,,,True
79,-1.1115890625,0,True,0.053858322553566484,0.05375832255356648,14.94872128271308,0.6170686217173904,0,,,,True
79,-1.1115890625,1,True,0.05462324177385014,0.05452324177385014,15.03333047967469,0.6192994637971887,0,,,,True
79,-1.1115890625,2,True,0.055378783607161086,0.05527878360716108,15.121197277333746,0.6215136088631248,0,,,,True
79,-1.1115890625,3,True,0.05611308752951061,0.056013087529510605,15.251797032301589,0.6236914020486732,0,,,,True
79,-1.1115890625,4,True,0.056837556612424844,0.05673755661242484,15.380602238412553,0.6258328126537531,0,,,,True
79,-1.1115890625,5,True,0.057560269332780134,0.05746026933278013,15.467554843816139,0.6279167669345093,0,,,,True
79,-1.1115890625,6,True,0.05827152807220237,0.05817152807220237,15.54958906862532,0.6299432917953255,0,,,,True
80,-1.096590234375,0,True,0.05360999119517107,0.05350999119517107,14.948830015447218,0.6256183257195779,0,,,,True
80,-1.096590234375,1,True,0.054393322715108994,0.05429332271510899,15.033436865702006,0.6278491677993762,0,,,,True
80,-1.096590234375,2,True,0.0551671287640807,0.055067128764080694,15.121305945808597,0.6300633128653123,0,,,,True
80,-1.096590234375,3,True,0.05591949352897618,0.05581949352897618,15.251907018353048,0.6322411060508607,0,,,,True
80,-1.096590234375,4,True,0.05666184078901093,0.05656184078901093,15.380717218026618,0.6343825166559406,0,,,,True
80,-1.096590234375,5,True,0.05740225269691912,0.05730225269691912,15.467672186573939,0.6364664709366967,0,,,,True
80,-1.096590234375,6,True,0.05813098581567688,0.05803098581567688,15.549707818862991,0.638492995797513,0,,,,True
81,-1.08159140625,0,True,0.053361539887641474,0.05326153988764147,14.948939007586105,0.6341680297217653,0,,,,True
81,-1.08159140625,1,True,0.05416330371961253,0.05406330371961253,15.033543414730396,0.6363988718015636,0,,,,True
81,-1.08159140625,2,True,0.05495539240817804,0.054855392408178036,15.121414777356552,0.6386130168674997,0,,,,True
81,-1.08159140625,3,True,0.05572583459702729,0.05562583459702729,15.252017167443267,0.6407908100530483,0,,,,True
81,-1.08159140625,4,True,0.05648607464377653,0.056386074643776526,15.380832456458863,0.6429322206581279,0,,,,True
81,-1.08159140625,5,True,0.05724419828697602,0.05714419828697602,15.46778978777656,0.6450161749388843,0,,,,True
81,-1.08159140625,6,True,0.057990416247930554,0.05789041624793055,15.549826827096481,0.6470426997997003,0,,,,True
82,-1.066592578125,0,True,0.053112970179546526,0.05301297017954652,14.949048259197625,0.6427177337239529,0,,,,True
82,-1.066592578125,1,True,0.053933185966501984,0.05383318596650198,15.033650126789313,0.6449485758037511,0,,,,True
82,-1.066592578125,2,True,0.0547435754192338,0.0546435754192338,15.12152377200715,0.6471627208696872,0,,,,True
82,-1.066592578125,3,True,0.05553211137492298,0.055432111374922974,15.252127479601842,0.6493405140552357,0,,,,True
82,-1.066592578125,4,True,0.05631025863158223,0.05621025863158223,15.380947953777959,0.6514819246603156,0,,,,True
82,-1.066592578125,5,True,0.05708610641533518,0.05698610641533518,15.467907647492863,0.6535658789410718,0,,,,True
82,-1.066592578125,6,True,0.05784981957528146,0.057749819575281455,15.54994609339482,0.6555924038018879,0,,,,True
83,-1.05159375,0,True,0.052864283623256014,0.05276428362325601,14.949157770349636,0.6512674377261404,0,,,,True
83,-1.05159375,1,True,0.05370297063767815,0.053602970637678146,15.033757001908178,0.6534982798059386,0,,,,True
83,-1.05159375,2,True,0.054531678678963136,0.05443167867896313,15.121632929789907,0.6557124248718746,0,,,,True
83,-1.05159375,3,True,0.0553383245052399,0.0552383245052399,15.252237954858376,0.6578902180574232,0,,,,True
83,-1.05159375,4,True,0.0561343932081404,0.056034393208140396,15.381063710052498,0.6600316286625031,0,,,,True
83,-1.05159375,5,True,0.056927977394904516,0.056827977394904514,15.46802576579163,0.6621155829432592,0,,,,True
83,-1.05159375,6,True,0.05770919600434965,0.05760919600434965,15.550065617827013,0.6641421078040753,0,,,,True
84,-1.0365949218750001,0,True,0.05261548177490161,0.052515481774901604,14.949267541109908,0.6598171417283278,0,,,,True
84,-1.0365949218750001,1,True,0.05347265891778852,0.053372658917788515,15.033864040116399,0.662047983808126,0,,,,True
84,-1.0365949218750001,2,True,0.054319703071013414,0.05421970307101341,15.121742250734329,0.6642621288740622,0,,,,True
84,-1.0365949218750001,3,True,0.055144474631848794,0.05504447463184879,15.252348593242452,0.6664399220596107,0,,,,True
84,-1.0365949218750001,4,True,0.05595847882999827,0.05585847882999827,15.381179725351046,0.6685813326646906,0,,,,True
84,-1.0365949218750001,5,True,0.05676981153910443,0.05666981153910443,15.468144142741618,0.6706652869454467,0,,,,True
84,-1.0365949218750001,6,True,0.057568545742051835,0.05746854574205183,15.550185400462006,0.6726918118062629,0,,,,True
85,-1.02159609375,0,True,0.05236656619432889,0.05226656619432889,14.949377571546192,0.6683668457305154,0,,,,True
85,-1.02159609375,1,True,0.05324225199419086,0.053142251994190856,15.033971241443385,0.6705976878103137,0,,,,True
85,-1.02159609375,2,True,0.054107649480941156,0.05400764948094115,15.1218517348699,0.6728118328762497,0,,,,True
85,-1.02159609375,3,True,0.05495056239992335,0.05485056239992335,15.252459394783624,0.6749896260617984,0,,,,True
85,-1.02159609375,4,True,0.055782515954548195,0.05568251595454819,15.381295999742125,0.6771310366668781,0,,,,True
85,-1.02159609375,5,True,0.05661160916187624,0.05651160916187624,15.468262778411535,0.6792149909476344,0,,,,True
85,-1.02159609375,6,True,0.05742786899560759,0.05732786899560759,15.550305441368717,0.6812415158084504,0,,,,True
86,-1.006597265625,0,True,0.05211753844506006,0.05201753844506006,14.94948786172618,0.6769165497327029,0,,,,True
86,-1.006597265625,1,True,0.05301175105693501,0.052911751056935005,15.034078605918516,0.6791473918125013,0,,,,True
86,-1.006597265625,2,True,0.05389551879620136,0.053795518796201355,15.1219613822261,0.6813615368784371,0,,,,True
86,-1.006597265625,3,True,0.05475658845591713,0.05465658845591713,15.252570359511466,0.6835393300639858,0,,,,True
86,-1.006597265625,4,True,0.05560650504001119,0.055506505040011186,15.381412533294199,0.6856807406690656,0,,,,True
86,-1.006597265625,5,True,0.05645337057767019,0.05635337057767019,15.468381672870034,0.6877646949498218,0,,,,True
86,-1.006597265625,6,True,0.05728716597252914,0.05718716597252914,15.550425740616012,0.6897912198106378,0,,,,True
87,-0.9915984375,0,True,0.051868400094244205,0.0517684000942442,14.94959841171752,0.6854662537348903,0,,,,True
87,-0.9915984375,1,True,0.0527811572987229,0.0526811572987229,15.034186133571165,0.6876970958146887,0,,,,True
87,-0.9915984375,2,True,0.05368331190612485,0.05358331190612485,15.122071192832394,0.6899112408806247,0,,,,True
87,-0.9915984375,3,True,0.05456255344756222,0.05446255344756222,15.25268148745549,0.6920890340661733,0,,,,True
87,-0.9915984375,4,True,0.055430446545435164,0.05533044654543516,15.38152932607569,0.694230444671253,0,,,,True
87,-0.9915984375,5,True,0.05629509610144723,0.056195096101447226,15.468500826185739,0.6963143989520093,0,,,,True
87,-0.9915984375,6,True,0.05714643688062626,0.05704643688062626,15.55054629827272,0.6983409238128254,0,,,,True
88,-0.976599609375,0,True,0.051619152712614635,0.05151915271261463,14.9497092215878,0.6940159577370778,0,,,,True
88,-0.976599609375,1,True,0.05255047191490103,0.05245047191490103,15.034293824430677,0.6962467998168762,0,,,,True
88,-0.976599609375,2,True,0.05347102970191253,0.05337102970191253,15.122181166718224,0.6984609448828123,0,,,,True
88,-0.976599609375,3,True,0.05436845802385548,0.05426845802385548,15.252792778645233,0.7006387380683609,0,,,,True
88,-0.976599609375,4,True,0.05525434093069492,0.05515434093069492,15.381646378154988,0.7027801486734405,0,,,,True
88,-0.976599609375,5,True,0.056136786048679,0.056036786048678996,15.468620238427217,0.7048641029541968,0,,,,True
88,-0.976599609375,6,True,0.05700568192800537,0.05690568192800537,15.550667114407613,0.7068906278150129,0,,,,True
89,-0.96160078125,0,True,0.0513697978744414,0.0512697978744414,14.94982029140457,0.7025656617392655,0,,,,True
89,-0.96160078125,1,True,0.05231969610341425,0.052219696103414245,15.034401678526391,0.7047965038190637,0,,,,True
89,-0.96160078125,2,True,0.053258673076610474,0.05315867307661047,15.122291303913013,0.7070106488849998,0,,,,True
89,-0.96160078125,3,True,0.054174302835055865,0.05407430283505586,15.252904233110193,0.7091884420705483,0,,,,True
89,-0.96160078125,4,True,0.05507818865648284,0.05497818865648284,15.381763689600412,0.711329852675628,0,,,,True
89,-0.96160078125,5,True,0.0559784407353372,0.055878440735337195,15.468739909663,0.7134138069563842,0,,,,True
89,-0.96160078125,6,True,0.05686490132306199,0.056764901323061986,15.55078818908943,0.7154403318172003,0,,,,True
90,-0.9466019531250001,0,True,0.051120337157488205,0.0510203371574882,14.949931621235336,0.711115365741453,0,,,,True
90,-0.9466019531250001,1,True,0.05208883106478668,0.051988831064786675,15.034509695887632,0.7133462078212511,0,,,,True
90,-0.9466019531250001,2,True,0.053046242925097076,0.05294624292509707,15.122401604446182,0.7155603528871872,0,,,,True
90,-0.9466019531250001,3,True,0.05398008853266978,0.053880088532669776,15.253015850879864,0.7177381460727358,0,,,,True
90,-0.9466019531250001,4,True,0.05490199018430353,0.054801990184303526,15.381881260480263,0.7198795566778154,0,,,,True
90,-0.9466019531250001,5,True,0.055820060477902445,0.05572006047790244,15.46885983996156,0.7219635109585717,0,,,,True
90,-0.9466019531250001,6,True,0.056724095274490516,0.05662409527449051,15.55090952238687,0.7239900358193878,0,,,,True
91,-0.9316031250000001,0,True,0.050870772142965315,0.05077077214296531,14.950043211147538,0.7196650697436404,0,,,,True
91,-0.9316031250000001,1,True,0.05185787800209685,0.051757878002096844,15.034617876543706,0.7218959118234386,0,,,,True
91,-0.9316031250000001,2,True,0.05283374014406661,0.05273374014406661,15.122512068347131,0.7241100568893747,0,,,,True
91,-0.9316031250000001,3,True,0.05378581576944663,0.05368581576944663,15.253127631983737,0.7262878500749232,0,,,,True
91,-0.9316031250000001,4,True,0.05472574597647295,0.05462574597647295,15.38199909086278,0.7284292606800029,0,,,,True
91,-0.9316031250000001,5,True,0.05566164559335096,0.05556164559335096,15.468980029391348,0.7305132149607593,0,,,,True
91,-0.9316031250000001,6,True,0.05658326399127045,0.056483263991270447,15.551031114368556,0.7325397398215753,0,,,,True
92,-0.9166042968750001,0,True,0.05062110441548162,0.05052110441548162,14.950155061208582,0.7282147737458279,0,,,,True
92,-0.9166042968750001,1,True,0.05162683812093638,0.05152683812093638,15.034726220523915,0.7304456158256261,0,,,,True
92,-0.9166042968750001,2,True,0.05262116563201369,0.052521165632013686,15.122622695645251,0.7326597608915622,0,,,,True
92,-0.9166042968750001,3,True,0.05359148519936152,0.05349148519936152,15.253239576451257,0.7348375540771107,0,,,,True
92,-0.9166042968750001,4,True,0.05454945649610865,0.05444945649610865,15.382117180816154,0.7369789646821904,0,,,,True
92,-0.9166042968750001,5,True,0.05550319639916168,0.05540319639916168,15.469100478020753,0.7390629189629467,0,,,,True
92,-0.9166042968750001,6,True,0.05644240768267794,0.05634240768267794,15.551152965103121,0.7410894438237627,0,,,,True
93,-0.9016054687499999,0,True,0.050371335562996666,0.050271335562996664,14.950267171485827,0.7367644777480155,0,,,,True
93,-0.9016054687499999,1,True,0.05139571262939846,0.05129571262939846,15.034834727857525,0.7389953198278136,0,,,,True
93,-0.9016054687499999,2,True,0.052408520289212834,0.05230852028921283,15.1227334863699,0.7412094648937497,0,,,,True
93,-0.9016054687499999,3,True,0.05339709747761612,0.053297097477616115,15.253351684311882,0.7433872580792983,0,,,,True
93,-0.9016054687499999,4,True,0.05437312220712842,0.05427312220712842,15.382235530408531,0.7455286686843781,0,,,,True
93,-0.9016054687499999,5,True,0.055344713213305585,0.05524471321330558,15.469221185918114,0.7476126229651343,0,,,,True
93,-0.9016054687499999,6,True,0.05630152655827292,0.056201526558272916,15.55127507465911,0.7496391478259504,0,,,,True
94,-0.8866066406249999,0,True,0.05012146717677668,0.05002146717677668,14.95037954204656,0.7453141817502029,0,,,,True
94,-0.8866066406249999,1,True,0.05116450273803563,0.05106450273803563,15.034943398573805,0.7475450238300012,0,,,,True
94,-0.8866066406249999,2,True,0.052195805017707375,0.05209580501770737,15.122844440550455,0.7497591688959372,0,,,,True
94,-0.8866066406249999,3,True,0.053202653260621346,0.053102653260621344,15.253463955595041,0.7519369620814857,0,,,,True
94,-0.8866066406249999,4,True,0.054196743574243644,0.05409674357424364,15.38235413970803,0.7540783726865656,0,,,,True
94,-0.8866066406249999,5,True,0.05518619635424882,0.055086196354248815,15.469342153151732,0.7561623269673219,0,,,,True
94,-0.8866066406249999,6,True,0.05616062082790618,0.05606062082790618,15.55139744310504,0.7581888518281379,0,,,,True
95,-0.8716078125,0,True,0.049871500851340844,0.04977150085134084,14.950492172958056,0.7538638857523904,0,,,,True
95,-0.8716078125,1,True,0.05093320965983761,0.050833209659837605,15.035052232701997,0.7560947278321887,0,,,,True
95,-0.8716078125,2,True,0.05198302072128769,0.051883020721287684,15.12295555821623,0.7583088728981247,0,,,,True
95,-0.8716078125,3,True,0.053008153205994724,0.05290815320599472,15.253576390330153,0.7604866660836733,0,,,,True
95,-0.8716078125,4,True,0.05402032106295662,0.05392032106295662,15.382473008782693,0.7626280766887531,0,,,,True
95,-0.8716078125,5,True,0.055027646140946906,0.054927646140946904,15.469463379789875,0.7647120309695093,0,,,,True
95,-0.8716078125,6,True,0.056019690701714975,0.05591969070171497,15.551520070509369,0.7667385558303254,0,,,,True
96,-0.856608984375,0,True,0.04962143818441911,0.049521438184419106,14.950605064287501,0.7624135897545778,0,,,,True
96,-0.856608984375,1,True,0.05070183461019706,0.05060183461019706,15.035161230271335,0.7646444318343762,0,,,,True
96,-0.856608984375,2,True,0.05177016830547343,0.05167016830547343,15.123066839396559,0.7668585769003122,0,,,,True
96,-0.856608984375,3,True,0.05281359797253993,0.052713597972539925,15.253688988546632,0.7690363700858608,0,,,,True
96,-0.856608984375,4,True,0.05384385513954992,0.05374385513954992,15.382592137700545,0.7711777806909406,0,,,,True
96,-0.856608984375,5,True,0.05486906289284477,0.054769062892844764,15.469584865900742,0.7732617349716968,0,,,,True
96,-0.856608984375,6,True,0.05587873639012031,0.055778736390120306,15.551642956940542,0.7752882598325129,0,,,,True
97,-0.84161015625,0,True,0.04937128077689401,0.04927128077689401,14.950718216102064,0.7709632937567653,0,,,,True
97,-0.84161015625,1,True,0.05047037880688299,0.050370378806882984,15.03527039131104,0.7731941358365637,0,,,,True
97,-0.84161015625,2,True,0.051557248677502,0.051457248677501996,15.123178284120765,0.7754082809024997,0,,,,True
97,-0.84161015625,3,True,0.05261898822025257,0.05251898822025257,15.253801750273848,0.7775860740880484,0,,,,True
97,-0.84161015625,4,True,0.05366734627108771,0.05356734627108771,15.38271152652954,0.779727484693128,0,,,,True
97,-0.84161015625,5,True,0.054710446929870926,0.05461044692987092,15.469706611552501,0.7818114389738843,0,,,,True
97,-0.84161015625,6,True,0.05573775810383097,0.05563775810383097,15.551766102466917,0.7838379638347004,0,,,,True
98,-0.826611328125,0,True,0.049121030232760265,0.04902103023276026,14.95083162846884,0.7795129977589529,0,,,,True
98,-0.826611328125,1,True,0.05023884347001184,0.05013884347001184,15.035379715850306,0.7817438398387512,0,,,,True
98,-0.826611328125,2,True,0.05134426274630721,0.05124426274630721,15.12328989241813,0.7839579849046872,0,,,,True
98,-0.826611328125,3,True,0.05242432461029756,0.052324324610297554,15.253914675541196,0.7861357780902358,0,,,,True
98,-0.826611328125,4,True,0.053490794925407315,0.05339079492540731,15.382831175337593,0.7882771886953155,0,,,,True
98,-0.826611328125,5,True,0.0545517985724393,0.0544517985724393,15.469828616813272,0.7903611429760717,0,,,,True
98,-0.826611328125,6,True,0.05559675605383685,0.055496756053836846,15.551889507156847,0.7923876678368879,0,,,,True
99,-0.8116125000000001,0,True,0.04887068815907103,0.04877068815907103,14.950945301454896,0.7880627017611403,0,,,,True
99,-0.8116125000000001,1,True,0.050007229822014665,0.04990722982201466,15.03548920391832,0.7902935438409386,0,,,,True
99,-0.8116125000000001,2,True,0.051131211422498435,0.05103121142249843,15.123401664317939,0.7925076889068747,0,,,,True
99,-0.8116125000000001,3,True,0.05222960780500374,0.05212960780500374,15.254027764378016,0.7946854820924233,0,,,,True
99,-0.8116125000000001,4,True,0.053314201571112996,0.05321420157111299,15.382951084192594,0.796826892697503,0,,,,True
99,-0.8116125000000001,5,True,0.054393118141441654,0.05429311814144165,15.46995088175113,0.7989108469782592,0,,,,True
99,-0.8116125000000001,6,True,0.055455730451407614,0.05535573045140761,15.552013171078624,0.8009373718390753,0,,,,True
100,-0.7966136718750001,0,True,0.048620256165882836,0.04852025616588283,14.95105923512724,0.7966124057633279,0,,,,True
100,-0.7966136718750001,1,True,0.04977553908760379,0.04967553908760379,15.035598855544258,0.7988432478431261,0,,,,True
100,-0.7966136718750001,2,True,0.05091809561834815,0.050818095618348144,15.12351359984946,0.8010573929090622,0,,,,True
100,-0.7966136718750001,3,True,0.05203483846785417,0.05193483846785417,15.254141016813668,0.8032351860946108,0,,,,True
100,-0.7966136718750001,4,True,0.053137566677572856,0.05303756667757285,15.383071253162354,0.8053765966996904,0,,,,True
100,-0.7966136718750001,5,True,0.05423440595824891,0.05413440595824891,15.470073406434107,0.8074605509804468,0,,,,True
100,-0.7966136718750001,6,True,0.05531468150809893,0.055214681508098926,15.55213709430048,0.8094870758412628,0,,,,True
101,-0.7816148437500001,0,True,0.04836973586620941,0.048269735866209404,14.951173429552817,0.8051621097655154,0,,,,True
101,-0.7816148437500001,1,True,0.04954377249374797,0.04944377249374797,15.035708670757266,0.8073929518453136,0,,,,True
101,-0.7816148437500001,2,True,0.0507049162477724,0.0506049162477724,15.12362569904193,0.8096070969112497,0,,,,True
101,-0.7816148437500001,3,True,0.05184001726347853,0.05174001726347853,15.254254432877465,0.8117848900967982,0,,,,True
101,-0.7816148437500001,4,True,0.05296089071491439,0.052860890714914385,15.383191682314655,0.8139263007018779,0,,,,True
101,-0.7816148437500001,5,True,0.054075662344707176,0.05397566234470717,15.47019619093016,0.8160102549826342,0,,,,True
101,-0.7816148437500001,6,True,0.05517360943574223,0.05507360943574223,15.552261276890622,0.8180367798434502,0,,,,True
102,-0.7666160156249999,0,True,0.048119128875972805,0.0480191288759728,14.951287884798559,0.813711813767703,0,,,,True
102,-0.7666160156249999,1,True,0.04931193126963951,0.049211931269639506,15.03581864958649,0.8159426558475011,0,,,,True
102,-0.7666160156249999,2,True,0.05049167422631218,0.050391674226312175,15.123737961924602,0.8181568009134372,0,,,,True
102,-0.7666160156249999,3,True,0.05164514485763627,0.05154514485763627,15.254368012598732,0.8203345940989858,0,,,,True
102,-0.7666160156249999,4,True,0.05278417415401693,0.052684174154016924,15.38331237171723,0.8224760047040656,0,,,,True
102,-0.7666160156249999,5,True,0.053916887623134624,0.05381688762313462,15.470319235307253,0.8245599589848218,0,,,,True
102,-0.7666160156249999,6,True,0.0550325144464483,0.0549325144464483,15.552385718917208,0.8265864838456379,0,,,,True
103,-0.7516171875,0,True,0.04786843681394348,0.04776843681394348,14.9514026009313,0.8222615177698904,0,,,,True
103,-0.7516171875,1,True,0.049080016646659175,0.04898001664665917,15.035928792061053,0.8244923598496886,0,,,,True
103,-0.7516171875,2,True,0.05027837047111605,0.05017837047111605,15.123850388526678,0.8267065049156247,0,,,,True
103,-0.7516171875,3,True,0.051450221917213934,0.05135022191721393,15.254481756006776,0.8288842981011733,0,,,,True
103,-0.7516171875,4,True,0.0526074174665041,0.0525074174665041,15.38343332143776,0.8310257087062531,0,,,,True
103,-0.7516171875,5,True,0.053758082116317496,0.05365808211631749,15.470442539633268,0.8331096629870093,0,,,,True
103,-0.7516171875,6,True,0.05489139675260413,0.054791396752604124,15.552510420448343,0.8351361878478254,0,,,,True
104,-0.736618359375,0,True,0.047617661301690095,0.04751766130169009,14.951517578017862,0.8308112217720779,0,,,,True
104,-0.736618359375,1,True,0.04884802985835002,0.048748029858350014,15.036039098210072,0.8330420638518761,0,,,,True
104,-0.736618359375,2,True,0.050065005900918,0.049965005900918,15.123962978877376,0.8352562089178122,0,,,,True
104,-0.736618359375,3,True,0.05125524911021051,0.05115524911021051,15.254595663130868,0.8374340021033607,0,,,,True
104,-0.736618359375,4,True,0.052430621124744725,0.05233062112474472,15.383554531543886,0.8395754127084406,0,,,,True
104,-0.736618359375,5,True,0.053599246147512325,0.05349924614751232,15.470566103976044,0.8416593669891967,0,,,,True
104,-0.736618359375,6,True,0.05475025656687471,0.05465025656687471,15.552635381552097,0.8436858918500129,0,,,,True
105,-0.72161953125,0,True,0.04736680396353421,0.04726680396353421,14.951632816124992,0.8393609257742654,0,,,,True
105,-0.72161953125,1,True,0.04861597214037605,0.04851597214037605,15.036149568062626,0.8415917678540638,0,,,,True
105,-0.72161953125,2,True,0.04985158143602364,0.04975158143602364,15.12407573300588,0.8438059129199996,0,,,,True
105,-0.72161953125,3,True,0.051060227105728995,0.05096022710572899,15.25470973400028,0.8459837061055482,0,,,,True
105,-0.72161953125,4,True,0.05225378560184302,0.052153785601843014,15.3836760021032,0.8481251167106281,0,,,,True
105,-0.72161953125,5,True,0.05344038004043661,0.053340380040436605,15.470689928403388,0.8502090709913843,0,,,,True
105,-0.72161953125,6,True,0.05460909410219683,0.05450909410219683,15.552760602296495,0.8522355958522004,0,,,,True
106,-0.706620703125,0,True,0.04711586642648635,0.04701586642648635,14.951748315319419,0.8479106297764528,0,,,,True
106,-0.706620703125,1,True,0.04838384473050539,0.048283844730505385,15.036260201647803,0.8501414718562512,0,,,,True
106,-0.706620703125,2,True,0.049638097998292,0.049538097998291994,15.124188650941363,0.8523556169221872,0,,,,True
106,-0.706620703125,3,True,0.05086515657396218,0.050765156573962175,15.254823968644267,0.8545334101077358,0,,,,True
106,-0.706620703125,4,True,0.05207691137163328,0.05197691137163328,15.38379773318325,0.8566748207128155,0,,,,True
106,-0.706620703125,5,True,0.05328148411927103,0.053181484119271025,15.470814012983052,0.8587587749935718,0,,,,True
106,-0.706620703125,6,True,0.054467909571783046,0.054367909571783044,15.552886082749502,0.8607852998543879,0,,,,True
107,-0.691621875,0,True,0.046864850320196716,0.04676485032019671,14.951864075667793,0.8564603337786403,0,,,,True
107,-0.691621875,1,True,0.04815164886856005,0.048051648868560046,15.036370998994656,0.8586911758584387,0,,,,True
107,-0.691621875,2,True,0.04942455651111066,0.04932455651111066,15.12430173271298,0.8609053209243747,0,,,,True
107,-0.691621875,3,True,0.050670038186190425,0.05057003818619042,15.254938367092075,0.8630831141099233,0,,,,True
107,-0.691621875,4,True,0.051899998908675915,0.05179999890867591,15.383919724851527,0.865224524715003,0,,,,True
107,-0.691621875,5,True,0.05312255870865634,0.05302255870865634,15.470938357782723,0.8673084789957592,0,,,,True
107,-0.691621875,6,True,0.05432670318911548,0.054226703189115474,15.553011822979055,0.8693350038565754,0,,,,True
108,-0.6766230468750001,0,True,0.04661375727690231,0.04651375727690231,14.951980097236714,0.8650100377808279,0,,,,True
108,-0.6766230468750001,1,True,0.04791938579639643,0.04781938579639643,15.036481960132246,0.8672408798606261,0,,,,True
108,-0.6766230468750001,2,True,0.049210957899378904,0.0491109578993789,15.124414978349876,0.8694550249265621,0,,,,True
108,-0.6766230468750001,3,True,0.0504748726147608,0.0503748726147608,15.255052929372924,0.8716328181121108,0,,,,True
108,-0.6766230468750001,4,True,0.051723048688250284,0.05162304868825028,15.38404197717548,0.8737742287171905,0,,,,True
108,-0.6766230468750001,5,True,0.05296360413368717,0.05286360413368717,15.471062962870079,0.8758581829979467,0,,,,True
108,-0.6766230468750001,6,True,0.054185475167949804,0.0540854751679498,15.553137823053031,0.8778847078587628,0,,,,True
109,-0.6616242187500001,0,True,0.04636258893136791,0.04626258893136791,14.952096380092742,0.8735597417830153,0,,,,True
109,-0.6616242187500001,1,True,0.047687056757867996,0.04758705675786799,15.036593085089589,0.8757905838628136,0,,,,True
109,-0.6616242187500001,2,True,0.048997303089493904,0.0488973030894939,15.124528387881188,0.8780047289287496,0,,,,True
109,-0.6616242187500001,3,True,0.050279660533085746,0.05017966053308574,15.255167655516022,0.8801825221142983,0,,,,True
109,-0.6616242187500001,4,True,0.05154606118634941,0.05144606118634941,15.384164490222517,0.8823239327193779,0,,,,True
109,-0.6616242187500001,5,True,0.05280462071991332,0.05270462071991332,15.471187828312718,0.8844078870001343,0,,,,True
109,-0.6616242187500001,6,True,0.05404422572230816,0.053944225722308156,15.553264083039267,0.8864344118609503,0,,,,True
110,-0.6466253906249999,0,True,0.04611134692083496,0.04601134692083496,14.9522129243024,0.882109445785203,0,,,,True
110,-0.6466253906249999,1,True,0.04745466299878709,0.047354662998787087,15.036704373895716,0.8843402878650012,0,,,,True
110,-0.6466253906249999,2,True,0.04878359300932722,0.04868359300932722,15.124641961336014,0.8865544329309373,0,,,,True
110,-0.6466253906249999,3,True,0.05008440261562308,0.04998440261562308,15.255282545550562,0.8887322261164858,0,,,,True
110,-0.6466253906249999,4,True,0.05136903687967642,0.05126903687967642,15.384287264059987,0.8908736367215656,0,,,,True
110,-0.6466253906249999,5,True,0.05264560879333269,0.052545608793332685,15.471312954178217,0.8929575910023219,0,,,,True
110,-0.6466253906249999,6,True,0.05390295506648268,0.05380295506648268,15.553390603005573,0.894984115863138,0,,,,True
111,-0.6316265624999999,0,True,0.04586003288496254,0.04576003288496254,14.952329729932131,0.8906591497873905,0,,,,True
111,-0.6316265624999999,1,True,0.047222205766898284,0.04712220576689828,15.03681582657962,0.8928899918671886,0,,,,True
111,-0.6316265624999999,2,True,0.04856982858820258,0.048469828588202576,15.124755698743467,0.8951041369331247,0,,,,True
111,-0.6316265624999999,3,True,0.04988909953787646,0.049789099537876455,15.255397599505725,0.8972819301186733,0,,,,True
111,-0.6316265624999999,4,True,0.05119197624563476,0.05109197624563476,15.38441029875521,0.8994233407237531,0,,,,True
111,-0.6316265624999999,5,True,0.052486568680391255,0.05238656868039125,15.4714383405341,0.9015072950045093,0,,,,True
111,-0.6316265624999999,6,True,0.05376166341503241,0.05366166341503241,15.553517383019674,0.9035338198653254,0,,,,True
112,-0.616627734375,0,True,0.045608648465774504,0.0455086484657745,14.95244679704835,0.8992088537895779,0,,,,True
112,-0.616627734375,1,True,0.04698968631184153,0.046889686311841525,15.036927443170288,0.9014396958693761,0,,,,True
112,-0.616627734375,2,True,0.048356010756880785,0.04825601075688078,15.124869600132616,0.9036538409353122,0,,,,True
112,-0.616627734375,3,True,0.04969375197637316,0.049593751976373154,15.25551281741068,0.9058316341208608,0,,,,True
112,-0.616627734375,4,True,0.051014879762328214,0.05091487976232821,15.384533594375426,0.9079730447259406,0,,,,True
112,-0.616627734375,5,True,0.0523275007079822,0.0522275007079822,15.471563987447823,0.9100569990066968,0,,,,True
112,-0.616627734375,6,True,0.053620350982781506,0.0535203509827815,15.553644423149281,0.9120835238675129,0,,,,True
113,-0.60162890625,0,True,0.04535719530759863,0.04525719530759863,14.952564125717405,0.9077585577917654,0,,,,True
113,-0.60162890625,1,True,0.046757105885115724,0.04665710588511572,15.037039223696688,0.9099893998715636,0,,,,True
113,-0.60162890625,2,True,0.04814214044753529,0.048042140447535284,15.124983665532536,0.9122035449374997,0,,,,True
113,-0.60162890625,3,True,0.049498360608660974,0.04939836060866097,15.255628199294573,0.9143813381230482,0,,,,True
113,-0.60162890625,4,True,0.05083774790854756,0.050737747908547556,15.384657150987863,0.9165227487281281,0,,,,True
113,-0.60162890625,5,True,0.052168405203438795,0.05206840520343879,15.47168989498682,0.9186067030088843,0,,,,True
113,-0.60162890625,6,True,0.05347901798481658,0.053379017984816576,15.553771723462047,0.9206332278697004,0,,,,True
114,-0.586630078125,0,True,0.045105675057012906,0.0450056750570129,14.95268171600561,0.9163082617939529,0,,,,True
114,-0.586630078125,1,True,0.04652446574005076,0.046424465740050755,15.037151168187773,0.9185391038737513,0,,,,True
114,-0.586630078125,2,True,0.047928218593740635,0.04782821859374063,15.12509789497228,0.9207532489396871,0,,,,True
114,-0.586630078125,3,True,0.049302926113291345,0.04920292611329134,15.255743745186534,0.9229310421252357,0,,,,True
114,-0.586630078125,4,True,0.05066058116377237,0.050560581163772364,15.384780968659681,0.9250724527303156,0,,,,True
114,-0.586630078125,5,True,0.052009282494533515,0.05190928249453351,15.47181606321847,0.9271564070110717,0,,,,True
114,-0.586630078125,6,True,0.05333766463649159,0.053237664636491586,15.553899284025583,0.9291829318718879,0,,,,True
115,-0.57163125,0,True,0.04485408936278823,0.04475408936278823,14.95279956797922,0.9248579657961403,0,,,,True
115,-0.57163125,1,True,0.046291767131764416,0.046191767131764414,15.037263276672482,0.9270888078759387,0,,,,True
115,-0.57163125,2,True,0.04771424613044051,0.047614246130440505,15.12521228848087,0.9293029529418747,0,,,,True
115,-0.57163125,3,True,0.049107449169814466,0.04900744916981446,15.255859455115685,0.9314807461274232,0,,,,True
115,-0.57163125,4,True,0.05048338000816033,0.050383380008160325,15.384905047458002,0.933622156732503,0,,,,True
115,-0.57163125,5,True,0.051850132909474045,0.05175013290947404,15.47194249221011,0.9357061110132592,0,,,,True
115,-0.57163125,6,True,0.05319629115341584,0.05309629115341584,15.554027104907462,0.9377326358740754,0,,,,True
116,-0.5566324218750001,0,True,0.044602439875824906,0.0445024398758249,14.952917681704442,0.9334076697983278,0,,,,True
116,-0.5566324218750001,1,True,0.04605901131713441,0.04595901131713441,15.037375549179739,0.9356385118781262,0,,,,True
116,-0.5566324218750001,2,True,0.047500223993938384,0.04740022399393838,15.125326846087336,0.9378526569440622,0,,,,True
116,-0.5566324218750001,3,True,0.04891193045876285,0.04881193045876285,15.255975329111127,0.9400304501296108,0,,,,True
116,-0.5566324218750001,4,True,0.05030614492254237,0.05020614492254237,15.385029387449887,0.9421718607346905,0,,,,True
116,-0.5566324218750001,5,True,0.05169095677690283,0.05159095677690283,15.472069182029008,0.9442558150154468,0,,,,True
116,-0.5566324218750001,6,True,0.053054897751465546,0.05295489775146554,15.554155186175185,0.9462823398762629,0,,,,True
117,-0.5416335937500001,0,True,0.0443507282491038,0.044250728249103796,14.953036057247411,0.9419573738005154,0,,,,True
117,-0.5416335937500001,1,True,0.04582619955475886,0.04572619955475886,15.037487985738451,0.9441882158803137,0,,,,True
117,-0.5416335937500001,2,True,0.047286153121868235,0.04718615312186823,15.125441567820694,0.9464023609462496,0,,,,True
117,-0.5416335937500001,3,True,0.048716370661641584,0.04861637066164158,15.25609136720195,0.9485801541317983,0,,,,True
117,-0.5416335937500001,4,True,0.05012887638841734,0.05002887638841734,15.385153988702365,0.950721564736878,0,,,,True
117,-0.5416335937500001,5,True,0.05153175442589086,0.05143175442589086,15.47219613274243,0.9528055190176342,0,,,,True
117,-0.5416335937500001,6,True,0.052913484646770925,0.05281348464677092,15.554283527896219,0.9548320438784503,0,,,,True
118,-0.5266347656250001,0,True,0.04409895613761661,0.043998956137616604,14.953154694674257,0.9505070778027028,0,,,,True
118,-0.5266347656250001,1,True,0.045593333104921197,0.045493333104921194,15.037600586377508,0.9527379198825011,0,,,,True
118,-0.5266347656250001,2,True,0.04707203445318209,0.046972034453182085,15.125556453709912,0.9549520649484371,0,,,,True
118,-0.5266347656250001,3,True,0.04852077046091985,0.048420770460919846,15.256207569417235,0.9571298581339858,0,,,,True
118,-0.5266347656250001,4,True,0.04995157488794533,0.049851574887945324,15.385278851282393,0.9592712687390654,0,,,,True
118,-0.5266347656250001,5,True,0.05137252618594035,0.051272526185940345,15.472323344417543,0.9613552230198217,0,,,,True
118,-0.5266347656250001,6,True,0.05277205205571889,0.052672052055718885,15.554412130138008,0.9633817478806378,0,,,,True
119,-0.5116359374999999,0,True,0.04384712519831657,0.04374712519831657,14.95327359405102,0.9590567818048905,0,,,,True
119,-0.5116359374999999,1,True,0.04536041322955686,0.04526041322955686,15.037713351125783,0.9612876238846887,0,,,,True
119,-0.5116359374999999,2,True,0.04685786892812249,0.04675786892812249,15.125671503783979,0.9635017689506248,0,,,,True
119,-0.5116359374999999,3,True,0.04832513054001275,0.04822513054001275,15.25632393578602,0.9656795621361733,0,,,,True
119,-0.5116359374999999,4,True,0.04977424090394367,0.049674240903943664,15.385403975256924,0.967820972741253,0,,,,True
119,-0.5116359374999999,5,True,0.051213272386972264,0.05111327238697226,15.472450817121498,0.9699049270220093,0,,,,True
119,-0.5116359374999999,6,True,0.052630600194958355,0.05253060019495835,15.554540992967915,0.9719314518828255,0,,,,True
120,-0.49663710937499994,0,True,0.04359523709005142,0.04349523709005142,14.9533927554437,0.967606485807078,0,,,,True
120,-0.49663710937499994,1,True,0.0451274411922129,0.0450274411922129,15.03782628001215,0.9698373278868762,0,,,,True
120,-0.49663710937499994,2,True,0.046643657488204315,0.04654365748820431,15.12578671807185,0.9720514729528122,0,,,,True
120,-0.49663710937499994,3,True,0.04812945158327819,0.04802945158327819,15.25644046633737,0.9742292661383608,0,,,,True
120,-0.49663710937499994,4,True,0.04959687491987674,0.04949687491987674,15.385529360692825,0.9763706767434406,0,,,,True
120,-0.49663710937499994,5,True,0.05105399335933125,0.05095399335933125,15.472578550921396,0.9784546310241968,0,,,,True
120,-0.49663710937499994,6,True,0.05248912928138738,0.05238912928138738,15.554670116453272,0.980481155885013,0,,,,True
121,-0.48163828124999997,0,True,0.04334329347350829,0.04324329347350829,14.953512178918231,0.9761561898092654,0,,,,True
121,-0.48163828124999997,1,True,0.04489441825801954,0.04479441825801954,15.037939373065436,0.9783870318890636,0,,,,True
121,-0.48163828124999997,2,True,0.0464294010761952,0.046329401076195195,15.125902096602466,0.9806011769549997,0,,,,True
121,-0.48163828124999997,3,True,0.0479337342759969,0.047833734275996895,15.256557161100298,0.9827789701405483,0,,,,True
121,-0.48163828124999997,4,True,0.049419477419855085,0.04931947741985508,15.385655007656913,0.984920380745628,0,,,,True
121,-0.48163828124999997,5,True,0.05089468943378339,0.05079468943378339,15.472706545884275,0.9870043350263843,0,,,,True
121,-0.48163828124999997,6,True,0.05234763953215804,0.05224763953215804,15.554799500661376,0.9890308598872004,0,,,,True
122,-0.466639453125,0,True,0.043091296011146696,0.04299129601114669,14.953631864540542,0.9847058938114529,0,,,,True
122,-0.466639453125,1,True,0.04466134569364355,0.04456134569364355,15.038052630314471,0.9869367358912511,0,,,,True
122,-0.466639453125,2,True,0.04621510063609202,0.04611510063609202,15.126017639404752,0.9891508809571872,0,,,,True
122,-0.466639453125,3,True,0.047737979304368405,0.0476379793043684,15.256674020103823,0.9913286741427357,0,,,,True
122,-0.466639453125,4,True,0.0492420488886256,0.0491420488886256,15.385780916215976,0.9934700847478156,0,,,,True
122,-0.466639453125,5,True,0.050735360941504215,0.05063536094150421,15.472834802077148,0.9955540390285718,0,,,,True
122,-0.466639453125,6,True,0.05220613116467776,0.05210613116467776,15.554929145659457,0.9975805638893879,0,,,,True
123,-0.451640625,0,True,0.042839246367145645,0.04273924636714564,14.953751812376455,0.9932555978136404,0,,,,True
123,-0.451640625,1,True,0.04442822476725894,0.044328224767258936,15.038166051788082,0.9954864398934388,0,,,,True
123,-0.451640625,2,True,0.04600075711310048,0.045900757113100474,15.126133346507629,0.9977005849593746,0,,,,True
123,-0.451640625,3,True,0.04754218735549287,0.04744218735549287,15.25679104337693,0.9998783781449232,0,,,,True
123,-0.451640625,4,True,0.04906874624348667,0.04896874624348667,15.385907328767754,1.0,1,,,,True
123,-0.451640625,5,True,0.05058436465476124,0.050484364654761235,15.472963541342533,1.0,1,,,,True
123,-0.451640625,6,True,0.052076936614366076,0.05197693661436607,15.555059585268776,1.0,1,,,,True
124,-0.4398088552482986,0,True,0.04264038221858746,0.042540382218587455,14.95384661783167,1.0,0,,,,True
124,-0.4398088552482986,1,True,0.04424899655020598,0.044148996550205974,15.038255904948002,1.0,1,,,,True
124,-0.4398088552482986,2,True,0.045840947342448146,0.04574094734244814,15.126225335014993,1.0,1,,,,True
124,-0.4398088552482986,3,True,0.04740146725678818,0.047301467256788174,15.256885091333714,1.0,1,,,,True
124,-0.4398088552482986,4,True,0.04894262049170006,0.04884262049170006,15.386007812619475,1.0,1,,,,True
124,-0.4398088552482986,5,True,0.05047238117903241,0.05037238117903241,15.47306542270095,1.0,1,,,,True
124,-0.4398088552482986,6,True,0.05197885302407945,0.05187885302407945,15.555162775396258,1.0,1,,,,True
125,-0.43664179687500004,0,True,0.04259097252092747,0.04249097252092747,14.953871783468074,1.0,1,,,,True
125,-0.43664179687500004,1,True,0.04420356394751401,0.04410356394751401,15.038280113529606,1.0,1,,,,True
125,-0.43664179687500004,2,True,0.045799455424392566,0.04569945542439256,15.126250052257081,1.0,1,,,,True
125,-0.43664179687500004,3,True,0.047363865258103655,0.04726386525810365,15.256910283052557,1.0,1,,,,True
125,-0.43664179687500004,4,True,0.04890885789713195,0.04880885789713195,15.386034727021201,1.0,1,,,,True
125,-0.43664179687500004,5,True,0.05044240456533711,0.050342404565337104,15.473092711156983,1.0,1,,,,True
125,-0.43664179687500004,6,True,0.05195259746652292,0.05185259746652292,15.555190414148653,1.0,1,,,,True
126,-0.42164296875000007,0,True,0.042356954181769435,0.04225695418176943,14.953991065450904,1.0,1,,,,True
126,-0.42164296875000007,1,True,0.0439883818764617,0.0438883818764617,15.038394816773014,1.0,1,,,,True
126,-0.42164296875000007,2,True,0.045602937994735804,0.0455029379947358,15.126367164495221,1.0,1,,,,True
126,-0.42164296875000007,3,True,0.04718577250799605,0.047085772507996046,15.257029642358479,1.0,1,,,,True
126,-0.42164296875000007,4,True,0.04874895077332475,0.04864895077332475,15.386162290821554,1.0,1,,,,True
126,-0.42164296875000007,5,True,0.05030043000657969,0.050200430006579685,15.473222046309544,1.0,1,,,,True
126,-0.42164296875000007,6,True,0.05182824776304962,0.051728247763049615,15.555321408108785,1.0,1,,,,True
127,-0.4066441406250001,0,True,0.04212290437148214,0.04202290437148214,14.954110513233754,1.0,1,,,,True
127,-0.4066441406250001,1,True,0.04377317007422521,0.04367317007422521,15.038509609451097,1.0,1,,,,True
127,-0.4066441406250001,2,True,0.04540639395611912,0.045306393956119115,15.126484366228366,1.0,1,,,,True
127,-0.4066441406250001,3,True,0.04700765706670662,0.04690765706670662,15.257149091159176,1.0,1,,,,True
127,-0.4066441406250001,4,True,0.04858902521094777,0.048489025210947764,15.386290020197446,1.0,1,,,,True
127,-0.4066441406250001,5,True,0.05015844120103541,0.050058441201035406,15.473351546828948,1.0,1,,,,True
127,-0.4066441406250001,6,True,0.051703887643047786,0.05160388764304778,15.555452567178003,1.0,1,,,,True
128,-0.3916453124999999,0,True,0.04188882437779062,0.04178882437779062,14.954230126844852,1.0,1,,,,True
128,-0.3916453124999999,1,True,0.04355792950324533,0.04345792950324533,15.038624491573497,1.0,1,,,,True
128,-0.3916453124999999,2,True,0.04520982400969764,0.04510982400969764,15.126601657466205,1.0,1,,,,True
128,-0.3916453124999999,3,True,0.046829519430316324,0.04672951943031632,15.257268629464365,1.0,1,,,,True
128,-0.3916453124999999,4,True,0.04843331663193773,0.048333316631937726,15.386418003748826,1.0,2,,,,True
128,-0.3916453124999999,5,True,0.050025052505350054,0.04992505250535005,15.473481445445369,1.0,2,,,,True
128,-0.3916453124999999,6,True,0.05159223430920257,0.051492234309202564,15.555584315027694,1.0,2,,,,True
129,-0.3766464843749999,0,True,0.04165799133489312,0.041557991334893116,14.954349888710404,1.0,2,,,,True
129,-0.3766464843749999,1,True,0.043350961699498036,0.04325096169949803,15.038738534649877,1.0,2,,,,True
129,-0.3766464843749999,2,True,0.04502639054936042,0.044926390549360415,15.126717451356892,1.0,2,,,,True
129,-0.3766464843749999,3,True,0.04666915351871248,0.04656915351871248,15.25738594566651,1.0,2,,,,True
129,-0.3766464843749999,4,True,0.048291299193409465,0.04819129919340946,15.386546392864538,1.0,2,,,,True
129,-0.3766464843749999,5,True,0.049900711218923366,0.04980071121892336,15.473611698053503,1.0,2,,,,True
129,-0.3766464843749999,6,True,0.05148522282078094,0.05138522282078094,15.555716317667962,1.0,2,,,,True
130,-0.36164765624999995,0,True,0.04144260359649499,0.041342603596494984,14.954469688894248,1.0,2,,,,True
130,-0.36164765624999995,1,True,0.043154252252207925,0.04305425225220792,15.038851480242734,1.0,2,,,,True
130,-0.36164765624999995,2,True,0.044848167347259604,0.0447481673472596,15.126832660363469,1.0,2,,,,True
130,-0.36164765624999995,3,True,0.04650916055372223,0.046409160553722226,15.257503250225895,1.0,2,,,,True
130,-0.36164765624999995,4,True,0.0481492722742205,0.0480492722742205,15.386674872116611,1.0,2,,,,True
130,-0.36164765624999995,5,True,0.049776362843489075,0.04967636284348907,15.473742040697058,1.0,2,,,,True
130,-0.36164765624999995,6,True,0.051378206414456784,0.05127820641445678,15.555848410213944,1.0,2,,,,True
131,-0.346648828125,0,True,0.04122720186040718,0.04112720186040718,14.954589579277265,1.0,2,,,,True
131,-0.346648828125,1,True,0.04295752844842582,0.042857528448425816,15.038964463607822,1.0,2,,,,True
131,-0.346648828125,2,True,0.044669930800775415,0.04456993080077541,15.126947907177186,1.0,2,,,,True
131,-0.346648828125,3,True,0.046349156086667787,0.046249156086667784,15.25762059260046,1.0,2,,,,True
131,-0.346648828125,4,True,0.04800723610170854,0.047907236101708536,15.386803441514601,1.0,2,,,,True
131,-0.346648828125,5,True,0.04965200752122012,0.04955200752122012,15.473872473385612,1.0,2,,,,True
131,-0.346648828125,6,True,0.05127118517375795,0.051171185173757947,15.555980592675281,1.0,2,,,,True
132,-0.33165,0,True,0.04101178710137132,0.04091178710137132,14.95470955986887,1.0,2,,,,True
132,-0.33165,1,True,0.04276079100043395,0.04266079100043395,15.039077484747231,1.0,2,,,,True
132,-0.33165,2,True,0.04449168141508819,0.04439168141508819,15.127063191800122,1.0,2,,,,True
132,-0.33165,3,True,0.046192243513032416,0.04609224351303241,15.25773580618321,1.0,3,,,,True
132,-0.33165,4,True,0.04787301020658097,0.047773010206580965,15.386930451323547,1.0,3,,,,True
132,-0.33165,5,True,0.04953989674641335,0.049439896746413345,15.474000278158229,1.0,3,,,,True
132,-0.33165,6,True,0.05118049753251119,0.05108049753251119,15.556109050643261,1.0,3,,,,True
133,-0.316651171875,0,True,0.04080282005121516,0.04070282005121516,14.954828515521239,1.0,3,,,,True
133,-0.316651171875,1,True,0.04257577265873991,0.042475772658739905,15.039183113183867,1.0,3,,,,True
133,-0.316651171875,2,True,0.044330193708447485,0.04423019370844748,15.127167344498066,1.0,3,,,,True
133,-0.316651171875,3,True,0.046050609920482266,0.04595060992048226,15.257840368021109,1.0,3,,,,True
133,-0.316651171875,4,True,0.04774903077508563,0.04764903077508563,15.38705535110314,1.0,3,,,,True
133,-0.316651171875,5,True,0.04943323899451357,0.04933323899451357,15.474126918537031,1.0,3,,,,True
133,-0.316651171875,6,True,0.051090759622633986,0.05099075962263398,15.556237325913335,1.0,3,,,,True
134,-0.30165234375000005,0,True,0.04060655796803436,0.04050655796803436,14.954945332405615,1.0,3,,,,True
134,-0.30165234375000005,1,True,0.0423979553323508,0.0422979553323508,15.03928419226364,1.0,3,,,,True
134,-0.30165234375000005,2,True,0.04417060492779079,0.04407060492779079,15.12727024045286,1.0,3,,,,True
134,-0.30165234375000005,3,True,0.045908972441686124,0.04580897244168612,15.257944939179945,1.0,3,,,,True
134,-0.30165234375000005,4,True,0.04762504817502222,0.04752504817502222,15.38718028894121,1.0,3,,,,True
134,-0.30165234375000005,5,True,0.04932657895434023,0.049226578954340225,15.474253596937679,1.0,3,,,,True
134,-0.30165234375000005,6,True,0.05100102026578446,0.050901020265784455,15.556365639155437,1.0,3,,,,True
135,-0.2866535156250001,0,True,0.04041029491325654,0.040310294913256536,14.955062187339209,1.0,3,,,,True
135,-0.2866535156250001,1,True,0.04222013494173371,0.04212013494173371,15.039385280647586,1.0,3,,,,True
135,-0.2866535156250001,2,True,0.044011012351737655,0.04391101235173765,15.127373145723842,1.0,3,,,,True
135,-0.2866535156250001,3,True,0.04576733130816368,0.04566733130816368,15.258049519659874,1.0,3,,,,True
135,-0.2866535156250001,4,True,0.04750106255137476,0.04740106255137476,15.387305264839807,1.0,3,,,,True
135,-0.2866535156250001,5,True,0.04922086038719353,0.04912086038719353,15.474379492161717,1.0,4,,,,True
135,-0.2866535156250001,6,True,0.05091663025034876,0.05081663025034876,15.556489076426974,1.0,4,,,,True
136,-0.2716546875000001,0,True,0.04021403160635195,0.04011403160635195,14.95517908032405,1.0,3,,,,True
136,-0.2716546875000001,1,True,0.04204231199886532,0.04194231199886532,15.039486378335882,1.0,3,,,,True
136,-0.2716546875000001,2,True,0.04385588603911028,0.04375588603911028,15.127468159469736,1.0,4,,,,True
136,-0.2716546875000001,3,True,0.04563518444472825,0.04553518444472825,15.258136622232637,1.0,4,,,,True
136,-0.2716546875000001,4,True,0.04739122731145429,0.047291227311454284,15.387418554452466,1.0,4,,,,True
136,-0.2716546875000001,5,True,0.049131714644799374,0.04903171464479937,15.474490987679705,1.0,4,,,,True
136,-0.2716546875000001,6,True,0.05084385170282424,0.050743851702824236,15.556601869021724,1.0,4,,,,True
137,-0.2566558593749999,0,True,0.040030537773507735,0.03993053777350773,14.955287258684187,1.0,4,,,,True
137,-0.2566558593749999,1,True,0.04188264861446189,0.04178264861446189,15.039556670099486,1.0,4,,,,True
137,-0.2566558593749999,2,True,0.043715064581448804,0.0436150645814488,15.127537891034322,1.0,4,,,,True
137,-0.2566558593749999,3,True,0.0455119456733688,0.0454119456733688,15.258207325428895,1.0,4,,,,True
137,-0.2566558593749999,4,True,0.04728523175494903,0.04718523175494903,15.387528675945024,1.0,4,,,,True
137,-0.2566558593749999,5,True,0.04904256929362827,0.048942569293628266,15.474602492565376,1.0,4,,,,True
137,-0.2566558593749999,6,True,0.05077107348938448,0.050671073489384474,15.55671467097363,1.0,4,,,,True
138,-0.24165703124999993,0,True,0.039853698622173805,0.0397536986221738,14.95539089421238,1.0,4,,,,True
138,-0.24165703124999993,1,True,0.04172394208797936,0.04162394208797936,15.039625345568842,1.0,4,,,,True
138,-0.24165703124999993,2,True,0.043574245409752965,0.04347424540975296,15.127607622598909,1.0,4,,,,True
138,-0.24165703124999993,3,True,0.04538870809468154,0.04528870809468154,15.25827802862515,1.0,4,,,,True
138,-0.24165703124999993,4,True,0.047179236859115736,0.04707923685911573,15.387638806812348,1.0,4,,,,True
138,-0.24165703124999993,5,True,0.04895342438073946,0.04885342438073946,15.474714006818886,1.0,4,,,,True
138,-0.24165703124999993,6,True,0.05069829563292627,0.05059829563292627,15.556827482282852,1.0,4,,,,True
139,-0.22665820312499996,0,True,0.03967686756567623,0.03957686756567623,14.95549453910067,1.0,4,,,,True
139,-0.22665820312499996,1,True,0.04156524018850272,0.041465240188502714,15.039694021038198,1.0,4,,,,True
139,-0.22665820312499996,2,True,0.043433428758829606,0.043333428758829604,15.127677354163495,1.0,4,,,,True
139,-0.22665820312499996,3,True,0.04526547185602503,0.04516547185602503,15.258348731821405,1.0,4,,,,True
139,-0.22665820312499996,4,True,0.047077939765189036,0.046977939765189033,15.387739265157082,1.0,5,,,,True
139,-0.22665820312499996,5,True,0.04887352422335178,0.04877352422335178,15.474805476132508,1.0,5,,,,True
139,-0.22665820312499996,6,True,0.0506387850832426,0.050538785083242596,15.556909781587184,1.0,5,,,,True
140,-0.21165937499999998,0,True,0.039502065208840254,0.03940206520884025,14.955594694371623,1.0,5,,,,True
140,-0.21165937499999998,1,True,0.04141429936795671,0.041314299367956706,15.039734821409667,1.0,5,,,,True
140,-0.21165937499999998,2,True,0.04330575046835916,0.04320575046835916,15.127698070216127,1.0,5,,,,True
140,-0.21165937499999998,3,True,0.045160242800448724,0.04506024280044872,15.258349576317485,1.0,5,,,,True
140,-0.21165937499999998,4,True,0.046989645840350924,0.04688964584035092,15.387812927706939,1.0,5,,,,True
140,-0.21165937499999998,5,True,0.04880146951726916,0.048701469517269155,15.474879930730461,1.0,5,,,,True
140,-0.21165937499999998,6,True,0.050582364128417545,0.05048236412841754,15.556984976088962,1.0,5,,,,True
141,-0.196660546875,0,True,0.03934474285830225,0.03924474285830225,14.95566459634965,1.0,5,,,,True
141,-0.196660546875,1,True,0.04127471875837818,0.04117471875837818,15.039734821409667,1.0,5,,,,True
141,-0.196660546875,2,True,0.04318362924375796,0.04308362924375796,15.127698070216127,1.0,5,,,,True
141,-0.196660546875,3,True,0.045055235226636015,0.04495523522663601,15.258349576317485,1.0,5,,,,True
141,-0.196660546875,4,True,0.0469013544054806,0.0468013544054806,15.387886590256795,1.0,5,,,,True
141,-0.196660546875,5,True,0.04872941640048012,0.048629416400480116,15.474954385328415,1.0,5,,,,True
141,-0.196660546875,6,True,0.0505259441561412,0.0504259441561412,15.557060170590745,1.0,5,,,,True
142,-0.18166171875000003,0,True,0.039187433869303234,0.03908743386930323,14.95573449832768,1.0,5,,,,True
142,-0.18166171875000003,1,True,0.04113514714501543,0.041035147145015424,15.039734821409667,1.0,5,,,,True
142,-0.18166171875000003,2,True,0.04306151399382108,0.042961513993821074,15.127698070216127,1.0,5,,,,True
142,-0.18166171875000003,3,True,0.044950231571703636,0.04485023157170363,15.258349576317485,1.0,5,,,,True
142,-0.18166171875000003,4,True,0.04681306550839981,0.046713065508399806,15.38796025280665,1.0,5,,,,True
142,-0.18166171875000003,5,True,0.048659431760905925,0.04855943176090592,15.475019448834331,1.0,6,,,,True
142,-0.18166171875000003,6,True,0.050475767211123124,0.05037576721112312,15.557104911598007,1.0,6,,,,True
143,-0.16666289062500006,0,True,0.03903013859899307,0.038930138598993067,14.955804400305707,1.0,5,,,,True
143,-0.16666289062500006,1,True,0.040995584764716764,0.04089558476471676,15.039734821409667,1.0,5,,,,True
143,-0.16666289062500006,2,True,0.042944289971534655,0.04284428997153465,15.127698070216127,1.0,6,,,,True
143,-0.16666289062500006,3,True,0.0448551784162281,0.0447551784162281,15.258349576317485,1.0,6,,,,True
143,-0.16666289062500006,4,True,0.04673923970748062,0.046639239707480615,15.387971884031455,1.0,6,,,,True
143,-0.16666289062500006,5,True,0.04860376848391024,0.048503768483910234,15.475019448834331,1.0,6,,,,True
143,-0.16666289062500006,6,True,0.05043476174455108,0.05033476174455108,15.557104911598007,1.0,6,,,,True
144,-0.15166406250000009,0,True,0.038885417623792495,0.03878541762379249,14.955829023797484,1.0,6,,,,True
144,-0.15166406250000009,1,True,0.04087418860737868,0.04077418860737868,15.039734821409667,1.0,6,,,,True
144,-0.15166406250000009,2,True,0.04284059493994263,0.04274059493994263,15.127698070216127,1.0,6,,,,True
144,-0.15166406250000009,3,True,0.04476801529033736,0.04466801529033736,15.258349576317485,1.0,6,,,,True
144,-0.15166406250000009,4,True,0.04666812826318223,0.046568128263182226,15.387971884031455,1.0,6,,,,True
144,-0.15166406250000009,5,True,0.04854810693456946,0.048448106934569454,15.475019448834331,1.0,6,,,,True
144,-0.15166406250000009,6,True,0.050393757196749434,0.05029375719674943,15.557104911598007,1.0,6,,,,True
145,-0.1366652343750001,0,True,0.03874754287375559,0.03864754287375559,14.955829023797484,1.0,6,,,,True
145,-0.1366652343750001,1,True,0.040753571258468124,0.04065357125846812,15.039734821409667,1.0,6,,,,True
145,-0.1366652343750001,2,True,0.04273690729200208,0.04263690729200208,15.127698070216127,1.0,6,,,,True
145,-0.1366652343750001,3,True,0.044680856960062076,0.044580856960062074,15.258349576317485,1.0,6,,,,True
145,-0.1366652343750001,4,True,0.046597019798095385,0.04649701979809538,15.387971884031455,1.0,6,,,,True
145,-0.1366652343750001,5,True,0.048492447122762794,0.04839244712276279,15.475019448834331,1.0,6,,,,True
145,-0.1366652343750001,6,True,0.05035379672759266,0.050253796727592656,15.557104911598007,1.0,7,,,,True
146,-0.12166640625000014,0,True,0.03860968432945677,0.03850968432945677,14.955829023797484,1.0,6,,,,True
146,-0.12166640625000014,1,True,0.04063296505839853,0.040532965058398526,15.039734821409667,1.0,6,,,,True
146,-0.12166640625000014,2,True,0.042633227116551264,0.04253322711655126,15.127698070216127,1.0,6,,,,True
146,-0.12166640625000014,3,True,0.044597190726423985,0.04449719072642398,15.258349576317485,1.0,7,,,,True
146,-0.12166640625000014,4,True,0.04653400794425444,0.04643400794425444,15.387971884031455,1.0,7,,,,True
146,-0.12166640625000014,5,True,0.048448870848622594,0.04834887084862259,15.475019448834331,1.0,7,,,,True
146,-0.12166640625000014,6,True,0.050326836191254554,0.05022683619125455,15.557104911598007,1.0,7,,,,True
147,-0.10666757812500016,0,True,0.03847694767795984,0.038376947677959836,14.955829023797484,1.0,7,,,,True
147,-0.10666757812500016,1,True,0.04052327894626595,0.04042327894626595,15.039734821409667,1.0,7,,,,True
147,-0.10666757812500016,2,True,0.04254573564692388,0.042445735646923874,15.127698070216127,1.0,7,,,,True
147,-0.10666757812500016,3,True,0.04452725444530792,0.044427254445307915,15.258349576317485,1.0,7,,,,True
147,-0.10666757812500016,4,True,0.046479283660616044,0.04637928366061604,15.387971884031455,1.0,7,,,,True
147,-0.10666757812500016,5,True,0.048408571009586954,0.04830857100958695,15.475019448834331,1.0,7,,,,True
147,-0.10666757812500016,6,True,0.05029987620996712,0.05019987620996712,15.557104911598007,1.0,7,,,,True
148,-0.09166875000000019,0,True,0.03835823790090309,0.03825823790090309,14.955829023797484,1.0,7,,,,True
148,-0.09166875000000019,1,True,0.040421247560810336,0.04032124756081033,15.039734821409667,1.0,7,,,,True
148,-0.09166875000000019,2,True,0.0424599939518977,0.0423599939518977,15.127698070216127,1.0,7,,,,True
148,-0.09166875000000019,3,True,0.044457322638870256,0.04435732263887025,15.258349576317485,1.0,7,,,,True
148,-0.09166875000000019,4,True,0.046424561936519115,0.04632456193651911,15.387971884031455,1.0,7,,,,True
148,-0.09166875000000019,5,True,0.048368272479216046,0.04826827247921604,15.475019448834331,1.0,7,,,,True
148,-0.09166875000000019,6,True,0.050272916784480426,0.05017291678448042,15.557104911598007,1.0,7,,,,True
149,-0.07666992187500021,0,True,0.03823954465711088,0.03813954465711088,14.955829023797484,1.0,7,,,,True
149,-0.07666992187500021,1,True,0.04031922738775018,0.040219227387750175,15.039734821409667,1.0,7,,,,True
149,-0.07666992187500021,2,True,0.04237425955591645,0.042274259555916446,15.127698070216127,1.0,7,,,,True
149,-0.07666992187500021,3,True,0.04438739533096925,0.044287395330969245,15.258349576317485,1.0,7,,,,True
149,-0.07666992187500021,4,True,0.04637293460256009,0.04627293460256009,15.387971884031455,1.0,8,,,,True
149,-0.07666992187500021,5,True,0.048334982308291696,0.04823498230829169,15.475019448834331,1.0,8,,,,True
149,-0.07666992187500021,6,True,0.05025563695504198,0.05015563695504198,15.557104911598007,1.0,8,,,,True
150,-0.061671093749999795,0,True,0.0381208680964491,0.0380208680964491,14.955829023797484,1.0,7,,,,True
150,-0.061671093749999795,1,True,0.04022211825881605,0.04012211825881605,15.039734821409667,1.0,8,,,,True
150,-0.061671093749999795,2,True,0.042298792227500215,0.04219879222750021,15.127698070216127,1.0,8,,,,True
150,-0.061671093749999795,3,True,0.044332225503274536,0.04423222550327453,15.258349576317485,1.0,8,,,,True
150,-0.061671093749999795,4,True,0.04633348078112087,0.04623348078112087,15.387971884031455,1.0,8,,,,True
150,-0.061671093749999795,5,True,0.04830859645003294,0.048208596450032934,15.475019448834331,1.0,8,,,,True
150,-0.061671093749999795,6,True,0.0502407782254215,0.0501407782254215,15.557104911598007,1.0,8,,,,True
151,-0.04667226562499982,0,True,0.03801979132838618,0.037919791328386174,14.955829023797484,1.0,8,,,,True
151,-0.04667226562499982,1,True,0.04013809795855394,0.04003809795855394,15.039734821409667,1.0,8,,,,True
151,-0.04667226562499982,2,True,0.04223028509629234,0.04213028509629234,15.127698070216127,1.0,8,,,,True
151,-0.04667226562499982,3,True,0.04427863567190338,0.044178635671903374,15.258349576317485,1.0,8,,,,True
151,-0.04667226562499982,4,True,0.04629402869298138,0.04619402869298138,15.387971884031455,1.0,8,,,,True
151,-0.04667226562499982,5,True,0.04828221130299548,0.04818221130299548,15.475019448834331,1.0,8,,,,True
151,-0.04667226562499982,6,True,0.05022591968646006,0.05012591968646006,15.557104911598007,1.0,8,,,,True
152,-0.031673437499999846,0,True,0.03791980150543495,0.037819801505434944,14.955829023797484,1.0,8,,,,True
152,-0.031673437499999846,1,True,0.04005408759637774,0.03995408759637774,15.039734821409667,1.0,8,,,,True
152,-0.031673437499999846,2,True,0.04216178408265314,0.04206178408265314,15.127698070216127,1.0,8,,,,True
152,-0.031673437499999846,3,True,0.04422504930558624,0.044125049305586236,15.258349576317485,1.0,8,,,,True
152,-0.031673437499999846,4,True,0.04625457834150071,0.046154578341500704,15.387971884031455,1.0,8,,,,True
152,-0.031673437499999846,5,True,0.048258935005999426,0.04815893500599942,15.475019448834331,1.0,9,,,,True
152,-0.031673437499999846,6,True,0.05021635841709937,0.05011635841709937,15.557104911598007,1.0,9,,,,True
153,-0.01667460937499987,0,True,0.037819826974018866,0.037719826974018864,14.955829023797484,1.0,8,,,,True
153,-0.01667460937499987,1,True,0.03997008722107864,0.03987008722107864,15.039734821409667,1.0,8,,,,True
153,-0.01667460937499987,2,True,0.042098633152996445,0.04199863315299644,15.127698070216127,1.0,9,,,,True
153,-0.01667460937499987,3,True,0.044181213618526005,0.044081213618526,15.258349576317485,1.0,9,,,,True
153,-0.01667460937499987,4,True,0.04622819956621793,0.04612819956621793,15.387971884031455,1.0,9,,,,True
153,-0.01667460937499987,5,True,0.04824446107331681,0.04814446107331681,15.475019448834331,1.0,9,,,,True
153,-0.01667460937499987,6,True,0.05021086307208922,0.050110863072089215,15.557104911598007,1.0,9,,,,True
154,-0.001675781249999897,0,True,0.03773170667821368,0.03763170667821368,14.955829023797484,1.0,9,,,,True
154,-0.001675781249999897,1,True,0.03990322067892027,0.03980322067892027,15.039734821409667,1.0,9,,,,True
154,-0.001675781249999897,2,True,0.04204638455691745,0.041946384556917446,15.127698070216127,1.0,9,,,,True
154,-0.001675781249999897,3,True,0.04414276178633436,0.04404276178633436,15.258349576317485,1.0,9,,,,True
154,-0.001675781249999897,4,True,0.046202491782584953,0.04610249178258495,15.387971884031455,1.0,9,,,,True
154,-0.001675781249999897,5,True,0.04822998736816908,0.04812998736816908,15.475019448834331,1.0,9,,,,True
154,-0.001675781249999897,6,True,0.050205367727079064,0.05010536772707906,15.557104911598007,1.0,9,,,,True
155,0.013323046875000077,0,True,0.03764975161526163,0.037549751615261626,14.955829023797484,1.0,9,,,,True
155,0.013323046875000077,1,True,0.039836414414395005,0.039736414414395,15.039734821409667,1.0,9,,,,True
155,0.013323046875000077,2,True,0.04199414039160532,0.041894140391605314,15.127698070216127,1.0,9,,,,True
155,0.013323046875000077,3,True,0.04410431215159383,0.044004312151593825,15.258349576317485,1.0,9,,,,True
155,0.013323046875000077,4,True,0.04617678488105703,0.04607678488105703,15.387971884031455,1.0,9,,,,True
155,0.013323046875000077,5,True,0.048215923283093876,0.04811592328309387,15.475019448834331,1.0,10,,,,True
155,0.013323046875000077,6,True,0.050201839724230535,0.05010183972423053,15.557104911598007,1.0,10,,,,True
156,0.028321875000000052,0,True,0.03756780934330317,0.03746780934330317,14.955829023797484,1.0,9,,,,True
156,0.028321875000000052,1,True,0.03976961602554452,0.039669616025544516,15.039734821409667,1.0,9,,,,True
156,0.028321875000000052,2,True,0.04194321910167176,0.041843219101671755,15.127698070216127,1.0,10,,,,True
156,0.028321875000000052,3,True,0.044071430765011854,0.04397143076501185,15.258349576317485,1.0,10,,,,True
156,0.028321875000000052,4,True,0.046159564795443586,0.04605956479544358,15.387971884031455,1.0,10,,,,True
156,0.028321875000000052,5,True,0.048210599119731246,0.04811059911973124,15.475019448834331,1.0,10,,,,True
156,0.028321875000000052,6,True,0.050201839724230535,0.05010183972423053,15.557104911598007,1.0,10,,,,True
157,0.043320703125000026,0,True,0.03749271797254661,0.037392717972546605,14.955829023797484,1.0,10,,,,True
157,0.043320703125000026,1,True,0.03971487079239866,0.03961487079239866,15.039734821409667,1.0,10,,,,True
157,0.043320703125000026,2,True,0.041905936006681355,0.04180593600668135,15.127698070216127,1.0,10,,,,True
157,0.043320703125000026,3,True,0.04404651291074391,0.043946512910743904,15.258349576317485,1.0,10,,,,True
157,0.043320703125000026,4,True,0.04614554012736383,0.046045540127363824,15.387971884031455,1.0,10,,,,True
157,0.043320703125000026,5,True,0.04820527495636906,0.04810527495636906,15.475019448834331,1.0,10,,,,True
157,0.043320703125000026,6,True,0.050201839724230535,0.05010183972423053,15.557104911598007,1.0,10,,,,True
158,0.05831953125,0,True,0.03742789741415509,0.037327897414155084,14.955829023797484,1.0,10,,,,True
158,0.05831953125,1,True,0.03966419812545263,0.03956419812545263,15.039734821409667,1.0,10,,,,True
158,0.05831953125,2,True,0.04186865560439257,0.041768655604392566,15.127698070216127,1.0,10,,,,True
158,0.05831953125,3,True,0.044021596122571616,0.04392159612257161,15.258349576317485,1.0,10,,,,True
158,0.05831953125,4,True,0.04613151572714713,0.04603151572714713,15.387971884031455,1.0,10,,,,True
158,0.05831953125,5,True,0.04819995079300643,0.04809995079300643,15.475019448834331,1.0,10,,,,True
158,0.05831953125,6,True,0.050201839724230535,0.05010183972423053,15.557104911598007,1.0,10,,,,True
159,0.07331835937499998,0,True,0.03736308656693943,0.03726308656693943,14.955829023797484,1.0,10,,,,True
159,0.07331835937499998,1,True,0.03961353093026787,0.03951353093026787,15.039734821409667,1.0,10,,,,True
159,0.07331835937499998,2,True,0.041831377898172484,0.04173137789817248,15.127698070216127,1.0,10,,,,True
159,0.07331835937499998,3,True,0.04399888569608068,0.04389888569608068,15.258349576317485,1.0,11,,,,True
159,0.07331835937499998,4,True,0.04612208867887446,0.04602208867887446,15.387971884031455,1.0,11,,,,True
159,0.07331835937499998,5,True,0.04819911678137956,0.048099116781379556,15.475019448834331,1.0,11,,,,True
159,0.07331835937499998,6,True,0.050201839724230535,0.05010183972423053,15.557104911598007,1.0,10,,,,True
160,0.08831718749999995,0,True,0.037300781589842735,0.03720078158984273,14.955829023797484,1.0,11,,,,True
160,0.08831718749999995,1,True,0.03957042538311484,0.039470425383114835,15.039734821409667,1.0,11,,,,True
160,0.08831718749999995,2,True,0.04180554072694953,0.04170554072694953,15.127698070216127,1.0,11,,,,True
160,0.08831718749999995,3,True,0.04398538037457245,0.043885380374572444,15.258349576317485,1.0,11,,,,True
160,0.08831718749999995,4,True,0.046116962998723476,0.046016962998723474,15.387971884031455,1.0,11,,,,True
160,0.08831718749999995,5,True,0.04819911678137956,0.048099116781379556,15.475019448834331,1.0,11,,,,True
160,0.08831718749999995,6,True,0.050201839724230535,0.05010183972423053,15.557104911598007,1.0,10,,,,True
161,0.10331601562499992,0,True,0.03725192823190859,0.03715192823190859,14.955829023797484,1.0,11,,,,True
161,0.10331601562499992,1,True,0.039534500366990244,0.03943450036699024,15.039734821409667,1.0,11,,,,True
161,0.10331601562499992,2,True,0.04178153869023182,0.04168153869023182,15.127698070216127,1.0,11,,,,True
161,0.10331601562499992,3,True,0.04397187536434144,0.04387187536434144,15.258349576317485,1.0,11,,,,True
161,0.10331601562499992,4,True,0.04611183731857249,0.04601183731857249,15.387971884031455,1.0,11,,,,True
161,0.10331601562499992,5,True,0.04819911678137956,0.048099116781379556,15.475019448834331,1.0,11,,,,True
161,0.10331601562499992,6,True,0.050201839724230535,0.05010183972423053,15.557104911598007,1.0,10,,,,True
162,0.1183148437499999,0,True,0.03720308143274398,0.037103081432743976,14.955829023797484,1.0,11,,,,True
162,0.1183148437499999,1,True,0.0394985785739328,0.039398578573932794,15.039734821409667,1.0,11,,,,True
162,0.1183148437499999,2,True,0.041757537917525234,0.04165753791752523,15.127698070216127,1.0,11,,,,True
162,0.1183148437499999,3,True,0.04395837066546404,0.04385837066546404,15.258349576317485,1.0,11,,,,True
162,0.1183148437499999,4,True,0.04610830920788267,0.04600830920788267,15.387971884031455,1.0,12,,,,True
162,0.1183148437499999,5,True,0.04819911678137956,0.048099116781379556,15.475019448834331,1.0,11,,,,True
162,0.1183148437499999,6,True,0.050201839724230535,0.05010183972423053,15.557104911598007,1.0,10,,,,True
163,0.13331367187499987,0,True,0.03715424120222943,0.03705424120222943,14.955829023797484,1.0,11,,,,True
163,0.13331367187499987,1,True,0.039466328604368606,0.0393663286043686,15.039734821409667,1.0,12,,,,True
163,0.13331367187499987,2,True,0.041740638237566685,0.04164063823756668,15.127698070216127,1.0,12,,,,True
163,0.13331367187499987,3,True,0.04395330013759402,0.04385330013759402,15.258349576317485,1.0,12,,,,True
163,0.13331367187499987,4,True,0.04610830920788267,0.04600830920788267,15.387971884031455,1.0,12,,,,True
163,0.13331367187499987,5,True,0.04819911678137956,0.048099116781379556,15.475019448834331,1.0,11,,,,True
163,0.13331367187499987,6,True,0.050201839724230535,0.05010183972423053,15.557104911598007,1.0,10,,,,True
164,0.14831249999999985,0,True,0.037118688378263265,0.03701868837826326,14.955829023797484,1.0,12,,,,True
164,0.14831249999999985,1,True,0.03944337983454549,0.039343379834545486,15.039734821409667,1.0,12,,,,True
164,0.14831249999999985,2,True,0.041727731063118334,0.04162773106311833,15.127698070216127,1.0,12,,,,True
164,0.14831249999999985,3,True,0.0439484029185544,0.043848402918554394,15.258349576317485,1.0,12,,,,True
164,0.14831249999999985,4,True,0.04610830920788267,0.04600830920788267,15.387971884031455,1.0,12,,,,True
164,0.14831249999999985,5,True,0.04819911678137956,0.048099116781379556,15.475019448834331,1.0,11,,,,True
164,0.14831249999999985,6,True,0.050201839724230535,0.05010183972423053,15.557104911598007,1.0,10,,,,True
165,0.16331132812499982,0,True,0.03708432311421106,0.03698432311421106,14.955829023797484,1.0,12,,,,True
165,0.16331132812499982,1,True,0.03942043253788885,0.03932043253788885,15.039734821409667,1.0,12,,,,True
165,0.16331132812499982,2,True,0.0417148242464207,0.0416148242464207,15.127698070216127,1.0,12,,,,True
165,0.16331132812499982,3,True,0.04394350569951477,0.04384350569951477,15.258349576317485,1.0,12,,,,True
165,0.16331132812499982,4,True,0.04610830920788267,0.04600830920788267,15.387971884031455,1.0,12,,,,True
165,0.16331132812499982,5,True,0.04819911678137956,0.048099116781379556,15.475019448834331,1.0,11,,,,True
165,0.16331132812499982,6,True,0.050201839724230535,0.05010183972423053,15.557104911598007,1.0,10,,,,True
166,0.1783101562499998,0,True,0.03704996163004548,0.03694996163004548,14.955829023797484,1.0,12,,,,True
166,0.1783101562499998,1,True,0.03939801441129376,0.039298014411293755,15.039734821409667,1.0,13,,,,True
166,0.1783101562499998,2,True,0.04170534621909994,0.041605346219099934,15.127698070216127,1.0,13,,,,True
166,0.1783101562499998,3,True,0.043942343469808964,0.04384234346980896,15.258349576317485,1.0,13,,,,True
166,0.1783101562499998,4,True,0.04610830920788267,0.04600830920788267,15.387971884031455,1.0,12,,,,True
166,0.1783101562499998,5,True,0.04819911678137956,0.048099116781379556,15.475019448834331,1.0,11,,,,True
166,0.1783101562499998,6,True,0.050201839724230535,0.05010183972423053,15.557104911598007,1.0,10,,,,True
167,0.19330898437500021,0,True,0.03702413112516867,0.036924131125168666,14.955829023797484,1.0,13,,,,True
167,0.19330898437500021,1,True,0.039385792570098666,0.03928579257009866,15.039734821409667,1.0,13,,,,True
167,0.19330898437500021,2,True,0.04170071107763462,0.04160071107763462,15.127698070216127,1.0,13,,,,True
167,0.19330898437500021,3,True,0.043942343469808964,0.04384234346980896,15.258349576317485,1.0,13,,,,True
167,0.19330898437500021,4,True,0.04610830920788267,0.04600830920788267,15.387971884031455,1.0,12,,,,True
167,0.19330898437500021,5,True,0.04819911678137956,0.048099116781379556,15.475019448834331,1.0,11,,,,True
167,0.19330898437500021,6,True,0.050201839724230535,0.05010183972423053,15.557104911598007,1.0,10,,,,True
168,0.2083078125000002,0,True,0.037002386151480327,0.036902386151480324,14.955829023797484,1.0,13,,,,True
168,0.2083078125000002,1,True,0.039373571135735475,0.03927357113573547,15.039734821409667,1.0,13,,,,True
168,0.2083078125000002,2,True,0.04169607593616975,0.04159607593616975,15.127698070216127,1.0,13,,,,True
168,0.2083078125000002,3,True,0.043942343469808964,0.04384234346980896,15.258349576317485,1.0,13,,,,True
168,0.2083078125000002,4,True,0.04610830920788267,0.04600830920788267,15.387971884031455,1.0,12,,,,True
168,0.2083078125000002,5,True,0.04819911678137956,0.048099116781379556,15.475019448834331,1.0,11,,,,True
168,0.2083078125000002,6,True,0.050201839724230535,0.05010183972423053,15.557104911598007,1.0,10,,,,True
169,0.22330664062500016,0,True,0.03698064287053393,0.03688064287053393,14.955829023797484,1.0,13,,,,True
169,0.22330664062500016,1,True,0.03936135010828101,0.03926135010828101,15.039734821409667,1.0,13,,,,True
169,0.22330664062500016,2,True,0.0416922648324598,0.0415922648324598,15.127698070216127,1.0,14,,,,True
169,0.22330664062500016,3,True,0.043942343469808964,0.04384234346980896,15.258349576317485,1.0,13,,,,True
169,0.22330664062500016,4,True,0.04610830920788267,0.04600830920788267,15.387971884031455,1.0,12,,,,True
169,0.22330664062500016,5,True,0.04819911678137956,0.048099116781379556,15.475019448834331,1.0,11,,,,True
169,0.22330664062500016,6,True,0.050201839724230535,0.05010183972423053,15.557104911598007,1.0,10,,,,True
170,0.23830546875000014,0,True,0.036963261884586096,0.03686326188458609,14.955829023797484,1.0,14,,,,True
170,0.23830546875000014,1,True,0.03935547344951784,0.03925547344951784,15.039734821409667,1.0,14,,,,True
170,0.23830546875000014,2,True,0.0416922648324598,0.0415922648324598,15.127698070216127,1.0,14,,,,True
170,0.23830546875000014,3,True,0.043942343469808964,0.04384234346980896,15.258349576317485,1.0,13,,,,True
170,0.23830546875000014,4,True,0.04610830920788267,0.04600830920788267,15.387971884031455,1.0,12,,,,True
170,0.23830546875000014,5,True,0.04819911678137956,0.048099116781379556,15.475019448834331,1.0,11,,,,True
170,0.23830546875000014,6,True,0.050201839724230535,0.05010183972423053,15.557104911598007,1.0,10,,,,True
171,0.2533042968750001,0,True,0.03695181960813043,0.03685181960813043,14.955829023797484,1.0,14,,,,True
171,0.2533042968750001,1,True,0.03935113794215539,0.03925113794215539,15.039734821409667,1.0,14,,,,True
171,0.2533042968750001,2,True,0.0416922648324598,0.0415922648324598,15.127698070216127,1.0,14,,,,True
171,0.2533042968750001,3,True,0.043942343469808964,0.04384234346980896,15.258349576317485,1.0,13,,,,True
171,0.2533042968750001,4,True,0.04610830920788267,0.04600830920788267,15.387971884031455,1.0,12,,,,True
171,0.2533042968750001,5,True,0.04819911678137956,0.048099116781379556,15.475019448834331,1.0,11,,,,True
171,0.2533042968750001,6,True,0.050201839724230535,0.05010183972423053,15.557104911598007,1.0,10,,,,True
172,0.2683031250000001,0,True,0.03694037778974568,0.03684037778974568,14.955829023797484,1.0,14,,,,True
172,0.2683031250000001,1,True,0.03934680243479338,0.03924680243479338,15.039734821409667,1.0,14,,,,True
172,0.2683031250000001,2,True,0.0416922648324598,0.0415922648324598,15.127698070216127,1.0,14,,,,True
172,0.2683031250000001,3,True,0.043942343469808964,0.04384234346980896,15.258349576317485,1.0,13,,,,True
172,0.2683031250000001,4,True,0.04610830920788267,0.04600830920788267,15.387971884031455,1.0,12,,,,True
172,0.2683031250000001,5,True,0.04819911678137956,0.048099116781379556,15.475019448834331,1.0,11,,,,True
172,0.2683031250000001,6,True,0.050201839724230535,0.05010183972423053,15.557104911598007,1.0,10,,,,True
173,0.28330195312500006,0,True,0.0369300805160897,0.0368300805160897,14.955829023797484,1.0,15,,,,True
173,0.28330195312500006,1,True,0.03934481985696259,0.039244819856962584,15.039734821409667,1.0,15,,,,True
173,0.28330195312500006,2,True,0.0416922648324598,0.0415922648324598,15.127698070216127,1.0,14,,,,True
173,0.28330195312500006,3,True,0.043942343469808964,0.04384234346980896,15.258349576317485,1.0,13,,,,True
173,0.28330195312500006,4,True,0.04610830920788267,0.04600830920788267,15.387971884031455,1.0,12,,,,True
173,0.28330195312500006,5,True,0.04819911678137956,0.048099116781379556,15.475019448834331,1.0,11,,,,True
173,0.28330195312500006,6,True,0.050201839724230535,0.05010183972423053,15.557104911598007,1.0,10,,,,True
174,0.29830078125000004,0,True,0.03692608479317272,0.03682608479317272,14.955829023797484,1.0,15,,,,True
174,0.29830078125000004,1,True,0.03934481985696259,0.039244819856962584,15.039734821409667,1.0,15,,,,True
174,0.29830078125000004,2,True,0.0416922648324598,0.0415922648324598,15.127698070216127,1.0,14,,,,True
174,0.29830078125000004,3,True,0.043942343469808964,0.04384234346980896,15.258349576317485,1.0,13,,,,True
174,0.29830078125000004,4,True,0.04610830920788267,0.04600830920788267,15.387971884031455,1.0,12,,,,True
174,0.29830078125000004,5,True,0.04819911678137956,0.048099116781379556,15.475019448834331,1.0,11,,,,True
174,0.29830078125000004,6,True,0.050201839724230535,0.05010183972423053,15.557104911598007,1.0,10,,,,True
175,0.313299609375,0,True,0.03692208907025574,0.036822089070255734,14.955829023797484,1.0,15,,,,True
175,0.313299609375,1,True,0.03934481985696259,0.039244819856962584,15.039734821409667,1.0,15,,,,True
175,0.313299609375,2,True,0.0416922648324598,0.0415922648324598,15.127698070216127,1.0,14,,,,True
175,0.313299609375,3,True,0.043942343469808964,0.04384234346980896,15.258349576317485,1.0,13,,,,True
175,0.313299609375,4,True,0.04610830920788267,0.04600830920788267,15.387971884031455,1.0,12,,,,True
175,0.313299609375,5,True,0.04819911678137956,0.048099116781379556,15.475019448834331,1.0,11,,,,True
175,0.313299609375,6,True,0.050201839724230535,0.05010183972423053,15.557104911598007,1.0,10,,,,True
176,0.3282984375,0,True,0.036918093347338754,0.03681809334733875,14.955829023797484,1.0,15,,,,True
176,0.3282984375,1,True,0.03934481985696259,0.039244819856962584,15.039734821409667,1.0,15,,,,True
176,0.3282984375,2,True,0.0416922648324598,0.0415922648324598,15.127698070216127,1.0,14,,,,True
176,0.3282984375,3,True,0.043942343469808964,0.04384234346980896,15.258349576317485,1.0,13,,,,True
176,0.3282984375,4,True,0.04610830920788267,0.04600830920788267,15.387971884031455,1.0,12,,,,True
176,0.3282984375,5,True,0.04819911678137956,0.048099116781379556,15.475019448834331,1.0,11,,,,True
176,0.3282984375,6,True,0.050201839724230535,0.05010183972423053,15.557104911598007,1.0,10,,,,True
177,0.34329726562499996,0,True,0.036917540276800054,0.03681754027680005,14.955829023797484,1.0,16,,,,True
177,0.34329726562499996,1,True,0.03934481985696259,0.039244819856962584,15.039734821409667,1.0,15,,,,True
177,0.34329726562499996,2,True,0.0416922648324598,0.0415922648324598,15.127698070216127,1.0,14,,,,True
177,0.34329726562499996,3,True,0.043942343469808964,0.04384234346980896,15.258349576317485,1.0,13,,,,True
177,0.34329726562499996,4,True,0.04610830920788267,0.04600830920788267,15.387971884031455,1.0,12,,,,True
177,0.34329726562499996,5,True,0.04819911678137956,0.048099116781379556,15.475019448834331,1.0,11,,,,True
177,0.34329726562499996,6,True,0.050201839724230535,0.05010183972423053,15.557104911598007,1.0,10,,,,True
178,0.35829609374999993,0,True,0.036917540276800054,0.03681754027680005,14.955829023797484,1.0,16,,,,True
178,0.35829609374999993,1,True,0.03934481985696259,0.039244819856962584,15.039734821409667,1.0,15,,,,True
178,0.35829609374999993,2,True,0.0416922648324598,0.0415922648324598,15.127698070216127,1.0,14,,,,True
178,0.35829609374999993,3,True,0.043942343469808964,0.04384234346980896,15.258349576317485,1.0,13,,,,True
178,0.35829609374999993,4,True,0.04610830920788267,0.04600830920788267,15.387971884031455,1.0,12,,,,True
178,0.35829609374999993,5,True,0.04819911678137956,0.048099116781379556,15.475019448834331,1.0,11,,,,True
178,0.35829609374999993,6,True,0.050201839724230535,0.05010183972423053,15.557104911598007,1.0,10,,,,True
179,0.3732949218749999,0,True,0.036917540276800054,0.03681754027680005,14.955829023797484,1.0,16,,,,True
179,0.3732949218749999,1,True,0.03934481985696259,0.039244819856962584,15.039734821409667,1.0,15,,,,True
179,0.3732949218749999,2,True,0.0416922648324598,0.0415922648324598,15.127698070216127,1.0,14,,,,True
179,0.3732949218749999,3,True,0.043942343469808964,0.04384234346980896,15.258349576317485,1.0,13,,,,True
179,0.3732949218749999,4,True,0.04610830920788267,0.04600830920788267,15.387971884031455,1.0,12,,,,True
179,0.3732949218749999,5,True,0.04819911678137956,0.048099116781379556,15.475019448834331,1.0,11,,,,True
179,0.3732949218749999,6,True,0.050201839724230535,0.05010183972423053,15.557104911598007,1.0,10,,,,True
180,0.3882937499999999,0,True,0.036917540276800054,0.03681754027680005,14.955829023797484,1.0,16,,,,True
180,0.3882937499999999,1,True,0.03934481985696259,0.039244819856962584,15.039734821409667,1.0,15,,,,True
180,0.3882937499999999,2,True,0.0416922648324598,0.0415922648324598,15.127698070216127,1.0,14,,,,True
180,0.3882937499999999,3,True,0.043942343469808964,0.04384234346980896,15.258349576317485,1.0,13,,,,True
180,0.3882937499999999,4,True,0.04610830920788267,0.04600830920788267,15.387971884031455,1.0,12,,,,True
180,0.3882937499999999,5,True,0.04819911678137956,0.048099116781379556,15.475019448834331,1.0,11,,,,True
180,0.3882937499999999,6,True,0.050201839724230535,0.05010183972423053,15.557104911598007,1.0,10,,,,True
181,0.40329257812499986,0,True,0.036917540276800054,0.03681754027680005,14.955829023797484,1.0,16,,,,True
181,0.40329257812499986,1,True,0.03934481985696259,0.039244819856962584,15.039734821409667,1.0,15,,,,True
181,0.40329257812499986,2,True,0.0416922648324598,0.0415922648324598,15.127698070216127,1.0,14,,,,True
181,0.40329257812499986,3,True,0.043942343469808964,0.04384234346980896,15.258349576317485,1.0,13,,,,True
181,0.40329257812499986,4,True,0.04610830920788267,0.04600830920788267,15.387971884031455,1.0,12,,,,True
181,0.40329257812499986,5,True,0.04819911678137956,0.048099116781379556,15.475019448834331,1.0,11,,,,True
181,0.40329257812499986,6,True,0.050201839724230535,0.05010183972423053,15.557104911598007,1.0,10,,,,True
182,0.41829140624999983,0,True,0.036917540276800054,0.03681754027680005,14.955829023797484,1.0,16,,,,True
182,0.41829140624999983,1,True,0.03934481985696259,0.039244819856962584,15.039734821409667,1.0,15,,,,True
182,0.41829140624999983,2,True,0.0416922648324598,0.0415922648324598,15.127698070216127,1.0,14,,,,True
182,0.41829140624999983,3,True,0.043942343469808964,0.04384234346980896,15.258349576317485,1.0,13,,,,True
182,0.41829140624999983,4,True,0.04610830920788267,0.04600830920788267,15.387971884031455,1.0,12,,,,True
182,0.41829140624999983,5,True,0.04819911678137956,0.048099116781379556,15.475019448834331,1.0,11,,,,True
182,0.41829140624999983,6,True,0.050201839724230535,0.05010183972423053,15.557104911598007,1.0,10,,,,True
183,0.4332902343749998,0,True,0.036917540276800054,0.03681754027680005,14.955829023797484,1.0,16,,,,True
183,0.4332902343749998,1,True,0.03934481985696259,0.039244819856962584,15.039734821409667,1.0,15,,,,True
183,0.4332902343749998,2,True,0.0416922648324598,0.0415922648324598,15.127698070216127,1.0,14,,,,True
183,0.4332902343749998,3,True,0.043942343469808964,0.04384234346980896,15.258349576317485,1.0,13,,,,True
183,0.4332902343749998,4,True,0.04610830920788267,0.04600830920788267,15.387971884031455,1.0,12,,,,True
183,0.4332902343749998,5,True,0.04819911678137956,0.048099116781379556,15.475019448834331,1.0,11,,,,True
183,0.4332902343749998,6,True,0.050201839724230535,0.05010183972423053,15.557104911598007,1.0,10,,,,True
184,0.4482890625000002,0,True,0.036917540276800054,0.03681754027680005,14.955829023797484,1.0,16,,,,True
184,0.4482890625000002,1,True,0.03934481985696259,0.039244819856962584,15.039734821409667,1.0,15,,,,True
184,0.4482890625000002,2,True,0.0416922648324598,0.0415922648324598,15.127698070216127,1.0,14,,,,True
184,0.4482890625000002,3,True,0.043942343469808964,0.04384234346980896,15.258349576317485,1.0,13,,,,True
184,0.4482890625000002,4,True,0.04610830920788267,0.04600830920788267,15.387971884031455,1.0,12,,,,True
184,0.4482890625000002,5,True,0.04819911678137956,0.048099116781379556,15.475019448834331,1.0,11,,,,True
184,0.4482890625000002,6,True,0.050201839724230535,0.05010183972423053,15.557104911598007,1.0,10,,,,True
185,0.4632878906250002,0,True,0.036917540276800054,0.03681754027680005,14.955829023797484,1.0,16,,,,True
185,0.4632878906250002,1,True,0.03934481985696259,0.039244819856962584,15.039734821409667,1.0,15,,,,True
185,0.4632878906250002,2,True,0.0416922648324598,0.0415922648324598,15.127698070216127,1.0,14,,,,True
185,0.4632878906250002,3,True,0.043942343469808964,0.04384234346980896,15.258349576317485,1.0,13,,,,True
185,0.4632878906250002,4,True,0.04610830920788267,0.04600830920788267,15.387971884031455,1.0,12,,,,True
185,0.4632878906250002,5,True,0.04819911678137956,0.048099116781379556,15.475019448834331,1.0,11,,,,True
185,0.4632878906250002,6,True,0.050201839724230535,0.05010183972423053,15.557104911598007,1.0,10,,,,True
186,0.4782867187500002,0,True,0.036917540276800054,0.03681754027680005,14.955829023797484,1.0,16,,,,True
186,0.4782867187500002,1,True,0.03934481985696259,0.039244819856962584,15.039734821409667,1.0,15,,,,True
186,0.4782867187500002,2,True,0.0416922648324598,0.0415922648324598,15.127698070216127,1.0,14,,,,True
186,0.4782867187500002,3,True,0.043942343469808964,0.04384234346980896,15.258349576317485,1.0,13,,,,True
186,0.4782867187500002,4,True,0.04610830920788267,0.04600830920788267,15.387971884031455,1.0,12,,,,True
186,0.4782867187500002,5,True,0.04819911678137956,0.048099116781379556,15.475019448834331,1.0,11,,,,True
186,0.4782867187500002,6,True,0.050201839724230535,0.05010183972423053,15.557104911598007,1.0,10,,,,True
187,0.49328554687500015,0,True,0.036917540276800054,0.03681754027680005,14.955829023797484,1.0,16,,,,True
187,0.49328554687500015,1,True,0.03934481985696259,0.039244819856962584,15.039734821409667,1.0,15,,,,True
187,0.49328554687500015,2,True,0.0416922648324598,0.0415922648324598,15.127698070216127,1.0,14,,,,True
187,0.49328554687500015,3,True,0.043942343469808964,0.04384234346980896,15.258349576317485,1.0,13,,,,True
187,0.49328554687500015,4,True,0.04610830920788267,0.04600830920788267,15.387971884031455,1.0,12,,,,True
187,0.49328554687500015,5,True,0.04819911678137956,0.048099116781379556,15.475019448834331,1.0,11,,,,True
187,0.49328554687500015,6,True,0.050201839724230535,0.05010183972423053,15.557104911598007,1.0,10,,,,True
188,0.5082843750000001,0,True,0.036917540276800054,0.03681754027680005,14.955829023797484,1.0,16,,,,True
188,0.5082843750000001,1,True,0.03934481985696259,0.039244819856962584,15.039734821409667,1.0,15,,,,True
188,0.5082843750000001,2,True,0.0416922648324598,0.0415922648324598,15.127698070216127,1.0,14,,,,True
188,0.5082843750000001,3,True,0.043942343469808964,0.04384234346980896,15.258349576317485,1.0,13,,,,True
188,0.5082843750000001,4,True,0.04610830920788267,0.04600830920788267,15.387971884031455,1.0,12,,,,True
188,0.5082843750000001,5,True,0.04819911678137956,0.048099116781379556,15.475019448834331,1.0,11,,,,True
188,0.5082843750000001,6,True,0.050201839724230535,0.05010183972423053,15.557104911598007,1.0,10,,,,True
189,0.5232832031250001,0,True,0.036917540276800054,0.03681754027680005,14.955829023797484,1.0,16,,,,True
189,0.5232832031250001,1,True,0.03934481985696259,0.039244819856962584,15.039734821409667,1.0,15,,,,True
189,0.5232832031250001,2,True,0.0416922648324598,0.0415922648324598,15.127698070216127,1.0,14,,,,True
189,0.5232832031250001,3,True,0.043942343469808964,0.04384234346980896,15.258349576317485,1.0,13,,,,True
189,0.5232832031250001,4,True,0.04610830920788267,0.04600830920788267,15.387971884031455,1.0,12,,,,True
189,0.5232832031250001,5,True,0.04819911678137956,0.048099116781379556,15.475019448834331,1.0,11,,,,True
189,0.5232832031250001,6,True,0.050201839724230535,0.05010183972423053,15.557104911598007,1.0,10,,,,True
190,0.5382820312500001,0,True,0.036917540276800054,0.03681754027680005,14.955829023797484,1.0,16,,,,True
190,0.5382820312500001,1,True,0.03934481985696259,0.039244819856962584,15.039734821409667,1.0,15,,,,True
190,0.5382820312500001,2,True,0.0416922648324598,0.0415922648324598,15.127698070216127,1.0,14,,,,True
190,0.5382820312500001,3,True,0.043942343469808964,0.04384234346980896,15.258349576317485,1.0,13,,,,True
190,0.5382820312500001,4,True,0.04610830920788267,0.04600830920788267,15.387971884031455,1.0,12,,,,True
190,0.5382820312500001,5,True,0.04819911678137956,0.048099116781379556,15.475019448834331,1.0,11,,,,True
190,0.5382820312500001,6,True,0.050201839724230535,0.05010183972423053,15.557104911598007,1.0,10,,,,True
191,0.553280859375,0,True,0.036917540276800054,0.03681754027680005,14.955829023797484,1.0,16,,,,True
191,0.553280859375,1,True,0.03934481985696259,0.039244819856962584,15.039734821409667,1.0,15,,,,True
191,0.553280859375,2,True,0.0416922648324598,0.0415922648324598,15.127698070216127,1.0,14,,,,True
191,0.553280859375,3,True,0.043942343469808964,0.04384234346980896,15.258349576317485,1.0,13,,,,True
191,0.553280859375,4,True,0.04610830920788267,0.04600830920788267,15.387971884031455,1.0,12,,,,True
191,0.553280859375,5,True,0.04819911678137956,0.048099116781379556,15.475019448834331,1.0,11,,,,True
191,0.553280859375,6,True,0.050201839724230535,0.05010183972423053,15.557104911598007,1.0,10,,,,True
192,0.5682796875,0,True,0.036917540276800054,0.03681754027680005,14.955829023797484,1.0,16,,,,True
192,0.5682796875,1,True,0.03934481985696259,0.039244819856962584,15.039734821409667,1.0,15,,,,True
192,0.5682796875,2,True,0.0416922648324598,0.0415922648324598,15.127698070216127,1.0,14,,,,True
192,0.5682796875,3,True,0.043942343469808964,0.04384234346980896,15.258349576317485,1.0,13,,,,True
192,0.5682796875,4,True,0.04610830920788267,0.04600830920788267,15.387971884031455,1.0,12,,,,True
192,0.5682796875,5,True,0.04819911678137956,0.048099116781379556,15.475019448834331,1.0,11,,,,True
192,0.5682796875,6,True,0.050201839724230535,0.05010183972423053,15.557104911598007,1.0,10,,,,True
193,0.583278515625,0,True,0.036917540276800054,0.03681754027680005,14.955829023797484,1.0,16,,,,True
193,0.583278515625,1,True,0.03934481985696259,0.039244819856962584,15.039734821409667,1.0,15,,,,True
193,0.583278515625,2,True,0.0416922648324598,0.0415922648324598,15.127698070216127,1.0,14,,,,True
193,0.583278515625,3,True,0.043942343469808964,0.04384234346980896,15.258349576317485,1.0,13,,,,True
193,0.583278515625,4,True,0.04610830920788267,0.04600830920788267,15.387971884031455,1.0,12,,,,True
193,0.583278515625,5,True,0.04819911678137956,0.048099116781379556,15.475019448834331,1.0,11,,,,True
193,0.583278515625,6,True,0.050201839724230535,0.05010183972423053,15.557104911598007,1.0,10,,,,True
194,0.59827734375,0,True,0.036917540276800054,0.03681754027680005,14.955829023797484,1.0,16,,,,True
194,0.59827734375,1,True,0.03934481985696259,0.039244819856962584,15.039734821409667,1.0,15,,,,True
194,0.59827734375,2,True,0.0416922648324598,0.0415922648324598,15.127698070216127,1.0,14,,,,True
194,0.59827734375,3,True,0.043942343469808964,0.04384234346980896,15.258349576317485,1.0,13,,,,True
194,0.59827734375,4,True,0.04610830920788267,0.04600830920788267,15.387971884031455,1.0,12,,,,True
194,0.59827734375,5,True,0.04819911678137956,0.048099116781379556,15.475019448834331,1.0,11,,,,True
194,0.59827734375,6,True,0.050201839724230535,0.05010183972423053,15.557104911598007,1.0,10,,,,True
195,0.6132761718749999,0,True,0.036917540276800054,0.03681754027680005,14.955829023797484,1.0,16,,,,True
195,0.6132761718749999,1,True,0.03934481985696259,0.039244819856962584,15.039734821409667,1.0,15,,,,True
195,0.6132761718749999,2,True,0.0416922648324598,0.0415922648324598,15.127698070216127,1.0,14,,,,True
195,0.6132761718749999,3,True,0.043942343469808964,0.04384234346980896,15.258349576317485,1.0,13,,,,True
195,0.6132761718749999,4,True,0.04610830920788267,0.04600830920788267,15.387971884031455,1.0,12,,,,True
195,0.6132761718749999,5,True,0.04819911678137956,0.048099116781379556,15.475019448834331,1.0,11,,,,True
195,0.6132761718749999,6,True,0.050201839724230535,0.05010183972423053,15.557104911598007,1.0,10,,,,True
196,0.6282749999999999,0,True,0.036917540276800054,0.03681754027680005,14.955829023797484,1.0,16,,,,True
196,0.6282749999999999,1,True,0.03934481985696259,0.039244819856962584,15.039734821409667,1.0,15,,,,True
196,0.6282749999999999,2,True,0.0416922648324598,0.0415922648324598,15.127698070216127,1.0,14,,,,True
196,0.6282749999999999,3,True,0.043942343469808964,0.04384234346980896,15.258349576317485,1.0,13,,,,True
196,0.6282749999999999,4,True,0.04610830920788267,0.04600830920788267,15.387971884031455,1.0,12,,,,True
196,0.6282749999999999,5,True,0.04819911678137956,0.048099116781379556,15.475019448834331,1.0,11,,,,True
196,0.6282749999999999,6,True,0.050201839724230535,0.05010183972423053,15.557104911598007,1.0,10,,,,True
197,0.6432738281249999,0,True,0.036917540276800054,0.03681754027680005,14.955829023797484,1.0,16,,,,True
197,0.6432738281249999,1,True,0.03934481985696259,0.039244819856962584,15.039734821409667,1.0,15,,,,True
197,0.6432738281249999,2,True,0.0416922648324598,0.0415922648324598,15.127698070216127,1.0,14,,,,True
197,0.6432738281249999,3,True,0.043942343469808964,0.04384234346980896,15.258349576317485,1.0,13,,,,True
197,0.6432738281249999,4,True,0.04610830920788267,0.04600830920788267,15.387971884031455,1.0,12,,,,True
197,0.6432738281249999,5,True,0.04819911678137956,0.048099116781379556,15.475019448834331,1.0,11,,,,True
197,0.6432738281249999,6,True,0.050201839724230535,0.05010183972423053,15.557104911598007,1.0,10,,,,True
198,0.6582726562499999,0,True,0.036917540276800054,0.03681754027680005,14.955829023797484,1.0,16,,,,True
198,0.6582726562499999,1,True,0.03934481985696259,0.039244819856962584,15.039734821409667,1.0,15,,,,True
198,0.6582726562499999,2,True,0.0416922648324598,0.0415922648324598,15.127698070216127,1.0,14,,,,True
198,0.6582726562499999,3,True,0.043942343469808964,0.04384234346980896,15.258349576317485,1.0,13,,,,True
198,0.6582726562499999,4,True,0.04610830920788267,0.04600830920788267,15.387971884031455,1.0,12,,,,True
198,0.6582726562499999,5,True,0.04819911678137956,0.048099116781379556,15.475019448834331,1.0,11,,,,True
198,0.6582726562499999,6,True,0.050201839724230535,0.05010183972423053,15.557104911598007,1.0,10,,,,True
199,0.6732714843749998,0,True,0.036917540276800054,0.03681754027680005,14.955829023797484,1.0,16,,,,True
199,0.6732714843749998,1,True,0.03934481985696259,0.039244819856962584,15.039734821409667,1.0,15,,,,True
199,0.6732714843749998,2,True,0.0416922648324598,0.0415922648324598,15.127698070216127,1.0,14,,,,True
199,0.6732714843749998,3,True,0.043942343469808964,0.04384234346980896,15.258349576317485,1.0,13,,,,True
199,0.6732714843749998,4,True,0.04610830920788267,0.04600830920788267,15.387971884031455,1.0,12,,,,True
199,0.6732714843749998,5,True,0.04819911678137956,0.048099116781379556,15.475019448834331,1.0,11,,,,True
199,0.6732714843749998,6,True,0.050201839724230535,0.05010183972423053,15.557104911598007,1.0,10,,,,True
200,0.6882703124999998,0,True,0.036917540276800054,0.03681754027680005,14.955829023797484,1.0,16,,,,True
200,0.6882703124999998,1,True,0.03934481985696259,0.039244819856962584,15.039734821409667,1.0,15,,,,True
200,0.6882703124999998,2,True,0.0416922648324598,0.0415922648324598,15.127698070216127,1.0,14,,,,True
200,0.6882703124999998,3,True,0.043942343469808964,0.04384234346980896,15.258349576317485,1.0,13,,,,True
200,0.6882703124999998,4,True,0.04610830920788267,0.04600830920788267,15.387971884031455,1.0,12,,,,True
200,0.6882703124999998,5,True,0.04819911678137956,0.048099116781379556,15.475019448834331,1.0,11,,,,True
200,0.6882703124999998,6,True,0.050201839724230535,0.05010183972423053,15.557104911598007,1.0,10,,,,True
201,0.7032691406250002,0,True,0.036917540276800054,0.03681754027680005,14.955829023797484,1.0,16,,,,True
201,0.7032691406250002,1,True,0.03934481985696259,0.039244819856962584,15.039734821409667,1.0,15,,,,True
201,0.7032691406250002,2,True,0.0416922648324598,0.0415922648324598,15.127698070216127,1.0,14,,,,True
201,0.7032691406250002,3,True,0.043942343469808964,0.04384234346980896,15.258349576317485,1.0,13,,,,True
201,0.7032691406250002,4,True,0.04610830920788267,0.04600830920788267,15.387971884031455,1.0,12,,,,True
201,0.7032691406250002,5,True,0.04819911678137956,0.048099116781379556,15.475019448834331,1.0,11,,,,True
201,0.7032691406250002,6,True,0.050201839724230535,0.05010183972423053,15.557104911598007,1.0,10,,,,True
202,0.7182679687500002,0,True,0.036917540276800054,0.03681754027680005,14.955829023797484,1.0,16,,,,True
202,0.7182679687500002,1,True,0.03934481985696259,0.039244819856962584,15.039734821409667,1.0,15,,,,True
202,0.7182679687500002,2,True,0.0416922648324598,0.0415922648324598,15.127698070216127,1.0,14,,,,True
202,0.7182679687500002,3,True,0.043942343469808964,0.04384234346980896,15.258349576317485,1.0,13,,,,True
202,0.7182679687500002,4,True,0.04610830920788267,0.04600830920788267,15.387971884031455,1.0,12,,,,True
202,0.7182679687500002,5,True,0.04819911678137956,0.048099116781379556,15.475019448834331,1.0,11,,,,True
202,0.7182679687500002,6,True,0.050201839724230535,0.05010183972423053,15.557104911598007,1.0,10,,,,True
203,0.7332667968750002,0,True,0.036917540276800054,0.03681754027680005,14.955829023797484,1.0,16,,,,True
203,0.7332667968750002,1,True,0.03934481985696259,0.039244819856962584,15.039734821409667,1.0,15,,,,True
203,0.7332667968750002,2,True,0.0416922648324598,0.0415922648324598,15.127698070216127,1.0,14,,,,True
203,0.7332667968750002,3,True,0.043942343469808964,0.04384234346980896,15.258349576317485,1.0,13,,,,True
203,0.7332667968750002,4,True,0.04610830920788267,0.04600830920788267,15.387971884031455,1.0,12,,,,True
203,0.7332667968750002,5,True,0.04819911678137956,0.048099116781379556,15.475019448834331,1.0,11,,,,True
203,0.7332667968750002,6,True,0.050201839724230535,0.05010183972423053,15.557104911598007,1.0,10,,,,True
204,0.7482656250000002,0,True,0.036917540276800054,0.03681754027680005,14.955829023797484,1.0,16,,,,True
204,0.7482656250000002,1,True,0.03934481985696259,0.039244819856962584,15.039734821409667,1.0,15,,,,True
204,0.7482656250000002,2,True,0.0416922648324598,0.0415922648324598,15.127698070216127,1.0,14,,,,True
204,0.7482656250000002,3,True,0.043942343469808964,0.04384234346980896,15.258349576317485,1.0,13,,,,True
204,0.7482656250000002,4,True,0.04610830920788267,0.04600830920788267,15.387971884031455,1.0,12,,,,True
204,0.7482656250000002,5,True,0.04819911678137956,0.048099116781379556,15.475019448834331,1.0,11,,,,True
204,0.7482656250000002,6,True,0.050201839724230535,0.05010183972423053,15.557104911598007,1.0,10,,,,True
205,0.7632644531250001,0,True,0.036917540276800054,0.03681754027680005,14.955829023797484,1.0,16,,,,True
205,0.7632644531250001,1,True,0.03934481985696259,0.039244819856962584,15.039734821409667,1.0,15,,,,True
205,0.7632644531250001,2,True,0.0416922648324598,0.0415922648324598,15.127698070216127,1.0,14,,,,True
205,0.7632644531250001,3,True,0.043942343469808964,0.04384234346980896,15.258349576317485,1.0,13,,,,True
205,0.7632644531250001,4,True,0.04610830920788267,0.04600830920788267,15.387971884031455,1.0,12,,,,True
205,0.7632644531250001,5,True,0.04819911678137956,0.048099116781379556,15.475019448834331,1.0,11,,,,True
205,0.7632644531250001,6,True,0.050201839724230535,0.05010183972423053,15.557104911598007,1.0,10,,,,True
206,0.7782632812500001,0,True,0.036917540276800054,0.03681754027680005,14.955829023797484,1.0,16,,,,True
206,0.7782632812500001,1,True,0.03934481985696259,0.039244819856962584,15.039734821409667,1.0,15,,,,True
206,0.7782632812500001,2,True,0.0416922648324598,0.0415922648324598,15.127698070216127,1.0,14,,,,True
206,0.7782632812500001,3,True,0.043942343469808964,0.04384234346980896,15.258349576317485,1.0,13,,,,True
206,0.7782632812500001,4,True,0.04610830920788267,0.04600830920788267,15.387971884031455,1.0,12,,,,True
206,0.7782632812500001,5,True,0.04819911678137956,0.048099116781379556,15.475019448834331,1.0,11,,,,True
206,0.7782632812500001,6,True,0.050201839724230535,0.05010183972423053,15.557104911598007,1.0,10,,,,True
207,0.7932621093750001,0,True,0.036917540276800054,0.03681754027680005,14.955829023797484,1.0,16,,,,True
207,0.7932621093750001,1,True,0.03934481985696259,0.039244819856962584,15.039734821409667,1.0,15,,,,True
207,0.7932621093750001,2,True,0.0416922648324598,0.0415922648324598,15.127698070216127,1.0,14,,,,True
207,0.7932621093750001,3,True,0.043942343469808964,0.04384234346980896,15.258349576317485,1.0,13,,,,True
207,0.7932621093750001,4,True,0.04610830920788267,0.04600830920788267,15.387971884031455,1.0,12,,,,True
207,0.7932621093750001,5,True,0.04819911678137956,0.048099116781379556,15.475019448834331,1.0,11,,,,True
207,0.7932621093750001,6,True,0.050201839724230535,0.05010183972423053,15.557104911598007,1.0,10,,,,True
208,0.8082609375,0,True,0.036917540276800054,0.03681754027680005,14.955829023797484,1.0,16,,,,True
208,0.8082609375,1,True,0.03934481985696259,0.039244819856962584,15.039734821409667,1.0,15,,,,True
208,0.8082609375,2,True,0.0416922648324598,0.0415922648324598,15.127698070216127,1.0,14,,,,True
208,0.8082609375,3,True,0.043942343469808964,0.04384234346980896,15.258349576317485,1.0,13,,,,True
208,0.8082609375,4,True,0.04610830920788267,0.04600830920788267,15.387971884031455,1.0,12,,,,True
208,0.8082609375,5,True,0.04819911678137956,0.048099116781379556,15.475019448834331,1.0,11,,,,True
208,0.8082609375,6,True,0.050201839724230535,0.05010183972423053,15.557104911598007,1.0,10,,,,True
209,0.823259765625,0,True,0.036917540276800054,0.03681754027680005,14.955829023797484,1.0,16,,,,True
209,0.823259765625,1,True,0.03934481985696259,0.039244819856962584,15.039734821409667,1.0,15,,,,True
209,0.823259765625,2,True,0.0416922648324598,0.0415922648324598,15.127698070216127,1.0,14,,,,True
209,0.823259765625,3,True,0.043942343469808964,0.04384234346980896,15.258349576317485,1.0,13,,,,True
209,0.823259765625,4,True,0.04610830920788267,0.04600830920788267,15.387971884031455,1.0,12,,,,True
209,0.823259765625,5,True,0.04819911678137956,0.048099116781379556,15.475019448834331,1.0,11,,,,True
209,0.823259765625,6,True,0.050201839724230535,0.05010183972423053,15.557104911598007,1.0,10,,,,True
210,0.83825859375,0,True,0.036917540276800054,0.03681754027680005,14.955829023797484,1.0,16,,,,True
210,0.83825859375,1,True,0.03934481985696259,0.039244819856962584,15.039734821409667,1.0,15,,,,True
210,0.83825859375,2,True,0.0416922648324598,0.0415922648324598,15.127698070216127,1.0,14,,,,True
210,0.83825859375,3,True,0.043942343469808964,0.04384234346980896,15.258349576317485,1.0,13,,,,True
210,0.83825859375,4,True,0.04610830920788267,0.04600830920788267,15.387971884031455,1.0,12,,,,True
210,0.83825859375,5,True,0.04819911678137956,0.048099116781379556,15.475019448834331,1.0,11,,,,True
210,0.83825859375,6,True,0.050201839724230535,0.05010183972423053,15.557104911598007,1.0,10,,,,True
211,0.853257421875,0,True,0.036917540276800054,0.03681754027680005,14.955829023797484,1.0,16,,,,True
211,0.853257421875,1,True,0.03934481985696259,0.039244819856962584,15.039734821409667,1.0,15,,,,True
211,0.853257421875,2,True,0.0416922648324598,0.0415922648324598,15.127698070216127,1.0,14,,,,True
211,0.853257421875,3,True,0.043942343469808964,0.04384234346980896,15.258349576317485,1.0,13,,,,True
211,0.853257421875,4,True,0.04610830920788267,0.04600830920788267,15.387971884031455,1.0,12,,,,True
211,0.853257421875,5,True,0.04819911678137956,0.048099116781379556,15.475019448834331,1.0,11,,,,True
211,0.853257421875,6,True,0.050201839724230535,0.05010183972423053,15.557104911598007,1.0,10,,,,True
212,0.86825625,0,True,0.036917540276800054,0.03681754027680005,14.955829023797484,1.0,16,,,,True
212,0.86825625,1,True,0.03934481985696259,0.039244819856962584,15.039734821409667,1.0,15,,,,True
212,0.86825625,2,True,0.0416922648324598,0.0415922648324598,15.127698070216127,1.0,14,,,,True
212,0.86825625,3,True,0.043942343469808964,0.04384234346980896,15.258349576317485,1.0,13,,,,True
212,0.86825625,4,True,0.04610830920788267,0.04600830920788267,15.387971884031455,1.0,12,,,,True
212,0.86825625,5,True,0.04819911678137956,0.048099116781379556,15.475019448834331,1.0,11,,,,True
212,0.86825625,6,True,0.050201839724230535,0.05010183972423053,15.557104911598007,1.0,10,,,,True
213,0.8832550781249999,0,True,0.036917540276800054,0.03681754027680005,14.955829023797484,1.0,16,,,,True
213,0.8832550781249999,1,True,0.03934481985696259,0.039244819856962584,15.039734821409667,1.0,15,,,,True
213,0.8832550781249999,2,True,0.0416922648324598,0.0415922648324598,15.127698070216127,1.0,14,,,,True
213,0.8832550781249999,3,True,0.043942343469808964,0.04384234346980896,15.258349576317485,1.0,13,,,,True
213,0.8832550781249999,4,True,0.04610830920788267,0.04600830920788267,15.387971884031455,1.0,12,,,,True
213,0.8832550781249999,5,True,0.04819911678137956,0.048099116781379556,15.475019448834331,1.0,11,,,,True
213,0.8832550781249999,6,True,0.050201839724230535,0.05010183972423053,15.557104911598007,1.0,10,,,,True
214,0.8982539062499999,0,True,0.036917540276800054,0.03681754027680005,14.955829023797484,1.0,16,,,,True
214,0.8982539062499999,1,True,0.03934481985696259,0.039244819856962584,15.039734821409667,1.0,15,,,,True
214,0.8982539062499999,2,True,0.0416922648324598,0.0415922648324598,15.127698070216127,1.0,14,,,,True
214,0.8982539062499999,3,True,0.043942343469808964,0.04384234346980896,15.258349576317485,1.0,13,,,,True
214,0.8982539062499999,4,True,0.04610830920788267,0.04600830920788267,15.387971884031455,1.0,12,,,,True
214,0.8982539062499999,5,True,0.04819911678137956,0.048099116781379556,15.475019448834331,1.0,11,,,,True
214,0.8982539062499999,6,True,0.050201839724230535,0.05010183972423053,15.557104911598007,1.0,10,,,,True
215,0.9132527343749999,0,True,0.036917540276800054,0.03681754027680005,14.955829023797484,1.0,16,,,,True
215,0.9132527343749999,1,True,0.03934481985696259,0.039244819856962584,15.039734821409667,1.0,15,,,,True
215,0.9132527343749999,2,True,0.0416922648324598,0.0415922648324598,15.127698070216127,1.0,14,,,,True
215,0.9132527343749999,3,True,0.043942343469808964,0.04384234346980896,15.258349576317485,1.0,13,,,,True
215,0.9132527343749999,4,True,0.04610830920788267,0.04600830920788267,15.387971884031455,1.0,12,,,,True
215,0.9132527343749999,5,True,0.04819911678137956,0.048099116781379556,15.475019448834331,1.0,11,,,,True
215,0.9132527343749999,6,True,0.050201839724230535,0.05010183972423053,15.557104911598007,1.0,10,,,,True
216,0.9282515624999998,0,True,0.036917540276800054,0.03681754027680005,14.955829023797484,1.0,16,,,,True
216,0.9282515624999998,1,True,0.03934481985696259,0.039244819856962584,15.039734821409667,1.0,15,,,,True
216,0.9282515624999998,2,True,0.0416922648324598,0.0415922648324598,15.127698070216127,1.0,14,,,,True
216,0.9282515624999998,3,True,0.043942343469808964,0.04384234346980896,15.258349576317485,1.0,13,,,,True
216,0.9282515624999998,4,True,0.04610830920788267,0.04600830920788267,15.387971884031455,1.0,12,,,,True
216,0.9282515624999998,5,True,0.04819911678137956,0.048099116781379556,15.475019448834331,1.0,11,,,,True
216,0.9282515624999998,6,True,0.050201839724230535,0.05010183972423053,15.557104911598007,1.0,10,,,,True
217,0.9432503906249998,0,True,0.036917540276800054,0.03681754027680005,14.955829023797484,1.0,16,,,,True
217,0.9432503906249998,1,True,0.03934481985696259,0.039244819856962584,15.039734821409667,1.0,15,,,,True
217,0.9432503906249998,2,True,0.0416922648324598,0.0415922648324598,15.127698070216127,1.0,14,,,,True
217,0.9432503906249998,3,True,0.043942343469808964,0.04384234346980896,15.258349576317485,1.0,13,,,,True
217,0.9432503906249998,4,True,0.04610830920788267,0.04600830920788267,15.387971884031455,1.0,12,,,,True
217,0.9432503906249998,5,True,0.04819911678137956,0.048099116781379556,15.475019448834331,1.0,11,,,,True
217,0.9432503906249998,6,True,0.050201839724230535,0.05010183972423053,15.557104911598007,1.0,10,,,,True
218,0.9582492187500002,0,True,0.036917540276800054,0.03681754027680005,14.955829023797484,1.0,16,,,,True
218,0.9582492187500002,1,True,0.03934481985696259,0.039244819856962584,15.039734821409667,1.0,15,,,,True
218,0.9582492187500002,2,True,0.0416922648324598,0.0415922648324598,15.127698070216127,1.0,14,,,,True
218,0.9582492187500002,3,True,0.043942343469808964,0.04384234346980896,15.258349576317485,1.0,13,,,,True
218,0.9582492187500002,4,True,0.04610830920788267,0.04600830920788267,15.387971884031455,1.0,12,,,,True
218,0.9582492187500002,5,True,0.04819911678137956,0.048099116781379556,15.475019448834331,1.0,11,,,,True
218,0.9582492187500002,6,True,0.050201839724230535,0.05010183972423053,15.557104911598007,1.0,10,,,,True
219,0.9732480468750002,0,True,0.036917540276800054,0.03681754027680005,14.955829023797484,1.0,16,,,,True
219,0.9732480468750002,1,True,0.03934481985696259,0.039244819856962584,15.039734821409667,1.0,15,,,,True
219,0.9732480468750002,2,True,0.0416922648324598,0.0415922648324598,15.127698070216127,1.0,14,,,,True
219,0.9732480468750002,3,True,0.043942343469808964,0.04384234346980896,15.258349576317485,1.0,13,,,,True
219,0.9732480468750002,4,True,0.04610830920788267,0.04600830920788267,15.387971884031455,1.0,12,,,,True
219,0.9732480468750002,5,True,0.04819911678137956,0.048099116781379556,15.475019448834331,1.0,11,,,,True
219,0.9732480468750002,6,True,0.050201839724230535,0.05010183972423053,15.557104911598007,1.0,10,,,,True
220,0.9882468750000002,0,True,0.036917540276800054,0.03681754027680005,14.955829023797484,1.0,16,,,,True
220,0.9882468750000002,1,True,0.03934481985696259,0.039244819856962584,15.039734821409667,1.0,15,,,,True
220,0.9882468750000002,2,True,0.0416922648324598,0.0415922648324598,15.127698070216127,1.0,14,,,,True
220,0.9882468750000002,3,True,0.043942343469808964,0.04384234346980896,15.258349576317485,1.0,13,,,,True
220,0.9882468750000002,4,True,0.04610830920788267,0.04600830920788267,15.387971884031455,1.0,12,,,,True
220,0.9882468750000002,5,True,0.04819911678137956,0.048099116781379556,15.475019448834331,1.0,11,,,,True
220,0.9882468750000002,6,True,0.050201839724230535,0.05010183972423053,15.557104911598007,1.0,10,,,,True
221,1.0032457031250002,0,True,0.036917540276800054,0.03681754027680005,14.955829023797484,1.0,16,,,,True
221,1.0032457031250002,1,True,0.03934481985696259,0.039244819856962584,15.039734821409667,1.0,15,,,,True
221,1.0032457031250002,2,True,0.0416922648324598,0.0415922648324598,15.127698070216127,1.0,14,,,,True
221,1.0032457031250002,3,True,0.043942343469808964,0.04384234346980896,15.258349576317485,1.0,13,,,,True
221,1.0032457031250002,4,True,0.04610830920788267,0.04600830920788267,15.387971884031455,1.0,12,,,,True
221,1.0032457031250002,5,True,0.04819911678137956,0.048099116781379556,15.475019448834331,1.0,11,,,,True
221,1.0032457031250002,6,True,0.050201839724230535,0.05010183972423053,15.557104911598007,1.0,10,,,,True
222,1.0182445312500001,0,True,0.036917540276800054,0.03681754027680005,14.955829023797484,1.0,16,,,,True
222,1.0182445312500001,1,True,0.03934481985696259,0.039244819856962584,15.039734821409667,1.0,15,,,,True
222,1.0182445312500001,2,True,0.0416922648324598,0.0415922648324598,15.127698070216127,1.0,14,,,,True
222,1.0182445312500001,3,True,0.043942343469808964,0.04384234346980896,15.258349576317485,1.0,13,,,,True
222,1.0182445312500001,4,True,0.04610830920788267,0.04600830920788267,15.387971884031455,1.0,12,,,,True
222,1.0182445312500001,5,True,0.04819911678137956,0.048099116781379556,15.475019448834331,1.0,11,,,,True
222,1.0182445312500001,6,True,0.050201839724230535,0.05010183972423053,15.557104911598007,1.0,10,,,,True
223,1.0332433593750001,0,True,0.036917540276800054,0.03681754027680005,14.955829023797484,1.0,16,,,,True
223,1.0332433593750001,1,True,0.03934481985696259,0.039244819856962584,15.039734821409667,1.0,15,,,,True
223,1.0332433593750001,2,True,0.0416922648324598,0.0415922648324598,15.127698070216127,1.0,14,,,,True
223,1.0332433593750001,3,True,0.043942343469808964,0.04384234346980896,15.258349576317485,1.0,13,,,,True
223,1.0332433593750001,4,True,0.04610830920788267,0.04600830920788267,15.387971884031455,1.0,12,,,,True
223,1.0332433593750001,5,True,0.04819911678137956,0.048099116781379556,15.475019448834331,1.0,11,,,,True
223,1.0332433593750001,6,True,0.050201839724230535,0.05010183972423053,15.557104911598007,1.0,10,,,,True
224,1.0482421875,0,True,0.036917540276800054,0.03681754027680005,14.955829023797484,1.0,16,,,,True
224,1.0482421875,1,True,0.03934481985696259,0.039244819856962584,15.039734821409667,1.0,15,,,,True
224,1.0482421875,2,True,0.0416922648324598,0.0415922648324598,15.127698070216127,1.0,14,,,,True
224,1.0482421875,3,True,0.043942343469808964,0.04384234346980896,15.258349576317485,1.0,13,,,,True
224,1.0482421875,4,True,0.04610830920788267,0.04600830920788267,15.387971884031455,1.0,12,,,,True
224,1.0482421875,5,True,0.04819911678137956,0.048099116781379556,15.475019448834331,1.0,11,,,,True
224,1.0482421875,6,True,0.050201839724230535,0.05010183972423053,15.557104911598007,1.0,10,,,,True
225,1.063241015625,0,True,0.036917540276800054,0.03681754027680005,14.955829023797484,1.0,16,,,,True
225,1.063241015625,1,True,0.03934481985696259,0.039244819856962584,15.039734821409667,1.0,15,,,,True
225,1.063241015625,2,True,0.0416922648324598,0.0415922648324598,15.127698070216127,1.0,14,,,,True
225,1.063241015625,3,True,0.043942343469808964,0.04384234346980896,15.258349576317485,1.0,13,,,,True
225,1.063241015625,4,True,0.04610830920788267,0.04600830920788267,15.387971884031455,1.0,12,,,,True
225,1.063241015625,5,True,0.04819911678137956,0.048099116781379556,15.475019448834331,1.0,11,,,,True
225,1.063241015625,6,True,0.050201839724230535,0.05010183972423053,15.557104911598007,1.0,10,,,,True
226,1.07823984375,0,True,0.036917540276800054,0.03681754027680005,14.955829023797484,1.0,16,,,,True
226,1.07823984375,1,True,0.03934481985696259,0.039244819856962584,15.039734821409667,1.0,15,,,,True
226,1.07823984375,2,True,0.0416922648324598,0.0415922648324598,15.127698070216127,1.0,14,,,,True
226,1.07823984375,3,True,0.043942343469808964,0.04384234346980896,15.258349576317485,1.0,13,,,,True
226,1.07823984375,4,True,0.04610830920788267,0.04600830920788267,15.387971884031455,1.0,12,,,,True
226,1.07823984375,5,True,0.04819911678137956,0.048099116781379556,15.475019448834331,1.0,11,,,,True
226,1.07823984375,6,True,0.050201839724230535,0.05010183972423053,15.557104911598007,1.0,10,,,,True
227,1.093238671875,0,True,0.036917540276800054,0.03681754027680005,14.955829023797484,1.0,16,,,,True
227,1.093238671875,1,True,0.03934481985696259,0.039244819856962584,15.039734821409667,1.0,15,,,,True
227,1.093238671875,2,True,0.0416922648324598,0.0415922648324598,15.127698070216127,1.0,14,,,,True
227,1.093238671875,3,True,0.043942343469808964,0.04384234346980896,15.258349576317485,1.0,13,,,,True
227,1.093238671875,4,True,0.04610830920788267,0.04600830920788267,15.387971884031455,1.0,12,,,,True
227,1.093238671875,5,True,0.04819911678137956,0.048099116781379556,15.475019448834331,1.0,11,,,,True
227,1.093238671875,6,True,0.050201839724230535,0.05010183972423053,15.557104911598007,1.0,10,,,,True
228,1.1082375,0,True,0.036917540276800054,0.03681754027680005,14.955829023797484,1.0,16,,,,True
228,1.1082375,1,True,0.03934481985696259,0.039244819856962584,15.039734821409667,1.0,15,,,,True
228,1.1082375,2,True,0.0416922648324598,0.0415922648324598,15.127698070216127,1.0,14,,,,True
228,1.1082375,3,True,0.043942343469808964,0.04384234346980896,15.258349576317485,1.0,13,,,,True
228,1.1082375,4,True,0.04610830920788267,0.04600830920788267,15.387971884031455,1.0,12,,,,True
228,1.1082375,5,True,0.04819911678137956,0.048099116781379556,15.475019448834331,1.0,11,,,,True
228,1.1082375,6,True,0.050201839724230535,0.05010183972423053,15.557104911598007,1.0,10,,,,True
229,1.123236328125,0,True,0.036917540276800054,0.03681754027680005,14.955829023797484,1.0,16,,,,True
229,1.123236328125,1,True,0.03934481985696259,0.039244819856962584,15.039734821409667,1.0,15,,,,True
229,1.123236328125,2,True,0.0416922648324598,0.0415922648324598,15.127698070216127,1.0,14,,,,True
229,1.123236328125,3,True,0.043942343469808964,0.04384234346980896,15.258349576317485,1.0,13,,,,True
229,1.123236328125,4,True,0.04610830920788267,0.04600830920788267,15.387971884031455,1.0,12,,,,True
229,1.123236328125,5,True,0.04819911678137956,0.048099116781379556,15.475019448834331,1.0,11,,,,True
229,1.123236328125,6,True,0.050201839724230535,0.05010183972423053,15.557104911598007,1.0,10,,,,True
230,1.13823515625,0,True,0.036917540276800054,0.03681754027680005,14.955829023797484,1.0,16,,,,True
230,1.13823515625,1,True,0.03934481985696259,0.039244819856962584,15.039734821409667,1.0,15,,,,True
230,1.13823515625,2,True,0.0416922648324598,0.0415922648324598,15.127698070216127,1.0,14,,,,True
230,1.13823515625,3,True,0.043942343469808964,0.04384234346980896,15.258349576317485,1.0,13,,,,True
230,1.13823515625,4,True,0.04610830920788267,0.04600830920788267,15.387971884031455,1.0,12,,,,True
230,1.13823515625,5,True,0.04819911678137956,0.048099116781379556,15.475019448834331,1.0,11,,,,True
230,1.13823515625,6,True,0.050201839724230535,0.05010183972423053,15.557104911598007,1.0,10,,,,True
231,1.153233984375,0,True,0.036917540276800054,0.03681754027680005,14.955829023797484,1.0,16,,,,True
231,1.153233984375,1,True,0.03934481985696259,0.039244819856962584,15.039734821409667,1.0,15,,,,True
231,1.153233984375,2,True,0.0416922648324598,0.0415922648324598,15.127698070216127,1.0,14,,,,True
231,1.153233984375,3,True,0.043942343469808964,0.04384234346980896,15.258349576317485,1.0,13,,,,True
231,1.153233984375,4,True,0.04610830920788267,0.04600830920788267,15.387971884031455,1.0,12,,,,True
231,1.153233984375,5,True,0.04819911678137956,0.048099116781379556,15.475019448834331,1.0,11,,,,True
231,1.153233984375,6,True,0.050201839724230535,0.05010183972423053,15.557104911598007,1.0,10,,,,True
232,1.1682328124999999,0,True,0.036917540276800054,0.03681754027680005,14.955829023797484,1.0,16,,,,True
232,1.1682328124999999,1,True,0.03934481985696259,0.039244819856962584,15.039734821409667,1.0,15,,,,True
232,1.1682328124999999,2,True,0.0416922648324598,0.0415922648324598,15.127698070216127,1.0,14,,,,True
232,1.1682328124999999,3,True,0.043942343469808964,0.04384234346980896,15.258349576317485,1.0,13,,,,True
232,1.1682328124999999,4,True,0.04610830920788267,0.04600830920788267,15.387971884031455,1.0,12,,,,True
232,1.1682328124999999,5,True,0.04819911678137956,0.048099116781379556,15.475019448834331,1.0,11,,,,True
232,1.1682328124999999,6,True,0.050201839724230535,0.05010183972423053,15.557104911598007,1.0,10,,,,True
233,1.1832316406249999,0,True,0.036917540276800054,0.03681754027680005,14.955829023797484,1.0,16,,,,True
233,1.1832316406249999,1,True,0.03934481985696259,0.039244819856962584,15.039734821409667,1.0,15,,,,True
233,1.1832316406249999,2,True,0.0416922648324598,0.0415922648324598,15.127698070216127,1.0,14,,,,True
233,1.1832316406249999,3,True,0.043942343469808964,0.04384234346980896,15.258349576317485,1.0,13,,,,True
233,1.1832316406249999,4,True,0.04610830920788267,0.04600830920788267,15.387971884031455,1.0,12,,,,True
233,1.1832316406249999,5,True,0.04819911678137956,0.048099116781379556,15.475019448834331,1.0,11,,,,True
233,1.1832316406249999,6,True,0.050201839724230535,0.05010183972423053,15.557104911598007,1.0,10,,,,True
234,1.1982304687499998,0,True,0.036917540276800054,0.03681754027680005,14.955829023797484,1.0,16,,,,True
234,1.1982304687499998,1,True,0.03934481985696259,0.039244819856962584,15.039734821409667,1.0,15,,,,True
234,1.1982304687499998,2,True,0.0416922648324598,0.0415922648324598,15.127698070216127,1.0,14,,,,True
234,1.1982304687499998,3,True,0.043942343469808964,0.04384234346980896,15.258349576317485,1.0,13,,,,True
234,1.1982304687499998,4,True,0.04610830920788267,0.04600830920788267,15.387971884031455,1.0,12,,,,True
234,1.1982304687499998,5,True,0.04819911678137956,0.048099116781379556,15.475019448834331,1.0,11,,,,True
234,1.1982304687499998,6,True,0.050201839724230535,0.05010183972423053,15.557104911598007,1.0,10,,,,True
235,1.2132292968750003,0,True,0.036917540276800054,0.03681754027680005,14.955829023797484,1.0,16,,,,True
235,1.2132292968750003,1,True,0.03934481985696259,0.039244819856962584,15.039734821409667,1.0,15,,,,True
235,1.2132292968750003,2,True,0.0416922648324598,0.0415922648324598,15.127698070216127,1.0,14,,,,True
235,1.2132292968750003,3,True,0.043942343469808964,0.04384234346980896,15.258349576317485,1.0,13,,,,True
235,1.2132292968750003,4,True,0.04610830920788267,0.04600830920788267,15.387971884031455,1.0,12,,,,True
235,1.2132292968750003,5,True,0.04819911678137956,0.048099116781379556,15.475019448834331,1.0,11,,,,True
235,1.2132292968750003,6,True,0.050201839724230535,0.05010183972423053,15.557104911598007,1.0,10,,,,True
236,1.2282281250000002,0,True,0.036917540276800054,0.03681754027680005,14.955829023797484,1.0,16,,,,True
236,1.2282281250000002,1,True,0.03934481985696259,0.039244819856962584,15.039734821409667,1.0,15,,,,True
236,1.2282281250000002,2,True,0.0416922648324598,0.0415922648324598,15.127698070216127,1.0,14,,,,True
236,1.2282281250000002,3,True,0.043942343469808964,0.04384234346980896,15.258349576317485,1.0,13,,,,True
236,1.2282281250000002,4,True,0.04610830920788267,0.04600830920788267,15.387971884031455,1.0,12,,,,True
236,1.2282281250000002,5,True,0.04819911678137956,0.048099116781379556,15.475019448834331,1.0,11,,,,True
236,1.2282281250000002,6,True,0.050201839724230535,0.05010183972423053,15.557104911598007,1.0,10,,,,True
237,1.2432269531250002,0,True,0.036917540276800054,0.03681754027680005,14.955829023797484,1.0,16,,,,True
237,1.2432269531250002,1,True,0.03934481985696259,0.039244819856962584,15.039734821409667,1.0,15,,,,True
237,1.2432269531250002,2,True,0.0416922648324598,0.0415922648324598,15.127698070216127,1.0,14,,,,True
237,1.2432269531250002,3,True,0.043942343469808964,0.04384234346980896,15.258349576317485,1.0,13,,,,True
237,1.2432269531250002,4,True,0.04610830920788267,0.04600830920788267,15.387971884031455,1.0,12,,,,True
237,1.2432269531250002,5,True,0.04819911678137956,0.048099116781379556,15.475019448834331,1.0,11,,,,True
237,1.2432269531250002,6,True,0.050201839724230535,0.05010183972423053,15.557104911598007,1.0,10,,,,True
238,1.2582257812500002,0,True,0.036917540276800054,0.03681754027680005,14.955829023797484,1.0,16,,,,True
238,1.2582257812500002,1,True,0.03934481985696259,0.039244819856962584,15.039734821409667,1.0,15,,,,True
238,1.2582257812500002,2,True,0.0416922648324598,0.0415922648324598,15.127698070216127,1.0,14,,,,True
238,1.2582257812500002,3,True,0.043942343469808964,0.04384234346980896,15.258349576317485,1.0,13,,,,True
238,1.2582257812500002,4,True,0.04610830920788267,0.04600830920788267,15.387971884031455,1.0,12,,,,True
238,1.2582257812500002,5,True,0.04819911678137956,0.048099116781379556,15.475019448834331,1.0,11,,,,True
238,1.2582257812500002,6,True,0.050201839724230535,0.05010183972423053,15.557104911598007,1.0,10,,,,True
239,1.2732246093750001,0,True,0.036917540276800054,0.03681754027680005,14.955829023797484,1.0,16,,,,True
239,1.2732246093750001,1,True,0.03934481985696259,0.039244819856962584,15.039734821409667,1.0,15,,,,True
239,1.2732246093750001,2,True,0.0416922648324598,0.0415922648324598,15.127698070216127,1.0,14,,,,True
239,1.2732246093750001,3,True,0.043942343469808964,0.04384234346980896,15.258349576317485,1.0,13,,,,True
239,1.2732246093750001,4,True,0.04610830920788267,0.04600830920788267,15.387971884031455,1.0,12,,,,True
239,1.2732246093750001,5,True,0.04819911678137956,0.048099116781379556,15.475019448834331,1.0,11,,,,True
239,1.2732246093750001,6,True,0.050201839724230535,0.05010183972423053,15.557104911598007,1.0,10,,,,True
240,1.2882234375000001,0,True,0.036917540276800054,0.03681754027680005,14.955829023797484,1.0,16,,,,True
240,1.2882234375000001,1,True,0.03934481985696259,0.039244819856962584,15.039734821409667,1.0,15,,,,True
240,1.2882234375000001,2,True,0.0416922648324598,0.0415922648324598,15.127698070216127,1.0,14,,,,True
240,1.2882234375000001,3,True,0.043942343469808964,0.04384234346980896,15.258349576317485,1.0,13,,,,True
240,1.2882234375000001,4,True,0.04610830920788267,0.04600830920788267,15.387971884031455,1.0,12,,,,True
240,1.2882234375000001,5,True,0.04819911678137956,0.048099116781379556,15.475019448834331,1.0,11,,,,True
240,1.2882234375000001,6,True,0.050201839724230535,0.05010183972423053,15.557104911598007,1.0,10,,,,True
241,1.303222265625,0,True,0.036917540276800054,0.03681754027680005,14.955829023797484,1.0,16,,,,True
241,1.303222265625,1,True,0.03934481985696259,0.039244819856962584,15.039734821409667,1.0,15,,,,True
241,1.303222265625,2,True,0.0416922648324598,0.0415922648324598,15.127698070216127,1.0,14,,,,True
241,1.303222265625,3,True,0.043942343469808964,0.04384234346980896,15.258349576317485,1.0,13,,,,True
241,1.303222265625,4,True,0.04610830920788267,0.04600830920788267,15.387971884031455,1.0,12,,,,True
241,1.303222265625,5,True,0.04819911678137956,0.048099116781379556,15.475019448834331,1.0,11,,,,True
241,1.303222265625,6,True,0.050201839724230535,0.05010183972423053,15.557104911598007,1.0,10,,,,True
242,1.31822109375,0,True,0.036917540276800054,0.03681754027680005,14.955829023797484,1.0,16,,,,True
242,1.31822109375,1,True,0.03934481985696259,0.039244819856962584,15.039734821409667,1.0,15,,,,True
242,1.31822109375,2,True,0.0416922648324598,0.0415922648324598,15.127698070216127,1.0,14,,,,True
242,1.31822109375,3,True,0.043942343469808964,0.04384234346980896,15.258349576317485,1.0,13,,,,True
242,1.31822109375,4,True,0.04610830920788267,0.04600830920788267,15.387971884031455,1.0,12,,,,True
242,1.31822109375,5,True,0.04819911678137956,0.048099116781379556,15.475019448834331,1.0,11,,,,True
242,1.31822109375,6,True,0.050201839724230535,0.05010183972423053,15.557104911598007,1.0,10,,,,True
243,1.333219921875,0,True,0.036917540276800054,0.03681754027680005,14.955829023797484,1.0,16,,,,True
243,1.333219921875,1,True,0.03934481985696259,0.039244819856962584,15.039734821409667,1.0,15,,,,True
243,1.333219921875,2,True,0.0416922648324598,0.0415922648324598,15.127698070216127,1.0,14,,,,True
243,1.333219921875,3,True,0.043942343469808964,0.04384234346980896,15.258349576317485,1.0,13,,,,True
243,1.333219921875,4,True,0.04610830920788267,0.04600830920788267,15.387971884031455,1.0,12,,,,True
243,1.333219921875,5,True,0.04819911678137956,0.048099116781379556,15.475019448834331,1.0,11,,,,True
243,1.333219921875,6,True,0.050201839724230535,0.05010183972423053,15.557104911598007,1.0,10,,,,True
244,1.34821875,0,True,0.036917540276800054,0.03681754027680005,14.955829023797484,1.0,16,,,,True
244,1.34821875,1,True,0.03934481985696259,0.039244819856962584,15.039734821409667,1.0,15,,,,True
244,1.34821875,2,True,0.0416922648324598,0.0415922648324598,15.127698070216127,1.0,14,,,,True
244,1.34821875,3,True,0.043942343469808964,0.04384234346980896,15.258349576317485,1.0,13,,,,True
244,1.34821875,4,True,0.04610830920788267,0.04600830920788267,15.387971884031455,1.0,12,,,,True
244,1.34821875,5,True,0.04819911678137956,0.048099116781379556,15.475019448834331,1.0,11,,,,True
244,1.34821875,6,True,0.050201839724230535,0.05010183972423053,15.557104911598007,1.0,10,,,,True
245,1.363217578125,0,True,0.036917540276800054,0.03681754027680005,14.955829023797484,1.0,16,,,,True
245,1.363217578125,1,True,0.03934481985696259,0.039244819856962584,15.039734821409667,1.0,15,,,,True
245,1.363217578125,2,True,0.0416922648324598,0.0415922648324598,15.127698070216127,1.0,14,,,,True
245,1.363217578125,3,True,0.043942343469808964,0.04384234346980896,15.258349576317485,1.0,13,,,,True
245,1.363217578125,4,True,0.04610830920788267,0.04600830920788267,15.387971884031455,1.0,12,,,,True
245,1.363217578125,5,True,0.04819911678137956,0.048099116781379556,15.475019448834331,1.0,11,,,,True
245,1.363217578125,6,True,0.050201839724230535,0.05010183972423053,15.557104911598007,1.0,10,,,,True
246,1.37821640625,0,True,0.036917540276800054,0.03681754027680005,14.955829023797484,1.0,16,,,,True
246,1.37821640625,1,True,0.03934481985696259,0.039244819856962584,15.039734821409667,1.0,15,,,,True
246,1.37821640625,2,True,0.0416922648324598,0.0415922648324598,15.127698070216127,1.0,14,,,,True
246,1.37821640625,3,True,0.043942343469808964,0.04384234346980896,15.258349576317485,1.0,13,,,,True
246,1.37821640625,4,True,0.04610830920788267,0.04600830920788267,15.387971884031455,1.0,12,,,,True
246,1.37821640625,5,True,0.04819911678137956,0.048099116781379556,15.475019448834331,1.0,11,,,,True
246,1.37821640625,6,True,0.050201839724230535,0.05010183972423053,15.557104911598007,1.0,10,,,,True
247,1.393215234375,0,True,0.036917540276800054,0.03681754027680005,14.955829023797484,1.0,16,,,,True
247,1.393215234375,1,True,0.03934481985696259,0.039244819856962584,15.039734821409667,1.0,15,,,,True
247,1.393215234375,2,True,0.0416922648324598,0.0415922648324598,15.127698070216127,1.0,14,,,,True
247,1.393215234375,3,True,0.043942343469808964,0.04384234346980896,15.258349576317485,1.0,13,,,,True
247,1.393215234375,4,True,0.04610830920788267,0.04600830920788267,15.387971884031455,1.0,12,,,,True
247,1.393215234375,5,True,0.04819911678137956,0.048099116781379556,15.475019448834331,1.0,11,,,,True
247,1.393215234375,6,True,0.050201839724230535,0.05010183972423053,15.557104911598007,1.0,10,,,,True
248,1.4082140625,0,True,0.036917540276800054,0.03681754027680005,14.955829023797484,1.0,16,,,,True
248,1.4082140625,1,True,0.03934481985696259,0.039244819856962584,15.039734821409667,1.0,15,,,,True
248,1.4082140625,2,True,0.0416922648324598,0.0415922648324598,15.127698070216127,1.0,14,,,,True
248,1.4082140625,3,True,0.043942343469808964,0.04384234346980896,15.258349576317485,1.0,13,,,,True
248,1.4082140625,4,True,0.04610830920788267,0.04600830920788267,15.387971884031455,1.0,12,,,,True
248,1.4082140625,5,True,0.04819911678137956,0.048099116781379556,15.475019448834331,1.0,11,,,,True
248,1.4082140625,6,True,0.050201839724230535,0.05010183972423053,15.557104911598007,1.0,10,,,,True
249,1.423212890625,0,True,0.036917540276800054,0.03681754027680005,14.955829023797484,1.0,16,,,,True
249,1.423212890625,1,True,0.03934481985696259,0.039244819856962584,15.039734821409667,1.0,15,,,,True
249,1.423212890625,2,True,0.0416922648324598,0.0415922648324598,15.127698070216127,1.0,14,,,,True
249,1.423212890625,3,True,0.043942343469808964,0.04384234346980896,15.258349576317485,1.0,13,,,,True
249,1.423212890625,4,True,0.04610830920788267,0.04600830920788267,15.387971884031455,1.0,12,,,,True
249,1.423212890625,5,True,0.04819911678137956,0.048099116781379556,15.475019448834331,1.0,11,,,,True
249,1.423212890625,6,True,0.050201839724230535,0.05010183972423053,15.557104911598007,1.0,10,,,,True
250,1.4382117187499999,0,True,0.036917540276800054,0.03681754027680005,14.955829023797484,1.0,16,,,,True
250,1.4382117187499999,1,True,0.03934481985696259,0.039244819856962584,15.039734821409667,1.0,15,,,,True
250,1.4382117187499999,2,True,0.0416922648324598,0.0415922648324598,15.127698070216127,1.0,14,,,,True
250,1.4382117187499999,3,True,0.043942343469808964,0.04384234346980896,15.258349576317485,1.0,13,,,,True
250,1.4382117187499999,4,True,0.04610830920788267,0.04600830920788267,15.387971884031455,1.0,12,,,,True
250,1.4382117187499999,5,True,0.04819911678137956,0.048099116781379556,15.475019448834331,1.0,11,,,,True
250,1.4382117187499999,6,True,0.050201839724230535,0.05010183972423053,15.557104911598007,1.0,10,,,,True
251,1.4532105468749998,0,True,0.036917540276800054,0.03681754027680005,14.955829023797484,1.0,16,,,,True
251,1.4532105468749998,1,True,0.03934481985696259,0.039244819856962584,15.039734821409667,1.0,15,,,,True
251,1.4532105468749998,2,True,0.0416922648324598,0.0415922648324598,15.127698070216127,1.0,14,,,,True
251,1.4532105468749998,3,True,0.043942343469808964,0.04384234346980896,15.258349576317485,1.0,13,,,,True
251,1.4532105468749998,4,True,0.04610830920788267,0.04600830920788267,15.387971884031455,1.0,12,,,,True
251,1.4532105468749998,5,True,0.04819911678137956,0.048099116781379556,15.475019448834331,1.0,11,,,,True
251,1.4532105468749998,6,True,0.050201839724230535,0.05010183972423053,15.557104911598007,1.0,10,,,,True
252,1.4682093750000003,0,True,0.036917540276800054,0.03681754027680005,14.955829023797484,1.0,16,,,,True
252,1.4682093750000003,1,True,0.03934481985696259,0.039244819856962584,15.039734821409667,1.0,15,,,,True
252,1.4682093750000003,2,True,0.0416922648324598,0.0415922648324598,15.127698070216127,1.0,14,,,,True
252,1.4682093750000003,3,True,0.043942343469808964,0.04384234346980896,15.258349576317485,1.0,13,,,,True
252,1.4682093750000003,4,True,0.04610830920788267,0.04600830920788267,15.387971884031455,1.0,12,,,,True
252,1.4682093750000003,5,True,0.04819911678137956,0.048099116781379556,15.475019448834331,1.0,11,,,,True
252,1.4682093750000003,6,True,0.050201839724230535,0.05010183972423053,15.557104911598007,1.0,10,,,,True
253,1.4832082031250002,0,True,0.036917540276800054,0.03681754027680005,14.955829023797484,1.0,16,,,,True
253,1.4832082031250002,1,True,0.03934481985696259,0.039244819856962584,15.039734821409667,1.0,15,,,,True
253,1.4832082031250002,2,True,0.0416922648324598,0.0415922648324598,15.127698070216127,1.0,14,,,,True
253,1.4832082031250002,3,True,0.043942343469808964,0.04384234346980896,15.258349576317485,1.0,13,,,,True
253,1.4832082031250002,4,True,0.04610830920788267,0.04600830920788267,15.387971884031455,1.0,12,,,,True
253,1.4832082031250002,5,True,0.04819911678137956,0.048099116781379556,15.475019448834331,1.0,11,,,,True
253,1.4832082031250002,6,True,0.050201839724230535,0.05010183972423053,15.557104911598007,1.0,10,,,,True
254,1.4982070312500002,0,True,0.036917540276800054,0.03681754027680005,14.955829023797484,1.0,16,,,,True
254,1.4982070312500002,1,True,0.03934481985696259,0.039244819856962584,15.039734821409667,1.0,15,,,,True
254,1.4982070312500002,2,True,0.0416922648324598,0.0415922648324598,15.127698070216127,1.0,14,,,,True
254,1.4982070312500002,3,True,0.043942343469808964,0.04384234346980896,15.258349576317485,1.0,13,,,,True
254,1.4982070312500002,4,True,0.04610830920788267,0.04600830920788267,15.387971884031455,1.0,12,,,,True
254,1.4982070312500002,5,True,0.04819911678137956,0.048099116781379556,15.475019448834331,1.0,11,,,,True
254,1.4982070312500002,6,True,0.050201839724230535,0.05010183972423053,15.557104911598007,1.0,10,,,,True
255,1.5132058593750002,0,True,0.036917540276800054,0.03681754027680005,14.955829023797484,1.0,16,,,,True
255,1.5132058593750002,1,True,0.03934481985696259,0.039244819856962584,15.039734821409667,1.0,15,,,,True
255,1.5132058593750002,2,True,0.0416922648324598,0.0415922648324598,15.127698070216127,1.0,14,,,,True
255,1.5132058593750002,3,True,0.043942343469808964,0.04384234346980896,15.258349576317485,1.0,13,,,,True
255,1.5132058593750002,4,True,0.04610830920788267,0.04600830920788267,15.387971884031455,1.0,12,,,,True
255,1.5132058593750002,5,True,0.04819911678137956,0.048099116781379556,15.475019448834331,1.0,11,,,,True
255,1.5132058593750002,6,True,0.050201839724230535,0.05010183972423053,15.557104911598007,1.0,10,,,,True
256,1.5282046875000002,0,True,0.036917540276800054,0.03681754027680005,14.955829023797484,1.0,16,,,,True
256,1.5282046875000002,1,True,0.03934481985696259,0.039244819856962584,15.039734821409667,1.0,15,,,,True
256,1.5282046875000002,2,True,0.0416922648324598,0.0415922648324598,15.127698070216127,1.0,14,,,,True
256,1.5282046875000002,3,True,0.043942343469808964,0.04384234346980896,15.258349576317485,1.0,13,,,,True
256,1.5282046875000002,4,True,0.04610830920788267,0.04600830920788267,15.387971884031455,1.0,12,,,,True
256,1.5282046875000002,5,True,0.04819911678137956,0.048099116781379556,15.475019448834331,1.0,11,,,,True
256,1.5282046875000002,6,True,0.050201839724230535,0.05010183972423053,15.557104911598007,1.0,10,,,,True
257,1.5432035156250001,0,True,0.036917540276800054,0.03681754027680005,14.955829023797484,1.0,16,,,,True
257,1.5432035156250001,1,True,0.03934481985696259,0.039244819856962584,15.039734821409667,1.0,15,,,,True
257,1.5432035156250001,2,True,0.0416922648324598,0.0415922648324598,15.127698070216127,1.0,14,,,,True
257,1.5432035156250001,3,True,0.043942343469808964,0.04384234346980896,15.258349576317485,1.0,13,,,,True
257,1.5432035156250001,4,True,0.04610830920788267,0.04600830920788267,15.387971884031455,1.0,12,,,,True
257,1.5432035156250001,5,True,0.04819911678137956,0.048099116781379556,15.475019448834331,1.0,11,,,,True
257,1.5432035156250001,6,True,0.050201839724230535,0.05010183972423053,15.557104911598007,1.0,10,,,,True
258,1.55820234375,0,True,0.036917540276800054,0.03681754027680005,14.955829023797484,1.0,16,,,,True
258,1.55820234375,1,True,0.03934481985696259,0.039244819856962584,15.039734821409667,1.0,15,,,,True
258,1.55820234375,2,True,0.0416922648324598,0.0415922648324598,15.127698070216127,1.0,14,,,,True
258,1.55820234375,3,True,0.043942343469808964,0.04384234346980896,15.258349576317485,1.0,13,,,,True
258,1.55820234375,4,True,0.04610830920788267,0.04600830920788267,15.387971884031455,1.0,12,,,,True
258,1.55820234375,5,True,0.04819911678137956,0.048099116781379556,15.475019448834331,1.0,11,,,,True
258,1.55820234375,6,True,0.050201839724230535,0.05010183972423053,15.557104911598007,1.0,10,,,,True
259,1.573201171875,0,True,0.036917540276800054,0.03681754027680005,14.955829023797484,1.0,16,,,,True
259,1.573201171875,1,True,0.03934481985696259,0.039244819856962584,15.039734821409667,1.0,15,,,,True
259,1.573201171875,2,True,0.0416922648324598,0.0415922648324598,15.127698070216127,1.0,14,,,,True
259,1.573201171875,3,True,0.043942343469808964,0.04384234346980896,15.258349576317485,1.0,13,,,,True
259,1.573201171875,4,True,0.04610830920788267,0.04600830920788267,15.387971884031455,1.0,12,,,,True
259,1.573201171875,5,True,0.04819911678137956,0.048099116781379556,15.475019448834331,1.0,11,,,,True
259,1.573201171875,6,True,0.050201839724230535,0.05010183972423053,15.557104911598007,1.0,10,,,,True
260,1.5882,0,True,0.036917540276800054,0.03681754027680005,14.955829023797484,1.0,16,,,,True
260,1.5882,1,True,0.03934481985696259,0.039244819856962584,15.039734821409667,1.0,15,,,,True
260,1.5882,2,True,0.0416922648324598,0.0415922648324598,15.127698070216127,1.0,14,,,,True
260,1.5882,3,True,0.043942343469808964,0.04384234346980896,15.258349576317485,1.0,13,,,,True
260,1.5882,4,True,0.04610830920788267,0.04600830920788267,15.387971884031455,1.0,12,,,,True
260,1.5882,5,True,0.04819911678137956,0.048099116781379556,15.475019448834331,1.0,11,,,,True
260,1.5882,6,True,0.050201839724230535,0.05010183972423053,15.557104911598007,1.0,10,,,,True
261,-2.069639208984375,0,True,0.06673652214810977,0.06663652214810976,14.942809642542386,0.24108019390781762,0,,,,True
261,-2.069639208984375,1,True,0.0671720962042186,0.0670720962042186,15.02736396579591,0.25978108659773075,0,,,,True
261,-2.069639208984375,2,True,0.06761712949201959,0.06751712949201959,15.115088676630563,0.26026655305377977,0,,,,True
261,-2.069639208984375,3,True,0.06810125587615401,0.06800125587615401,15.245594636917431,0.26077499188642117,0,,,,True
261,-2.069639208984375,4,True,0.06796138023821952,0.06786138023821951,15.374294213779098,0.26129942563632835,0,,,,True
261,-2.069639208984375,5,True,0.06758311774496395,0.06748311774496395,15.461110603624448,0.2616386600453107,0,,,,True
261,-2.069639208984375,6,True,0.06720177092496238,0.06710177092496238,15.543058518330723,0.26196653970957495,0,,,,True
262,-2.06776435546875,0,True,0.06693548644373015,0.06683548644373015,14.942821118561252,0.2411070400506725,0,,,,True
262,-2.06776435546875,1,True,0.06735203898332864,0.06725203898332864,15.027375888652221,0.25978108659773075,0,,,,True
262,-2.06776435546875,2,True,0.06777861649457861,0.06767861649457861,15.115100879403649,0.26026655305377977,0,,,,True
262,-2.06776435546875,3,True,0.06824489391955169,0.06814489391955168,15.245607013103257,0.26077499188642117,0,,,,True
262,-2.06776435546875,4,True,0.06793995212219439,0.06783995212219439,15.374306533796918,0.26129942563632835,0,,,,True
262,-2.06776435546875,5,True,0.06756376398401231,0.06746376398401231,15.461123207121872,0.2616386600453107,0,,,,True
262,-2.06776435546875,6,True,0.06718448696121637,0.06708448696121637,15.543071332498634,0.26196653970957495,0,,,,True
263,-2.0658895019531247,0,True,0.06713445296080334,0.06703445296080333,14.942832598572702,0.24113389083971265,0,,,,True
263,-2.0658895019531247,1,True,0.0675319834854835,0.0674319834854835,15.027387814032643,0.25978108659773075,0,,,,True
263,-2.0658895019531247,2,True,0.0679401047953303,0.0678401047953303,15.115113084702498,0.26026655305377977,0,,,,True
263,-2.0658895019531247,3,True,0.0682966995289429,0.0681966995289429,15.24561939181485,0.26077499188642117,0,,,,True
263,-2.0658895019531247,4,True,0.06791852278997679,0.06781852278997678,15.374318857801029,0.26129942563632835,0,,,,True
263,-2.0658895019531247,5,True,0.06754440933492223,0.06744440933492223,15.461135814600198,0.2616386600453107,0,,,,True
263,-2.0658895019531247,6,True,0.06716720237226959,0.06706720237226958,15.54308415063933,0.26196653970957495,0,,,,True
264,-2.0640146484375,0,True,0.06733342169922718,0.06723342169922718,14.94284408257688,0.24116074627403486,0,,,,True
264,-2.0640146484375,1,True,0.0677119297106441,0.0676119297106441,15.027399741937234,0.25978108659773075,0,,,,True
264,-2.0640146484375,2,True,0.06810159439426977,0.06800159439426977,15.115125292527175,0.26026655305377977,0,,,,True
264,-2.0640146484375,3,True,0.06827319857119374,0.06817319857119374,15.24563177305225,0.26077499188642117,0,,,,True
264,-2.0640146484375,4,True,0.06789709224233675,0.06779709224233675,15.374331185791569,0.26129942563632835,0,,,,True
264,-2.0640146484375,5,True,0.06752505379823415,0.06742505379823414,15.461148426059573,0.2616386600453107,0,,,,True
264,-2.0640146484375,6,True,0.06714991715848129,0.06704991715848128,15.54309697275296,0.26196653970957495,0,,,,True
265,-2.062139794921875,0,True,0.06753239265890842,0.06743239265890842,14.942855570573908,0.2411876063527474,0,,,,True
265,-2.062139794921875,1,True,0.06789187765877092,0.06779187765877091,15.02741167236605,0.25978108659773075,0,,,,True
265,-2.062139794921875,2,True,0.06826308431565886,0.06816308431565886,15.115137502877737,0.26026655305377977,0,,,,True
265,-2.062139794921875,3,True,0.06824969600023856,0.06814969600023855,15.245644156815516,0.26077499188642117,0,,,,True
265,-2.062139794921875,4,True,0.06787566048003413,0.06777566048003413,15.374343517768683,0.26129942563632835,0,,,,True
265,-2.062139794921875,5,True,0.0675056973744832,0.0674056973744832,15.461161041500123,0.2616386600453107,0,,,,True
265,-2.062139794921875,6,True,0.06713263132021519,0.06703263132021518,15.543109798839641,0.26196653970957495,0,,,,True
266,-2.06026494140625,0,True,0.06773136583974004,0.06763136583974004,14.942867062563934,0.2412144710749581,0,,,,True
266,-2.06026494140625,1,True,0.06807182732982442,0.06797182732982442,15.027423605319154,0.25978108659773075,0,,,,True
266,-2.06026494140625,2,True,0.06842457352077647,0.06832457352077646,15.115149715754242,0.26026655305377977,0,,,,True
266,-2.06026494140625,3,True,0.06822619181713518,0.06812619181713518,15.245656543104724,0.26077499188642117,0,,,,True
266,-2.06026494140625,4,True,0.06785422750383674,0.06775422750383674,15.374355853732506,0.26129942563632835,0,,,,True
266,-2.06026494140625,5,True,0.06748634006420273,0.06738634006420273,15.46117366092199,0.2616386600453107,0,,,,True
266,-2.06026494140625,6,True,0.06711534485783055,0.06701534485783055,15.543122628899532,0.26196653970957495,0,,,,True
267,-2.0583900878906247,0,True,0.06793034124162745,0.06783034124162744,14.94287855854709,0.24124134043977713,0,,,,True
267,-2.0583900878906247,1,True,0.06825177872376686,0.06815177872376686,15.027435540796596,0.25978108659773075,0,,,,True
267,-2.0583900878906247,2,True,0.06856831178899059,0.06846831178899059,15.115161931156749,0.26026655305377977,0,,,,True
267,-2.0583900878906247,3,True,0.06820268602294144,0.06810268602294144,15.245668931919921,0.26077499188642117,0,,,,True
267,-2.0583900878906247,4,True,0.06783279331450931,0.06773279331450931,15.374368193683168,0.26129942563632835,0,,,,True
267,-2.0583900878906247,5,True,0.0674669812764499,0.0673669812764499,15.461186292582646,0.2616386600453107,0,,,,True
267,-2.0583900878906247,6,True,0.06709805777168842,0.06699805777168842,15.54313546293276,0.26196653970957495,0,,,,True
268,-2.054640380859375,0,True,0.06832829870816903,0.06822829870816903,14.94290156249333,0.24129509309364897,0,,,,True
268,-2.054640380859375,1,True,0.06861168668016004,0.06851168668016004,15.027459419324746,0.25978108659773075,0,,,,True
268,-2.054640380859375,2,True,0.06851716088410864,0.06841716088410864,15.115186369539993,0.26026655305377977,0,,,,True
268,-2.054640380859375,3,True,0.06815566960551678,0.06805566960551677,15.245693717128518,0.26077499188642117,0,,,,True
268,-2.054640380859375,4,True,0.0677899212995281,0.0676899212995281,15.374392885545554,0.26129942563632835,0,,,,True
268,-2.054640380859375,5,True,0.06742825737437208,0.06732825737437208,15.461211619093682,0.2616386600453107,0,,,,True
268,-2.054640380859375,6,True,0.06706348172957677,0.06696348172957677,15.543161142919793,0.26196653970957495,0,,,,True
269,-2.05276552734375,0,True,0.06852728077262649,0.06842728077262648,14.942913070456687,0.24132197638091263,0,,,,True
269,-2.05276552734375,1,True,0.06879164324253129,0.06869164324253128,15.027471362375572,0.25978108659773075,0,,,,True
269,-2.05276552734375,2,True,0.06849158230960217,0.06839158230960217,15.11519859252085,0.26026655305377977,0,,,,True
269,-2.05276552734375,3,True,0.06813215898440239,0.06803215898440239,15.245706113522036,0.26077499188642117,0,,,,True
269,-2.05276552734375,4,True,0.06776848347540687,0.06766848347540687,15.374405237457566,0.26129942563632835,0,,,,True
269,-2.05276552734375,5,True,0.06740889409662865,0.06730889409662864,15.461224288319748,0.2616386600453107,0,,,,True
269,-2.05276552734375,6,True,0.06704619277432933,0.06694619277432932,15.543173988873868,0.26196653970957495,0,,,,True
270,-2.0508906738281247,0,True,0.06872626505773871,0.06862626505773871,14.942924582413726,0.2413488643072124,0,,,,True
270,-2.0508906738281247,1,True,0.06880820802136212,0.06870820802136211,15.027483307950963,0.25978108659773075,0,,,,True
270,-2.0508906738281247,2,True,0.06846600165561512,0.06836600165561511,15.115210818027938,0.26026655305377977,0,,,,True
270,-2.0508906738281247,3,True,0.06810864675643247,0.06800864675643246,15.245718512441783,0.26077499188642117,0,,,,True
270,-2.0508906738281247,4,True,0.06774704444121804,0.06764704444121804,15.374417593356958,0.26129942563632835,0,,,,True
270,-2.0508906738281247,5,True,0.0673895299351317,0.0672895299351317,15.461236961526366,0.2616386600453107,0,,,,True
270,-2.0508906738281247,6,True,0.06702890319677124,0.06692890319677124,15.543186838801832,0.26196653970957495,0,,,,True
271,-2.0490158203125,0,True,0.068925251563416,0.068825251563416,14.94293609836456,0.24137575687163845,0,,,,True
271,-2.0490158203125,1,True,0.06878056282649281,0.0686805628264928,15.027495256050997,0.25978108659773075,0,,,,True
271,-2.0490158203125,2,True,0.068440418923577,0.06834041892357699,15.11522304606132,0.26026655305377977,0,,,,True
271,-2.0490158203125,3,True,0.06808513292266705,0.06798513292266704,15.245730913887805,0.26077499188642117,0,,,,True
271,-2.0490158203125,4,True,0.0677256041977321,0.0676256041977321,15.374429953243887,0.26129942563632835,0,,,,True
271,-2.0490158203125,5,True,0.06737016489041858,0.06727016489041858,15.46124963871367,0.2616386600453107,0,,,,True
271,-2.0490158203125,6,True,0.06701161299726222,0.06691161299726221,15.543199692703816,0.26196653970957495,0,,,,True
272,-2.047140966796875,0,True,0.06908486721394702,0.06898486721394702,14.942947618309343,0.24140265407330389,0,,,,True
272,-2.047140966796875,1,True,0.06875291500231873,0.06865291500231872,15.027507206675716,0.25978108659773075,0,,,,True
272,-2.047140966796875,2,True,0.06841483411491023,0.06831483411491023,15.115235276621053,0.26026655305377977,0,,,,True
272,-2.047140966796875,3,True,0.06806161748416617,0.06796161748416617,15.245743317860164,0.26077499188642117,0,,,,True
272,-2.047140966796875,4,True,0.06770416274571378,0.06760416274571378,15.374442317118472,0.26129942563632835,0,,,,True
272,-2.047140966796875,5,True,0.06735079896302665,0.06725079896302665,15.461262319881797,0.2616386600453107,0,,,,True
272,-2.047140966796875,6,True,0.06699432217616375,0.06689432217616374,15.543212550579971,0.26196653970957495,0,,,,True
273,-2.04526611328125,0,True,0.06905515999223155,0.06895515999223155,14.942959142248206,0.24142955591130863,0,,,,True
273,-2.04526611328125,1,True,0.0687252645507157,0.0686252645507157,15.02751915982519,0.25978108659773075,0,,,,True
273,-2.04526611328125,2,True,0.06838924723104256,0.06828924723104256,15.115247509707192,0.26026655305377977,0,,,,True
273,-2.04526611328125,3,True,0.06803810044198988,0.06793810044198988,15.245755724358933,0.26077499188642117,0,,,,True
273,-2.04526611328125,4,True,0.0676827200859309,0.0675827200859309,15.374454684980861,0.26129942563632835,0,,,,True
273,-2.04526611328125,5,True,0.06733143215349102,0.06723143215349102,15.46127500503089,0.2616386600453107,0,,,,True
273,-2.04526611328125,6,True,0.0669770307338382,0.0668770307338382,15.543225412430427,0.26196653970957495,0,,,,True
274,-2.0433912597656247,0,True,0.06902544950919998,0.06892544950919997,14.942970670181282,0.24145646238476237,0,,,,True
274,-2.0433912597656247,1,True,0.06869761147355913,0.06859761147355913,15.027531115499466,0.25978108659773075,0,,,,True
274,-2.0433912597656247,2,True,0.06836365827340307,0.06826365827340307,15.115259745319799,0.26026655305377977,0,,,,True
274,-2.0433912597656247,3,True,0.06801458179719866,0.06791458179719866,15.245768133384157,0.26077499188642117,0,,,,True
274,-2.0433912597656247,4,True,0.06766127621915086,0.06756127621915085,15.374467056831179,0.26129942563632835,0,,,,True
274,-2.0433912597656247,5,True,0.0673120644623526,0.0672120644623526,15.46128769416108,0.2616386600453107,0,,,,True
274,-2.0433912597656247,6,True,0.06695973867064753,0.06685973867064753,15.543238278255327,0.26196653970957495,0,,,,True
275,-2.039641552734375,0,True,0.06896601876887276,0.06886601876887276,14.942993738030616,0.2415102892344095,0,,,,True
275,-2.039641552734375,1,True,0.06864229745008954,0.06854229745008954,15.027555034422676,0.25978108659773075,0,,,,True
275,-2.039641552734375,2,True,0.06831247414251251,0.06821247414251251,15.115284224124643,0.26026655305377977,0,,,,True
275,-2.039641552734375,3,True,0.06796753970402092,0.06786753970402092,15.245792959014203,0.26077499188642117,0,,,,True
275,-2.039641552734375,4,True,0.06761838486767013,0.06751838486767013,15.374491812496185,0.26129942563632835,0,,,,True
275,-2.039641552734375,5,True,0.06727332643741146,0.06717332643741146,15.461313084365292,0.2616386600453107,0,,,,True
275,-2.039641552734375,6,True,0.06692515268311539,0.06682515268311538,15.543264021828993,0.26196653970957495,0,,,,True
276,-2.03776669921875,0,True,0.06893629851641636,0.06883629851641636,14.943005277947154,0.24153720960881558,0,,,,True
276,-2.03776669921875,1,True,0.06861463650753441,0.06851463650753441,15.027566997671723,0.25978108659773075,0,,,,True
276,-2.03776669921875,2,True,0.0682868789721236,0.0681868789721236,15.115296467316998,0.26026655305377977,0,,,,True
276,-2.03776669921875,3,True,0.06794401625775581,0.06784401625775581,15.245805375619149,0.26077499188642117,0,,,,True
276,-2.03776669921875,4,True,0.06759693738450556,0.06749693738450556,15.374504196311136,0.26129942563632835,0,,,,True
276,-2.03776669921875,5,True,0.06725395610468476,0.06715395610468476,15.461325785439602,0.2616386600453107,0,,,,True
276,-2.03776669921875,6,True,0.06690785875949867,0.06680785875949867,15.543276899578032,0.26196653970957495,0,,,,True
277,-2.0358918457031248,0,True,0.06890657501232988,0.06880657501232988,14.943016821858443,0.2415641346150767,0,,,,True
277,-2.0358918457031248,1,True,0.06858697294693794,0.06848697294693794,15.02757896344581,0.25978108659773075,0,,,,True
277,-2.0358918457031248,2,True,0.06826128173367385,0.06816128173367385,15.115308713036054,0.26026655305377977,0,,,,True
277,-2.0358918457031248,3,True,0.06792049121312527,0.06782049121312526,15.245817794750785,0.26077499188642117,0,,,,True
277,-2.0358918457031248,4,True,0.06757548869741736,0.06747548869741736,15.374516584114573,0.26129942563632835,0,,,,True
277,-2.0358918457031248,5,True,0.06723458489250511,0.06713458489250511,15.461338490495557,0.2616386600453107,0,,,,True
277,-2.0358918457031248,6,True,0.06689056421646544,0.06679056421646544,15.543289781302061,0.26196653970957495,0,,,,True
278,-2.0340169921875,0,True,0.06887684825903628,0.06877684825903628,14.943028369764626,0.2415910642522967,0,,,,True
278,-2.0340169921875,1,True,0.06855930677017952,0.06845930677017951,15.027590931744994,0.25978108659773075,0,,,,True
278,-2.0340169921875,2,True,0.06823568242859679,0.06813568242859679,15.115320961281865,0.26026655305377977,0,,,,True
278,-2.0340169921875,3,True,0.06789696457119154,0.06779696457119154,15.245830216409175,0.26077499188642117,0,,,,True
278,-2.0340169921875,4,True,0.06755403880717292,0.06745403880717292,15.374528975906635,0.26129942563632835,0,,,,True
278,-2.0340169921875,5,True,0.06721521280141074,0.06711521280141074,15.461351199533286,0.2616386600453107,0,,,,True
278,-2.0340169921875,6,True,0.0668732690543754,0.0667732690543754,15.543302667001221,0.26196653970957495,0,,,,True
279,-2.032142138671875,0,True,0.0688471182589594,0.06874711825895939,14.943039921665843,0.24161799851957524,0,,,,True
279,-2.032142138671875,1,True,0.06853163797914208,0.06843163797914208,15.027602902569337,0.25978108659773075,0,,,,True
279,-2.032142138671875,2,True,0.06821008105832282,0.06811008105832282,15.115333212054498,0.26026655305377977,0,,,,True
279,-2.032142138671875,3,True,0.06787343633301646,0.06777343633301645,15.245842640594367,0.26077499188642117,0,,,,True
279,-2.032142138671875,4,True,0.06753258771454274,0.06743258771454273,15.37454137168745,0.26129942563632835,0,,,,True
279,-2.032142138671875,5,True,0.06719583983194122,0.06709583983194121,15.461363912552947,0.2616386600453107,0,,,,True
279,-2.032142138671875,6,True,0.06685597327359183,0.06675597327359183,15.543315556675648,0.26196653970957495,0,,,,True
280,-2.03026728515625,0,True,0.06881738501452839,0.06871738501452838,14.943051477562221,0.24164493741602153,0,,,,True
280,-2.03026728515625,1,True,0.06850396657570901,0.068403966575709,15.02761487591889,0.25978108659773075,0,,,,True
280,-2.03026728515625,2,True,0.06818447762428326,0.06808447762428325,15.115345465354004,0.26026655305377977,0,,,,True
280,-2.03026728515625,3,True,0.06784990649966627,0.06774990649966627,15.245855067306433,0.26077499188642117,0,,,,True
280,-2.03026728515625,4,True,0.06751113542029374,0.06741113542029374,15.374553771457157,0.26129942563632835,0,,,,True
280,-2.03026728515625,5,True,0.067176465984633,0.067076465984633,15.461376629554664,0.2616386600453107,0,,,,True
280,-2.03026728515625,6,True,0.06683867687447931,0.0667386768744793,15.543328450325468,0.26196653970957495,0,,,,True
281,-2.0283924316406248,0,True,0.06878764852817065,0.06868764852817065,14.9430630374539,0.2416718809407275,0,,,,True
281,-2.0283924316406248,1,True,0.06847629256176102,0.06837629256176102,15.027626851793714,0.25978108659773075,0,,,,True
281,-2.0283924316406248,2,True,0.06815887212791116,0.06805887212791116,15.115357721180441,0.26026655305377977,0,,,,True
281,-2.0283924316406248,3,True,0.06782637507220413,0.06772637507220412,15.245867496545419,0.26077499188642117,0,,,,True
281,-2.0283924316406248,4,True,0.06748968192519733,0.06738968192519733,15.374566175215893,0.26129942563632835,0,,,,True
281,-2.0283924316406248,5,True,0.06715709126002523,0.06705709126002522,15.461389350538571,0.2616386600453107,0,,,,True
281,-2.0283924316406248,6,True,0.06682137985739667,0.06672137985739666,15.543341347950838,0.26196653970957495,0,,,,True
282,-2.024642724609375,0,True,0.06872816583939567,0.06862816583939567,14.943086169223687,0.24172578187132565,0,,,,True
282,-2.024642724609375,1,True,0.06842093670986182,0.06832093670986182,15.027650811119413,0.25978108659773075,0,,,,True
282,-2.024642724609375,2,True,0.06810765495390081,0.0680076549539008,15.115382240414338,0.26026655305377977,0,,,,True
282,-2.024642724609375,3,True,0.06777930743920324,0.06767930743920324,15.245892362604398,0.26077499188642117,0,,,,True
282,-2.024642724609375,4,True,0.06744677133554156,0.06734677133554155,15.374590994701007,0.26129942563632835,0,,,,True
282,-2.024642724609375,5,True,0.06711833918106924,0.06701833918106924,15.461414804453534,0.2616386600453107,0,,,,True
282,-2.024642724609375,6,True,0.06678678397077809,0.06668678397077808,15.543367155128735,0.26196653970957495,0,,,,True
283,-2.02276787109375,0,True,0.06869841964184209,0.06859841964184209,14.94309774110207,0.24175273927541824,0,,,,True
283,-2.02276787109375,1,True,0.06839325487568226,0.06829325487568226,15.027662794570404,0.25978108659773075,0,,,,True
283,-2.02276787109375,2,True,0.06808204327913092,0.06798204327913092,15.115394503821921,0.26026655305377977,0,,,,True
283,-2.02276787109375,3,True,0.06775577123579435,0.06765577123579435,15.245904799424512,0.26077499188642117,0,,,,True
283,-2.02276787109375,4,True,0.06742531424252185,0.06732531424252185,15.37460341042766,0.26129942563632835,0,,,,True
283,-2.02276787109375,5,True,0.0670989618277984,0.0669989618277984,15.461427537384854,0.2616386600453107,0,,,,True
283,-2.02276787109375,6,True,0.0667694851019669,0.0666694851019669,15.54338006468154,0.26196653970957495,0,,,,True
284,-2.020893017578125,0,True,0.06866867021208645,0.06856867021208644,14.943109316976301,0.2417797013041797,0,,,,True
284,-2.020893017578125,1,True,0.06836557043853153,0.06826557043853153,15.027674780546892,0.25978108659773075,0,,,,True
284,-2.020893017578125,2,True,0.06805642954776303,0.06795642954776303,15.115406769756671,0.26026655305377977,0,,,,True
284,-2.020893017578125,3,True,0.06773223344253454,0.06763223344253454,15.245917238771783,0.26077499188642117,0,,,,True
284,-2.020893017578125,4,True,0.06740385595173626,0.06730385595173626,15.374615830143888,0.26129942563632835,0,,,,True
284,-2.020893017578125,5,True,0.06707958359938582,0.06697958359938581,15.461440274298909,0.2616386600453107,0,,,,True
284,-2.020893017578125,6,True,0.06675218561663687,0.06665218561663687,15.543392978210443,0.26196653970957495,0,,,,True
285,-2.0190181640625,0,True,0.06863891755256635,0.06853891755256634,14.943120896846505,0.2418066679567029,0,,,,True
285,-2.0190181640625,1,True,0.0683378834002979,0.06823788340029789,15.027686769048945,0.25978108659773075,0,,,,True
285,-2.0190181640625,2,True,0.06803081376123288,0.06793081376123287,15.115419038218638,0.26026655305377977,0,,,,True
285,-2.0190181640625,3,True,0.06770869406049052,0.06760869406049051,15.245929680646267,0.26077499188642117,0,,,,True
285,-2.0190181640625,4,True,0.0673823964639535,0.0672823964639535,15.374628253849824,0.26129942563632835,0,,,,True
285,-2.0190181640625,5,True,0.06706020449636929,0.06696020449636929,15.46145301519586,0.2616386600453107,0,,,,True
285,-2.0190181640625,6,True,0.06673488551515439,0.06663488551515438,15.543405895715566,0.26196653970957495,0,,,,True
286,-2.0171433105468752,0,True,0.06860916166571673,0.06850916166571673,14.943132480712816,0.24183363923208254,0,,,,True
286,-2.0171433105468752,1,True,0.06831019376286962,0.06821019376286962,15.027698760076614,0.25978108659773075,0,,,,True
286,-2.0171433105468752,2,True,0.06800519592097798,0.06790519592097798,15.115431309207892,0.26026655305377977,0,,,,True
286,-2.0171433105468752,3,True,0.06768515309072898,0.06758515309072897,15.245942125048035,0.26077499188642117,0,,,,True
286,-2.0171433105468752,4,True,0.06736093577994584,0.06726093577994584,15.374640681545614,0.26129942563632835,0,,,,True
286,-2.0171433105468752,5,True,0.06704082451928883,0.06694082451928883,15.461465760075818,0.2616386600453107,0,,,,True
286,-2.0171433105468752,6,True,0.06671758479787782,0.06661758479787781,15.543418817197052,0.26196653970957495,0,,,,True
287,-2.01526845703125,0,True,0.06857940255397699,0.06847940255397698,14.943144068575386,0.24186061512942741,0,,,,True
287,-2.01526845703125,1,True,0.06828250152813764,0.06818250152813764,15.027710753629965,0.25978108659773075,0,,,,True
287,-2.01526845703125,2,True,0.06797957602843274,0.06787957602843274,15.115443582724485,0.26026655305377977,0,,,,True
287,-2.01526845703125,3,True,0.06766161053431574,0.06756161053431574,15.245954571977133,0.26077499188642117,0,,,,True
287,-2.01526845703125,4,True,0.06733947390048645,0.06723947390048644,15.374653113231389,0.26129942563632835,0,,,,True
287,-2.01526845703125,5,True,0.06702144366868623,0.06692144366868623,15.461478508938933,0.2616386600453107,0,,,,True
287,-2.01526845703125,6,True,0.0667002834651731,0.06660028346517309,15.543431742655041,0.26196653970957495,0,,,,True
288,-2.013393603515625,0,True,0.06854964021978516,0.06844964021978515,14.943155660434336,0.24188759564782392,0,,,,True
288,-2.013393603515625,1,True,0.06825480669799289,0.06815480669799288,15.027722749709046,0.25978108659773075,0,,,,True
288,-2.013393603515625,2,True,0.0679539540850369,0.0678539540850369,15.115455858768474,0.26026655305377977,0,,,,True
288,-2.013393603515625,3,True,0.06763806639232106,0.06753806639232106,15.245967021433616,0.26077499188642117,0,,,,True
288,-2.013393603515625,4,True,0.06731801082634314,0.06721801082634314,15.374665548907291,0.26129942563632835,0,,,,True
288,-2.013393603515625,5,True,0.06700206194509795,0.06690206194509794,15.461491261785339,0.2616386600453107,0,,,,True
288,-2.013393603515625,6,True,0.06668298151740348,0.06658298151740348,15.54344467208968,0.26196653970957495,0,,,,True
289,-2.067529998779297,0,True,0.06696035713688042,0.06686035713688042,14.94282255334434,0.241110396145237,0,,,,True
289,-2.067529998779297,1,True,0.06737453195186971,0.0672745319518697,15.027377379186735,0.25978108659773075,0,,,,True
289,-2.067529998779297,2,True,0.06779880246117953,0.06769880246117953,15.115102404927871,0.26026655305377977,0,,,,True
289,-2.067529998779297,3,True,0.06826284874131483,0.06816284874131483,15.24560856030408,0.26077499188642117,0,,,,True
289,-2.067529998779297,4,True,0.0679372735221615,0.0678372735221615,15.374308074079423,0.26129942563632835,0,,,,True
289,-2.067529998779297,5,True,0.06756134470143449,0.06746134470143449,15.46112478283896,0.2616386600453107,0,,,,True
289,-2.067529998779297,6,True,0.06718232642178101,0.06708232642178101,15.543072934548958,0.26196653970957495,0,,,,True
290,-2.0672956420898436,0,True,0.06698522786474115,0.06688522786474115,14.942823988189808,0.241113752312389,0,,,,True
290,-2.0672956420898436,1,True,0.06739702494733368,0.06729702494733368,15.02737886976069,0.25978108659773075,0,,,,True
290,-2.0672956420898436,2,True,0.06781898844806244,0.06771898844806244,15.115103930491568,0.26026655305377977,0,,,,True
290,-2.0672956420898436,3,True,0.0682808035778204,0.0681808035778204,15.245610107544362,0.26077499188642117,0,,,,True
290,-2.0672956420898436,4,True,0.06793459490312825,0.06783459490312825,15.374309614424226,0.26129942563632835,0,,,,True
290,-2.0672956420898436,5,True,0.0675589254049811,0.0674589254049811,15.461126358618234,0.2616386600453107,0,,,,True
290,-2.0672956420898436,6,True,0.06718016587257836,0.06708016587257835,15.543074536661356,0.26196653970957495,0,,,,True
291,-2.0670612854003902,0,True,0.06701009862731055,0.06691009862731055,14.94282542309766,0.24111710855213855,0,,,,True
291,-2.0670612854003902,1,True,0.06741951796972057,0.06731951796972056,15.027380360374085,0.25978108659773075,0,,,,True
291,-2.0670612854003902,2,True,0.06783917445523047,0.06773917445523046,15.115105456094724,0.26026655305377977,0,,,,True
291,-2.0670612854003902,3,True,0.0682987584290693,0.06819875842906929,15.245611654824117,0.26077499188642117,0,,,,True
291,-2.0670612854003902,4,True,0.06793191626509376,0.06783191626509376,15.374311154831304,0.26129942563632835,0,,,,True
291,-2.0670612854003902,5,True,0.06755650609465302,0.06745650609465302,15.461127934459723,0.2616386600453107,0,,,,True
291,-2.0670612854003902,6,True,0.06717800531360707,0.06707800531360707,15.543076138835826,0.26196653970957495,0,,,,True
292,-2.0668269287109373,0,True,0.0670349694245913,0.0669349694245913,14.942826858067894,0.24112046486447752,0,,,,True
292,-2.0668269287109373,1,True,0.06744201101902858,0.06734201101902858,15.027381851026917,0.25978108659773075,0,,,,True
292,-2.0668269287109373,2,True,0.06785936048268182,0.06775936048268182,15.115106981737348,0.26026655305377977,0,,,,True
292,-2.0668269287109373,3,True,0.068308449402537,0.068208449402537,15.245613202143325,0.26077499188642117,0,,,,True
292,-2.0668269287109373,4,True,0.06792923760806158,0.06782923760806157,15.374312695300677,0.26129942563632835,0,,,,True
292,-2.0668269287109373,5,True,0.06755408677045027,0.06745408677045027,15.461129510363415,0.2616386600453107,0,,,,True
292,-2.0668269287109373,6,True,0.06717584474486982,0.06707584474486981,15.543077741072377,0.26196653970957495,0,,,,True
293,-2.0665925720214844,0,True,0.06705984025658118,0.06695984025658118,14.942828293100519,0.24112382124940654,0,,,,True
293,-2.0665925720214844,1,True,0.06746450409525862,0.06736450409525861,15.02738334171919,0.25978108659773075,0,,,,True
293,-2.0665925720214844,2,True,0.06787954653041695,0.06777954653041694,15.115108507419437,0.26026655305377977,0,,,,True
293,-2.0665925720214844,3,True,0.06830551197198043,0.06820551197198042,15.24561474950201,0.26077499188642117,0,,,,True
293,-2.0665925720214844,4,True,0.06792655893203214,0.06782655893203214,15.374314235832337,0.26129942563632835,0,,,,True
293,-2.0665925720214844,5,True,0.06755166743237595,0.06745166743237595,15.461131086329312,0.2616386600453107,0,,,,True
293,-2.0665925720214844,6,True,0.0671736841663666,0.0670736841663666,15.543079343370998,0.26196653970957495,0,,,,True
294,-2.066358215332031,0,True,0.06708471112328018,0.06698471112328018,14.942829728195523,0.24112717770692196,0,,,,True
294,-2.066358215332031,1,True,0.067486997198412,0.067386997198412,15.027384832450899,0.25978108659773075,0,,,,True
294,-2.066358215332031,2,True,0.06789973259843629,0.06779973259843629,15.115110033140995,0.26026655305377977,0,,,,True
294,-2.066358215332031,3,True,0.06830257451619381,0.06820257451619381,15.24561629690016,0.26077499188642117,0,,,,True
294,-2.066358215332031,4,True,0.06792388023700768,0.06782388023700768,15.374315776426274,0.26129942563632835,0,,,,True
294,-2.066358215332031,5,True,0.06754924808042873,0.06744924808042872,15.4611326623574,0.2616386600453107,0,,,,True
294,-2.066358215332031,6,True,0.06717152357809919,0.06707152357809919,15.543080945731697,0.26196653970957495,0,,,,True
295,-2.0661238586425776,0,True,0.06710958202468653,0.06700958202468653,14.942831163352922,0.24113053423702496,0,,,,True
295,-2.0661238586425776,1,True,0.06750949032848652,0.06740949032848652,15.027386323222053,0.25978108659773075,0,,,,True
295,-2.0661238586425776,2,True,0.06791991868674208,0.06781991868674207,15.115111558902012,0.26026655305377977,0,,,,True
295,-2.0661238586425776,3,True,0.0682996370351816,0.0681996370351816,15.245617844337763,0.26077499188642117,0,,,,True
295,-2.0661238586425776,4,True,0.06792120152298864,0.06782120152298864,15.374317317082511,0.26129942563632835,0,,,,True
295,-2.0661238586425776,5,True,0.06754682871461082,0.06744682871461082,15.4611342384477,0.2616386600453107,0,,,,True
295,-2.0661238586425776,6,True,0.06716936298006582,0.06706936298006581,15.543082548154473,0.26196653970957495,0,,,,True
296,-2.0656551452636718,0,True,0.06715932393162882,0.06705932393162882,14.942834033854869,0.24113724751498125,0,,,,True
296,-2.0656551452636718,1,True,0.0675544766694034,0.0674544766694034,15.027389304882671,0.25978108659773075,0,,,,True
296,-2.0656551452636718,2,True,0.06796029092420319,0.06786029092420319,15.11511461054245,0.26026655305377977,0,,,,True
296,-2.0656551452636718,3,True,0.0682937619974826,0.0681937619974826,15.245620939331388,0.26077499188642117,0,,,,True
296,-2.0656551452636718,4,True,0.06791584403797479,0.06781584403797479,15.374320398581837,0.26129942563632835,0,,,,True
296,-2.0656551452636718,5,True,0.06754198994136695,0.06744198994136695,15.461137390814908,0.2616386600453107,0,,,,True
296,-2.0656551452636718,6,True,0.06716504175470916,0.06706504175470916,15.543085753186265,0.26196653970957495,0,,,,True
297,-2.0654207885742184,0,True,0.06718419493716166,0.06708419493716165,14.942835469199427,0.2411406042628322,0,,,,True
297,-2.0654207885742184,1,True,0.06757696988024398,0.06747696988024397,15.027390795772146,0.25978108659773075,0,,,,True
297,-2.0654207885742184,2,True,0.0679804770733603,0.0678804770733603,15.115116136421868,0.26026655305377977,0,,,,True
297,-2.0654207885742184,3,True,0.06829082444080203,0.06819082444080203,15.245622486887399,0.26077499188642117,0,,,,True
297,-2.0654207885742184,4,True,0.06791316526698443,0.06781316526698443,15.374321939424929,0.26129942563632835,0,,,,True
297,-2.0654207885742184,5,True,0.06753957053394322,0.06743957053394321,15.461138967091815,0.2616386600453107,0,,,,True
297,-2.0654207885742184,6,True,0.06716288112738722,0.06706288112738722,15.543087355795276,0.26196653970957495,0,,,,True
298,-2.0651864318847655,0,True,0.06720906597740228,0.06710906597740228,14.942836904606366,0.24114396108326502,0,,,,True
298,-2.0651864318847655,1,True,0.06759946311800524,0.06749946311800524,15.027392286701065,0.25978108659773075,0,,,,True
298,-2.0651864318847655,2,True,0.06800066324280074,0.06790066324280074,15.115117662340758,0.26026655305377977,0,,,,True
298,-2.0651864318847655,3,True,0.06828788685890252,0.06818788685890252,15.245624034482876,0.26077499188642117,0,,,,True
298,-2.0651864318847655,4,True,0.06791048647700304,0.06781048647700304,15.374323480330315,0.26129942563632835,0,,,,True
298,-2.0651864318847655,5,True,0.0675371511126519,0.0674371511126519,15.461140543430927,0.2616386600453107,0,,,,True
298,-2.0651864318847655,6,True,0.06716072049030286,0.06706072049030286,15.54308895846636,0.26196653970957495,0,,,,True
299,-2.065186431884765,0,True,0.06720906597740228,0.06710906597740228,14.942836904606365,0.24114396108326497,0,,,,True
299,-2.065186431884765,1,True,0.06759946311800524,0.06749946311800524,15.027392286701065,0.25978108659773075,0,,,,True
299,-2.065186431884765,2,True,0.06800066324280074,0.06790066324280074,15.115117662340758,0.26026655305377977,0,,,,True
299,-2.065186431884765,3,True,0.06828788685890252,0.06818788685890252,15.245624034482876,0.26077499188642117,0,,,,True
299,-2.065186431884765,4,True,0.06791048647700304,0.06781048647700304,15.374323480330315,0.26129942563632835,0,,,,True
299,-2.065186431884765,5,True,0.0675371511126519,0.0674371511126519,15.461140543430927,0.2616386600453107,0,,,,True
299,-2.065186431884765,6,True,0.06716072049030286,0.06706072049030286,15.54308895846636,0.26196653970957495,0,,,,True
300,-2.064952075195312,0,True,0.06723393705235159,0.06713393705235159,14.942838340075696,0.24114731797627223,0,,,,True
300,-2.064952075195312,1,True,0.0676219563826912,0.06752195638269119,15.027393777669413,0.25978108659773075,0,,,,True
300,-2.064952075195312,2,True,0.06802084943252673,0.06792084943252673,15.115119188299104,0.26026655305377977,0,,,,True
300,-2.064952075195312,3,True,0.06828494925178452,0.06818494925178452,15.245625582117814,0.26077499188642117,0,,,,True
300,-2.064952075195312,4,True,0.06790780766803728,0.06780780766803728,15.374325021297992,0.26129942563632835,0,,,,True
300,-2.064952075195312,5,True,0.06753473167749613,0.06743473167749613,15.461142119832246,0.2616386600453107,0,,,,True
300,-2.064952075195312,6,True,0.06715855984345787,0.06705855984345786,15.543090561199522,0.26196653970957495,0,,,,True
301,-2.064717718505859,0,True,0.06725880816201046,0.06715880816201046,14.94283977560741,0.24115067494185216,0,,,,True
301,-2.064717718505859,1,True,0.06764444967429872,0.06754444967429872,15.027395268677202,0.25978108659773075,0,,,,True
301,-2.064717718505859,2,True,0.06804103564253694,0.06794103564253694,15.115120714296918,0.26026655305377977,0,,,,True
301,-2.064717718505859,3,True,0.0682820116194538,0.0681820116194538,15.245627129792222,0.26077499188642117,0,,,,True
301,-2.064717718505859,4,True,0.06790512884008582,0.06780512884008581,15.374326562327951,0.26129942563632835,0,,,,True
301,-2.064717718505859,5,True,0.067532312228475,0.067432312228475,15.461143696295776,0.2616386600453107,0,,,,True
301,-2.064717718505859,6,True,0.06715639918685268,0.06705639918685267,15.543092163994759,0.26196653970957495,0,,,,True
302,-2.0644833618164062,0,True,0.06728367930637535,0.06718367930637535,14.94284121120151,0.24115403198000795,0,,,,True
302,-2.0644833618164062,1,True,0.06766694299282516,0.06756694299282516,15.027396759724446,0.25978108659773075,0,,,,True
302,-2.0644833618164062,2,True,0.06806122187283092,0.06796122187283092,15.115122240334204,0.26026655305377977,0,,,,True
302,-2.0644833618164062,3,True,0.06827907396190991,0.0681790739619099,15.245628677506096,0.26077499188642117,0,,,,True
302,-2.0644833618164062,4,True,0.06790244999315131,0.06780244999315131,15.374328103420197,0.26129942563632835,0,,,,True
302,-2.0644833618164062,5,True,0.0675298927655903,0.06742989276559029,15.461145272821504,0.2616386600453107,0,,,,True
302,-2.0644833618164062,6,True,0.06715423852048774,0.06705423852048774,15.543093766852078,0.26196653970957495,0,,,,True
303,-2.064483361816406,0,True,0.06728367930637535,0.06718367930637535,14.94284121120151,0.24115403198000815,0,,,,True
303,-2.064483361816406,1,True,0.06766694299282516,0.06756694299282516,15.027396759724446,0.25978108659773075,0,,,,True
303,-2.064483361816406,2,True,0.06806122187283092,0.06796122187283092,15.115122240334204,0.26026655305377977,0,,,,True
303,-2.064483361816406,3,True,0.06827907396190991,0.0681790739619099,15.245628677506096,0.26077499188642117,0,,,,True
303,-2.064483361816406,4,True,0.06790244999315131,0.06780244999315131,15.374328103420197,0.26129942563632835,0,,,,True
303,-2.064483361816406,5,True,0.0675298927655903,0.06742989276559029,15.461145272821504,0.2616386600453107,0,,,,True
303,-2.064483361816406,6,True,0.06715423852048774,0.06705423852048774,15.543093766852078,0.26196653970957495,0,,,,True
304,-2.064249005126953,0,True,0.06730855048544893,0.06720855048544892,14.942842646857997,0.24115738909073547,0,,,,True
304,-2.064249005126953,1,True,0.06768943633827362,0.06758943633827362,15.027398250811117,0.25978108659773075,0,,,,True
304,-2.064249005126953,2,True,0.06808140812340735,0.06798140812340735,15.115123766410964,0.26026655305377977,0,,,,True
304,-2.064249005126953,3,True,0.06827613627915552,0.06817613627915552,15.245630225259443,0.26077499188642117,0,,,,True
304,-2.064249005126953,4,True,0.06789977112723378,0.06779977112723377,15.37432964457474,0.26129942563632835,0,,,,True
304,-2.064249005126953,5,True,0.06752747328884334,0.06742747328884334,15.461146849409433,0.2616386600453107,0,,,,True
304,-2.064249005126953,6,True,0.06715207784436439,0.06705207784436439,15.543095369771478,0.26196653970957495,0,,,,True
305,-2.0642490051269524,0,True,0.06730855048544893,0.06720855048544892,14.942842646857997,0.24115738909073547,0,,,,True
305,-2.0642490051269524,1,True,0.06768943633827362,0.06758943633827362,15.027398250811117,0.25978108659773075,0,,,,True
305,-2.0642490051269524,2,True,0.06808140812340735,0.06798140812340735,15.115123766410964,0.26026655305377977,0,,,,True
305,-2.0642490051269524,3,True,0.06827613627915552,0.06817613627915552,15.245630225259443,0.26077499188642117,0,,,,True
305,-2.0642490051269524,4,True,0.06789977112723378,0.06779977112723377,15.37432964457474,0.26129942563632835,0,,,,True
305,-2.0642490051269524,5,True,0.06752747328884334,0.06742747328884334,15.461146849409431,0.2616386600453107,0,,,,True
305,-2.0642490051269524,6,True,0.06715207784436439,0.06705207784436439,15.543095369771478,0.26196653970957495,0,,,,True
306,-2.0640146484375004,0,True,0.06733342169922718,0.06723342169922718,14.942844082576881,0.24116074627403486,0,,,,True
306,-2.0640146484375004,1,True,0.06771192971064366,0.06761192971064366,15.027399741937234,0.25978108659773075,0,,,,True
306,-2.0640146484375004,2,True,0.06810159439426977,0.06800159439426977,15.115125292527175,0.26026655305377977,0,,,,True
306,-2.0640146484375004,3,True,0.06827319857119374,0.06817319857119374,15.245631773052247,0.26077499188642117,0,,,,True
306,-2.0640146484375004,4,True,0.06789709224233675,0.06779709224233675,15.374331185791569,0.26129942563632835,0,,,,True
306,-2.0640146484375004,5,True,0.06752505379823415,0.06742505379823414,15.461148426059573,0.2616386600453107,0,,,,True
306,-2.0640146484375004,6,True,0.06714991715848129,0.06704991715848128,15.54309697275296,0.26196653970957495,0,,,,True
307,-2.0640146484374995,0,True,0.06733342169922718,0.06723342169922718,14.94284408257688,0.24116074627403492,0,,,,True
307,-2.0640146484374995,1,True,0.0677119297106441,0.0676119297106441,15.027399741937234,0.25978108659773075,0,,,,True
307,-2.0640146484374995,2,True,0.06810159439426977,0.06800159439426977,15.115125292527175,0.26026655305377977,0,,,,True
307,-2.0640146484374995,3,True,0.06827319857119374,0.06817319857119374,15.245631773052247,0.26077499188642117,0,,,,True
307,-2.0640146484374995,4,True,0.06789709224233675,0.06779709224233675,15.374331185791569,0.26129942563632835,0,,,,True
307,-2.0640146484374995,5,True,0.06752505379823415,0.06742505379823414,15.461148426059573,0.2616386600453107,0,,,,True
307,-2.0640146484374995,6,True,0.06714991715848129,0.06704991715848128,15.54309697275296,0.26196653970957495,0,,,,True
308,-2.0637802917480474,0,True,0.06735829294771545,0.06725829294771545,14.942845518358144,0.2411641035299006,0,,,,True
308,-2.0637802917480474,1,True,0.0677344231099366,0.0676344231099366,15.02740123310279,0.25978108659773075,0,,,,True
308,-2.0637802917480474,2,True,0.06812178068541463,0.06802178068541463,15.115126818682867,0.26026655305377977,0,,,,True
308,-2.0637802917480474,3,True,0.06827026083802368,0.06817026083802367,15.245633320884519,0.26077499188642117,0,,,,True
308,-2.0637802917480474,4,True,0.0678944133384598,0.0677944133384598,15.374332727070694,0.26129942563632835,0,,,,True
308,-2.0637802917480474,5,True,0.0675226342937667,0.0674226342937667,15.461150002771921,0.2616386600453107,0,,,,True
308,-2.0637802917480474,6,True,0.06714775646284243,0.06704775646284243,15.543098575796513,0.26196653970957495,0,,,,True
309,-2.063780291748047,0,True,0.06735829294771545,0.06725829294771545,14.942845518358144,0.2411641035299006,0,,,,True
309,-2.063780291748047,1,True,0.0677344231099366,0.0676344231099366,15.02740123310279,0.25978108659773075,0,,,,True
309,-2.063780291748047,2,True,0.06812178068541463,0.06802178068541463,15.115126818682867,0.26026655305377977,0,,,,True
309,-2.063780291748047,3,True,0.06827026083802368,0.06817026083802367,15.245633320884519,0.26077499188642117,0,,,,True
309,-2.063780291748047,4,True,0.0678944133384598,0.0677944133384598,15.374332727070694,0.26129942563632835,0,,,,True
309,-2.063780291748047,5,True,0.0675226342937667,0.0674226342937667,15.46115000277192,0.2616386600453107,0,,,,True
309,-2.063780291748047,6,True,0.06714775646284243,0.06704775646284243,15.543098575796513,0.26196653970957495,0,,,,True
310,-2.063545935058594,0,True,0.06738316423091062,0.06728316423091062,14.942846954201798,0.24116746085833266,0,,,,True
310,-2.063545935058594,1,True,0.06775691653614935,0.06765691653614934,15.027402724307787,0.25978108659773075,0,,,,True
310,-2.063545935058594,2,True,0.0681419669968455,0.06804196699684549,15.115128344878014,0.26026655305377977,0,,,,True
310,-2.063545935058594,3,True,0.06826732307965022,0.06816732307965022,15.245634868756264,0.26077499188642117,0,,,,True
310,-2.063545935058594,4,True,0.06789173441560559,0.06779173441560558,15.3743342684121,0.26129942563632835,0,,,,True
310,-2.063545935058594,5,True,0.06752021477543835,0.06742021477543834,15.46115157954647,0.2616386600453107,0,,,,True
310,-2.063545935058594,6,True,0.06714559575744605,0.06704559575744605,15.543100178902147,0.26196653970957495,0,,,,True
311,-2.0635459350585936,0,True,0.06738316423091062,0.06728316423091062,14.942846954201798,0.24116746085833266,0,,,,True
311,-2.0635459350585936,1,True,0.06775691653614935,0.06765691653614934,15.027402724307787,0.25978108659773075,0,,,,True
311,-2.0635459350585936,2,True,0.0681419669968455,0.06804196699684549,15.115128344878014,0.26026655305377977,0,,,,True
311,-2.0635459350585936,3,True,0.06826732307965022,0.06816732307965022,15.245634868756264,0.26077499188642117,0,,,,True
311,-2.0635459350585936,4,True,0.06789173441560559,0.06779173441560558,15.3743342684121,0.26129942563632835,0,,,,True
311,-2.0635459350585936,5,True,0.06752021477543835,0.06742021477543834,15.46115157954647,0.2616386600453107,0,,,,True
311,-2.0635459350585936,6,True,0.06714559575744605,0.06704559575744605,15.543100178902147,0.26196653970957495,0,,,,True
312,-2.0633115783691407,0,True,0.06740803554881047,0.06730803554881047,14.94284839010784,0.24117081825933281,0,,,,True
312,-2.0633115783691407,1,True,0.06777940998928456,0.06767940998928455,15.027404215552231,0.25978108659773075,0,,,,True
312,-2.0633115783691407,2,True,0.06816215332856146,0.06806215332856146,15.115129871112629,0.26026655305377977,0,,,,True
312,-2.0633115783691407,3,True,0.06826438529607515,0.06816438529607514,15.24563641666747,0.26077499188642117,0,,,,True
312,-2.0633115783691407,4,True,0.06788905547377544,0.06778905547377544,15.374335809815808,0.26129942563632835,0,,,,True
312,-2.0633115783691407,5,True,0.06751779524325219,0.06741779524325218,15.46115315638323,0.2616386600453107,0,,,,True
312,-2.0633115783691407,6,True,0.06714343504229259,0.06704343504229258,15.543101782069868,0.26196653970957495,0,,,,True
313,-2.0630772216796878,0,True,0.06743290690141812,0.06733290690141812,14.94284982607628,0.2411741757328956,0,,,,True
313,-2.0630772216796878,1,True,0.0678019034693409,0.0677019034693409,15.027405706836106,0.25978108659773075,0,,,,True
313,-2.0630772216796878,2,True,0.06818233968055942,0.06808233968055942,15.115131397386715,0.26026655305377977,0,,,,True
313,-2.0630772216796878,3,True,0.06826144748729979,0.06816144748729978,15.245637964618147,0.26077499188642117,0,,,,True
313,-2.0630772216796878,4,True,0.06788637651297025,0.06778637651297025,15.374337351281799,0.26129942563632835,0,,,,True
313,-2.0630772216796878,5,True,0.06751537569720822,0.06741537569720822,15.4611547332822,0.2616386600453107,0,,,,True
313,-2.0630772216796878,6,True,0.06714127431738603,0.06704127431738603,15.54310338529966,0.26196653970957495,0,,,,True
314,-2.062842864990235,0,True,0.0674577782887309,0.0673577782887309,14.9428512621071,0.2411775332790235,0,,,,True
314,-2.062842864990235,1,True,0.06782439697631615,0.06772439697631615,15.027407198159434,0.25978108659773075,0,,,,True
314,-2.062842864990235,2,True,0.06820252605284338,0.06810252605284338,15.11513292370027,0.26026655305377977,0,,,,True
314,-2.062842864990235,3,True,0.0682585096533268,0.0681585096533268,15.245639512608289,0.26077499188642117,0,,,,True
314,-2.062842864990235,4,True,0.06788369753319135,0.06778369753319134,15.374338892810087,0.26129942563632835,0,,,,True
314,-2.062842864990235,5,True,0.06751295613730868,0.06741295613730867,15.461156310243366,0.2616386600453107,0,,,,True
314,-2.062842864990235,6,True,0.06713911358272329,0.06703911358272328,15.543104988591532,0.26196653970957495,0,,,,True
315,-2.0628428649902344,0,True,0.0674577782887309,0.0673577782887309,14.9428512621071,0.2411775332790235,0,,,,True
315,-2.0628428649902344,1,True,0.06782439697631615,0.06772439697631615,15.027407198159434,0.25978108659773075,0,,,,True
315,-2.0628428649902344,2,True,0.06820252605284338,0.06810252605284338,15.11513292370027,0.26026655305377977,0,,,,True
315,-2.0628428649902344,3,True,0.0682585096533268,0.0681585096533268,15.245639512608289,0.26077499188642117,0,,,,True
315,-2.0628428649902344,4,True,0.06788369753319135,0.06778369753319134,15.374338892810087,0.26129942563632835,0,,,,True
315,-2.0628428649902344,5,True,0.06751295613730868,0.06741295613730867,15.461156310243366,0.2616386600453107,0,,,,True
315,-2.0628428649902344,6,True,0.06713911358272329,0.06703911358272328,15.543104988591532,0.26196653970957495,0,,,,True
316,-2.0626085083007815,0,True,0.06748264971075146,0.06738264971075146,14.942852698200308,0.2411808908977045,0,,,,True
316,-2.0626085083007815,1,True,0.06784689051021298,0.06774689051021297,15.0274086895222,0.25978108659773075,0,,,,True
316,-2.0626085083007815,2,True,0.06822271221714526,0.06812271221714526,15.115134450053297,0.26026655305377977,0,,,,True
316,-2.0626085083007815,3,True,0.06825557179415664,0.06815557179415664,15.245641060637901,0.26077499188642117,0,,,,True
316,-2.0626085083007815,4,True,0.06788101853444273,0.06778101853444272,15.37434043440066,0.26129942563632835,0,,,,True
316,-2.0626085083007815,5,True,0.06751053656355399,0.06741053656355399,15.461157887266744,0.2616386600453107,0,,,,True
316,-2.0626085083007815,6,True,0.06713695283830745,0.06703695283830745,15.543106591945493,0.26196653970957495,0,,,,True
317,-2.062374151611328,0,True,0.06750752116747671,0.06740752116747671,14.942854134355914,0.24118424858894885,0,,,,True
317,-2.062374151611328,1,True,0.06786938407103094,0.06776938407103093,15.027410180924402,0.25978108659773075,0,,,,True
317,-2.062374151611328,2,True,0.06824289825626328,0.06814289825626328,15.115135976445783,0.26026655305377977,0,,,,True
317,-2.062374151611328,3,True,0.06825263390979286,0.06815263390979286,15.245642608706977,0.26077499188642117,0,,,,True
317,-2.062374151611328,4,True,0.06787833951672351,0.0677783395167235,15.374341976053525,0.26129942563632835,0,,,,True
317,-2.062374151611328,5,True,0.06750811697594461,0.06740811697594461,15.461159464352328,0.2616386600453107,0,,,,True
317,-2.062374151611328,6,True,0.06713479208413675,0.06703479208413675,15.543108195361526,0.26196653970957495,0,,,,True
318,-2.0619054382324222,0,True,0.06755726418504437,0.06745726418504437,14.94285700685429,0.2411909641891009,0,,,,True
318,-2.0619054382324222,1,True,0.06791437127343114,0.06781437127343114,15.02741316384714,0.25978108659773075,0,,,,True
318,-2.0619054382324222,2,True,0.06828327039533066,0.06818327039533066,15.115139029349162,0.26026655305377977,0,,,,True
318,-2.0619054382324222,3,True,0.06824675806549241,0.0681467580654924,15.245645704963533,0.26077499188642117,0,,,,True
318,-2.0619054382324222,4,True,0.06787298142437947,0.06777298142437947,15.374345059546137,0.26129942563632835,0,,,,True
318,-2.0619054382324222,5,True,0.06750327775916931,0.06740327775916931,15.461162618710123,0.2616386600453107,0,,,,True
318,-2.0619054382324222,6,True,0.06713047054654142,0.06703047054654142,15.543111402379843,0.26196653970957495,0,,,,True
319,-2.061671081542969,0,True,0.06758213574588723,0.06748213574588723,14.942858443197068,0.2411943220980065,0,,,,True
319,-2.061671081542969,1,True,0.06793686491501072,0.06783686491501072,15.027414655367672,0.25978108659773075,0,,,,True
319,-2.061671081542969,2,True,0.06830345649527825,0.06820345649527824,15.115140555860059,0.26026655305377977,0,,,,True
319,-2.061671081542969,3,True,0.0682438201055593,0.06814382010555929,15.245647253151013,0.26077499188642117,0,,,,True
319,-2.061671081542969,4,True,0.06787030234975733,0.06777030234975732,15.37434660138588,0.26129942563632835,0,,,,True
319,-2.061671081542969,5,True,0.06750085813000428,0.06740085813000428,15.461164195982338,0.2616386600453107,0,,,,True
319,-2.061671081542969,6,True,0.06712830976311501,0.06702830976311501,15.543113005982129,0.26196653970957495,0,,,,True
320,-2.0614367248535155,0,True,0.06760700734143343,0.06750700734143343,14.942859879602233,0.24119768007946507,0,,,,True
320,-2.0614367248535155,1,True,0.06795935858351276,0.06785935858351276,15.027416146927646,0.25978108659773075,0,,,,True
320,-2.0614367248535155,2,True,0.06832364261550339,0.06822364261550339,15.115142082410419,0.26026655305377977,0,,,,True
320,-2.0614367248535155,3,True,0.068240882120441,0.06814088212044099,15.245648801377964,0.26077499188642117,0,,,,True
320,-2.0614367248535155,4,True,0.06786762325617302,0.06776762325617301,15.374348143287914,0.26129942563632835,0,,,,True
320,-2.0614367248535155,5,True,0.06749843848698767,0.06739843848698766,15.461165773316763,0.2616386600453107,0,,,,True
320,-2.0614367248535155,6,True,0.0671261489699404,0.0670261489699404,15.543114609646487,0.26196653970957495,0,,,,True
321,-2.0612023681640625,0,True,0.06763187897168654,0.06753187897168654,14.942861316069788,0.2412010381334705,0,,,,True
321,-2.0612023681640625,1,True,0.0679818522789355,0.06788185227893549,15.027417638527059,0.25978108659773075,0,,,,True
321,-2.0612023681640625,2,True,0.06834382875600653,0.06824382875600653,15.115143609000242,0.26026655305377977,0,,,,True
321,-2.0612023681640625,3,True,0.06823794411013795,0.06813794411013795,15.245650349644377,0.26077499188642117,0,,,,True
321,-2.0612023681640625,4,True,0.06786494414362476,0.06776494414362476,15.374349685252247,0.26129942563632835,0,,,,True
321,-2.0612023681640625,5,True,0.06749601883012568,0.06739601883012568,15.461167350713385,0.2616386600453107,0,,,,True
321,-2.0612023681640625,6,True,0.06712398816701537,0.06702398816701537,15.54311621337293,0.26196653970957495,0,,,,True
322,-2.0609680114746096,0,True,0.06765675063664212,0.06755675063664211,14.94286275259974,0.24120439626002563,0,,,,True
322,-2.0609680114746096,1,True,0.0680043460012767,0.06790434600127669,15.027419130165917,0.25978108659773075,0,,,,True
322,-2.0609680114746096,2,True,0.06836401491678412,0.06826401491678412,15.11514513562954,0.26026655305377977,0,,,,True
322,-2.0609680114746096,3,True,0.06823500607465505,0.06813500607465504,15.245651897950264,0.26077499188642117,0,,,,True
322,-2.0609680114746096,4,True,0.06786226501211523,0.06776226501211523,15.374351227278877,0.26129942563632835,0,,,,True
322,-2.0609680114746096,5,True,0.06749359915941344,0.06739359915941344,15.46116892817222,0.2616386600453107,0,,,,True
322,-2.0609680114746096,6,True,0.06712182735434125,0.06702182735434124,15.543117817161459,0.26196653970957495,0,,,,True
323,-2.0607336547851562,0,True,0.06768162233630504,0.06758162233630503,14.942864189192079,0.24120775445912632,0,,,,True
323,-2.0607336547851562,1,True,0.06802683975053858,0.06792683975053858,15.027420621844222,0.25978108659773075,0,,,,True
323,-2.0607336547851562,2,True,0.06838420109783794,0.06828420109783793,15.115146662298308,0.26026655305377977,0,,,,True
323,-2.0607336547851562,3,True,0.0682320680139914,0.0681320680139914,15.245653446295616,0.26077499188642117,0,,,,True
323,-2.0607336547851562,4,True,0.06785958586164753,0.06775958586164753,15.374352769367782,0.26129942563632835,0,,,,True
323,-2.0607336547851562,5,True,0.06749117947485539,0.06739117947485539,15.461170505693271,0.2616386600453107,0,,,,True
323,-2.0607336547851562,6,True,0.06711966653191759,0.06701966653191758,15.543119421012072,0.26196653970957495,0,,,,True
324,-2.060499298095703,0,True,0.06770649407067042,0.06760649407067042,14.942865625846808,0.241211112730772,0,,,,True
324,-2.060499298095703,1,True,0.06804933352672204,0.06794933352672204,15.027422113561965,0.25978108659773075,0,,,,True
324,-2.060499298095703,2,True,0.06840438729916931,0.06830438729916931,15.11514818900654,0.26026655305377977,0,,,,True
324,-2.060499298095703,3,True,0.06822912992815056,0.06812912992815055,15.245654994680436,0.26077499188642117,0,,,,True
324,-2.060499298095703,4,True,0.06785690669221989,0.06775690669221988,15.374354311519,0.26129942563632835,0,,,,True
324,-2.060499298095703,5,True,0.06748875977645108,0.06738875977645108,15.461172083276526,0.2616386600453107,0,,,,True
324,-2.060499298095703,6,True,0.0671175056997475,0.0670175056997475,15.543121024924762,0.26196653970957495,0,,,,True
