Setting seed: 20260906
Warp 1.12.0 initialized:
   CUDA Toolkit 12.9, Driver 12.9
   Devices:
     "cpu"      : "x86_64"
     "cuda:0"   : "NVIDIA GeForce RTX 3070 Laptop GPU" (8 GiB, sm_86, mempool enabled)
   Kernel cache:
     /root/.cache/warp/1.12.0
Warp DeprecationWarning: The symbol `warp.context.runtime` will soon be removed from the public API. It can still be accessed from `warp._src.context.runtime` but might be changed or removed without notice.
Module mujoco_warp._src.smooth 75c1b76 load on device 'cuda:0' took 16.54 ms  (cached)
Module mujoco_warp._src.collision_driver 4d8b905 load on device 'cuda:0' took 4.31 ms  (cached)
Module _nxn_broadphase__locals__kernel_e916423b e916423 load on device 'cuda:0' took 4.66 ms  (cached)
Module _primitive_narrowphase__locals__primitive_narrowphase_886c85b7 886c85b load on device 'cuda:0' took 7.00 ms  (cached)
Module mujoco_warp._src.constraint e4fb920 load on device 'cuda:0' took 9.34 ms  (cached)
Module _actuator_velocity__locals__actuator_velocity_54391827 7ce5a05 load on device 'cuda:0' took 3.77 ms  (cached)
Module mujoco_warp._src.passive 7fb8524 load on device 'cuda:0' took 6.17 ms  (cached)
Module mujoco_warp._src.sensor 912ac95 load on device 'cuda:0' took 12.09 ms  (cached)
Module mujoco_warp._src.forward 5922a95 load on device 'cuda:0' took 9.00 ms  (cached)
Module mujoco_warp._src.support 343d1ae load on device 'cuda:0' took 4.61 ms  (cached)
Module _tile_cholesky_factorize_solve__locals__cholesky_factorize_solve_7c4626c2 68c124c load on device 'cuda:0' took 199.35 ms  (cached)
Module mujoco_warp._src.solver 4a4fc90 load on device 'cuda:0' took 7.28 ms  (cached)
Module solve_init_jaref__locals__kernel_e8e73468 e8e7346 load on device 'cuda:0' took 4.01 ms  (cached)
Module mul_m_dense__locals___mul_m_dense_5b182806 5b18280 load on device 'cuda:0' took 3.89 ms  (cached)
Module update_constraint_efc__locals__kernel_84abb40b 84abb40 load on device 'cuda:0' took 4.99 ms  (cached)
Module update_constraint_gauss_cost__locals__kernel_026115d4 026115d load on device 'cuda:0' took 3.89 ms  (cached)
Module update_gradient_JTDAJ_dense_tiled__locals__kernel_39517fdb 4e5a3dd load on device 'cuda:0' took 6.35 ms  (cached)
Module update_gradient_cholesky__locals__kernel_ac06d661 8d9cf28 load on device 'cuda:0' took 195.87 ms  (cached)
Module linesearch_jv_fused__locals__kernel_0ca87d41 0ca87d4 load on device 'cuda:0' took 4.50 ms  (cached)
Module linesearch_prepare_gauss__locals__kernel_b235c0c8 b235c0c load on device 'cuda:0' took 5.04 ms  (cached)
Module update_constraint_efc__locals__kernel_19805a28 19805a2 load on device 'cuda:0' took 4.42 ms  (cached)
Module _contact_sort__locals__contact_sort_c2bd81ce 47863e6 load on device 'cuda:0' took 4.55 ms  (cached)
Module _tile_euler_dense__locals__euler_dense_2facc489 09a40c4 load on device 'cuda:0' took 209.87 ms  (cached)
Module reset_data__locals__reset_xfrc_applied_f86f0829 f86f082 load on device 'cuda:0' took 3.87 ms  (cached)
Module reset_data__locals__reset_qM_1511185b 1511185 load on device 'cuda:0' took 3.50 ms  (cached)
Module reset_data__locals__reset_mocap_841cb68f 841cb68 load on device 'cuda:0' took 5.10 ms  (cached)
Module reset_data__locals__reset_contact_76c1c25e 76c1c25 load on device 'cuda:0' took 4.27 ms  (cached)
Module reset_data__locals__reset_nworld_d108b6ac d108b6a load on device 'cuda:0' took 4.08 ms  (cached)

+-----------------------------------+
|          Base Environment         |
+------------------------+----------+
| Property               | Value    |
+------------------------+----------+
| Number of environments | 32       |
| Environment device     | cuda:0   |
| Environment seed       | 20260906 |
| Physics step-size      | 0.002    |
| Environment step-size  | 0.02     |
+------------------------+----------+

[INFO] <EventManager> contains 0 active terms.

[INFO] <CommandManager> contains 1 active terms.
+--------------------------------------+
|         Active Command Terms         |
+-------+--------+---------------------+
| Index | Name   |         Type        |
+-------+--------+---------------------+
|   0   | motion | CorpusMotionCommand |
+-------+--------+---------------------+

[INFO] <ActionManager> contains 1 active terms.
+---------------------------------+
| Active Action Terms (shape: 23) |
+-------+-----------+-------------+
| Index | Name      |   Dimension |
+-------+-----------+-------------+
|   0   | joint_pos |          23 |
+-------+-----------+-------------+

[INFO] <ObservationManager> contains 3 groups.
+----------------------------------------------------------------+
| Active Observation Terms in Group: 'tokenizer' (shape: (268,)) |
+---------+-----------------------------------------+------------+
|  Index  | Name                                    |   Shape    |
+---------+-----------------------------------------+------------+
|    0    | encoder_index                           |    (1,)    |
|    1    | causal_history_lower_body               |   (240,)   |
|    2    | vr_3point_local_target                  |    (9,)    |
|    3    | vr_3point_local_orn_target              |   (12,)    |
|    4    | motion_anchor_ori_b                     |    (6,)    |
+---------+-----------------------------------------+------------+
+-------------------------------------------------------------+
| Active Observation Terms in Group: 'policy' (shape: (930,)) |
+--------+------------------------+---------------------------+
| Index  | Name                   |           Shape           |
+--------+------------------------+---------------------------+
|   0    | base_ang_vel           |      (30,)  ← 10×(3,)     |
|   1    | joint_pos_rel          |     (290,)  ← 10×(29,)    |
|   2    | joint_vel              |     (290,)  ← 10×(29,)    |
|   3    | previous_action        |     (290,)  ← 10×(29,)    |
|   4    | projected_gravity      |      (30,)  ← 10×(3,)     |
+--------+------------------------+---------------------------+
+-------------------------------------------------------------+
| Active Observation Terms in Group: 'critic' (shape: (256,)) |
+-----------+------------------------------------+------------+
|   Index   | Name                               |   Shape    |
+-----------+------------------------------------+------------+
|     0     | command                            |   (46,)    |
|     1     | motion_anchor_pos_b                |    (3,)    |
|     2     | motion_anchor_ori_b                |    (6,)    |
|     3     | body_pos                           |   (42,)    |
|     4     | body_ori                           |   (84,)    |
|     5     | base_lin_vel                       |    (3,)    |
|     6     | base_ang_vel                       |    (3,)    |
|     7     | joint_pos                          |   (23,)    |
|     8     | joint_vel                          |   (23,)    |
|     9     | actions                            |   (23,)    |
+-----------+------------------------------------+------------+

[INFO] <TerminationManager> contains 6 active terms.
+----------------------------------------------+
|           Active Termination Terms           |
+-------+---------------------------+----------+
| Index | Name                      | Time Out |
+-------+---------------------------+----------+
|   0   | time_out                  |   True   |
|   1   | anchor_pos                |  False   |
|   2   | anchor_ori                |  False   |
|   3   | ee_body_pos               |  False   |
|   4   | corpus_clip_time_out      |   True   |
|   5   | stage_one_actuation_guard |  False   |
+-------+---------------------------+----------+

[INFO] <RewardManager> contains 15 active terms.
+----------------------------------------------------+
|                Active Reward Terms                 |
+-------+----------------------------------+---------+
| Index | Name                             |  Weight |
+-------+----------------------------------+---------+
|   0   | motion_global_root_pos           |     0.5 |
|   1   | motion_global_root_ori           |     0.5 |
|   2   | motion_body_pos                  |     1.0 |
|   3   | motion_body_ori                  |     1.0 |
|   4   | motion_body_lin_vel              |     1.0 |
|   5   | motion_body_ang_vel              |     1.0 |
|   6   | action_rate_l2                   |    -0.2 |
|   7   | joint_limit                      |   -20.0 |
|   8   | self_collisions                  |   -10.0 |
|   9   | action_target_reference_l2       |    -2.0 |
|   10  | action_target_soft_limit_barrier |   -10.0 |
|   11  | alive                            |     5.0 |
|   12  | non_timeout_termination          | -5000.0 |
|   13  | worst_ee_z_normalized_squared    |   -20.0 |
|   14  | right_wrist_prethreshold_barrier |   -25.0 |
+-------+----------------------------------+---------+

[INFO] <NullCurriculumManager> (inactive)
[INFO] <NullMetricsManager> (inactive)
--------------------------------------------------------------------------------
Resolved observation sets: 
	 actor :  ('tokenizer', 'policy')
	 critic :  ('critic',)
--------------------------------------------------------------------------------
Actor Model: True23FrozenPlatformLoraActorModel(
  (core): FrozenPlatformTrue23Core(
    (encoder): _FrozenMlp(
      (layers): ModuleList(
        (0-4): 5 x _FrozenLinear()
      )
    )
    (decoder): _FrozenLoRAMlp(
      (layers): ModuleList(
        (0-8): 9 x _FrozenLoRALinear()
      )
    )
    (codec): G1True23AnalyticCodec()
  )
  (distribution): GaussianDistribution()
)
Critic Model: MLPModel(
  (obs_normalizer): EmpiricalNormalization()
  (mlp): MLP(
    (0): Linear(in_features=256, out_features=512, bias=True)
    (1): ELU(alpha=1.0)
    (2): Linear(in_features=512, out_features=256, bias=True)
    (3): ELU(alpha=1.0)
    (4): Linear(in_features=256, out_features=128, bias=True)
    (5): ELU(alpha=1.0)
    (6): Linear(in_features=128, out_features=1, bias=True)
  )
)
Could not find git repository in /root/.venvs/g1_true23_mjlab/lib/python3.11/site-packages/rsl_rl/__init__.py. Skipping.
################################################################################
[1m                           Learning iteration 100/300                           [0m 

                               Run name: breadth
                            Total steps: 512 
                       Steps per second: 107 
                        Collection time: 3.509s 
                          Learning time: 1.257s 
                        Mean value loss: 3490.5616
                    Mean surrogate loss: -0.0211
                      Mean entropy loss: 10.5205
           Mean standing_retention loss: 0.0004
                            Mean reward: -95.82
                    Mean episode length: 3.69
                        Mean action std: 0.38
  Episode_Reward/motion_global_root_pos: 0.0032
  Episode_Reward/motion_global_root_ori: 0.0029
         Episode_Reward/motion_body_pos: 0.0065
         Episode_Reward/motion_body_ori: 0.0054
     Episode_Reward/motion_body_lin_vel: 0.0049
     Episode_Reward/motion_body_ang_vel: 0.0043
          Episode_Reward/action_rate_l2: -0.0234
             Episode_Reward/joint_limit: -0.0005
         Episode_Reward/self_collisions: -0.0071
Episode_Reward/action_target_reference_l2: -0.0022
Episode_Reward/action_target_soft_limit_barrier: -0.0001
                   Episode_Reward/alive: 0.0239
 Episode_Reward/non_timeout_termination: -9.6478
Episode_Reward/worst_ee_z_normalized_squared: -0.0043
Episode_Reward/right_wrist_prethreshold_barrier: 0.0000
        Metrics/motion/error_anchor_pos: 0.0490
        Metrics/motion/error_anchor_rot: 0.1385
    Metrics/motion/error_anchor_lin_vel: 0.4459
    Metrics/motion/error_anchor_ang_vel: 0.8612
          Metrics/motion/error_body_pos: 0.5112
          Metrics/motion/error_body_rot: 0.4184
         Metrics/motion/error_joint_pos: 0.3826
         Metrics/motion/error_joint_vel: 4.6139
        Metrics/motion/sampling_entropy: 0.9800
      Metrics/motion/sampling_top1_prob: 0.0264
       Metrics/motion/sampling_top1_bin: 0.0888
           Episode_Termination/time_out: 0.0625
         Episode_Termination/anchor_pos: 0.0000
         Episode_Termination/anchor_ori: 0.0000
        Episode_Termination/ee_body_pos: 0.0000
Episode_Termination/corpus_clip_time_out: 0.1875
Episode_Termination/stage_one_actuation_guard: 6.3125
--------------------------------------------------------------------------------
                         Iteration time: 4.77s
                           Time elapsed: 00:00:04
                                    ETA: 00:15:48

################################################################################
[1m                           Learning iteration 101/300                           [0m 

                               Run name: breadth
                            Total steps: 1024 
                       Steps per second: 194 
                        Collection time: 1.704s 
                          Learning time: 0.931s 
                        Mean value loss: 2531.9370
                    Mean surrogate loss: -0.0255
                      Mean entropy loss: 10.5205
           Mean standing_retention loss: 0.0004
                            Mean reward: -98.84
                    Mean episode length: 5.50
                        Mean action std: 0.38
  Episode_Reward/motion_global_root_pos: 0.0056
  Episode_Reward/motion_global_root_ori: 0.0050
         Episode_Reward/motion_body_pos: 0.0117
         Episode_Reward/motion_body_ori: 0.0088
     Episode_Reward/motion_body_lin_vel: 0.0090
     Episode_Reward/motion_body_ang_vel: 0.0079
          Episode_Reward/action_rate_l2: -0.0316
             Episode_Reward/joint_limit: -0.0004
         Episode_Reward/self_collisions: -0.0240
Episode_Reward/action_target_reference_l2: -0.0061
Episode_Reward/action_target_soft_limit_barrier: -0.0002
                   Episode_Reward/alive: 0.0509
 Episode_Reward/non_timeout_termination: -10.0000
Episode_Reward/worst_ee_z_normalized_squared: -0.0181
Episode_Reward/right_wrist_prethreshold_barrier: -0.0023
        Metrics/motion/error_anchor_pos: 0.0686
        Metrics/motion/error_anchor_rot: 0.1622
    Metrics/motion/error_anchor_lin_vel: 0.4830
    Metrics/motion/error_anchor_ang_vel: 1.0564
          Metrics/motion/error_body_pos: 0.4925
          Metrics/motion/error_body_rot: 0.4245
         Metrics/motion/error_joint_pos: 0.5889
         Metrics/motion/error_joint_vel: 5.3153
        Metrics/motion/sampling_entropy: 0.9600
      Metrics/motion/sampling_top1_prob: 0.0367
       Metrics/motion/sampling_top1_bin: 0.0924
      Metrics/motion/error_body_lin_vel: 0.5211
      Metrics/motion/error_body_ang_vel: 1.5798
           Episode_Termination/time_out: 0.0000
         Episode_Termination/anchor_pos: 0.0000
         Episode_Termination/anchor_ori: 0.0000
        Episode_Termination/ee_body_pos: 0.0000
Episode_Termination/corpus_clip_time_out: 0.0000
Episode_Termination/stage_one_actuation_guard: 4.3125
--------------------------------------------------------------------------------
                         Iteration time: 2.64s
                           Time elapsed: 00:00:07
                                    ETA: 00:12:12

################################################################################
[1m                           Learning iteration 102/300                           [0m 

                               Run name: breadth
                            Total steps: 1536 
                       Steps per second: 213 
                        Collection time: 1.583s 
                          Learning time: 0.811s 
                        Mean value loss: 2112.7432
                    Mean surrogate loss: -0.0220
                      Mean entropy loss: 10.5205
           Mean standing_retention loss: 0.0004
                            Mean reward: -98.62
                    Mean episode length: 7.26
                        Mean action std: 0.38
  Episode_Reward/motion_global_root_pos: 0.0072
  Episode_Reward/motion_global_root_ori: 0.0065
         Episode_Reward/motion_body_pos: 0.0147
         Episode_Reward/motion_body_ori: 0.0112
     Episode_Reward/motion_body_lin_vel: 0.0122
     Episode_Reward/motion_body_ang_vel: 0.0105
          Episode_Reward/action_rate_l2: -0.0323
             Episode_Reward/joint_limit: -0.0004
         Episode_Reward/self_collisions: -0.0157
Episode_Reward/action_target_reference_l2: -0.0066
Episode_Reward/action_target_soft_limit_barrier: -0.0001
                   Episode_Reward/alive: 0.0659
 Episode_Reward/non_timeout_termination: -9.9107
Episode_Reward/worst_ee_z_normalized_squared: -0.0144
Episode_Reward/right_wrist_prethreshold_barrier: -0.0001
        Metrics/motion/error_anchor_pos: 0.0614
        Metrics/motion/error_anchor_rot: 0.1555
    Metrics/motion/error_anchor_lin_vel: 0.4559
    Metrics/motion/error_anchor_ang_vel: 1.0444
          Metrics/motion/error_body_pos: 0.4153
          Metrics/motion/error_body_rot: 0.3615
         Metrics/motion/error_joint_pos: 0.5444
         Metrics/motion/error_joint_vel: 5.4777
        Metrics/motion/sampling_entropy: 0.9478
      Metrics/motion/sampling_top1_prob: 0.0437
       Metrics/motion/sampling_top1_bin: 0.0924
      Metrics/motion/error_body_lin_vel: 0.5000
      Metrics/motion/error_body_ang_vel: 1.6579
           Episode_Termination/time_out: 0.0000
         Episode_Termination/anchor_pos: 0.0000
         Episode_Termination/anchor_ori: 0.0000
        Episode_Termination/ee_body_pos: 0.0000
Episode_Termination/corpus_clip_time_out: 0.0625
Episode_Termination/stage_one_actuation_guard: 3.9375
--------------------------------------------------------------------------------
                         Iteration time: 2.39s
                           Time elapsed: 00:00:09
                                    ETA: 00:10:43

################################################################################
[1m                           Learning iteration 103/300                           [0m 

                               Run name: breadth
                            Total steps: 2048 
                       Steps per second: 200 
                        Collection time: 1.738s 
                          Learning time: 0.822s 
                        Mean value loss: 2098.0983
                    Mean surrogate loss: -0.0221
                      Mean entropy loss: 10.5205
           Mean standing_retention loss: 0.0004
                            Mean reward: -98.74
                    Mean episode length: 6.57
                        Mean action std: 0.38
--------------------------------------------------------------------------------
                         Iteration time: 2.56s
                           Time elapsed: 00:00:12
                                    ETA: 00:10:05

################################################################################
[1m                           Learning iteration 104/300                           [0m 

                               Run name: breadth
                            Total steps: 2560 
                       Steps per second: 193 
                        Collection time: 1.722s 
                          Learning time: 0.930s 
                        Mean value loss: 2354.8065
                    Mean surrogate loss: -0.0218
                      Mean entropy loss: 10.5205
           Mean standing_retention loss: 0.0004
                            Mean reward: -99.64
                    Mean episode length: 8.12
                        Mean action std: 0.38
  Episode_Reward/motion_global_root_pos: 0.0083
  Episode_Reward/motion_global_root_ori: 0.0071
         Episode_Reward/motion_body_pos: 0.0176
         Episode_Reward/motion_body_ori: 0.0119
     Episode_Reward/motion_body_lin_vel: 0.0147
     Episode_Reward/motion_body_ang_vel: 0.0126
          Episode_Reward/action_rate_l2: -0.0374
             Episode_Reward/joint_limit: -0.0003
         Episode_Reward/self_collisions: -0.0246
Episode_Reward/action_target_reference_l2: -0.0112
Episode_Reward/action_target_soft_limit_barrier: -0.0003
                   Episode_Reward/alive: 0.0829
 Episode_Reward/non_timeout_termination: -10.0000
Episode_Reward/worst_ee_z_normalized_squared: -0.0424
Episode_Reward/right_wrist_prethreshold_barrier: -0.0002
        Metrics/motion/error_anchor_pos: 0.0771
        Metrics/motion/error_anchor_rot: 0.1775
    Metrics/motion/error_anchor_lin_vel: 0.4927
    Metrics/motion/error_anchor_ang_vel: 0.9897
          Metrics/motion/error_body_pos: 0.2372
          Metrics/motion/error_body_rot: 0.3919
         Metrics/motion/error_joint_pos: 0.6384
         Metrics/motion/error_joint_vel: 5.0605
        Metrics/motion/sampling_entropy: 0.9385
      Metrics/motion/sampling_top1_prob: 0.0452
       Metrics/motion/sampling_top1_bin: 0.0924
      Metrics/motion/error_body_lin_vel: 0.5016
      Metrics/motion/error_body_ang_vel: 1.5557
           Episode_Termination/time_out: 0.0000
         Episode_Termination/anchor_pos: 0.0000
         Episode_Termination/anchor_ori: 0.0000
        Episode_Termination/ee_body_pos: 0.1875
Episode_Termination/corpus_clip_time_out: 0.0625
Episode_Termination/stage_one_actuation_guard: 3.7500
--------------------------------------------------------------------------------
                         Iteration time: 2.65s
                           Time elapsed: 00:00:15
                                    ETA: 00:09:45

################################################################################
[1m                           Learning iteration 105/300                           [0m 

                               Run name: breadth
                            Total steps: 3072 
                       Steps per second: 178 
                        Collection time: 1.884s 
                          Learning time: 0.987s 
                        Mean value loss: 2960.2036
                    Mean surrogate loss: -0.0250
                      Mean entropy loss: 10.5205
           Mean standing_retention loss: 0.0004
                            Mean reward: -97.63
                    Mean episode length: 7.73
                        Mean action std: 0.38
  Episode_Reward/motion_global_root_pos: 0.0077
  Episode_Reward/motion_global_root_ori: 0.0069
         Episode_Reward/motion_body_pos: 0.0163
         Episode_Reward/motion_body_ori: 0.0111
     Episode_Reward/motion_body_lin_vel: 0.0132
     Episode_Reward/motion_body_ang_vel: 0.0114
          Episode_Reward/action_rate_l2: -0.0367
             Episode_Reward/joint_limit: -0.0002
         Episode_Reward/self_collisions: -0.0247
Episode_Reward/action_target_reference_l2: -0.0098
Episode_Reward/action_target_soft_limit_barrier: -0.0002
                   Episode_Reward/alive: 0.0751
 Episode_Reward/non_timeout_termination: -9.7656
Episode_Reward/worst_ee_z_normalized_squared: -0.0289
Episode_Reward/right_wrist_prethreshold_barrier: -0.0001
        Metrics/motion/error_anchor_pos: 0.0665
        Metrics/motion/error_anchor_rot: 0.1643
    Metrics/motion/error_anchor_lin_vel: 0.5100
    Metrics/motion/error_anchor_ang_vel: 1.0214
          Metrics/motion/error_body_pos: 0.3620
          Metrics/motion/error_body_rot: 0.4172
         Metrics/motion/error_joint_pos: 0.6231
         Metrics/motion/error_joint_vel: 5.1579
        Metrics/motion/sampling_entropy: 0.9402
      Metrics/motion/sampling_top1_prob: 0.0428
       Metrics/motion/sampling_top1_bin: 0.0924
      Metrics/motion/error_body_lin_vel: 0.5470
      Metrics/motion/error_body_ang_vel: 1.5546
           Episode_Termination/time_out: 0.0000
         Episode_Termination/anchor_pos: 0.0000
         Episode_Termination/anchor_ori: 0.0000
        Episode_Termination/ee_body_pos: 0.0000
Episode_Termination/corpus_clip_time_out: 0.1250
Episode_Termination/stage_one_actuation_guard: 5.1875
--------------------------------------------------------------------------------
                         Iteration time: 2.87s
                           Time elapsed: 00:00:17
                                    ETA: 00:09:38

################################################################################
[1m                           Learning iteration 106/300                           [0m 

                               Run name: breadth
                            Total steps: 3584 
                       Steps per second: 89 
                        Collection time: 4.745s 
                          Learning time: 0.948s 
                        Mean value loss: 2804.0657
                    Mean surrogate loss: -0.0229
                      Mean entropy loss: 10.5205
           Mean standing_retention loss: 0.0005
                            Mean reward: -98.63
                    Mean episode length: 6.22
                        Mean action std: 0.38
  Episode_Reward/motion_global_root_pos: 0.0058
  Episode_Reward/motion_global_root_ori: 0.0055
         Episode_Reward/motion_body_pos: 0.0120
         Episode_Reward/motion_body_ori: 0.0088
     Episode_Reward/motion_body_lin_vel: 0.0092
     Episode_Reward/motion_body_ang_vel: 0.0078
          Episode_Reward/action_rate_l2: -0.0281
             Episode_Reward/joint_limit: -0.0003
         Episode_Reward/self_collisions: -0.0176
Episode_Reward/action_target_reference_l2: -0.0065
Episode_Reward/action_target_soft_limit_barrier: -0.0002
                   Episode_Reward/alive: 0.0523
 Episode_Reward/non_timeout_termination: -10.0000
Episode_Reward/worst_ee_z_normalized_squared: -0.0157
Episode_Reward/right_wrist_prethreshold_barrier: 0.0000
        Metrics/motion/error_anchor_pos: 0.0631
        Metrics/motion/error_anchor_rot: 0.1341
    Metrics/motion/error_anchor_lin_vel: 0.4972
    Metrics/motion/error_anchor_ang_vel: 0.9258
          Metrics/motion/error_body_pos: 0.2648
          Metrics/motion/error_body_rot: 0.2809
         Metrics/motion/error_joint_pos: 0.5754
         Metrics/motion/error_joint_vel: 6.2397
        Metrics/motion/sampling_entropy: 0.9381
      Metrics/motion/sampling_top1_prob: 0.0378
       Metrics/motion/sampling_top1_bin: 0.0924
      Metrics/motion/error_body_lin_vel: 0.5409
      Metrics/motion/error_body_ang_vel: 1.7190
           Episode_Termination/time_out: 0.0000
         Episode_Termination/anchor_pos: 0.0000
         Episode_Termination/anchor_ori: 0.0000
        Episode_Termination/ee_body_pos: 0.0000
Episode_Termination/corpus_clip_time_out: 0.0000
Episode_Termination/stage_one_actuation_guard: 4.7500
--------------------------------------------------------------------------------
                         Iteration time: 5.69s
                           Time elapsed: 00:00:23
                                    ETA: 00:10:49

################################################################################
[1m                           Learning iteration 107/300                           [0m 

                               Run name: breadth
                            Total steps: 4096 
                       Steps per second: 185 
                        Collection time: 1.754s 
                          Learning time: 1.007s 
                        Mean value loss: 2436.0870
                    Mean surrogate loss: -0.0228
                      Mean entropy loss: 10.5205
           Mean standing_retention loss: 0.0003
                            Mean reward: -98.77
                    Mean episode length: 6.12
                        Mean action std: 0.38
  Episode_Reward/motion_global_root_pos: 0.0059
  Episode_Reward/motion_global_root_ori: 0.0052
         Episode_Reward/motion_body_pos: 0.0124
         Episode_Reward/motion_body_ori: 0.0090
     Episode_Reward/motion_body_lin_vel: 0.0099
     Episode_Reward/motion_body_ang_vel: 0.0086
          Episode_Reward/action_rate_l2: -0.0311
             Episode_Reward/joint_limit: -0.0003
         Episode_Reward/self_collisions: -0.0198
Episode_Reward/action_target_reference_l2: -0.0070
Episode_Reward/action_target_soft_limit_barrier: -0.0002
                   Episode_Reward/alive: 0.0544
 Episode_Reward/non_timeout_termination: -9.8438
Episode_Reward/worst_ee_z_normalized_squared: -0.0190
Episode_Reward/right_wrist_prethreshold_barrier: 0.0000
        Metrics/motion/error_anchor_pos: 0.0613
        Metrics/motion/error_anchor_rot: 0.1641
    Metrics/motion/error_anchor_lin_vel: 0.4636
    Metrics/motion/error_anchor_ang_vel: 1.0461
          Metrics/motion/error_body_pos: 0.4125
          Metrics/motion/error_body_rot: 0.3713
         Metrics/motion/error_joint_pos: 0.5757
         Metrics/motion/error_joint_vel: 5.7850
        Metrics/motion/sampling_entropy: 0.9384
      Metrics/motion/sampling_top1_prob: 0.0339
       Metrics/motion/sampling_top1_bin: 0.0924
      Metrics/motion/error_body_lin_vel: 0.5008
      Metrics/motion/error_body_ang_vel: 1.6398
           Episode_Termination/time_out: 0.0000
         Episode_Termination/anchor_pos: 0.0000
         Episode_Termination/anchor_ori: 0.0000
        Episode_Termination/ee_body_pos: 0.0000
Episode_Termination/corpus_clip_time_out: 0.0625
Episode_Termination/stage_one_actuation_guard: 4.4375
--------------------------------------------------------------------------------
                         Iteration time: 2.76s
                           Time elapsed: 00:00:26
                                    ETA: 00:10:31

################################################################################
[1m                           Learning iteration 108/300                           [0m 

                               Run name: breadth
                            Total steps: 4608 
                       Steps per second: 190 
                        Collection time: 1.769s 
                          Learning time: 0.916s 
                        Mean value loss: 2479.5188
                    Mean surrogate loss: -0.0236
                      Mean entropy loss: 10.5205
           Mean standing_retention loss: 0.0004
                            Mean reward: -98.90
                    Mean episode length: 7.23
                        Mean action std: 0.38
  Episode_Reward/motion_global_root_pos: 0.0074
  Episode_Reward/motion_global_root_ori: 0.0064
         Episode_Reward/motion_body_pos: 0.0151
         Episode_Reward/motion_body_ori: 0.0101
     Episode_Reward/motion_body_lin_vel: 0.0121
     Episode_Reward/motion_body_ang_vel: 0.0101
          Episode_Reward/action_rate_l2: -0.0356
             Episode_Reward/joint_limit: -0.0016
         Episode_Reward/self_collisions: -0.0414
Episode_Reward/action_target_reference_l2: -0.0096
Episode_Reward/action_target_soft_limit_barrier: -0.0001
                   Episode_Reward/alive: 0.0691
 Episode_Reward/non_timeout_termination: -10.0000
Episode_Reward/worst_ee_z_normalized_squared: -0.0330
Episode_Reward/right_wrist_prethreshold_barrier: -0.0011
        Metrics/motion/error_anchor_pos: 0.0727
        Metrics/motion/error_anchor_rot: 0.1658
    Metrics/motion/error_anchor_lin_vel: 0.4843
    Metrics/motion/error_anchor_ang_vel: 1.0332
          Metrics/motion/error_body_pos: 0.3607
          Metrics/motion/error_body_rot: 0.4225
         Metrics/motion/error_joint_pos: 0.6541
         Metrics/motion/error_joint_vel: 5.8325
        Metrics/motion/sampling_entropy: 0.9355
      Metrics/motion/sampling_top1_prob: 0.0335
       Metrics/motion/sampling_top1_bin: 0.0924
      Metrics/motion/error_body_lin_vel: 0.5217
      Metrics/motion/error_body_ang_vel: 1.7420
           Episode_Termination/time_out: 0.0000
         Episode_Termination/anchor_pos: 0.0000
         Episode_Termination/anchor_ori: 0.0000
        Episode_Termination/ee_body_pos: 0.0625
Episode_Termination/corpus_clip_time_out: 0.0000
Episode_Termination/stage_one_actuation_guard: 3.8750
--------------------------------------------------------------------------------
                         Iteration time: 2.69s
                           Time elapsed: 00:00:29
                                    ETA: 00:10:15

################################################################################
[1m                           Learning iteration 109/300                           [0m 

                               Run name: breadth
                            Total steps: 5120 
                       Steps per second: 169 
                        Collection time: 1.799s 
                          Learning time: 1.223s 
                        Mean value loss: 2534.7751
                    Mean surrogate loss: -0.0269
                      Mean entropy loss: 10.5205
           Mean standing_retention loss: 0.0004
                            Mean reward: -98.94
                    Mean episode length: 7.57
                        Mean action std: 0.38
  Episode_Reward/motion_global_root_pos: 0.0075
  Episode_Reward/motion_global_root_ori: 0.0064
         Episode_Reward/motion_body_pos: 0.0152
         Episode_Reward/motion_body_ori: 0.0106
     Episode_Reward/motion_body_lin_vel: 0.0122
     Episode_Reward/motion_body_ang_vel: 0.0101
          Episode_Reward/action_rate_l2: -0.0357
             Episode_Reward/joint_limit: -0.0007
         Episode_Reward/self_collisions: -0.0433
Episode_Reward/action_target_reference_l2: -0.0098
Episode_Reward/action_target_soft_limit_barrier: -0.0003
                   Episode_Reward/alive: 0.0688
 Episode_Reward/non_timeout_termination: -9.8750
Episode_Reward/worst_ee_z_normalized_squared: -0.0275
Episode_Reward/right_wrist_prethreshold_barrier: -0.0000
        Metrics/motion/error_anchor_pos: 0.0575
        Metrics/motion/error_anchor_rot: 0.1628
    Metrics/motion/error_anchor_lin_vel: 0.4293
    Metrics/motion/error_anchor_ang_vel: 1.1469
          Metrics/motion/error_body_pos: 0.2590
          Metrics/motion/error_body_rot: 0.3686
         Metrics/motion/error_joint_pos: 0.6535
         Metrics/motion/error_joint_vel: 6.1499
        Metrics/motion/sampling_entropy: 0.9371
      Metrics/motion/sampling_top1_prob: 0.0326
       Metrics/motion/sampling_top1_bin: 0.0924
      Metrics/motion/error_body_lin_vel: 0.4934
      Metrics/motion/error_body_ang_vel: 1.7794
           Episode_Termination/time_out: 0.0000
         Episode_Termination/anchor_pos: 0.0000
         Episode_Termination/anchor_ori: 0.0000
        Episode_Termination/ee_body_pos: 0.0000
Episode_Termination/corpus_clip_time_out: 0.0625
Episode_Termination/stage_one_actuation_guard: 4.3125
--------------------------------------------------------------------------------
                         Iteration time: 3.02s
                           Time elapsed: 00:00:32
                                    ETA: 00:10:08

################################################################################
[1m                           Learning iteration 110/300                           [0m 

                               Run name: breadth
                            Total steps: 5632 
                       Steps per second: 177 
                        Collection time: 1.841s 
                          Learning time: 1.045s 
                        Mean value loss: 1968.2502
                    Mean surrogate loss: -0.0233
                      Mean entropy loss: 10.5205
           Mean standing_retention loss: 0.0005
                            Mean reward: -99.81
                    Mean episode length: 5.98
                        Mean action std: 0.38
  Episode_Reward/motion_global_root_pos: 0.0047
  Episode_Reward/motion_global_root_ori: 0.0044
         Episode_Reward/motion_body_pos: 0.0099
         Episode_Reward/motion_body_ori: 0.0070
     Episode_Reward/motion_body_lin_vel: 0.0077
     Episode_Reward/motion_body_ang_vel: 0.0065
          Episode_Reward/action_rate_l2: -0.0296
             Episode_Reward/joint_limit: -0.0005
         Episode_Reward/self_collisions: -0.0087
Episode_Reward/action_target_reference_l2: -0.0052
Episode_Reward/action_target_soft_limit_barrier: -0.0000
                   Episode_Reward/alive: 0.0413
 Episode_Reward/non_timeout_termination: -10.0000
Episode_Reward/worst_ee_z_normalized_squared: -0.0144
Episode_Reward/right_wrist_prethreshold_barrier: -0.0001
        Metrics/motion/error_anchor_pos: 0.0592
        Metrics/motion/error_anchor_rot: 0.1538
    Metrics/motion/error_anchor_lin_vel: 0.4877
    Metrics/motion/error_anchor_ang_vel: 0.9208
          Metrics/motion/error_body_pos: 0.6045
          Metrics/motion/error_body_rot: 0.5143
         Metrics/motion/error_joint_pos: 0.4863
         Metrics/motion/error_joint_vel: 5.0922
        Metrics/motion/sampling_entropy: 0.9355
      Metrics/motion/sampling_top1_prob: 0.0328
       Metrics/motion/sampling_top1_bin: 0.2138
      Metrics/motion/error_body_lin_vel: 0.5310
      Metrics/motion/error_body_ang_vel: 1.5257
           Episode_Termination/time_out: 0.0000
         Episode_Termination/anchor_pos: 0.0000
         Episode_Termination/anchor_ori: 0.0000
        Episode_Termination/ee_body_pos: 0.0625
Episode_Termination/corpus_clip_time_out: 0.0000
Episode_Termination/stage_one_actuation_guard: 4.1875
--------------------------------------------------------------------------------
                         Iteration time: 2.89s
                           Time elapsed: 00:00:34
                                    ETA: 00:10:00

################################################################################
[1m                           Learning iteration 111/300                           [0m 

                               Run name: breadth
                            Total steps: 6144 
                       Steps per second: 175 
                        Collection time: 1.843s 
                          Learning time: 1.071s 
                        Mean value loss: 2347.0057
                    Mean surrogate loss: -0.0221
                      Mean entropy loss: 10.5205
           Mean standing_retention loss: 0.0005
                            Mean reward: -97.78
                    Mean episode length: 7.13
                        Mean action std: 0.38
  Episode_Reward/motion_global_root_pos: 0.0069
  Episode_Reward/motion_global_root_ori: 0.0063
         Episode_Reward/motion_body_pos: 0.0146
         Episode_Reward/motion_body_ori: 0.0102
     Episode_Reward/motion_body_lin_vel: 0.0122
     Episode_Reward/motion_body_ang_vel: 0.0103
          Episode_Reward/action_rate_l2: -0.0345
             Episode_Reward/joint_limit: -0.0002
         Episode_Reward/self_collisions: -0.0294
Episode_Reward/action_target_reference_l2: -0.0091
Episode_Reward/action_target_soft_limit_barrier: -0.0002
                   Episode_Reward/alive: 0.0662
 Episode_Reward/non_timeout_termination: -9.7396
Episode_Reward/worst_ee_z_normalized_squared: -0.0267
Episode_Reward/right_wrist_prethreshold_barrier: -0.0006
        Metrics/motion/error_anchor_pos: 0.0675
        Metrics/motion/error_anchor_rot: 0.1558
    Metrics/motion/error_anchor_lin_vel: 0.4314
    Metrics/motion/error_anchor_ang_vel: 1.0443
          Metrics/motion/error_body_pos: 0.3415
          Metrics/motion/error_body_rot: 0.4042
         Metrics/motion/error_joint_pos: 0.5864
         Metrics/motion/error_joint_vel: 5.6085
        Metrics/motion/sampling_entropy: 0.9319
      Metrics/motion/sampling_top1_prob: 0.0334
       Metrics/motion/sampling_top1_bin: 0.1387
      Metrics/motion/error_body_lin_vel: 0.4848
      Metrics/motion/error_body_ang_vel: 1.6038
           Episode_Termination/time_out: 0.0000
         Episode_Termination/anchor_pos: 0.0000
         Episode_Termination/anchor_ori: 0.0000
        Episode_Termination/ee_body_pos: 0.0000
Episode_Termination/corpus_clip_time_out: 0.1250
Episode_Termination/stage_one_actuation_guard: 4.2500
--------------------------------------------------------------------------------
                         Iteration time: 2.91s
                           Time elapsed: 00:00:37
                                    ETA: 00:09:52

################################################################################
[1m                           Learning iteration 112/300                           [0m 

                               Run name: breadth
                            Total steps: 6656 
                       Steps per second: 175 
                        Collection time: 1.896s 
                          Learning time: 1.024s 
                        Mean value loss: 2049.8233
                    Mean surrogate loss: -0.0282
                      Mean entropy loss: 10.5205
           Mean standing_retention loss: 0.0004
                            Mean reward: -98.80
                    Mean episode length: 8.40
                        Mean action std: 0.38
  Episode_Reward/motion_global_root_pos: 0.0072
  Episode_Reward/motion_global_root_ori: 0.0063
         Episode_Reward/motion_body_pos: 0.0148
         Episode_Reward/motion_body_ori: 0.0095
     Episode_Reward/motion_body_lin_vel: 0.0124
     Episode_Reward/motion_body_ang_vel: 0.0105
          Episode_Reward/action_rate_l2: -0.0394
             Episode_Reward/joint_limit: -0.0018
         Episode_Reward/self_collisions: -0.0368
Episode_Reward/action_target_reference_l2: -0.0103
Episode_Reward/action_target_soft_limit_barrier: -0.0002
                   Episode_Reward/alive: 0.0669
 Episode_Reward/non_timeout_termination: -9.8750
Episode_Reward/worst_ee_z_normalized_squared: -0.0287
Episode_Reward/right_wrist_prethreshold_barrier: -0.0001
        Metrics/motion/error_anchor_pos: 0.0529
        Metrics/motion/error_anchor_rot: 0.1478
    Metrics/motion/error_anchor_lin_vel: 0.4431
    Metrics/motion/error_anchor_ang_vel: 1.2893
          Metrics/motion/error_body_pos: 0.6391
          Metrics/motion/error_body_rot: 0.5185
         Metrics/motion/error_joint_pos: 0.5236
         Metrics/motion/error_joint_vel: 5.8143
        Metrics/motion/sampling_entropy: 0.9317
      Metrics/motion/sampling_top1_prob: 0.0334
       Metrics/motion/sampling_top1_bin: 0.0966
      Metrics/motion/error_body_lin_vel: 0.5182
      Metrics/motion/error_body_ang_vel: 1.6617
           Episode_Termination/time_out: 0.0000
         Episode_Termination/anchor_pos: 0.0000
         Episode_Termination/anchor_ori: 0.0000
        Episode_Termination/ee_body_pos: 0.0000
Episode_Termination/corpus_clip_time_out: 0.0625
Episode_Termination/stage_one_actuation_guard: 3.9375
--------------------------------------------------------------------------------
                         Iteration time: 2.92s
                           Time elapsed: 00:00:40
                                    ETA: 00:09:46

################################################################################
[1m                           Learning iteration 113/300                           [0m 

                               Run name: breadth
                            Total steps: 7168 
                       Steps per second: 190 
                        Collection time: 1.748s 
                          Learning time: 0.934s 
                        Mean value loss: 2506.4754
                    Mean surrogate loss: -0.0216
                      Mean entropy loss: 10.5205
           Mean standing_retention loss: 0.0004
                            Mean reward: -98.65
                    Mean episode length: 8.96
                        Mean action std: 0.38
  Episode_Reward/motion_global_root_pos: 0.0080
  Episode_Reward/motion_global_root_ori: 0.0072
         Episode_Reward/motion_body_pos: 0.0171
         Episode_Reward/motion_body_ori: 0.0115
     Episode_Reward/motion_body_lin_vel: 0.0139
     Episode_Reward/motion_body_ang_vel: 0.0120
          Episode_Reward/action_rate_l2: -0.0389
             Episode_Reward/joint_limit: -0.0005
         Episode_Reward/self_collisions: -0.0210
Episode_Reward/action_target_reference_l2: -0.0113
Episode_Reward/action_target_soft_limit_barrier: -0.0003
                   Episode_Reward/alive: 0.0794
 Episode_Reward/non_timeout_termination: -9.8438
Episode_Reward/worst_ee_z_normalized_squared: -0.0318
Episode_Reward/right_wrist_prethreshold_barrier: -0.0000
        Metrics/motion/error_anchor_pos: 0.0763
        Metrics/motion/error_anchor_rot: 0.1640
    Metrics/motion/error_anchor_lin_vel: 0.4942
    Metrics/motion/error_anchor_ang_vel: 0.9974
          Metrics/motion/error_body_pos: 0.3664
          Metrics/motion/error_body_rot: 0.3845
         Metrics/motion/error_joint_pos: 0.6169
         Metrics/motion/error_joint_vel: 5.8480
        Metrics/motion/sampling_entropy: 0.9326
      Metrics/motion/sampling_top1_prob: 0.0342
       Metrics/motion/sampling_top1_bin: 0.0924
      Metrics/motion/error_body_lin_vel: 0.5369
      Metrics/motion/error_body_ang_vel: 1.7330
           Episode_Termination/time_out: 0.0000
         Episode_Termination/anchor_pos: 0.0000
         Episode_Termination/anchor_ori: 0.0000
        Episode_Termination/ee_body_pos: 0.0000
Episode_Termination/corpus_clip_time_out: 0.0625
Episode_Termination/stage_one_actuation_guard: 4.2500
--------------------------------------------------------------------------------
                         Iteration time: 2.68s
                           Time elapsed: 00:00:43
                                    ETA: 00:09:37

################################################################################
[1m                           Learning iteration 114/300                           [0m 

                               Run name: breadth
                            Total steps: 7680 
                       Steps per second: 193 
                        Collection time: 1.738s 
                          Learning time: 0.912s 
                        Mean value loss: 2574.0493
                    Mean surrogate loss: -0.0230
                      Mean entropy loss: 10.5205
           Mean standing_retention loss: 0.0004
                            Mean reward: -97.79
                    Mean episode length: 5.35
                        Mean action std: 0.38
  Episode_Reward/motion_global_root_pos: 0.0052
  Episode_Reward/motion_global_root_ori: 0.0047
         Episode_Reward/motion_body_pos: 0.0109
         Episode_Reward/motion_body_ori: 0.0079
     Episode_Reward/motion_body_lin_vel: 0.0084
     Episode_Reward/motion_body_ang_vel: 0.0071
          Episode_Reward/action_rate_l2: -0.0323
             Episode_Reward/joint_limit: -0.0002
         Episode_Reward/self_collisions: -0.0211
Episode_Reward/action_target_reference_l2: -0.0063
Episode_Reward/action_target_soft_limit_barrier: -0.0001
                   Episode_Reward/alive: 0.0467
 Episode_Reward/non_timeout_termination: -9.8958
Episode_Reward/worst_ee_z_normalized_squared: -0.0193
Episode_Reward/right_wrist_prethreshold_barrier: -0.0000
        Metrics/motion/error_anchor_pos: 0.0574
        Metrics/motion/error_anchor_rot: 0.1624
    Metrics/motion/error_anchor_lin_vel: 0.4864
    Metrics/motion/error_anchor_ang_vel: 0.8534
          Metrics/motion/error_body_pos: 0.4319
          Metrics/motion/error_body_rot: 0.4532
         Metrics/motion/error_joint_pos: 0.5565
         Metrics/motion/error_joint_vel: 5.6962
        Metrics/motion/sampling_entropy: 0.9319
      Metrics/motion/sampling_top1_prob: 0.0347
       Metrics/motion/sampling_top1_bin: 0.0924
      Metrics/motion/error_body_lin_vel: 0.5211
      Metrics/motion/error_body_ang_vel: 1.5720
           Episode_Termination/time_out: 0.0000
         Episode_Termination/anchor_pos: 0.0000
         Episode_Termination/anchor_ori: 0.0000
        Episode_Termination/ee_body_pos: 0.0000
Episode_Termination/corpus_clip_time_out: 0.0625
Episode_Termination/stage_one_actuation_guard: 5.6250
--------------------------------------------------------------------------------
                         Iteration time: 2.65s
                           Time elapsed: 00:00:46
                                    ETA: 00:09:28

################################################################################
[1m                           Learning iteration 115/300                           [0m 

                               Run name: breadth
                            Total steps: 8192 
                       Steps per second: 192 
                        Collection time: 1.758s 
                          Learning time: 0.896s 
                        Mean value loss: 2593.4919
                    Mean surrogate loss: -0.0221
                      Mean entropy loss: 10.5205
           Mean standing_retention loss: 0.0005
                            Mean reward: -99.80
                    Mean episode length: 5.75
                        Mean action std: 0.38
  Episode_Reward/motion_global_root_pos: 0.0048
  Episode_Reward/motion_global_root_ori: 0.0043
         Episode_Reward/motion_body_pos: 0.0100
         Episode_Reward/motion_body_ori: 0.0076
     Episode_Reward/motion_body_lin_vel: 0.0077
     Episode_Reward/motion_body_ang_vel: 0.0067
          Episode_Reward/action_rate_l2: -0.0298
             Episode_Reward/joint_limit: -0.0002
         Episode_Reward/self_collisions: -0.0106
Episode_Reward/action_target_reference_l2: -0.0048
Episode_Reward/action_target_soft_limit_barrier: -0.0002
                   Episode_Reward/alive: 0.0421
 Episode_Reward/non_timeout_termination: -10.0000
Episode_Reward/worst_ee_z_normalized_squared: -0.0139
Episode_Reward/right_wrist_prethreshold_barrier: -0.0002
        Metrics/motion/error_anchor_pos: 0.0589
        Metrics/motion/error_anchor_rot: 0.1615
    Metrics/motion/error_anchor_lin_vel: 0.4943
    Metrics/motion/error_anchor_ang_vel: 0.9369
          Metrics/motion/error_body_pos: 0.5758
          Metrics/motion/error_body_rot: 0.4708
         Metrics/motion/error_joint_pos: 0.4964
         Metrics/motion/error_joint_vel: 5.1528
        Metrics/motion/sampling_entropy: 0.9318
      Metrics/motion/sampling_top1_prob: 0.0353
       Metrics/motion/sampling_top1_bin: 0.0924
      Metrics/motion/error_body_lin_vel: 0.5323
      Metrics/motion/error_body_ang_vel: 1.5484
           Episode_Termination/time_out: 0.0000
         Episode_Termination/anchor_pos: 0.0625
         Episode_Termination/anchor_ori: 0.0000
        Episode_Termination/ee_body_pos: 0.0000
Episode_Termination/corpus_clip_time_out: 0.0000
Episode_Termination/stage_one_actuation_guard: 5.1875
--------------------------------------------------------------------------------
                         Iteration time: 2.65s
                           Time elapsed: 00:00:48
                                    ETA: 00:09:20

################################################################################
[1m                           Learning iteration 116/300                           [0m 

                               Run name: breadth
                            Total steps: 8704 
                       Steps per second: 186 
                        Collection time: 1.831s 
                          Learning time: 0.914s 
                        Mean value loss: 2403.9086
                    Mean surrogate loss: -0.0200
                      Mean entropy loss: 10.5205
           Mean standing_retention loss: 0.0005
                            Mean reward: -99.88
                    Mean episode length: 6.17
                        Mean action std: 0.38
  Episode_Reward/motion_global_root_pos: 0.0067
  Episode_Reward/motion_global_root_ori: 0.0062
         Episode_Reward/motion_body_pos: 0.0142
         Episode_Reward/motion_body_ori: 0.0100
     Episode_Reward/motion_body_lin_vel: 0.0112
     Episode_Reward/motion_body_ang_vel: 0.0092
          Episode_Reward/action_rate_l2: -0.0359
             Episode_Reward/joint_limit: -0.0004
         Episode_Reward/self_collisions: -0.0439
Episode_Reward/action_target_reference_l2: -0.0086
Episode_Reward/action_target_soft_limit_barrier: -0.0002
                   Episode_Reward/alive: 0.0638
 Episode_Reward/non_timeout_termination: -10.0000
Episode_Reward/worst_ee_z_normalized_squared: -0.0251
Episode_Reward/right_wrist_prethreshold_barrier: 0.0000
        Metrics/motion/error_anchor_pos: 0.0702
        Metrics/motion/error_anchor_rot: 0.1544
    Metrics/motion/error_anchor_lin_vel: 0.4515
    Metrics/motion/error_anchor_ang_vel: 1.1173
          Metrics/motion/error_body_pos: 0.3058
          Metrics/motion/error_body_rot: 0.3935
         Metrics/motion/error_joint_pos: 0.6193
         Metrics/motion/error_joint_vel: 6.1195
        Metrics/motion/sampling_entropy: 0.9321
      Metrics/motion/sampling_top1_prob: 0.0370
       Metrics/motion/sampling_top1_bin: 0.0924
      Metrics/motion/error_body_lin_vel: 0.5201
      Metrics/motion/error_body_ang_vel: 1.7610
           Episode_Termination/time_out: 0.0000
         Episode_Termination/anchor_pos: 0.0000
         Episode_Termination/anchor_ori: 0.0000
        Episode_Termination/ee_body_pos: 0.0625
Episode_Termination/corpus_clip_time_out: 0.0000
Episode_Termination/stage_one_actuation_guard: 4.3750
--------------------------------------------------------------------------------
                         Iteration time: 2.75s
                           Time elapsed: 00:00:51
                                    ETA: 00:09:14

################################################################################
[1m                           Learning iteration 117/300                           [0m 

                               Run name: breadth
                            Total steps: 9216 
                       Steps per second: 92 
                        Collection time: 4.675s 
                          Learning time: 0.883s 
                        Mean value loss: 2340.3908
                    Mean surrogate loss: -0.0262
                      Mean entropy loss: 10.5205
           Mean standing_retention loss: 0.0004
                            Mean reward: -98.85
                    Mean episode length: 5.90
                        Mean action std: 0.38
  Episode_Reward/motion_global_root_pos: 0.0047
  Episode_Reward/motion_global_root_ori: 0.0041
         Episode_Reward/motion_body_pos: 0.0096
         Episode_Reward/motion_body_ori: 0.0073
     Episode_Reward/motion_body_lin_vel: 0.0073
     Episode_Reward/motion_body_ang_vel: 0.0064
          Episode_Reward/action_rate_l2: -0.0300
             Episode_Reward/joint_limit: -0.0004
         Episode_Reward/self_collisions: -0.0153
Episode_Reward/action_target_reference_l2: -0.0051
Episode_Reward/action_target_soft_limit_barrier: -0.0001
                   Episode_Reward/alive: 0.0396
 Episode_Reward/non_timeout_termination: -9.8438
Episode_Reward/worst_ee_z_normalized_squared: -0.0106
Episode_Reward/right_wrist_prethreshold_barrier: 0.0000
        Metrics/motion/error_anchor_pos: 0.0559
        Metrics/motion/error_anchor_rot: 0.1439
    Metrics/motion/error_anchor_lin_vel: 0.5012
    Metrics/motion/error_anchor_ang_vel: 0.9385
          Metrics/motion/error_body_pos: 0.4529
          Metrics/motion/error_body_rot: 0.4228
         Metrics/motion/error_joint_pos: 0.4982
         Metrics/motion/error_joint_vel: 5.3375
        Metrics/motion/sampling_entropy: 0.9311
      Metrics/motion/sampling_top1_prob: 0.0386
       Metrics/motion/sampling_top1_bin: 0.0924
      Metrics/motion/error_body_lin_vel: 0.5474
      Metrics/motion/error_body_ang_vel: 1.5175
           Episode_Termination/time_out: 0.0000
         Episode_Termination/anchor_pos: 0.0000
         Episode_Termination/anchor_ori: 0.0000
        Episode_Termination/ee_body_pos: 0.0000
Episode_Termination/corpus_clip_time_out: 0.0625
Episode_Termination/stage_one_actuation_guard: 5.1250
--------------------------------------------------------------------------------
                         Iteration time: 5.56s
                           Time elapsed: 00:00:57
                                    ETA: 00:09:36

################################################################################
[1m                           Learning iteration 118/300                           [0m 

                               Run name: breadth
                            Total steps: 9728 
                       Steps per second: 197 
                        Collection time: 1.690s 
                          Learning time: 0.900s 
                        Mean value loss: 1909.8559
                    Mean surrogate loss: -0.0197
                      Mean entropy loss: 10.5205
           Mean standing_retention loss: 0.0004
                            Mean reward: -98.98
                    Mean episode length: 7.25
                        Mean action std: 0.38
  Episode_Reward/motion_global_root_pos: 0.0069
  Episode_Reward/motion_global_root_ori: 0.0060
         Episode_Reward/motion_body_pos: 0.0143
         Episode_Reward/motion_body_ori: 0.0096
     Episode_Reward/motion_body_lin_vel: 0.0115
     Episode_Reward/motion_body_ang_vel: 0.0097
          Episode_Reward/action_rate_l2: -0.0354
             Episode_Reward/joint_limit: -0.0002
         Episode_Reward/self_collisions: -0.0540
Episode_Reward/action_target_reference_l2: -0.0094
Episode_Reward/action_target_soft_limit_barrier: -0.0002
                   Episode_Reward/alive: 0.0651
 Episode_Reward/non_timeout_termination: -9.8750
Episode_Reward/worst_ee_z_normalized_squared: -0.0293
Episode_Reward/right_wrist_prethreshold_barrier: -0.0000
        Metrics/motion/error_anchor_pos: 0.0603
        Metrics/motion/error_anchor_rot: 0.1754
    Metrics/motion/error_anchor_lin_vel: 0.4958
    Metrics/motion/error_anchor_ang_vel: 1.0221
          Metrics/motion/error_body_pos: 0.4898
          Metrics/motion/error_body_rot: 0.3986
         Metrics/motion/error_joint_pos: 0.6020
         Metrics/motion/error_joint_vel: 5.5854
        Metrics/motion/sampling_entropy: 0.9310
      Metrics/motion/sampling_top1_prob: 0.0381
       Metrics/motion/sampling_top1_bin: 0.0924
      Metrics/motion/error_body_lin_vel: 0.5474
      Metrics/motion/error_body_ang_vel: 1.7051
           Episode_Termination/time_out: 0.0000
         Episode_Termination/anchor_pos: 0.0625
         Episode_Termination/anchor_ori: 0.0000
        Episode_Termination/ee_body_pos: 0.0625
Episode_Termination/corpus_clip_time_out: 0.0625
Episode_Termination/stage_one_actuation_guard: 3.5000
--------------------------------------------------------------------------------
                         Iteration time: 2.59s
                           Time elapsed: 00:00:59
                                    ETA: 00:09:28

################################################################################
[1m                           Learning iteration 119/300                           [0m 

                               Run name: breadth
                            Total steps: 10240 
                       Steps per second: 188 
                        Collection time: 1.790s 
                          Learning time: 0.921s 
                        Mean value loss: 2255.6320
                    Mean surrogate loss: -0.0167
                      Mean entropy loss: 10.5205
           Mean standing_retention loss: 0.0003
                            Mean reward: -98.84
                    Mean episode length: 7.95
                        Mean action std: 0.38
  Episode_Reward/motion_global_root_pos: 0.0078
  Episode_Reward/motion_global_root_ori: 0.0066
         Episode_Reward/motion_body_pos: 0.0160
         Episode_Reward/motion_body_ori: 0.0110
     Episode_Reward/motion_body_lin_vel: 0.0133
     Episode_Reward/motion_body_ang_vel: 0.0113
          Episode_Reward/action_rate_l2: -0.0359
             Episode_Reward/joint_limit: -0.0012
         Episode_Reward/self_collisions: -0.0313
Episode_Reward/action_target_reference_l2: -0.0105
Episode_Reward/action_target_soft_limit_barrier: -0.0003
                   Episode_Reward/alive: 0.0733
 Episode_Reward/non_timeout_termination: -10.0000
Episode_Reward/worst_ee_z_normalized_squared: -0.0267
Episode_Reward/right_wrist_prethreshold_barrier: -0.0000
        Metrics/motion/error_anchor_pos: 0.0665
        Metrics/motion/error_anchor_rot: 0.1628
    Metrics/motion/error_anchor_lin_vel: 0.4835
    Metrics/motion/error_anchor_ang_vel: 0.9857
          Metrics/motion/error_body_pos: 0.2022
          Metrics/motion/error_body_rot: 0.3474
         Metrics/motion/error_joint_pos: 0.6123
         Metrics/motion/error_joint_vel: 4.8794
        Metrics/motion/sampling_entropy: 0.9307
      Metrics/motion/sampling_top1_prob: 0.0365
       Metrics/motion/sampling_top1_bin: 0.0924
      Metrics/motion/error_body_lin_vel: 0.5043
      Metrics/motion/error_body_ang_vel: 1.5477
           Episode_Termination/time_out: 0.0000
         Episode_Termination/anchor_pos: 0.0000
         Episode_Termination/anchor_ori: 0.0000
        Episode_Termination/ee_body_pos: 0.0625
Episode_Termination/corpus_clip_time_out: 0.0000
Episode_Termination/stage_one_actuation_guard: 3.9375
--------------------------------------------------------------------------------
                         Iteration time: 2.71s
                           Time elapsed: 00:01:02
                                    ETA: 00:09:21

################################################################################
[1m                           Learning iteration 120/300                           [0m 

                               Run name: breadth
                            Total steps: 10752 
                       Steps per second: 187 
                        Collection time: 1.791s 
                          Learning time: 0.943s 
                        Mean value loss: 2195.0462
                    Mean surrogate loss: -0.0212
                      Mean entropy loss: 10.5205
           Mean standing_retention loss: 0.0004
                            Mean reward: -99.68
                    Mean episode length: 7.99
                        Mean action std: 0.38
  Episode_Reward/motion_global_root_pos: 0.0061
  Episode_Reward/motion_global_root_ori: 0.0054
         Episode_Reward/motion_body_pos: 0.0128
         Episode_Reward/motion_body_ori: 0.0093
     Episode_Reward/motion_body_lin_vel: 0.0105
     Episode_Reward/motion_body_ang_vel: 0.0091
          Episode_Reward/action_rate_l2: -0.0307
             Episode_Reward/joint_limit: -0.0004
         Episode_Reward/self_collisions: -0.0179
Episode_Reward/action_target_reference_l2: -0.0070
Episode_Reward/action_target_soft_limit_barrier: -0.0001
                   Episode_Reward/alive: 0.0567
 Episode_Reward/non_timeout_termination: -10.0000
Episode_Reward/worst_ee_z_normalized_squared: -0.0243
Episode_Reward/right_wrist_prethreshold_barrier: -0.0000
        Metrics/motion/error_anchor_pos: 0.0660
        Metrics/motion/error_anchor_rot: 0.1551
    Metrics/motion/error_anchor_lin_vel: 0.4838
    Metrics/motion/error_anchor_ang_vel: 1.0206
          Metrics/motion/error_body_pos: 0.2628
          Metrics/motion/error_body_rot: 0.3388
         Metrics/motion/error_joint_pos: 0.5051
         Metrics/motion/error_joint_vel: 5.3239
        Metrics/motion/sampling_entropy: 0.9314
      Metrics/motion/sampling_top1_prob: 0.0368
       Metrics/motion/sampling_top1_bin: 0.0924
      Metrics/motion/error_body_lin_vel: 0.5186
      Metrics/motion/error_body_ang_vel: 1.6293
           Episode_Termination/time_out: 0.0000
         Episode_Termination/anchor_pos: 0.0000
         Episode_Termination/anchor_ori: 0.0000
        Episode_Termination/ee_body_pos: 0.1333
Episode_Termination/corpus_clip_time_out: 0.0000
Episode_Termination/stage_one_actuation_guard: 4.2000
--------------------------------------------------------------------------------
                         Iteration time: 2.73s
                           Time elapsed: 00:01:05
                                    ETA: 00:09:14

################################################################################
[1m                           Learning iteration 121/300                           [0m 

                               Run name: breadth
                            Total steps: 11264 
                       Steps per second: 189 
                        Collection time: 1.712s 
                          Learning time: 0.993s 
                        Mean value loss: 2282.2409
                    Mean surrogate loss: -0.0187
                      Mean entropy loss: 10.5205
           Mean standing_retention loss: 0.0004
                            Mean reward: -97.72
                    Mean episode length: 8.41
                        Mean action std: 0.38
  Episode_Reward/motion_global_root_pos: 0.0073
  Episode_Reward/motion_global_root_ori: 0.0064
         Episode_Reward/motion_body_pos: 0.0150
         Episode_Reward/motion_body_ori: 0.0104
     Episode_Reward/motion_body_lin_vel: 0.0121
     Episode_Reward/motion_body_ang_vel: 0.0100
          Episode_Reward/action_rate_l2: -0.0359
             Episode_Reward/joint_limit: -0.0001
         Episode_Reward/self_collisions: -0.0329
Episode_Reward/action_target_reference_l2: -0.0097
Episode_Reward/action_target_soft_limit_barrier: -0.0002
                   Episode_Reward/alive: 0.0685
 Episode_Reward/non_timeout_termination: -9.6667
Episode_Reward/worst_ee_z_normalized_squared: -0.0291
Episode_Reward/right_wrist_prethreshold_barrier: -0.0000
        Metrics/motion/error_anchor_pos: 0.0649
        Metrics/motion/error_anchor_rot: 0.1642
    Metrics/motion/error_anchor_lin_vel: 0.4618
    Metrics/motion/error_anchor_ang_vel: 1.1713
          Metrics/motion/error_body_pos: 0.6928
          Metrics/motion/error_body_rot: 0.4147
         Metrics/motion/error_joint_pos: 0.6217
         Metrics/motion/error_joint_vel: 6.1061
        Metrics/motion/sampling_entropy: 0.9318
      Metrics/motion/sampling_top1_prob: 0.0374
       Metrics/motion/sampling_top1_bin: 0.0924
      Metrics/motion/error_body_lin_vel: 0.5322
      Metrics/motion/error_body_ang_vel: 1.8813
           Episode_Termination/time_out: 0.0000
         Episode_Termination/anchor_pos: 0.0000
         Episode_Termination/anchor_ori: 0.0000
        Episode_Termination/ee_body_pos: 0.0625
Episode_Termination/corpus_clip_time_out: 0.1250
Episode_Termination/stage_one_actuation_guard: 3.8750
--------------------------------------------------------------------------------
                         Iteration time: 2.71s
                           Time elapsed: 00:01:07
                                    ETA: 00:09:08

################################################################################
[1m                           Learning iteration 122/300                           [0m 

                               Run name: breadth
                            Total steps: 11776 
                       Steps per second: 185 
                        Collection time: 1.763s 
                          Learning time: 1.000s 
                        Mean value loss: 2354.0270
                    Mean surrogate loss: -0.0224
                      Mean entropy loss: 10.5205
           Mean standing_retention loss: 0.0004
                            Mean reward: -99.70
                    Mean episode length: 8.71
                        Mean action std: 0.38
  Episode_Reward/motion_global_root_pos: 0.0069
  Episode_Reward/motion_global_root_ori: 0.0060
         Episode_Reward/motion_body_pos: 0.0143
         Episode_Reward/motion_body_ori: 0.0095
     Episode_Reward/motion_body_lin_vel: 0.0117
     Episode_Reward/motion_body_ang_vel: 0.0101
          Episode_Reward/action_rate_l2: -0.0324
             Episode_Reward/joint_limit: -0.0008
         Episode_Reward/self_collisions: -0.0162
Episode_Reward/action_target_reference_l2: -0.0098
Episode_Reward/action_target_soft_limit_barrier: -0.0002
                   Episode_Reward/alive: 0.0643
 Episode_Reward/non_timeout_termination: -10.0000
Episode_Reward/worst_ee_z_normalized_squared: -0.0310
Episode_Reward/right_wrist_prethreshold_barrier: -0.0032
        Metrics/motion/error_anchor_pos: 0.0589
        Metrics/motion/error_anchor_rot: 0.1613
    Metrics/motion/error_anchor_lin_vel: 0.4986
    Metrics/motion/error_anchor_ang_vel: 1.0020
          Metrics/motion/error_body_pos: 0.3426
          Metrics/motion/error_body_rot: 0.3724
         Metrics/motion/error_joint_pos: 0.5916
         Metrics/motion/error_joint_vel: 6.0215
        Metrics/motion/sampling_entropy: 0.9322
      Metrics/motion/sampling_top1_prob: 0.0374
       Metrics/motion/sampling_top1_bin: 0.1271
      Metrics/motion/error_body_lin_vel: 0.5340
      Metrics/motion/error_body_ang_vel: 1.6429
           Episode_Termination/time_out: 0.0000
         Episode_Termination/anchor_pos: 0.0000
         Episode_Termination/anchor_ori: 0.0000
        Episode_Termination/ee_body_pos: 0.0000
Episode_Termination/corpus_clip_time_out: 0.0000
Episode_Termination/stage_one_actuation_guard: 4.6250
--------------------------------------------------------------------------------
                         Iteration time: 2.76s
                           Time elapsed: 00:01:10
                                    ETA: 00:09:02

################################################################################
[1m                           Learning iteration 123/300                           [0m 

                               Run name: breadth
                            Total steps: 12288 
                       Steps per second: 184 
                        Collection time: 1.726s 
                          Learning time: 1.047s 
                        Mean value loss: 1921.7269
                    Mean surrogate loss: -0.0206
                      Mean entropy loss: 10.5205
           Mean standing_retention loss: 0.0004
                            Mean reward: -98.76
                    Mean episode length: 6.55
                        Mean action std: 0.38
  Episode_Reward/motion_global_root_pos: 0.0049
  Episode_Reward/motion_global_root_ori: 0.0045
         Episode_Reward/motion_body_pos: 0.0101
         Episode_Reward/motion_body_ori: 0.0077
     Episode_Reward/motion_body_lin_vel: 0.0078
     Episode_Reward/motion_body_ang_vel: 0.0066
          Episode_Reward/action_rate_l2: -0.0303
             Episode_Reward/joint_limit: -0.0001
         Episode_Reward/self_collisions: -0.0172
Episode_Reward/action_target_reference_l2: -0.0049
Episode_Reward/action_target_soft_limit_barrier: -0.0002
                   Episode_Reward/alive: 0.0421
 Episode_Reward/non_timeout_termination: -9.8438
Episode_Reward/worst_ee_z_normalized_squared: -0.0120
Episode_Reward/right_wrist_prethreshold_barrier: 0.0000
        Metrics/motion/error_anchor_pos: 0.0576
        Metrics/motion/error_anchor_rot: 0.1524
    Metrics/motion/error_anchor_lin_vel: 0.4747
    Metrics/motion/error_anchor_ang_vel: 0.9622
          Metrics/motion/error_body_pos: 0.3909
          Metrics/motion/error_body_rot: 0.3626
         Metrics/motion/error_joint_pos: 0.5114
         Metrics/motion/error_joint_vel: 6.0366
        Metrics/motion/sampling_entropy: 0.9323
      Metrics/motion/sampling_top1_prob: 0.0364
       Metrics/motion/sampling_top1_bin: 0.1271
      Metrics/motion/error_body_lin_vel: 0.5211
      Metrics/motion/error_body_ang_vel: 1.7444
           Episode_Termination/time_out: 0.0000
         Episode_Termination/anchor_pos: 0.0000
         Episode_Termination/anchor_ori: 0.0000
        Episode_Termination/ee_body_pos: 0.0000
Episode_Termination/corpus_clip_time_out: 0.0625
Episode_Termination/stage_one_actuation_guard: 4.1875
--------------------------------------------------------------------------------
                         Iteration time: 2.77s
                           Time elapsed: 00:01:13
                                    ETA: 00:08:57

################################################################################
[1m                           Learning iteration 124/300                           [0m 

                               Run name: breadth
                            Total steps: 12800 
                       Steps per second: 181 
                        Collection time: 1.795s 
                          Learning time: 1.026s 
                        Mean value loss: 2208.2160
                    Mean surrogate loss: -0.0266
                      Mean entropy loss: 10.5205
           Mean standing_retention loss: 0.0004
                            Mean reward: -97.86
                    Mean episode length: 8.09
                        Mean action std: 0.38
  Episode_Reward/motion_global_root_pos: 0.0091
  Episode_Reward/motion_global_root_ori: 0.0079
         Episode_Reward/motion_body_pos: 0.0186
         Episode_Reward/motion_body_ori: 0.0119
     Episode_Reward/motion_body_lin_vel: 0.0154
     Episode_Reward/motion_body_ang_vel: 0.0131
          Episode_Reward/action_rate_l2: -0.0373
             Episode_Reward/joint_limit: -0.0002
         Episode_Reward/self_collisions: -0.0521
Episode_Reward/action_target_reference_l2: -0.0131
Episode_Reward/action_target_soft_limit_barrier: -0.0004
                   Episode_Reward/alive: 0.0870
 Episode_Reward/non_timeout_termination: -9.7917
Episode_Reward/worst_ee_z_normalized_squared: -0.0434
Episode_Reward/right_wrist_prethreshold_barrier: -0.0002
        Metrics/motion/error_anchor_pos: 0.0701
        Metrics/motion/error_anchor_rot: 0.1624
    Metrics/motion/error_anchor_lin_vel: 0.4535
    Metrics/motion/error_anchor_ang_vel: 1.0426
          Metrics/motion/error_body_pos: 0.2529
          Metrics/motion/error_body_rot: 0.3325
         Metrics/motion/error_joint_pos: 0.7263
         Metrics/motion/error_joint_vel: 5.8818
        Metrics/motion/sampling_entropy: 0.9321
      Metrics/motion/sampling_top1_prob: 0.0363
       Metrics/motion/sampling_top1_bin: 0.0924
      Metrics/motion/error_body_lin_vel: 0.4937
      Metrics/motion/error_body_ang_vel: 1.7148
           Episode_Termination/time_out: 0.0000
         Episode_Termination/anchor_pos: 0.0000
         Episode_Termination/anchor_ori: 0.0000
        Episode_Termination/ee_body_pos: 0.0000
Episode_Termination/corpus_clip_time_out: 0.0625
Episode_Termination/stage_one_actuation_guard: 3.6250
--------------------------------------------------------------------------------
                         Iteration time: 2.82s
                           Time elapsed: 00:01:16
                                    ETA: 00:08:53

################################################################################
[1m                           Learning iteration 125/300                           [0m 

                               Run name: breadth
                            Total steps: 13312 
                       Steps per second: 187 
                        Collection time: 1.792s 
                          Learning time: 0.939s 
                        Mean value loss: 2175.8128
                    Mean surrogate loss: -0.0269
                      Mean entropy loss: 10.5205
           Mean standing_retention loss: 0.0004
                            Mean reward: -98.80
                    Mean episode length: 8.29
                        Mean action std: 0.38
  Episode_Reward/motion_global_root_pos: 0.0068
  Episode_Reward/motion_global_root_ori: 0.0058
         Episode_Reward/motion_body_pos: 0.0139
         Episode_Reward/motion_body_ori: 0.0094
     Episode_Reward/motion_body_lin_vel: 0.0116
     Episode_Reward/motion_body_ang_vel: 0.0101
          Episode_Reward/action_rate_l2: -0.0354
             Episode_Reward/joint_limit: -0.0006
         Episode_Reward/self_collisions: -0.0117
Episode_Reward/action_target_reference_l2: -0.0086
Episode_Reward/action_target_soft_limit_barrier: -0.0002
                   Episode_Reward/alive: 0.0625
 Episode_Reward/non_timeout_termination: -9.8750
Episode_Reward/worst_ee_z_normalized_squared: -0.0272
Episode_Reward/right_wrist_prethreshold_barrier: -0.0000
        Metrics/motion/error_anchor_pos: 0.0621
        Metrics/motion/error_anchor_rot: 0.1638
    Metrics/motion/error_anchor_lin_vel: 0.4529
    Metrics/motion/error_anchor_ang_vel: 1.0255
          Metrics/motion/error_body_pos: 0.6548
          Metrics/motion/error_body_rot: 0.4545
         Metrics/motion/error_joint_pos: 0.5619
         Metrics/motion/error_joint_vel: 5.5316
        Metrics/motion/sampling_entropy: 0.9326
      Metrics/motion/sampling_top1_prob: 0.0370
       Metrics/motion/sampling_top1_bin: 0.2311
      Metrics/motion/error_body_lin_vel: 0.4906
      Metrics/motion/error_body_ang_vel: 1.5362
           Episode_Termination/time_out: 0.0000
         Episode_Termination/anchor_pos: 0.0000
         Episode_Termination/anchor_ori: 0.0000
        Episode_Termination/ee_body_pos: 0.0625
Episode_Termination/corpus_clip_time_out: 0.0625
Episode_Termination/stage_one_actuation_guard: 4.5625
--------------------------------------------------------------------------------
                         Iteration time: 2.73s
                           Time elapsed: 00:01:18
                                    ETA: 00:08:47

################################################################################
[1m                           Learning iteration 126/300                           [0m 

                               Run name: breadth
                            Total steps: 13824 
                       Steps per second: 199 
                        Collection time: 1.667s 
                          Learning time: 0.899s 
                        Mean value loss: 2084.7010
                    Mean surrogate loss: -0.0176
                      Mean entropy loss: 10.5205
           Mean standing_retention loss: 0.0003
                            Mean reward: -99.77
                    Mean episode length: 7.13
                        Mean action std: 0.38
  Episode_Reward/motion_global_root_pos: 0.0065
  Episode_Reward/motion_global_root_ori: 0.0058
         Episode_Reward/motion_body_pos: 0.0135
         Episode_Reward/motion_body_ori: 0.0100
     Episode_Reward/motion_body_lin_vel: 0.0113
     Episode_Reward/motion_body_ang_vel: 0.0098
          Episode_Reward/action_rate_l2: -0.0305
             Episode_Reward/joint_limit: -0.0001
         Episode_Reward/self_collisions: -0.0400
Episode_Reward/action_target_reference_l2: -0.0069
Episode_Reward/action_target_soft_limit_barrier: -0.0002
                   Episode_Reward/alive: 0.0599
 Episode_Reward/non_timeout_termination: -10.0000
Episode_Reward/worst_ee_z_normalized_squared: -0.0159
Episode_Reward/right_wrist_prethreshold_barrier: -0.0001
        Metrics/motion/error_anchor_pos: 0.0587
        Metrics/motion/error_anchor_rot: 0.1510
    Metrics/motion/error_anchor_lin_vel: 0.4401
    Metrics/motion/error_anchor_ang_vel: 0.8318
          Metrics/motion/error_body_pos: 0.4124
          Metrics/motion/error_body_rot: 0.3421
         Metrics/motion/error_joint_pos: 0.5171
         Metrics/motion/error_joint_vel: 4.9503
        Metrics/motion/sampling_entropy: 0.9327
      Metrics/motion/sampling_top1_prob: 0.0380
       Metrics/motion/sampling_top1_bin: 0.3697
      Metrics/motion/error_body_lin_vel: 0.4561
      Metrics/motion/error_body_ang_vel: 1.4719
           Episode_Termination/time_out: 0.0000
         Episode_Termination/anchor_pos: 0.0000
         Episode_Termination/anchor_ori: 0.0000
        Episode_Termination/ee_body_pos: 0.0000
Episode_Termination/corpus_clip_time_out: 0.0000
Episode_Termination/stage_one_actuation_guard: 4.3125
--------------------------------------------------------------------------------
                         Iteration time: 2.57s
                           Time elapsed: 00:01:21
                                    ETA: 00:08:41

################################################################################
[1m                           Learning iteration 127/300                           [0m 

                               Run name: breadth
                            Total steps: 14336 
                       Steps per second: 198 
                        Collection time: 1.737s 
                          Learning time: 0.849s 
                        Mean value loss: 2054.1231
                    Mean surrogate loss: -0.0248
                      Mean entropy loss: 10.5205
           Mean standing_retention loss: 0.0004
                            Mean reward: -98.77
                    Mean episode length: 6.35
                        Mean action std: 0.38
  Episode_Reward/motion_global_root_pos: 0.0061
  Episode_Reward/motion_global_root_ori: 0.0053
         Episode_Reward/motion_body_pos: 0.0127
         Episode_Reward/motion_body_ori: 0.0091
     Episode_Reward/motion_body_lin_vel: 0.0099
     Episode_Reward/motion_body_ang_vel: 0.0088
          Episode_Reward/action_rate_l2: -0.0322
             Episode_Reward/joint_limit: -0.0003
         Episode_Reward/self_collisions: -0.0154
Episode_Reward/action_target_reference_l2: -0.0072
Episode_Reward/action_target_soft_limit_barrier: -0.0002
                   Episode_Reward/alive: 0.0573
 Episode_Reward/non_timeout_termination: -9.9219
Episode_Reward/worst_ee_z_normalized_squared: -0.0269
Episode_Reward/right_wrist_prethreshold_barrier: 0.0000
        Metrics/motion/error_anchor_pos: 0.0695
        Metrics/motion/error_anchor_rot: 0.1651
    Metrics/motion/error_anchor_lin_vel: 0.4553
    Metrics/motion/error_anchor_ang_vel: 1.0188
          Metrics/motion/error_body_pos: 0.3874
          Metrics/motion/error_body_rot: 0.3922
         Metrics/motion/error_joint_pos: 0.5602
         Metrics/motion/error_joint_vel: 5.4741
        Metrics/motion/sampling_entropy: 0.9332
      Metrics/motion/sampling_top1_prob: 0.0379
       Metrics/motion/sampling_top1_bin: 0.3697
      Metrics/motion/error_body_lin_vel: 0.5074
      Metrics/motion/error_body_ang_vel: 1.6022
           Episode_Termination/time_out: 0.0000
         Episode_Termination/anchor_pos: 0.0000
         Episode_Termination/anchor_ori: 0.0000
        Episode_Termination/ee_body_pos: 0.1250
Episode_Termination/corpus_clip_time_out: 0.0625
Episode_Termination/stage_one_actuation_guard: 4.3125
--------------------------------------------------------------------------------
                         Iteration time: 2.59s
                           Time elapsed: 00:01:24
                                    ETA: 00:08:36

################################################################################
[1m                           Learning iteration 128/300                           [0m 

                               Run name: breadth
                            Total steps: 14848 
                       Steps per second: 180 
                        Collection time: 1.850s 
                          Learning time: 0.986s 
                        Mean value loss: 2159.8449
                    Mean surrogate loss: -0.0288
                      Mean entropy loss: 10.5205
           Mean standing_retention loss: 0.0004
                            Mean reward: -98.70
                    Mean episode length: 7.44
                        Mean action std: 0.38
  Episode_Reward/motion_global_root_pos: 0.0066
  Episode_Reward/motion_global_root_ori: 0.0059
         Episode_Reward/motion_body_pos: 0.0139
         Episode_Reward/motion_body_ori: 0.0104
     Episode_Reward/motion_body_lin_vel: 0.0113
     Episode_Reward/motion_body_ang_vel: 0.0099
          Episode_Reward/action_rate_l2: -0.0360
             Episode_Reward/joint_limit: -0.0011
         Episode_Reward/self_collisions: -0.0223
Episode_Reward/action_target_reference_l2: -0.0078
Episode_Reward/action_target_soft_limit_barrier: -0.0001
                   Episode_Reward/alive: 0.0623
 Episode_Reward/non_timeout_termination: -10.0000
Episode_Reward/worst_ee_z_normalized_squared: -0.0241
Episode_Reward/right_wrist_prethreshold_barrier: -0.0002
        Metrics/motion/error_anchor_pos: 0.0637
        Metrics/motion/error_anchor_rot: 0.1475
    Metrics/motion/error_anchor_lin_vel: 0.4907
    Metrics/motion/error_anchor_ang_vel: 1.1273
          Metrics/motion/error_body_pos: 0.2330
          Metrics/motion/error_body_rot: 0.3273
         Metrics/motion/error_joint_pos: 0.5725
         Metrics/motion/error_joint_vel: 5.8836
        Metrics/motion/sampling_entropy: 0.9334
      Metrics/motion/sampling_top1_prob: 0.0380
       Metrics/motion/sampling_top1_bin: 0.3697
      Metrics/motion/error_body_lin_vel: 0.5195
      Metrics/motion/error_body_ang_vel: 1.6872
           Episode_Termination/time_out: 0.0000
         Episode_Termination/anchor_pos: 0.0000
         Episode_Termination/anchor_ori: 0.0000
        Episode_Termination/ee_body_pos: 0.0000
Episode_Termination/corpus_clip_time_out: 0.0000
Episode_Termination/stage_one_actuation_guard: 4.2500
--------------------------------------------------------------------------------
                         Iteration time: 2.84s
                           Time elapsed: 00:01:26
                                    ETA: 00:08:32

################################################################################
[1m                           Learning iteration 129/300                           [0m 

                               Run name: breadth
                            Total steps: 15360 
                       Steps per second: 189 
                        Collection time: 1.669s 
                          Learning time: 1.036s 
                        Mean value loss: 2350.1740
                    Mean surrogate loss: -0.0270
                      Mean entropy loss: 10.5205
           Mean standing_retention loss: 0.0004
                            Mean reward: -99.76
                    Mean episode length: 6.65
                        Mean action std: 0.38
  Episode_Reward/motion_global_root_pos: 0.0059
  Episode_Reward/motion_global_root_ori: 0.0054
         Episode_Reward/motion_body_pos: 0.0123
         Episode_Reward/motion_body_ori: 0.0087
     Episode_Reward/motion_body_lin_vel: 0.0099
     Episode_Reward/motion_body_ang_vel: 0.0085
          Episode_Reward/action_rate_l2: -0.0293
             Episode_Reward/joint_limit: -0.0002
         Episode_Reward/self_collisions: -0.0202
Episode_Reward/action_target_reference_l2: -0.0072
Episode_Reward/action_target_soft_limit_barrier: -0.0003
                   Episode_Reward/alive: 0.0539
 Episode_Reward/non_timeout_termination: -10.0000
Episode_Reward/worst_ee_z_normalized_squared: -0.0194
Episode_Reward/right_wrist_prethreshold_barrier: 0.0000
        Metrics/motion/error_anchor_pos: 0.0595
        Metrics/motion/error_anchor_rot: 0.1552
    Metrics/motion/error_anchor_lin_vel: 0.4700
    Metrics/motion/error_anchor_ang_vel: 1.0156
          Metrics/motion/error_body_pos: 0.3694
          Metrics/motion/error_body_rot: 0.4043
         Metrics/motion/error_joint_pos: 0.5337
         Metrics/motion/error_joint_vel: 5.3054
        Metrics/motion/sampling_entropy: 0.9330
      Metrics/motion/sampling_top1_prob: 0.0386
       Metrics/motion/sampling_top1_bin: 0.3697
      Metrics/motion/error_body_lin_vel: 0.5131
      Metrics/motion/error_body_ang_vel: 1.5399
           Episode_Termination/time_out: 0.0000
         Episode_Termination/anchor_pos: 0.0000
         Episode_Termination/anchor_ori: 0.0000
        Episode_Termination/ee_body_pos: 0.0000
Episode_Termination/corpus_clip_time_out: 0.0000
Episode_Termination/stage_one_actuation_guard: 5.3750
--------------------------------------------------------------------------------
                         Iteration time: 2.71s
                           Time elapsed: 00:01:29
                                    ETA: 00:08:27

################################################################################
[1m                           Learning iteration 130/300                           [0m 

                               Run name: breadth
                            Total steps: 15872 
                       Steps per second: 177 
                        Collection time: 1.796s 
                          Learning time: 1.093s 
                        Mean value loss: 1520.2851
                    Mean surrogate loss: -0.0208
                      Mean entropy loss: 10.5205
           Mean standing_retention loss: 0.0004
                            Mean reward: -99.71
                    Mean episode length: 6.18
                        Mean action std: 0.38
  Episode_Reward/motion_global_root_pos: 0.0065
  Episode_Reward/motion_global_root_ori: 0.0059
         Episode_Reward/motion_body_pos: 0.0137
         Episode_Reward/motion_body_ori: 0.0102
     Episode_Reward/motion_body_lin_vel: 0.0108
     Episode_Reward/motion_body_ang_vel: 0.0094
          Episode_Reward/action_rate_l2: -0.0348
             Episode_Reward/joint_limit: -0.0027
         Episode_Reward/self_collisions: -0.0173
Episode_Reward/action_target_reference_l2: -0.0079
Episode_Reward/action_target_soft_limit_barrier: -0.0001
                   Episode_Reward/alive: 0.0609
 Episode_Reward/non_timeout_termination: -10.0000
Episode_Reward/worst_ee_z_normalized_squared: -0.0160
Episode_Reward/right_wrist_prethreshold_barrier: -0.0008
        Metrics/motion/error_anchor_pos: 0.0674
        Metrics/motion/error_anchor_rot: 0.1627
    Metrics/motion/error_anchor_lin_vel: 0.4740
    Metrics/motion/error_anchor_ang_vel: 1.0711
          Metrics/motion/error_body_pos: 0.4832
          Metrics/motion/error_body_rot: 0.4700
         Metrics/motion/error_joint_pos: 0.5414
         Metrics/motion/error_joint_vel: 5.3044
        Metrics/motion/sampling_entropy: 0.9324
      Metrics/motion/sampling_top1_prob: 0.0392
       Metrics/motion/sampling_top1_bin: 0.3697
      Metrics/motion/error_body_lin_vel: 0.5200
      Metrics/motion/error_body_ang_vel: 1.5500
           Episode_Termination/time_out: 0.0000
         Episode_Termination/anchor_pos: 0.0000
         Episode_Termination/anchor_ori: 0.0000
        Episode_Termination/ee_body_pos: 0.0000
Episode_Termination/corpus_clip_time_out: 0.0000
Episode_Termination/stage_one_actuation_guard: 3.3750
--------------------------------------------------------------------------------
                         Iteration time: 2.89s
                           Time elapsed: 00:01:32
                                    ETA: 00:08:24

################################################################################
[1m                           Learning iteration 131/300                           [0m 

                               Run name: breadth
                            Total steps: 16384 
                       Steps per second: 187 
                        Collection time: 1.757s 
                          Learning time: 0.967s 
                        Mean value loss: 1841.6659
                    Mean surrogate loss: -0.0204
                      Mean entropy loss: 10.5205
           Mean standing_retention loss: 0.0003
                            Mean reward: -96.71
                    Mean episode length: 8.49
                        Mean action std: 0.38
  Episode_Reward/motion_global_root_pos: 0.0085
  Episode_Reward/motion_global_root_ori: 0.0075
         Episode_Reward/motion_body_pos: 0.0174
         Episode_Reward/motion_body_ori: 0.0112
     Episode_Reward/motion_body_lin_vel: 0.0150
     Episode_Reward/motion_body_ang_vel: 0.0128
          Episode_Reward/action_rate_l2: -0.0393
             Episode_Reward/joint_limit: -0.0003
         Episode_Reward/self_collisions: -0.0289
Episode_Reward/action_target_reference_l2: -0.0127
Episode_Reward/action_target_soft_limit_barrier: -0.0002
                   Episode_Reward/alive: 0.0813
 Episode_Reward/non_timeout_termination: -9.5312
Episode_Reward/worst_ee_z_normalized_squared: -0.0389
Episode_Reward/right_wrist_prethreshold_barrier: -0.0012
        Metrics/motion/error_anchor_pos: 0.0645
        Metrics/motion/error_anchor_rot: 0.1462
    Metrics/motion/error_anchor_lin_vel: 0.4378
    Metrics/motion/error_anchor_ang_vel: 1.0853
          Metrics/motion/error_body_pos: 0.4337
          Metrics/motion/error_body_rot: 0.4826
         Metrics/motion/error_joint_pos: 0.6546
         Metrics/motion/error_joint_vel: 4.8974
        Metrics/motion/sampling_entropy: 0.9326
      Metrics/motion/sampling_top1_prob: 0.0393
       Metrics/motion/sampling_top1_bin: 0.3697
      Metrics/motion/error_body_lin_vel: 0.4861
      Metrics/motion/error_body_ang_vel: 1.4987
           Episode_Termination/time_out: 0.0000
         Episode_Termination/anchor_pos: 0.0000
         Episode_Termination/anchor_ori: 0.0000
        Episode_Termination/ee_body_pos: 0.0625
Episode_Termination/corpus_clip_time_out: 0.1875
Episode_Termination/stage_one_actuation_guard: 3.9375
--------------------------------------------------------------------------------
                         Iteration time: 2.72s
                           Time elapsed: 00:01:35
                                    ETA: 00:08:19

################################################################################
[1m                           Learning iteration 132/300                           [0m 

                               Run name: breadth
                            Total steps: 16896 
                       Steps per second: 184 
                        Collection time: 1.870s 
                          Learning time: 0.908s 
                        Mean value loss: 1981.0083
                    Mean surrogate loss: -0.0205
                      Mean entropy loss: 10.5205
           Mean standing_retention loss: 0.0003
                            Mean reward: -97.81
                    Mean episode length: 6.79
                        Mean action std: 0.38
  Episode_Reward/motion_global_root_pos: 0.0052
  Episode_Reward/motion_global_root_ori: 0.0048
         Episode_Reward/motion_body_pos: 0.0109
         Episode_Reward/motion_body_ori: 0.0078
     Episode_Reward/motion_body_lin_vel: 0.0084
     Episode_Reward/motion_body_ang_vel: 0.0074
          Episode_Reward/action_rate_l2: -0.0301
             Episode_Reward/joint_limit: -0.0000
         Episode_Reward/self_collisions: -0.0216
Episode_Reward/action_target_reference_l2: -0.0062
Episode_Reward/action_target_soft_limit_barrier: -0.0001
                   Episode_Reward/alive: 0.0468
 Episode_Reward/non_timeout_termination: -9.9107
Episode_Reward/worst_ee_z_normalized_squared: -0.0202
Episode_Reward/right_wrist_prethreshold_barrier: -0.0003
        Metrics/motion/error_anchor_pos: 0.0627
        Metrics/motion/error_anchor_rot: 0.1509
    Metrics/motion/error_anchor_lin_vel: 0.4891
    Metrics/motion/error_anchor_ang_vel: 0.9668
          Metrics/motion/error_body_pos: 0.6955
          Metrics/motion/error_body_rot: 0.5488
         Metrics/motion/error_joint_pos: 0.5620
         Metrics/motion/error_joint_vel: 5.1063
        Metrics/motion/sampling_entropy: 0.9333
      Metrics/motion/sampling_top1_prob: 0.0389
       Metrics/motion/sampling_top1_bin: 0.3697
      Metrics/motion/error_body_lin_vel: 0.5166
      Metrics/motion/error_body_ang_vel: 1.4971
           Episode_Termination/time_out: 0.0000
         Episode_Termination/anchor_pos: 0.0000
         Episode_Termination/anchor_ori: 0.0000
        Episode_Termination/ee_body_pos: 0.0000
Episode_Termination/corpus_clip_time_out: 0.0625
Episode_Termination/stage_one_actuation_guard: 4.9375
--------------------------------------------------------------------------------
                         Iteration time: 2.78s
                           Time elapsed: 00:01:37
                                    ETA: 00:08:15

################################################################################
[1m                           Learning iteration 133/300                           [0m 

                               Run name: breadth
                            Total steps: 17408 
                       Steps per second: 187 
                        Collection time: 1.748s 
                          Learning time: 0.985s 
                        Mean value loss: 1959.7411
                    Mean surrogate loss: -0.0208
                      Mean entropy loss: 10.5205
           Mean standing_retention loss: 0.0004
                            Mean reward: -97.74
                    Mean episode length: 5.86
                        Mean action std: 0.38
  Episode_Reward/motion_global_root_pos: 0.0055
  Episode_Reward/motion_global_root_ori: 0.0049
         Episode_Reward/motion_body_pos: 0.0114
         Episode_Reward/motion_body_ori: 0.0086
     Episode_Reward/motion_body_lin_vel: 0.0092
     Episode_Reward/motion_body_ang_vel: 0.0079
          Episode_Reward/action_rate_l2: -0.0309
             Episode_Reward/joint_limit: -0.0003
         Episode_Reward/self_collisions: -0.0112
Episode_Reward/action_target_reference_l2: -0.0062
Episode_Reward/action_target_soft_limit_barrier: -0.0002
                   Episode_Reward/alive: 0.0492
 Episode_Reward/non_timeout_termination: -9.9306
Episode_Reward/worst_ee_z_normalized_squared: -0.0159
Episode_Reward/right_wrist_prethreshold_barrier: -0.0000
        Metrics/motion/error_anchor_pos: 0.0622
        Metrics/motion/error_anchor_rot: 0.1535
    Metrics/motion/error_anchor_lin_vel: 0.4202
    Metrics/motion/error_anchor_ang_vel: 1.0039
          Metrics/motion/error_body_pos: 0.4866
          Metrics/motion/error_body_rot: 0.4509
         Metrics/motion/error_joint_pos: 0.5271
         Metrics/motion/error_joint_vel: 5.3012
        Metrics/motion/sampling_entropy: 0.9341
      Metrics/motion/sampling_top1_prob: 0.0387
       Metrics/motion/sampling_top1_bin: 0.3697
      Metrics/motion/error_body_lin_vel: 0.4708
      Metrics/motion/error_body_ang_vel: 1.5272
           Episode_Termination/time_out: 0.0000
         Episode_Termination/anchor_pos: 0.0000
         Episode_Termination/anchor_ori: 0.0000
        Episode_Termination/ee_body_pos: 0.0000
Episode_Termination/corpus_clip_time_out: 0.0625
Episode_Termination/stage_one_actuation_guard: 4.8125
--------------------------------------------------------------------------------
                         Iteration time: 2.73s
                           Time elapsed: 00:01:40
                                    ETA: 00:08:11

################################################################################
[1m                           Learning iteration 134/300                           [0m 

                               Run name: breadth
                            Total steps: 17920 
                       Steps per second: 185 
                        Collection time: 1.759s 
                          Learning time: 0.998s 
                        Mean value loss: 1669.3690
                    Mean surrogate loss: -0.0227
                      Mean entropy loss: 10.5205
           Mean standing_retention loss: 0.0004
                            Mean reward: -98.93
                    Mean episode length: 8.44
                        Mean action std: 0.38
  Episode_Reward/motion_global_root_pos: 0.0100
  Episode_Reward/motion_global_root_ori: 0.0087
         Episode_Reward/motion_body_pos: 0.0204
         Episode_Reward/motion_body_ori: 0.0135
     Episode_Reward/motion_body_lin_vel: 0.0175
     Episode_Reward/motion_body_ang_vel: 0.0149
          Episode_Reward/action_rate_l2: -0.0443
             Episode_Reward/joint_limit: -0.0002
         Episode_Reward/self_collisions: -0.0348
Episode_Reward/action_target_reference_l2: -0.0137
Episode_Reward/action_target_soft_limit_barrier: -0.0006
                   Episode_Reward/alive: 0.0971
 Episode_Reward/non_timeout_termination: -9.7917
Episode_Reward/worst_ee_z_normalized_squared: -0.0364
Episode_Reward/right_wrist_prethreshold_barrier: -0.0438
        Metrics/motion/error_anchor_pos: 0.0714
        Metrics/motion/error_anchor_rot: 0.1825
    Metrics/motion/error_anchor_lin_vel: 0.4752
    Metrics/motion/error_anchor_ang_vel: 1.2606
          Metrics/motion/error_body_pos: 0.2954
          Metrics/motion/error_body_rot: 0.4020
         Metrics/motion/error_joint_pos: 0.6754
         Metrics/motion/error_joint_vel: 6.2670
        Metrics/motion/sampling_entropy: 0.9350
      Metrics/motion/sampling_top1_prob: 0.0382
       Metrics/motion/sampling_top1_bin: 0.3697
      Metrics/motion/error_body_lin_vel: 0.5274
      Metrics/motion/error_body_ang_vel: 1.7699
           Episode_Termination/time_out: 0.0000
         Episode_Termination/anchor_pos: 0.0000
         Episode_Termination/anchor_ori: 0.0000
        Episode_Termination/ee_body_pos: 0.0625
Episode_Termination/corpus_clip_time_out: 0.0625
Episode_Termination/stage_one_actuation_guard: 3.2500
--------------------------------------------------------------------------------
                         Iteration time: 2.76s
                           Time elapsed: 00:01:43
                                    ETA: 00:08:07

################################################################################
[1m                           Learning iteration 135/300                           [0m 

                               Run name: breadth
                            Total steps: 18432 
                       Steps per second: 183 
                        Collection time: 1.717s 
                          Learning time: 1.073s 
                        Mean value loss: 2472.0612
                    Mean surrogate loss: -0.0207
                      Mean entropy loss: 10.5205
           Mean standing_retention loss: 0.0004
                            Mean reward: -99.74
                    Mean episode length: 8.72
                        Mean action std: 0.38
  Episode_Reward/motion_global_root_pos: 0.0070
  Episode_Reward/motion_global_root_ori: 0.0059
         Episode_Reward/motion_body_pos: 0.0143
         Episode_Reward/motion_body_ori: 0.0098
     Episode_Reward/motion_body_lin_vel: 0.0116
     Episode_Reward/motion_body_ang_vel: 0.0099
          Episode_Reward/action_rate_l2: -0.0332
             Episode_Reward/joint_limit: -0.0006
         Episode_Reward/self_collisions: -0.0230
Episode_Reward/action_target_reference_l2: -0.0094
Episode_Reward/action_target_soft_limit_barrier: -0.0001
                   Episode_Reward/alive: 0.0648
 Episode_Reward/non_timeout_termination: -10.0000
Episode_Reward/worst_ee_z_normalized_squared: -0.0299
Episode_Reward/right_wrist_prethreshold_barrier: -0.0001
        Metrics/motion/error_anchor_pos: 0.0596
        Metrics/motion/error_anchor_rot: 0.1641
    Metrics/motion/error_anchor_lin_vel: 0.4461
    Metrics/motion/error_anchor_ang_vel: 0.9893
          Metrics/motion/error_body_pos: 0.2357
          Metrics/motion/error_body_rot: 0.2996
         Metrics/motion/error_joint_pos: 0.5853
         Metrics/motion/error_joint_vel: 5.7669
        Metrics/motion/sampling_entropy: 0.9365
      Metrics/motion/sampling_top1_prob: 0.0373
       Metrics/motion/sampling_top1_bin: 0.3697
      Metrics/motion/error_body_lin_vel: 0.4910
      Metrics/motion/error_body_ang_vel: 1.6172
           Episode_Termination/time_out: 0.0000
         Episode_Termination/anchor_pos: 0.0000
         Episode_Termination/anchor_ori: 0.0000
        Episode_Termination/ee_body_pos: 0.0625
Episode_Termination/corpus_clip_time_out: 0.0000
Episode_Termination/stage_one_actuation_guard: 5.0625
--------------------------------------------------------------------------------
                         Iteration time: 2.79s
                           Time elapsed: 00:01:46
                                    ETA: 00:08:03

################################################################################
[1m                           Learning iteration 136/300                           [0m 

                               Run name: breadth
                            Total steps: 18944 
                       Steps per second: 192 
                        Collection time: 1.681s 
                          Learning time: 0.978s 
                        Mean value loss: 1782.8857
                    Mean surrogate loss: -0.0193
                      Mean entropy loss: 10.5205
           Mean standing_retention loss: 0.0004
                            Mean reward: -99.85
                    Mean episode length: 5.97
                        Mean action std: 0.38
  Episode_Reward/motion_global_root_pos: 0.0054
  Episode_Reward/motion_global_root_ori: 0.0048
         Episode_Reward/motion_body_pos: 0.0110
         Episode_Reward/motion_body_ori: 0.0080
     Episode_Reward/motion_body_lin_vel: 0.0083
     Episode_Reward/motion_body_ang_vel: 0.0070
          Episode_Reward/action_rate_l2: -0.0323
             Episode_Reward/joint_limit: -0.0002
         Episode_Reward/self_collisions: -0.0145
Episode_Reward/action_target_reference_l2: -0.0062
Episode_Reward/action_target_soft_limit_barrier: -0.0001
                   Episode_Reward/alive: 0.0467
 Episode_Reward/non_timeout_termination: -10.0000
Episode_Reward/worst_ee_z_normalized_squared: -0.0172
Episode_Reward/right_wrist_prethreshold_barrier: -0.0000
        Metrics/motion/error_anchor_pos: 0.0567
        Metrics/motion/error_anchor_rot: 0.1393
    Metrics/motion/error_anchor_lin_vel: 0.5010
    Metrics/motion/error_anchor_ang_vel: 0.9268
          Metrics/motion/error_body_pos: 0.5652
          Metrics/motion/error_body_rot: 0.5172
         Metrics/motion/error_joint_pos: 0.5001
         Metrics/motion/error_joint_vel: 5.8168
        Metrics/motion/sampling_entropy: 0.9367
      Metrics/motion/sampling_top1_prob: 0.0366
       Metrics/motion/sampling_top1_bin: 0.3697
      Metrics/motion/error_body_lin_vel: 0.5575
      Metrics/motion/error_body_ang_vel: 1.7248
           Episode_Termination/time_out: 0.0000
         Episode_Termination/anchor_pos: 0.0000
         Episode_Termination/anchor_ori: 0.0000
        Episode_Termination/ee_body_pos: 0.0000
Episode_Termination/corpus_clip_time_out: 0.0000
Episode_Termination/stage_one_actuation_guard: 4.3750
--------------------------------------------------------------------------------
                         Iteration time: 2.66s
                           Time elapsed: 00:01:48
                                    ETA: 00:07:59

################################################################################
[1m                           Learning iteration 137/300                           [0m 

                               Run name: breadth
                            Total steps: 19456 
                       Steps per second: 185 
                        Collection time: 1.860s 
                          Learning time: 0.899s 
                        Mean value loss: 2055.3926
                    Mean surrogate loss: -0.0203
                      Mean entropy loss: 10.5205
           Mean standing_retention loss: 0.0003
                            Mean reward: -98.82
                    Mean episode length: 7.88
                        Mean action std: 0.38
  Episode_Reward/motion_global_root_pos: 0.0076
  Episode_Reward/motion_global_root_ori: 0.0066
         Episode_Reward/motion_body_pos: 0.0160
         Episode_Reward/motion_body_ori: 0.0099
     Episode_Reward/motion_body_lin_vel: 0.0132
     Episode_Reward/motion_body_ang_vel: 0.0113
          Episode_Reward/action_rate_l2: -0.0369
             Episode_Reward/joint_limit: -0.0001
         Episode_Reward/self_collisions: -0.0413
Episode_Reward/action_target_reference_l2: -0.0123
Episode_Reward/action_target_soft_limit_barrier: -0.0002
                   Episode_Reward/alive: 0.0740
 Episode_Reward/non_timeout_termination: -9.9219
Episode_Reward/worst_ee_z_normalized_squared: -0.0450
Episode_Reward/right_wrist_prethreshold_barrier: -0.0010
        Metrics/motion/error_anchor_pos: 0.0698
        Metrics/motion/error_anchor_rot: 0.1723
    Metrics/motion/error_anchor_lin_vel: 0.4591
    Metrics/motion/error_anchor_ang_vel: 1.0329
          Metrics/motion/error_body_pos: 0.4924
          Metrics/motion/error_body_rot: 0.4218
         Metrics/motion/error_joint_pos: 0.6851
         Metrics/motion/error_joint_vel: 5.2863
        Metrics/motion/sampling_entropy: 0.9367
      Metrics/motion/sampling_top1_prob: 0.0363
       Metrics/motion/sampling_top1_bin: 0.1271
      Metrics/motion/error_body_lin_vel: 0.4943
      Metrics/motion/error_body_ang_vel: 1.5943
           Episode_Termination/time_out: 0.0000
         Episode_Termination/anchor_pos: 0.0000
         Episode_Termination/anchor_ori: 0.0000
        Episode_Termination/ee_body_pos: 0.0000
Episode_Termination/corpus_clip_time_out: 0.0625
Episode_Termination/stage_one_actuation_guard: 4.1875
--------------------------------------------------------------------------------
                         Iteration time: 2.76s
                           Time elapsed: 00:01:51
                                    ETA: 00:07:56

################################################################################
[1m                           Learning iteration 138/300                           [0m 

                               Run name: breadth
                            Total steps: 19968 
                       Steps per second: 204 
                        Collection time: 1.631s 
                          Learning time: 0.877s 
                        Mean value loss: 1607.0092
                    Mean surrogate loss: -0.0225
                      Mean entropy loss: 10.5205
           Mean standing_retention loss: 0.0003
                            Mean reward: -98.87
                    Mean episode length: 7.10
                        Mean action std: 0.38
  Episode_Reward/motion_global_root_pos: 0.0057
  Episode_Reward/motion_global_root_ori: 0.0048
         Episode_Reward/motion_body_pos: 0.0114
         Episode_Reward/motion_body_ori: 0.0081
     Episode_Reward/motion_body_lin_vel: 0.0094
     Episode_Reward/motion_body_ang_vel: 0.0079
          Episode_Reward/action_rate_l2: -0.0309
             Episode_Reward/joint_limit: -0.0009
         Episode_Reward/self_collisions: -0.0214
Episode_Reward/action_target_reference_l2: -0.0073
Episode_Reward/action_target_soft_limit_barrier: -0.0003
                   Episode_Reward/alive: 0.0495
 Episode_Reward/non_timeout_termination: -9.8438
Episode_Reward/worst_ee_z_normalized_squared: -0.0226
Episode_Reward/right_wrist_prethreshold_barrier: -0.0009
        Metrics/motion/error_anchor_pos: 0.0535
        Metrics/motion/error_anchor_rot: 0.1595
    Metrics/motion/error_anchor_lin_vel: 0.4405
    Metrics/motion/error_anchor_ang_vel: 0.9484
          Metrics/motion/error_body_pos: 0.2651
          Metrics/motion/error_body_rot: 0.3130
         Metrics/motion/error_joint_pos: 0.5230
         Metrics/motion/error_joint_vel: 5.9215
        Metrics/motion/sampling_entropy: 0.9370
      Metrics/motion/sampling_top1_prob: 0.0363
       Metrics/motion/sampling_top1_bin: 0.0924
      Metrics/motion/error_body_lin_vel: 0.4968
      Metrics/motion/error_body_ang_vel: 1.6121
           Episode_Termination/time_out: 0.0000
         Episode_Termination/anchor_pos: 0.0000
         Episode_Termination/anchor_ori: 0.0000
        Episode_Termination/ee_body_pos: 0.0000
Episode_Termination/corpus_clip_time_out: 0.0625
Episode_Termination/stage_one_actuation_guard: 4.1250
--------------------------------------------------------------------------------
                         Iteration time: 2.51s
                           Time elapsed: 00:01:54
                                    ETA: 00:07:51

################################################################################
[1m                           Learning iteration 139/300                           [0m 

                               Run name: breadth
                            Total steps: 20480 
                       Steps per second: 55 
                        Collection time: 1.809s 
                          Learning time: 7.497s 
                        Mean value loss: 1679.2469
                    Mean surrogate loss: -0.0262
                      Mean entropy loss: 10.5205
           Mean standing_retention loss: 0.0003
                            Mean reward: -98.83
                    Mean episode length: 7.71
                        Mean action std: 0.38
  Episode_Reward/motion_global_root_pos: 0.0066
  Episode_Reward/motion_global_root_ori: 0.0057
         Episode_Reward/motion_body_pos: 0.0138
         Episode_Reward/motion_body_ori: 0.0097
     Episode_Reward/motion_body_lin_vel: 0.0107
     Episode_Reward/motion_body_ang_vel: 0.0088
          Episode_Reward/action_rate_l2: -0.0348
             Episode_Reward/joint_limit: -0.0009
         Episode_Reward/self_collisions: -0.0335
Episode_Reward/action_target_reference_l2: -0.0089
Episode_Reward/action_target_soft_limit_barrier: -0.0003
                   Episode_Reward/alive: 0.0624
 Episode_Reward/non_timeout_termination: -10.0000
Episode_Reward/worst_ee_z_normalized_squared: -0.0301
Episode_Reward/right_wrist_prethreshold_barrier: -0.0000
        Metrics/motion/error_anchor_pos: 0.0750
        Metrics/motion/error_anchor_rot: 0.1586
    Metrics/motion/error_anchor_lin_vel: 0.4899
    Metrics/motion/error_anchor_ang_vel: 1.1012
          Metrics/motion/error_body_pos: 0.4109
          Metrics/motion/error_body_rot: 0.4787
         Metrics/motion/error_joint_pos: 0.6323
         Metrics/motion/error_joint_vel: 6.3200
        Metrics/motion/sampling_entropy: 0.9374
      Metrics/motion/sampling_top1_prob: 0.0363
       Metrics/motion/sampling_top1_bin: 0.0924
      Metrics/motion/error_body_lin_vel: 0.5351
      Metrics/motion/error_body_ang_vel: 1.8610
           Episode_Termination/time_out: 0.0000
         Episode_Termination/anchor_pos: 0.0000
         Episode_Termination/anchor_ori: 0.0000
        Episode_Termination/ee_body_pos: 0.0625
Episode_Termination/corpus_clip_time_out: 0.0000
Episode_Termination/stage_one_actuation_guard: 3.6250
--------------------------------------------------------------------------------
                         Iteration time: 9.31s
                           Time elapsed: 00:02:03
                                    ETA: 00:08:13

################################################################################
[1m                           Learning iteration 140/300                           [0m 

                               Run name: breadth
                            Total steps: 20992 
                       Steps per second: 191 
                        Collection time: 1.713s 
                          Learning time: 0.959s 
                        Mean value loss: 1803.8181
                    Mean surrogate loss: -0.0225
                      Mean entropy loss: 10.5205
           Mean standing_retention loss: 0.0004
                            Mean reward: -99.63
                    Mean episode length: 6.90
                        Mean action std: 0.38
  Episode_Reward/motion_global_root_pos: 0.0065
  Episode_Reward/motion_global_root_ori: 0.0058
         Episode_Reward/motion_body_pos: 0.0134
         Episode_Reward/motion_body_ori: 0.0094
     Episode_Reward/motion_body_lin_vel: 0.0110
     Episode_Reward/motion_body_ang_vel: 0.0096
          Episode_Reward/action_rate_l2: -0.0328
             Episode_Reward/joint_limit: -0.0004
         Episode_Reward/self_collisions: -0.0171
Episode_Reward/action_target_reference_l2: -0.0075
Episode_Reward/action_target_soft_limit_barrier: -0.0003
                   Episode_Reward/alive: 0.0599
 Episode_Reward/non_timeout_termination: -10.0000
Episode_Reward/worst_ee_z_normalized_squared: -0.0201
Episode_Reward/right_wrist_prethreshold_barrier: -0.0000
        Metrics/motion/error_anchor_pos: 0.0651
        Metrics/motion/error_anchor_rot: 0.1595
    Metrics/motion/error_anchor_lin_vel: 0.4804
    Metrics/motion/error_anchor_ang_vel: 0.9452
          Metrics/motion/error_body_pos: 0.3818
          Metrics/motion/error_body_rot: 0.3952
         Metrics/motion/error_joint_pos: 0.4955
         Metrics/motion/error_joint_vel: 5.0869
        Metrics/motion/sampling_entropy: 0.9367
      Metrics/motion/sampling_top1_prob: 0.0358
       Metrics/motion/sampling_top1_bin: 0.0924
      Metrics/motion/error_body_lin_vel: 0.5187
      Metrics/motion/error_body_ang_vel: 1.5177
           Episode_Termination/time_out: 0.0000
         Episode_Termination/anchor_pos: 0.0000
         Episode_Termination/anchor_ori: 0.0000
        Episode_Termination/ee_body_pos: 0.0625
Episode_Termination/corpus_clip_time_out: 0.0000
Episode_Termination/stage_one_actuation_guard: 4.6250
--------------------------------------------------------------------------------
                         Iteration time: 2.67s
                           Time elapsed: 00:02:06
                                    ETA: 00:08:09

################################################################################
[1m                           Learning iteration 141/300                           [0m 

                               Run name: breadth
                            Total steps: 21504 
                       Steps per second: 194 
                        Collection time: 1.672s 
                          Learning time: 0.962s 
                        Mean value loss: 2076.2410
                    Mean surrogate loss: -0.0269
                      Mean entropy loss: 10.5205
           Mean standing_retention loss: 0.0005
                            Mean reward: -98.65
                    Mean episode length: 9.01
                        Mean action std: 0.38
  Episode_Reward/motion_global_root_pos: 0.0079
  Episode_Reward/motion_global_root_ori: 0.0068
         Episode_Reward/motion_body_pos: 0.0166
         Episode_Reward/motion_body_ori: 0.0112
     Episode_Reward/motion_body_lin_vel: 0.0134
     Episode_Reward/motion_body_ang_vel: 0.0113
          Episode_Reward/action_rate_l2: -0.0381
             Episode_Reward/joint_limit: -0.0002
         Episode_Reward/self_collisions: -0.0308
Episode_Reward/action_target_reference_l2: -0.0122
Episode_Reward/action_target_soft_limit_barrier: -0.0002
                   Episode_Reward/alive: 0.0769
 Episode_Reward/non_timeout_termination: -9.9107
Episode_Reward/worst_ee_z_normalized_squared: -0.0393
Episode_Reward/right_wrist_prethreshold_barrier: -0.0007
        Metrics/motion/error_anchor_pos: 0.0750
        Metrics/motion/error_anchor_rot: 0.1586
    Metrics/motion/error_anchor_lin_vel: 0.4405
    Metrics/motion/error_anchor_ang_vel: 1.1566
          Metrics/motion/error_body_pos: 0.4216
          Metrics/motion/error_body_rot: 0.3685
         Metrics/motion/error_joint_pos: 0.7093
         Metrics/motion/error_joint_vel: 6.2034
        Metrics/motion/sampling_entropy: 0.9365
      Metrics/motion/sampling_top1_prob: 0.0361
       Metrics/motion/sampling_top1_bin: 0.3178
      Metrics/motion/error_body_lin_vel: 0.5182
      Metrics/motion/error_body_ang_vel: 1.7758
           Episode_Termination/time_out: 0.0000
         Episode_Termination/anchor_pos: 0.0000
         Episode_Termination/anchor_ori: 0.0000
        Episode_Termination/ee_body_pos: 0.0000
Episode_Termination/corpus_clip_time_out: 0.0625
Episode_Termination/stage_one_actuation_guard: 4.5625
--------------------------------------------------------------------------------
                         Iteration time: 2.63s
                           Time elapsed: 00:02:08
                                    ETA: 00:08:04

################################################################################
[1m                           Learning iteration 142/300                           [0m 

                               Run name: breadth
                            Total steps: 22016 
                       Steps per second: 193 
                        Collection time: 1.701s 
                          Learning time: 0.943s 
                        Mean value loss: 1842.9222
                    Mean surrogate loss: -0.0290
                      Mean entropy loss: 10.5205
           Mean standing_retention loss: 0.0005
                            Mean reward: -96.71
                    Mean episode length: 7.56
                        Mean action std: 0.38
  Episode_Reward/motion_global_root_pos: 0.0058
  Episode_Reward/motion_global_root_ori: 0.0051
         Episode_Reward/motion_body_pos: 0.0118
         Episode_Reward/motion_body_ori: 0.0091
     Episode_Reward/motion_body_lin_vel: 0.0090
     Episode_Reward/motion_body_ang_vel: 0.0075
          Episode_Reward/action_rate_l2: -0.0294
             Episode_Reward/joint_limit: -0.0007
         Episode_Reward/self_collisions: -0.0152
Episode_Reward/action_target_reference_l2: -0.0059
Episode_Reward/action_target_soft_limit_barrier: -0.0003
                   Episode_Reward/alive: 0.0523
 Episode_Reward/non_timeout_termination: -9.7188
Episode_Reward/worst_ee_z_normalized_squared: -0.0180
Episode_Reward/right_wrist_prethreshold_barrier: -0.0047
        Metrics/motion/error_anchor_pos: 0.0685
        Metrics/motion/error_anchor_rot: 0.1713
    Metrics/motion/error_anchor_lin_vel: 0.4848
    Metrics/motion/error_anchor_ang_vel: 1.0116
          Metrics/motion/error_body_pos: 0.4285
          Metrics/motion/error_body_rot: 0.3995
         Metrics/motion/error_joint_pos: 0.5893
         Metrics/motion/error_joint_vel: 6.3477
        Metrics/motion/sampling_entropy: 0.9365
      Metrics/motion/sampling_top1_prob: 0.0364
       Metrics/motion/sampling_top1_bin: 0.3697
      Metrics/motion/error_body_lin_vel: 0.5365
      Metrics/motion/error_body_ang_vel: 1.7970
           Episode_Termination/time_out: 0.0000
         Episode_Termination/anchor_pos: 0.0000
         Episode_Termination/anchor_ori: 0.0000
        Episode_Termination/ee_body_pos: 0.0625
Episode_Termination/corpus_clip_time_out: 0.1250
Episode_Termination/stage_one_actuation_guard: 3.8125
--------------------------------------------------------------------------------
                         Iteration time: 2.64s
                           Time elapsed: 00:02:11
                                    ETA: 00:07:59

################################################################################
[1m                           Learning iteration 143/300                           [0m 

                               Run name: breadth
                            Total steps: 22528 
                       Steps per second: 183 
                        Collection time: 1.816s 
                          Learning time: 0.978s 
                        Mean value loss: 1789.3802
                    Mean surrogate loss: -0.0208
                      Mean entropy loss: 10.5205
           Mean standing_retention loss: 0.0005
                            Mean reward: -96.77
                    Mean episode length: 6.28
                        Mean action std: 0.38
  Episode_Reward/motion_global_root_pos: 0.0057
  Episode_Reward/motion_global_root_ori: 0.0051
         Episode_Reward/motion_body_pos: 0.0117
         Episode_Reward/motion_body_ori: 0.0084
     Episode_Reward/motion_body_lin_vel: 0.0092
     Episode_Reward/motion_body_ang_vel: 0.0078
          Episode_Reward/action_rate_l2: -0.0336
             Episode_Reward/joint_limit: -0.0007
         Episode_Reward/self_collisions: -0.0182
Episode_Reward/action_target_reference_l2: -0.0069
Episode_Reward/action_target_soft_limit_barrier: -0.0002
                   Episode_Reward/alive: 0.0508
 Episode_Reward/non_timeout_termination: -9.7708
Episode_Reward/worst_ee_z_normalized_squared: -0.0201
Episode_Reward/right_wrist_prethreshold_barrier: -0.0005
        Metrics/motion/error_anchor_pos: 0.0596
        Metrics/motion/error_anchor_rot: 0.1461
    Metrics/motion/error_anchor_lin_vel: 0.4753
    Metrics/motion/error_anchor_ang_vel: 1.0273
          Metrics/motion/error_body_pos: 0.3851
          Metrics/motion/error_body_rot: 0.4070
         Metrics/motion/error_joint_pos: 0.5689
         Metrics/motion/error_joint_vel: 6.1766
        Metrics/motion/sampling_entropy: 0.9367
      Metrics/motion/sampling_top1_prob: 0.0358
       Metrics/motion/sampling_top1_bin: 0.3697
      Metrics/motion/error_body_lin_vel: 0.5227
      Metrics/motion/error_body_ang_vel: 1.6965
           Episode_Termination/time_out: 0.0000
         Episode_Termination/anchor_pos: 0.0000
         Episode_Termination/anchor_ori: 0.0000
        Episode_Termination/ee_body_pos: 0.0000
Episode_Termination/corpus_clip_time_out: 0.1250
Episode_Termination/stage_one_actuation_guard: 4.9375
--------------------------------------------------------------------------------
                         Iteration time: 2.79s
                           Time elapsed: 00:02:14
                                    ETA: 00:07:55

################################################################################
[1m                           Learning iteration 144/300                           [0m 

                               Run name: breadth
                            Total steps: 23040 
                       Steps per second: 187 
                        Collection time: 1.726s 
                          Learning time: 0.998s 
                        Mean value loss: 2146.8731
                    Mean surrogate loss: -0.0209
                      Mean entropy loss: 10.5205
           Mean standing_retention loss: 0.0005
                            Mean reward: -99.85
                    Mean episode length: 6.85
                        Mean action std: 0.38
  Episode_Reward/motion_global_root_pos: 0.0058
  Episode_Reward/motion_global_root_ori: 0.0053
         Episode_Reward/motion_body_pos: 0.0122
         Episode_Reward/motion_body_ori: 0.0086
     Episode_Reward/motion_body_lin_vel: 0.0098
     Episode_Reward/motion_body_ang_vel: 0.0085
          Episode_Reward/action_rate_l2: -0.0290
             Episode_Reward/joint_limit: -0.0001
         Episode_Reward/self_collisions: -0.0222
Episode_Reward/action_target_reference_l2: -0.0077
Episode_Reward/action_target_soft_limit_barrier: -0.0001
                   Episode_Reward/alive: 0.0531
 Episode_Reward/non_timeout_termination: -10.0000
Episode_Reward/worst_ee_z_normalized_squared: -0.0237
Episode_Reward/right_wrist_prethreshold_barrier: -0.0001
        Metrics/motion/error_anchor_pos: 0.0632
        Metrics/motion/error_anchor_rot: 0.1460
    Metrics/motion/error_anchor_lin_vel: 0.5022
    Metrics/motion/error_anchor_ang_vel: 0.9371
          Metrics/motion/error_body_pos: 0.7043
          Metrics/motion/error_body_rot: 0.4832
         Metrics/motion/error_joint_pos: 0.5598
         Metrics/motion/error_joint_vel: 5.1111
        Metrics/motion/sampling_entropy: 0.9364
      Metrics/motion/sampling_top1_prob: 0.0357
       Metrics/motion/sampling_top1_bin: 0.3697
      Metrics/motion/error_body_lin_vel: 0.5404
      Metrics/motion/error_body_ang_vel: 1.4561
           Episode_Termination/time_out: 0.0000
         Episode_Termination/anchor_pos: 0.0000
         Episode_Termination/anchor_ori: 0.0000
        Episode_Termination/ee_body_pos: 0.0000
Episode_Termination/corpus_clip_time_out: 0.0000
Episode_Termination/stage_one_actuation_guard: 5.6250
--------------------------------------------------------------------------------
                         Iteration time: 2.72s
                           Time elapsed: 00:02:16
                                    ETA: 00:07:51

################################################################################
[1m                           Learning iteration 145/300                           [0m 

                               Run name: breadth
                            Total steps: 23552 
                       Steps per second: 188 
                        Collection time: 1.759s 
                          Learning time: 0.956s 
                        Mean value loss: 1798.4046
                    Mean surrogate loss: -0.0237
                      Mean entropy loss: 10.5205
           Mean standing_retention loss: 0.0005
                            Mean reward: -99.70
                    Mean episode length: 7.10
                        Mean action std: 0.38
  Episode_Reward/motion_global_root_pos: 0.0058
  Episode_Reward/motion_global_root_ori: 0.0052
         Episode_Reward/motion_body_pos: 0.0120
         Episode_Reward/motion_body_ori: 0.0088
     Episode_Reward/motion_body_lin_vel: 0.0093
     Episode_Reward/motion_body_ang_vel: 0.0079
          Episode_Reward/action_rate_l2: -0.0315
             Episode_Reward/joint_limit: -0.0007
         Episode_Reward/self_collisions: -0.0167
Episode_Reward/action_target_reference_l2: -0.0064
Episode_Reward/action_target_soft_limit_barrier: -0.0002
                   Episode_Reward/alive: 0.0516
 Episode_Reward/non_timeout_termination: -10.0000
Episode_Reward/worst_ee_z_normalized_squared: -0.0187
Episode_Reward/right_wrist_prethreshold_barrier: -0.0000
        Metrics/motion/error_anchor_pos: 0.0651
        Metrics/motion/error_anchor_rot: 0.1568
    Metrics/motion/error_anchor_lin_vel: 0.4451
    Metrics/motion/error_anchor_ang_vel: 1.1079
          Metrics/motion/error_body_pos: 0.4220
          Metrics/motion/error_body_rot: 0.4318
         Metrics/motion/error_joint_pos: 0.5763
         Metrics/motion/error_joint_vel: 5.7603
        Metrics/motion/sampling_entropy: 0.9361
      Metrics/motion/sampling_top1_prob: 0.0355
       Metrics/motion/sampling_top1_bin: 0.0924
      Metrics/motion/error_body_lin_vel: 0.4900
      Metrics/motion/error_body_ang_vel: 1.6611
           Episode_Termination/time_out: 0.0000
         Episode_Termination/anchor_pos: 0.0000
         Episode_Termination/anchor_ori: 0.0000
        Episode_Termination/ee_body_pos: 0.0000
Episode_Termination/corpus_clip_time_out: 0.0000
Episode_Termination/stage_one_actuation_guard: 4.3125
--------------------------------------------------------------------------------
                         Iteration time: 2.71s
                           Time elapsed: 00:02:19
                                    ETA: 00:07:47

################################################################################
[1m                           Learning iteration 146/300                           [0m 

                               Run name: breadth
                            Total steps: 24064 
                       Steps per second: 190 
                        Collection time: 1.748s 
                          Learning time: 0.942s 
                        Mean value loss: 1829.0751
                    Mean surrogate loss: -0.0242
                      Mean entropy loss: 10.5205
           Mean standing_retention loss: 0.0006
                            Mean reward: -99.72
                    Mean episode length: 7.02
                        Mean action std: 0.38
  Episode_Reward/motion_global_root_pos: 0.0067
  Episode_Reward/motion_global_root_ori: 0.0060
         Episode_Reward/motion_body_pos: 0.0138
         Episode_Reward/motion_body_ori: 0.0101
     Episode_Reward/motion_body_lin_vel: 0.0112
     Episode_Reward/motion_body_ang_vel: 0.0091
          Episode_Reward/action_rate_l2: -0.0369
             Episode_Reward/joint_limit: -0.0001
         Episode_Reward/self_collisions: -0.0287
Episode_Reward/action_target_reference_l2: -0.0076
Episode_Reward/action_target_soft_limit_barrier: -0.0002
                   Episode_Reward/alive: 0.0616
 Episode_Reward/non_timeout_termination: -10.0000
Episode_Reward/worst_ee_z_normalized_squared: -0.0224
Episode_Reward/right_wrist_prethreshold_barrier: -0.0003
        Metrics/motion/error_anchor_pos: 0.0538
        Metrics/motion/error_anchor_rot: 0.1636
    Metrics/motion/error_anchor_lin_vel: 0.4402
    Metrics/motion/error_anchor_ang_vel: 1.1032
          Metrics/motion/error_body_pos: 0.4351
          Metrics/motion/error_body_rot: 0.3986
         Metrics/motion/error_joint_pos: 0.5751
         Metrics/motion/error_joint_vel: 6.2631
        Metrics/motion/sampling_entropy: 0.9370
      Metrics/motion/sampling_top1_prob: 0.0352
       Metrics/motion/sampling_top1_bin: 0.2484
      Metrics/motion/error_body_lin_vel: 0.5071
      Metrics/motion/error_body_ang_vel: 1.7695
           Episode_Termination/time_out: 0.0000
         Episode_Termination/anchor_pos: 0.0000
         Episode_Termination/anchor_ori: 0.0000
        Episode_Termination/ee_body_pos: 0.0000
Episode_Termination/corpus_clip_time_out: 0.0000
Episode_Termination/stage_one_actuation_guard: 4.5000
--------------------------------------------------------------------------------
                         Iteration time: 2.69s
                           Time elapsed: 00:02:22
                                    ETA: 00:07:43

################################################################################
[1m                           Learning iteration 147/300                           [0m 

                               Run name: breadth
                            Total steps: 24576 
                       Steps per second: 190 
                        Collection time: 1.718s 
                          Learning time: 0.976s 
                        Mean value loss: 2070.2259
                    Mean surrogate loss: -0.0251
                      Mean entropy loss: 10.5205
           Mean standing_retention loss: 0.0007
                            Mean reward: -99.71
                    Mean episode length: 7.10
                        Mean action std: 0.38
  Episode_Reward/motion_global_root_pos: 0.0062
  Episode_Reward/motion_global_root_ori: 0.0054
         Episode_Reward/motion_body_pos: 0.0128
         Episode_Reward/motion_body_ori: 0.0093
     Episode_Reward/motion_body_lin_vel: 0.0099
     Episode_Reward/motion_body_ang_vel: 0.0086
          Episode_Reward/action_rate_l2: -0.0353
             Episode_Reward/joint_limit: -0.0010
         Episode_Reward/self_collisions: -0.0193
Episode_Reward/action_target_reference_l2: -0.0071
Episode_Reward/action_target_soft_limit_barrier: -0.0002
                   Episode_Reward/alive: 0.0570
 Episode_Reward/non_timeout_termination: -10.0000
Episode_Reward/worst_ee_z_normalized_squared: -0.0240
Episode_Reward/right_wrist_prethreshold_barrier: -0.0001
        Metrics/motion/error_anchor_pos: 0.0649
        Metrics/motion/error_anchor_rot: 0.1649
    Metrics/motion/error_anchor_lin_vel: 0.5335
    Metrics/motion/error_anchor_ang_vel: 1.1555
          Metrics/motion/error_body_pos: 0.2668
          Metrics/motion/error_body_rot: 0.3581
         Metrics/motion/error_joint_pos: 0.5407
         Metrics/motion/error_joint_vel: 6.2574
        Metrics/motion/sampling_entropy: 0.9371
      Metrics/motion/sampling_top1_prob: 0.0353
       Metrics/motion/sampling_top1_bin: 0.0924
      Metrics/motion/error_body_lin_vel: 0.5839
      Metrics/motion/error_body_ang_vel: 1.8432
           Episode_Termination/time_out: 0.0000
         Episode_Termination/anchor_pos: 0.0000
         Episode_Termination/anchor_ori: 0.0000
        Episode_Termination/ee_body_pos: 0.0625
Episode_Termination/corpus_clip_time_out: 0.0000
Episode_Termination/stage_one_actuation_guard: 5.2500
--------------------------------------------------------------------------------
                         Iteration time: 2.69s
                           Time elapsed: 00:02:25
                                    ETA: 00:07:39

################################################################################
[1m                           Learning iteration 148/300                           [0m 

                               Run name: breadth
                            Total steps: 25088 
                       Steps per second: 190 
                        Collection time: 1.792s 
                          Learning time: 0.894s 
                        Mean value loss: 1838.9209
                    Mean surrogate loss: -0.0191
                      Mean entropy loss: 10.5205
           Mean standing_retention loss: 0.0006
                            Mean reward: -98.75
                    Mean episode length: 6.01
                        Mean action std: 0.38
  Episode_Reward/motion_global_root_pos: 0.0057
  Episode_Reward/motion_global_root_ori: 0.0050
         Episode_Reward/motion_body_pos: 0.0117
         Episode_Reward/motion_body_ori: 0.0082
     Episode_Reward/motion_body_lin_vel: 0.0092
     Episode_Reward/motion_body_ang_vel: 0.0080
          Episode_Reward/action_rate_l2: -0.0279
             Episode_Reward/joint_limit: -0.0003
         Episode_Reward/self_collisions: -0.0200
Episode_Reward/action_target_reference_l2: -0.0071
Episode_Reward/action_target_soft_limit_barrier: -0.0001
                   Episode_Reward/alive: 0.0506
 Episode_Reward/non_timeout_termination: -9.9219
Episode_Reward/worst_ee_z_normalized_squared: -0.0220
Episode_Reward/right_wrist_prethreshold_barrier: -0.0000
        Metrics/motion/error_anchor_pos: 0.0629
        Metrics/motion/error_anchor_rot: 0.1471
    Metrics/motion/error_anchor_lin_vel: 0.5135
    Metrics/motion/error_anchor_ang_vel: 0.9902
          Metrics/motion/error_body_pos: 0.2930
          Metrics/motion/error_body_rot: 0.3535
         Metrics/motion/error_joint_pos: 0.5223
         Metrics/motion/error_joint_vel: 5.4786
        Metrics/motion/sampling_entropy: 0.9368
      Metrics/motion/sampling_top1_prob: 0.0352
       Metrics/motion/sampling_top1_bin: 0.1444
      Metrics/motion/error_body_lin_vel: 0.5408
      Metrics/motion/error_body_ang_vel: 1.6305
           Episode_Termination/time_out: 0.0000
         Episode_Termination/anchor_pos: 0.0000
         Episode_Termination/anchor_ori: 0.0000
        Episode_Termination/ee_body_pos: 0.0000
Episode_Termination/corpus_clip_time_out: 0.0625
Episode_Termination/stage_one_actuation_guard: 4.8125
--------------------------------------------------------------------------------
                         Iteration time: 2.69s
                           Time elapsed: 00:02:27
                                    ETA: 00:07:35

################################################################################
[1m                           Learning iteration 149/300                           [0m 

                               Run name: breadth
                            Total steps: 25600 
                       Steps per second: 188 
                        Collection time: 1.745s 
                          Learning time: 0.967s 
                        Mean value loss: 1481.4050
                    Mean surrogate loss: -0.0230
                      Mean entropy loss: 10.5205
           Mean standing_retention loss: 0.0004
                            Mean reward: -99.86
                    Mean episode length: 6.50
                        Mean action std: 0.38
  Episode_Reward/motion_global_root_pos: 0.0053
  Episode_Reward/motion_global_root_ori: 0.0046
         Episode_Reward/motion_body_pos: 0.0108
         Episode_Reward/motion_body_ori: 0.0079
     Episode_Reward/motion_body_lin_vel: 0.0084
     Episode_Reward/motion_body_ang_vel: 0.0073
          Episode_Reward/action_rate_l2: -0.0320
             Episode_Reward/joint_limit: -0.0003
         Episode_Reward/self_collisions: -0.0185
Episode_Reward/action_target_reference_l2: -0.0063
Episode_Reward/action_target_soft_limit_barrier: -0.0002
                   Episode_Reward/alive: 0.0464
 Episode_Reward/non_timeout_termination: -10.0000
Episode_Reward/worst_ee_z_normalized_squared: -0.0207
Episode_Reward/right_wrist_prethreshold_barrier: 0.0000
        Metrics/motion/error_anchor_pos: 0.0542
        Metrics/motion/error_anchor_rot: 0.1521
    Metrics/motion/error_anchor_lin_vel: 0.4896
    Metrics/motion/error_anchor_ang_vel: 1.1127
          Metrics/motion/error_body_pos: 0.9465
          Metrics/motion/error_body_rot: 0.5116
         Metrics/motion/error_joint_pos: 0.5273
         Metrics/motion/error_joint_vel: 5.9421
        Metrics/motion/sampling_entropy: 0.9367
      Metrics/motion/sampling_top1_prob: 0.0357
       Metrics/motion/sampling_top1_bin: 0.1791
      Metrics/motion/error_body_lin_vel: 0.5482
      Metrics/motion/error_body_ang_vel: 1.6451
           Episode_Termination/time_out: 0.0000
         Episode_Termination/anchor_pos: 0.0000
         Episode_Termination/anchor_ori: 0.0000
        Episode_Termination/ee_body_pos: 0.0625
Episode_Termination/corpus_clip_time_out: 0.0000
Episode_Termination/stage_one_actuation_guard: 4.3125
--------------------------------------------------------------------------------
                         Iteration time: 2.71s
                           Time elapsed: 00:02:30
                                    ETA: 00:07:31

################################################################################
[1m                           Learning iteration 150/300                           [0m 

                               Run name: breadth
                            Total steps: 26112 
                       Steps per second: 188 
                        Collection time: 1.766s 
                          Learning time: 0.945s 
                        Mean value loss: 1711.9395
                    Mean surrogate loss: -0.0231
                      Mean entropy loss: 10.5205
           Mean standing_retention loss: 0.0004
                            Mean reward: -98.94
                    Mean episode length: 6.75
                        Mean action std: 0.38
  Episode_Reward/motion_global_root_pos: 0.0066
  Episode_Reward/motion_global_root_ori: 0.0060
         Episode_Reward/motion_body_pos: 0.0139
         Episode_Reward/motion_body_ori: 0.0091
     Episode_Reward/motion_body_lin_vel: 0.0114
     Episode_Reward/motion_body_ang_vel: 0.0098
          Episode_Reward/action_rate_l2: -0.0327
             Episode_Reward/joint_limit: -0.0012
         Episode_Reward/self_collisions: -0.0272
Episode_Reward/action_target_reference_l2: -0.0096
Episode_Reward/action_target_soft_limit_barrier: -0.0003
                   Episode_Reward/alive: 0.0630
 Episode_Reward/non_timeout_termination: -9.8750
Episode_Reward/worst_ee_z_normalized_squared: -0.0337
Episode_Reward/right_wrist_prethreshold_barrier: -0.0012
        Metrics/motion/error_anchor_pos: 0.0694
        Metrics/motion/error_anchor_rot: 0.1533
    Metrics/motion/error_anchor_lin_vel: 0.4456
    Metrics/motion/error_anchor_ang_vel: 0.9486
          Metrics/motion/error_body_pos: 0.2685
          Metrics/motion/error_body_rot: 0.4528
         Metrics/motion/error_joint_pos: 0.6308
         Metrics/motion/error_joint_vel: 4.6557
        Metrics/motion/sampling_entropy: 0.9365
      Metrics/motion/sampling_top1_prob: 0.0364
       Metrics/motion/sampling_top1_bin: 0.0924
      Metrics/motion/error_body_lin_vel: 0.4913
      Metrics/motion/error_body_ang_vel: 1.4374
           Episode_Termination/time_out: 0.0000
         Episode_Termination/anchor_pos: 0.0625
         Episode_Termination/anchor_ori: 0.0000
        Episode_Termination/ee_body_pos: 0.0625
Episode_Termination/corpus_clip_time_out: 0.0625
Episode_Termination/stage_one_actuation_guard: 4.6875
--------------------------------------------------------------------------------
                         Iteration time: 2.71s
                           Time elapsed: 00:02:33
                                    ETA: 00:07:27

################################################################################
[1m                           Learning iteration 151/300                           [0m 

                               Run name: breadth
                            Total steps: 26624 
                       Steps per second: 187 
                        Collection time: 1.839s 
                          Learning time: 0.899s 
                        Mean value loss: 1423.1886
                    Mean surrogate loss: -0.0177
                      Mean entropy loss: 10.5205
           Mean standing_retention loss: 0.0004
                            Mean reward: -98.80
                    Mean episode length: 6.86
                        Mean action std: 0.38
  Episode_Reward/motion_global_root_pos: 0.0063
  Episode_Reward/motion_global_root_ori: 0.0053
         Episode_Reward/motion_body_pos: 0.0128
         Episode_Reward/motion_body_ori: 0.0092
     Episode_Reward/motion_body_lin_vel: 0.0099
     Episode_Reward/motion_body_ang_vel: 0.0082
          Episode_Reward/action_rate_l2: -0.0341
             Episode_Reward/joint_limit: -0.0011
         Episode_Reward/self_collisions: -0.0095
Episode_Reward/action_target_reference_l2: -0.0069
Episode_Reward/action_target_soft_limit_barrier: -0.0001
                   Episode_Reward/alive: 0.0575
 Episode_Reward/non_timeout_termination: -10.0000
Episode_Reward/worst_ee_z_normalized_squared: -0.0249
Episode_Reward/right_wrist_prethreshold_barrier: -0.0015
        Metrics/motion/error_anchor_pos: 0.0680
        Metrics/motion/error_anchor_rot: 0.1936
    Metrics/motion/error_anchor_lin_vel: 0.4492
    Metrics/motion/error_anchor_ang_vel: 1.1960
          Metrics/motion/error_body_pos: 0.3630
          Metrics/motion/error_body_rot: 0.4133
         Metrics/motion/error_joint_pos: 0.6043
         Metrics/motion/error_joint_vel: 6.0548
        Metrics/motion/sampling_entropy: 0.9366
      Metrics/motion/sampling_top1_prob: 0.0362
       Metrics/motion/sampling_top1_bin: 0.0924
      Metrics/motion/error_body_lin_vel: 0.5177
      Metrics/motion/error_body_ang_vel: 1.8373
           Episode_Termination/time_out: 0.0000
         Episode_Termination/anchor_pos: 0.0000
         Episode_Termination/anchor_ori: 0.0000
        Episode_Termination/ee_body_pos: 0.0000
Episode_Termination/corpus_clip_time_out: 0.0000
Episode_Termination/stage_one_actuation_guard: 3.6250
--------------------------------------------------------------------------------
                         Iteration time: 2.74s
                           Time elapsed: 00:02:35
                                    ETA: 00:07:23

################################################################################
[1m                           Learning iteration 152/300                           [0m 

                               Run name: breadth
                            Total steps: 27136 
                       Steps per second: 179 
                        Collection time: 1.899s 
                          Learning time: 0.956s 
                        Mean value loss: 2019.9470
                    Mean surrogate loss: -0.0220
                      Mean entropy loss: 10.5205
           Mean standing_retention loss: 0.0004
                            Mean reward: -99.73
                    Mean episode length: 7.74
                        Mean action std: 0.38
  Episode_Reward/motion_global_root_pos: 0.0065
  Episode_Reward/motion_global_root_ori: 0.0056
         Episode_Reward/motion_body_pos: 0.0135
         Episode_Reward/motion_body_ori: 0.0088
     Episode_Reward/motion_body_lin_vel: 0.0109
     Episode_Reward/motion_body_ang_vel: 0.0096
          Episode_Reward/action_rate_l2: -0.0339
             Episode_Reward/joint_limit: -0.0008
         Episode_Reward/self_collisions: -0.0121
Episode_Reward/action_target_reference_l2: -0.0097
Episode_Reward/action_target_soft_limit_barrier: -0.0003
                   Episode_Reward/alive: 0.0609
 Episode_Reward/non_timeout_termination: -10.0000
Episode_Reward/worst_ee_z_normalized_squared: -0.0335
Episode_Reward/right_wrist_prethreshold_barrier: -0.0010
        Metrics/motion/error_anchor_pos: 0.0622
        Metrics/motion/error_anchor_rot: 0.1618
    Metrics/motion/error_anchor_lin_vel: 0.4692
    Metrics/motion/error_anchor_ang_vel: 1.1069
          Metrics/motion/error_body_pos: 0.3348
          Metrics/motion/error_body_rot: 0.4131
         Metrics/motion/error_joint_pos: 0.5484
         Metrics/motion/error_joint_vel: 5.8026
        Metrics/motion/sampling_entropy: 0.9368
      Metrics/motion/sampling_top1_prob: 0.0367
       Metrics/motion/sampling_top1_bin: 0.0924
      Metrics/motion/error_body_lin_vel: 0.5274
      Metrics/motion/error_body_ang_vel: 1.6542
           Episode_Termination/time_out: 0.0000
         Episode_Termination/anchor_pos: 0.0000
         Episode_Termination/anchor_ori: 0.0000
        Episode_Termination/ee_body_pos: 0.1250
Episode_Termination/corpus_clip_time_out: 0.0000
Episode_Termination/stage_one_actuation_guard: 5.6250
--------------------------------------------------------------------------------
                         Iteration time: 2.86s
                           Time elapsed: 00:02:38
                                    ETA: 00:07:20

################################################################################
[1m                           Learning iteration 153/300                           [0m 

                               Run name: breadth
                            Total steps: 27648 
                       Steps per second: 178 
                        Collection time: 1.892s 
                          Learning time: 0.976s 
                        Mean value loss: 1310.3637
                    Mean surrogate loss: -0.0216
                      Mean entropy loss: 10.5205
           Mean standing_retention loss: 0.0005
                            Mean reward: -99.75
                    Mean episode length: 6.69
                        Mean action std: 0.38
  Episode_Reward/motion_global_root_pos: 0.0063
  Episode_Reward/motion_global_root_ori: 0.0054
         Episode_Reward/motion_body_pos: 0.0130
         Episode_Reward/motion_body_ori: 0.0095
     Episode_Reward/motion_body_lin_vel: 0.0104
     Episode_Reward/motion_body_ang_vel: 0.0087
          Episode_Reward/action_rate_l2: -0.0312
             Episode_Reward/joint_limit: -0.0006
         Episode_Reward/self_collisions: -0.0158
Episode_Reward/action_target_reference_l2: -0.0071
Episode_Reward/action_target_soft_limit_barrier: -0.0002
                   Episode_Reward/alive: 0.0582
 Episode_Reward/non_timeout_termination: -10.0000
Episode_Reward/worst_ee_z_normalized_squared: -0.0222
Episode_Reward/right_wrist_prethreshold_barrier: -0.0007
        Metrics/motion/error_anchor_pos: 0.0657
        Metrics/motion/error_anchor_rot: 0.1530
    Metrics/motion/error_anchor_lin_vel: 0.4378
    Metrics/motion/error_anchor_ang_vel: 1.0715
          Metrics/motion/error_body_pos: 0.3449
          Metrics/motion/error_body_rot: 0.3615
         Metrics/motion/error_joint_pos: 0.5643
         Metrics/motion/error_joint_vel: 5.7867
        Metrics/motion/sampling_entropy: 0.9366
      Metrics/motion/sampling_top1_prob: 0.0371
       Metrics/motion/sampling_top1_bin: 0.0924
      Metrics/motion/error_body_lin_vel: 0.4923
      Metrics/motion/error_body_ang_vel: 1.7116
           Episode_Termination/time_out: 0.0000
         Episode_Termination/anchor_pos: 0.0000
         Episode_Termination/anchor_ori: 0.0000
        Episode_Termination/ee_body_pos: 0.0000
Episode_Termination/corpus_clip_time_out: 0.0000
Episode_Termination/stage_one_actuation_guard: 3.4667
--------------------------------------------------------------------------------
                         Iteration time: 2.87s
                           Time elapsed: 00:02:41
                                    ETA: 00:07:16

################################################################################
[1m                           Learning iteration 154/300                           [0m 

                               Run name: breadth
                            Total steps: 28160 
                       Steps per second: 190 
                        Collection time: 1.693s 
                          Learning time: 0.990s 
                        Mean value loss: 1333.7986
                    Mean surrogate loss: -0.0229
                      Mean entropy loss: 10.5205
           Mean standing_retention loss: 0.0005
                            Mean reward: -99.67
                    Mean episode length: 8.57
                        Mean action std: 0.38
  Episode_Reward/motion_global_root_pos: 0.0095
  Episode_Reward/motion_global_root_ori: 0.0086
         Episode_Reward/motion_body_pos: 0.0199
         Episode_Reward/motion_body_ori: 0.0136
     Episode_Reward/motion_body_lin_vel: 0.0166
     Episode_Reward/motion_body_ang_vel: 0.0140
          Episode_Reward/action_rate_l2: -0.0441
             Episode_Reward/joint_limit: -0.0012
         Episode_Reward/self_collisions: -0.0221
Episode_Reward/action_target_reference_l2: -0.0126
Episode_Reward/action_target_soft_limit_barrier: -0.0004
                   Episode_Reward/alive: 0.0941
 Episode_Reward/non_timeout_termination: -10.0000
Episode_Reward/worst_ee_z_normalized_squared: -0.0400
Episode_Reward/right_wrist_prethreshold_barrier: -0.0002
        Metrics/motion/error_anchor_pos: 0.0855
        Metrics/motion/error_anchor_rot: 0.1743
    Metrics/motion/error_anchor_lin_vel: 0.5031
    Metrics/motion/error_anchor_ang_vel: 1.0825
          Metrics/motion/error_body_pos: 0.1862
          Metrics/motion/error_body_rot: 0.3067
         Metrics/motion/error_joint_pos: 0.7311
         Metrics/motion/error_joint_vel: 6.4691
        Metrics/motion/sampling_entropy: 0.9366
      Metrics/motion/sampling_top1_prob: 0.0366
       Metrics/motion/sampling_top1_bin: 0.0924
      Metrics/motion/error_body_lin_vel: 0.5236
      Metrics/motion/error_body_ang_vel: 1.9020
           Episode_Termination/time_out: 0.0000
         Episode_Termination/anchor_pos: 0.0000
         Episode_Termination/anchor_ori: 0.0000
        Episode_Termination/ee_body_pos: 0.0625
Episode_Termination/corpus_clip_time_out: 0.0000
Episode_Termination/stage_one_actuation_guard: 3.0000
--------------------------------------------------------------------------------
                         Iteration time: 2.68s
                           Time elapsed: 00:02:44
                                    ETA: 00:07:13

################################################################################
[1m                           Learning iteration 155/300                           [0m 

                               Run name: breadth
                            Total steps: 28672 
                       Steps per second: 180 
                        Collection time: 1.825s 
                          Learning time: 1.006s 
                        Mean value loss: 1641.6043
                    Mean surrogate loss: -0.0194
                      Mean entropy loss: 10.5205
           Mean standing_retention loss: 0.0004
                            Mean reward: -98.66
                    Mean episode length: 8.48
                        Mean action std: 0.38
  Episode_Reward/motion_global_root_pos: 0.0063
  Episode_Reward/motion_global_root_ori: 0.0055
         Episode_Reward/motion_body_pos: 0.0130
         Episode_Reward/motion_body_ori: 0.0087
     Episode_Reward/motion_body_lin_vel: 0.0100
     Episode_Reward/motion_body_ang_vel: 0.0085
          Episode_Reward/action_rate_l2: -0.0361
             Episode_Reward/joint_limit: -0.0002
         Episode_Reward/self_collisions: -0.0106
Episode_Reward/action_target_reference_l2: -0.0086
Episode_Reward/action_target_soft_limit_barrier: -0.0003
                   Episode_Reward/alive: 0.0584
 Episode_Reward/non_timeout_termination: -9.9306
Episode_Reward/worst_ee_z_normalized_squared: -0.0300
Episode_Reward/right_wrist_prethreshold_barrier: -0.0005
        Metrics/motion/error_anchor_pos: 0.0700
        Metrics/motion/error_anchor_rot: 0.1808
    Metrics/motion/error_anchor_lin_vel: 0.4808
    Metrics/motion/error_anchor_ang_vel: 1.0618
          Metrics/motion/error_body_pos: 0.5496
          Metrics/motion/error_body_rot: 0.5023
         Metrics/motion/error_joint_pos: 0.6415
         Metrics/motion/error_joint_vel: 5.8110
        Metrics/motion/sampling_entropy: 0.9379
      Metrics/motion/sampling_top1_prob: 0.0363
       Metrics/motion/sampling_top1_bin: 0.0924
      Metrics/motion/error_body_lin_vel: 0.5364
      Metrics/motion/error_body_ang_vel: 1.7044
           Episode_Termination/time_out: 0.0000
         Episode_Termination/anchor_pos: 0.0625
         Episode_Termination/anchor_ori: 0.0000
        Episode_Termination/ee_body_pos: 0.1250
Episode_Termination/corpus_clip_time_out: 0.0625
Episode_Termination/stage_one_actuation_guard: 4.1250
--------------------------------------------------------------------------------
                         Iteration time: 2.83s
                           Time elapsed: 00:02:47
                                    ETA: 00:07:09

################################################################################
[1m                           Learning iteration 156/300                           [0m 

                               Run name: breadth
                            Total steps: 29184 
                       Steps per second: 183 
                        Collection time: 1.844s 
                          Learning time: 0.945s 
                        Mean value loss: 2039.2761
                    Mean surrogate loss: -0.0205
                      Mean entropy loss: 10.5205
           Mean standing_retention loss: 0.0004
                            Mean reward: -98.76
                    Mean episode length: 7.48
                        Mean action std: 0.38
  Episode_Reward/motion_global_root_pos: 0.0068
  Episode_Reward/motion_global_root_ori: 0.0060
         Episode_Reward/motion_body_pos: 0.0141
         Episode_Reward/motion_body_ori: 0.0088
     Episode_Reward/motion_body_lin_vel: 0.0120
     Episode_Reward/motion_body_ang_vel: 0.0101
          Episode_Reward/action_rate_l2: -0.0342
             Episode_Reward/joint_limit: -0.0003
         Episode_Reward/self_collisions: -0.0157
Episode_Reward/action_target_reference_l2: -0.0106
Episode_Reward/action_target_soft_limit_barrier: -0.0002
                   Episode_Reward/alive: 0.0642
 Episode_Reward/non_timeout_termination: -9.9375
Episode_Reward/worst_ee_z_normalized_squared: -0.0368
Episode_Reward/right_wrist_prethreshold_barrier: -0.0006
        Metrics/motion/error_anchor_pos: 0.0584
        Metrics/motion/error_anchor_rot: 0.1525
    Metrics/motion/error_anchor_lin_vel: 0.4473
    Metrics/motion/error_anchor_ang_vel: 1.0192
          Metrics/motion/error_body_pos: 0.2264
          Metrics/motion/error_body_rot: 0.3587
         Metrics/motion/error_joint_pos: 0.5494
         Metrics/motion/error_joint_vel: 5.6090
        Metrics/motion/sampling_entropy: 0.9385
      Metrics/motion/sampling_top1_prob: 0.0365
       Metrics/motion/sampling_top1_bin: 0.0924
      Metrics/motion/error_body_lin_vel: 0.5045
      Metrics/motion/error_body_ang_vel: 1.6592
           Episode_Termination/time_out: 0.0000
         Episode_Termination/anchor_pos: 0.0000
         Episode_Termination/anchor_ori: 0.0000
        Episode_Termination/ee_body_pos: 0.0000
Episode_Termination/corpus_clip_time_out: 0.0625
Episode_Termination/stage_one_actuation_guard: 5.4375
--------------------------------------------------------------------------------
                         Iteration time: 2.79s
                           Time elapsed: 00:02:49
                                    ETA: 00:07:06

################################################################################
[1m                           Learning iteration 157/300                           [0m 

                               Run name: breadth
                            Total steps: 29696 
                       Steps per second: 182 
                        Collection time: 1.805s 
                          Learning time: 0.999s 
                        Mean value loss: 1611.1277
                    Mean surrogate loss: -0.0256
                      Mean entropy loss: 10.5205
           Mean standing_retention loss: 0.0003
                            Mean reward: -99.69
                    Mean episode length: 7.11
                        Mean action std: 0.38
  Episode_Reward/motion_global_root_pos: 0.0050
  Episode_Reward/motion_global_root_ori: 0.0047
         Episode_Reward/motion_body_pos: 0.0104
         Episode_Reward/motion_body_ori: 0.0081
     Episode_Reward/motion_body_lin_vel: 0.0081
     Episode_Reward/motion_body_ang_vel: 0.0069
          Episode_Reward/action_rate_l2: -0.0288
             Episode_Reward/joint_limit: -0.0007
         Episode_Reward/self_collisions: -0.0124
Episode_Reward/action_target_reference_l2: -0.0050
Episode_Reward/action_target_soft_limit_barrier: -0.0002
                   Episode_Reward/alive: 0.0434
 Episode_Reward/non_timeout_termination: -10.0000
Episode_Reward/worst_ee_z_normalized_squared: -0.0093
Episode_Reward/right_wrist_prethreshold_barrier: 0.0000
        Metrics/motion/error_anchor_pos: 0.0556
        Metrics/motion/error_anchor_rot: 0.1460
    Metrics/motion/error_anchor_lin_vel: 0.4718
    Metrics/motion/error_anchor_ang_vel: 0.9185
          Metrics/motion/error_body_pos: 0.4772
          Metrics/motion/error_body_rot: 0.4207
         Metrics/motion/error_joint_pos: 0.4963
         Metrics/motion/error_joint_vel: 5.4776
        Metrics/motion/sampling_entropy: 0.9394
      Metrics/motion/sampling_top1_prob: 0.0362
       Metrics/motion/sampling_top1_bin: 0.0924
      Metrics/motion/error_body_lin_vel: 0.5190
      Metrics/motion/error_body_ang_vel: 1.5408
           Episode_Termination/time_out: 0.0000
         Episode_Termination/anchor_pos: 0.0000
         Episode_Termination/anchor_ori: 0.0000
        Episode_Termination/ee_body_pos: 0.0625
Episode_Termination/corpus_clip_time_out: 0.0000
Episode_Termination/stage_one_actuation_guard: 4.8750
--------------------------------------------------------------------------------
                         Iteration time: 2.80s
                           Time elapsed: 00:02:52
                                    ETA: 00:07:02

################################################################################
[1m                           Learning iteration 158/300                           [0m 

                               Run name: breadth
                            Total steps: 30208 
                       Steps per second: 187 
                        Collection time: 1.706s 
                          Learning time: 1.027s 
                        Mean value loss: 1677.5575
                    Mean surrogate loss: -0.0222
                      Mean entropy loss: 10.5205
           Mean standing_retention loss: 0.0003
                            Mean reward: -98.98
                    Mean episode length: 6.12
                        Mean action std: 0.38
  Episode_Reward/motion_global_root_pos: 0.0058
  Episode_Reward/motion_global_root_ori: 0.0053
         Episode_Reward/motion_body_pos: 0.0122
         Episode_Reward/motion_body_ori: 0.0090
     Episode_Reward/motion_body_lin_vel: 0.0092
     Episode_Reward/motion_body_ang_vel: 0.0081
          Episode_Reward/action_rate_l2: -0.0312
             Episode_Reward/joint_limit: -0.0011
         Episode_Reward/self_collisions: -0.0135
Episode_Reward/action_target_reference_l2: -0.0066
Episode_Reward/action_target_soft_limit_barrier: -0.0003
                   Episode_Reward/alive: 0.0539
 Episode_Reward/non_timeout_termination: -9.8750
Episode_Reward/worst_ee_z_normalized_squared: -0.0195
Episode_Reward/right_wrist_prethreshold_barrier: -0.0332
        Metrics/motion/error_anchor_pos: 0.0675
        Metrics/motion/error_anchor_rot: 0.1626
    Metrics/motion/error_anchor_lin_vel: 0.5250
    Metrics/motion/error_anchor_ang_vel: 0.9838
          Metrics/motion/error_body_pos: 0.2669
          Metrics/motion/error_body_rot: 0.4297
         Metrics/motion/error_joint_pos: 0.5863
         Metrics/motion/error_joint_vel: 5.1001
        Metrics/motion/sampling_entropy: 0.9399
      Metrics/motion/sampling_top1_prob: 0.0363
       Metrics/motion/sampling_top1_bin: 0.0924
      Metrics/motion/error_body_lin_vel: 0.5684
      Metrics/motion/error_body_ang_vel: 1.5789
           Episode_Termination/time_out: 0.0000
         Episode_Termination/anchor_pos: 0.0000
         Episode_Termination/anchor_ori: 0.0000
        Episode_Termination/ee_body_pos: 0.1250
Episode_Termination/corpus_clip_time_out: 0.0625
Episode_Termination/stage_one_actuation_guard: 4.5000
--------------------------------------------------------------------------------
                         Iteration time: 2.73s
                           Time elapsed: 00:02:55
                                    ETA: 00:06:59

################################################################################
[1m                           Learning iteration 159/300                           [0m 

                               Run name: breadth
                            Total steps: 30720 
                       Steps per second: 194 
                        Collection time: 1.682s 
                          Learning time: 0.946s 
                        Mean value loss: 1098.6234
                    Mean surrogate loss: -0.0273
                      Mean entropy loss: 10.5205
           Mean standing_retention loss: 0.0003
                            Mean reward: -99.67
                    Mean episode length: 6.86
                        Mean action std: 0.38
  Episode_Reward/motion_global_root_pos: 0.0058
  Episode_Reward/motion_global_root_ori: 0.0051
         Episode_Reward/motion_body_pos: 0.0119
         Episode_Reward/motion_body_ori: 0.0087
     Episode_Reward/motion_body_lin_vel: 0.0087
     Episode_Reward/motion_body_ang_vel: 0.0072
          Episode_Reward/action_rate_l2: -0.0345
             Episode_Reward/joint_limit: -0.0018
         Episode_Reward/self_collisions: -0.0036
Episode_Reward/action_target_reference_l2: -0.0061
Episode_Reward/action_target_soft_limit_barrier: -0.0002
                   Episode_Reward/alive: 0.0521
 Episode_Reward/non_timeout_termination: -10.0000
Episode_Reward/worst_ee_z_normalized_squared: -0.0203
Episode_Reward/right_wrist_prethreshold_barrier: -0.0004
        Metrics/motion/error_anchor_pos: 0.0629
        Metrics/motion/error_anchor_rot: 0.1837
    Metrics/motion/error_anchor_lin_vel: 0.4477
    Metrics/motion/error_anchor_ang_vel: 1.3139
          Metrics/motion/error_body_pos: 0.1810
          Metrics/motion/error_body_rot: 0.2966
         Metrics/motion/error_joint_pos: 0.6006
         Metrics/motion/error_joint_vel: 7.1747
        Metrics/motion/sampling_entropy: 0.9401
      Metrics/motion/sampling_top1_prob: 0.0357
       Metrics/motion/sampling_top1_bin: 0.0924
      Metrics/motion/error_body_lin_vel: 0.5484
      Metrics/motion/error_body_ang_vel: 2.1494
           Episode_Termination/time_out: 0.0000
         Episode_Termination/anchor_pos: 0.0000
         Episode_Termination/anchor_ori: 0.0000
        Episode_Termination/ee_body_pos: 0.0000
Episode_Termination/corpus_clip_time_out: 0.0000
Episode_Termination/stage_one_actuation_guard: 3.2500
--------------------------------------------------------------------------------
                         Iteration time: 2.63s
                           Time elapsed: 00:02:58
                                    ETA: 00:06:55

################################################################################
[1m                           Learning iteration 160/300                           [0m 

                               Run name: breadth
                            Total steps: 31232 
                       Steps per second: 91 
                        Collection time: 4.593s 
                          Learning time: 1.012s 
                        Mean value loss: 1542.3524
                    Mean surrogate loss: -0.0207
                      Mean entropy loss: 10.5205
           Mean standing_retention loss: 0.0003
                            Mean reward: -99.75
                    Mean episode length: 9.34
                        Mean action std: 0.38
  Episode_Reward/motion_global_root_pos: 0.0106
  Episode_Reward/motion_global_root_ori: 0.0088
         Episode_Reward/motion_body_pos: 0.0224
         Episode_Reward/motion_body_ori: 0.0128
     Episode_Reward/motion_body_lin_vel: 0.0191
     Episode_Reward/motion_body_ang_vel: 0.0162
          Episode_Reward/action_rate_l2: -0.0457
             Episode_Reward/joint_limit: -0.0008
         Episode_Reward/self_collisions: -0.0385
Episode_Reward/action_target_reference_l2: -0.0200
Episode_Reward/action_target_soft_limit_barrier: -0.0004
                   Episode_Reward/alive: 0.1083
 Episode_Reward/non_timeout_termination: -10.0000
Episode_Reward/worst_ee_z_normalized_squared: -0.0760
Episode_Reward/right_wrist_prethreshold_barrier: -0.0016
        Metrics/motion/error_anchor_pos: 0.0829
        Metrics/motion/error_anchor_rot: 0.1933
    Metrics/motion/error_anchor_lin_vel: 0.4582
    Metrics/motion/error_anchor_ang_vel: 0.9546
          Metrics/motion/error_body_pos: 0.3540
          Metrics/motion/error_body_rot: 0.4153
         Metrics/motion/error_joint_pos: 0.8265
         Metrics/motion/error_joint_vel: 5.8663
        Metrics/motion/sampling_entropy: 0.9406
      Metrics/motion/sampling_top1_prob: 0.0360
       Metrics/motion/sampling_top1_bin: 0.0924
      Metrics/motion/error_body_lin_vel: 0.4869
      Metrics/motion/error_body_ang_vel: 1.6851
           Episode_Termination/time_out: 0.0000
         Episode_Termination/anchor_pos: 0.0000
         Episode_Termination/anchor_ori: 0.0000
        Episode_Termination/ee_body_pos: 0.1250
Episode_Termination/corpus_clip_time_out: 0.0000
Episode_Termination/stage_one_actuation_guard: 3.5625
--------------------------------------------------------------------------------
                         Iteration time: 5.61s
                           Time elapsed: 00:03:03
                                    ETA: 00:06:58

################################################################################
[1m                           Learning iteration 161/300                           [0m 

                               Run name: breadth
                            Total steps: 31744 
                       Steps per second: 187 
                        Collection time: 1.782s 
                          Learning time: 0.954s 
                        Mean value loss: 1466.3900
                    Mean surrogate loss: -0.0211
                      Mean entropy loss: 10.5205
           Mean standing_retention loss: 0.0002
                            Mean reward: -98.71
                    Mean episode length: 8.74
                        Mean action std: 0.38
  Episode_Reward/motion_global_root_pos: 0.0072
  Episode_Reward/motion_global_root_ori: 0.0062
         Episode_Reward/motion_body_pos: 0.0149
         Episode_Reward/motion_body_ori: 0.0095
     Episode_Reward/motion_body_lin_vel: 0.0124
     Episode_Reward/motion_body_ang_vel: 0.0104
          Episode_Reward/action_rate_l2: -0.0360
             Episode_Reward/joint_limit: -0.0004
         Episode_Reward/self_collisions: -0.0153
Episode_Reward/action_target_reference_l2: -0.0107
Episode_Reward/action_target_soft_limit_barrier: -0.0004
                   Episode_Reward/alive: 0.0678
 Episode_Reward/non_timeout_termination: -9.7917
Episode_Reward/worst_ee_z_normalized_squared: -0.0338
Episode_Reward/right_wrist_prethreshold_barrier: -0.0000
        Metrics/motion/error_anchor_pos: 0.0629
        Metrics/motion/error_anchor_rot: 0.1577
    Metrics/motion/error_anchor_lin_vel: 0.4616
    Metrics/motion/error_anchor_ang_vel: 1.0087
          Metrics/motion/error_body_pos: 0.4518
          Metrics/motion/error_body_rot: 0.4289
         Metrics/motion/error_joint_pos: 0.6179
         Metrics/motion/error_joint_vel: 5.5545
        Metrics/motion/sampling_entropy: 0.9406
      Metrics/motion/sampling_top1_prob: 0.0364
       Metrics/motion/sampling_top1_bin: 0.0924
      Metrics/motion/error_body_lin_vel: 0.5079
      Metrics/motion/error_body_ang_vel: 1.6675
           Episode_Termination/time_out: 0.0000
         Episode_Termination/anchor_pos: 0.0000
         Episode_Termination/anchor_ori: 0.0000
        Episode_Termination/ee_body_pos: 0.0000
Episode_Termination/corpus_clip_time_out: 0.0625
Episode_Termination/stage_one_actuation_guard: 4.0625
--------------------------------------------------------------------------------
                         Iteration time: 2.74s
                           Time elapsed: 00:03:06
                                    ETA: 00:06:54

################################################################################
[1m                           Learning iteration 162/300                           [0m 

                               Run name: breadth
                            Total steps: 32256 
                       Steps per second: 192 
                        Collection time: 1.752s 
                          Learning time: 0.914s 
                        Mean value loss: 1353.8095
                    Mean surrogate loss: -0.0228
                      Mean entropy loss: 10.5205
           Mean standing_retention loss: 0.0002
                            Mean reward: -99.69
                    Mean episode length: 7.77
                        Mean action std: 0.38
  Episode_Reward/motion_global_root_pos: 0.0059
  Episode_Reward/motion_global_root_ori: 0.0055
         Episode_Reward/motion_body_pos: 0.0126
         Episode_Reward/motion_body_ori: 0.0087
     Episode_Reward/motion_body_lin_vel: 0.0098
     Episode_Reward/motion_body_ang_vel: 0.0086
          Episode_Reward/action_rate_l2: -0.0337
             Episode_Reward/joint_limit: -0.0002
         Episode_Reward/self_collisions: -0.0145
Episode_Reward/action_target_reference_l2: -0.0077
Episode_Reward/action_target_soft_limit_barrier: -0.0002
                   Episode_Reward/alive: 0.0556
 Episode_Reward/non_timeout_termination: -10.0000
Episode_Reward/worst_ee_z_normalized_squared: -0.0214
Episode_Reward/right_wrist_prethreshold_barrier: -0.0001
        Metrics/motion/error_anchor_pos: 0.0672
        Metrics/motion/error_anchor_rot: 0.1598
    Metrics/motion/error_anchor_lin_vel: 0.5036
    Metrics/motion/error_anchor_ang_vel: 1.0263
          Metrics/motion/error_body_pos: 0.5839
          Metrics/motion/error_body_rot: 0.4363
         Metrics/motion/error_joint_pos: 0.5444
         Metrics/motion/error_joint_vel: 6.1222
        Metrics/motion/sampling_entropy: 0.9409
      Metrics/motion/sampling_top1_prob: 0.0361
       Metrics/motion/sampling_top1_bin: 0.0924
      Metrics/motion/error_body_lin_vel: 0.5568
      Metrics/motion/error_body_ang_vel: 1.7050
           Episode_Termination/time_out: 0.0000
         Episode_Termination/anchor_pos: 0.0000
         Episode_Termination/anchor_ori: 0.0000
        Episode_Termination/ee_body_pos: 0.0667
Episode_Termination/corpus_clip_time_out: 0.0000
Episode_Termination/stage_one_actuation_guard: 4.2000
--------------------------------------------------------------------------------
                         Iteration time: 2.67s
                           Time elapsed: 00:03:09
                                    ETA: 00:06:51

################################################################################
[1m                           Learning iteration 163/300                           [0m 

                               Run name: breadth
                            Total steps: 32768 
                       Steps per second: 189 
                        Collection time: 1.757s 
                          Learning time: 0.944s 
                        Mean value loss: 1663.9100
                    Mean surrogate loss: -0.0209
                      Mean entropy loss: 10.5205
           Mean standing_retention loss: 0.0003
                            Mean reward: -99.53
                    Mean episode length: 7.19
                        Mean action std: 0.38
  Episode_Reward/motion_global_root_pos: 0.0072
  Episode_Reward/motion_global_root_ori: 0.0064
         Episode_Reward/motion_body_pos: 0.0152
         Episode_Reward/motion_body_ori: 0.0108
     Episode_Reward/motion_body_lin_vel: 0.0121
     Episode_Reward/motion_body_ang_vel: 0.0102
          Episode_Reward/action_rate_l2: -0.0364
             Episode_Reward/joint_limit: -0.0006
         Episode_Reward/self_collisions: -0.0074
Episode_Reward/action_target_reference_l2: -0.0079
Episode_Reward/action_target_soft_limit_barrier: -0.0002
                   Episode_Reward/alive: 0.0685
 Episode_Reward/non_timeout_termination: -10.0000
Episode_Reward/worst_ee_z_normalized_squared: -0.0148
Episode_Reward/right_wrist_prethreshold_barrier: 0.0000
        Metrics/motion/error_anchor_pos: 0.0706
        Metrics/motion/error_anchor_rot: 0.1623
    Metrics/motion/error_anchor_lin_vel: 0.4855
    Metrics/motion/error_anchor_ang_vel: 1.2062
          Metrics/motion/error_body_pos: 0.3416
          Metrics/motion/error_body_rot: 0.3658
         Metrics/motion/error_joint_pos: 0.5992
         Metrics/motion/error_joint_vel: 6.1759
        Metrics/motion/sampling_entropy: 0.9410
      Metrics/motion/sampling_top1_prob: 0.0361
       Metrics/motion/sampling_top1_bin: 0.0924
      Metrics/motion/error_body_lin_vel: 0.5319
      Metrics/motion/error_body_ang_vel: 1.8361
           Episode_Termination/time_out: 0.0000
         Episode_Termination/anchor_pos: 0.0000
         Episode_Termination/anchor_ori: 0.0000
        Episode_Termination/ee_body_pos: 0.0000
Episode_Termination/corpus_clip_time_out: 0.0667
Episode_Termination/stage_one_actuation_guard: 4.5333
--------------------------------------------------------------------------------
                         Iteration time: 2.70s
                           Time elapsed: 00:03:11
                                    ETA: 00:06:47

################################################################################
[1m                           Learning iteration 164/300                           [0m 

                               Run name: breadth
                            Total steps: 33280 
                       Steps per second: 188 
                        Collection time: 1.747s 
                          Learning time: 0.973s 
                        Mean value loss: 1866.5061
                    Mean surrogate loss: -0.0260
                      Mean entropy loss: 10.5205
           Mean standing_retention loss: 0.0003
                            Mean reward: -99.52
                    Mean episode length: 7.94
                        Mean action std: 0.38
  Episode_Reward/motion_global_root_pos: 0.0081
  Episode_Reward/motion_global_root_ori: 0.0072
         Episode_Reward/motion_body_pos: 0.0166
         Episode_Reward/motion_body_ori: 0.0110
     Episode_Reward/motion_body_lin_vel: 0.0142
     Episode_Reward/motion_body_ang_vel: 0.0121
          Episode_Reward/action_rate_l2: -0.0375
             Episode_Reward/joint_limit: -0.0001
         Episode_Reward/self_collisions: -0.0105
Episode_Reward/action_target_reference_l2: -0.0113
Episode_Reward/action_target_soft_limit_barrier: -0.0002
                   Episode_Reward/alive: 0.0762
 Episode_Reward/non_timeout_termination: -10.0000
Episode_Reward/worst_ee_z_normalized_squared: -0.0288
Episode_Reward/right_wrist_prethreshold_barrier: -0.0000
        Metrics/motion/error_anchor_pos: 0.0592
        Metrics/motion/error_anchor_rot: 0.1498
    Metrics/motion/error_anchor_lin_vel: 0.4978
    Metrics/motion/error_anchor_ang_vel: 1.0004
          Metrics/motion/error_body_pos: 0.4252
          Metrics/motion/error_body_rot: 0.4258
         Metrics/motion/error_joint_pos: 0.5623
         Metrics/motion/error_joint_vel: 5.6434
        Metrics/motion/sampling_entropy: 0.9416
      Metrics/motion/sampling_top1_prob: 0.0352
       Metrics/motion/sampling_top1_bin: 0.0924
      Metrics/motion/error_body_lin_vel: 0.5533
      Metrics/motion/error_body_ang_vel: 1.6841
           Episode_Termination/time_out: 0.0000
         Episode_Termination/anchor_pos: 0.0000
         Episode_Termination/anchor_ori: 0.0000
        Episode_Termination/ee_body_pos: 0.0000
Episode_Termination/corpus_clip_time_out: 0.0000
Episode_Termination/stage_one_actuation_guard: 5.7500
--------------------------------------------------------------------------------
                         Iteration time: 2.72s
                           Time elapsed: 00:03:14
                                    ETA: 00:06:43

################################################################################
[1m                           Learning iteration 165/300                           [0m 

                               Run name: breadth
                            Total steps: 33792 
                       Steps per second: 182 
                        Collection time: 1.785s 
                          Learning time: 1.019s 
                        Mean value loss: 1429.0500
                    Mean surrogate loss: -0.0219
                      Mean entropy loss: 10.5205
           Mean standing_retention loss: 0.0003
                            Mean reward: -99.84
                    Mean episode length: 5.49
                        Mean action std: 0.38
  Episode_Reward/motion_global_root_pos: 0.0050
  Episode_Reward/motion_global_root_ori: 0.0045
         Episode_Reward/motion_body_pos: 0.0103
         Episode_Reward/motion_body_ori: 0.0080
     Episode_Reward/motion_body_lin_vel: 0.0076
     Episode_Reward/motion_body_ang_vel: 0.0068
          Episode_Reward/action_rate_l2: -0.0305
             Episode_Reward/joint_limit: -0.0011
         Episode_Reward/self_collisions: -0.0092
Episode_Reward/action_target_reference_l2: -0.0051
Episode_Reward/action_target_soft_limit_barrier: -0.0002
                   Episode_Reward/alive: 0.0441
 Episode_Reward/non_timeout_termination: -10.0000
Episode_Reward/worst_ee_z_normalized_squared: -0.0158
Episode_Reward/right_wrist_prethreshold_barrier: -0.0062
        Metrics/motion/error_anchor_pos: 0.0657
        Metrics/motion/error_anchor_rot: 0.1613
    Metrics/motion/error_anchor_lin_vel: 0.4777
    Metrics/motion/error_anchor_ang_vel: 1.1205
          Metrics/motion/error_body_pos: 0.3114
          Metrics/motion/error_body_rot: 0.3520
         Metrics/motion/error_joint_pos: 0.5468
         Metrics/motion/error_joint_vel: 5.9231
        Metrics/motion/sampling_entropy: 0.9420
      Metrics/motion/sampling_top1_prob: 0.0344
       Metrics/motion/sampling_top1_bin: 0.0924
      Metrics/motion/error_body_lin_vel: 0.5148
      Metrics/motion/error_body_ang_vel: 1.6739
           Episode_Termination/time_out: 0.0000
         Episode_Termination/anchor_pos: 0.0000
         Episode_Termination/anchor_ori: 0.0000
        Episode_Termination/ee_body_pos: 0.0625
Episode_Termination/corpus_clip_time_out: 0.0000
Episode_Termination/stage_one_actuation_guard: 4.6875
--------------------------------------------------------------------------------
                         Iteration time: 2.80s
                           Time elapsed: 00:03:17
                                    ETA: 00:06:40

################################################################################
[1m                           Learning iteration 166/300                           [0m 

                               Run name: breadth
                            Total steps: 34304 
                       Steps per second: 193 
                        Collection time: 1.728s 
                          Learning time: 0.924s 
                        Mean value loss: 1343.8389
                    Mean surrogate loss: -0.0193
                      Mean entropy loss: 10.5205
           Mean standing_retention loss: 0.0004
                            Mean reward: -99.74
                    Mean episode length: 6.17
                        Mean action std: 0.38
  Episode_Reward/motion_global_root_pos: 0.0061
  Episode_Reward/motion_global_root_ori: 0.0056
         Episode_Reward/motion_body_pos: 0.0128
         Episode_Reward/motion_body_ori: 0.0091
     Episode_Reward/motion_body_lin_vel: 0.0099
     Episode_Reward/motion_body_ang_vel: 0.0084
          Episode_Reward/action_rate_l2: -0.0304
             Episode_Reward/joint_limit: -0.0004
         Episode_Reward/self_collisions: -0.0197
Episode_Reward/action_target_reference_l2: -0.0082
Episode_Reward/action_target_soft_limit_barrier: -0.0003
                   Episode_Reward/alive: 0.0563
 Episode_Reward/non_timeout_termination: -10.0000
Episode_Reward/worst_ee_z_normalized_squared: -0.0198
Episode_Reward/right_wrist_prethreshold_barrier: 0.0000
        Metrics/motion/error_anchor_pos: 0.0676
        Metrics/motion/error_anchor_rot: 0.1457
    Metrics/motion/error_anchor_lin_vel: 0.4757
    Metrics/motion/error_anchor_ang_vel: 1.0910
          Metrics/motion/error_body_pos: 0.1522
          Metrics/motion/error_body_rot: 0.3368
         Metrics/motion/error_joint_pos: 0.6596
         Metrics/motion/error_joint_vel: 5.5916
        Metrics/motion/sampling_entropy: 0.9425
      Metrics/motion/sampling_top1_prob: 0.0336
       Metrics/motion/sampling_top1_bin: 0.0924
      Metrics/motion/error_body_lin_vel: 0.5226
      Metrics/motion/error_body_ang_vel: 1.5947
           Episode_Termination/time_out: 0.0000
         Episode_Termination/anchor_pos: 0.0000
         Episode_Termination/anchor_ori: 0.0000
        Episode_Termination/ee_body_pos: 0.0625
Episode_Termination/corpus_clip_time_out: 0.0000
Episode_Termination/stage_one_actuation_guard: 4.1250
--------------------------------------------------------------------------------
                         Iteration time: 2.65s
                           Time elapsed: 00:03:19
                                    ETA: 00:06:36

################################################################################
[1m                           Learning iteration 167/300                           [0m 

                               Run name: breadth
                            Total steps: 34816 
                       Steps per second: 186 
                        Collection time: 1.729s 
                          Learning time: 1.015s 
                        Mean value loss: 1448.3297
                    Mean surrogate loss: -0.0254
                      Mean entropy loss: 10.5205
           Mean standing_retention loss: 0.0003
                            Mean reward: -99.77
                    Mean episode length: 7.10
                        Mean action std: 0.38
  Episode_Reward/motion_global_root_pos: 0.0066
  Episode_Reward/motion_global_root_ori: 0.0061
         Episode_Reward/motion_body_pos: 0.0143
         Episode_Reward/motion_body_ori: 0.0089
     Episode_Reward/motion_body_lin_vel: 0.0110
     Episode_Reward/motion_body_ang_vel: 0.0094
          Episode_Reward/action_rate_l2: -0.0410
             Episode_Reward/joint_limit: -0.0004
         Episode_Reward/self_collisions: -0.0168
Episode_Reward/action_target_reference_l2: -0.0101
Episode_Reward/action_target_soft_limit_barrier: -0.0002
                   Episode_Reward/alive: 0.0655
 Episode_Reward/non_timeout_termination: -10.0000
Episode_Reward/worst_ee_z_normalized_squared: -0.0359
Episode_Reward/right_wrist_prethreshold_barrier: 0.0000
        Metrics/motion/error_anchor_pos: 0.0784
        Metrics/motion/error_anchor_rot: 0.1684
    Metrics/motion/error_anchor_lin_vel: 0.4887
    Metrics/motion/error_anchor_ang_vel: 1.1549
          Metrics/motion/error_body_pos: 0.5430
          Metrics/motion/error_body_rot: 0.5891
         Metrics/motion/error_joint_pos: 0.6025
         Metrics/motion/error_joint_vel: 5.8708
        Metrics/motion/sampling_entropy: 0.9426
      Metrics/motion/sampling_top1_prob: 0.0336
       Metrics/motion/sampling_top1_bin: 0.0924
      Metrics/motion/error_body_lin_vel: 0.5415
      Metrics/motion/error_body_ang_vel: 1.7184
           Episode_Termination/time_out: 0.0000
         Episode_Termination/anchor_pos: 0.0000
         Episode_Termination/anchor_ori: 0.0000
        Episode_Termination/ee_body_pos: 0.1250
Episode_Termination/corpus_clip_time_out: 0.0000
Episode_Termination/stage_one_actuation_guard: 4.3750
--------------------------------------------------------------------------------
                         Iteration time: 2.74s
                           Time elapsed: 00:03:22
                                    ETA: 00:06:33

################################################################################
[1m                           Learning iteration 168/300                           [0m 

                               Run name: breadth
                            Total steps: 35328 
                       Steps per second: 184 
                        Collection time: 1.799s 
                          Learning time: 0.975s 
                        Mean value loss: 1522.9281
                    Mean surrogate loss: -0.0222
                      Mean entropy loss: 10.5205
           Mean standing_retention loss: 0.0003
                            Mean reward: -99.62
                    Mean episode length: 8.45
                        Mean action std: 0.38
  Episode_Reward/motion_global_root_pos: 0.0082
  Episode_Reward/motion_global_root_ori: 0.0069
         Episode_Reward/motion_body_pos: 0.0166
         Episode_Reward/motion_body_ori: 0.0113
     Episode_Reward/motion_body_lin_vel: 0.0138
     Episode_Reward/motion_body_ang_vel: 0.0115
          Episode_Reward/action_rate_l2: -0.0366
             Episode_Reward/joint_limit: -0.0005
         Episode_Reward/self_collisions: -0.0318
Episode_Reward/action_target_reference_l2: -0.0108
Episode_Reward/action_target_soft_limit_barrier: -0.0002
                   Episode_Reward/alive: 0.0764
 Episode_Reward/non_timeout_termination: -10.0000
Episode_Reward/worst_ee_z_normalized_squared: -0.0333
Episode_Reward/right_wrist_prethreshold_barrier: 0.0000
        Metrics/motion/error_anchor_pos: 0.0644
        Metrics/motion/error_anchor_rot: 0.1675
    Metrics/motion/error_anchor_lin_vel: 0.4278
    Metrics/motion/error_anchor_ang_vel: 0.9957
          Metrics/motion/error_body_pos: 0.1922
          Metrics/motion/error_body_rot: 0.3188
         Metrics/motion/error_joint_pos: 0.6911
         Metrics/motion/error_joint_vel: 6.1231
        Metrics/motion/sampling_entropy: 0.9423
      Metrics/motion/sampling_top1_prob: 0.0343
       Metrics/motion/sampling_top1_bin: 0.0924
      Metrics/motion/error_body_lin_vel: 0.4738
      Metrics/motion/error_body_ang_vel: 1.7164
           Episode_Termination/time_out: 0.0000
         Episode_Termination/anchor_pos: 0.0000
         Episode_Termination/anchor_ori: 0.0000
        Episode_Termination/ee_body_pos: 0.0625
Episode_Termination/corpus_clip_time_out: 0.0000
Episode_Termination/stage_one_actuation_guard: 4.3125
--------------------------------------------------------------------------------
                         Iteration time: 2.77s
                           Time elapsed: 00:03:25
                                    ETA: 00:06:30

################################################################################
[1m                           Learning iteration 169/300                           [0m 

                               Run name: breadth
                            Total steps: 35840 
                       Steps per second: 196 
                        Collection time: 1.715s 
                          Learning time: 0.887s 
                        Mean value loss: 1670.1675
                    Mean surrogate loss: -0.0240
                      Mean entropy loss: 10.5205
           Mean standing_retention loss: 0.0003
                            Mean reward: -98.73
                    Mean episode length: 5.82
                        Mean action std: 0.38
  Episode_Reward/motion_global_root_pos: 0.0055
  Episode_Reward/motion_global_root_ori: 0.0049
         Episode_Reward/motion_body_pos: 0.0111
         Episode_Reward/motion_body_ori: 0.0079
     Episode_Reward/motion_body_lin_vel: 0.0089
     Episode_Reward/motion_body_ang_vel: 0.0072
          Episode_Reward/action_rate_l2: -0.0316
             Episode_Reward/joint_limit: -0.0006
         Episode_Reward/self_collisions: -0.0113
Episode_Reward/action_target_reference_l2: -0.0065
Episode_Reward/action_target_soft_limit_barrier: -0.0002
                   Episode_Reward/alive: 0.0479
 Episode_Reward/non_timeout_termination: -9.9306
Episode_Reward/worst_ee_z_normalized_squared: -0.0185
Episode_Reward/right_wrist_prethreshold_barrier: -0.0009
        Metrics/motion/error_anchor_pos: 0.0534
        Metrics/motion/error_anchor_rot: 0.1451
    Metrics/motion/error_anchor_lin_vel: 0.4708
    Metrics/motion/error_anchor_ang_vel: 0.9835
          Metrics/motion/error_body_pos: 0.6492
          Metrics/motion/error_body_rot: 0.5001
         Metrics/motion/error_joint_pos: 0.5453
         Metrics/motion/error_joint_vel: 5.6999
        Metrics/motion/sampling_entropy: 0.9426
      Metrics/motion/sampling_top1_prob: 0.0337
       Metrics/motion/sampling_top1_bin: 0.0924
      Metrics/motion/error_body_lin_vel: 0.5335
      Metrics/motion/error_body_ang_vel: 1.6940
           Episode_Termination/time_out: 0.0000
         Episode_Termination/anchor_pos: 0.0000
         Episode_Termination/anchor_ori: 0.0000
        Episode_Termination/ee_body_pos: 0.0000
Episode_Termination/corpus_clip_time_out: 0.0625
Episode_Termination/stage_one_actuation_guard: 5.6875
--------------------------------------------------------------------------------
                         Iteration time: 2.60s
                           Time elapsed: 00:03:28
                                    ETA: 00:06:26

################################################################################
[1m                           Learning iteration 170/300                           [0m 

                               Run name: breadth
                            Total steps: 36352 
                       Steps per second: 87 
                        Collection time: 4.826s 
                          Learning time: 1.007s 
                        Mean value loss: 1420.1703
                    Mean surrogate loss: -0.0214
                      Mean entropy loss: 10.5205
           Mean standing_retention loss: 0.0003
                            Mean reward: -99.78
                    Mean episode length: 6.25
                        Mean action std: 0.38
  Episode_Reward/motion_global_root_pos: 0.0058
  Episode_Reward/motion_global_root_ori: 0.0051
         Episode_Reward/motion_body_pos: 0.0120
         Episode_Reward/motion_body_ori: 0.0084
     Episode_Reward/motion_body_lin_vel: 0.0091
     Episode_Reward/motion_body_ang_vel: 0.0078
          Episode_Reward/action_rate_l2: -0.0338
             Episode_Reward/joint_limit: -0.0003
         Episode_Reward/self_collisions: -0.0092
Episode_Reward/action_target_reference_l2: -0.0077
Episode_Reward/action_target_soft_limit_barrier: -0.0003
                   Episode_Reward/alive: 0.0532
 Episode_Reward/non_timeout_termination: -10.0000
Episode_Reward/worst_ee_z_normalized_squared: -0.0246
Episode_Reward/right_wrist_prethreshold_barrier: 0.0000
        Metrics/motion/error_anchor_pos: 0.0657
        Metrics/motion/error_anchor_rot: 0.1633
    Metrics/motion/error_anchor_lin_vel: 0.4923
    Metrics/motion/error_anchor_ang_vel: 1.1510
          Metrics/motion/error_body_pos: 0.5084
          Metrics/motion/error_body_rot: 0.3840
         Metrics/motion/error_joint_pos: 0.5727
         Metrics/motion/error_joint_vel: 6.1420
        Metrics/motion/sampling_entropy: 0.9425
      Metrics/motion/sampling_top1_prob: 0.0336
       Metrics/motion/sampling_top1_bin: 0.0924
      Metrics/motion/error_body_lin_vel: 0.5659
      Metrics/motion/error_body_ang_vel: 1.7562
           Episode_Termination/time_out: 0.0000
         Episode_Termination/anchor_pos: 0.0000
         Episode_Termination/anchor_ori: 0.0000
        Episode_Termination/ee_body_pos: 0.1250
Episode_Termination/corpus_clip_time_out: 0.0000
Episode_Termination/stage_one_actuation_guard: 4.5625
--------------------------------------------------------------------------------
                         Iteration time: 5.83s
                           Time elapsed: 00:03:33
                                    ETA: 00:06:28

################################################################################
[1m                           Learning iteration 171/300                           [0m 

                               Run name: breadth
                            Total steps: 36864 
                       Steps per second: 194 
                        Collection time: 1.740s 
                          Learning time: 0.894s 
                        Mean value loss: 1381.0073
                    Mean surrogate loss: -0.0241
                      Mean entropy loss: 10.5205
           Mean standing_retention loss: 0.0003
                            Mean reward: -99.71
                    Mean episode length: 6.62
                        Mean action std: 0.38
  Episode_Reward/motion_global_root_pos: 0.0061
  Episode_Reward/motion_global_root_ori: 0.0055
         Episode_Reward/motion_body_pos: 0.0127
         Episode_Reward/motion_body_ori: 0.0082
     Episode_Reward/motion_body_lin_vel: 0.0099
     Episode_Reward/motion_body_ang_vel: 0.0082
          Episode_Reward/action_rate_l2: -0.0306
             Episode_Reward/joint_limit: -0.0002
         Episode_Reward/self_collisions: -0.0142
Episode_Reward/action_target_reference_l2: -0.0090
Episode_Reward/action_target_soft_limit_barrier: -0.0003
                   Episode_Reward/alive: 0.0561
 Episode_Reward/non_timeout_termination: -10.0000
Episode_Reward/worst_ee_z_normalized_squared: -0.0262
Episode_Reward/right_wrist_prethreshold_barrier: 0.0000
        Metrics/motion/error_anchor_pos: 0.0698
        Metrics/motion/error_anchor_rot: 0.1495
    Metrics/motion/error_anchor_lin_vel: 0.4658
    Metrics/motion/error_anchor_ang_vel: 0.9768
          Metrics/motion/error_body_pos: 0.3096
          Metrics/motion/error_body_rot: 0.3947
         Metrics/motion/error_joint_pos: 0.5910
         Metrics/motion/error_joint_vel: 5.3923
        Metrics/motion/sampling_entropy: 0.9427
      Metrics/motion/sampling_top1_prob: 0.0333
       Metrics/motion/sampling_top1_bin: 0.0924
      Metrics/motion/error_body_lin_vel: 0.5081
      Metrics/motion/error_body_ang_vel: 1.6366
           Episode_Termination/time_out: 0.0000
         Episode_Termination/anchor_pos: 0.0000
         Episode_Termination/anchor_ori: 0.0000
        Episode_Termination/ee_body_pos: 0.0000
Episode_Termination/corpus_clip_time_out: 0.0000
Episode_Termination/stage_one_actuation_guard: 4.6000
--------------------------------------------------------------------------------
                         Iteration time: 2.63s
                           Time elapsed: 00:03:36
                                    ETA: 00:06:24

################################################################################
[1m                           Learning iteration 172/300                           [0m 

                               Run name: breadth
                            Total steps: 37376 
                       Steps per second: 193 
                        Collection time: 1.664s 
                          Learning time: 0.979s 
                        Mean value loss: 1430.9371
                    Mean surrogate loss: -0.0228
                      Mean entropy loss: 10.5205
           Mean standing_retention loss: 0.0003
                            Mean reward: -99.71
                    Mean episode length: 7.66
                        Mean action std: 0.38
  Episode_Reward/motion_global_root_pos: 0.0081
  Episode_Reward/motion_global_root_ori: 0.0071
         Episode_Reward/motion_body_pos: 0.0164
         Episode_Reward/motion_body_ori: 0.0101
     Episode_Reward/motion_body_lin_vel: 0.0139
     Episode_Reward/motion_body_ang_vel: 0.0115
          Episode_Reward/action_rate_l2: -0.0384
             Episode_Reward/joint_limit: -0.0016
         Episode_Reward/self_collisions: -0.0138
Episode_Reward/action_target_reference_l2: -0.0128
Episode_Reward/action_target_soft_limit_barrier: -0.0003
                   Episode_Reward/alive: 0.0760
 Episode_Reward/non_timeout_termination: -10.0000
Episode_Reward/worst_ee_z_normalized_squared: -0.0432
Episode_Reward/right_wrist_prethreshold_barrier: -0.0001
        Metrics/motion/error_anchor_pos: 0.0650
        Metrics/motion/error_anchor_rot: 0.1554
    Metrics/motion/error_anchor_lin_vel: 0.4474
    Metrics/motion/error_anchor_ang_vel: 1.0551
          Metrics/motion/error_body_pos: 0.3191
          Metrics/motion/error_body_rot: 0.4272
         Metrics/motion/error_joint_pos: 0.7058
         Metrics/motion/error_joint_vel: 5.6086
        Metrics/motion/sampling_entropy: 0.9430
      Metrics/motion/sampling_top1_prob: 0.0332
       Metrics/motion/sampling_top1_bin: 0.0924
      Metrics/motion/error_body_lin_vel: 0.4759
      Metrics/motion/error_body_ang_vel: 1.5756
           Episode_Termination/time_out: 0.0000
         Episode_Termination/anchor_pos: 0.0000
         Episode_Termination/anchor_ori: 0.0000
        Episode_Termination/ee_body_pos: 0.0667
Episode_Termination/corpus_clip_time_out: 0.0000
Episode_Termination/stage_one_actuation_guard: 4.5333
--------------------------------------------------------------------------------
                         Iteration time: 2.64s
                           Time elapsed: 00:03:39
                                    ETA: 00:06:21

################################################################################
[1m                           Learning iteration 173/300                           [0m 

                               Run name: breadth
                            Total steps: 37888 
                       Steps per second: 186 
                        Collection time: 1.765s 
                          Learning time: 0.974s 
                        Mean value loss: 1288.4614
                    Mean surrogate loss: -0.0197
                      Mean entropy loss: 10.5205
           Mean standing_retention loss: 0.0003
                            Mean reward: -100.09
                    Mean episode length: 7.03
                        Mean action std: 0.38
  Episode_Reward/motion_global_root_pos: 0.0068
  Episode_Reward/motion_global_root_ori: 0.0058
         Episode_Reward/motion_body_pos: 0.0142
         Episode_Reward/motion_body_ori: 0.0097
     Episode_Reward/motion_body_lin_vel: 0.0111
     Episode_Reward/motion_body_ang_vel: 0.0096
          Episode_Reward/action_rate_l2: -0.0374
             Episode_Reward/joint_limit: -0.0017
         Episode_Reward/self_collisions: -0.0146
Episode_Reward/action_target_reference_l2: -0.0093
Episode_Reward/action_target_soft_limit_barrier: -0.0004
                   Episode_Reward/alive: 0.0654
 Episode_Reward/non_timeout_termination: -10.0000
Episode_Reward/worst_ee_z_normalized_squared: -0.0363
Episode_Reward/right_wrist_prethreshold_barrier: -0.0332
        Metrics/motion/error_anchor_pos: 0.0765
        Metrics/motion/error_anchor_rot: 0.1916
    Metrics/motion/error_anchor_lin_vel: 0.4848
    Metrics/motion/error_anchor_ang_vel: 1.1484
          Metrics/motion/error_body_pos: 0.3168
          Metrics/motion/error_body_rot: 0.4267
         Metrics/motion/error_joint_pos: 0.6352
         Metrics/motion/error_joint_vel: 6.1079
        Metrics/motion/sampling_entropy: 0.9432
      Metrics/motion/sampling_top1_prob: 0.0336
       Metrics/motion/sampling_top1_bin: 0.0924
      Metrics/motion/error_body_lin_vel: 0.5390
      Metrics/motion/error_body_ang_vel: 1.8369
           Episode_Termination/time_out: 0.0000
         Episode_Termination/anchor_pos: 0.0625
         Episode_Termination/anchor_ori: 0.0000
        Episode_Termination/ee_body_pos: 0.0625
Episode_Termination/corpus_clip_time_out: 0.0000
Episode_Termination/stage_one_actuation_guard: 4.1875
--------------------------------------------------------------------------------
                         Iteration time: 2.74s
                           Time elapsed: 00:03:41
                                    ETA: 00:06:17

################################################################################
[1m                           Learning iteration 174/300                           [0m 

                               Run name: breadth
                            Total steps: 38400 
                       Steps per second: 193 
                        Collection time: 1.742s 
                          Learning time: 0.907s 
                        Mean value loss: 1890.0260
                    Mean surrogate loss: -0.0231
                      Mean entropy loss: 10.5205
           Mean standing_retention loss: 0.0003
                            Mean reward: -99.75
                    Mean episode length: 6.49
                        Mean action std: 0.38
  Episode_Reward/motion_global_root_pos: 0.0054
  Episode_Reward/motion_global_root_ori: 0.0050
         Episode_Reward/motion_body_pos: 0.0112
         Episode_Reward/motion_body_ori: 0.0081
     Episode_Reward/motion_body_lin_vel: 0.0088
     Episode_Reward/motion_body_ang_vel: 0.0074
          Episode_Reward/action_rate_l2: -0.0307
             Episode_Reward/joint_limit: -0.0015
         Episode_Reward/self_collisions: -0.0112
Episode_Reward/action_target_reference_l2: -0.0062
Episode_Reward/action_target_soft_limit_barrier: -0.0002
                   Episode_Reward/alive: 0.0485
 Episode_Reward/non_timeout_termination: -10.0000
Episode_Reward/worst_ee_z_normalized_squared: -0.0199
Episode_Reward/right_wrist_prethreshold_barrier: -0.0015
        Metrics/motion/error_anchor_pos: 0.0611
        Metrics/motion/error_anchor_rot: 0.1569
    Metrics/motion/error_anchor_lin_vel: 0.4745
    Metrics/motion/error_anchor_ang_vel: 1.0752
          Metrics/motion/error_body_pos: 0.5553
          Metrics/motion/error_body_rot: 0.4025
         Metrics/motion/error_joint_pos: 0.5448
         Metrics/motion/error_joint_vel: 5.5975
        Metrics/motion/sampling_entropy: 0.9426
      Metrics/motion/sampling_top1_prob: 0.0341
       Metrics/motion/sampling_top1_bin: 0.0924
      Metrics/motion/error_body_lin_vel: 0.5148
      Metrics/motion/error_body_ang_vel: 1.6846
           Episode_Termination/time_out: 0.0000
         Episode_Termination/anchor_pos: 0.0000
         Episode_Termination/anchor_ori: 0.0000
        Episode_Termination/ee_body_pos: 0.0625
Episode_Termination/corpus_clip_time_out: 0.0000
Episode_Termination/stage_one_actuation_guard: 6.1875
--------------------------------------------------------------------------------
                         Iteration time: 2.65s
                           Time elapsed: 00:03:44
                                    ETA: 00:06:14

################################################################################
[1m                           Learning iteration 175/300                           [0m 

                               Run name: breadth
                            Total steps: 38912 
                       Steps per second: 193 
                        Collection time: 1.744s 
                          Learning time: 0.903s 
                        Mean value loss: 1304.7415
                    Mean surrogate loss: -0.0275
                      Mean entropy loss: 10.5205
           Mean standing_retention loss: 0.0004
                            Mean reward: -99.69
                    Mean episode length: 6.02
                        Mean action std: 0.38
  Episode_Reward/motion_global_root_pos: 0.0057
  Episode_Reward/motion_global_root_ori: 0.0051
         Episode_Reward/motion_body_pos: 0.0116
         Episode_Reward/motion_body_ori: 0.0087
     Episode_Reward/motion_body_lin_vel: 0.0090
     Episode_Reward/motion_body_ang_vel: 0.0076
          Episode_Reward/action_rate_l2: -0.0310
             Episode_Reward/joint_limit: -0.0003
         Episode_Reward/self_collisions: -0.0114
Episode_Reward/action_target_reference_l2: -0.0066
Episode_Reward/action_target_soft_limit_barrier: -0.0002
                   Episode_Reward/alive: 0.0498
 Episode_Reward/non_timeout_termination: -10.0000
Episode_Reward/worst_ee_z_normalized_squared: -0.0165
Episode_Reward/right_wrist_prethreshold_barrier: -0.0002
        Metrics/motion/error_anchor_pos: 0.0563
        Metrics/motion/error_anchor_rot: 0.1640
    Metrics/motion/error_anchor_lin_vel: 0.4699
    Metrics/motion/error_anchor_ang_vel: 1.0625
          Metrics/motion/error_body_pos: 0.2925
          Metrics/motion/error_body_rot: 0.3932
         Metrics/motion/error_joint_pos: 0.5844
         Metrics/motion/error_joint_vel: 6.1679
        Metrics/motion/sampling_entropy: 0.9421
      Metrics/motion/sampling_top1_prob: 0.0344
       Metrics/motion/sampling_top1_bin: 0.0924
      Metrics/motion/error_body_lin_vel: 0.5172
      Metrics/motion/error_body_ang_vel: 1.6904
           Episode_Termination/time_out: 0.0000
         Episode_Termination/anchor_pos: 0.0000
         Episode_Termination/anchor_ori: 0.0000
        Episode_Termination/ee_body_pos: 0.0000
Episode_Termination/corpus_clip_time_out: 0.0000
Episode_Termination/stage_one_actuation_guard: 4.3125
--------------------------------------------------------------------------------
                         Iteration time: 2.65s
                           Time elapsed: 00:03:47
                                    ETA: 00:06:10

################################################################################
[1m                           Learning iteration 176/300                           [0m 

                               Run name: breadth
                            Total steps: 39424 
                       Steps per second: 189 
                        Collection time: 1.822s 
                          Learning time: 0.878s 
                        Mean value loss: 1451.8024
                    Mean surrogate loss: -0.0197
                      Mean entropy loss: 10.5205
           Mean standing_retention loss: 0.0004
                            Mean reward: -99.64
                    Mean episode length: 6.08
                        Mean action std: 0.38
  Episode_Reward/motion_global_root_pos: 0.0051
  Episode_Reward/motion_global_root_ori: 0.0046
         Episode_Reward/motion_body_pos: 0.0104
         Episode_Reward/motion_body_ori: 0.0078
     Episode_Reward/motion_body_lin_vel: 0.0083
     Episode_Reward/motion_body_ang_vel: 0.0071
          Episode_Reward/action_rate_l2: -0.0294
             Episode_Reward/joint_limit: -0.0000
         Episode_Reward/self_collisions: -0.0073
Episode_Reward/action_target_reference_l2: -0.0049
Episode_Reward/action_target_soft_limit_barrier: -0.0001
                   Episode_Reward/alive: 0.0437
 Episode_Reward/non_timeout_termination: -10.0000
Episode_Reward/worst_ee_z_normalized_squared: -0.0124
Episode_Reward/right_wrist_prethreshold_barrier: -0.0002
        Metrics/motion/error_anchor_pos: 0.0547
        Metrics/motion/error_anchor_rot: 0.1417
    Metrics/motion/error_anchor_lin_vel: 0.4624
    Metrics/motion/error_anchor_ang_vel: 0.9150
          Metrics/motion/error_body_pos: 0.3786
          Metrics/motion/error_body_rot: 0.3939
         Metrics/motion/error_joint_pos: 0.4680
         Metrics/motion/error_joint_vel: 5.3573
        Metrics/motion/sampling_entropy: 0.9425
      Metrics/motion/sampling_top1_prob: 0.0345
       Metrics/motion/sampling_top1_bin: 0.0924
      Metrics/motion/error_body_lin_vel: 0.5170
      Metrics/motion/error_body_ang_vel: 1.5646
           Episode_Termination/time_out: 0.0000
         Episode_Termination/anchor_pos: 0.0000
         Episode_Termination/anchor_ori: 0.0000
        Episode_Termination/ee_body_pos: 0.0000
Episode_Termination/corpus_clip_time_out: 0.0000
Episode_Termination/stage_one_actuation_guard: 5.5625
--------------------------------------------------------------------------------
                         Iteration time: 2.70s
                           Time elapsed: 00:03:49
                                    ETA: 00:06:07

################################################################################
[1m                           Learning iteration 177/300                           [0m 

                               Run name: breadth
                            Total steps: 39936 
                       Steps per second: 184 
                        Collection time: 1.819s 
                          Learning time: 0.962s 
                        Mean value loss: 1109.0859
                    Mean surrogate loss: -0.0232
                      Mean entropy loss: 10.5205
           Mean standing_retention loss: 0.0004
                            Mean reward: -97.69
                    Mean episode length: 7.32
                        Mean action std: 0.38
  Episode_Reward/motion_global_root_pos: 0.0069
  Episode_Reward/motion_global_root_ori: 0.0060
         Episode_Reward/motion_body_pos: 0.0143
         Episode_Reward/motion_body_ori: 0.0105
     Episode_Reward/motion_body_lin_vel: 0.0113
     Episode_Reward/motion_body_ang_vel: 0.0096
          Episode_Reward/action_rate_l2: -0.0335
             Episode_Reward/joint_limit: -0.0003
         Episode_Reward/self_collisions: -0.0445
Episode_Reward/action_target_reference_l2: -0.0080
Episode_Reward/action_target_soft_limit_barrier: -0.0002
                   Episode_Reward/alive: 0.0645
 Episode_Reward/non_timeout_termination: -9.6875
Episode_Reward/worst_ee_z_normalized_squared: -0.0239
Episode_Reward/right_wrist_prethreshold_barrier: -0.0000
        Metrics/motion/error_anchor_pos: 0.0646
        Metrics/motion/error_anchor_rot: 0.1563
    Metrics/motion/error_anchor_lin_vel: 0.4414
    Metrics/motion/error_anchor_ang_vel: 1.0993
          Metrics/motion/error_body_pos: 0.2777
          Metrics/motion/error_body_rot: 0.3284
         Metrics/motion/error_joint_pos: 0.6147
         Metrics/motion/error_joint_vel: 6.1991
        Metrics/motion/sampling_entropy: 0.9430
      Metrics/motion/sampling_top1_prob: 0.0344
       Metrics/motion/sampling_top1_bin: 0.0924
      Metrics/motion/error_body_lin_vel: 0.4992
      Metrics/motion/error_body_ang_vel: 1.7844
           Episode_Termination/time_out: 0.0000
         Episode_Termination/anchor_pos: 0.0000
         Episode_Termination/anchor_ori: 0.0000
        Episode_Termination/ee_body_pos: 0.0625
Episode_Termination/corpus_clip_time_out: 0.1250
Episode_Termination/stage_one_actuation_guard: 3.1875
--------------------------------------------------------------------------------
                         Iteration time: 2.78s
                           Time elapsed: 00:03:52
                                    ETA: 00:06:03

################################################################################
[1m                           Learning iteration 178/300                           [0m 

                               Run name: breadth
                            Total steps: 40448 
                       Steps per second: 190 
                        Collection time: 1.793s 
                          Learning time: 0.893s 
                        Mean value loss: 1118.5595
                    Mean surrogate loss: -0.0229
                      Mean entropy loss: 10.5205
           Mean standing_retention loss: 0.0003
                            Mean reward: -97.66
                    Mean episode length: 8.71
                        Mean action std: 0.38
  Episode_Reward/motion_global_root_pos: 0.0079
  Episode_Reward/motion_global_root_ori: 0.0069
         Episode_Reward/motion_body_pos: 0.0169
         Episode_Reward/motion_body_ori: 0.0111
     Episode_Reward/motion_body_lin_vel: 0.0130
     Episode_Reward/motion_body_ang_vel: 0.0113
          Episode_Reward/action_rate_l2: -0.0415
             Episode_Reward/joint_limit: -0.0011
         Episode_Reward/self_collisions: -0.0107
Episode_Reward/action_target_reference_l2: -0.0118
Episode_Reward/action_target_soft_limit_barrier: -0.0005
                   Episode_Reward/alive: 0.0798
 Episode_Reward/non_timeout_termination: -10.0000
Episode_Reward/worst_ee_z_normalized_squared: -0.0414
Episode_Reward/right_wrist_prethreshold_barrier: -0.0000
        Metrics/motion/error_anchor_pos: 0.0801
        Metrics/motion/error_anchor_rot: 0.1754
    Metrics/motion/error_anchor_lin_vel: 0.5172
    Metrics/motion/error_anchor_ang_vel: 1.2211
          Metrics/motion/error_body_pos: 0.3499
          Metrics/motion/error_body_rot: 0.3585
         Metrics/motion/error_joint_pos: 0.6696
         Metrics/motion/error_joint_vel: 5.8928
        Metrics/motion/sampling_entropy: 0.9431
      Metrics/motion/sampling_top1_prob: 0.0341
       Metrics/motion/sampling_top1_bin: 0.0924
      Metrics/motion/error_body_lin_vel: 0.5704
      Metrics/motion/error_body_ang_vel: 1.8136
           Episode_Termination/time_out: 0.0000
         Episode_Termination/anchor_pos: 0.0000
         Episode_Termination/anchor_ori: 0.0000
        Episode_Termination/ee_body_pos: 0.1875
Episode_Termination/corpus_clip_time_out: 0.0000
Episode_Termination/stage_one_actuation_guard: 3.6250
--------------------------------------------------------------------------------
                         Iteration time: 2.69s
                           Time elapsed: 00:03:55
                                    ETA: 00:06:00

################################################################################
[1m                           Learning iteration 179/300                           [0m 

                               Run name: breadth
                            Total steps: 40960 
                       Steps per second: 188 
                        Collection time: 1.781s 
                          Learning time: 0.931s 
                        Mean value loss: 1018.9496
                    Mean surrogate loss: -0.0203
                      Mean entropy loss: 10.5205
           Mean standing_retention loss: 0.0003
                            Mean reward: -99.60
                    Mean episode length: 8.24
                        Mean action std: 0.38
  Episode_Reward/motion_global_root_pos: 0.0072
  Episode_Reward/motion_global_root_ori: 0.0066
         Episode_Reward/motion_body_pos: 0.0149
         Episode_Reward/motion_body_ori: 0.0104
     Episode_Reward/motion_body_lin_vel: 0.0119
     Episode_Reward/motion_body_ang_vel: 0.0098
          Episode_Reward/action_rate_l2: -0.0369
             Episode_Reward/joint_limit: -0.0000
         Episode_Reward/self_collisions: -0.0219
Episode_Reward/action_target_reference_l2: -0.0093
Episode_Reward/action_target_soft_limit_barrier: -0.0003
                   Episode_Reward/alive: 0.0672
 Episode_Reward/non_timeout_termination: -10.0000
Episode_Reward/worst_ee_z_normalized_squared: -0.0238
Episode_Reward/right_wrist_prethreshold_barrier: 0.0000
        Metrics/motion/error_anchor_pos: 0.0690
        Metrics/motion/error_anchor_rot: 0.1672
    Metrics/motion/error_anchor_lin_vel: 0.4729
    Metrics/motion/error_anchor_ang_vel: 1.1561
          Metrics/motion/error_body_pos: 0.5928
          Metrics/motion/error_body_rot: 0.5225
         Metrics/motion/error_joint_pos: 0.6783
         Metrics/motion/error_joint_vel: 5.9722
        Metrics/motion/sampling_entropy: 0.9427
      Metrics/motion/sampling_top1_prob: 0.0341
       Metrics/motion/sampling_top1_bin: 0.1271
      Metrics/motion/error_body_lin_vel: 0.5164
      Metrics/motion/error_body_ang_vel: 1.7786
           Episode_Termination/time_out: 0.0000
         Episode_Termination/anchor_pos: 0.0000
         Episode_Termination/anchor_ori: 0.0000
        Episode_Termination/ee_body_pos: 0.0000
Episode_Termination/corpus_clip_time_out: 0.0000
Episode_Termination/stage_one_actuation_guard: 3.2500
--------------------------------------------------------------------------------
                         Iteration time: 2.71s
                           Time elapsed: 00:03:58
                                    ETA: 00:05:57

################################################################################
[1m                           Learning iteration 180/300                           [0m 

                               Run name: breadth
                            Total steps: 41472 
                       Steps per second: 91 
                        Collection time: 4.706s 
                          Learning time: 0.898s 
                        Mean value loss: 1344.5834
                    Mean surrogate loss: -0.0196
                      Mean entropy loss: 10.5205
           Mean standing_retention loss: 0.0003
                            Mean reward: -97.51
                    Mean episode length: 8.83
                        Mean action std: 0.38
  Episode_Reward/motion_global_root_pos: 0.0086
  Episode_Reward/motion_global_root_ori: 0.0079
         Episode_Reward/motion_body_pos: 0.0183
         Episode_Reward/motion_body_ori: 0.0125
     Episode_Reward/motion_body_lin_vel: 0.0156
     Episode_Reward/motion_body_ang_vel: 0.0133
          Episode_Reward/action_rate_l2: -0.0419
             Episode_Reward/joint_limit: -0.0007
         Episode_Reward/self_collisions: -0.0139
Episode_Reward/action_target_reference_l2: -0.0122
Episode_Reward/action_target_soft_limit_barrier: -0.0002
                   Episode_Reward/alive: 0.0858
 Episode_Reward/non_timeout_termination: -9.7024
Episode_Reward/worst_ee_z_normalized_squared: -0.0359
Episode_Reward/right_wrist_prethreshold_barrier: -0.0000
        Metrics/motion/error_anchor_pos: 0.0664
        Metrics/motion/error_anchor_rot: 0.1698
    Metrics/motion/error_anchor_lin_vel: 0.4375
    Metrics/motion/error_anchor_ang_vel: 0.9759
          Metrics/motion/error_body_pos: 0.4974
          Metrics/motion/error_body_rot: 0.4535
         Metrics/motion/error_joint_pos: 0.6106
         Metrics/motion/error_joint_vel: 5.5766
        Metrics/motion/sampling_entropy: 0.9428
      Metrics/motion/sampling_top1_prob: 0.0339
       Metrics/motion/sampling_top1_bin: 0.0924
      Metrics/motion/error_body_lin_vel: 0.4946
      Metrics/motion/error_body_ang_vel: 1.5343
           Episode_Termination/time_out: 0.0000
         Episode_Termination/anchor_pos: 0.0000
         Episode_Termination/anchor_ori: 0.0000
        Episode_Termination/ee_body_pos: 0.0625
Episode_Termination/corpus_clip_time_out: 0.1250
Episode_Termination/stage_one_actuation_guard: 4.3125
--------------------------------------------------------------------------------
                         Iteration time: 5.60s
                           Time elapsed: 00:04:03
                                    ETA: 00:05:58

################################################################################
[1m                           Learning iteration 181/300                           [0m 

                               Run name: breadth
                            Total steps: 41984 
                       Steps per second: 193 
                        Collection time: 1.703s 
                          Learning time: 0.940s 
                        Mean value loss: 1310.4218
                    Mean surrogate loss: -0.0215
                      Mean entropy loss: 10.5205
           Mean standing_retention loss: 0.0003
                            Mean reward: -98.58
                    Mean episode length: 9.51
                        Mean action std: 0.38
  Episode_Reward/motion_global_root_pos: 0.0074
  Episode_Reward/motion_global_root_ori: 0.0068
         Episode_Reward/motion_body_pos: 0.0156
         Episode_Reward/motion_body_ori: 0.0100
     Episode_Reward/motion_body_lin_vel: 0.0130
     Episode_Reward/motion_body_ang_vel: 0.0110
          Episode_Reward/action_rate_l2: -0.0362
             Episode_Reward/joint_limit: -0.0003
         Episode_Reward/self_collisions: -0.0152
Episode_Reward/action_target_reference_l2: -0.0107
Episode_Reward/action_target_soft_limit_barrier: -0.0002
                   Episode_Reward/alive: 0.0706
 Episode_Reward/non_timeout_termination: -10.0000
Episode_Reward/worst_ee_z_normalized_squared: -0.0268
Episode_Reward/right_wrist_prethreshold_barrier: 0.0000
        Metrics/motion/error_anchor_pos: 0.0669
        Metrics/motion/error_anchor_rot: 0.1397
    Metrics/motion/error_anchor_lin_vel: 0.4320
    Metrics/motion/error_anchor_ang_vel: 1.0034
          Metrics/motion/error_body_pos: 0.5387
          Metrics/motion/error_body_rot: 0.4583
         Metrics/motion/error_joint_pos: 0.5976
         Metrics/motion/error_joint_vel: 5.3880
        Metrics/motion/sampling_entropy: 0.9427
      Metrics/motion/sampling_top1_prob: 0.0336
       Metrics/motion/sampling_top1_bin: 0.0924
      Metrics/motion/error_body_lin_vel: 0.4822
      Metrics/motion/error_body_ang_vel: 1.5401
           Episode_Termination/time_out: 0.0000
         Episode_Termination/anchor_pos: 0.0000
         Episode_Termination/anchor_ori: 0.0000
        Episode_Termination/ee_body_pos: 0.0000
Episode_Termination/corpus_clip_time_out: 0.0000
Episode_Termination/stage_one_actuation_guard: 4.1250
--------------------------------------------------------------------------------
                         Iteration time: 2.64s
                           Time elapsed: 00:04:06
                                    ETA: 00:05:54

################################################################################
[1m                           Learning iteration 182/300                           [0m 

                               Run name: breadth
                            Total steps: 42496 
                       Steps per second: 184 
                        Collection time: 1.795s 
                          Learning time: 0.986s 
                        Mean value loss: 1436.4215
                    Mean surrogate loss: -0.0270
                      Mean entropy loss: 10.5205
           Mean standing_retention loss: 0.0004
                            Mean reward: -99.71
                    Mean episode length: 8.67
                        Mean action std: 0.38
  Episode_Reward/motion_global_root_pos: 0.0062
  Episode_Reward/motion_global_root_ori: 0.0057
         Episode_Reward/motion_body_pos: 0.0131
         Episode_Reward/motion_body_ori: 0.0094
     Episode_Reward/motion_body_lin_vel: 0.0099
     Episode_Reward/motion_body_ang_vel: 0.0087
          Episode_Reward/action_rate_l2: -0.0281
             Episode_Reward/joint_limit: -0.0001
         Episode_Reward/self_collisions: -0.0321
Episode_Reward/action_target_reference_l2: -0.0075
Episode_Reward/action_target_soft_limit_barrier: -0.0002
                   Episode_Reward/alive: 0.0582
 Episode_Reward/non_timeout_termination: -10.0000
Episode_Reward/worst_ee_z_normalized_squared: -0.0254
Episode_Reward/right_wrist_prethreshold_barrier: -0.0023
        Metrics/motion/error_anchor_pos: 0.0776
        Metrics/motion/error_anchor_rot: 0.1695
    Metrics/motion/error_anchor_lin_vel: 0.5101
    Metrics/motion/error_anchor_ang_vel: 1.0061
          Metrics/motion/error_body_pos: 0.2445
          Metrics/motion/error_body_rot: 0.3096
         Metrics/motion/error_joint_pos: 0.6609
         Metrics/motion/error_joint_vel: 5.9029
        Metrics/motion/sampling_entropy: 0.9427
      Metrics/motion/sampling_top1_prob: 0.0333
       Metrics/motion/sampling_top1_bin: 0.0924
      Metrics/motion/error_body_lin_vel: 0.5415
      Metrics/motion/error_body_ang_vel: 1.7183
           Episode_Termination/time_out: 0.0000
         Episode_Termination/anchor_pos: 0.0625
         Episode_Termination/anchor_ori: 0.0000
        Episode_Termination/ee_body_pos: 0.0000
Episode_Termination/corpus_clip_time_out: 0.0000
Episode_Termination/stage_one_actuation_guard: 4.2500
--------------------------------------------------------------------------------
                         Iteration time: 2.78s
                           Time elapsed: 00:04:09
                                    ETA: 00:05:51

################################################################################
[1m                           Learning iteration 183/300                           [0m 

                               Run name: breadth
                            Total steps: 43008 
                       Steps per second: 171 
                        Collection time: 1.998s 
                          Learning time: 0.992s 
                        Mean value loss: 1039.8965
                    Mean surrogate loss: -0.0209
                      Mean entropy loss: 10.5205
           Mean standing_retention loss: 0.0005
                            Mean reward: -99.66
                    Mean episode length: 7.00
                        Mean action std: 0.38
  Episode_Reward/motion_global_root_pos: 0.0059
  Episode_Reward/motion_global_root_ori: 0.0054
         Episode_Reward/motion_body_pos: 0.0123
         Episode_Reward/motion_body_ori: 0.0088
     Episode_Reward/motion_body_lin_vel: 0.0096
     Episode_Reward/motion_body_ang_vel: 0.0083
          Episode_Reward/action_rate_l2: -0.0318
             Episode_Reward/joint_limit: -0.0014
         Episode_Reward/self_collisions: -0.0096
Episode_Reward/action_target_reference_l2: -0.0068
Episode_Reward/action_target_soft_limit_barrier: -0.0001
                   Episode_Reward/alive: 0.0542
 Episode_Reward/non_timeout_termination: -10.0000
Episode_Reward/worst_ee_z_normalized_squared: -0.0192
Episode_Reward/right_wrist_prethreshold_barrier: -0.0004
        Metrics/motion/error_anchor_pos: 0.0617
        Metrics/motion/error_anchor_rot: 0.1480
    Metrics/motion/error_anchor_lin_vel: 0.5210
    Metrics/motion/error_anchor_ang_vel: 1.0293
          Metrics/motion/error_body_pos: 0.3197
          Metrics/motion/error_body_rot: 0.3966
         Metrics/motion/error_joint_pos: 0.5400
         Metrics/motion/error_joint_vel: 5.8696
        Metrics/motion/sampling_entropy: 0.9423
      Metrics/motion/sampling_top1_prob: 0.0334
       Metrics/motion/sampling_top1_bin: 0.2311
      Metrics/motion/error_body_lin_vel: 0.5616
      Metrics/motion/error_body_ang_vel: 1.6901
           Episode_Termination/time_out: 0.0000
         Episode_Termination/anchor_pos: 0.0000
         Episode_Termination/anchor_ori: 0.0000
        Episode_Termination/ee_body_pos: 0.0000
Episode_Termination/corpus_clip_time_out: 0.0000
Episode_Termination/stage_one_actuation_guard: 4.0000
--------------------------------------------------------------------------------
                         Iteration time: 2.99s
                           Time elapsed: 00:04:12
                                    ETA: 00:05:48

################################################################################
[1m                           Learning iteration 184/300                           [0m 

                               Run name: breadth
                            Total steps: 43520 
                       Steps per second: 195 
                        Collection time: 1.720s 
                          Learning time: 0.904s 
                        Mean value loss: 1177.4331
                    Mean surrogate loss: -0.0225
                      Mean entropy loss: 10.5205
           Mean standing_retention loss: 0.0004
                            Mean reward: -99.56
                    Mean episode length: 8.07
                        Mean action std: 0.38
  Episode_Reward/motion_global_root_pos: 0.0087
  Episode_Reward/motion_global_root_ori: 0.0078
         Episode_Reward/motion_body_pos: 0.0178
         Episode_Reward/motion_body_ori: 0.0114
     Episode_Reward/motion_body_lin_vel: 0.0142
     Episode_Reward/motion_body_ang_vel: 0.0117
          Episode_Reward/action_rate_l2: -0.0402
             Episode_Reward/joint_limit: -0.0001
         Episode_Reward/self_collisions: -0.0114
Episode_Reward/action_target_reference_l2: -0.0134
Episode_Reward/action_target_soft_limit_barrier: -0.0005
                   Episode_Reward/alive: 0.0838
 Episode_Reward/non_timeout_termination: -10.0000
Episode_Reward/worst_ee_z_normalized_squared: -0.0410
Episode_Reward/right_wrist_prethreshold_barrier: -0.0003
        Metrics/motion/error_anchor_pos: 0.0720
        Metrics/motion/error_anchor_rot: 0.1645
    Metrics/motion/error_anchor_lin_vel: 0.4700
    Metrics/motion/error_anchor_ang_vel: 1.1154
          Metrics/motion/error_body_pos: 0.4594
          Metrics/motion/error_body_rot: 0.4299
         Metrics/motion/error_joint_pos: 0.7600
         Metrics/motion/error_joint_vel: 6.2277
        Metrics/motion/sampling_entropy: 0.9423
      Metrics/motion/sampling_top1_prob: 0.0337
       Metrics/motion/sampling_top1_bin: 0.0924
      Metrics/motion/error_body_lin_vel: 0.5269
      Metrics/motion/error_body_ang_vel: 1.8735
           Episode_Termination/time_out: 0.0000
         Episode_Termination/anchor_pos: 0.0000
         Episode_Termination/anchor_ori: 0.0000
        Episode_Termination/ee_body_pos: 0.0000
Episode_Termination/corpus_clip_time_out: 0.0000
Episode_Termination/stage_one_actuation_guard: 3.5625
--------------------------------------------------------------------------------
                         Iteration time: 2.62s
                           Time elapsed: 00:04:14
                                    ETA: 00:05:44

################################################################################
[1m                           Learning iteration 185/300                           [0m 

                               Run name: breadth
                            Total steps: 44032 
                       Steps per second: 200 
                        Collection time: 1.657s 
                          Learning time: 0.901s 
                        Mean value loss: 1031.6113
                    Mean surrogate loss: -0.0234
                      Mean entropy loss: 10.5205
           Mean standing_retention loss: 0.0004
                            Mean reward: -99.58
                    Mean episode length: 9.68
                        Mean action std: 0.38
  Episode_Reward/motion_global_root_pos: 0.0075
  Episode_Reward/motion_global_root_ori: 0.0066
         Episode_Reward/motion_body_pos: 0.0160
         Episode_Reward/motion_body_ori: 0.0105
     Episode_Reward/motion_body_lin_vel: 0.0132
     Episode_Reward/motion_body_ang_vel: 0.0110
          Episode_Reward/action_rate_l2: -0.0359
             Episode_Reward/joint_limit: -0.0013
         Episode_Reward/self_collisions: -0.0177
Episode_Reward/action_target_reference_l2: -0.0112
Episode_Reward/action_target_soft_limit_barrier: -0.0002
                   Episode_Reward/alive: 0.0742
 Episode_Reward/non_timeout_termination: -10.0000
Episode_Reward/worst_ee_z_normalized_squared: -0.0396
Episode_Reward/right_wrist_prethreshold_barrier: -0.0000
        Metrics/motion/error_anchor_pos: 0.0759
        Metrics/motion/error_anchor_rot: 0.1706
    Metrics/motion/error_anchor_lin_vel: 0.4746
    Metrics/motion/error_anchor_ang_vel: 1.0749
          Metrics/motion/error_body_pos: 0.2905
          Metrics/motion/error_body_rot: 0.3281
         Metrics/motion/error_joint_pos: 0.6524
         Metrics/motion/error_joint_vel: 5.8843
        Metrics/motion/sampling_entropy: 0.9425
      Metrics/motion/sampling_top1_prob: 0.0332
       Metrics/motion/sampling_top1_bin: 0.0924
      Metrics/motion/error_body_lin_vel: 0.5003
      Metrics/motion/error_body_ang_vel: 1.8544
           Episode_Termination/time_out: 0.0000
         Episode_Termination/anchor_pos: 0.0000
         Episode_Termination/anchor_ori: 0.0000
        Episode_Termination/ee_body_pos: 0.1333
Episode_Termination/corpus_clip_time_out: 0.0000
Episode_Termination/stage_one_actuation_guard: 3.2000
--------------------------------------------------------------------------------
                         Iteration time: 2.56s
                           Time elapsed: 00:04:17
                                    ETA: 00:05:41

################################################################################
[1m                           Learning iteration 186/300                           [0m 

                               Run name: breadth
                            Total steps: 44544 
                       Steps per second: 182 
                        Collection time: 1.783s 
                          Learning time: 1.024s 
                        Mean value loss: 1224.4949
                    Mean surrogate loss: -0.0209
                      Mean entropy loss: 10.5205
           Mean standing_retention loss: 0.0004
                            Mean reward: -98.59
                    Mean episode length: 9.43
                        Mean action std: 0.38
  Episode_Reward/motion_global_root_pos: 0.0082
  Episode_Reward/motion_global_root_ori: 0.0076
         Episode_Reward/motion_body_pos: 0.0171
         Episode_Reward/motion_body_ori: 0.0113
     Episode_Reward/motion_body_lin_vel: 0.0138
     Episode_Reward/motion_body_ang_vel: 0.0113
          Episode_Reward/action_rate_l2: -0.0364
             Episode_Reward/joint_limit: -0.0006
         Episode_Reward/self_collisions: -0.0206
Episode_Reward/action_target_reference_l2: -0.0119
Episode_Reward/action_target_soft_limit_barrier: -0.0004
                   Episode_Reward/alive: 0.0800
 Episode_Reward/non_timeout_termination: -9.9048
Episode_Reward/worst_ee_z_normalized_squared: -0.0320
Episode_Reward/right_wrist_prethreshold_barrier: -0.0005
        Metrics/motion/error_anchor_pos: 0.0756
        Metrics/motion/error_anchor_rot: 0.1548
    Metrics/motion/error_anchor_lin_vel: 0.4396
    Metrics/motion/error_anchor_ang_vel: 1.0479
          Metrics/motion/error_body_pos: 0.1942
          Metrics/motion/error_body_rot: 0.3453
         Metrics/motion/error_joint_pos: 0.7004
         Metrics/motion/error_joint_vel: 6.4117
        Metrics/motion/sampling_entropy: 0.9429
      Metrics/motion/sampling_top1_prob: 0.0330
       Metrics/motion/sampling_top1_bin: 0.3328
      Metrics/motion/error_body_lin_vel: 0.5130
      Metrics/motion/error_body_ang_vel: 1.8516
           Episode_Termination/time_out: 0.0000
         Episode_Termination/anchor_pos: 0.0000
         Episode_Termination/anchor_ori: 0.0000
        Episode_Termination/ee_body_pos: 0.0000
Episode_Termination/corpus_clip_time_out: 0.0667
Episode_Termination/stage_one_actuation_guard: 3.8000
--------------------------------------------------------------------------------
                         Iteration time: 2.81s
                           Time elapsed: 00:04:20
                                    ETA: 00:05:37

################################################################################
[1m                           Learning iteration 187/300                           [0m 

                               Run name: breadth
                            Total steps: 45056 
                       Steps per second: 191 
                        Collection time: 1.716s 
                          Learning time: 0.957s 
                        Mean value loss: 1125.1461
                    Mean surrogate loss: -0.0218
                      Mean entropy loss: 10.5205
           Mean standing_retention loss: 0.0003
                            Mean reward: -97.55
                    Mean episode length: 7.55
                        Mean action std: 0.38
  Episode_Reward/motion_global_root_pos: 0.0059
  Episode_Reward/motion_global_root_ori: 0.0054
         Episode_Reward/motion_body_pos: 0.0124
         Episode_Reward/motion_body_ori: 0.0087
     Episode_Reward/motion_body_lin_vel: 0.0095
     Episode_Reward/motion_body_ang_vel: 0.0079
          Episode_Reward/action_rate_l2: -0.0314
             Episode_Reward/joint_limit: -0.0003
         Episode_Reward/self_collisions: -0.0038
Episode_Reward/action_target_reference_l2: -0.0074
Episode_Reward/action_target_soft_limit_barrier: -0.0002
                   Episode_Reward/alive: 0.0548
 Episode_Reward/non_timeout_termination: -9.8750
Episode_Reward/worst_ee_z_normalized_squared: -0.0182
Episode_Reward/right_wrist_prethreshold_barrier: -0.0000
        Metrics/motion/error_anchor_pos: 0.0630
        Metrics/motion/error_anchor_rot: 0.1555
    Metrics/motion/error_anchor_lin_vel: 0.4886
    Metrics/motion/error_anchor_ang_vel: 0.9448
          Metrics/motion/error_body_pos: 0.1796
          Metrics/motion/error_body_rot: 0.3077
         Metrics/motion/error_joint_pos: 0.5788
         Metrics/motion/error_joint_vel: 6.3809
        Metrics/motion/sampling_entropy: 0.9428
      Metrics/motion/sampling_top1_prob: 0.0326
       Metrics/motion/sampling_top1_bin: 0.3697
      Metrics/motion/error_body_lin_vel: 0.5542
      Metrics/motion/error_body_ang_vel: 1.8086
           Episode_Termination/time_out: 0.0000
         Episode_Termination/anchor_pos: 0.0000
         Episode_Termination/anchor_ori: 0.0000
        Episode_Termination/ee_body_pos: 0.0000
Episode_Termination/corpus_clip_time_out: 0.0625
Episode_Termination/stage_one_actuation_guard: 4.2500
--------------------------------------------------------------------------------
                         Iteration time: 2.67s
                           Time elapsed: 00:04:22
                                    ETA: 00:05:34

################################################################################
[1m                           Learning iteration 188/300                           [0m 

                               Run name: breadth
                            Total steps: 45568 
                       Steps per second: 189 
                        Collection time: 1.719s 
                          Learning time: 0.981s 
                        Mean value loss: 1232.2487
                    Mean surrogate loss: -0.0199
                      Mean entropy loss: 10.5205
           Mean standing_retention loss: 0.0003
                            Mean reward: -99.91
                    Mean episode length: 7.22
                        Mean action std: 0.38
  Episode_Reward/motion_global_root_pos: 0.0068
  Episode_Reward/motion_global_root_ori: 0.0062
         Episode_Reward/motion_body_pos: 0.0139
         Episode_Reward/motion_body_ori: 0.0090
     Episode_Reward/motion_body_lin_vel: 0.0118
     Episode_Reward/motion_body_ang_vel: 0.0099
          Episode_Reward/action_rate_l2: -0.0353
             Episode_Reward/joint_limit: -0.0000
         Episode_Reward/self_collisions: -0.0040
Episode_Reward/action_target_reference_l2: -0.0098
Episode_Reward/action_target_soft_limit_barrier: -0.0002
                   Episode_Reward/alive: 0.0628
 Episode_Reward/non_timeout_termination: -10.0000
Episode_Reward/worst_ee_z_normalized_squared: -0.0292
Episode_Reward/right_wrist_prethreshold_barrier: -0.0270
        Metrics/motion/error_anchor_pos: 0.0592
        Metrics/motion/error_anchor_rot: 0.1369
    Metrics/motion/error_anchor_lin_vel: 0.4870
    Metrics/motion/error_anchor_ang_vel: 1.1155
          Metrics/motion/error_body_pos: 0.2451
          Metrics/motion/error_body_rot: 0.3885
         Metrics/motion/error_joint_pos: 0.5214
         Metrics/motion/error_joint_vel: 5.8814
        Metrics/motion/sampling_entropy: 0.9428
      Metrics/motion/sampling_top1_prob: 0.0322
       Metrics/motion/sampling_top1_bin: 0.3697
      Metrics/motion/error_body_lin_vel: 0.5317
      Metrics/motion/error_body_ang_vel: 1.7833
           Episode_Termination/time_out: 0.0000
         Episode_Termination/anchor_pos: 0.0000
         Episode_Termination/anchor_ori: 0.0000
        Episode_Termination/ee_body_pos: 0.0000
Episode_Termination/corpus_clip_time_out: 0.0000
Episode_Termination/stage_one_actuation_guard: 4.8750
--------------------------------------------------------------------------------
                         Iteration time: 2.70s
                           Time elapsed: 00:04:25
                                    ETA: 00:05:31

################################################################################
[1m                           Learning iteration 189/300                           [0m 

                               Run name: breadth
                            Total steps: 46080 
                       Steps per second: 179 
                        Collection time: 1.820s 
                          Learning time: 1.030s 
                        Mean value loss: 947.6625
                    Mean surrogate loss: -0.0260
                      Mean entropy loss: 10.5205
           Mean standing_retention loss: 0.0004
                            Mean reward: -99.64
                    Mean episode length: 7.41
                        Mean action std: 0.38
  Episode_Reward/motion_global_root_pos: 0.0078
  Episode_Reward/motion_global_root_ori: 0.0070
         Episode_Reward/motion_body_pos: 0.0163
         Episode_Reward/motion_body_ori: 0.0106
     Episode_Reward/motion_body_lin_vel: 0.0134
     Episode_Reward/motion_body_ang_vel: 0.0112
          Episode_Reward/action_rate_l2: -0.0388
             Episode_Reward/joint_limit: -0.0005
         Episode_Reward/self_collisions: -0.0264
Episode_Reward/action_target_reference_l2: -0.0115
Episode_Reward/action_target_soft_limit_barrier: -0.0003
                   Episode_Reward/alive: 0.0748
 Episode_Reward/non_timeout_termination: -10.0000
Episode_Reward/worst_ee_z_normalized_squared: -0.0373
Episode_Reward/right_wrist_prethreshold_barrier: -0.0002
        Metrics/motion/error_anchor_pos: 0.0643
        Metrics/motion/error_anchor_rot: 0.1646
    Metrics/motion/error_anchor_lin_vel: 0.4814
    Metrics/motion/error_anchor_ang_vel: 0.9968
          Metrics/motion/error_body_pos: 0.4911
          Metrics/motion/error_body_rot: 0.4166
         Metrics/motion/error_joint_pos: 0.6617
         Metrics/motion/error_joint_vel: 5.8243
        Metrics/motion/sampling_entropy: 0.9431
      Metrics/motion/sampling_top1_prob: 0.0323
       Metrics/motion/sampling_top1_bin: 0.3697
      Metrics/motion/error_body_lin_vel: 0.5179
      Metrics/motion/error_body_ang_vel: 1.6788
           Episode_Termination/time_out: 0.0000
         Episode_Termination/anchor_pos: 0.0000
         Episode_Termination/anchor_ori: 0.0000
        Episode_Termination/ee_body_pos: 0.0667
Episode_Termination/corpus_clip_time_out: 0.0000
Episode_Termination/stage_one_actuation_guard: 3.6000
--------------------------------------------------------------------------------
                         Iteration time: 2.85s
                           Time elapsed: 00:04:28
                                    ETA: 00:05:27

################################################################################
[1m                           Learning iteration 190/300                           [0m 

                               Run name: breadth
                            Total steps: 46592 
                       Steps per second: 86 
                        Collection time: 4.818s 
                          Learning time: 1.124s 
                        Mean value loss: 839.0668
                    Mean surrogate loss: -0.0232
                      Mean entropy loss: 10.5205
           Mean standing_retention loss: 0.0005
                            Mean reward: -99.57
                    Mean episode length: 8.34
                        Mean action std: 0.38
  Episode_Reward/motion_global_root_pos: 0.0071
  Episode_Reward/motion_global_root_ori: 0.0065
         Episode_Reward/motion_body_pos: 0.0147
         Episode_Reward/motion_body_ori: 0.0099
     Episode_Reward/motion_body_lin_vel: 0.0120
     Episode_Reward/motion_body_ang_vel: 0.0102
          Episode_Reward/action_rate_l2: -0.0342
             Episode_Reward/joint_limit: -0.0003
         Episode_Reward/self_collisions: -0.0168
Episode_Reward/action_target_reference_l2: -0.0092
Episode_Reward/action_target_soft_limit_barrier: -0.0002
                   Episode_Reward/alive: 0.0662
 Episode_Reward/non_timeout_termination: -10.0000
Episode_Reward/worst_ee_z_normalized_squared: -0.0252
Episode_Reward/right_wrist_prethreshold_barrier: -0.0000
        Metrics/motion/error_anchor_pos: 0.0596
        Metrics/motion/error_anchor_rot: 0.1444
    Metrics/motion/error_anchor_lin_vel: 0.4783
    Metrics/motion/error_anchor_ang_vel: 0.9770
          Metrics/motion/error_body_pos: 0.3301
          Metrics/motion/error_body_rot: 0.4192
         Metrics/motion/error_joint_pos: 0.5856
         Metrics/motion/error_joint_vel: 5.8235
        Metrics/motion/sampling_entropy: 0.9433
      Metrics/motion/sampling_top1_prob: 0.0324
       Metrics/motion/sampling_top1_bin: 0.3697
      Metrics/motion/error_body_lin_vel: 0.5097
      Metrics/motion/error_body_ang_vel: 1.6192
           Episode_Termination/time_out: 0.0000
         Episode_Termination/anchor_pos: 0.0000
         Episode_Termination/anchor_ori: 0.0000
        Episode_Termination/ee_body_pos: 0.0000
Episode_Termination/corpus_clip_time_out: 0.0000
Episode_Termination/stage_one_actuation_guard: 3.1250
--------------------------------------------------------------------------------
                         Iteration time: 5.94s
                           Time elapsed: 00:04:34
                                    ETA: 00:05:28

################################################################################
[1m                           Learning iteration 191/300                           [0m 

                               Run name: breadth
                            Total steps: 47104 
                       Steps per second: 167 
                        Collection time: 1.952s 
                          Learning time: 1.106s 
                        Mean value loss: 909.0299
                    Mean surrogate loss: -0.0236
                      Mean entropy loss: 10.5205
           Mean standing_retention loss: 0.0006
                            Mean reward: -99.53
                    Mean episode length: 7.75
                        Mean action std: 0.38
  Episode_Reward/motion_global_root_pos: 0.0075
  Episode_Reward/motion_global_root_ori: 0.0068
         Episode_Reward/motion_body_pos: 0.0159
         Episode_Reward/motion_body_ori: 0.0107
     Episode_Reward/motion_body_lin_vel: 0.0129
     Episode_Reward/motion_body_ang_vel: 0.0109
          Episode_Reward/action_rate_l2: -0.0372
             Episode_Reward/joint_limit: -0.0011
         Episode_Reward/self_collisions: -0.0104
Episode_Reward/action_target_reference_l2: -0.0105
Episode_Reward/action_target_soft_limit_barrier: -0.0003
                   Episode_Reward/alive: 0.0729
 Episode_Reward/non_timeout_termination: -10.0000
Episode_Reward/worst_ee_z_normalized_squared: -0.0281
Episode_Reward/right_wrist_prethreshold_barrier: -0.0004
        Metrics/motion/error_anchor_pos: 0.0782
        Metrics/motion/error_anchor_rot: 0.1458
    Metrics/motion/error_anchor_lin_vel: 0.4917
    Metrics/motion/error_anchor_ang_vel: 1.0865
          Metrics/motion/error_body_pos: 0.3051
          Metrics/motion/error_body_rot: 0.4255
         Metrics/motion/error_joint_pos: 0.5781
         Metrics/motion/error_joint_vel: 5.3076
        Metrics/motion/sampling_entropy: 0.9434
      Metrics/motion/sampling_top1_prob: 0.0321
       Metrics/motion/sampling_top1_bin: 0.3697
      Metrics/motion/error_body_lin_vel: 0.5174
      Metrics/motion/error_body_ang_vel: 1.5514
           Episode_Termination/time_out: 0.0000
         Episode_Termination/anchor_pos: 0.0000
         Episode_Termination/anchor_ori: 0.0000
        Episode_Termination/ee_body_pos: 0.0000
Episode_Termination/corpus_clip_time_out: 0.0000
Episode_Termination/stage_one_actuation_guard: 4.0667
--------------------------------------------------------------------------------
                         Iteration time: 3.06s
                           Time elapsed: 00:04:37
                                    ETA: 00:05:25

################################################################################
[1m                           Learning iteration 192/300                           [0m 

                               Run name: breadth
                            Total steps: 47616 
                       Steps per second: 181 
                        Collection time: 1.856s 
                          Learning time: 0.960s 
                        Mean value loss: 1046.6202
                    Mean surrogate loss: -0.0204
                      Mean entropy loss: 10.5205
           Mean standing_retention loss: 0.0005
                            Mean reward: -98.38
                    Mean episode length: 8.63
                        Mean action std: 0.38
  Episode_Reward/motion_global_root_pos: 0.0080
  Episode_Reward/motion_global_root_ori: 0.0073
         Episode_Reward/motion_body_pos: 0.0165
         Episode_Reward/motion_body_ori: 0.0111
     Episode_Reward/motion_body_lin_vel: 0.0141
     Episode_Reward/motion_body_ang_vel: 0.0121
          Episode_Reward/action_rate_l2: -0.0365
             Episode_Reward/joint_limit: -0.0003
         Episode_Reward/self_collisions: -0.0121
Episode_Reward/action_target_reference_l2: -0.0103
Episode_Reward/action_target_soft_limit_barrier: -0.0002
                   Episode_Reward/alive: 0.0757
 Episode_Reward/non_timeout_termination: -9.7917
Episode_Reward/worst_ee_z_normalized_squared: -0.0223
Episode_Reward/right_wrist_prethreshold_barrier: 0.0000
        Metrics/motion/error_anchor_pos: 0.0611
        Metrics/motion/error_anchor_rot: 0.1586
    Metrics/motion/error_anchor_lin_vel: 0.4363
    Metrics/motion/error_anchor_ang_vel: 0.9646
          Metrics/motion/error_body_pos: 0.2367
          Metrics/motion/error_body_rot: 0.3645
         Metrics/motion/error_joint_pos: 0.5491
         Metrics/motion/error_joint_vel: 5.5673
        Metrics/motion/sampling_entropy: 0.9436
      Metrics/motion/sampling_top1_prob: 0.0316
       Metrics/motion/sampling_top1_bin: 0.2831
      Metrics/motion/error_body_lin_vel: 0.4841
      Metrics/motion/error_body_ang_vel: 1.6002
           Episode_Termination/time_out: 0.0000
         Episode_Termination/anchor_pos: 0.0000
         Episode_Termination/anchor_ori: 0.0000
        Episode_Termination/ee_body_pos: 0.0625
Episode_Termination/corpus_clip_time_out: 0.0625
Episode_Termination/stage_one_actuation_guard: 3.7500
--------------------------------------------------------------------------------
                         Iteration time: 2.82s
                           Time elapsed: 00:04:40
                                    ETA: 00:05:22

################################################################################
[1m                           Learning iteration 193/300                           [0m 

                               Run name: breadth
                            Total steps: 48128 
                       Steps per second: 201 
                        Collection time: 1.664s 
                          Learning time: 0.878s 
                        Mean value loss: 1209.3836
                    Mean surrogate loss: -0.0209
                      Mean entropy loss: 10.5205
           Mean standing_retention loss: 0.0005
                            Mean reward: -98.52
                    Mean episode length: 8.33
                        Mean action std: 0.38
  Episode_Reward/motion_global_root_pos: 0.0068
  Episode_Reward/motion_global_root_ori: 0.0061
         Episode_Reward/motion_body_pos: 0.0140
         Episode_Reward/motion_body_ori: 0.0090
     Episode_Reward/motion_body_lin_vel: 0.0117
     Episode_Reward/motion_body_ang_vel: 0.0098
          Episode_Reward/action_rate_l2: -0.0332
             Episode_Reward/joint_limit: -0.0000
         Episode_Reward/self_collisions: -0.0172
Episode_Reward/action_target_reference_l2: -0.0102
Episode_Reward/action_target_soft_limit_barrier: -0.0003
                   Episode_Reward/alive: 0.0626
 Episode_Reward/non_timeout_termination: -9.9219
Episode_Reward/worst_ee_z_normalized_squared: -0.0248
Episode_Reward/right_wrist_prethreshold_barrier: -0.0000
        Metrics/motion/error_anchor_pos: 0.0632
        Metrics/motion/error_anchor_rot: 0.1624
    Metrics/motion/error_anchor_lin_vel: 0.4666
    Metrics/motion/error_anchor_ang_vel: 0.9110
          Metrics/motion/error_body_pos: 0.3717
          Metrics/motion/error_body_rot: 0.4012
         Metrics/motion/error_joint_pos: 0.5616
         Metrics/motion/error_joint_vel: 5.7567
        Metrics/motion/sampling_entropy: 0.9435
      Metrics/motion/sampling_top1_prob: 0.0318
       Metrics/motion/sampling_top1_bin: 0.0924
      Metrics/motion/error_body_lin_vel: 0.5185
      Metrics/motion/error_body_ang_vel: 1.6199
           Episode_Termination/time_out: 0.0000
         Episode_Termination/anchor_pos: 0.0000
         Episode_Termination/anchor_ori: 0.0000
        Episode_Termination/ee_body_pos: 0.0000
Episode_Termination/corpus_clip_time_out: 0.0625
Episode_Termination/stage_one_actuation_guard: 4.5625
--------------------------------------------------------------------------------
                         Iteration time: 2.54s
                           Time elapsed: 00:04:42
                                    ETA: 00:05:18

################################################################################
[1m                           Learning iteration 194/300                           [0m 

                               Run name: breadth
                            Total steps: 48640 
                       Steps per second: 188 
                        Collection time: 1.802s 
                          Learning time: 0.915s 
                        Mean value loss: 1110.6977
                    Mean surrogate loss: -0.0210
                      Mean entropy loss: 10.5205
           Mean standing_retention loss: 0.0005
                            Mean reward: -98.50
                    Mean episode length: 8.99
                        Mean action std: 0.38
  Episode_Reward/motion_global_root_pos: 0.0121
  Episode_Reward/motion_global_root_ori: 0.0101
         Episode_Reward/motion_body_pos: 0.0261
         Episode_Reward/motion_body_ori: 0.0136
     Episode_Reward/motion_body_lin_vel: 0.0231
     Episode_Reward/motion_body_ang_vel: 0.0197
          Episode_Reward/action_rate_l2: -0.0502
             Episode_Reward/joint_limit: -0.0006
         Episode_Reward/self_collisions: -0.0136
Episode_Reward/action_target_reference_l2: -0.0243
Episode_Reward/action_target_soft_limit_barrier: -0.0004
                   Episode_Reward/alive: 0.1275
 Episode_Reward/non_timeout_termination: -10.0000
Episode_Reward/worst_ee_z_normalized_squared: -0.0841
Episode_Reward/right_wrist_prethreshold_barrier: -0.0032
        Metrics/motion/error_anchor_pos: 0.0697
        Metrics/motion/error_anchor_rot: 0.1667
    Metrics/motion/error_anchor_lin_vel: 0.4387
    Metrics/motion/error_anchor_ang_vel: 1.0199
          Metrics/motion/error_body_pos: 0.3921
          Metrics/motion/error_body_rot: 0.4254
         Metrics/motion/error_joint_pos: 0.7293
         Metrics/motion/error_joint_vel: 5.4377
        Metrics/motion/sampling_entropy: 0.9437
      Metrics/motion/sampling_top1_prob: 0.0316
       Metrics/motion/sampling_top1_bin: 0.2484
      Metrics/motion/error_body_lin_vel: 0.4895
      Metrics/motion/error_body_ang_vel: 1.5392
           Episode_Termination/time_out: 0.0000
         Episode_Termination/anchor_pos: 0.0000
         Episode_Termination/anchor_ori: 0.0000
        Episode_Termination/ee_body_pos: 0.0000
Episode_Termination/corpus_clip_time_out: 0.0000
Episode_Termination/stage_one_actuation_guard: 4.0000
--------------------------------------------------------------------------------
                         Iteration time: 2.72s
                           Time elapsed: 00:04:45
                                    ETA: 00:05:15

################################################################################
[1m                           Learning iteration 195/300                           [0m 

                               Run name: breadth
                            Total steps: 49152 
                       Steps per second: 200 
                        Collection time: 1.670s 
                          Learning time: 0.887s 
                        Mean value loss: 1081.2989
                    Mean surrogate loss: -0.0201
                      Mean entropy loss: 10.5205
           Mean standing_retention loss: 0.0004
                            Mean reward: -98.69
                    Mean episode length: 7.60
                        Mean action std: 0.38
  Episode_Reward/motion_global_root_pos: 0.0078
  Episode_Reward/motion_global_root_ori: 0.0069
         Episode_Reward/motion_body_pos: 0.0158
         Episode_Reward/motion_body_ori: 0.0107
     Episode_Reward/motion_body_lin_vel: 0.0130
     Episode_Reward/motion_body_ang_vel: 0.0108
          Episode_Reward/action_rate_l2: -0.0380
             Episode_Reward/joint_limit: -0.0010
         Episode_Reward/self_collisions: -0.0195
Episode_Reward/action_target_reference_l2: -0.0101
Episode_Reward/action_target_soft_limit_barrier: -0.0002
                   Episode_Reward/alive: 0.0728
 Episode_Reward/non_timeout_termination: -9.7917
Episode_Reward/worst_ee_z_normalized_squared: -0.0320
Episode_Reward/right_wrist_prethreshold_barrier: -0.0016
        Metrics/motion/error_anchor_pos: 0.0642
        Metrics/motion/error_anchor_rot: 0.1658
    Metrics/motion/error_anchor_lin_vel: 0.4696
    Metrics/motion/error_anchor_ang_vel: 1.0791
          Metrics/motion/error_body_pos: 0.2130
          Metrics/motion/error_body_rot: 0.3594
         Metrics/motion/error_joint_pos: 0.6315
         Metrics/motion/error_joint_vel: 6.3236
        Metrics/motion/sampling_entropy: 0.9436
      Metrics/motion/sampling_top1_prob: 0.0318
       Metrics/motion/sampling_top1_bin: 0.3697
      Metrics/motion/error_body_lin_vel: 0.5331
      Metrics/motion/error_body_ang_vel: 1.8563
           Episode_Termination/time_out: 0.0000
         Episode_Termination/anchor_pos: 0.0000
         Episode_Termination/anchor_ori: 0.0000
        Episode_Termination/ee_body_pos: 0.0000
Episode_Termination/corpus_clip_time_out: 0.0625
Episode_Termination/stage_one_actuation_guard: 4.3125
--------------------------------------------------------------------------------
                         Iteration time: 2.56s
                           Time elapsed: 00:04:47
                                    ETA: 00:05:11

################################################################################
[1m                           Learning iteration 196/300                           [0m 

                               Run name: breadth
                            Total steps: 49664 
                       Steps per second: 189 
                        Collection time: 1.789s 
                          Learning time: 0.916s 
                        Mean value loss: 998.1652
                    Mean surrogate loss: -0.0233
                      Mean entropy loss: 10.5205
           Mean standing_retention loss: 0.0004
                            Mean reward: -99.73
                    Mean episode length: 6.99
                        Mean action std: 0.38
  Episode_Reward/motion_global_root_pos: 0.0049
  Episode_Reward/motion_global_root_ori: 0.0044
         Episode_Reward/motion_body_pos: 0.0103
         Episode_Reward/motion_body_ori: 0.0072
     Episode_Reward/motion_body_lin_vel: 0.0083
     Episode_Reward/motion_body_ang_vel: 0.0070
          Episode_Reward/action_rate_l2: -0.0311
             Episode_Reward/joint_limit: -0.0001
         Episode_Reward/self_collisions: -0.0081
Episode_Reward/action_target_reference_l2: -0.0062
Episode_Reward/action_target_soft_limit_barrier: -0.0002
                   Episode_Reward/alive: 0.0435
 Episode_Reward/non_timeout_termination: -10.0000
Episode_Reward/worst_ee_z_normalized_squared: -0.0183
Episode_Reward/right_wrist_prethreshold_barrier: -0.0000
        Metrics/motion/error_anchor_pos: 0.0593
        Metrics/motion/error_anchor_rot: 0.1434
    Metrics/motion/error_anchor_lin_vel: 0.4314
    Metrics/motion/error_anchor_ang_vel: 0.9159
          Metrics/motion/error_body_pos: 0.7848
          Metrics/motion/error_body_rot: 0.5903
         Metrics/motion/error_joint_pos: 0.5250
         Metrics/motion/error_joint_vel: 4.7639
        Metrics/motion/sampling_entropy: 0.9429
      Metrics/motion/sampling_top1_prob: 0.0317
       Metrics/motion/sampling_top1_bin: 0.3697
      Metrics/motion/error_body_lin_vel: 0.4899
      Metrics/motion/error_body_ang_vel: 1.3476
           Episode_Termination/time_out: 0.0000
         Episode_Termination/anchor_pos: 0.0000
         Episode_Termination/anchor_ori: 0.0000
        Episode_Termination/ee_body_pos: 0.0625
Episode_Termination/corpus_clip_time_out: 0.0000
Episode_Termination/stage_one_actuation_guard: 4.1250
--------------------------------------------------------------------------------
                         Iteration time: 2.71s
                           Time elapsed: 00:04:50
                                    ETA: 00:05:08

################################################################################
[1m                           Learning iteration 197/300                           [0m 

                               Run name: breadth
                            Total steps: 50176 
                       Steps per second: 183 
                        Collection time: 1.785s 
                          Learning time: 1.002s 
                        Mean value loss: 1174.8193
                    Mean surrogate loss: -0.0241
                      Mean entropy loss: 10.5205
           Mean standing_retention loss: 0.0004
                            Mean reward: -99.64
                    Mean episode length: 8.36
                        Mean action std: 0.38
  Episode_Reward/motion_global_root_pos: 0.0076
  Episode_Reward/motion_global_root_ori: 0.0070
         Episode_Reward/motion_body_pos: 0.0158
         Episode_Reward/motion_body_ori: 0.0101
     Episode_Reward/motion_body_lin_vel: 0.0129
     Episode_Reward/motion_body_ang_vel: 0.0109
          Episode_Reward/action_rate_l2: -0.0355
             Episode_Reward/joint_limit: -0.0000
         Episode_Reward/self_collisions: -0.0139
Episode_Reward/action_target_reference_l2: -0.0111
Episode_Reward/action_target_soft_limit_barrier: -0.0002
                   Episode_Reward/alive: 0.0720
 Episode_Reward/non_timeout_termination: -10.0000
Episode_Reward/worst_ee_z_normalized_squared: -0.0308
Episode_Reward/right_wrist_prethreshold_barrier: -0.0011
        Metrics/motion/error_anchor_pos: 0.0687
        Metrics/motion/error_anchor_rot: 0.1471
    Metrics/motion/error_anchor_lin_vel: 0.4655
    Metrics/motion/error_anchor_ang_vel: 1.0064
          Metrics/motion/error_body_pos: 0.5176
          Metrics/motion/error_body_rot: 0.3897
         Metrics/motion/error_joint_pos: 0.6393
         Metrics/motion/error_joint_vel: 5.8141
        Metrics/motion/sampling_entropy: 0.9429
      Metrics/motion/sampling_top1_prob: 0.0314
       Metrics/motion/sampling_top1_bin: 0.3697
      Metrics/motion/error_body_lin_vel: 0.4943
      Metrics/motion/error_body_ang_vel: 1.7299
           Episode_Termination/time_out: 0.0000
         Episode_Termination/anchor_pos: 0.0000
         Episode_Termination/anchor_ori: 0.0000
        Episode_Termination/ee_body_pos: 0.0000
Episode_Termination/corpus_clip_time_out: 0.0000
Episode_Termination/stage_one_actuation_guard: 4.3750
--------------------------------------------------------------------------------
                         Iteration time: 2.79s
                           Time elapsed: 00:04:53
                                    ETA: 00:05:05

################################################################################
[1m                           Learning iteration 198/300                           [0m 

                               Run name: breadth
                            Total steps: 50688 
                       Steps per second: 181 
                        Collection time: 1.709s 
                          Learning time: 1.118s 
                        Mean value loss: 929.9716
                    Mean surrogate loss: -0.0192
                      Mean entropy loss: 10.5205
           Mean standing_retention loss: 0.0004
                            Mean reward: -99.70
                    Mean episode length: 6.89
                        Mean action std: 0.38
  Episode_Reward/motion_global_root_pos: 0.0054
  Episode_Reward/motion_global_root_ori: 0.0050
         Episode_Reward/motion_body_pos: 0.0114
         Episode_Reward/motion_body_ori: 0.0078
     Episode_Reward/motion_body_lin_vel: 0.0090
     Episode_Reward/motion_body_ang_vel: 0.0076
          Episode_Reward/action_rate_l2: -0.0329
             Episode_Reward/joint_limit: -0.0005
         Episode_Reward/self_collisions: -0.0087
Episode_Reward/action_target_reference_l2: -0.0068
Episode_Reward/action_target_soft_limit_barrier: -0.0003
                   Episode_Reward/alive: 0.0489
 Episode_Reward/non_timeout_termination: -10.0000
Episode_Reward/worst_ee_z_normalized_squared: -0.0164
Episode_Reward/right_wrist_prethreshold_barrier: 0.0000
        Metrics/motion/error_anchor_pos: 0.0652
        Metrics/motion/error_anchor_rot: 0.1555
    Metrics/motion/error_anchor_lin_vel: 0.4533
    Metrics/motion/error_anchor_ang_vel: 0.9569
          Metrics/motion/error_body_pos: 0.5303
          Metrics/motion/error_body_rot: 0.4906
         Metrics/motion/error_joint_pos: 0.5605
         Metrics/motion/error_joint_vel: 5.6389
        Metrics/motion/sampling_entropy: 0.9427
      Metrics/motion/sampling_top1_prob: 0.0314
       Metrics/motion/sampling_top1_bin: 0.3697
      Metrics/motion/error_body_lin_vel: 0.5000
      Metrics/motion/error_body_ang_vel: 1.5760
           Episode_Termination/time_out: 0.0000
         Episode_Termination/anchor_pos: 0.0000
         Episode_Termination/anchor_ori: 0.0000
        Episode_Termination/ee_body_pos: 0.0000
Episode_Termination/corpus_clip_time_out: 0.0000
Episode_Termination/stage_one_actuation_guard: 4.0625
--------------------------------------------------------------------------------
                         Iteration time: 2.83s
                           Time elapsed: 00:04:56
                                    ETA: 00:05:02

################################################################################
[1m                           Learning iteration 199/300                           [0m 

                               Run name: breadth
                            Total steps: 51200 
                       Steps per second: 183 
                        Collection time: 1.693s 
                          Learning time: 1.099s 
                        Mean value loss: 1020.6329
                    Mean surrogate loss: -0.0232
                      Mean entropy loss: 10.5205
           Mean standing_retention loss: 0.0004
                            Mean reward: -99.66
                    Mean episode length: 7.29
                        Mean action std: 0.38
  Episode_Reward/motion_global_root_pos: 0.0091
  Episode_Reward/motion_global_root_ori: 0.0083
         Episode_Reward/motion_body_pos: 0.0188
         Episode_Reward/motion_body_ori: 0.0105
     Episode_Reward/motion_body_lin_vel: 0.0159
     Episode_Reward/motion_body_ang_vel: 0.0136
          Episode_Reward/action_rate_l2: -0.0392
             Episode_Reward/joint_limit: -0.0003
         Episode_Reward/self_collisions: -0.0187
Episode_Reward/action_target_reference_l2: -0.0153
Episode_Reward/action_target_soft_limit_barrier: -0.0002
                   Episode_Reward/alive: 0.0881
 Episode_Reward/non_timeout_termination: -10.0000
Episode_Reward/worst_ee_z_normalized_squared: -0.0437
Episode_Reward/right_wrist_prethreshold_barrier: 0.0000
        Metrics/motion/error_anchor_pos: 0.0744
        Metrics/motion/error_anchor_rot: 0.1637
    Metrics/motion/error_anchor_lin_vel: 0.4553
    Metrics/motion/error_anchor_ang_vel: 0.9603
          Metrics/motion/error_body_pos: 0.3015
          Metrics/motion/error_body_rot: 0.4059
         Metrics/motion/error_joint_pos: 0.6677
         Metrics/motion/error_joint_vel: 5.5268
        Metrics/motion/sampling_entropy: 0.9430
      Metrics/motion/sampling_top1_prob: 0.0315
       Metrics/motion/sampling_top1_bin: 0.3697
      Metrics/motion/error_body_lin_vel: 0.5043
      Metrics/motion/error_body_ang_vel: 1.6944
           Episode_Termination/time_out: 0.0000
         Episode_Termination/anchor_pos: 0.0000
         Episode_Termination/anchor_ori: 0.0000
        Episode_Termination/ee_body_pos: 0.0625
Episode_Termination/corpus_clip_time_out: 0.0000
Episode_Termination/stage_one_actuation_guard: 4.3750
--------------------------------------------------------------------------------
                         Iteration time: 2.79s
                           Time elapsed: 00:04:59
                                    ETA: 00:04:59

################################################################################
[1m                           Learning iteration 200/300                           [0m 

                               Run name: breadth
                            Total steps: 51712 
                       Steps per second: 176 
                        Collection time: 1.837s 
                          Learning time: 1.072s 
                        Mean value loss: 811.4633
                    Mean surrogate loss: -0.0205
                      Mean entropy loss: 10.5205
           Mean standing_retention loss: 0.0003
                            Mean reward: -98.65
                    Mean episode length: 7.82
                        Mean action std: 0.38
  Episode_Reward/motion_global_root_pos: 0.0068
  Episode_Reward/motion_global_root_ori: 0.0064
         Episode_Reward/motion_body_pos: 0.0145
         Episode_Reward/motion_body_ori: 0.0104
     Episode_Reward/motion_body_lin_vel: 0.0117
     Episode_Reward/motion_body_ang_vel: 0.0098
          Episode_Reward/action_rate_l2: -0.0367
             Episode_Reward/joint_limit: -0.0003
         Episode_Reward/self_collisions: -0.0177
Episode_Reward/action_target_reference_l2: -0.0077
Episode_Reward/action_target_soft_limit_barrier: -0.0001
                   Episode_Reward/alive: 0.0652
 Episode_Reward/non_timeout_termination: -9.8889
Episode_Reward/worst_ee_z_normalized_squared: -0.0191
Episode_Reward/right_wrist_prethreshold_barrier: -0.0001
        Metrics/motion/error_anchor_pos: 0.0708
        Metrics/motion/error_anchor_rot: 0.1491
    Metrics/motion/error_anchor_lin_vel: 0.5058
    Metrics/motion/error_anchor_ang_vel: 0.9469
          Metrics/motion/error_body_pos: 0.7425
          Metrics/motion/error_body_rot: 0.5505
         Metrics/motion/error_joint_pos: 0.5725
         Metrics/motion/error_joint_vel: 5.4551
        Metrics/motion/sampling_entropy: 0.9432
      Metrics/motion/sampling_top1_prob: 0.0313
       Metrics/motion/sampling_top1_bin: 0.3697
      Metrics/motion/error_body_lin_vel: 0.5421
      Metrics/motion/error_body_ang_vel: 1.6332
           Episode_Termination/time_out: 0.0000
         Episode_Termination/anchor_pos: 0.0000
         Episode_Termination/anchor_ori: 0.0000
        Episode_Termination/ee_body_pos: 0.0000
Episode_Termination/corpus_clip_time_out: 0.0667
Episode_Termination/stage_one_actuation_guard: 4.0000
--------------------------------------------------------------------------------
                         Iteration time: 2.91s
                           Time elapsed: 00:05:01
                                    ETA: 00:04:56

################################################################################
[1m                           Learning iteration 201/300                           [0m 

                               Run name: breadth
                            Total steps: 52224 
                       Steps per second: 185 
                        Collection time: 1.826s 
                          Learning time: 0.928s 
                        Mean value loss: 1001.6454
                    Mean surrogate loss: -0.0221
                      Mean entropy loss: 10.5205
           Mean standing_retention loss: 0.0003
                            Mean reward: -98.41
                    Mean episode length: 8.11
                        Mean action std: 0.38
  Episode_Reward/motion_global_root_pos: 0.0078
  Episode_Reward/motion_global_root_ori: 0.0072
         Episode_Reward/motion_body_pos: 0.0164
         Episode_Reward/motion_body_ori: 0.0114
     Episode_Reward/motion_body_lin_vel: 0.0136
     Episode_Reward/motion_body_ang_vel: 0.0114
          Episode_Reward/action_rate_l2: -0.0347
             Episode_Reward/joint_limit: -0.0002
         Episode_Reward/self_collisions: -0.0109
Episode_Reward/action_target_reference_l2: -0.0100
Episode_Reward/action_target_soft_limit_barrier: -0.0002
                   Episode_Reward/alive: 0.0748
 Episode_Reward/non_timeout_termination: -9.8438
Episode_Reward/worst_ee_z_normalized_squared: -0.0247
Episode_Reward/right_wrist_prethreshold_barrier: 0.0000
        Metrics/motion/error_anchor_pos: 0.0678
        Metrics/motion/error_anchor_rot: 0.1516
    Metrics/motion/error_anchor_lin_vel: 0.4745
    Metrics/motion/error_anchor_ang_vel: 1.0257
          Metrics/motion/error_body_pos: 0.2824
          Metrics/motion/error_body_rot: 0.2975
         Metrics/motion/error_joint_pos: 0.6635
         Metrics/motion/error_joint_vel: 6.0701
        Metrics/motion/sampling_entropy: 0.9433
      Metrics/motion/sampling_top1_prob: 0.0309
       Metrics/motion/sampling_top1_bin: 0.3697
      Metrics/motion/error_body_lin_vel: 0.5036
      Metrics/motion/error_body_ang_vel: 1.7313
           Episode_Termination/time_out: 0.0000
         Episode_Termination/anchor_pos: 0.0000
         Episode_Termination/anchor_ori: 0.0000
        Episode_Termination/ee_body_pos: 0.0000
Episode_Termination/corpus_clip_time_out: 0.0625
Episode_Termination/stage_one_actuation_guard: 3.7500
--------------------------------------------------------------------------------
                         Iteration time: 2.75s
                           Time elapsed: 00:05:04
                                    ETA: 00:04:52

################################################################################
[1m                           Learning iteration 202/300                           [0m 

                               Run name: breadth
                            Total steps: 52736 
                       Steps per second: 179 
                        Collection time: 1.878s 
                          Learning time: 0.974s 
                        Mean value loss: 880.6792
                    Mean surrogate loss: -0.0232
                      Mean entropy loss: 10.5205
           Mean standing_retention loss: 0.0003
                            Mean reward: -97.61
                    Mean episode length: 7.20
                        Mean action std: 0.38
  Episode_Reward/motion_global_root_pos: 0.0057
  Episode_Reward/motion_global_root_ori: 0.0053
         Episode_Reward/motion_body_pos: 0.0119
         Episode_Reward/motion_body_ori: 0.0086
     Episode_Reward/motion_body_lin_vel: 0.0089
     Episode_Reward/motion_body_ang_vel: 0.0076
          Episode_Reward/action_rate_l2: -0.0323
             Episode_Reward/joint_limit: -0.0001
         Episode_Reward/self_collisions: -0.0094
Episode_Reward/action_target_reference_l2: -0.0071
Episode_Reward/action_target_soft_limit_barrier: -0.0003
                   Episode_Reward/alive: 0.0527
 Episode_Reward/non_timeout_termination: -9.7917
Episode_Reward/worst_ee_z_normalized_squared: -0.0223
Episode_Reward/right_wrist_prethreshold_barrier: 0.0000
        Metrics/motion/error_anchor_pos: 0.0659
        Metrics/motion/error_anchor_rot: 0.1402
    Metrics/motion/error_anchor_lin_vel: 0.5085
    Metrics/motion/error_anchor_ang_vel: 0.9636
          Metrics/motion/error_body_pos: 0.4135
          Metrics/motion/error_body_rot: 0.4065
         Metrics/motion/error_joint_pos: 0.5457
         Metrics/motion/error_joint_vel: 6.1574
        Metrics/motion/sampling_entropy: 0.9435
      Metrics/motion/sampling_top1_prob: 0.0309
       Metrics/motion/sampling_top1_bin: 0.3697
      Metrics/motion/error_body_lin_vel: 0.5666
      Metrics/motion/error_body_ang_vel: 1.8562
           Episode_Termination/time_out: 0.0000
         Episode_Termination/anchor_pos: 0.0000
         Episode_Termination/anchor_ori: 0.0000
        Episode_Termination/ee_body_pos: 0.0625
Episode_Termination/corpus_clip_time_out: 0.0625
Episode_Termination/stage_one_actuation_guard: 4.1875
--------------------------------------------------------------------------------
                         Iteration time: 2.85s
                           Time elapsed: 00:05:07
                                    ETA: 00:04:49

################################################################################
[1m                           Learning iteration 203/300                           [0m 

                               Run name: breadth
                            Total steps: 53248 
                       Steps per second: 199 
                        Collection time: 1.689s 
                          Learning time: 0.882s 
                        Mean value loss: 1010.0064
                    Mean surrogate loss: -0.0224
                      Mean entropy loss: 10.5205
           Mean standing_retention loss: 0.0003
                            Mean reward: -99.64
                    Mean episode length: 7.80
                        Mean action std: 0.38
  Episode_Reward/motion_global_root_pos: 0.0065
  Episode_Reward/motion_global_root_ori: 0.0057
         Episode_Reward/motion_body_pos: 0.0134
         Episode_Reward/motion_body_ori: 0.0092
     Episode_Reward/motion_body_lin_vel: 0.0108
     Episode_Reward/motion_body_ang_vel: 0.0090
          Episode_Reward/action_rate_l2: -0.0365
             Episode_Reward/joint_limit: -0.0008
         Episode_Reward/self_collisions: -0.0091
Episode_Reward/action_target_reference_l2: -0.0082
Episode_Reward/action_target_soft_limit_barrier: -0.0003
                   Episode_Reward/alive: 0.0604
 Episode_Reward/non_timeout_termination: -10.0000
Episode_Reward/worst_ee_z_normalized_squared: -0.0253
Episode_Reward/right_wrist_prethreshold_barrier: -0.0001
        Metrics/motion/error_anchor_pos: 0.0615
        Metrics/motion/error_anchor_rot: 0.1656
    Metrics/motion/error_anchor_lin_vel: 0.4706
    Metrics/motion/error_anchor_ang_vel: 1.0391
          Metrics/motion/error_body_pos: 0.6132
          Metrics/motion/error_body_rot: 0.4732
         Metrics/motion/error_joint_pos: 0.5897
         Metrics/motion/error_joint_vel: 6.4731
        Metrics/motion/sampling_entropy: 0.9436
      Metrics/motion/sampling_top1_prob: 0.0311
       Metrics/motion/sampling_top1_bin: 0.1098
      Metrics/motion/error_body_lin_vel: 0.5294
      Metrics/motion/error_body_ang_vel: 1.8090
           Episode_Termination/time_out: 0.0000
         Episode_Termination/anchor_pos: 0.0625
         Episode_Termination/anchor_ori: 0.0000
        Episode_Termination/ee_body_pos: 0.0625
Episode_Termination/corpus_clip_time_out: 0.0000
Episode_Termination/stage_one_actuation_guard: 4.4375
--------------------------------------------------------------------------------
                         Iteration time: 2.57s
                           Time elapsed: 00:05:10
                                    ETA: 00:04:46

################################################################################
[1m                           Learning iteration 204/300                           [0m 

                               Run name: breadth
                            Total steps: 53760 
                       Steps per second: 196 
                        Collection time: 1.717s 
                          Learning time: 0.892s 
                        Mean value loss: 673.6108
                    Mean surrogate loss: -0.0204
                      Mean entropy loss: 10.5205
           Mean standing_retention loss: 0.0004
                            Mean reward: -99.65
                    Mean episode length: 7.20
                        Mean action std: 0.38
  Episode_Reward/motion_global_root_pos: 0.0062
  Episode_Reward/motion_global_root_ori: 0.0058
         Episode_Reward/motion_body_pos: 0.0129
         Episode_Reward/motion_body_ori: 0.0094
     Episode_Reward/motion_body_lin_vel: 0.0100
     Episode_Reward/motion_body_ang_vel: 0.0086
          Episode_Reward/action_rate_l2: -0.0315
             Episode_Reward/joint_limit: -0.0004
         Episode_Reward/self_collisions: -0.0227
Episode_Reward/action_target_reference_l2: -0.0077
Episode_Reward/action_target_soft_limit_barrier: -0.0002
                   Episode_Reward/alive: 0.0568
 Episode_Reward/non_timeout_termination: -10.0000
Episode_Reward/worst_ee_z_normalized_squared: -0.0188
Episode_Reward/right_wrist_prethreshold_barrier: 0.0000
        Metrics/motion/error_anchor_pos: 0.0680
        Metrics/motion/error_anchor_rot: 0.1362
    Metrics/motion/error_anchor_lin_vel: 0.4884
    Metrics/motion/error_anchor_ang_vel: 1.0544
          Metrics/motion/error_body_pos: 0.3777
          Metrics/motion/error_body_rot: 0.4097
         Metrics/motion/error_joint_pos: 0.5692
         Metrics/motion/error_joint_vel: 6.1436
        Metrics/motion/sampling_entropy: 0.9433
      Metrics/motion/sampling_top1_prob: 0.0311
       Metrics/motion/sampling_top1_bin: 0.0924
      Metrics/motion/error_body_lin_vel: 0.5493
      Metrics/motion/error_body_ang_vel: 1.7697
           Episode_Termination/time_out: 0.0000
         Episode_Termination/anchor_pos: 0.0000
         Episode_Termination/anchor_ori: 0.0000
        Episode_Termination/ee_body_pos: 0.0000
Episode_Termination/corpus_clip_time_out: 0.0000
Episode_Termination/stage_one_actuation_guard: 3.5625
--------------------------------------------------------------------------------
                         Iteration time: 2.61s
                           Time elapsed: 00:05:12
                                    ETA: 00:04:42

################################################################################
[1m                           Learning iteration 205/300                           [0m 

                               Run name: breadth
                            Total steps: 54272 
                       Steps per second: 195 
                        Collection time: 1.743s 
                          Learning time: 0.874s 
                        Mean value loss: 851.3418
                    Mean surrogate loss: -0.0216
                      Mean entropy loss: 10.5205
           Mean standing_retention loss: 0.0004
                            Mean reward: -99.76
                    Mean episode length: 6.77
                        Mean action std: 0.38
  Episode_Reward/motion_global_root_pos: 0.0056
  Episode_Reward/motion_global_root_ori: 0.0048
         Episode_Reward/motion_body_pos: 0.0118
         Episode_Reward/motion_body_ori: 0.0078
     Episode_Reward/motion_body_lin_vel: 0.0096
     Episode_Reward/motion_body_ang_vel: 0.0080
          Episode_Reward/action_rate_l2: -0.0310
             Episode_Reward/joint_limit: -0.0005
         Episode_Reward/self_collisions: -0.0150
Episode_Reward/action_target_reference_l2: -0.0080
Episode_Reward/action_target_soft_limit_barrier: -0.0003
                   Episode_Reward/alive: 0.0512
 Episode_Reward/non_timeout_termination: -10.0000
Episode_Reward/worst_ee_z_normalized_squared: -0.0213
Episode_Reward/right_wrist_prethreshold_barrier: 0.0000
        Metrics/motion/error_anchor_pos: 0.0624
        Metrics/motion/error_anchor_rot: 0.1727
    Metrics/motion/error_anchor_lin_vel: 0.4369
    Metrics/motion/error_anchor_ang_vel: 0.9840
          Metrics/motion/error_body_pos: 0.4870
          Metrics/motion/error_body_rot: 0.5275
         Metrics/motion/error_joint_pos: 0.5372
         Metrics/motion/error_joint_vel: 4.9882
        Metrics/motion/sampling_entropy: 0.9429
      Metrics/motion/sampling_top1_prob: 0.0310
       Metrics/motion/sampling_top1_bin: 0.0924
      Metrics/motion/error_body_lin_vel: 0.5002
      Metrics/motion/error_body_ang_vel: 1.4990
           Episode_Termination/time_out: 0.0000
         Episode_Termination/anchor_pos: 0.0000
         Episode_Termination/anchor_ori: 0.0000
        Episode_Termination/ee_body_pos: 0.0000
Episode_Termination/corpus_clip_time_out: 0.0000
Episode_Termination/stage_one_actuation_guard: 4.2500
--------------------------------------------------------------------------------
                         Iteration time: 2.62s
                           Time elapsed: 00:05:15
                                    ETA: 00:04:39

################################################################################
[1m                           Learning iteration 206/300                           [0m 

                               Run name: breadth
                            Total steps: 54784 
                       Steps per second: 197 
                        Collection time: 1.694s 
                          Learning time: 0.895s 
                        Mean value loss: 945.4427
                    Mean surrogate loss: -0.0239
                      Mean entropy loss: 10.5205
           Mean standing_retention loss: 0.0005
                            Mean reward: -99.73
                    Mean episode length: 7.15
                        Mean action std: 0.38
  Episode_Reward/motion_global_root_pos: 0.0068
  Episode_Reward/motion_global_root_ori: 0.0061
         Episode_Reward/motion_body_pos: 0.0143
         Episode_Reward/motion_body_ori: 0.0092
     Episode_Reward/motion_body_lin_vel: 0.0114
     Episode_Reward/motion_body_ang_vel: 0.0098
          Episode_Reward/action_rate_l2: -0.0330
             Episode_Reward/joint_limit: -0.0005
         Episode_Reward/self_collisions: -0.0127
Episode_Reward/action_target_reference_l2: -0.0104
Episode_Reward/action_target_soft_limit_barrier: -0.0003
                   Episode_Reward/alive: 0.0646
 Episode_Reward/non_timeout_termination: -10.0000
Episode_Reward/worst_ee_z_normalized_squared: -0.0344
Episode_Reward/right_wrist_prethreshold_barrier: -0.0006
        Metrics/motion/error_anchor_pos: 0.0666
        Metrics/motion/error_anchor_rot: 0.1516
    Metrics/motion/error_anchor_lin_vel: 0.5353
    Metrics/motion/error_anchor_ang_vel: 0.9914
          Metrics/motion/error_body_pos: 0.2515
          Metrics/motion/error_body_rot: 0.3655
         Metrics/motion/error_joint_pos: 0.5864
         Metrics/motion/error_joint_vel: 5.7128
        Metrics/motion/sampling_entropy: 0.9424
      Metrics/motion/sampling_top1_prob: 0.0309
       Metrics/motion/sampling_top1_bin: 0.0924
      Metrics/motion/error_body_lin_vel: 0.5695
      Metrics/motion/error_body_ang_vel: 1.7303
           Episode_Termination/time_out: 0.0000
         Episode_Termination/anchor_pos: 0.0000
         Episode_Termination/anchor_ori: 0.0000
        Episode_Termination/ee_body_pos: 0.0625
Episode_Termination/corpus_clip_time_out: 0.0000
Episode_Termination/stage_one_actuation_guard: 4.9375
--------------------------------------------------------------------------------
                         Iteration time: 2.59s
                           Time elapsed: 00:05:17
                                    ETA: 00:04:36

################################################################################
[1m                           Learning iteration 207/300                           [0m 

                               Run name: breadth
                            Total steps: 55296 
                       Steps per second: 181 
                        Collection time: 1.829s 
                          Learning time: 0.993s 
                        Mean value loss: 813.5089
                    Mean surrogate loss: -0.0239
                      Mean entropy loss: 10.5205
           Mean standing_retention loss: 0.0006
                            Mean reward: -99.68
                    Mean episode length: 7.39
                        Mean action std: 0.38
  Episode_Reward/motion_global_root_pos: 0.0070
  Episode_Reward/motion_global_root_ori: 0.0064
         Episode_Reward/motion_body_pos: 0.0145
         Episode_Reward/motion_body_ori: 0.0091
     Episode_Reward/motion_body_lin_vel: 0.0114
     Episode_Reward/motion_body_ang_vel: 0.0097
          Episode_Reward/action_rate_l2: -0.0391
             Episode_Reward/joint_limit: -0.0015
         Episode_Reward/self_collisions: -0.0055
Episode_Reward/action_target_reference_l2: -0.0103
Episode_Reward/action_target_soft_limit_barrier: -0.0004
                   Episode_Reward/alive: 0.0661
 Episode_Reward/non_timeout_termination: -10.0000
Episode_Reward/worst_ee_z_normalized_squared: -0.0339
Episode_Reward/right_wrist_prethreshold_barrier: -0.0027
        Metrics/motion/error_anchor_pos: 0.0707
        Metrics/motion/error_anchor_rot: 0.1512
    Metrics/motion/error_anchor_lin_vel: 0.4900
    Metrics/motion/error_anchor_ang_vel: 1.0658
          Metrics/motion/error_body_pos: 0.5605
          Metrics/motion/error_body_rot: 0.5483
         Metrics/motion/error_joint_pos: 0.5855
         Metrics/motion/error_joint_vel: 5.3362
        Metrics/motion/sampling_entropy: 0.9420
      Metrics/motion/sampling_top1_prob: 0.0306
       Metrics/motion/sampling_top1_bin: 0.0924
      Metrics/motion/error_body_lin_vel: 0.5471
      Metrics/motion/error_body_ang_vel: 1.6548
           Episode_Termination/time_out: 0.0000
         Episode_Termination/anchor_pos: 0.0625
         Episode_Termination/anchor_ori: 0.0000
        Episode_Termination/ee_body_pos: 0.0625
Episode_Termination/corpus_clip_time_out: 0.0000
Episode_Termination/stage_one_actuation_guard: 4.5000
--------------------------------------------------------------------------------
                         Iteration time: 2.82s
                           Time elapsed: 00:05:20
                                    ETA: 00:04:33

################################################################################
[1m                           Learning iteration 208/300                           [0m 

                               Run name: breadth
                            Total steps: 55808 
                       Steps per second: 174 
                        Collection time: 2.052s 
                          Learning time: 0.883s 
                        Mean value loss: 613.3161
                    Mean surrogate loss: -0.0238
                      Mean entropy loss: 10.5205
           Mean standing_retention loss: 0.0006
                            Mean reward: -98.64
                    Mean episode length: 8.21
                        Mean action std: 0.38
  Episode_Reward/motion_global_root_pos: 0.0090
  Episode_Reward/motion_global_root_ori: 0.0078
         Episode_Reward/motion_body_pos: 0.0185
         Episode_Reward/motion_body_ori: 0.0116
     Episode_Reward/motion_body_lin_vel: 0.0154
     Episode_Reward/motion_body_ang_vel: 0.0133
          Episode_Reward/action_rate_l2: -0.0402
             Episode_Reward/joint_limit: -0.0009
         Episode_Reward/self_collisions: 0.0000
Episode_Reward/action_target_reference_l2: -0.0133
Episode_Reward/action_target_soft_limit_barrier: -0.0002
                   Episode_Reward/alive: 0.0865
 Episode_Reward/non_timeout_termination: -9.8571
Episode_Reward/worst_ee_z_normalized_squared: -0.0365
Episode_Reward/right_wrist_prethreshold_barrier: -0.0019
        Metrics/motion/error_anchor_pos: 0.0802
        Metrics/motion/error_anchor_rot: 0.1505
    Metrics/motion/error_anchor_lin_vel: 0.4623
    Metrics/motion/error_anchor_ang_vel: 1.0514
          Metrics/motion/error_body_pos: 0.2673
          Metrics/motion/error_body_rot: 0.4084
         Metrics/motion/error_joint_pos: 0.6620
         Metrics/motion/error_joint_vel: 5.2025
        Metrics/motion/sampling_entropy: 0.9422
      Metrics/motion/sampling_top1_prob: 0.0310
       Metrics/motion/sampling_top1_bin: 0.0924
      Metrics/motion/error_body_lin_vel: 0.4848
      Metrics/motion/error_body_ang_vel: 1.5082
           Episode_Termination/time_out: 0.0000
         Episode_Termination/anchor_pos: 0.0000
         Episode_Termination/anchor_ori: 0.0000
        Episode_Termination/ee_body_pos: 0.0000
Episode_Termination/corpus_clip_time_out: 0.0714
Episode_Termination/stage_one_actuation_guard: 3.0714
--------------------------------------------------------------------------------
                         Iteration time: 2.94s
                           Time elapsed: 00:05:23
                                    ETA: 00:04:30

################################################################################
[1m                           Learning iteration 209/300                           [0m 

                               Run name: breadth
                            Total steps: 56320 
                       Steps per second: 88 
                        Collection time: 1.846s 
                          Learning time: 3.966s 
                        Mean value loss: 887.3037
                    Mean surrogate loss: -0.0167
                      Mean entropy loss: 10.5205
           Mean standing_retention loss: 0.0005
                            Mean reward: -99.60
                    Mean episode length: 8.53
                        Mean action std: 0.38
  Episode_Reward/motion_global_root_pos: 0.0070
  Episode_Reward/motion_global_root_ori: 0.0059
         Episode_Reward/motion_body_pos: 0.0144
         Episode_Reward/motion_body_ori: 0.0090
     Episode_Reward/motion_body_lin_vel: 0.0118
     Episode_Reward/motion_body_ang_vel: 0.0098
          Episode_Reward/action_rate_l2: -0.0377
             Episode_Reward/joint_limit: -0.0004
         Episode_Reward/self_collisions: -0.0084
Episode_Reward/action_target_reference_l2: -0.0104
Episode_Reward/action_target_soft_limit_barrier: -0.0003
                   Episode_Reward/alive: 0.0653
 Episode_Reward/non_timeout_termination: -10.0000
Episode_Reward/worst_ee_z_normalized_squared: -0.0372
Episode_Reward/right_wrist_prethreshold_barrier: -0.0002
        Metrics/motion/error_anchor_pos: 0.0660
        Metrics/motion/error_anchor_rot: 0.1670
    Metrics/motion/error_anchor_lin_vel: 0.4870
    Metrics/motion/error_anchor_ang_vel: 1.0456
          Metrics/motion/error_body_pos: 0.4436
          Metrics/motion/error_body_rot: 0.4401
         Metrics/motion/error_joint_pos: 0.6356
         Metrics/motion/error_joint_vel: 5.5004
        Metrics/motion/sampling_entropy: 0.9425
      Metrics/motion/sampling_top1_prob: 0.0305
       Metrics/motion/sampling_top1_bin: 0.0924
      Metrics/motion/error_body_lin_vel: 0.5240
      Metrics/motion/error_body_ang_vel: 1.6444
           Episode_Termination/time_out: 0.0000
         Episode_Termination/anchor_pos: 0.0000
         Episode_Termination/anchor_ori: 0.0000
        Episode_Termination/ee_body_pos: 0.0625
Episode_Termination/corpus_clip_time_out: 0.0000
Episode_Termination/stage_one_actuation_guard: 4.6250
--------------------------------------------------------------------------------
                         Iteration time: 5.81s
                           Time elapsed: 00:05:29
                                    ETA: 00:04:29

################################################################################
[1m                           Learning iteration 210/300                           [0m 

                               Run name: breadth
                            Total steps: 56832 
                       Steps per second: 184 
                        Collection time: 1.915s 
                          Learning time: 0.864s 
                        Mean value loss: 930.1289
                    Mean surrogate loss: -0.0214
                      Mean entropy loss: 10.5205
           Mean standing_retention loss: 0.0005
                            Mean reward: -99.90
                    Mean episode length: 7.49
                        Mean action std: 0.38
  Episode_Reward/motion_global_root_pos: 0.0070
  Episode_Reward/motion_global_root_ori: 0.0062
         Episode_Reward/motion_body_pos: 0.0143
         Episode_Reward/motion_body_ori: 0.0096
     Episode_Reward/motion_body_lin_vel: 0.0112
     Episode_Reward/motion_body_ang_vel: 0.0095
          Episode_Reward/action_rate_l2: -0.0351
             Episode_Reward/joint_limit: -0.0001
         Episode_Reward/self_collisions: -0.0095
Episode_Reward/action_target_reference_l2: -0.0092
Episode_Reward/action_target_soft_limit_barrier: -0.0002
                   Episode_Reward/alive: 0.0647
 Episode_Reward/non_timeout_termination: -10.0000
Episode_Reward/worst_ee_z_normalized_squared: -0.0291
Episode_Reward/right_wrist_prethreshold_barrier: -0.0247
        Metrics/motion/error_anchor_pos: 0.0623
        Metrics/motion/error_anchor_rot: 0.1689
    Metrics/motion/error_anchor_lin_vel: 0.4755
    Metrics/motion/error_anchor_ang_vel: 1.1508
          Metrics/motion/error_body_pos: 0.1907
          Metrics/motion/error_body_rot: 0.3240
         Metrics/motion/error_joint_pos: 0.6165
         Metrics/motion/error_joint_vel: 6.4675
        Metrics/motion/sampling_entropy: 0.9423
      Metrics/motion/sampling_top1_prob: 0.0309
       Metrics/motion/sampling_top1_bin: 0.0924
      Metrics/motion/error_body_lin_vel: 0.5528
      Metrics/motion/error_body_ang_vel: 1.8663
           Episode_Termination/time_out: 0.0000
         Episode_Termination/anchor_pos: 0.0000
         Episode_Termination/anchor_ori: 0.0000
        Episode_Termination/ee_body_pos: 0.1875
Episode_Termination/corpus_clip_time_out: 0.0000
Episode_Termination/stage_one_actuation_guard: 3.9375
--------------------------------------------------------------------------------
                         Iteration time: 2.78s
                           Time elapsed: 00:05:32
                                    ETA: 00:04:26

################################################################################
[1m                           Learning iteration 211/300                           [0m 

                               Run name: breadth
                            Total steps: 57344 
                       Steps per second: 196 
                        Collection time: 1.713s 
                          Learning time: 0.894s 
                        Mean value loss: 891.5441
                    Mean surrogate loss: -0.0236
                      Mean entropy loss: 10.5205
           Mean standing_retention loss: 0.0005
                            Mean reward: -97.77
                    Mean episode length: 8.66
                        Mean action std: 0.38
--------------------------------------------------------------------------------
                         Iteration time: 2.61s
                           Time elapsed: 00:05:34
                                    ETA: 00:04:23

################################################################################
[1m                           Learning iteration 212/300                           [0m 

                               Run name: breadth
                            Total steps: 57856 
                       Steps per second: 188 
                        Collection time: 1.716s 
                          Learning time: 0.994s 
                        Mean value loss: 752.7088
                    Mean surrogate loss: -0.0230
                      Mean entropy loss: 10.5205
           Mean standing_retention loss: 0.0005
                            Mean reward: -97.60
                    Mean episode length: 7.25
                        Mean action std: 0.38
  Episode_Reward/motion_global_root_pos: 0.0065
  Episode_Reward/motion_global_root_ori: 0.0058
         Episode_Reward/motion_body_pos: 0.0133
         Episode_Reward/motion_body_ori: 0.0089
     Episode_Reward/motion_body_lin_vel: 0.0104
     Episode_Reward/motion_body_ang_vel: 0.0087
          Episode_Reward/action_rate_l2: -0.0376
             Episode_Reward/joint_limit: -0.0002
         Episode_Reward/self_collisions: -0.0068
Episode_Reward/action_target_reference_l2: -0.0085
Episode_Reward/action_target_soft_limit_barrier: -0.0002
                   Episode_Reward/alive: 0.0594
 Episode_Reward/non_timeout_termination: -10.0000
Episode_Reward/worst_ee_z_normalized_squared: -0.0305
Episode_Reward/right_wrist_prethreshold_barrier: -0.0000
        Metrics/motion/error_anchor_pos: 0.0666
        Metrics/motion/error_anchor_rot: 0.1529
    Metrics/motion/error_anchor_lin_vel: 0.5052
    Metrics/motion/error_anchor_ang_vel: 1.0645
          Metrics/motion/error_body_pos: 0.4537
          Metrics/motion/error_body_rot: 0.4348
         Metrics/motion/error_joint_pos: 0.6373
         Metrics/motion/error_joint_vel: 6.3552
        Metrics/motion/sampling_entropy: 0.9425
      Metrics/motion/sampling_top1_prob: 0.0309
       Metrics/motion/sampling_top1_bin: 0.0924
      Metrics/motion/error_body_lin_vel: 0.5453
      Metrics/motion/error_body_ang_vel: 1.8693
           Episode_Termination/time_out: 0.0000
         Episode_Termination/anchor_pos: 0.0000
         Episode_Termination/anchor_ori: 0.0000
        Episode_Termination/ee_body_pos: 0.0000
Episode_Termination/corpus_clip_time_out: 0.0000
Episode_Termination/stage_one_actuation_guard: 4.6875
--------------------------------------------------------------------------------
                         Iteration time: 2.71s
                           Time elapsed: 00:05:37
                                    ETA: 00:04:19

################################################################################
[1m                           Learning iteration 213/300                           [0m 

                               Run name: breadth
                            Total steps: 58368 
                       Steps per second: 194 
                        Collection time: 1.756s 
                          Learning time: 0.879s 
                        Mean value loss: 856.0956
                    Mean surrogate loss: -0.0191
                      Mean entropy loss: 10.5205
           Mean standing_retention loss: 0.0004
                            Mean reward: -98.67
                    Mean episode length: 6.76
                        Mean action std: 0.38
  Episode_Reward/motion_global_root_pos: 0.0063
  Episode_Reward/motion_global_root_ori: 0.0055
         Episode_Reward/motion_body_pos: 0.0132
         Episode_Reward/motion_body_ori: 0.0086
     Episode_Reward/motion_body_lin_vel: 0.0106
     Episode_Reward/motion_body_ang_vel: 0.0090
          Episode_Reward/action_rate_l2: -0.0356
             Episode_Reward/joint_limit: -0.0014
         Episode_Reward/self_collisions: -0.0019
Episode_Reward/action_target_reference_l2: -0.0091
Episode_Reward/action_target_soft_limit_barrier: -0.0003
                   Episode_Reward/alive: 0.0591
 Episode_Reward/non_timeout_termination: -9.8667
Episode_Reward/worst_ee_z_normalized_squared: -0.0326
Episode_Reward/right_wrist_prethreshold_barrier: -0.0000
        Metrics/motion/error_anchor_pos: 0.0644
        Metrics/motion/error_anchor_rot: 0.1659
    Metrics/motion/error_anchor_lin_vel: 0.4439
    Metrics/motion/error_anchor_ang_vel: 0.9790
          Metrics/motion/error_body_pos: 0.4346
          Metrics/motion/error_body_rot: 0.4784
         Metrics/motion/error_joint_pos: 0.5960
         Metrics/motion/error_joint_vel: 5.4043
        Metrics/motion/sampling_entropy: 0.9423
      Metrics/motion/sampling_top1_prob: 0.0310
       Metrics/motion/sampling_top1_bin: 0.0924
      Metrics/motion/error_body_lin_vel: 0.4983
      Metrics/motion/error_body_ang_vel: 1.5998
           Episode_Termination/time_out: 0.0000
         Episode_Termination/anchor_pos: 0.0000
         Episode_Termination/anchor_ori: 0.0000
        Episode_Termination/ee_body_pos: 0.0667
Episode_Termination/corpus_clip_time_out: 0.0667
Episode_Termination/stage_one_actuation_guard: 4.5333
--------------------------------------------------------------------------------
                         Iteration time: 2.64s
                           Time elapsed: 00:05:40
                                    ETA: 00:04:16

################################################################################
[1m                           Learning iteration 214/300                           [0m 

                               Run name: breadth
                            Total steps: 58880 
                       Steps per second: 174 
                        Collection time: 1.857s 
                          Learning time: 1.075s 
                        Mean value loss: 745.5406
                    Mean surrogate loss: -0.0237
                      Mean entropy loss: 10.5205
           Mean standing_retention loss: 0.0004
                            Mean reward: -98.68
                    Mean episode length: 7.29
                        Mean action std: 0.38
  Episode_Reward/motion_global_root_pos: 0.0066
  Episode_Reward/motion_global_root_ori: 0.0060
         Episode_Reward/motion_body_pos: 0.0137
         Episode_Reward/motion_body_ori: 0.0096
     Episode_Reward/motion_body_lin_vel: 0.0110
     Episode_Reward/motion_body_ang_vel: 0.0093
          Episode_Reward/action_rate_l2: -0.0307
             Episode_Reward/joint_limit: 0.0000
         Episode_Reward/self_collisions: -0.0190
Episode_Reward/action_target_reference_l2: -0.0079
Episode_Reward/action_target_soft_limit_barrier: -0.0002
                   Episode_Reward/alive: 0.0611
 Episode_Reward/non_timeout_termination: -10.0000
Episode_Reward/worst_ee_z_normalized_squared: -0.0229
Episode_Reward/right_wrist_prethreshold_barrier: -0.0000
        Metrics/motion/error_anchor_pos: 0.0686
        Metrics/motion/error_anchor_rot: 0.1559
    Metrics/motion/error_anchor_lin_vel: 0.4820
    Metrics/motion/error_anchor_ang_vel: 1.0427
          Metrics/motion/error_body_pos: 0.2402
          Metrics/motion/error_body_rot: 0.3277
         Metrics/motion/error_joint_pos: 0.6484
         Metrics/motion/error_joint_vel: 5.9070
        Metrics/motion/sampling_entropy: 0.9423
      Metrics/motion/sampling_top1_prob: 0.0312
       Metrics/motion/sampling_top1_bin: 0.0900
      Metrics/motion/error_body_lin_vel: 0.5001
      Metrics/motion/error_body_ang_vel: 1.7426
           Episode_Termination/time_out: 0.0000
         Episode_Termination/anchor_pos: 0.0000
         Episode_Termination/anchor_ori: 0.0000
        Episode_Termination/ee_body_pos: 0.0000
Episode_Termination/corpus_clip_time_out: 0.0000
Episode_Termination/stage_one_actuation_guard: 3.6429
--------------------------------------------------------------------------------
                         Iteration time: 2.93s
                           Time elapsed: 00:05:43
                                    ETA: 00:04:13

################################################################################
[1m                           Learning iteration 215/300                           [0m 

                               Run name: breadth
                            Total steps: 59392 
                       Steps per second: 180 
                        Collection time: 1.802s 
                          Learning time: 1.035s 
                        Mean value loss: 772.3932
                    Mean surrogate loss: -0.0248
                      Mean entropy loss: 10.5205
           Mean standing_retention loss: 0.0004
                            Mean reward: -99.54
                    Mean episode length: 8.87
                        Mean action std: 0.38
  Episode_Reward/motion_global_root_pos: 0.0088
  Episode_Reward/motion_global_root_ori: 0.0086
         Episode_Reward/motion_body_pos: 0.0193
         Episode_Reward/motion_body_ori: 0.0128
     Episode_Reward/motion_body_lin_vel: 0.0158
     Episode_Reward/motion_body_ang_vel: 0.0138
          Episode_Reward/action_rate_l2: -0.0428
             Episode_Reward/joint_limit: -0.0030
         Episode_Reward/self_collisions: -0.0141
Episode_Reward/action_target_reference_l2: -0.0125
Episode_Reward/action_target_soft_limit_barrier: -0.0003
                   Episode_Reward/alive: 0.0918
 Episode_Reward/non_timeout_termination: -10.0000
Episode_Reward/worst_ee_z_normalized_squared: -0.0343
Episode_Reward/right_wrist_prethreshold_barrier: -0.0002
        Metrics/motion/error_anchor_pos: 0.0845
        Metrics/motion/error_anchor_rot: 0.1704
    Metrics/motion/error_anchor_lin_vel: 0.4745
    Metrics/motion/error_anchor_ang_vel: 0.9983
          Metrics/motion/error_body_pos: 0.3220
          Metrics/motion/error_body_rot: 0.3897
         Metrics/motion/error_joint_pos: 0.6332
         Metrics/motion/error_joint_vel: 5.9713
        Metrics/motion/sampling_entropy: 0.9425
      Metrics/motion/sampling_top1_prob: 0.0310
       Metrics/motion/sampling_top1_bin: 0.0882
      Metrics/motion/error_body_lin_vel: 0.5305
      Metrics/motion/error_body_ang_vel: 1.7353
           Episode_Termination/time_out: 0.0000
         Episode_Termination/anchor_pos: 0.0625
         Episode_Termination/anchor_ori: 0.0000
        Episode_Termination/ee_body_pos: 0.0625
Episode_Termination/corpus_clip_time_out: 0.0000
Episode_Termination/stage_one_actuation_guard: 3.6875
--------------------------------------------------------------------------------
                         Iteration time: 2.84s
                           Time elapsed: 00:05:46
                                    ETA: 00:04:10

################################################################################
[1m                           Learning iteration 216/300                           [0m 

                               Run name: breadth
                            Total steps: 59904 
                       Steps per second: 188 
                        Collection time: 1.732s 
                          Learning time: 0.990s 
                        Mean value loss: 943.9869
                    Mean surrogate loss: -0.0184
                      Mean entropy loss: 10.5205
           Mean standing_retention loss: 0.0004
                            Mean reward: -99.62
                    Mean episode length: 8.13
                        Mean action std: 0.38
  Episode_Reward/motion_global_root_pos: 0.0079
  Episode_Reward/motion_global_root_ori: 0.0070
         Episode_Reward/motion_body_pos: 0.0163
         Episode_Reward/motion_body_ori: 0.0103
     Episode_Reward/motion_body_lin_vel: 0.0136
     Episode_Reward/motion_body_ang_vel: 0.0115
          Episode_Reward/action_rate_l2: -0.0406
             Episode_Reward/joint_limit: -0.0011
         Episode_Reward/self_collisions: -0.0113
Episode_Reward/action_target_reference_l2: -0.0117
Episode_Reward/action_target_soft_limit_barrier: -0.0004
                   Episode_Reward/alive: 0.0755
 Episode_Reward/non_timeout_termination: -10.0000
Episode_Reward/worst_ee_z_normalized_squared: -0.0355
Episode_Reward/right_wrist_prethreshold_barrier: -0.0002
        Metrics/motion/error_anchor_pos: 0.0678
        Metrics/motion/error_anchor_rot: 0.1751
    Metrics/motion/error_anchor_lin_vel: 0.4843
    Metrics/motion/error_anchor_ang_vel: 1.0632
          Metrics/motion/error_body_pos: 0.4614
          Metrics/motion/error_body_rot: 0.3955
         Metrics/motion/error_joint_pos: 0.6202
         Metrics/motion/error_joint_vel: 5.5930
        Metrics/motion/sampling_entropy: 0.9426
      Metrics/motion/sampling_top1_prob: 0.0313
       Metrics/motion/sampling_top1_bin: 0.0840
      Metrics/motion/error_body_lin_vel: 0.5326
      Metrics/motion/error_body_ang_vel: 1.6839
           Episode_Termination/time_out: 0.0000
         Episode_Termination/anchor_pos: 0.0000
         Episode_Termination/anchor_ori: 0.0000
        Episode_Termination/ee_body_pos: 0.0000
Episode_Termination/corpus_clip_time_out: 0.0000
Episode_Termination/stage_one_actuation_guard: 5.1250
--------------------------------------------------------------------------------
                         Iteration time: 2.72s
                           Time elapsed: 00:05:48
                                    ETA: 00:04:07

################################################################################
[1m                           Learning iteration 217/300                           [0m 

                               Run name: breadth
                            Total steps: 60416 
                       Steps per second: 181 
                        Collection time: 1.848s 
                          Learning time: 0.966s 
                        Mean value loss: 638.1048
                    Mean surrogate loss: -0.0169
                      Mean entropy loss: 10.5205
           Mean standing_retention loss: 0.0004
                            Mean reward: -98.56
                    Mean episode length: 8.43
                        Mean action std: 0.38
  Episode_Reward/motion_global_root_pos: 0.0070
  Episode_Reward/motion_global_root_ori: 0.0061
         Episode_Reward/motion_body_pos: 0.0147
         Episode_Reward/motion_body_ori: 0.0101
     Episode_Reward/motion_body_lin_vel: 0.0117
     Episode_Reward/motion_body_ang_vel: 0.0101
          Episode_Reward/action_rate_l2: -0.0339
             Episode_Reward/joint_limit: -0.0003
         Episode_Reward/self_collisions: -0.0080
Episode_Reward/action_target_reference_l2: -0.0096
Episode_Reward/action_target_soft_limit_barrier: -0.0003
                   Episode_Reward/alive: 0.0671
 Episode_Reward/non_timeout_termination: -9.8750
Episode_Reward/worst_ee_z_normalized_squared: -0.0306
Episode_Reward/right_wrist_prethreshold_barrier: -0.0010
        Metrics/motion/error_anchor_pos: 0.0724
        Metrics/motion/error_anchor_rot: 0.1627
    Metrics/motion/error_anchor_lin_vel: 0.4856
    Metrics/motion/error_anchor_ang_vel: 0.9988
          Metrics/motion/error_body_pos: 0.2199
          Metrics/motion/error_body_rot: 0.3484
         Metrics/motion/error_joint_pos: 0.6482
         Metrics/motion/error_joint_vel: 5.8607
        Metrics/motion/sampling_entropy: 0.9428
      Metrics/motion/sampling_top1_prob: 0.0317
       Metrics/motion/sampling_top1_bin: 0.0840
      Metrics/motion/error_body_lin_vel: 0.5097
      Metrics/motion/error_body_ang_vel: 1.6829
           Episode_Termination/time_out: 0.0000
         Episode_Termination/anchor_pos: 0.0000
         Episode_Termination/anchor_ori: 0.0000
        Episode_Termination/ee_body_pos: 0.0625
Episode_Termination/corpus_clip_time_out: 0.0625
Episode_Termination/stage_one_actuation_guard: 3.1875
--------------------------------------------------------------------------------
                         Iteration time: 2.81s
                           Time elapsed: 00:05:51
                                    ETA: 00:04:04

################################################################################
[1m                           Learning iteration 218/300                           [0m 

                               Run name: breadth
                            Total steps: 60928 
                       Steps per second: 198 
                        Collection time: 1.723s 
                          Learning time: 0.861s 
                        Mean value loss: 779.9825
                    Mean surrogate loss: -0.0238
                      Mean entropy loss: 10.5205
           Mean standing_retention loss: 0.0004
                            Mean reward: -98.52
                    Mean episode length: 8.96
                        Mean action std: 0.38
  Episode_Reward/motion_global_root_pos: 0.0076
  Episode_Reward/motion_global_root_ori: 0.0069
         Episode_Reward/motion_body_pos: 0.0161
         Episode_Reward/motion_body_ori: 0.0106
     Episode_Reward/motion_body_lin_vel: 0.0129
     Episode_Reward/motion_body_ang_vel: 0.0111
          Episode_Reward/action_rate_l2: -0.0405
             Episode_Reward/joint_limit: -0.0002
         Episode_Reward/self_collisions: -0.0082
Episode_Reward/action_target_reference_l2: -0.0112
Episode_Reward/action_target_soft_limit_barrier: -0.0002
                   Episode_Reward/alive: 0.0737
 Episode_Reward/non_timeout_termination: -10.0000
Episode_Reward/worst_ee_z_normalized_squared: -0.0326
Episode_Reward/right_wrist_prethreshold_barrier: -0.0009
        Metrics/motion/error_anchor_pos: 0.0751
        Metrics/motion/error_anchor_rot: 0.1515
    Metrics/motion/error_anchor_lin_vel: 0.5024
    Metrics/motion/error_anchor_ang_vel: 1.0473
          Metrics/motion/error_body_pos: 0.2964
          Metrics/motion/error_body_rot: 0.3991
         Metrics/motion/error_joint_pos: 0.7011
         Metrics/motion/error_joint_vel: 5.5666
        Metrics/motion/sampling_entropy: 0.9428
      Metrics/motion/sampling_top1_prob: 0.0323
       Metrics/motion/sampling_top1_bin: 0.0840
      Metrics/motion/error_body_lin_vel: 0.5111
      Metrics/motion/error_body_ang_vel: 1.6307
           Episode_Termination/time_out: 0.0000
         Episode_Termination/anchor_pos: 0.0000
         Episode_Termination/anchor_ori: 0.0000
        Episode_Termination/ee_body_pos: 0.0000
Episode_Termination/corpus_clip_time_out: 0.0000
Episode_Termination/stage_one_actuation_guard: 3.2500
--------------------------------------------------------------------------------
                         Iteration time: 2.58s
                           Time elapsed: 00:05:54
                                    ETA: 00:04:01

################################################################################
[1m                           Learning iteration 219/300                           [0m 

                               Run name: breadth
                            Total steps: 61440 
                       Steps per second: 178 
                        Collection time: 1.994s 
                          Learning time: 0.880s 
                        Mean value loss: 872.6323
                    Mean surrogate loss: -0.0190
                      Mean entropy loss: 10.5205
           Mean standing_retention loss: 0.0004
                            Mean reward: -99.56
                    Mean episode length: 8.04
                        Mean action std: 0.38
  Episode_Reward/motion_global_root_pos: 0.0082
  Episode_Reward/motion_global_root_ori: 0.0074
         Episode_Reward/motion_body_pos: 0.0168
         Episode_Reward/motion_body_ori: 0.0109
     Episode_Reward/motion_body_lin_vel: 0.0129
     Episode_Reward/motion_body_ang_vel: 0.0108
          Episode_Reward/action_rate_l2: -0.0351
             Episode_Reward/joint_limit: -0.0000
         Episode_Reward/self_collisions: -0.0150
Episode_Reward/action_target_reference_l2: -0.0113
Episode_Reward/action_target_soft_limit_barrier: -0.0002
                   Episode_Reward/alive: 0.0771
 Episode_Reward/non_timeout_termination: -10.0000
Episode_Reward/worst_ee_z_normalized_squared: -0.0312
Episode_Reward/right_wrist_prethreshold_barrier: -0.0000
        Metrics/motion/error_anchor_pos: 0.0684
        Metrics/motion/error_anchor_rot: 0.1642
    Metrics/motion/error_anchor_lin_vel: 0.4649
    Metrics/motion/error_anchor_ang_vel: 0.8974
          Metrics/motion/error_body_pos: 0.4081
          Metrics/motion/error_body_rot: 0.4016
         Metrics/motion/error_joint_pos: 0.6671
         Metrics/motion/error_joint_vel: 5.4883
        Metrics/motion/sampling_entropy: 0.9432
      Metrics/motion/sampling_top1_prob: 0.0319
       Metrics/motion/sampling_top1_bin: 0.0840
      Metrics/motion/error_body_lin_vel: 0.5111
      Metrics/motion/error_body_ang_vel: 1.6179
           Episode_Termination/time_out: 0.0000
         Episode_Termination/anchor_pos: 0.0000
         Episode_Termination/anchor_ori: 0.0000
        Episode_Termination/ee_body_pos: 0.0000
Episode_Termination/corpus_clip_time_out: 0.0000
Episode_Termination/stage_one_actuation_guard: 4.5000
--------------------------------------------------------------------------------
                         Iteration time: 2.87s
                           Time elapsed: 00:05:57
                                    ETA: 00:03:58

################################################################################
[1m                           Learning iteration 220/300                           [0m 

                               Run name: breadth
                            Total steps: 61952 
                       Steps per second: 95 
                        Collection time: 4.492s 
                          Learning time: 0.886s 
                        Mean value loss: 1035.4813
                    Mean surrogate loss: -0.0187
                      Mean entropy loss: 10.5205
           Mean standing_retention loss: 0.0004
                            Mean reward: -98.66
                    Mean episode length: 7.99
                        Mean action std: 0.38
  Episode_Reward/motion_global_root_pos: 0.0082
  Episode_Reward/motion_global_root_ori: 0.0074
         Episode_Reward/motion_body_pos: 0.0170
         Episode_Reward/motion_body_ori: 0.0109
     Episode_Reward/motion_body_lin_vel: 0.0138
     Episode_Reward/motion_body_ang_vel: 0.0116
          Episode_Reward/action_rate_l2: -0.0369
             Episode_Reward/joint_limit: -0.0001
         Episode_Reward/self_collisions: -0.0252
Episode_Reward/action_target_reference_l2: -0.0119
Episode_Reward/action_target_soft_limit_barrier: -0.0003
                   Episode_Reward/alive: 0.0781
 Episode_Reward/non_timeout_termination: -9.8958
Episode_Reward/worst_ee_z_normalized_squared: -0.0347
Episode_Reward/right_wrist_prethreshold_barrier: -0.0002
        Metrics/motion/error_anchor_pos: 0.0704
        Metrics/motion/error_anchor_rot: 0.1547
    Metrics/motion/error_anchor_lin_vel: 0.4612
    Metrics/motion/error_anchor_ang_vel: 1.0358
          Metrics/motion/error_body_pos: 0.3909
          Metrics/motion/error_body_rot: 0.3996
         Metrics/motion/error_joint_pos: 0.6584
         Metrics/motion/error_joint_vel: 5.3326
        Metrics/motion/sampling_entropy: 0.9428
      Metrics/motion/sampling_top1_prob: 0.0317
       Metrics/motion/sampling_top1_bin: 0.0840
      Metrics/motion/error_body_lin_vel: 0.5151
      Metrics/motion/error_body_ang_vel: 1.6903
           Episode_Termination/time_out: 0.0000
         Episode_Termination/anchor_pos: 0.0000
         Episode_Termination/anchor_ori: 0.0000
        Episode_Termination/ee_body_pos: 0.0000
Episode_Termination/corpus_clip_time_out: 0.0625
Episode_Termination/stage_one_actuation_guard: 4.5625
--------------------------------------------------------------------------------
                         Iteration time: 5.38s
                           Time elapsed: 00:06:02
                                    ETA: 00:03:56

################################################################################
[1m                           Learning iteration 221/300                           [0m 

                               Run name: breadth
                            Total steps: 62464 
                       Steps per second: 181 
                        Collection time: 1.952s 
                          Learning time: 0.866s 
                        Mean value loss: 790.1748
                    Mean surrogate loss: -0.0185
                      Mean entropy loss: 10.5205
           Mean standing_retention loss: 0.0004
                            Mean reward: -98.59
                    Mean episode length: 7.62
                        Mean action std: 0.38
  Episode_Reward/motion_global_root_pos: 0.0060
  Episode_Reward/motion_global_root_ori: 0.0053
         Episode_Reward/motion_body_pos: 0.0124
         Episode_Reward/motion_body_ori: 0.0092
     Episode_Reward/motion_body_lin_vel: 0.0099
     Episode_Reward/motion_body_ang_vel: 0.0086
          Episode_Reward/action_rate_l2: -0.0320
             Episode_Reward/joint_limit: -0.0006
         Episode_Reward/self_collisions: -0.0059
Episode_Reward/action_target_reference_l2: -0.0066
Episode_Reward/action_target_soft_limit_barrier: -0.0001
                   Episode_Reward/alive: 0.0541
 Episode_Reward/non_timeout_termination: -10.0000
Episode_Reward/worst_ee_z_normalized_squared: -0.0193
Episode_Reward/right_wrist_prethreshold_barrier: -0.0009
        Metrics/motion/error_anchor_pos: 0.0609
        Metrics/motion/error_anchor_rot: 0.1600
    Metrics/motion/error_anchor_lin_vel: 0.4396
    Metrics/motion/error_anchor_ang_vel: 0.9300
          Metrics/motion/error_body_pos: 0.3008
          Metrics/motion/error_body_rot: 0.3200
         Metrics/motion/error_joint_pos: 0.5186
         Metrics/motion/error_joint_vel: 5.9323
        Metrics/motion/sampling_entropy: 0.9428
      Metrics/motion/sampling_top1_prob: 0.0313
       Metrics/motion/sampling_top1_bin: 0.0840
      Metrics/motion/error_body_lin_vel: 0.5049
      Metrics/motion/error_body_ang_vel: 1.6686
           Episode_Termination/time_out: 0.0000
         Episode_Termination/anchor_pos: 0.0000
         Episode_Termination/anchor_ori: 0.0000
        Episode_Termination/ee_body_pos: 0.0000
Episode_Termination/corpus_clip_time_out: 0.0000
Episode_Termination/stage_one_actuation_guard: 4.3750
--------------------------------------------------------------------------------
                         Iteration time: 2.82s
                           Time elapsed: 00:06:05
                                    ETA: 00:03:53

################################################################################
[1m                           Learning iteration 222/300                           [0m 

                               Run name: breadth
                            Total steps: 62976 
                       Steps per second: 185 
                        Collection time: 1.697s 
                          Learning time: 1.056s 
                        Mean value loss: 643.3147
                    Mean surrogate loss: -0.0219
                      Mean entropy loss: 10.5205
           Mean standing_retention loss: 0.0005
                            Mean reward: -99.50
                    Mean episode length: 7.63
                        Mean action std: 0.38
  Episode_Reward/motion_global_root_pos: 0.0075
  Episode_Reward/motion_global_root_ori: 0.0067
         Episode_Reward/motion_body_pos: 0.0154
         Episode_Reward/motion_body_ori: 0.0114
     Episode_Reward/motion_body_lin_vel: 0.0119
     Episode_Reward/motion_body_ang_vel: 0.0101
          Episode_Reward/action_rate_l2: -0.0376
             Episode_Reward/joint_limit: -0.0001
         Episode_Reward/self_collisions: -0.0079
Episode_Reward/action_target_reference_l2: -0.0082
Episode_Reward/action_target_soft_limit_barrier: -0.0002
                   Episode_Reward/alive: 0.0699
 Episode_Reward/non_timeout_termination: -10.0000
Episode_Reward/worst_ee_z_normalized_squared: -0.0208
Episode_Reward/right_wrist_prethreshold_barrier: -0.0000
        Metrics/motion/error_anchor_pos: 0.0695
        Metrics/motion/error_anchor_rot: 0.1704
    Metrics/motion/error_anchor_lin_vel: 0.5008
    Metrics/motion/error_anchor_ang_vel: 1.1928
          Metrics/motion/error_body_pos: 0.2640
          Metrics/motion/error_body_rot: 0.3894
         Metrics/motion/error_joint_pos: 0.6759
         Metrics/motion/error_joint_vel: 6.5301
        Metrics/motion/sampling_entropy: 0.9428
      Metrics/motion/sampling_top1_prob: 0.0314
       Metrics/motion/sampling_top1_bin: 0.0840
      Metrics/motion/error_body_lin_vel: 0.5804
      Metrics/motion/error_body_ang_vel: 1.8466
           Episode_Termination/time_out: 0.0000
         Episode_Termination/anchor_pos: 0.0000
         Episode_Termination/anchor_ori: 0.0000
        Episode_Termination/ee_body_pos: 0.0667
Episode_Termination/corpus_clip_time_out: 0.0000
Episode_Termination/stage_one_actuation_guard: 3.1333
--------------------------------------------------------------------------------
                         Iteration time: 2.75s
                           Time elapsed: 00:06:07
                                    ETA: 00:03:50

################################################################################
[1m                           Learning iteration 223/300                           [0m 

                               Run name: breadth
                            Total steps: 63488 
                       Steps per second: 182 
                        Collection time: 1.922s 
                          Learning time: 0.885s 
                        Mean value loss: 852.2457
                    Mean surrogate loss: -0.0222
                      Mean entropy loss: 10.5205
           Mean standing_retention loss: 0.0006
                            Mean reward: -99.56
                    Mean episode length: 8.00
                        Mean action std: 0.38
  Episode_Reward/motion_global_root_pos: 0.0063
  Episode_Reward/motion_global_root_ori: 0.0058
         Episode_Reward/motion_body_pos: 0.0131
         Episode_Reward/motion_body_ori: 0.0092
     Episode_Reward/motion_body_lin_vel: 0.0106
     Episode_Reward/motion_body_ang_vel: 0.0088
          Episode_Reward/action_rate_l2: -0.0337
             Episode_Reward/joint_limit: -0.0008
         Episode_Reward/self_collisions: -0.0134
Episode_Reward/action_target_reference_l2: -0.0078
Episode_Reward/action_target_soft_limit_barrier: -0.0002
                   Episode_Reward/alive: 0.0580
 Episode_Reward/non_timeout_termination: -10.0000
Episode_Reward/worst_ee_z_normalized_squared: -0.0210
Episode_Reward/right_wrist_prethreshold_barrier: -0.0000
        Metrics/motion/error_anchor_pos: 0.0596
        Metrics/motion/error_anchor_rot: 0.1378
    Metrics/motion/error_anchor_lin_vel: 0.4962
    Metrics/motion/error_anchor_ang_vel: 1.0587
          Metrics/motion/error_body_pos: 0.4989
          Metrics/motion/error_body_rot: 0.5134
         Metrics/motion/error_joint_pos: 0.5612
         Metrics/motion/error_joint_vel: 5.7763
        Metrics/motion/sampling_entropy: 0.9430
      Metrics/motion/sampling_top1_prob: 0.0318
       Metrics/motion/sampling_top1_bin: 0.0840
      Metrics/motion/error_body_lin_vel: 0.5376
      Metrics/motion/error_body_ang_vel: 1.7074
           Episode_Termination/time_out: 0.0000
         Episode_Termination/anchor_pos: 0.0000
         Episode_Termination/anchor_ori: 0.0000
        Episode_Termination/ee_body_pos: 0.0000
Episode_Termination/corpus_clip_time_out: 0.0000
Episode_Termination/stage_one_actuation_guard: 4.8125
--------------------------------------------------------------------------------
                         Iteration time: 2.81s
                           Time elapsed: 00:06:10
                                    ETA: 00:03:47

################################################################################
[1m                           Learning iteration 224/300                           [0m 

                               Run name: breadth
                            Total steps: 64000 
                       Steps per second: 189 
                        Collection time: 1.797s 
                          Learning time: 0.903s 
                        Mean value loss: 753.7725
                    Mean surrogate loss: -0.0248
                      Mean entropy loss: 10.5205
           Mean standing_retention loss: 0.0006
                            Mean reward: -100.03
                    Mean episode length: 7.73
                        Mean action std: 0.38
  Episode_Reward/motion_global_root_pos: 0.0079
  Episode_Reward/motion_global_root_ori: 0.0068
         Episode_Reward/motion_body_pos: 0.0163
         Episode_Reward/motion_body_ori: 0.0115
     Episode_Reward/motion_body_lin_vel: 0.0132
     Episode_Reward/motion_body_ang_vel: 0.0110
          Episode_Reward/action_rate_l2: -0.0399
             Episode_Reward/joint_limit: -0.0005
         Episode_Reward/self_collisions: -0.0112
Episode_Reward/action_target_reference_l2: -0.0099
Episode_Reward/action_target_soft_limit_barrier: -0.0002
                   Episode_Reward/alive: 0.0749
 Episode_Reward/non_timeout_termination: -10.0000
Episode_Reward/worst_ee_z_normalized_squared: -0.0341
Episode_Reward/right_wrist_prethreshold_barrier: -0.0416
        Metrics/motion/error_anchor_pos: 0.0692
        Metrics/motion/error_anchor_rot: 0.1668
    Metrics/motion/error_anchor_lin_vel: 0.4344
    Metrics/motion/error_anchor_ang_vel: 1.1052
          Metrics/motion/error_body_pos: 0.3940
          Metrics/motion/error_body_rot: 0.4443
         Metrics/motion/error_joint_pos: 0.6888
         Metrics/motion/error_joint_vel: 6.2324
        Metrics/motion/sampling_entropy: 0.9434
      Metrics/motion/sampling_top1_prob: 0.0316
       Metrics/motion/sampling_top1_bin: 0.0840
      Metrics/motion/error_body_lin_vel: 0.5067
      Metrics/motion/error_body_ang_vel: 1.7916
           Episode_Termination/time_out: 0.0000
         Episode_Termination/anchor_pos: 0.0000
         Episode_Termination/anchor_ori: 0.0000
        Episode_Termination/ee_body_pos: 0.0667
Episode_Termination/corpus_clip_time_out: 0.0000
Episode_Termination/stage_one_actuation_guard: 4.4667
--------------------------------------------------------------------------------
                         Iteration time: 2.70s
                           Time elapsed: 00:06:13
                                    ETA: 00:03:44

################################################################################
[1m                           Learning iteration 225/300                           [0m 

                               Run name: breadth
                            Total steps: 64512 
                       Steps per second: 200 
                        Collection time: 1.667s 
                          Learning time: 0.888s 
                        Mean value loss: 711.4851
                    Mean surrogate loss: -0.0204
                      Mean entropy loss: 10.5205
           Mean standing_retention loss: 0.0005
                            Mean reward: -99.46
                    Mean episode length: 8.05
                        Mean action std: 0.38
  Episode_Reward/motion_global_root_pos: 0.0077
  Episode_Reward/motion_global_root_ori: 0.0072
         Episode_Reward/motion_body_pos: 0.0161
         Episode_Reward/motion_body_ori: 0.0111
     Episode_Reward/motion_body_lin_vel: 0.0125
     Episode_Reward/motion_body_ang_vel: 0.0106
          Episode_Reward/action_rate_l2: -0.0360
             Episode_Reward/joint_limit: -0.0001
         Episode_Reward/self_collisions: -0.0024
Episode_Reward/action_target_reference_l2: -0.0104
Episode_Reward/action_target_soft_limit_barrier: -0.0002
                   Episode_Reward/alive: 0.0736
 Episode_Reward/non_timeout_termination: -10.0000
Episode_Reward/worst_ee_z_normalized_squared: -0.0325
Episode_Reward/right_wrist_prethreshold_barrier: -0.0006
        Metrics/motion/error_anchor_pos: 0.0761
        Metrics/motion/error_anchor_rot: 0.1467
    Metrics/motion/error_anchor_lin_vel: 0.5405
    Metrics/motion/error_anchor_ang_vel: 1.0306
          Metrics/motion/error_body_pos: 0.3193
          Metrics/motion/error_body_rot: 0.3894
         Metrics/motion/error_joint_pos: 0.7631
         Metrics/motion/error_joint_vel: 5.7264
        Metrics/motion/sampling_entropy: 0.9432
      Metrics/motion/sampling_top1_prob: 0.0315
       Metrics/motion/sampling_top1_bin: 0.0840
      Metrics/motion/error_body_lin_vel: 0.5467
      Metrics/motion/error_body_ang_vel: 1.7851
           Episode_Termination/time_out: 0.0000
         Episode_Termination/anchor_pos: 0.0000
         Episode_Termination/anchor_ori: 0.0000
        Episode_Termination/ee_body_pos: 0.0000
Episode_Termination/corpus_clip_time_out: 0.0000
Episode_Termination/stage_one_actuation_guard: 3.5333
--------------------------------------------------------------------------------
                         Iteration time: 2.56s
                           Time elapsed: 00:06:16
                                    ETA: 00:03:40

################################################################################
[1m                           Learning iteration 226/300                           [0m 

                               Run name: breadth
                            Total steps: 65024 
                       Steps per second: 180 
                        Collection time: 1.926s 
                          Learning time: 0.915s 
                        Mean value loss: 756.5424
                    Mean surrogate loss: -0.0234
                      Mean entropy loss: 10.5205
           Mean standing_retention loss: 0.0005
                            Mean reward: -99.52
                    Mean episode length: 7.47
                        Mean action std: 0.38
  Episode_Reward/motion_global_root_pos: 0.0068
  Episode_Reward/motion_global_root_ori: 0.0059
         Episode_Reward/motion_body_pos: 0.0140
         Episode_Reward/motion_body_ori: 0.0101
     Episode_Reward/motion_body_lin_vel: 0.0108
     Episode_Reward/motion_body_ang_vel: 0.0093
          Episode_Reward/action_rate_l2: -0.0345
             Episode_Reward/joint_limit: -0.0021
         Episode_Reward/self_collisions: -0.0039
Episode_Reward/action_target_reference_l2: -0.0080
Episode_Reward/action_target_soft_limit_barrier: -0.0003
                   Episode_Reward/alive: 0.0633
 Episode_Reward/non_timeout_termination: -10.0000
Episode_Reward/worst_ee_z_normalized_squared: -0.0229
Episode_Reward/right_wrist_prethreshold_barrier: 0.0000
        Metrics/motion/error_anchor_pos: 0.0668
        Metrics/motion/error_anchor_rot: 0.1688
    Metrics/motion/error_anchor_lin_vel: 0.5050
    Metrics/motion/error_anchor_ang_vel: 1.0104
          Metrics/motion/error_body_pos: 0.3126
          Metrics/motion/error_body_rot: 0.3989
         Metrics/motion/error_joint_pos: 0.6231
         Metrics/motion/error_joint_vel: 5.7894
        Metrics/motion/sampling_entropy: 0.9432
      Metrics/motion/sampling_top1_prob: 0.0318
       Metrics/motion/sampling_top1_bin: 0.0840
      Metrics/motion/error_body_lin_vel: 0.5465
      Metrics/motion/error_body_ang_vel: 1.7462
           Episode_Termination/time_out: 0.0000
         Episode_Termination/anchor_pos: 0.0000
         Episode_Termination/anchor_ori: 0.0000
        Episode_Termination/ee_body_pos: 0.1250
Episode_Termination/corpus_clip_time_out: 0.0000
Episode_Termination/stage_one_actuation_guard: 4.2500
--------------------------------------------------------------------------------
                         Iteration time: 2.84s
                           Time elapsed: 00:06:18
                                    ETA: 00:03:37

################################################################################
[1m                           Learning iteration 227/300                           [0m 

                               Run name: breadth
                            Total steps: 65536 
                       Steps per second: 193 
                        Collection time: 1.666s 
                          Learning time: 0.981s 
                        Mean value loss: 607.1984
                    Mean surrogate loss: -0.0213
                      Mean entropy loss: 10.5205
           Mean standing_retention loss: 0.0005
                            Mean reward: -98.63
                    Mean episode length: 7.11
                        Mean action std: 0.38
  Episode_Reward/motion_global_root_pos: 0.0064
  Episode_Reward/motion_global_root_ori: 0.0055
         Episode_Reward/motion_body_pos: 0.0133
         Episode_Reward/motion_body_ori: 0.0089
     Episode_Reward/motion_body_lin_vel: 0.0102
     Episode_Reward/motion_body_ang_vel: 0.0088
          Episode_Reward/action_rate_l2: -0.0325
             Episode_Reward/joint_limit: -0.0004
         Episode_Reward/self_collisions: -0.0050
Episode_Reward/action_target_reference_l2: -0.0099
Episode_Reward/action_target_soft_limit_barrier: -0.0003
                   Episode_Reward/alive: 0.0601
 Episode_Reward/non_timeout_termination: -9.8333
Episode_Reward/worst_ee_z_normalized_squared: -0.0349
Episode_Reward/right_wrist_prethreshold_barrier: -0.0005
        Metrics/motion/error_anchor_pos: 0.0646
        Metrics/motion/error_anchor_rot: 0.1687
    Metrics/motion/error_anchor_lin_vel: 0.5357
    Metrics/motion/error_anchor_ang_vel: 1.1476
          Metrics/motion/error_body_pos: 0.2298
          Metrics/motion/error_body_rot: 0.3394
         Metrics/motion/error_joint_pos: 0.6040
         Metrics/motion/error_joint_vel: 6.6032
        Metrics/motion/sampling_entropy: 0.9432
      Metrics/motion/sampling_top1_prob: 0.0318
       Metrics/motion/sampling_top1_bin: 0.0840
      Metrics/motion/error_body_lin_vel: 0.5904
      Metrics/motion/error_body_ang_vel: 1.8992
           Episode_Termination/time_out: 0.0000
         Episode_Termination/anchor_pos: 0.0000
         Episode_Termination/anchor_ori: 0.0000
        Episode_Termination/ee_body_pos: 0.1333
Episode_Termination/corpus_clip_time_out: 0.0667
Episode_Termination/stage_one_actuation_guard: 3.5333
--------------------------------------------------------------------------------
                         Iteration time: 2.65s
                           Time elapsed: 00:06:21
                                    ETA: 00:03:34

################################################################################
[1m                           Learning iteration 228/300                           [0m 

                               Run name: breadth
                            Total steps: 66048 
                       Steps per second: 194 
                        Collection time: 1.746s 
                          Learning time: 0.890s 
                        Mean value loss: 615.9475
                    Mean surrogate loss: -0.0191
                      Mean entropy loss: 10.5205
           Mean standing_retention loss: 0.0005
                            Mean reward: -98.55
                    Mean episode length: 8.64
                        Mean action std: 0.38
  Episode_Reward/motion_global_root_pos: 0.0083
  Episode_Reward/motion_global_root_ori: 0.0072
         Episode_Reward/motion_body_pos: 0.0173
         Episode_Reward/motion_body_ori: 0.0112
     Episode_Reward/motion_body_lin_vel: 0.0140
     Episode_Reward/motion_body_ang_vel: 0.0120
          Episode_Reward/action_rate_l2: -0.0412
             Episode_Reward/joint_limit: -0.0009
         Episode_Reward/self_collisions: -0.0075
Episode_Reward/action_target_reference_l2: -0.0119
Episode_Reward/action_target_soft_limit_barrier: -0.0002
                   Episode_Reward/alive: 0.0804
 Episode_Reward/non_timeout_termination: -10.0000
Episode_Reward/worst_ee_z_normalized_squared: -0.0358
Episode_Reward/right_wrist_prethreshold_barrier: -0.0000
        Metrics/motion/error_anchor_pos: 0.0719
        Metrics/motion/error_anchor_rot: 0.1704
    Metrics/motion/error_anchor_lin_vel: 0.4677
    Metrics/motion/error_anchor_ang_vel: 1.2345
          Metrics/motion/error_body_pos: 0.2534
          Metrics/motion/error_body_rot: 0.3724
         Metrics/motion/error_joint_pos: 0.6751
         Metrics/motion/error_joint_vel: 5.8366
        Metrics/motion/sampling_entropy: 0.9430
      Metrics/motion/sampling_top1_prob: 0.0321
       Metrics/motion/sampling_top1_bin: 0.0840
      Metrics/motion/error_body_lin_vel: 0.5321
      Metrics/motion/error_body_ang_vel: 1.8451
           Episode_Termination/time_out: 0.0000
         Episode_Termination/anchor_pos: 0.0000
         Episode_Termination/anchor_ori: 0.0000
        Episode_Termination/ee_body_pos: 0.1875
Episode_Termination/corpus_clip_time_out: 0.0000
Episode_Termination/stage_one_actuation_guard: 3.0000
--------------------------------------------------------------------------------
                         Iteration time: 2.64s
                           Time elapsed: 00:06:24
                                    ETA: 00:03:31

################################################################################
[1m                           Learning iteration 229/300                           [0m 

                               Run name: breadth
                            Total steps: 66560 
                       Steps per second: 185 
                        Collection time: 1.704s 
                          Learning time: 1.060s 
                        Mean value loss: 533.9750
                    Mean surrogate loss: -0.0243
                      Mean entropy loss: 10.5205
           Mean standing_retention loss: 0.0005
                            Mean reward: -99.50
                    Mean episode length: 8.13
                        Mean action std: 0.38
  Episode_Reward/motion_global_root_pos: 0.0061
  Episode_Reward/motion_global_root_ori: 0.0050
         Episode_Reward/motion_body_pos: 0.0128
         Episode_Reward/motion_body_ori: 0.0087
     Episode_Reward/motion_body_lin_vel: 0.0100
     Episode_Reward/motion_body_ang_vel: 0.0081
          Episode_Reward/action_rate_l2: -0.0317
             Episode_Reward/joint_limit: -0.0003
         Episode_Reward/self_collisions: -0.0018
Episode_Reward/action_target_reference_l2: -0.0077
Episode_Reward/action_target_soft_limit_barrier: -0.0003
                   Episode_Reward/alive: 0.0572
 Episode_Reward/non_timeout_termination: -10.0000
Episode_Reward/worst_ee_z_normalized_squared: -0.0252
Episode_Reward/right_wrist_prethreshold_barrier: 0.0000
        Metrics/motion/error_anchor_pos: 0.0679
        Metrics/motion/error_anchor_rot: 0.1594
    Metrics/motion/error_anchor_lin_vel: 0.5166
    Metrics/motion/error_anchor_ang_vel: 0.9703
          Metrics/motion/error_body_pos: 0.2276
          Metrics/motion/error_body_rot: 0.3546
         Metrics/motion/error_joint_pos: 0.6344
         Metrics/motion/error_joint_vel: 5.9275
        Metrics/motion/sampling_entropy: 0.9432
      Metrics/motion/sampling_top1_prob: 0.0321
       Metrics/motion/sampling_top1_bin: 0.0840
      Metrics/motion/error_body_lin_vel: 0.5474
      Metrics/motion/error_body_ang_vel: 1.7117
           Episode_Termination/time_out: 0.0000
         Episode_Termination/anchor_pos: 0.0000
         Episode_Termination/anchor_ori: 0.0000
        Episode_Termination/ee_body_pos: 0.0625
Episode_Termination/corpus_clip_time_out: 0.0000
Episode_Termination/stage_one_actuation_guard: 3.1875
--------------------------------------------------------------------------------
                         Iteration time: 2.76s
                           Time elapsed: 00:06:26
                                    ETA: 00:03:28

################################################################################
[1m                           Learning iteration 230/300                           [0m 

                               Run name: breadth
                            Total steps: 67072 
                       Steps per second: 84 
                        Collection time: 5.041s 
                          Learning time: 1.024s 
                        Mean value loss: 754.5386
                    Mean surrogate loss: -0.0223
                      Mean entropy loss: 10.5205
           Mean standing_retention loss: 0.0005
                            Mean reward: -99.78
                    Mean episode length: 9.20
                        Mean action std: 0.38
  Episode_Reward/motion_global_root_pos: 0.0080
  Episode_Reward/motion_global_root_ori: 0.0072
         Episode_Reward/motion_body_pos: 0.0169
         Episode_Reward/motion_body_ori: 0.0099
     Episode_Reward/motion_body_lin_vel: 0.0145
     Episode_Reward/motion_body_ang_vel: 0.0128
          Episode_Reward/action_rate_l2: -0.0358
             Episode_Reward/joint_limit: -0.0001
         Episode_Reward/self_collisions: -0.0077
Episode_Reward/action_target_reference_l2: -0.0130
Episode_Reward/action_target_soft_limit_barrier: -0.0002
                   Episode_Reward/alive: 0.0782
 Episode_Reward/non_timeout_termination: -10.0000
Episode_Reward/worst_ee_z_normalized_squared: -0.0424
Episode_Reward/right_wrist_prethreshold_barrier: -0.0212
        Metrics/motion/error_anchor_pos: 0.0638
        Metrics/motion/error_anchor_rot: 0.1395
    Metrics/motion/error_anchor_lin_vel: 0.5029
    Metrics/motion/error_anchor_ang_vel: 0.9360
          Metrics/motion/error_body_pos: 0.3138
          Metrics/motion/error_body_rot: 0.3650
         Metrics/motion/error_joint_pos: 0.5456
         Metrics/motion/error_joint_vel: 5.4533
        Metrics/motion/sampling_entropy: 0.9432
      Metrics/motion/sampling_top1_prob: 0.0316
       Metrics/motion/sampling_top1_bin: 0.0840
      Metrics/motion/error_body_lin_vel: 0.5186
      Metrics/motion/error_body_ang_vel: 1.4983
           Episode_Termination/time_out: 0.0000
         Episode_Termination/anchor_pos: 0.0000
         Episode_Termination/anchor_ori: 0.0000
        Episode_Termination/ee_body_pos: 0.0625
Episode_Termination/corpus_clip_time_out: 0.0000
Episode_Termination/stage_one_actuation_guard: 4.5625
--------------------------------------------------------------------------------
                         Iteration time: 6.07s
                           Time elapsed: 00:06:33
                                    ETA: 00:03:27

################################################################################
[1m                           Learning iteration 231/300                           [0m 

                               Run name: breadth
                            Total steps: 67584 
                       Steps per second: 185 
                        Collection time: 1.796s 
                          Learning time: 0.964s 
                        Mean value loss: 633.9522
                    Mean surrogate loss: -0.0232
                      Mean entropy loss: 10.5205
           Mean standing_retention loss: 0.0006
                            Mean reward: -99.54
                    Mean episode length: 7.87
                        Mean action std: 0.38
  Episode_Reward/motion_global_root_pos: 0.0076
  Episode_Reward/motion_global_root_ori: 0.0066
         Episode_Reward/motion_body_pos: 0.0157
         Episode_Reward/motion_body_ori: 0.0111
     Episode_Reward/motion_body_lin_vel: 0.0131
     Episode_Reward/motion_body_ang_vel: 0.0112
          Episode_Reward/action_rate_l2: -0.0393
             Episode_Reward/joint_limit: -0.0000
         Episode_Reward/self_collisions: -0.0083
Episode_Reward/action_target_reference_l2: -0.0099
Episode_Reward/action_target_soft_limit_barrier: -0.0002
                   Episode_Reward/alive: 0.0718
 Episode_Reward/non_timeout_termination: -10.0000
Episode_Reward/worst_ee_z_normalized_squared: -0.0290
Episode_Reward/right_wrist_prethreshold_barrier: -0.0000
        Metrics/motion/error_anchor_pos: 0.0617
        Metrics/motion/error_anchor_rot: 0.1589
    Metrics/motion/error_anchor_lin_vel: 0.4982
    Metrics/motion/error_anchor_ang_vel: 1.0137
          Metrics/motion/error_body_pos: 0.3190
          Metrics/motion/error_body_rot: 0.3462
         Metrics/motion/error_joint_pos: 0.5720
         Metrics/motion/error_joint_vel: 5.8886
        Metrics/motion/sampling_entropy: 0.9432
      Metrics/motion/sampling_top1_prob: 0.0315
       Metrics/motion/sampling_top1_bin: 0.0840
      Metrics/motion/error_body_lin_vel: 0.5396
      Metrics/motion/error_body_ang_vel: 1.7136
           Episode_Termination/time_out: 0.0000
         Episode_Termination/anchor_pos: 0.0000
         Episode_Termination/anchor_ori: 0.0000
        Episode_Termination/ee_body_pos: 0.0000
Episode_Termination/corpus_clip_time_out: 0.0000
Episode_Termination/stage_one_actuation_guard: 4.0667
--------------------------------------------------------------------------------
                         Iteration time: 2.76s
                           Time elapsed: 00:06:35
                                    ETA: 00:03:23

################################################################################
[1m                           Learning iteration 232/300                           [0m 

                               Run name: breadth
                            Total steps: 68096 
                       Steps per second: 192 
                        Collection time: 1.744s 
                          Learning time: 0.919s 
                        Mean value loss: 687.2826
                    Mean surrogate loss: -0.0206
                      Mean entropy loss: 10.5205
           Mean standing_retention loss: 0.0006
                            Mean reward: -99.34
                    Mean episode length: 9.82
                        Mean action std: 0.38
  Episode_Reward/motion_global_root_pos: 0.0085
  Episode_Reward/motion_global_root_ori: 0.0079
         Episode_Reward/motion_body_pos: 0.0176
         Episode_Reward/motion_body_ori: 0.0115
     Episode_Reward/motion_body_lin_vel: 0.0150
     Episode_Reward/motion_body_ang_vel: 0.0126
          Episode_Reward/action_rate_l2: -0.0399
             Episode_Reward/joint_limit: -0.0001
         Episode_Reward/self_collisions: -0.0143
Episode_Reward/action_target_reference_l2: -0.0112
Episode_Reward/action_target_soft_limit_barrier: -0.0003
                   Episode_Reward/alive: 0.0812
 Episode_Reward/non_timeout_termination: -10.0000
Episode_Reward/worst_ee_z_normalized_squared: -0.0234
Episode_Reward/right_wrist_prethreshold_barrier: -0.0001
        Metrics/motion/error_anchor_pos: 0.0659
        Metrics/motion/error_anchor_rot: 0.1542
    Metrics/motion/error_anchor_lin_vel: 0.4315
    Metrics/motion/error_anchor_ang_vel: 0.9481
          Metrics/motion/error_body_pos: 0.3542
          Metrics/motion/error_body_rot: 0.4421
         Metrics/motion/error_joint_pos: 0.6100
         Metrics/motion/error_joint_vel: 5.0201
        Metrics/motion/sampling_entropy: 0.9431
      Metrics/motion/sampling_top1_prob: 0.0319
       Metrics/motion/sampling_top1_bin: 0.0840
      Metrics/motion/error_body_lin_vel: 0.4666
      Metrics/motion/error_body_ang_vel: 1.5043
           Episode_Termination/time_out: 0.0000
         Episode_Termination/anchor_pos: 0.0000
         Episode_Termination/anchor_ori: 0.0000
        Episode_Termination/ee_body_pos: 0.0000
Episode_Termination/corpus_clip_time_out: 0.0000
Episode_Termination/stage_one_actuation_guard: 4.1250
--------------------------------------------------------------------------------
                         Iteration time: 2.66s
                           Time elapsed: 00:06:38
                                    ETA: 00:03:20

################################################################################
[1m                           Learning iteration 233/300                           [0m 

                               Run name: breadth
                            Total steps: 68608 
                       Steps per second: 177 
                        Collection time: 1.851s 
                          Learning time: 1.032s 
                        Mean value loss: 842.8443
                    Mean surrogate loss: -0.0194
                      Mean entropy loss: 10.5205
           Mean standing_retention loss: 0.0006
                            Mean reward: -97.51
                    Mean episode length: 7.81
                        Mean action std: 0.38
  Episode_Reward/motion_global_root_pos: 0.0068
  Episode_Reward/motion_global_root_ori: 0.0063
         Episode_Reward/motion_body_pos: 0.0146
         Episode_Reward/motion_body_ori: 0.0095
     Episode_Reward/motion_body_lin_vel: 0.0115
     Episode_Reward/motion_body_ang_vel: 0.0099
          Episode_Reward/action_rate_l2: -0.0338
             Episode_Reward/joint_limit: -0.0001
         Episode_Reward/self_collisions: -0.0056
Episode_Reward/action_target_reference_l2: -0.0095
Episode_Reward/action_target_soft_limit_barrier: -0.0002
                   Episode_Reward/alive: 0.0661
 Episode_Reward/non_timeout_termination: -9.7708
Episode_Reward/worst_ee_z_normalized_squared: -0.0267
Episode_Reward/right_wrist_prethreshold_barrier: -0.0001
        Metrics/motion/error_anchor_pos: 0.0783
        Metrics/motion/error_anchor_rot: 0.1471
    Metrics/motion/error_anchor_lin_vel: 0.4952
    Metrics/motion/error_anchor_ang_vel: 0.9320
          Metrics/motion/error_body_pos: 0.2709
          Metrics/motion/error_body_rot: 0.3137
         Metrics/motion/error_joint_pos: 0.6266
         Metrics/motion/error_joint_vel: 5.8788
        Metrics/motion/sampling_entropy: 0.9432
      Metrics/motion/sampling_top1_prob: 0.0322
       Metrics/motion/sampling_top1_bin: 0.0840
      Metrics/motion/error_body_lin_vel: 0.5131
      Metrics/motion/error_body_ang_vel: 1.6850
           Episode_Termination/time_out: 0.0000
         Episode_Termination/anchor_pos: 0.0000
         Episode_Termination/anchor_ori: 0.0000
        Episode_Termination/ee_body_pos: 0.0000
Episode_Termination/corpus_clip_time_out: 0.1250
Episode_Termination/stage_one_actuation_guard: 4.6250
--------------------------------------------------------------------------------
                         Iteration time: 2.88s
                           Time elapsed: 00:06:41
                                    ETA: 00:03:17

################################################################################
[1m                           Learning iteration 234/300                           [0m 

                               Run name: breadth
                            Total steps: 69120 
                       Steps per second: 200 
                        Collection time: 1.678s 
                          Learning time: 0.874s 
                        Mean value loss: 609.4574
                    Mean surrogate loss: -0.0227
                      Mean entropy loss: 10.5205
           Mean standing_retention loss: 0.0005
                            Mean reward: -99.61
                    Mean episode length: 6.34
                        Mean action std: 0.38
  Episode_Reward/motion_global_root_pos: 0.0044
  Episode_Reward/motion_global_root_ori: 0.0040
         Episode_Reward/motion_body_pos: 0.0092
         Episode_Reward/motion_body_ori: 0.0071
     Episode_Reward/motion_body_lin_vel: 0.0068
     Episode_Reward/motion_body_ang_vel: 0.0059
          Episode_Reward/action_rate_l2: -0.0252
             Episode_Reward/joint_limit: -0.0005
         Episode_Reward/self_collisions: -0.0040
Episode_Reward/action_target_reference_l2: -0.0041
Episode_Reward/action_target_soft_limit_barrier: -0.0001
                   Episode_Reward/alive: 0.0377
 Episode_Reward/non_timeout_termination: -10.0000
Episode_Reward/worst_ee_z_normalized_squared: -0.0106
Episode_Reward/right_wrist_prethreshold_barrier: -0.0000
        Metrics/motion/error_anchor_pos: 0.0607
        Metrics/motion/error_anchor_rot: 0.1445
    Metrics/motion/error_anchor_lin_vel: 0.5253
    Metrics/motion/error_anchor_ang_vel: 1.0123
          Metrics/motion/error_body_pos: 0.4315
          Metrics/motion/error_body_rot: 0.4045
         Metrics/motion/error_joint_pos: 0.4632
         Metrics/motion/error_joint_vel: 6.0952
        Metrics/motion/sampling_entropy: 0.9429
      Metrics/motion/sampling_top1_prob: 0.0318
       Metrics/motion/sampling_top1_bin: 0.0840
      Metrics/motion/error_body_lin_vel: 0.5730
      Metrics/motion/error_body_ang_vel: 1.6467
           Episode_Termination/time_out: 0.0000
         Episode_Termination/anchor_pos: 0.0000
         Episode_Termination/anchor_ori: 0.0000
        Episode_Termination/ee_body_pos: 0.0000
Episode_Termination/corpus_clip_time_out: 0.0000
Episode_Termination/stage_one_actuation_guard: 4.2500
--------------------------------------------------------------------------------
                         Iteration time: 2.55s
                           Time elapsed: 00:06:43
                                    ETA: 00:03:14

################################################################################
[1m                           Learning iteration 235/300                           [0m 

                               Run name: breadth
                            Total steps: 69632 
                       Steps per second: 181 
                        Collection time: 1.941s 
                          Learning time: 0.887s 
                        Mean value loss: 559.2643
                    Mean surrogate loss: -0.0181
                      Mean entropy loss: 10.5205
           Mean standing_retention loss: 0.0006
                            Mean reward: -99.76
                    Mean episode length: 6.28
                        Mean action std: 0.38
  Episode_Reward/motion_global_root_pos: 0.0064
  Episode_Reward/motion_global_root_ori: 0.0058
         Episode_Reward/motion_body_pos: 0.0133
         Episode_Reward/motion_body_ori: 0.0091
     Episode_Reward/motion_body_lin_vel: 0.0106
     Episode_Reward/motion_body_ang_vel: 0.0089
          Episode_Reward/action_rate_l2: -0.0349
             Episode_Reward/joint_limit: -0.0018
         Episode_Reward/self_collisions: -0.0082
Episode_Reward/action_target_reference_l2: -0.0082
Episode_Reward/action_target_soft_limit_barrier: -0.0002
                   Episode_Reward/alive: 0.0599
 Episode_Reward/non_timeout_termination: -10.0000
Episode_Reward/worst_ee_z_normalized_squared: -0.0290
Episode_Reward/right_wrist_prethreshold_barrier: -0.0028
        Metrics/motion/error_anchor_pos: 0.0660
        Metrics/motion/error_anchor_rot: 0.1621
    Metrics/motion/error_anchor_lin_vel: 0.4838
    Metrics/motion/error_anchor_ang_vel: 1.0128
          Metrics/motion/error_body_pos: 0.5439
          Metrics/motion/error_body_rot: 0.4604
         Metrics/motion/error_joint_pos: 0.6052
         Metrics/motion/error_joint_vel: 5.9735
        Metrics/motion/sampling_entropy: 0.9427
      Metrics/motion/sampling_top1_prob: 0.0316
       Metrics/motion/sampling_top1_bin: 0.0840
      Metrics/motion/error_body_lin_vel: 0.5302
      Metrics/motion/error_body_ang_vel: 1.7770
           Episode_Termination/time_out: 0.0000
         Episode_Termination/anchor_pos: 0.0625
         Episode_Termination/anchor_ori: 0.0000
        Episode_Termination/ee_body_pos: 0.0625
Episode_Termination/corpus_clip_time_out: 0.0000
Episode_Termination/stage_one_actuation_guard: 4.2500
--------------------------------------------------------------------------------
                         Iteration time: 2.83s
                           Time elapsed: 00:06:46
                                    ETA: 00:03:11

################################################################################
[1m                           Learning iteration 236/300                           [0m 

                               Run name: breadth
                            Total steps: 70144 
                       Steps per second: 189 
                        Collection time: 1.813s 
                          Learning time: 0.892s 
                        Mean value loss: 690.3169
                    Mean surrogate loss: -0.0171
                      Mean entropy loss: 10.5205
           Mean standing_retention loss: 0.0005
                            Mean reward: -99.67
                    Mean episode length: 8.53
                        Mean action std: 0.38
  Episode_Reward/motion_global_root_pos: 0.0094
  Episode_Reward/motion_global_root_ori: 0.0079
         Episode_Reward/motion_body_pos: 0.0191
         Episode_Reward/motion_body_ori: 0.0113
     Episode_Reward/motion_body_lin_vel: 0.0157
     Episode_Reward/motion_body_ang_vel: 0.0131
          Episode_Reward/action_rate_l2: -0.0400
             Episode_Reward/joint_limit: -0.0009
         Episode_Reward/self_collisions: -0.0094
Episode_Reward/action_target_reference_l2: -0.0147
Episode_Reward/action_target_soft_limit_barrier: -0.0003
                   Episode_Reward/alive: 0.0897
 Episode_Reward/non_timeout_termination: -10.0000
Episode_Reward/worst_ee_z_normalized_squared: -0.0444
Episode_Reward/right_wrist_prethreshold_barrier: -0.0005
        Metrics/motion/error_anchor_pos: 0.0673
        Metrics/motion/error_anchor_rot: 0.1724
    Metrics/motion/error_anchor_lin_vel: 0.4965
    Metrics/motion/error_anchor_ang_vel: 1.0801
          Metrics/motion/error_body_pos: 0.2620
          Metrics/motion/error_body_rot: 0.4040
         Metrics/motion/error_joint_pos: 0.7325
         Metrics/motion/error_joint_vel: 6.0191
        Metrics/motion/sampling_entropy: 0.9426
      Metrics/motion/sampling_top1_prob: 0.0317
       Metrics/motion/sampling_top1_bin: 0.0840
      Metrics/motion/error_body_lin_vel: 0.5353
      Metrics/motion/error_body_ang_vel: 1.8038
           Episode_Termination/time_out: 0.0000
         Episode_Termination/anchor_pos: 0.0000
         Episode_Termination/anchor_ori: 0.0000
        Episode_Termination/ee_body_pos: 0.0000
Episode_Termination/corpus_clip_time_out: 0.0000
Episode_Termination/stage_one_actuation_guard: 3.5000
--------------------------------------------------------------------------------
                         Iteration time: 2.70s
                           Time elapsed: 00:06:49
                                    ETA: 00:03:08

################################################################################
[1m                           Learning iteration 237/300                           [0m 

                               Run name: breadth
                            Total steps: 70656 
                       Steps per second: 190 
                        Collection time: 1.804s 
                          Learning time: 0.886s 
                        Mean value loss: 388.6126
                    Mean surrogate loss: -0.0209
                      Mean entropy loss: 10.5205
           Mean standing_retention loss: 0.0005
                            Mean reward: -99.45
                    Mean episode length: 9.98
                        Mean action std: 0.38
  Episode_Reward/motion_global_root_pos: 0.0082
  Episode_Reward/motion_global_root_ori: 0.0077
         Episode_Reward/motion_body_pos: 0.0175
         Episode_Reward/motion_body_ori: 0.0110
     Episode_Reward/motion_body_lin_vel: 0.0145
     Episode_Reward/motion_body_ang_vel: 0.0122
          Episode_Reward/action_rate_l2: -0.0400
             Episode_Reward/joint_limit: -0.0008
         Episode_Reward/self_collisions: -0.0037
Episode_Reward/action_target_reference_l2: -0.0124
Episode_Reward/action_target_soft_limit_barrier: -0.0002
                   Episode_Reward/alive: 0.0806
 Episode_Reward/non_timeout_termination: -10.0000
Episode_Reward/worst_ee_z_normalized_squared: -0.0371
Episode_Reward/right_wrist_prethreshold_barrier: -0.0001
        Metrics/motion/error_anchor_pos: 0.0742
        Metrics/motion/error_anchor_rot: 0.1511
    Metrics/motion/error_anchor_lin_vel: 0.4801
    Metrics/motion/error_anchor_ang_vel: 1.0534
          Metrics/motion/error_body_pos: 0.4167
          Metrics/motion/error_body_rot: 0.4498
         Metrics/motion/error_joint_pos: 0.6066
         Metrics/motion/error_joint_vel: 6.4586
        Metrics/motion/sampling_entropy: 0.9423
      Metrics/motion/sampling_top1_prob: 0.0315
       Metrics/motion/sampling_top1_bin: 0.0840
      Metrics/motion/error_body_lin_vel: 0.5090
      Metrics/motion/error_body_ang_vel: 1.8156
           Episode_Termination/time_out: 0.0000
         Episode_Termination/anchor_pos: 0.0000
         Episode_Termination/anchor_ori: 0.0000
        Episode_Termination/ee_body_pos: 0.0000
Episode_Termination/corpus_clip_time_out: 0.0000
Episode_Termination/stage_one_actuation_guard: 2.8125
--------------------------------------------------------------------------------
                         Iteration time: 2.69s
                           Time elapsed: 00:06:52
                                    ETA: 00:03:05

################################################################################
[1m                           Learning iteration 238/300                           [0m 

                               Run name: breadth
                            Total steps: 71168 
                       Steps per second: 184 
                        Collection time: 1.762s 
                          Learning time: 1.015s 
                        Mean value loss: 525.7782
                    Mean surrogate loss: -0.0226
                      Mean entropy loss: 10.5205
           Mean standing_retention loss: 0.0005
                            Mean reward: -99.49
                    Mean episode length: 8.91
                        Mean action std: 0.38
  Episode_Reward/motion_global_root_pos: 0.0076
  Episode_Reward/motion_global_root_ori: 0.0067
         Episode_Reward/motion_body_pos: 0.0157
         Episode_Reward/motion_body_ori: 0.0104
     Episode_Reward/motion_body_lin_vel: 0.0131
     Episode_Reward/motion_body_ang_vel: 0.0110
          Episode_Reward/action_rate_l2: -0.0345
             Episode_Reward/joint_limit: -0.0003
         Episode_Reward/self_collisions: -0.0069
Episode_Reward/action_target_reference_l2: -0.0106
Episode_Reward/action_target_soft_limit_barrier: -0.0002
                   Episode_Reward/alive: 0.0718
 Episode_Reward/non_timeout_termination: -10.0000
Episode_Reward/worst_ee_z_normalized_squared: -0.0319
Episode_Reward/right_wrist_prethreshold_barrier: -0.0001
        Metrics/motion/error_anchor_pos: 0.0731
        Metrics/motion/error_anchor_rot: 0.1772
    Metrics/motion/error_anchor_lin_vel: 0.4657
    Metrics/motion/error_anchor_ang_vel: 0.9296
          Metrics/motion/error_body_pos: 0.3368
          Metrics/motion/error_body_rot: 0.3940
         Metrics/motion/error_joint_pos: 0.7142
         Metrics/motion/error_joint_vel: 6.0071
        Metrics/motion/sampling_entropy: 0.9421
      Metrics/motion/sampling_top1_prob: 0.0314
       Metrics/motion/sampling_top1_bin: 0.0840
      Metrics/motion/error_body_lin_vel: 0.4925
      Metrics/motion/error_body_ang_vel: 1.6610
           Episode_Termination/time_out: 0.0000
         Episode_Termination/anchor_pos: 0.0000
         Episode_Termination/anchor_ori: 0.0000
        Episode_Termination/ee_body_pos: 0.0000
Episode_Termination/corpus_clip_time_out: 0.0000
Episode_Termination/stage_one_actuation_guard: 3.1333
--------------------------------------------------------------------------------
                         Iteration time: 2.78s
                           Time elapsed: 00:06:54
                                    ETA: 00:03:02

################################################################################
[1m                           Learning iteration 239/300                           [0m 

                               Run name: breadth
                            Total steps: 71680 
                       Steps per second: 186 
                        Collection time: 1.772s 
                          Learning time: 0.977s 
                        Mean value loss: 706.0917
                    Mean surrogate loss: -0.0225
                      Mean entropy loss: 10.5205
           Mean standing_retention loss: 0.0005
                            Mean reward: -99.51
                    Mean episode length: 8.82
                        Mean action std: 0.38
  Episode_Reward/motion_global_root_pos: 0.0088
  Episode_Reward/motion_global_root_ori: 0.0075
         Episode_Reward/motion_body_pos: 0.0182
         Episode_Reward/motion_body_ori: 0.0107
     Episode_Reward/motion_body_lin_vel: 0.0152
     Episode_Reward/motion_body_ang_vel: 0.0129
          Episode_Reward/action_rate_l2: -0.0402
             Episode_Reward/joint_limit: -0.0004
         Episode_Reward/self_collisions: -0.0075
Episode_Reward/action_target_reference_l2: -0.0144
Episode_Reward/action_target_soft_limit_barrier: -0.0003
                   Episode_Reward/alive: 0.0853
 Episode_Reward/non_timeout_termination: -10.0000
Episode_Reward/worst_ee_z_normalized_squared: -0.0478
Episode_Reward/right_wrist_prethreshold_barrier: -0.0030
        Metrics/motion/error_anchor_pos: 0.0660
        Metrics/motion/error_anchor_rot: 0.1726
    Metrics/motion/error_anchor_lin_vel: 0.4697
    Metrics/motion/error_anchor_ang_vel: 0.9966
          Metrics/motion/error_body_pos: 0.9806
          Metrics/motion/error_body_rot: 0.4852
         Metrics/motion/error_joint_pos: 0.6350
         Metrics/motion/error_joint_vel: 5.2950
        Metrics/motion/sampling_entropy: 0.9422
      Metrics/motion/sampling_top1_prob: 0.0311
       Metrics/motion/sampling_top1_bin: 0.0840
      Metrics/motion/error_body_lin_vel: 0.5252
      Metrics/motion/error_body_ang_vel: 1.5340
           Episode_Termination/time_out: 0.0000
         Episode_Termination/anchor_pos: 0.0000
         Episode_Termination/anchor_ori: 0.0000
        Episode_Termination/ee_body_pos: 0.0625
Episode_Termination/corpus_clip_time_out: 0.0000
Episode_Termination/stage_one_actuation_guard: 4.8125
--------------------------------------------------------------------------------
                         Iteration time: 2.75s
                           Time elapsed: 00:06:57
                                    ETA: 00:02:58

################################################################################
[1m                           Learning iteration 240/300                           [0m 

                               Run name: breadth
                            Total steps: 72192 
                       Steps per second: 89 
                        Collection time: 4.649s 
                          Learning time: 1.052s 
                        Mean value loss: 561.4795
                    Mean surrogate loss: -0.0160
                      Mean entropy loss: 10.5205
           Mean standing_retention loss: 0.0005
                            Mean reward: -99.66
                    Mean episode length: 7.02
                        Mean action std: 0.38
  Episode_Reward/motion_global_root_pos: 0.0068
  Episode_Reward/motion_global_root_ori: 0.0058
         Episode_Reward/motion_body_pos: 0.0139
         Episode_Reward/motion_body_ori: 0.0095
     Episode_Reward/motion_body_lin_vel: 0.0109
     Episode_Reward/motion_body_ang_vel: 0.0092
          Episode_Reward/action_rate_l2: -0.0356
             Episode_Reward/joint_limit: -0.0002
         Episode_Reward/self_collisions: -0.0072
Episode_Reward/action_target_reference_l2: -0.0085
Episode_Reward/action_target_soft_limit_barrier: -0.0003
                   Episode_Reward/alive: 0.0628
 Episode_Reward/non_timeout_termination: -10.0000
Episode_Reward/worst_ee_z_normalized_squared: -0.0292
Episode_Reward/right_wrist_prethreshold_barrier: 0.0000
        Metrics/motion/error_anchor_pos: 0.0732
        Metrics/motion/error_anchor_rot: 0.1646
    Metrics/motion/error_anchor_lin_vel: 0.4817
    Metrics/motion/error_anchor_ang_vel: 1.0535
          Metrics/motion/error_body_pos: 0.1563
          Metrics/motion/error_body_rot: 0.2849
         Metrics/motion/error_joint_pos: 0.5974
         Metrics/motion/error_joint_vel: 6.3265
        Metrics/motion/sampling_entropy: 0.9419
      Metrics/motion/sampling_top1_prob: 0.0306
       Metrics/motion/sampling_top1_bin: 0.0840
      Metrics/motion/error_body_lin_vel: 0.5381
      Metrics/motion/error_body_ang_vel: 1.9329
           Episode_Termination/time_out: 0.0000
         Episode_Termination/anchor_pos: 0.0000
         Episode_Termination/anchor_ori: 0.0000
        Episode_Termination/ee_body_pos: 0.1333
Episode_Termination/corpus_clip_time_out: 0.0000
Episode_Termination/stage_one_actuation_guard: 3.9333
--------------------------------------------------------------------------------
                         Iteration time: 5.70s
                           Time elapsed: 00:07:03
                                    ETA: 00:02:57

################################################################################
[1m                           Learning iteration 241/300                           [0m 

                               Run name: breadth
                            Total steps: 72704 
                       Steps per second: 187 
                        Collection time: 1.699s 
                          Learning time: 1.033s 
                        Mean value loss: 578.3625
                    Mean surrogate loss: -0.0195
                      Mean entropy loss: 10.5205
           Mean standing_retention loss: 0.0005
                            Mean reward: -98.60
                    Mean episode length: 7.05
                        Mean action std: 0.38
  Episode_Reward/motion_global_root_pos: 0.0062
  Episode_Reward/motion_global_root_ori: 0.0056
         Episode_Reward/motion_body_pos: 0.0130
         Episode_Reward/motion_body_ori: 0.0096
     Episode_Reward/motion_body_lin_vel: 0.0102
     Episode_Reward/motion_body_ang_vel: 0.0090
          Episode_Reward/action_rate_l2: -0.0315
             Episode_Reward/joint_limit: -0.0007
         Episode_Reward/self_collisions: -0.0084
Episode_Reward/action_target_reference_l2: -0.0068
Episode_Reward/action_target_soft_limit_barrier: -0.0003
                   Episode_Reward/alive: 0.0578
 Episode_Reward/non_timeout_termination: -9.8750
Episode_Reward/worst_ee_z_normalized_squared: -0.0215
Episode_Reward/right_wrist_prethreshold_barrier: -0.0000
        Metrics/motion/error_anchor_pos: 0.0698
        Metrics/motion/error_anchor_rot: 0.1599
    Metrics/motion/error_anchor_lin_vel: 0.4874
    Metrics/motion/error_anchor_ang_vel: 0.9456
          Metrics/motion/error_body_pos: 0.4388
          Metrics/motion/error_body_rot: 0.4321
         Metrics/motion/error_joint_pos: 0.5574
         Metrics/motion/error_joint_vel: 5.6139
        Metrics/motion/sampling_entropy: 0.9418
      Metrics/motion/sampling_top1_prob: 0.0309
       Metrics/motion/sampling_top1_bin: 0.0840
      Metrics/motion/error_body_lin_vel: 0.5335
      Metrics/motion/error_body_ang_vel: 1.6306
           Episode_Termination/time_out: 0.0000
         Episode_Termination/anchor_pos: 0.0000
         Episode_Termination/anchor_ori: 0.0000
        Episode_Termination/ee_body_pos: 0.1250
Episode_Termination/corpus_clip_time_out: 0.0625
Episode_Termination/stage_one_actuation_guard: 4.0000
--------------------------------------------------------------------------------
                         Iteration time: 2.73s
                           Time elapsed: 00:07:06
                                    ETA: 00:02:54

################################################################################
[1m                           Learning iteration 242/300                           [0m 

                               Run name: breadth
                            Total steps: 73216 
                       Steps per second: 184 
                        Collection time: 1.774s 
                          Learning time: 0.993s 
                        Mean value loss: 600.7125
                    Mean surrogate loss: -0.0211
                      Mean entropy loss: 10.5205
           Mean standing_retention loss: 0.0005
                            Mean reward: -98.48
                    Mean episode length: 8.93
                        Mean action std: 0.38
  Episode_Reward/motion_global_root_pos: 0.0085
  Episode_Reward/motion_global_root_ori: 0.0077
         Episode_Reward/motion_body_pos: 0.0176
         Episode_Reward/motion_body_ori: 0.0115
     Episode_Reward/motion_body_lin_vel: 0.0149
     Episode_Reward/motion_body_ang_vel: 0.0123
          Episode_Reward/action_rate_l2: -0.0385
             Episode_Reward/joint_limit: -0.0008
         Episode_Reward/self_collisions: -0.0135
Episode_Reward/action_target_reference_l2: -0.0114
Episode_Reward/action_target_soft_limit_barrier: -0.0002
                   Episode_Reward/alive: 0.0814
 Episode_Reward/non_timeout_termination: -9.8438
Episode_Reward/worst_ee_z_normalized_squared: -0.0323
Episode_Reward/right_wrist_prethreshold_barrier: -0.0000
        Metrics/motion/error_anchor_pos: 0.0649
        Metrics/motion/error_anchor_rot: 0.1513
    Metrics/motion/error_anchor_lin_vel: 0.4524
    Metrics/motion/error_anchor_ang_vel: 0.9820
          Metrics/motion/error_body_pos: 0.7749
          Metrics/motion/error_body_rot: 0.5215
         Metrics/motion/error_joint_pos: 0.6162
         Metrics/motion/error_joint_vel: 5.9481
        Metrics/motion/sampling_entropy: 0.9419
      Metrics/motion/sampling_top1_prob: 0.0309
       Metrics/motion/sampling_top1_bin: 0.0840
      Metrics/motion/error_body_lin_vel: 0.4969
      Metrics/motion/error_body_ang_vel: 1.7654
           Episode_Termination/time_out: 0.0000
         Episode_Termination/anchor_pos: 0.0000
         Episode_Termination/anchor_ori: 0.0000
        Episode_Termination/ee_body_pos: 0.0000
Episode_Termination/corpus_clip_time_out: 0.0625
Episode_Termination/stage_one_actuation_guard: 3.3750
--------------------------------------------------------------------------------
                         Iteration time: 2.77s
                           Time elapsed: 00:07:08
                                    ETA: 00:02:50

################################################################################
[1m                           Learning iteration 243/300                           [0m 

                               Run name: breadth
                            Total steps: 73728 
                       Steps per second: 189 
                        Collection time: 1.762s 
                          Learning time: 0.939s 
                        Mean value loss: 490.0460
                    Mean surrogate loss: -0.0203
                      Mean entropy loss: 10.5205
           Mean standing_retention loss: 0.0005
                            Mean reward: -98.30
                    Mean episode length: 10.37
                        Mean action std: 0.38
  Episode_Reward/motion_global_root_pos: 0.0079
  Episode_Reward/motion_global_root_ori: 0.0077
         Episode_Reward/motion_body_pos: 0.0171
         Episode_Reward/motion_body_ori: 0.0109
     Episode_Reward/motion_body_lin_vel: 0.0142
     Episode_Reward/motion_body_ang_vel: 0.0119
          Episode_Reward/action_rate_l2: -0.0375
             Episode_Reward/joint_limit: -0.0003
         Episode_Reward/self_collisions: -0.0077
Episode_Reward/action_target_reference_l2: -0.0120
Episode_Reward/action_target_soft_limit_barrier: -0.0002
                   Episode_Reward/alive: 0.0782
 Episode_Reward/non_timeout_termination: -10.0000
Episode_Reward/worst_ee_z_normalized_squared: -0.0284
Episode_Reward/right_wrist_prethreshold_barrier: -0.0002
        Metrics/motion/error_anchor_pos: 0.0633
        Metrics/motion/error_anchor_rot: 0.1501
    Metrics/motion/error_anchor_lin_vel: 0.4285
    Metrics/motion/error_anchor_ang_vel: 1.0848
          Metrics/motion/error_body_pos: 0.5920
          Metrics/motion/error_body_rot: 0.4644
         Metrics/motion/error_joint_pos: 0.6075
         Metrics/motion/error_joint_vel: 5.7759
        Metrics/motion/sampling_entropy: 0.9419
      Metrics/motion/sampling_top1_prob: 0.0307
       Metrics/motion/sampling_top1_bin: 0.0840
      Metrics/motion/error_body_lin_vel: 0.4858
      Metrics/motion/error_body_ang_vel: 1.7376
           Episode_Termination/time_out: 0.0000
         Episode_Termination/anchor_pos: 0.0000
         Episode_Termination/anchor_ori: 0.0000
        Episode_Termination/ee_body_pos: 0.0000
Episode_Termination/corpus_clip_time_out: 0.0000
Episode_Termination/stage_one_actuation_guard: 3.1250
--------------------------------------------------------------------------------
                         Iteration time: 2.70s
                           Time elapsed: 00:07:11
                                    ETA: 00:02:47

################################################################################
[1m                           Learning iteration 244/300                           [0m 

                               Run name: breadth
                            Total steps: 74240 
                       Steps per second: 192 
                        Collection time: 1.784s 
                          Learning time: 0.875s 
                        Mean value loss: 651.1107
                    Mean surrogate loss: -0.0209
                      Mean entropy loss: 10.5205
           Mean standing_retention loss: 0.0005
                            Mean reward: -99.43
                    Mean episode length: 9.25
                        Mean action std: 0.38
  Episode_Reward/motion_global_root_pos: 0.0074
  Episode_Reward/motion_global_root_ori: 0.0066
         Episode_Reward/motion_body_pos: 0.0154
         Episode_Reward/motion_body_ori: 0.0108
     Episode_Reward/motion_body_lin_vel: 0.0124
     Episode_Reward/motion_body_ang_vel: 0.0106
          Episode_Reward/action_rate_l2: -0.0352
             Episode_Reward/joint_limit: -0.0002
         Episode_Reward/self_collisions: -0.0061
Episode_Reward/action_target_reference_l2: -0.0089
Episode_Reward/action_target_soft_limit_barrier: -0.0002
                   Episode_Reward/alive: 0.0699
 Episode_Reward/non_timeout_termination: -10.0000
Episode_Reward/worst_ee_z_normalized_squared: -0.0270
Episode_Reward/right_wrist_prethreshold_barrier: -0.0000
        Metrics/motion/error_anchor_pos: 0.0700
        Metrics/motion/error_anchor_rot: 0.1578
    Metrics/motion/error_anchor_lin_vel: 0.4893
    Metrics/motion/error_anchor_ang_vel: 0.9276
          Metrics/motion/error_body_pos: 0.3856
          Metrics/motion/error_body_rot: 0.3803
         Metrics/motion/error_joint_pos: 0.5842
         Metrics/motion/error_joint_vel: 5.7253
        Metrics/motion/sampling_entropy: 0.9419
      Metrics/motion/sampling_top1_prob: 0.0303
       Metrics/motion/sampling_top1_bin: 0.0840
      Metrics/motion/error_body_lin_vel: 0.5283
      Metrics/motion/error_body_ang_vel: 1.7342
           Episode_Termination/time_out: 0.0000
         Episode_Termination/anchor_pos: 0.0000
         Episode_Termination/anchor_ori: 0.0000
        Episode_Termination/ee_body_pos: 0.0000
Episode_Termination/corpus_clip_time_out: 0.0000
Episode_Termination/stage_one_actuation_guard: 4.2500
--------------------------------------------------------------------------------
                         Iteration time: 2.66s
                           Time elapsed: 00:07:14
                                    ETA: 00:02:44

################################################################################
[1m                           Learning iteration 245/300                           [0m 

                               Run name: breadth
                            Total steps: 74752 
                       Steps per second: 190 
                        Collection time: 1.714s 
                          Learning time: 0.968s 
                        Mean value loss: 665.4751
                    Mean surrogate loss: -0.0239
                      Mean entropy loss: 10.5205
           Mean standing_retention loss: 0.0005
                            Mean reward: -99.50
                    Mean episode length: 7.54
                        Mean action std: 0.38
  Episode_Reward/motion_global_root_pos: 0.0067
  Episode_Reward/motion_global_root_ori: 0.0060
         Episode_Reward/motion_body_pos: 0.0139
         Episode_Reward/motion_body_ori: 0.0096
     Episode_Reward/motion_body_lin_vel: 0.0111
     Episode_Reward/motion_body_ang_vel: 0.0095
          Episode_Reward/action_rate_l2: -0.0325
             Episode_Reward/joint_limit: -0.0003
         Episode_Reward/self_collisions: -0.0142
Episode_Reward/action_target_reference_l2: -0.0088
Episode_Reward/action_target_soft_limit_barrier: -0.0001
                   Episode_Reward/alive: 0.0623
 Episode_Reward/non_timeout_termination: -10.0000
Episode_Reward/worst_ee_z_normalized_squared: -0.0234
Episode_Reward/right_wrist_prethreshold_barrier: -0.0000
        Metrics/motion/error_anchor_pos: 0.0700
        Metrics/motion/error_anchor_rot: 0.1601
    Metrics/motion/error_anchor_lin_vel: 0.4640
    Metrics/motion/error_anchor_ang_vel: 0.9555
          Metrics/motion/error_body_pos: 0.2844
          Metrics/motion/error_body_rot: 0.3467
         Metrics/motion/error_joint_pos: 0.6089
         Metrics/motion/error_joint_vel: 5.8488
        Metrics/motion/sampling_entropy: 0.9420
      Metrics/motion/sampling_top1_prob: 0.0307
       Metrics/motion/sampling_top1_bin: 0.0840
      Metrics/motion/error_body_lin_vel: 0.5106
      Metrics/motion/error_body_ang_vel: 1.6093
           Episode_Termination/time_out: 0.0000
         Episode_Termination/anchor_pos: 0.0000
         Episode_Termination/anchor_ori: 0.0000
        Episode_Termination/ee_body_pos: 0.0000
Episode_Termination/corpus_clip_time_out: 0.0000
Episode_Termination/stage_one_actuation_guard: 4.4375
--------------------------------------------------------------------------------
                         Iteration time: 2.68s
                           Time elapsed: 00:07:16
                                    ETA: 00:02:41

################################################################################
[1m                           Learning iteration 246/300                           [0m 

                               Run name: breadth
                            Total steps: 75264 
                       Steps per second: 172 
                        Collection time: 1.908s 
                          Learning time: 1.060s 
                        Mean value loss: 572.8406
                    Mean surrogate loss: -0.0254
                      Mean entropy loss: 10.5205
           Mean standing_retention loss: 0.0004
                            Mean reward: -99.58
                    Mean episode length: 8.00
                        Mean action std: 0.38
  Episode_Reward/motion_global_root_pos: 0.0089
  Episode_Reward/motion_global_root_ori: 0.0077
         Episode_Reward/motion_body_pos: 0.0183
         Episode_Reward/motion_body_ori: 0.0107
     Episode_Reward/motion_body_lin_vel: 0.0155
     Episode_Reward/motion_body_ang_vel: 0.0132
          Episode_Reward/action_rate_l2: -0.0416
             Episode_Reward/joint_limit: -0.0004
         Episode_Reward/self_collisions: -0.0051
Episode_Reward/action_target_reference_l2: -0.0145
Episode_Reward/action_target_soft_limit_barrier: -0.0002
                   Episode_Reward/alive: 0.0854
 Episode_Reward/non_timeout_termination: -10.0000
Episode_Reward/worst_ee_z_normalized_squared: -0.0478
Episode_Reward/right_wrist_prethreshold_barrier: -0.0007
        Metrics/motion/error_anchor_pos: 0.0638
        Metrics/motion/error_anchor_rot: 0.1533
    Metrics/motion/error_anchor_lin_vel: 0.4580
    Metrics/motion/error_anchor_ang_vel: 1.1034
          Metrics/motion/error_body_pos: 0.3169
          Metrics/motion/error_body_rot: 0.3810
         Metrics/motion/error_joint_pos: 0.6213
         Metrics/motion/error_joint_vel: 6.0345
        Metrics/motion/sampling_entropy: 0.9417
      Metrics/motion/sampling_top1_prob: 0.0308
       Metrics/motion/sampling_top1_bin: 0.0840
      Metrics/motion/error_body_lin_vel: 0.4999
      Metrics/motion/error_body_ang_vel: 1.8086
           Episode_Termination/time_out: 0.0000
         Episode_Termination/anchor_pos: 0.0000
         Episode_Termination/anchor_ori: 0.0000
        Episode_Termination/ee_body_pos: 0.0000
Episode_Termination/corpus_clip_time_out: 0.0000
Episode_Termination/stage_one_actuation_guard: 3.8000
--------------------------------------------------------------------------------
                         Iteration time: 2.97s
                           Time elapsed: 00:07:19
                                    ETA: 00:02:38

################################################################################
[1m                           Learning iteration 247/300                           [0m 

                               Run name: breadth
                            Total steps: 75776 
                       Steps per second: 194 
                        Collection time: 1.681s 
                          Learning time: 0.949s 
                        Mean value loss: 726.6231
                    Mean surrogate loss: -0.0221
                      Mean entropy loss: 10.5205
           Mean standing_retention loss: 0.0004
                            Mean reward: -99.62
                    Mean episode length: 8.13
                        Mean action std: 0.38
  Episode_Reward/motion_global_root_pos: 0.0074
  Episode_Reward/motion_global_root_ori: 0.0068
         Episode_Reward/motion_body_pos: 0.0155
         Episode_Reward/motion_body_ori: 0.0111
     Episode_Reward/motion_body_lin_vel: 0.0125
     Episode_Reward/motion_body_ang_vel: 0.0107
          Episode_Reward/action_rate_l2: -0.0386
             Episode_Reward/joint_limit: -0.0017
         Episode_Reward/self_collisions: -0.0101
Episode_Reward/action_target_reference_l2: -0.0087
Episode_Reward/action_target_soft_limit_barrier: -0.0002
                   Episode_Reward/alive: 0.0711
 Episode_Reward/non_timeout_termination: -10.0000
Episode_Reward/worst_ee_z_normalized_squared: -0.0268
Episode_Reward/right_wrist_prethreshold_barrier: -0.0005
        Metrics/motion/error_anchor_pos: 0.0687
        Metrics/motion/error_anchor_rot: 0.1461
    Metrics/motion/error_anchor_lin_vel: 0.4887
    Metrics/motion/error_anchor_ang_vel: 0.9648
          Metrics/motion/error_body_pos: 0.4197
          Metrics/motion/error_body_rot: 0.4300
         Metrics/motion/error_joint_pos: 0.6246
         Metrics/motion/error_joint_vel: 6.1374
        Metrics/motion/sampling_entropy: 0.9417
      Metrics/motion/sampling_top1_prob: 0.0311
       Metrics/motion/sampling_top1_bin: 0.0840
      Metrics/motion/error_body_lin_vel: 0.5205
      Metrics/motion/error_body_ang_vel: 1.7359
           Episode_Termination/time_out: 0.0000
         Episode_Termination/anchor_pos: 0.0000
         Episode_Termination/anchor_ori: 0.0000
        Episode_Termination/ee_body_pos: 0.0625
Episode_Termination/corpus_clip_time_out: 0.0000
Episode_Termination/stage_one_actuation_guard: 4.8750
--------------------------------------------------------------------------------
                         Iteration time: 2.63s
                           Time elapsed: 00:07:22
                                    ETA: 00:02:35

################################################################################
[1m                           Learning iteration 248/300                           [0m 

                               Run name: breadth
                            Total steps: 76288 
                       Steps per second: 190 
                        Collection time: 1.695s 
                          Learning time: 0.997s 
                        Mean value loss: 454.7515
                    Mean surrogate loss: -0.0245
                      Mean entropy loss: 10.5205
           Mean standing_retention loss: 0.0005
                            Mean reward: -99.59
                    Mean episode length: 7.43
                        Mean action std: 0.38
  Episode_Reward/motion_global_root_pos: 0.0059
  Episode_Reward/motion_global_root_ori: 0.0055
         Episode_Reward/motion_body_pos: 0.0127
         Episode_Reward/motion_body_ori: 0.0089
     Episode_Reward/motion_body_lin_vel: 0.0096
     Episode_Reward/motion_body_ang_vel: 0.0086
          Episode_Reward/action_rate_l2: -0.0351
             Episode_Reward/joint_limit: -0.0007
         Episode_Reward/self_collisions: -0.0020
Episode_Reward/action_target_reference_l2: -0.0070
Episode_Reward/action_target_soft_limit_barrier: -0.0002
                   Episode_Reward/alive: 0.0560
 Episode_Reward/non_timeout_termination: -10.0000
Episode_Reward/worst_ee_z_normalized_squared: -0.0232
Episode_Reward/right_wrist_prethreshold_barrier: -0.0000
        Metrics/motion/error_anchor_pos: 0.0758
        Metrics/motion/error_anchor_rot: 0.1538
    Metrics/motion/error_anchor_lin_vel: 0.5037
    Metrics/motion/error_anchor_ang_vel: 1.0068
          Metrics/motion/error_body_pos: 0.4066
          Metrics/motion/error_body_rot: 0.5438
         Metrics/motion/error_joint_pos: 0.6270
         Metrics/motion/error_joint_vel: 4.9907
        Metrics/motion/sampling_entropy: 0.9419
      Metrics/motion/sampling_top1_prob: 0.0318
       Metrics/motion/sampling_top1_bin: 0.0840
      Metrics/motion/error_body_lin_vel: 0.5396
      Metrics/motion/error_body_ang_vel: 1.4678
           Episode_Termination/time_out: 0.0000
         Episode_Termination/anchor_pos: 0.0000
         Episode_Termination/anchor_ori: 0.0000
        Episode_Termination/ee_body_pos: 0.0667
Episode_Termination/corpus_clip_time_out: 0.0000
Episode_Termination/stage_one_actuation_guard: 3.4667
--------------------------------------------------------------------------------
                         Iteration time: 2.69s
                           Time elapsed: 00:07:25
                                    ETA: 00:02:32

################################################################################
[1m                           Learning iteration 249/300                           [0m 

                               Run name: breadth
                            Total steps: 76800 
                       Steps per second: 177 
                        Collection time: 2.013s 
                          Learning time: 0.879s 
                        Mean value loss: 559.0177
                    Mean surrogate loss: -0.0200
                      Mean entropy loss: 10.5205
           Mean standing_retention loss: 0.0005
                            Mean reward: -99.45
                    Mean episode length: 8.83
                        Mean action std: 0.38
  Episode_Reward/motion_global_root_pos: 0.0100
  Episode_Reward/motion_global_root_ori: 0.0093
         Episode_Reward/motion_body_pos: 0.0210
         Episode_Reward/motion_body_ori: 0.0135
     Episode_Reward/motion_body_lin_vel: 0.0171
     Episode_Reward/motion_body_ang_vel: 0.0147
          Episode_Reward/action_rate_l2: -0.0459
             Episode_Reward/joint_limit: -0.0003
         Episode_Reward/self_collisions: -0.0139
Episode_Reward/action_target_reference_l2: -0.0140
Episode_Reward/action_target_soft_limit_barrier: -0.0003
                   Episode_Reward/alive: 0.1000
 Episode_Reward/non_timeout_termination: -10.0000
Episode_Reward/worst_ee_z_normalized_squared: -0.0407
Episode_Reward/right_wrist_prethreshold_barrier: 0.0000
        Metrics/motion/error_anchor_pos: 0.0838
        Metrics/motion/error_anchor_rot: 0.1669
    Metrics/motion/error_anchor_lin_vel: 0.5090
    Metrics/motion/error_anchor_ang_vel: 0.9930
          Metrics/motion/error_body_pos: 0.3572
          Metrics/motion/error_body_rot: 0.4793
         Metrics/motion/error_joint_pos: 0.7041
         Metrics/motion/error_joint_vel: 5.5984
        Metrics/motion/sampling_entropy: 0.9418
      Metrics/motion/sampling_top1_prob: 0.0322
       Metrics/motion/sampling_top1_bin: 0.0840
      Metrics/motion/error_body_lin_vel: 0.5387
      Metrics/motion/error_body_ang_vel: 1.6271
           Episode_Termination/time_out: 0.0000
         Episode_Termination/anchor_pos: 0.0000
         Episode_Termination/anchor_ori: 0.0000
        Episode_Termination/ee_body_pos: 0.1250
Episode_Termination/corpus_clip_time_out: 0.0000
Episode_Termination/stage_one_actuation_guard: 3.5625
--------------------------------------------------------------------------------
                         Iteration time: 2.89s
                           Time elapsed: 00:07:28
                                    ETA: 00:02:29

################################################################################
[1m                           Learning iteration 250/300                           [0m 

                               Run name: breadth
                            Total steps: 77312 
                       Steps per second: 90 
                        Collection time: 4.662s 
                          Learning time: 0.993s 
                        Mean value loss: 595.3840
                    Mean surrogate loss: -0.0192
                      Mean entropy loss: 10.5205
           Mean standing_retention loss: 0.0006
                            Mean reward: -99.38
                    Mean episode length: 9.97
                        Mean action std: 0.38
  Episode_Reward/motion_global_root_pos: 0.0081
  Episode_Reward/motion_global_root_ori: 0.0069
         Episode_Reward/motion_body_pos: 0.0169
         Episode_Reward/motion_body_ori: 0.0112
     Episode_Reward/motion_body_lin_vel: 0.0136
     Episode_Reward/motion_body_ang_vel: 0.0115
          Episode_Reward/action_rate_l2: -0.0389
             Episode_Reward/joint_limit: -0.0001
         Episode_Reward/self_collisions: -0.0109
Episode_Reward/action_target_reference_l2: -0.0113
Episode_Reward/action_target_soft_limit_barrier: -0.0003
                   Episode_Reward/alive: 0.0779
 Episode_Reward/non_timeout_termination: -10.0000
Episode_Reward/worst_ee_z_normalized_squared: -0.0305
Episode_Reward/right_wrist_prethreshold_barrier: 0.0000
        Metrics/motion/error_anchor_pos: 0.0696
        Metrics/motion/error_anchor_rot: 0.1659
    Metrics/motion/error_anchor_lin_vel: 0.5107
    Metrics/motion/error_anchor_ang_vel: 1.0892
          Metrics/motion/error_body_pos: 0.2597
          Metrics/motion/error_body_rot: 0.3351
         Metrics/motion/error_joint_pos: 0.6591
         Metrics/motion/error_joint_vel: 6.7421
        Metrics/motion/sampling_entropy: 0.9417
      Metrics/motion/sampling_top1_prob: 0.0321
       Metrics/motion/sampling_top1_bin: 0.0840
      Metrics/motion/error_body_lin_vel: 0.5719
      Metrics/motion/error_body_ang_vel: 1.8932
           Episode_Termination/time_out: 0.0000
         Episode_Termination/anchor_pos: 0.0000
         Episode_Termination/anchor_ori: 0.0000
        Episode_Termination/ee_body_pos: 0.0000
Episode_Termination/corpus_clip_time_out: 0.0000
Episode_Termination/stage_one_actuation_guard: 3.6250
--------------------------------------------------------------------------------
                         Iteration time: 5.65s
                           Time elapsed: 00:07:33
                                    ETA: 00:02:27

################################################################################
[1m                           Learning iteration 251/300                           [0m 

                               Run name: breadth
                            Total steps: 77824 
                       Steps per second: 186 
                        Collection time: 1.694s 
                          Learning time: 1.056s 
                        Mean value loss: 555.8973
                    Mean surrogate loss: -0.0196
                      Mean entropy loss: 10.5205
           Mean standing_retention loss: 0.0005
                            Mean reward: -99.56
                    Mean episode length: 7.33
                        Mean action std: 0.38
  Episode_Reward/motion_global_root_pos: 0.0059
  Episode_Reward/motion_global_root_ori: 0.0053
         Episode_Reward/motion_body_pos: 0.0123
         Episode_Reward/motion_body_ori: 0.0085
     Episode_Reward/motion_body_lin_vel: 0.0102
     Episode_Reward/motion_body_ang_vel: 0.0086
          Episode_Reward/action_rate_l2: -0.0305
             Episode_Reward/joint_limit: -0.0031
         Episode_Reward/self_collisions: -0.0020
Episode_Reward/action_target_reference_l2: -0.0072
Episode_Reward/action_target_soft_limit_barrier: -0.0001
                   Episode_Reward/alive: 0.0541
 Episode_Reward/non_timeout_termination: -10.0000
Episode_Reward/worst_ee_z_normalized_squared: -0.0252
Episode_Reward/right_wrist_prethreshold_barrier: -0.0095
        Metrics/motion/error_anchor_pos: 0.0617
        Metrics/motion/error_anchor_rot: 0.1457
    Metrics/motion/error_anchor_lin_vel: 0.5050
    Metrics/motion/error_anchor_ang_vel: 0.8803
          Metrics/motion/error_body_pos: 0.2281
          Metrics/motion/error_body_rot: 0.3596
         Metrics/motion/error_joint_pos: 0.5336
         Metrics/motion/error_joint_vel: 5.5788
        Metrics/motion/sampling_entropy: 0.9419
      Metrics/motion/sampling_top1_prob: 0.0317
       Metrics/motion/sampling_top1_bin: 0.0840
      Metrics/motion/error_body_lin_vel: 0.5194
      Metrics/motion/error_body_ang_vel: 1.5761
           Episode_Termination/time_out: 0.0000
         Episode_Termination/anchor_pos: 0.0000
         Episode_Termination/anchor_ori: 0.0000
        Episode_Termination/ee_body_pos: 0.0000
Episode_Termination/corpus_clip_time_out: 0.0000
Episode_Termination/stage_one_actuation_guard: 4.5000
--------------------------------------------------------------------------------
                         Iteration time: 2.75s
                           Time elapsed: 00:07:36
                                    ETA: 00:02:24

################################################################################
[1m                           Learning iteration 252/300                           [0m 

                               Run name: breadth
                            Total steps: 78336 
                       Steps per second: 187 
                        Collection time: 1.811s 
                          Learning time: 0.919s 
                        Mean value loss: 573.1601
                    Mean surrogate loss: -0.0197
                      Mean entropy loss: 10.5205
           Mean standing_retention loss: 0.0005
                            Mean reward: -97.57
                    Mean episode length: 8.08
                        Mean action std: 0.38
  Episode_Reward/motion_global_root_pos: 0.0072
  Episode_Reward/motion_global_root_ori: 0.0064
         Episode_Reward/motion_body_pos: 0.0150
         Episode_Reward/motion_body_ori: 0.0092
     Episode_Reward/motion_body_lin_vel: 0.0128
     Episode_Reward/motion_body_ang_vel: 0.0107
          Episode_Reward/action_rate_l2: -0.0336
             Episode_Reward/joint_limit: -0.0006
         Episode_Reward/self_collisions: -0.0042
Episode_Reward/action_target_reference_l2: -0.0106
Episode_Reward/action_target_soft_limit_barrier: -0.0003
                   Episode_Reward/alive: 0.0682
 Episode_Reward/non_timeout_termination: -9.7708
Episode_Reward/worst_ee_z_normalized_squared: -0.0325
Episode_Reward/right_wrist_prethreshold_barrier: -0.0000
        Metrics/motion/error_anchor_pos: 0.0689
        Metrics/motion/error_anchor_rot: 0.1513
    Metrics/motion/error_anchor_lin_vel: 0.4606
    Metrics/motion/error_anchor_ang_vel: 1.0321
          Metrics/motion/error_body_pos: 0.7869
          Metrics/motion/error_body_rot: 0.4246
         Metrics/motion/error_joint_pos: 0.6155
         Metrics/motion/error_joint_vel: 4.9326
        Metrics/motion/sampling_entropy: 0.9422
      Metrics/motion/sampling_top1_prob: 0.0318
       Metrics/motion/sampling_top1_bin: 0.0840
      Metrics/motion/error_body_lin_vel: 0.4767
      Metrics/motion/error_body_ang_vel: 1.5444
           Episode_Termination/time_out: 0.0000
         Episode_Termination/anchor_pos: 0.0000
         Episode_Termination/anchor_ori: 0.0000
        Episode_Termination/ee_body_pos: 0.0000
Episode_Termination/corpus_clip_time_out: 0.1250
Episode_Termination/stage_one_actuation_guard: 3.7500
--------------------------------------------------------------------------------
                         Iteration time: 2.73s
                           Time elapsed: 00:07:39
                                    ETA: 00:02:21

################################################################################
[1m                           Learning iteration 253/300                           [0m 

                               Run name: breadth
                            Total steps: 78848 
                       Steps per second: 193 
                        Collection time: 1.733s 
                          Learning time: 0.916s 
                        Mean value loss: 509.6105
                    Mean surrogate loss: -0.0300
                      Mean entropy loss: 10.5205
           Mean standing_retention loss: 0.0006
                            Mean reward: -98.63
                    Mean episode length: 6.86
                        Mean action std: 0.38
  Episode_Reward/motion_global_root_pos: 0.0062
  Episode_Reward/motion_global_root_ori: 0.0054
         Episode_Reward/motion_body_pos: 0.0131
         Episode_Reward/motion_body_ori: 0.0088
     Episode_Reward/motion_body_lin_vel: 0.0096
     Episode_Reward/motion_body_ang_vel: 0.0084
          Episode_Reward/action_rate_l2: -0.0344
             Episode_Reward/joint_limit: -0.0021
         Episode_Reward/self_collisions: -0.0005
Episode_Reward/action_target_reference_l2: -0.0079
Episode_Reward/action_target_soft_limit_barrier: -0.0003
                   Episode_Reward/alive: 0.0607
 Episode_Reward/non_timeout_termination: -10.0000
Episode_Reward/worst_ee_z_normalized_squared: -0.0369
Episode_Reward/right_wrist_prethreshold_barrier: -0.0015
        Metrics/motion/error_anchor_pos: 0.0833
        Metrics/motion/error_anchor_rot: 0.1832
    Metrics/motion/error_anchor_lin_vel: 0.5405
    Metrics/motion/error_anchor_ang_vel: 0.9981
          Metrics/motion/error_body_pos: 0.4192
          Metrics/motion/error_body_rot: 0.4075
         Metrics/motion/error_joint_pos: 0.5887
         Metrics/motion/error_joint_vel: 6.6971
        Metrics/motion/sampling_entropy: 0.9425
      Metrics/motion/sampling_top1_prob: 0.0314
       Metrics/motion/sampling_top1_bin: 0.0840
      Metrics/motion/error_body_lin_vel: 0.5885
      Metrics/motion/error_body_ang_vel: 1.9129
           Episode_Termination/time_out: 0.0000
         Episode_Termination/anchor_pos: 0.0625
         Episode_Termination/anchor_ori: 0.0000
        Episode_Termination/ee_body_pos: 0.0625
Episode_Termination/corpus_clip_time_out: 0.0000
Episode_Termination/stage_one_actuation_guard: 4.6875
--------------------------------------------------------------------------------
                         Iteration time: 2.65s
                           Time elapsed: 00:07:41
                                    ETA: 00:02:17

################################################################################
[1m                           Learning iteration 254/300                           [0m 

                               Run name: breadth
                            Total steps: 79360 
                       Steps per second: 185 
                        Collection time: 1.885s 
                          Learning time: 0.873s 
                        Mean value loss: 526.3709
                    Mean surrogate loss: -0.0171
                      Mean entropy loss: 10.5205
           Mean standing_retention loss: 0.0006
                            Mean reward: -99.50
                    Mean episode length: 7.62
                        Mean action std: 0.38
  Episode_Reward/motion_global_root_pos: 0.0080
  Episode_Reward/motion_global_root_ori: 0.0073
         Episode_Reward/motion_body_pos: 0.0168
         Episode_Reward/motion_body_ori: 0.0115
     Episode_Reward/motion_body_lin_vel: 0.0137
     Episode_Reward/motion_body_ang_vel: 0.0116
          Episode_Reward/action_rate_l2: -0.0378
             Episode_Reward/joint_limit: -0.0011
         Episode_Reward/self_collisions: -0.0067
Episode_Reward/action_target_reference_l2: -0.0100
Episode_Reward/action_target_soft_limit_barrier: -0.0002
                   Episode_Reward/alive: 0.0773
 Episode_Reward/non_timeout_termination: -10.0000
Episode_Reward/worst_ee_z_normalized_squared: -0.0258
Episode_Reward/right_wrist_prethreshold_barrier: -0.0000
        Metrics/motion/error_anchor_pos: 0.0751
        Metrics/motion/error_anchor_rot: 0.1617
    Metrics/motion/error_anchor_lin_vel: 0.4496
    Metrics/motion/error_anchor_ang_vel: 1.0425
          Metrics/motion/error_body_pos: 0.3202
          Metrics/motion/error_body_rot: 0.3525
         Metrics/motion/error_joint_pos: 0.6321
         Metrics/motion/error_joint_vel: 5.6704
        Metrics/motion/sampling_entropy: 0.9428
      Metrics/motion/sampling_top1_prob: 0.0311
       Metrics/motion/sampling_top1_bin: 0.0840
      Metrics/motion/error_body_lin_vel: 0.5100
      Metrics/motion/error_body_ang_vel: 1.6556
           Episode_Termination/time_out: 0.0000
         Episode_Termination/anchor_pos: 0.0000
         Episode_Termination/anchor_ori: 0.0000
        Episode_Termination/ee_body_pos: 0.0000
Episode_Termination/corpus_clip_time_out: 0.0000
Episode_Termination/stage_one_actuation_guard: 3.7500
--------------------------------------------------------------------------------
                         Iteration time: 2.76s
                           Time elapsed: 00:07:44
                                    ETA: 00:02:14

################################################################################
[1m                           Learning iteration 255/300                           [0m 

                               Run name: breadth
                            Total steps: 79872 
                       Steps per second: 186 
                        Collection time: 1.809s 
                          Learning time: 0.935s 
                        Mean value loss: 655.3368
                    Mean surrogate loss: -0.0203
                      Mean entropy loss: 10.5205
           Mean standing_retention loss: 0.0006
                            Mean reward: -98.55
                    Mean episode length: 7.18
                        Mean action std: 0.38
  Episode_Reward/motion_global_root_pos: 0.0069
  Episode_Reward/motion_global_root_ori: 0.0063
         Episode_Reward/motion_body_pos: 0.0143
         Episode_Reward/motion_body_ori: 0.0099
     Episode_Reward/motion_body_lin_vel: 0.0108
     Episode_Reward/motion_body_ang_vel: 0.0092
          Episode_Reward/action_rate_l2: -0.0357
             Episode_Reward/joint_limit: -0.0004
         Episode_Reward/self_collisions: -0.0019
Episode_Reward/action_target_reference_l2: -0.0089
Episode_Reward/action_target_soft_limit_barrier: -0.0002
                   Episode_Reward/alive: 0.0644
 Episode_Reward/non_timeout_termination: -9.9048
Episode_Reward/worst_ee_z_normalized_squared: -0.0252
Episode_Reward/right_wrist_prethreshold_barrier: 0.0000
        Metrics/motion/error_anchor_pos: 0.0730
        Metrics/motion/error_anchor_rot: 0.1568
    Metrics/motion/error_anchor_lin_vel: 0.4990
    Metrics/motion/error_anchor_ang_vel: 1.0683
          Metrics/motion/error_body_pos: 0.3935
          Metrics/motion/error_body_rot: 0.3875
         Metrics/motion/error_joint_pos: 0.6720
         Metrics/motion/error_joint_vel: 6.6005
        Metrics/motion/sampling_entropy: 0.9428
      Metrics/motion/sampling_top1_prob: 0.0310
       Metrics/motion/sampling_top1_bin: 0.0840
      Metrics/motion/error_body_lin_vel: 0.5767
      Metrics/motion/error_body_ang_vel: 1.8896
           Episode_Termination/time_out: 0.0000
         Episode_Termination/anchor_pos: 0.0000
         Episode_Termination/anchor_ori: 0.0000
        Episode_Termination/ee_body_pos: 0.0000
Episode_Termination/corpus_clip_time_out: 0.0667
Episode_Termination/stage_one_actuation_guard: 4.7333
--------------------------------------------------------------------------------
                         Iteration time: 2.74s
                           Time elapsed: 00:07:47
                                    ETA: 00:02:11

################################################################################
[1m                           Learning iteration 256/300                           [0m 

                               Run name: breadth
                            Total steps: 80384 
                       Steps per second: 188 
                        Collection time: 1.826s 
                          Learning time: 0.886s 
                        Mean value loss: 515.6986
                    Mean surrogate loss: -0.0217
                      Mean entropy loss: 10.5205
           Mean standing_retention loss: 0.0006
                            Mean reward: -98.59
                    Mean episode length: 5.88
                        Mean action std: 0.38
  Episode_Reward/motion_global_root_pos: 0.0064
  Episode_Reward/motion_global_root_ori: 0.0057
         Episode_Reward/motion_body_pos: 0.0131
         Episode_Reward/motion_body_ori: 0.0102
     Episode_Reward/motion_body_lin_vel: 0.0109
     Episode_Reward/motion_body_ang_vel: 0.0093
          Episode_Reward/action_rate_l2: -0.0324
             Episode_Reward/joint_limit: -0.0013
         Episode_Reward/self_collisions: -0.0073
Episode_Reward/action_target_reference_l2: -0.0057
Episode_Reward/action_target_soft_limit_barrier: -0.0001
                   Episode_Reward/alive: 0.0572
 Episode_Reward/non_timeout_termination: -10.0000
Episode_Reward/worst_ee_z_normalized_squared: -0.0098
Episode_Reward/right_wrist_prethreshold_barrier: -0.0000
        Metrics/motion/error_anchor_pos: 0.0560
        Metrics/motion/error_anchor_rot: 0.1538
    Metrics/motion/error_anchor_lin_vel: 0.4317
    Metrics/motion/error_anchor_ang_vel: 0.9905
          Metrics/motion/error_body_pos: 0.4544
          Metrics/motion/error_body_rot: 0.4008
         Metrics/motion/error_joint_pos: 0.4965
         Metrics/motion/error_joint_vel: 5.5106
        Metrics/motion/sampling_entropy: 0.9423
      Metrics/motion/sampling_top1_prob: 0.0306
       Metrics/motion/sampling_top1_bin: 0.0840
      Metrics/motion/error_body_lin_vel: 0.4745
      Metrics/motion/error_body_ang_vel: 1.6221
           Episode_Termination/time_out: 0.0000
         Episode_Termination/anchor_pos: 0.0000
         Episode_Termination/anchor_ori: 0.0000
        Episode_Termination/ee_body_pos: 0.0000
Episode_Termination/corpus_clip_time_out: 0.0000
Episode_Termination/stage_one_actuation_guard: 4.7500
--------------------------------------------------------------------------------
                         Iteration time: 2.71s
                           Time elapsed: 00:07:50
                                    ETA: 00:02:08

################################################################################
[1m                           Learning iteration 257/300                           [0m 

                               Run name: breadth
                            Total steps: 80896 
                       Steps per second: 185 
                        Collection time: 1.717s 
                          Learning time: 1.038s 
                        Mean value loss: 524.3724
                    Mean surrogate loss: -0.0252
                      Mean entropy loss: 10.5205
           Mean standing_retention loss: 0.0006
                            Mean reward: -99.55
                    Mean episode length: 8.07
                        Mean action std: 0.38
  Episode_Reward/motion_global_root_pos: 0.0083
  Episode_Reward/motion_global_root_ori: 0.0070
         Episode_Reward/motion_body_pos: 0.0172
         Episode_Reward/motion_body_ori: 0.0110
     Episode_Reward/motion_body_lin_vel: 0.0141
     Episode_Reward/motion_body_ang_vel: 0.0120
          Episode_Reward/action_rate_l2: -0.0412
             Episode_Reward/joint_limit: -0.0011
         Episode_Reward/self_collisions: -0.0091
Episode_Reward/action_target_reference_l2: -0.0120
Episode_Reward/action_target_soft_limit_barrier: -0.0003
                   Episode_Reward/alive: 0.0798
 Episode_Reward/non_timeout_termination: -10.0000
Episode_Reward/worst_ee_z_normalized_squared: -0.0355
Episode_Reward/right_wrist_prethreshold_barrier: -0.0005
        Metrics/motion/error_anchor_pos: 0.0689
        Metrics/motion/error_anchor_rot: 0.1617
    Metrics/motion/error_anchor_lin_vel: 0.4785
    Metrics/motion/error_anchor_ang_vel: 1.1356
          Metrics/motion/error_body_pos: 0.5569
          Metrics/motion/error_body_rot: 0.4538
         Metrics/motion/error_joint_pos: 0.6560
         Metrics/motion/error_joint_vel: 6.2393
        Metrics/motion/sampling_entropy: 0.9423
      Metrics/motion/sampling_top1_prob: 0.0303
       Metrics/motion/sampling_top1_bin: 0.0840
      Metrics/motion/error_body_lin_vel: 0.5311
      Metrics/motion/error_body_ang_vel: 1.8132
           Episode_Termination/time_out: 0.0000
         Episode_Termination/anchor_pos: 0.0000
         Episode_Termination/anchor_ori: 0.0000
        Episode_Termination/ee_body_pos: 0.1333
Episode_Termination/corpus_clip_time_out: 0.0000
Episode_Termination/stage_one_actuation_guard: 4.4000
--------------------------------------------------------------------------------
                         Iteration time: 2.75s
                           Time elapsed: 00:07:52
                                    ETA: 00:02:05

################################################################################
[1m                           Learning iteration 258/300                           [0m 

                               Run name: breadth
                            Total steps: 81408 
                       Steps per second: 195 
                        Collection time: 1.730s 
                          Learning time: 0.890s 
                        Mean value loss: 644.9395
                    Mean surrogate loss: -0.0233
                      Mean entropy loss: 10.5205
           Mean standing_retention loss: 0.0006
                            Mean reward: -97.71
                    Mean episode length: 6.66
                        Mean action std: 0.38
  Episode_Reward/motion_global_root_pos: 0.0057
  Episode_Reward/motion_global_root_ori: 0.0050
         Episode_Reward/motion_body_pos: 0.0116
         Episode_Reward/motion_body_ori: 0.0083
     Episode_Reward/motion_body_lin_vel: 0.0091
     Episode_Reward/motion_body_ang_vel: 0.0077
          Episode_Reward/action_rate_l2: -0.0330
             Episode_Reward/joint_limit: -0.0005
         Episode_Reward/self_collisions: -0.0068
Episode_Reward/action_target_reference_l2: -0.0068
Episode_Reward/action_target_soft_limit_barrier: -0.0003
                   Episode_Reward/alive: 0.0510
 Episode_Reward/non_timeout_termination: -9.8065
Episode_Reward/worst_ee_z_normalized_squared: -0.0223
Episode_Reward/right_wrist_prethreshold_barrier: 0.0000
        Metrics/motion/error_anchor_pos: 0.0622
        Metrics/motion/error_anchor_rot: 0.1530
    Metrics/motion/error_anchor_lin_vel: 0.5023
    Metrics/motion/error_anchor_ang_vel: 0.9235
          Metrics/motion/error_body_pos: 0.5239
          Metrics/motion/error_body_rot: 0.4906
         Metrics/motion/error_joint_pos: 0.5563
         Metrics/motion/error_joint_vel: 5.9055
        Metrics/motion/sampling_entropy: 0.9424
      Metrics/motion/sampling_top1_prob: 0.0303
       Metrics/motion/sampling_top1_bin: 0.0840
      Metrics/motion/error_body_lin_vel: 0.5374
      Metrics/motion/error_body_ang_vel: 1.7024
           Episode_Termination/time_out: 0.0000
         Episode_Termination/anchor_pos: 0.0000
         Episode_Termination/anchor_ori: 0.0000
        Episode_Termination/ee_body_pos: 0.0625
Episode_Termination/corpus_clip_time_out: 0.1250
Episode_Termination/stage_one_actuation_guard: 5.3750
--------------------------------------------------------------------------------
                         Iteration time: 2.62s
                           Time elapsed: 00:07:55
                                    ETA: 00:02:02

################################################################################
[1m                           Learning iteration 259/300                           [0m 

                               Run name: breadth
                            Total steps: 81920 
                       Steps per second: 181 
                        Collection time: 1.939s 
                          Learning time: 0.880s 
                        Mean value loss: 529.5027
                    Mean surrogate loss: -0.0216
                      Mean entropy loss: 10.5205
           Mean standing_retention loss: 0.0005
                            Mean reward: -98.78
                    Mean episode length: 5.86
                        Mean action std: 0.38
  Episode_Reward/motion_global_root_pos: 0.0054
  Episode_Reward/motion_global_root_ori: 0.0046
         Episode_Reward/motion_body_pos: 0.0111
         Episode_Reward/motion_body_ori: 0.0079
     Episode_Reward/motion_body_lin_vel: 0.0087
     Episode_Reward/motion_body_ang_vel: 0.0072
          Episode_Reward/action_rate_l2: -0.0356
             Episode_Reward/joint_limit: -0.0008
         Episode_Reward/self_collisions: -0.0080
Episode_Reward/action_target_reference_l2: -0.0062
Episode_Reward/action_target_soft_limit_barrier: -0.0002
                   Episode_Reward/alive: 0.0483
 Episode_Reward/non_timeout_termination: -9.8958
Episode_Reward/worst_ee_z_normalized_squared: -0.0187
Episode_Reward/right_wrist_prethreshold_barrier: -0.0019
        Metrics/motion/error_anchor_pos: 0.0621
        Metrics/motion/error_anchor_rot: 0.1587
    Metrics/motion/error_anchor_lin_vel: 0.4752
    Metrics/motion/error_anchor_ang_vel: 1.0570
          Metrics/motion/error_body_pos: 0.5632
          Metrics/motion/error_body_rot: 0.4644
         Metrics/motion/error_joint_pos: 0.5066
         Metrics/motion/error_joint_vel: 6.2862
        Metrics/motion/sampling_entropy: 0.9422
      Metrics/motion/sampling_top1_prob: 0.0300
       Metrics/motion/sampling_top1_bin: 0.0840
      Metrics/motion/error_body_lin_vel: 0.5234
      Metrics/motion/error_body_ang_vel: 1.7428
           Episode_Termination/time_out: 0.0000
         Episode_Termination/anchor_pos: 0.0000
         Episode_Termination/anchor_ori: 0.0000
        Episode_Termination/ee_body_pos: 0.0000
Episode_Termination/corpus_clip_time_out: 0.0625
Episode_Termination/stage_one_actuation_guard: 5.0000
--------------------------------------------------------------------------------
                         Iteration time: 2.82s
                           Time elapsed: 00:07:58
                                    ETA: 00:01:59

################################################################################
[1m                           Learning iteration 260/300                           [0m 

                               Run name: breadth
                            Total steps: 82432 
                       Steps per second: 90 
                        Collection time: 4.741s 
                          Learning time: 0.887s 
                        Mean value loss: 397.9075
                    Mean surrogate loss: -0.0184
                      Mean entropy loss: 10.5205
           Mean standing_retention loss: 0.0005
                            Mean reward: -97.63
                    Mean episode length: 7.12
                        Mean action std: 0.38
  Episode_Reward/motion_global_root_pos: 0.0067
  Episode_Reward/motion_global_root_ori: 0.0061
         Episode_Reward/motion_body_pos: 0.0140
         Episode_Reward/motion_body_ori: 0.0100
     Episode_Reward/motion_body_lin_vel: 0.0109
     Episode_Reward/motion_body_ang_vel: 0.0093
          Episode_Reward/action_rate_l2: -0.0322
             Episode_Reward/joint_limit: -0.0009
         Episode_Reward/self_collisions: -0.0083
Episode_Reward/action_target_reference_l2: -0.0080
Episode_Reward/action_target_soft_limit_barrier: -0.0003
                   Episode_Reward/alive: 0.0627
 Episode_Reward/non_timeout_termination: -9.6667
Episode_Reward/worst_ee_z_normalized_squared: -0.0179
Episode_Reward/right_wrist_prethreshold_barrier: 0.0000
        Metrics/motion/error_anchor_pos: 0.0697
        Metrics/motion/error_anchor_rot: 0.1589
    Metrics/motion/error_anchor_lin_vel: 0.4536
    Metrics/motion/error_anchor_ang_vel: 1.1233
          Metrics/motion/error_body_pos: 0.2510
          Metrics/motion/error_body_rot: 0.3394
         Metrics/motion/error_joint_pos: 0.6542
         Metrics/motion/error_joint_vel: 6.0908
        Metrics/motion/sampling_entropy: 0.9423
      Metrics/motion/sampling_top1_prob: 0.0300
       Metrics/motion/sampling_top1_bin: 0.0840
      Metrics/motion/error_body_lin_vel: 0.4976
      Metrics/motion/error_body_ang_vel: 1.8172
           Episode_Termination/time_out: 0.0000
         Episode_Termination/anchor_pos: 0.0000
         Episode_Termination/anchor_ori: 0.0000
        Episode_Termination/ee_body_pos: 0.0000
Episode_Termination/corpus_clip_time_out: 0.0667
Episode_Termination/stage_one_actuation_guard: 2.7333
--------------------------------------------------------------------------------
                         Iteration time: 5.63s
                           Time elapsed: 00:08:03
                                    ETA: 00:01:57

################################################################################
[1m                           Learning iteration 261/300                           [0m 

                               Run name: breadth
                            Total steps: 82944 
                       Steps per second: 168 
                        Collection time: 2.006s 
                          Learning time: 1.028s 
                        Mean value loss: 478.4374
                    Mean surrogate loss: -0.0174
                      Mean entropy loss: 10.5205
           Mean standing_retention loss: 0.0005
                            Mean reward: -99.57
                    Mean episode length: 6.88
                        Mean action std: 0.38
  Episode_Reward/motion_global_root_pos: 0.0059
  Episode_Reward/motion_global_root_ori: 0.0053
         Episode_Reward/motion_body_pos: 0.0124
         Episode_Reward/motion_body_ori: 0.0087
     Episode_Reward/motion_body_lin_vel: 0.0097
     Episode_Reward/motion_body_ang_vel: 0.0083
          Episode_Reward/action_rate_l2: -0.0304
             Episode_Reward/joint_limit: -0.0008
         Episode_Reward/self_collisions: -0.0064
Episode_Reward/action_target_reference_l2: -0.0069
Episode_Reward/action_target_soft_limit_barrier: -0.0004
                   Episode_Reward/alive: 0.0546
 Episode_Reward/non_timeout_termination: -10.0000
Episode_Reward/worst_ee_z_normalized_squared: -0.0197
Episode_Reward/right_wrist_prethreshold_barrier: -0.0003
        Metrics/motion/error_anchor_pos: 0.0668
        Metrics/motion/error_anchor_rot: 0.1604
    Metrics/motion/error_anchor_lin_vel: 0.4896
    Metrics/motion/error_anchor_ang_vel: 1.0857
          Metrics/motion/error_body_pos: 0.4946
          Metrics/motion/error_body_rot: 0.3894
         Metrics/motion/error_joint_pos: 0.5789
         Metrics/motion/error_joint_vel: 6.2197
        Metrics/motion/sampling_entropy: 0.9421
      Metrics/motion/sampling_top1_prob: 0.0301
       Metrics/motion/sampling_top1_bin: 0.0840
      Metrics/motion/error_body_lin_vel: 0.5317
      Metrics/motion/error_body_ang_vel: 1.8322
           Episode_Termination/time_out: 0.0000
         Episode_Termination/anchor_pos: 0.0000
         Episode_Termination/anchor_ori: 0.0000
        Episode_Termination/ee_body_pos: 0.0000
Episode_Termination/corpus_clip_time_out: 0.0000
Episode_Termination/stage_one_actuation_guard: 4.5625
--------------------------------------------------------------------------------
                         Iteration time: 3.03s
                           Time elapsed: 00:08:06
                                    ETA: 00:01:54

################################################################################
[1m                           Learning iteration 262/300                           [0m 

                               Run name: breadth
                            Total steps: 83456 
                       Steps per second: 191 
                        Collection time: 1.736s 
                          Learning time: 0.937s 
                        Mean value loss: 464.6996
                    Mean surrogate loss: -0.0241
                      Mean entropy loss: 10.5205
           Mean standing_retention loss: 0.0005
                            Mean reward: -98.41
                    Mean episode length: 8.57
                        Mean action std: 0.38
  Episode_Reward/motion_global_root_pos: 0.0080
  Episode_Reward/motion_global_root_ori: 0.0074
         Episode_Reward/motion_body_pos: 0.0170
         Episode_Reward/motion_body_ori: 0.0112
     Episode_Reward/motion_body_lin_vel: 0.0142
     Episode_Reward/motion_body_ang_vel: 0.0124
          Episode_Reward/action_rate_l2: -0.0393
             Episode_Reward/joint_limit: -0.0005
         Episode_Reward/self_collisions: -0.0095
Episode_Reward/action_target_reference_l2: -0.0112
Episode_Reward/action_target_soft_limit_barrier: -0.0003
                   Episode_Reward/alive: 0.0787
 Episode_Reward/non_timeout_termination: -9.8750
Episode_Reward/worst_ee_z_normalized_squared: -0.0255
Episode_Reward/right_wrist_prethreshold_barrier: -0.0000
        Metrics/motion/error_anchor_pos: 0.0710
        Metrics/motion/error_anchor_rot: 0.1596
    Metrics/motion/error_anchor_lin_vel: 0.4722
    Metrics/motion/error_anchor_ang_vel: 1.0534
          Metrics/motion/error_body_pos: 0.3766
          Metrics/motion/error_body_rot: 0.4694
         Metrics/motion/error_joint_pos: 0.6046
         Metrics/motion/error_joint_vel: 5.2690
        Metrics/motion/sampling_entropy: 0.9420
      Metrics/motion/sampling_top1_prob: 0.0302
       Metrics/motion/sampling_top1_bin: 0.0840
      Metrics/motion/error_body_lin_vel: 0.5099
      Metrics/motion/error_body_ang_vel: 1.5698
           Episode_Termination/time_out: 0.0000
         Episode_Termination/anchor_pos: 0.0000
         Episode_Termination/anchor_ori: 0.0000
        Episode_Termination/ee_body_pos: 0.0000
Episode_Termination/corpus_clip_time_out: 0.0625
Episode_Termination/stage_one_actuation_guard: 3.7500
--------------------------------------------------------------------------------
                         Iteration time: 2.67s
                           Time elapsed: 00:08:09
                                    ETA: 00:01:51

################################################################################
[1m                           Learning iteration 263/300                           [0m 

                               Run name: breadth
                            Total steps: 83968 
                       Steps per second: 189 
                        Collection time: 1.689s 
                          Learning time: 1.009s 
                        Mean value loss: 519.8875
                    Mean surrogate loss: -0.0209
                      Mean entropy loss: 10.5205
           Mean standing_retention loss: 0.0005
                            Mean reward: -98.45
                    Mean episode length: 9.19
                        Mean action std: 0.38
  Episode_Reward/motion_global_root_pos: 0.0075
  Episode_Reward/motion_global_root_ori: 0.0068
         Episode_Reward/motion_body_pos: 0.0159
         Episode_Reward/motion_body_ori: 0.0098
     Episode_Reward/motion_body_lin_vel: 0.0129
     Episode_Reward/motion_body_ang_vel: 0.0109
          Episode_Reward/action_rate_l2: -0.0372
             Episode_Reward/joint_limit: -0.0003
         Episode_Reward/self_collisions: -0.0145
Episode_Reward/action_target_reference_l2: -0.0113
Episode_Reward/action_target_soft_limit_barrier: -0.0002
                   Episode_Reward/alive: 0.0727
 Episode_Reward/non_timeout_termination: -10.0000
Episode_Reward/worst_ee_z_normalized_squared: -0.0353
Episode_Reward/right_wrist_prethreshold_barrier: -0.0002
        Metrics/motion/error_anchor_pos: 0.0715
        Metrics/motion/error_anchor_rot: 0.1604
    Metrics/motion/error_anchor_lin_vel: 0.4735
    Metrics/motion/error_anchor_ang_vel: 1.0731
          Metrics/motion/error_body_pos: 0.2258
          Metrics/motion/error_body_rot: 0.3614
         Metrics/motion/error_joint_pos: 0.6130
         Metrics/motion/error_joint_vel: 6.0260
        Metrics/motion/sampling_entropy: 0.9420
      Metrics/motion/sampling_top1_prob: 0.0302
       Metrics/motion/sampling_top1_bin: 0.1266
      Metrics/motion/error_body_lin_vel: 0.5257
      Metrics/motion/error_body_ang_vel: 1.7079
           Episode_Termination/time_out: 0.0000
         Episode_Termination/anchor_pos: 0.0000
         Episode_Termination/anchor_ori: 0.0000
        Episode_Termination/ee_body_pos: 0.0000
Episode_Termination/corpus_clip_time_out: 0.0000
Episode_Termination/stage_one_actuation_guard: 3.8125
--------------------------------------------------------------------------------
                         Iteration time: 2.70s
                           Time elapsed: 00:08:12
                                    ETA: 00:01:48

################################################################################
[1m                           Learning iteration 264/300                           [0m 

                               Run name: breadth
                            Total steps: 84480 
                       Steps per second: 185 
                        Collection time: 1.754s 
                          Learning time: 1.002s 
                        Mean value loss: 536.5402
                    Mean surrogate loss: -0.0217
                      Mean entropy loss: 10.5205
           Mean standing_retention loss: 0.0005
                            Mean reward: -99.55
                    Mean episode length: 8.17
                        Mean action std: 0.38
  Episode_Reward/motion_global_root_pos: 0.0062
  Episode_Reward/motion_global_root_ori: 0.0055
         Episode_Reward/motion_body_pos: 0.0127
         Episode_Reward/motion_body_ori: 0.0097
     Episode_Reward/motion_body_lin_vel: 0.0101
     Episode_Reward/motion_body_ang_vel: 0.0088
          Episode_Reward/action_rate_l2: -0.0297
             Episode_Reward/joint_limit: -0.0003
         Episode_Reward/self_collisions: -0.0087
Episode_Reward/action_target_reference_l2: -0.0064
Episode_Reward/action_target_soft_limit_barrier: -0.0002
                   Episode_Reward/alive: 0.0561
 Episode_Reward/non_timeout_termination: -10.0000
Episode_Reward/worst_ee_z_normalized_squared: -0.0182
Episode_Reward/right_wrist_prethreshold_barrier: 0.0000
        Metrics/motion/error_anchor_pos: 0.0605
        Metrics/motion/error_anchor_rot: 0.1594
    Metrics/motion/error_anchor_lin_vel: 0.4542
    Metrics/motion/error_anchor_ang_vel: 1.1688
          Metrics/motion/error_body_pos: 0.2014
          Metrics/motion/error_body_rot: 0.3193
         Metrics/motion/error_joint_pos: 0.5686
         Metrics/motion/error_joint_vel: 5.7637
        Metrics/motion/sampling_entropy: 0.9419
      Metrics/motion/sampling_top1_prob: 0.0305
       Metrics/motion/sampling_top1_bin: 0.0840
      Metrics/motion/error_body_lin_vel: 0.4957
      Metrics/motion/error_body_ang_vel: 1.7068
           Episode_Termination/time_out: 0.0000
         Episode_Termination/anchor_pos: 0.0000
         Episode_Termination/anchor_ori: 0.0000
        Episode_Termination/ee_body_pos: 0.0625
Episode_Termination/corpus_clip_time_out: 0.0000
Episode_Termination/stage_one_actuation_guard: 3.5000
--------------------------------------------------------------------------------
                         Iteration time: 2.76s
                           Time elapsed: 00:08:15
                                    ETA: 00:01:45

################################################################################
[1m                           Learning iteration 265/300                           [0m 

                               Run name: breadth
                            Total steps: 84992 
                       Steps per second: 168 
                        Collection time: 2.003s 
                          Learning time: 1.038s 
                        Mean value loss: 375.6207
                    Mean surrogate loss: -0.0208
                      Mean entropy loss: 10.5205
           Mean standing_retention loss: 0.0005
                            Mean reward: -99.45
                    Mean episode length: 8.35
                        Mean action std: 0.38
  Episode_Reward/motion_global_root_pos: 0.0071
  Episode_Reward/motion_global_root_ori: 0.0065
         Episode_Reward/motion_body_pos: 0.0150
         Episode_Reward/motion_body_ori: 0.0100
     Episode_Reward/motion_body_lin_vel: 0.0121
     Episode_Reward/motion_body_ang_vel: 0.0103
          Episode_Reward/action_rate_l2: -0.0367
             Episode_Reward/joint_limit: -0.0003
         Episode_Reward/self_collisions: -0.0030
Episode_Reward/action_target_reference_l2: -0.0099
Episode_Reward/action_target_soft_limit_barrier: -0.0004
                   Episode_Reward/alive: 0.0685
 Episode_Reward/non_timeout_termination: -10.0000
Episode_Reward/worst_ee_z_normalized_squared: -0.0273
Episode_Reward/right_wrist_prethreshold_barrier: -0.0000
        Metrics/motion/error_anchor_pos: 0.0697
        Metrics/motion/error_anchor_rot: 0.1590
    Metrics/motion/error_anchor_lin_vel: 0.4998
    Metrics/motion/error_anchor_ang_vel: 1.0837
          Metrics/motion/error_body_pos: 0.3943
          Metrics/motion/error_body_rot: 0.3863
         Metrics/motion/error_joint_pos: 0.5952
         Metrics/motion/error_joint_vel: 6.8866
        Metrics/motion/sampling_entropy: 0.9422
      Metrics/motion/sampling_top1_prob: 0.0306
       Metrics/motion/sampling_top1_bin: 0.0840
      Metrics/motion/error_body_lin_vel: 0.5747
      Metrics/motion/error_body_ang_vel: 1.8986
           Episode_Termination/time_out: 0.0000
         Episode_Termination/anchor_pos: 0.0000
         Episode_Termination/anchor_ori: 0.0000
        Episode_Termination/ee_body_pos: 0.0000
Episode_Termination/corpus_clip_time_out: 0.0000
Episode_Termination/stage_one_actuation_guard: 3.5625
--------------------------------------------------------------------------------
                         Iteration time: 3.04s
                           Time elapsed: 00:08:18
                                    ETA: 00:01:42

################################################################################
[1m                           Learning iteration 266/300                           [0m 

                               Run name: breadth
                            Total steps: 85504 
                       Steps per second: 186 
                        Collection time: 1.771s 
                          Learning time: 0.976s 
                        Mean value loss: 428.6162
                    Mean surrogate loss: -0.0221
                      Mean entropy loss: 10.5205
           Mean standing_retention loss: 0.0005
                            Mean reward: -99.34
                    Mean episode length: 9.21
                        Mean action std: 0.38
  Episode_Reward/motion_global_root_pos: 0.0110
  Episode_Reward/motion_global_root_ori: 0.0089
         Episode_Reward/motion_body_pos: 0.0235
         Episode_Reward/motion_body_ori: 0.0148
     Episode_Reward/motion_body_lin_vel: 0.0198
     Episode_Reward/motion_body_ang_vel: 0.0172
          Episode_Reward/action_rate_l2: -0.0460
             Episode_Reward/joint_limit: -0.0002
         Episode_Reward/self_collisions: -0.0076
Episode_Reward/action_target_reference_l2: -0.0168
Episode_Reward/action_target_soft_limit_barrier: -0.0005
                   Episode_Reward/alive: 0.1139
 Episode_Reward/non_timeout_termination: -10.0000
Episode_Reward/worst_ee_z_normalized_squared: -0.0539
Episode_Reward/right_wrist_prethreshold_barrier: -0.0000
        Metrics/motion/error_anchor_pos: 0.0929
        Metrics/motion/error_anchor_rot: 0.1874
    Metrics/motion/error_anchor_lin_vel: 0.5374
    Metrics/motion/error_anchor_ang_vel: 1.1723
          Metrics/motion/error_body_pos: 0.4330
          Metrics/motion/error_body_rot: 0.3764
         Metrics/motion/error_joint_pos: 0.7231
         Metrics/motion/error_joint_vel: 6.2819
        Metrics/motion/sampling_entropy: 0.9425
      Metrics/motion/sampling_top1_prob: 0.0305
       Metrics/motion/sampling_top1_bin: 0.0840
      Metrics/motion/error_body_lin_vel: 0.5748
      Metrics/motion/error_body_ang_vel: 1.8470
           Episode_Termination/time_out: 0.0000
         Episode_Termination/anchor_pos: 0.0000
         Episode_Termination/anchor_ori: 0.0000
        Episode_Termination/ee_body_pos: 0.0625
Episode_Termination/corpus_clip_time_out: 0.0000
Episode_Termination/stage_one_actuation_guard: 3.0625
--------------------------------------------------------------------------------
                         Iteration time: 2.75s
                           Time elapsed: 00:08:20
                                    ETA: 00:01:38

################################################################################
[1m                           Learning iteration 267/300                           [0m 

                               Run name: breadth
                            Total steps: 86016 
                       Steps per second: 170 
                        Collection time: 2.095s 
                          Learning time: 0.900s 
                        Mean value loss: 495.3314
                    Mean surrogate loss: -0.0282
                      Mean entropy loss: 10.5205
           Mean standing_retention loss: 0.0005
                            Mean reward: -98.53
                    Mean episode length: 10.27
                        Mean action std: 0.38
  Episode_Reward/motion_global_root_pos: 0.0088
  Episode_Reward/motion_global_root_ori: 0.0078
         Episode_Reward/motion_body_pos: 0.0184
         Episode_Reward/motion_body_ori: 0.0108
     Episode_Reward/motion_body_lin_vel: 0.0155
     Episode_Reward/motion_body_ang_vel: 0.0135
          Episode_Reward/action_rate_l2: -0.0400
             Episode_Reward/joint_limit: -0.0003
         Episode_Reward/self_collisions: -0.0164
Episode_Reward/action_target_reference_l2: -0.0139
Episode_Reward/action_target_soft_limit_barrier: -0.0003
                   Episode_Reward/alive: 0.0869
 Episode_Reward/non_timeout_termination: -9.7917
Episode_Reward/worst_ee_z_normalized_squared: -0.0511
Episode_Reward/right_wrist_prethreshold_barrier: 0.0000
        Metrics/motion/error_anchor_pos: 0.0714
        Metrics/motion/error_anchor_rot: 0.1495
    Metrics/motion/error_anchor_lin_vel: 0.4887
    Metrics/motion/error_anchor_ang_vel: 1.0414
          Metrics/motion/error_body_pos: 0.2172
          Metrics/motion/error_body_rot: 0.3341
         Metrics/motion/error_joint_pos: 0.6019
         Metrics/motion/error_joint_vel: 5.7376
        Metrics/motion/sampling_entropy: 0.9427
      Metrics/motion/sampling_top1_prob: 0.0303
       Metrics/motion/sampling_top1_bin: 0.0840
      Metrics/motion/error_body_lin_vel: 0.5461
      Metrics/motion/error_body_ang_vel: 1.7027
           Episode_Termination/time_out: 0.0000
         Episode_Termination/anchor_pos: 0.0000
         Episode_Termination/anchor_ori: 0.0000
        Episode_Termination/ee_body_pos: 0.0625
Episode_Termination/corpus_clip_time_out: 0.0625
Episode_Termination/stage_one_actuation_guard: 4.0625
--------------------------------------------------------------------------------
                         Iteration time: 3.00s
                           Time elapsed: 00:08:23
                                    ETA: 00:01:35

################################################################################
[1m                           Learning iteration 268/300                           [0m 

                               Run name: breadth
                            Total steps: 86528 
                       Steps per second: 189 
                        Collection time: 1.813s 
                          Learning time: 0.882s 
                        Mean value loss: 511.1004
                    Mean surrogate loss: -0.0274
                      Mean entropy loss: 10.5205
           Mean standing_retention loss: 0.0005
                            Mean reward: -97.46
                    Mean episode length: 8.70
                        Mean action std: 0.38
  Episode_Reward/motion_global_root_pos: 0.0067
  Episode_Reward/motion_global_root_ori: 0.0056
         Episode_Reward/motion_body_pos: 0.0138
         Episode_Reward/motion_body_ori: 0.0098
     Episode_Reward/motion_body_lin_vel: 0.0111
     Episode_Reward/motion_body_ang_vel: 0.0093
          Episode_Reward/action_rate_l2: -0.0343
             Episode_Reward/joint_limit: -0.0003
         Episode_Reward/self_collisions: -0.0036
Episode_Reward/action_target_reference_l2: -0.0081
Episode_Reward/action_target_soft_limit_barrier: -0.0003
                   Episode_Reward/alive: 0.0622
 Episode_Reward/non_timeout_termination: -9.8438
Episode_Reward/worst_ee_z_normalized_squared: -0.0216
Episode_Reward/right_wrist_prethreshold_barrier: 0.0000
        Metrics/motion/error_anchor_pos: 0.0682
        Metrics/motion/error_anchor_rot: 0.1625
    Metrics/motion/error_anchor_lin_vel: 0.4559
    Metrics/motion/error_anchor_ang_vel: 0.9756
          Metrics/motion/error_body_pos: 0.4090
          Metrics/motion/error_body_rot: 0.4668
         Metrics/motion/error_joint_pos: 0.6002
         Metrics/motion/error_joint_vel: 5.6234
        Metrics/motion/sampling_entropy: 0.9428
      Metrics/motion/sampling_top1_prob: 0.0300
       Metrics/motion/sampling_top1_bin: 0.3535
      Metrics/motion/error_body_lin_vel: 0.4986
      Metrics/motion/error_body_ang_vel: 1.6362
           Episode_Termination/time_out: 0.0000
         Episode_Termination/anchor_pos: 0.0000
         Episode_Termination/anchor_ori: 0.0000
        Episode_Termination/ee_body_pos: 0.0625
Episode_Termination/corpus_clip_time_out: 0.0625
Episode_Termination/stage_one_actuation_guard: 4.1250
--------------------------------------------------------------------------------
                         Iteration time: 2.70s
                           Time elapsed: 00:08:26
                                    ETA: 00:01:32

################################################################################
[1m                           Learning iteration 269/300                           [0m 

                               Run name: breadth
                            Total steps: 87040 
                       Steps per second: 179 
                        Collection time: 1.889s 
                          Learning time: 0.971s 
                        Mean value loss: 535.8091
                    Mean surrogate loss: -0.0252
                      Mean entropy loss: 10.5205
           Mean standing_retention loss: 0.0005
                            Mean reward: -99.42
                    Mean episode length: 8.02
                        Mean action std: 0.38
  Episode_Reward/motion_global_root_pos: 0.0082
  Episode_Reward/motion_global_root_ori: 0.0073
         Episode_Reward/motion_body_pos: 0.0169
         Episode_Reward/motion_body_ori: 0.0117
     Episode_Reward/motion_body_lin_vel: 0.0132
     Episode_Reward/motion_body_ang_vel: 0.0113
          Episode_Reward/action_rate_l2: -0.0395
             Episode_Reward/joint_limit: -0.0004
         Episode_Reward/self_collisions: -0.0106
Episode_Reward/action_target_reference_l2: -0.0101
Episode_Reward/action_target_soft_limit_barrier: -0.0003
                   Episode_Reward/alive: 0.0783
 Episode_Reward/non_timeout_termination: -10.0000
Episode_Reward/worst_ee_z_normalized_squared: -0.0314
Episode_Reward/right_wrist_prethreshold_barrier: -0.0000
        Metrics/motion/error_anchor_pos: 0.0779
        Metrics/motion/error_anchor_rot: 0.1754
    Metrics/motion/error_anchor_lin_vel: 0.5255
    Metrics/motion/error_anchor_ang_vel: 1.1311
          Metrics/motion/error_body_pos: 0.3382
          Metrics/motion/error_body_rot: 0.3913
         Metrics/motion/error_joint_pos: 0.7219
         Metrics/motion/error_joint_vel: 6.5379
        Metrics/motion/sampling_entropy: 0.9429
      Metrics/motion/sampling_top1_prob: 0.0299
       Metrics/motion/sampling_top1_bin: 0.3298
      Metrics/motion/error_body_lin_vel: 0.5594
      Metrics/motion/error_body_ang_vel: 1.8101
           Episode_Termination/time_out: 0.0000
         Episode_Termination/anchor_pos: 0.0000
         Episode_Termination/anchor_ori: 0.0000
        Episode_Termination/ee_body_pos: 0.0625
Episode_Termination/corpus_clip_time_out: 0.0000
Episode_Termination/stage_one_actuation_guard: 4.0000
--------------------------------------------------------------------------------
                         Iteration time: 2.86s
                           Time elapsed: 00:08:29
                                    ETA: 00:01:29

################################################################################
[1m                           Learning iteration 270/300                           [0m 

                               Run name: breadth
                            Total steps: 87552 
                       Steps per second: 88 
                        Collection time: 4.835s 
                          Learning time: 0.968s 
                        Mean value loss: 488.9715
                    Mean surrogate loss: -0.0188
                      Mean entropy loss: 10.5205
           Mean standing_retention loss: 0.0005
                            Mean reward: -97.57
                    Mean episode length: 7.04
                        Mean action std: 0.38
  Episode_Reward/motion_global_root_pos: 0.0057
  Episode_Reward/motion_global_root_ori: 0.0051
         Episode_Reward/motion_body_pos: 0.0117
         Episode_Reward/motion_body_ori: 0.0084
     Episode_Reward/motion_body_lin_vel: 0.0091
     Episode_Reward/motion_body_ang_vel: 0.0079
          Episode_Reward/action_rate_l2: -0.0292
             Episode_Reward/joint_limit: -0.0003
         Episode_Reward/self_collisions: -0.0043
Episode_Reward/action_target_reference_l2: -0.0063
Episode_Reward/action_target_soft_limit_barrier: -0.0003
                   Episode_Reward/alive: 0.0509
 Episode_Reward/non_timeout_termination: -9.6354
Episode_Reward/worst_ee_z_normalized_squared: -0.0191
Episode_Reward/right_wrist_prethreshold_barrier: -0.0000
        Metrics/motion/error_anchor_pos: 0.0609
        Metrics/motion/error_anchor_rot: 0.1494
    Metrics/motion/error_anchor_lin_vel: 0.4976
    Metrics/motion/error_anchor_ang_vel: 0.9810
          Metrics/motion/error_body_pos: 0.4715
          Metrics/motion/error_body_rot: 0.3581
         Metrics/motion/error_joint_pos: 0.5522
         Metrics/motion/error_joint_vel: 5.8857
        Metrics/motion/sampling_entropy: 0.9432
      Metrics/motion/sampling_top1_prob: 0.0297
       Metrics/motion/sampling_top1_bin: 0.7395
      Metrics/motion/error_body_lin_vel: 0.5386
      Metrics/motion/error_body_ang_vel: 1.6833
           Episode_Termination/time_out: 0.0000
         Episode_Termination/anchor_pos: 0.0000
         Episode_Termination/anchor_ori: 0.0000
        Episode_Termination/ee_body_pos: 0.0000
Episode_Termination/corpus_clip_time_out: 0.1250
Episode_Termination/stage_one_actuation_guard: 4.1250
--------------------------------------------------------------------------------
                         Iteration time: 5.80s
                           Time elapsed: 00:08:35
                                    ETA: 00:01:27

################################################################################
[1m                           Learning iteration 271/300                           [0m 

                               Run name: breadth
                            Total steps: 88064 
                       Steps per second: 191 
                        Collection time: 1.737s 
                          Learning time: 0.931s 
                        Mean value loss: 460.1414
                    Mean surrogate loss: -0.0159
                      Mean entropy loss: 10.5205
           Mean standing_retention loss: 0.0005
                            Mean reward: -97.57
                    Mean episode length: 7.56
                        Mean action std: 0.38
  Episode_Reward/motion_global_root_pos: 0.0073
  Episode_Reward/motion_global_root_ori: 0.0065
         Episode_Reward/motion_body_pos: 0.0153
         Episode_Reward/motion_body_ori: 0.0100
     Episode_Reward/motion_body_lin_vel: 0.0129
     Episode_Reward/motion_body_ang_vel: 0.0113
          Episode_Reward/action_rate_l2: -0.0325
             Episode_Reward/joint_limit: -0.0011
         Episode_Reward/self_collisions: -0.0117
Episode_Reward/action_target_reference_l2: -0.0101
Episode_Reward/action_target_soft_limit_barrier: -0.0002
                   Episode_Reward/alive: 0.0698
 Episode_Reward/non_timeout_termination: -10.0000
Episode_Reward/worst_ee_z_normalized_squared: -0.0297
Episode_Reward/right_wrist_prethreshold_barrier: -0.0015
        Metrics/motion/error_anchor_pos: 0.0628
        Metrics/motion/error_anchor_rot: 0.1500
    Metrics/motion/error_anchor_lin_vel: 0.4483
    Metrics/motion/error_anchor_ang_vel: 1.0048
          Metrics/motion/error_body_pos: 0.3395
          Metrics/motion/error_body_rot: 0.3907
         Metrics/motion/error_joint_pos: 0.5687
         Metrics/motion/error_joint_vel: 4.9809
        Metrics/motion/sampling_entropy: 0.9433
      Metrics/motion/sampling_top1_prob: 0.0294
       Metrics/motion/sampling_top1_bin: 0.7395
      Metrics/motion/error_body_lin_vel: 0.4933
      Metrics/motion/error_body_ang_vel: 1.5384
           Episode_Termination/time_out: 0.0000
         Episode_Termination/anchor_pos: 0.0000
         Episode_Termination/anchor_ori: 0.0000
        Episode_Termination/ee_body_pos: 0.0000
Episode_Termination/corpus_clip_time_out: 0.0000
Episode_Termination/stage_one_actuation_guard: 3.8125
--------------------------------------------------------------------------------
                         Iteration time: 2.67s
                           Time elapsed: 00:08:37
                                    ETA: 00:01:24

################################################################################
[1m                           Learning iteration 272/300                           [0m 

                               Run name: breadth
                            Total steps: 88576 
                       Steps per second: 179 
                        Collection time: 1.852s 
                          Learning time: 0.995s 
                        Mean value loss: 330.7062
                    Mean surrogate loss: -0.0256
                      Mean entropy loss: 10.5205
           Mean standing_retention loss: 0.0004
                            Mean reward: -98.49
                    Mean episode length: 7.98
                        Mean action std: 0.38
  Episode_Reward/motion_global_root_pos: 0.0072
  Episode_Reward/motion_global_root_ori: 0.0065
         Episode_Reward/motion_body_pos: 0.0148
         Episode_Reward/motion_body_ori: 0.0102
     Episode_Reward/motion_body_lin_vel: 0.0119
     Episode_Reward/motion_body_ang_vel: 0.0100
          Episode_Reward/action_rate_l2: -0.0379
             Episode_Reward/joint_limit: -0.0001
         Episode_Reward/self_collisions: -0.0104
Episode_Reward/action_target_reference_l2: -0.0082
Episode_Reward/action_target_soft_limit_barrier: -0.0002
                   Episode_Reward/alive: 0.0666
 Episode_Reward/non_timeout_termination: -9.8810
Episode_Reward/worst_ee_z_normalized_squared: -0.0201
Episode_Reward/right_wrist_prethreshold_barrier: 0.0000
        Metrics/motion/error_anchor_pos: 0.0636
        Metrics/motion/error_anchor_rot: 0.1580
    Metrics/motion/error_anchor_lin_vel: 0.4548
    Metrics/motion/error_anchor_ang_vel: 1.0617
          Metrics/motion/error_body_pos: 0.5445
          Metrics/motion/error_body_rot: 0.4051
         Metrics/motion/error_joint_pos: 0.6115
         Metrics/motion/error_joint_vel: 5.7519
        Metrics/motion/sampling_entropy: 0.9437
      Metrics/motion/sampling_top1_prob: 0.0291
       Metrics/motion/sampling_top1_bin: 0.6927
      Metrics/motion/error_body_lin_vel: 0.5188
      Metrics/motion/error_body_ang_vel: 1.6547
           Episode_Termination/time_out: 0.0000
         Episode_Termination/anchor_pos: 0.0000
         Episode_Termination/anchor_ori: 0.0000
        Episode_Termination/ee_body_pos: 0.0000
Episode_Termination/corpus_clip_time_out: 0.0714
Episode_Termination/stage_one_actuation_guard: 4.1429
--------------------------------------------------------------------------------
                         Iteration time: 2.85s
                           Time elapsed: 00:08:40
                                    ETA: 00:01:21

################################################################################
[1m                           Learning iteration 273/300                           [0m 

                               Run name: breadth
                            Total steps: 89088 
                       Steps per second: 190 
                        Collection time: 1.723s 
                          Learning time: 0.967s 
                        Mean value loss: 510.2258
                    Mean surrogate loss: -0.0204
                      Mean entropy loss: 10.5205
           Mean standing_retention loss: 0.0004
                            Mean reward: -98.46
                    Mean episode length: 8.03
                        Mean action std: 0.38
  Episode_Reward/motion_global_root_pos: 0.0072
  Episode_Reward/motion_global_root_ori: 0.0065
         Episode_Reward/motion_body_pos: 0.0148
         Episode_Reward/motion_body_ori: 0.0107
     Episode_Reward/motion_body_lin_vel: 0.0118
     Episode_Reward/motion_body_ang_vel: 0.0101
          Episode_Reward/action_rate_l2: -0.0352
             Episode_Reward/joint_limit: -0.0001
         Episode_Reward/self_collisions: -0.0083
Episode_Reward/action_target_reference_l2: -0.0081
Episode_Reward/action_target_soft_limit_barrier: -0.0003
                   Episode_Reward/alive: 0.0671
 Episode_Reward/non_timeout_termination: -9.8750
Episode_Reward/worst_ee_z_normalized_squared: -0.0225
Episode_Reward/right_wrist_prethreshold_barrier: -0.0008
        Metrics/motion/error_anchor_pos: 0.0656
        Metrics/motion/error_anchor_rot: 0.1431
    Metrics/motion/error_anchor_lin_vel: 0.4853
    Metrics/motion/error_anchor_ang_vel: 0.9648
          Metrics/motion/error_body_pos: 0.3225
          Metrics/motion/error_body_rot: 0.3156
         Metrics/motion/error_joint_pos: 0.5711
         Metrics/motion/error_joint_vel: 5.7631
        Metrics/motion/sampling_entropy: 0.9439
      Metrics/motion/sampling_top1_prob: 0.0291
       Metrics/motion/sampling_top1_bin: 0.3298
      Metrics/motion/error_body_lin_vel: 0.5151
      Metrics/motion/error_body_ang_vel: 1.7372
           Episode_Termination/time_out: 0.0000
         Episode_Termination/anchor_pos: 0.0000
         Episode_Termination/anchor_ori: 0.0000
        Episode_Termination/ee_body_pos: 0.0000
Episode_Termination/corpus_clip_time_out: 0.0625
Episode_Termination/stage_one_actuation_guard: 5.0000
--------------------------------------------------------------------------------
                         Iteration time: 2.69s
                           Time elapsed: 00:08:43
                                    ETA: 00:01:18

################################################################################
[1m                           Learning iteration 274/300                           [0m 

                               Run name: breadth
                            Total steps: 89600 
                       Steps per second: 188 
                        Collection time: 1.750s 
                          Learning time: 0.970s 
                        Mean value loss: 468.3464
                    Mean surrogate loss: -0.0232
                      Mean entropy loss: 10.5205
           Mean standing_retention loss: 0.0004
                            Mean reward: -98.51
                    Mean episode length: 7.55
                        Mean action std: 0.38
  Episode_Reward/motion_global_root_pos: 0.0066
  Episode_Reward/motion_global_root_ori: 0.0063
         Episode_Reward/motion_body_pos: 0.0140
         Episode_Reward/motion_body_ori: 0.0099
     Episode_Reward/motion_body_lin_vel: 0.0112
     Episode_Reward/motion_body_ang_vel: 0.0098
          Episode_Reward/action_rate_l2: -0.0331
             Episode_Reward/joint_limit: -0.0011
         Episode_Reward/self_collisions: -0.0060
Episode_Reward/action_target_reference_l2: -0.0081
Episode_Reward/action_target_soft_limit_barrier: -0.0002
                   Episode_Reward/alive: 0.0630
 Episode_Reward/non_timeout_termination: -9.9219
Episode_Reward/worst_ee_z_normalized_squared: -0.0228
Episode_Reward/right_wrist_prethreshold_barrier: -0.0000
        Metrics/motion/error_anchor_pos: 0.0681
        Metrics/motion/error_anchor_rot: 0.1362
    Metrics/motion/error_anchor_lin_vel: 0.4997
    Metrics/motion/error_anchor_ang_vel: 1.1207
          Metrics/motion/error_body_pos: 0.3183
          Metrics/motion/error_body_rot: 0.4049
         Metrics/motion/error_joint_pos: 0.5411
         Metrics/motion/error_joint_vel: 5.9119
        Metrics/motion/sampling_entropy: 0.9439
      Metrics/motion/sampling_top1_prob: 0.0298
       Metrics/motion/sampling_top1_bin: 0.1250
      Metrics/motion/error_body_lin_vel: 0.5361
      Metrics/motion/error_body_ang_vel: 1.7362
           Episode_Termination/time_out: 0.0000
         Episode_Termination/anchor_pos: 0.0000
         Episode_Termination/anchor_ori: 0.0000
        Episode_Termination/ee_body_pos: 0.0000
Episode_Termination/corpus_clip_time_out: 0.0625
Episode_Termination/stage_one_actuation_guard: 4.2500
--------------------------------------------------------------------------------
                         Iteration time: 2.72s
                           Time elapsed: 00:08:46
                                    ETA: 00:01:15

################################################################################
[1m                           Learning iteration 275/300                           [0m 

                               Run name: breadth
                            Total steps: 90112 
                       Steps per second: 196 
                        Collection time: 1.719s 
                          Learning time: 0.885s 
                        Mean value loss: 379.4130
                    Mean surrogate loss: -0.0258
                      Mean entropy loss: 10.5205
           Mean standing_retention loss: 0.0005
                            Mean reward: -98.59
                    Mean episode length: 6.51
                        Mean action std: 0.38
  Episode_Reward/motion_global_root_pos: 0.0072
  Episode_Reward/motion_global_root_ori: 0.0063
         Episode_Reward/motion_body_pos: 0.0148
         Episode_Reward/motion_body_ori: 0.0097
     Episode_Reward/motion_body_lin_vel: 0.0113
     Episode_Reward/motion_body_ang_vel: 0.0096
          Episode_Reward/action_rate_l2: -0.0376
             Episode_Reward/joint_limit: -0.0007
         Episode_Reward/self_collisions: -0.0087
Episode_Reward/action_target_reference_l2: -0.0100
Episode_Reward/action_target_soft_limit_barrier: -0.0003
                   Episode_Reward/alive: 0.0668
 Episode_Reward/non_timeout_termination: -10.0000
Episode_Reward/worst_ee_z_normalized_squared: -0.0289
Episode_Reward/right_wrist_prethreshold_barrier: -0.0005
        Metrics/motion/error_anchor_pos: 0.0713
        Metrics/motion/error_anchor_rot: 0.1670
    Metrics/motion/error_anchor_lin_vel: 0.5213
    Metrics/motion/error_anchor_ang_vel: 1.1940
          Metrics/motion/error_body_pos: 0.3101
          Metrics/motion/error_body_rot: 0.3779
         Metrics/motion/error_joint_pos: 0.7013
         Metrics/motion/error_joint_vel: 6.7188
        Metrics/motion/sampling_entropy: 0.9438
      Metrics/motion/sampling_top1_prob: 0.0297
       Metrics/motion/sampling_top1_bin: 0.0840
      Metrics/motion/error_body_lin_vel: 0.5765
      Metrics/motion/error_body_ang_vel: 1.9321
           Episode_Termination/time_out: 0.0000
         Episode_Termination/anchor_pos: 0.0000
         Episode_Termination/anchor_ori: 0.0000
        Episode_Termination/ee_body_pos: 0.0000
Episode_Termination/corpus_clip_time_out: 0.0000
Episode_Termination/stage_one_actuation_guard: 4.1250
--------------------------------------------------------------------------------
                         Iteration time: 2.60s
                           Time elapsed: 00:08:48
                                    ETA: 00:01:12

################################################################################
[1m                           Learning iteration 276/300                           [0m 

                               Run name: breadth
                            Total steps: 90624 
                       Steps per second: 193 
                        Collection time: 1.742s 
                          Learning time: 0.907s 
                        Mean value loss: 324.8450
                    Mean surrogate loss: -0.0227
                      Mean entropy loss: 10.5205
           Mean standing_retention loss: 0.0005
                            Mean reward: -97.64
                    Mean episode length: 7.51
                        Mean action std: 0.38
  Episode_Reward/motion_global_root_pos: 0.0083
  Episode_Reward/motion_global_root_ori: 0.0070
         Episode_Reward/motion_body_pos: 0.0178
         Episode_Reward/motion_body_ori: 0.0115
     Episode_Reward/motion_body_lin_vel: 0.0141
     Episode_Reward/motion_body_ang_vel: 0.0120
          Episode_Reward/action_rate_l2: -0.0469
             Episode_Reward/joint_limit: -0.0027
         Episode_Reward/self_collisions: -0.0052
Episode_Reward/action_target_reference_l2: -0.0128
Episode_Reward/action_target_soft_limit_barrier: -0.0003
                   Episode_Reward/alive: 0.0841
 Episode_Reward/non_timeout_termination: -9.7708
Episode_Reward/worst_ee_z_normalized_squared: -0.0463
Episode_Reward/right_wrist_prethreshold_barrier: -0.0001
        Metrics/motion/error_anchor_pos: 0.0789
        Metrics/motion/error_anchor_rot: 0.1829
    Metrics/motion/error_anchor_lin_vel: 0.4579
    Metrics/motion/error_anchor_ang_vel: 1.2980
          Metrics/motion/error_body_pos: 0.4469
          Metrics/motion/error_body_rot: 0.4770
         Metrics/motion/error_joint_pos: 0.6765
         Metrics/motion/error_joint_vel: 6.1421
        Metrics/motion/sampling_entropy: 0.9436
      Metrics/motion/sampling_top1_prob: 0.0302
       Metrics/motion/sampling_top1_bin: 0.0840
      Metrics/motion/error_body_lin_vel: 0.5506
      Metrics/motion/error_body_ang_vel: 1.7792
           Episode_Termination/time_out: 0.0000
         Episode_Termination/anchor_pos: 0.0000
         Episode_Termination/anchor_ori: 0.0000
        Episode_Termination/ee_body_pos: 0.0625
Episode_Termination/corpus_clip_time_out: 0.1250
Episode_Termination/stage_one_actuation_guard: 3.8750
--------------------------------------------------------------------------------
                         Iteration time: 2.65s
                           Time elapsed: 00:08:51
                                    ETA: 00:01:09

################################################################################
[1m                           Learning iteration 277/300                           [0m 

                               Run name: breadth
                            Total steps: 91136 
                       Steps per second: 194 
                        Collection time: 1.722s 
                          Learning time: 0.912s 
                        Mean value loss: 335.2884
                    Mean surrogate loss: -0.0202
                      Mean entropy loss: 10.5205
           Mean standing_retention loss: 0.0005
                            Mean reward: -98.51
                    Mean episode length: 8.74
                        Mean action std: 0.38
  Episode_Reward/motion_global_root_pos: 0.0077
  Episode_Reward/motion_global_root_ori: 0.0070
         Episode_Reward/motion_body_pos: 0.0162
         Episode_Reward/motion_body_ori: 0.0108
     Episode_Reward/motion_body_lin_vel: 0.0128
     Episode_Reward/motion_body_ang_vel: 0.0109
          Episode_Reward/action_rate_l2: -0.0403
             Episode_Reward/joint_limit: -0.0005
         Episode_Reward/self_collisions: -0.0026
Episode_Reward/action_target_reference_l2: -0.0098
Episode_Reward/action_target_soft_limit_barrier: -0.0003
                   Episode_Reward/alive: 0.0747
 Episode_Reward/non_timeout_termination: -10.0000
Episode_Reward/worst_ee_z_normalized_squared: -0.0324
Episode_Reward/right_wrist_prethreshold_barrier: 0.0000
        Metrics/motion/error_anchor_pos: 0.0792
        Metrics/motion/error_anchor_rot: 0.1732
    Metrics/motion/error_anchor_lin_vel: 0.4726
    Metrics/motion/error_anchor_ang_vel: 1.0057
          Metrics/motion/error_body_pos: 0.4985
          Metrics/motion/error_body_rot: 0.4571
         Metrics/motion/error_joint_pos: 0.6728
         Metrics/motion/error_joint_vel: 5.3024
        Metrics/motion/sampling_entropy: 0.9436
      Metrics/motion/sampling_top1_prob: 0.0306
       Metrics/motion/sampling_top1_bin: 0.0840
      Metrics/motion/error_body_lin_vel: 0.5151
      Metrics/motion/error_body_ang_vel: 1.6196
           Episode_Termination/time_out: 0.0000
         Episode_Termination/anchor_pos: 0.0000
         Episode_Termination/anchor_ori: 0.0000
        Episode_Termination/ee_body_pos: 0.0625
Episode_Termination/corpus_clip_time_out: 0.0000
Episode_Termination/stage_one_actuation_guard: 3.5000
--------------------------------------------------------------------------------
                         Iteration time: 2.63s
                           Time elapsed: 00:08:53
                                    ETA: 00:01:05

################################################################################
[1m                           Learning iteration 278/300                           [0m 

                               Run name: breadth
                            Total steps: 91648 
                       Steps per second: 186 
                        Collection time: 1.800s 
                          Learning time: 0.940s 
                        Mean value loss: 408.0567
                    Mean surrogate loss: -0.0202
                      Mean entropy loss: 10.5205
           Mean standing_retention loss: 0.0005
                            Mean reward: -99.57
                    Mean episode length: 7.57
                        Mean action std: 0.38
  Episode_Reward/motion_global_root_pos: 0.0069
  Episode_Reward/motion_global_root_ori: 0.0062
         Episode_Reward/motion_body_pos: 0.0145
         Episode_Reward/motion_body_ori: 0.0099
     Episode_Reward/motion_body_lin_vel: 0.0117
     Episode_Reward/motion_body_ang_vel: 0.0099
          Episode_Reward/action_rate_l2: -0.0355
             Episode_Reward/joint_limit: -0.0022
         Episode_Reward/self_collisions: -0.0073
Episode_Reward/action_target_reference_l2: -0.0093
Episode_Reward/action_target_soft_limit_barrier: -0.0005
                   Episode_Reward/alive: 0.0660
 Episode_Reward/non_timeout_termination: -10.0000
Episode_Reward/worst_ee_z_normalized_squared: -0.0309
Episode_Reward/right_wrist_prethreshold_barrier: -0.0031
        Metrics/motion/error_anchor_pos: 0.0761
        Metrics/motion/error_anchor_rot: 0.1826
    Metrics/motion/error_anchor_lin_vel: 0.5007
    Metrics/motion/error_anchor_ang_vel: 1.1090
          Metrics/motion/error_body_pos: 0.3293
          Metrics/motion/error_body_rot: 0.4865
         Metrics/motion/error_joint_pos: 0.6448
         Metrics/motion/error_joint_vel: 5.1698
        Metrics/motion/sampling_entropy: 0.9438
      Metrics/motion/sampling_top1_prob: 0.0304
       Metrics/motion/sampling_top1_bin: 0.0840
      Metrics/motion/error_body_lin_vel: 0.5432
      Metrics/motion/error_body_ang_vel: 1.5463
           Episode_Termination/time_out: 0.0000
         Episode_Termination/anchor_pos: 0.0000
         Episode_Termination/anchor_ori: 0.0000
        Episode_Termination/ee_body_pos: 0.0000
Episode_Termination/corpus_clip_time_out: 0.0000
Episode_Termination/stage_one_actuation_guard: 3.9333
--------------------------------------------------------------------------------
                         Iteration time: 2.74s
                           Time elapsed: 00:08:56
                                    ETA: 00:01:02

################################################################################
[1m                           Learning iteration 279/300                           [0m 

                               Run name: breadth
                            Total steps: 92160 
                       Steps per second: 184 
                        Collection time: 1.745s 
                          Learning time: 1.034s 
                        Mean value loss: 453.9200
                    Mean surrogate loss: -0.0189
                      Mean entropy loss: 10.5205
           Mean standing_retention loss: 0.0004
                            Mean reward: -98.44
                    Mean episode length: 9.10
                        Mean action std: 0.38
  Episode_Reward/motion_global_root_pos: 0.0095
  Episode_Reward/motion_global_root_ori: 0.0086
         Episode_Reward/motion_body_pos: 0.0203
         Episode_Reward/motion_body_ori: 0.0127
     Episode_Reward/motion_body_lin_vel: 0.0166
     Episode_Reward/motion_body_ang_vel: 0.0139
          Episode_Reward/action_rate_l2: -0.0451
             Episode_Reward/joint_limit: -0.0010
         Episode_Reward/self_collisions: -0.0098
Episode_Reward/action_target_reference_l2: -0.0146
Episode_Reward/action_target_soft_limit_barrier: -0.0004
                   Episode_Reward/alive: 0.0970
 Episode_Reward/non_timeout_termination: -9.9259
Episode_Reward/worst_ee_z_normalized_squared: -0.0471
Episode_Reward/right_wrist_prethreshold_barrier: -0.0006
        Metrics/motion/error_anchor_pos: 0.0878
        Metrics/motion/error_anchor_rot: 0.1794
    Metrics/motion/error_anchor_lin_vel: 0.4409
    Metrics/motion/error_anchor_ang_vel: 1.1964
          Metrics/motion/error_body_pos: 0.3973
          Metrics/motion/error_body_rot: 0.4208
         Metrics/motion/error_joint_pos: 0.7405
         Metrics/motion/error_joint_vel: 6.1079
        Metrics/motion/sampling_entropy: 0.9441
      Metrics/motion/sampling_top1_prob: 0.0302
       Metrics/motion/sampling_top1_bin: 0.0840
      Metrics/motion/error_body_lin_vel: 0.5038
      Metrics/motion/error_body_ang_vel: 1.7253
           Episode_Termination/time_out: 0.0000
         Episode_Termination/anchor_pos: 0.0000
         Episode_Termination/anchor_ori: 0.0000
        Episode_Termination/ee_body_pos: 0.0667
Episode_Termination/corpus_clip_time_out: 0.0667
Episode_Termination/stage_one_actuation_guard: 3.7333
--------------------------------------------------------------------------------
                         Iteration time: 2.78s
                           Time elapsed: 00:08:59
                                    ETA: 00:00:59

################################################################################
[1m                           Learning iteration 280/300                           [0m 

                               Run name: breadth
                            Total steps: 92672 
                       Steps per second: 186 
                        Collection time: 1.771s 
                          Learning time: 0.969s 
                        Mean value loss: 329.3457
                    Mean surrogate loss: -0.0250
                      Mean entropy loss: 10.5205
           Mean standing_retention loss: 0.0004
                            Mean reward: -97.58
                    Mean episode length: 8.56
                        Mean action std: 0.38
  Episode_Reward/motion_global_root_pos: 0.0072
  Episode_Reward/motion_global_root_ori: 0.0060
         Episode_Reward/motion_body_pos: 0.0145
         Episode_Reward/motion_body_ori: 0.0097
     Episode_Reward/motion_body_lin_vel: 0.0116
     Episode_Reward/motion_body_ang_vel: 0.0097
          Episode_Reward/action_rate_l2: -0.0361
             Episode_Reward/joint_limit: -0.0002
         Episode_Reward/self_collisions: -0.0067
Episode_Reward/action_target_reference_l2: -0.0099
Episode_Reward/action_target_soft_limit_barrier: -0.0002
                   Episode_Reward/alive: 0.0660
 Episode_Reward/non_timeout_termination: -9.8958
Episode_Reward/worst_ee_z_normalized_squared: -0.0352
Episode_Reward/right_wrist_prethreshold_barrier: -0.0007
        Metrics/motion/error_anchor_pos: 0.0604
        Metrics/motion/error_anchor_rot: 0.1666
    Metrics/motion/error_anchor_lin_vel: 0.4620
    Metrics/motion/error_anchor_ang_vel: 1.2266
          Metrics/motion/error_body_pos: 0.2837
          Metrics/motion/error_body_rot: 0.3854
         Metrics/motion/error_joint_pos: 0.6407
         Metrics/motion/error_joint_vel: 6.1473
        Metrics/motion/sampling_entropy: 0.9440
      Metrics/motion/sampling_top1_prob: 0.0306
       Metrics/motion/sampling_top1_bin: 0.0840
      Metrics/motion/error_body_lin_vel: 0.5221
      Metrics/motion/error_body_ang_vel: 1.8284
           Episode_Termination/time_out: 0.0000
         Episode_Termination/anchor_pos: 0.0000
         Episode_Termination/anchor_ori: 0.0000
        Episode_Termination/ee_body_pos: 0.0000
Episode_Termination/corpus_clip_time_out: 0.0625
Episode_Termination/stage_one_actuation_guard: 3.5625
--------------------------------------------------------------------------------
                         Iteration time: 2.74s
                           Time elapsed: 00:09:02
                                    ETA: 00:00:56

################################################################################
[1m                           Learning iteration 281/300                           [0m 

                               Run name: breadth
                            Total steps: 93184 
                       Steps per second: 87 
                        Collection time: 4.945s 
                          Learning time: 0.877s 
                        Mean value loss: 381.9036
                    Mean surrogate loss: -0.0200
                      Mean entropy loss: 10.5205
           Mean standing_retention loss: 0.0005
                            Mean reward: -98.57
                    Mean episode length: 8.45
                        Mean action std: 0.38
  Episode_Reward/motion_global_root_pos: 0.0071
  Episode_Reward/motion_global_root_ori: 0.0062
         Episode_Reward/motion_body_pos: 0.0146
         Episode_Reward/motion_body_ori: 0.0105
     Episode_Reward/motion_body_lin_vel: 0.0113
     Episode_Reward/motion_body_ang_vel: 0.0092
          Episode_Reward/action_rate_l2: -0.0354
             Episode_Reward/joint_limit: -0.0013
         Episode_Reward/self_collisions: -0.0106
Episode_Reward/action_target_reference_l2: -0.0085
Episode_Reward/action_target_soft_limit_barrier: -0.0003
                   Episode_Reward/alive: 0.0664
 Episode_Reward/non_timeout_termination: -10.0000
Episode_Reward/worst_ee_z_normalized_squared: -0.0261
Episode_Reward/right_wrist_prethreshold_barrier: -0.0039
        Metrics/motion/error_anchor_pos: 0.0700
        Metrics/motion/error_anchor_rot: 0.1778
    Metrics/motion/error_anchor_lin_vel: 0.4619
    Metrics/motion/error_anchor_ang_vel: 1.1311
          Metrics/motion/error_body_pos: 0.1405
          Metrics/motion/error_body_rot: 0.2982
         Metrics/motion/error_joint_pos: 0.6509
         Metrics/motion/error_joint_vel: 6.9574
        Metrics/motion/sampling_entropy: 0.9439
      Metrics/motion/sampling_top1_prob: 0.0307
       Metrics/motion/sampling_top1_bin: 0.0840
      Metrics/motion/error_body_lin_vel: 0.5314
      Metrics/motion/error_body_ang_vel: 2.1117
           Episode_Termination/time_out: 0.0000
         Episode_Termination/anchor_pos: 0.0000
         Episode_Termination/anchor_ori: 0.0000
        Episode_Termination/ee_body_pos: 0.0625
Episode_Termination/corpus_clip_time_out: 0.0000
Episode_Termination/stage_one_actuation_guard: 2.9375
--------------------------------------------------------------------------------
                         Iteration time: 5.82s
                           Time elapsed: 00:09:08
                                    ETA: 00:00:54

################################################################################
[1m                           Learning iteration 282/300                           [0m 

                               Run name: breadth
                            Total steps: 93696 
                       Steps per second: 185 
                        Collection time: 1.849s 
                          Learning time: 0.915s 
                        Mean value loss: 357.8465
                    Mean surrogate loss: -0.0189
                      Mean entropy loss: 10.5205
           Mean standing_retention loss: 0.0005
                            Mean reward: -99.52
                    Mean episode length: 8.85
                        Mean action std: 0.38
  Episode_Reward/motion_global_root_pos: 0.0089
  Episode_Reward/motion_global_root_ori: 0.0079
         Episode_Reward/motion_body_pos: 0.0188
         Episode_Reward/motion_body_ori: 0.0112
     Episode_Reward/motion_body_lin_vel: 0.0154
     Episode_Reward/motion_body_ang_vel: 0.0132
          Episode_Reward/action_rate_l2: -0.0405
             Episode_Reward/joint_limit: -0.0013
         Episode_Reward/self_collisions: -0.0051
Episode_Reward/action_target_reference_l2: -0.0133
Episode_Reward/action_target_soft_limit_barrier: -0.0003
                   Episode_Reward/alive: 0.0887
 Episode_Reward/non_timeout_termination: -10.0000
Episode_Reward/worst_ee_z_normalized_squared: -0.0425
Episode_Reward/right_wrist_prethreshold_barrier: -0.0001
        Metrics/motion/error_anchor_pos: 0.0814
        Metrics/motion/error_anchor_rot: 0.1756
    Metrics/motion/error_anchor_lin_vel: 0.5177
    Metrics/motion/error_anchor_ang_vel: 1.0509
          Metrics/motion/error_body_pos: 0.4262
          Metrics/motion/error_body_rot: 0.3852
         Metrics/motion/error_joint_pos: 0.5938
         Metrics/motion/error_joint_vel: 5.8943
        Metrics/motion/sampling_entropy: 0.9441
      Metrics/motion/sampling_top1_prob: 0.0306
       Metrics/motion/sampling_top1_bin: 0.0840
      Metrics/motion/error_body_lin_vel: 0.5746
      Metrics/motion/error_body_ang_vel: 1.7520
           Episode_Termination/time_out: 0.0000
         Episode_Termination/anchor_pos: 0.0000
         Episode_Termination/anchor_ori: 0.0000
        Episode_Termination/ee_body_pos: 0.1250
Episode_Termination/corpus_clip_time_out: 0.0000
Episode_Termination/stage_one_actuation_guard: 3.3750
--------------------------------------------------------------------------------
                         Iteration time: 2.76s
                           Time elapsed: 00:09:10
                                    ETA: 00:00:51

################################################################################
[1m                           Learning iteration 283/300                           [0m 

                               Run name: breadth
                            Total steps: 94208 
                       Steps per second: 190 
                        Collection time: 1.778s 
                          Learning time: 0.907s 
                        Mean value loss: 484.1830
                    Mean surrogate loss: -0.0241
                      Mean entropy loss: 10.5205
           Mean standing_retention loss: 0.0005
                            Mean reward: -99.60
                    Mean episode length: 9.60
                        Mean action std: 0.38
  Episode_Reward/motion_global_root_pos: 0.0079
  Episode_Reward/motion_global_root_ori: 0.0070
         Episode_Reward/motion_body_pos: 0.0168
         Episode_Reward/motion_body_ori: 0.0107
     Episode_Reward/motion_body_lin_vel: 0.0137
     Episode_Reward/motion_body_ang_vel: 0.0113
          Episode_Reward/action_rate_l2: -0.0388
             Episode_Reward/joint_limit: -0.0004
         Episode_Reward/self_collisions: -0.0067
Episode_Reward/action_target_reference_l2: -0.0117
Episode_Reward/action_target_soft_limit_barrier: -0.0003
                   Episode_Reward/alive: 0.0784
 Episode_Reward/non_timeout_termination: -10.0000
Episode_Reward/worst_ee_z_normalized_squared: -0.0381
Episode_Reward/right_wrist_prethreshold_barrier: -0.0168
        Metrics/motion/error_anchor_pos: 0.0796
        Metrics/motion/error_anchor_rot: 0.1728
    Metrics/motion/error_anchor_lin_vel: 0.4815
    Metrics/motion/error_anchor_ang_vel: 1.0218
          Metrics/motion/error_body_pos: 0.4861
          Metrics/motion/error_body_rot: 0.4029
         Metrics/motion/error_joint_pos: 0.6568
         Metrics/motion/error_joint_vel: 6.0175
        Metrics/motion/sampling_entropy: 0.9447
      Metrics/motion/sampling_top1_prob: 0.0308
       Metrics/motion/sampling_top1_bin: 0.0840
      Metrics/motion/error_body_lin_vel: 0.5169
      Metrics/motion/error_body_ang_vel: 1.7957
           Episode_Termination/time_out: 0.0000
         Episode_Termination/anchor_pos: 0.0000
         Episode_Termination/anchor_ori: 0.0000
        Episode_Termination/ee_body_pos: 0.1250
Episode_Termination/corpus_clip_time_out: 0.0000
Episode_Termination/stage_one_actuation_guard: 4.7500
--------------------------------------------------------------------------------
                         Iteration time: 2.68s
                           Time elapsed: 00:09:13
                                    ETA: 00:00:48

################################################################################
[1m                           Learning iteration 284/300                           [0m 

                               Run name: breadth
                            Total steps: 94720 
                       Steps per second: 187 
                        Collection time: 1.815s 
                          Learning time: 0.917s 
                        Mean value loss: 379.0872
                    Mean surrogate loss: -0.0237
                      Mean entropy loss: 10.5205
           Mean standing_retention loss: 0.0005
                            Mean reward: -99.66
                    Mean episode length: 7.99
                        Mean action std: 0.38
  Episode_Reward/motion_global_root_pos: 0.0078
  Episode_Reward/motion_global_root_ori: 0.0072
         Episode_Reward/motion_body_pos: 0.0166
         Episode_Reward/motion_body_ori: 0.0106
     Episode_Reward/motion_body_lin_vel: 0.0133
     Episode_Reward/motion_body_ang_vel: 0.0116
          Episode_Reward/action_rate_l2: -0.0376
             Episode_Reward/joint_limit: -0.0003
         Episode_Reward/self_collisions: -0.0052
Episode_Reward/action_target_reference_l2: -0.0109
Episode_Reward/action_target_soft_limit_barrier: -0.0002
                   Episode_Reward/alive: 0.0766
 Episode_Reward/non_timeout_termination: -10.0000
Episode_Reward/worst_ee_z_normalized_squared: -0.0335
Episode_Reward/right_wrist_prethreshold_barrier: -0.0000
        Metrics/motion/error_anchor_pos: 0.0650
        Metrics/motion/error_anchor_rot: 0.1489
    Metrics/motion/error_anchor_lin_vel: 0.5508
    Metrics/motion/error_anchor_ang_vel: 1.2186
          Metrics/motion/error_body_pos: 0.2260
          Metrics/motion/error_body_rot: 0.3220
         Metrics/motion/error_joint_pos: 0.5315
         Metrics/motion/error_joint_vel: 6.7934
        Metrics/motion/sampling_entropy: 0.9449
      Metrics/motion/sampling_top1_prob: 0.0305
       Metrics/motion/sampling_top1_bin: 0.0840
      Metrics/motion/error_body_lin_vel: 0.6038
      Metrics/motion/error_body_ang_vel: 2.0150
           Episode_Termination/time_out: 0.0000
         Episode_Termination/anchor_pos: 0.0000
         Episode_Termination/anchor_ori: 0.0000
        Episode_Termination/ee_body_pos: 0.0625
Episode_Termination/corpus_clip_time_out: 0.0000
Episode_Termination/stage_one_actuation_guard: 4.2500
--------------------------------------------------------------------------------
                         Iteration time: 2.73s
                           Time elapsed: 00:09:16
                                    ETA: 00:00:45

################################################################################
[1m                           Learning iteration 285/300                           [0m 

                               Run name: breadth
                            Total steps: 95232 
                       Steps per second: 182 
                        Collection time: 1.828s 
                          Learning time: 0.976s 
                        Mean value loss: 382.2946
                    Mean surrogate loss: -0.0223
                      Mean entropy loss: 10.5205
           Mean standing_retention loss: 0.0005
                            Mean reward: -99.72
                    Mean episode length: 6.85
                        Mean action std: 0.38
  Episode_Reward/motion_global_root_pos: 0.0057
  Episode_Reward/motion_global_root_ori: 0.0050
         Episode_Reward/motion_body_pos: 0.0118
         Episode_Reward/motion_body_ori: 0.0081
     Episode_Reward/motion_body_lin_vel: 0.0093
     Episode_Reward/motion_body_ang_vel: 0.0077
          Episode_Reward/action_rate_l2: -0.0285
             Episode_Reward/joint_limit: -0.0004
         Episode_Reward/self_collisions: -0.0054
Episode_Reward/action_target_reference_l2: -0.0074
Episode_Reward/action_target_soft_limit_barrier: -0.0001
                   Episode_Reward/alive: 0.0517
 Episode_Reward/non_timeout_termination: -10.0000
Episode_Reward/worst_ee_z_normalized_squared: -0.0249
Episode_Reward/right_wrist_prethreshold_barrier: -0.0130
        Metrics/motion/error_anchor_pos: 0.0623
        Metrics/motion/error_anchor_rot: 0.1683
    Metrics/motion/error_anchor_lin_vel: 0.4593
    Metrics/motion/error_anchor_ang_vel: 1.0747
          Metrics/motion/error_body_pos: 0.1991
          Metrics/motion/error_body_rot: 0.2775
         Metrics/motion/error_joint_pos: 0.5597
         Metrics/motion/error_joint_vel: 6.5072
        Metrics/motion/sampling_entropy: 0.9450
      Metrics/motion/sampling_top1_prob: 0.0303
       Metrics/motion/sampling_top1_bin: 0.0840
      Metrics/motion/error_body_lin_vel: 0.5318
      Metrics/motion/error_body_ang_vel: 1.8885
           Episode_Termination/time_out: 0.0000
         Episode_Termination/anchor_pos: 0.0000
         Episode_Termination/anchor_ori: 0.0000
        Episode_Termination/ee_body_pos: 0.0000
Episode_Termination/corpus_clip_time_out: 0.0000
Episode_Termination/stage_one_actuation_guard: 4.5000
--------------------------------------------------------------------------------
                         Iteration time: 2.80s
                           Time elapsed: 00:09:19
                                    ETA: 00:00:42

################################################################################
[1m                           Learning iteration 286/300                           [0m 

                               Run name: breadth
                            Total steps: 95744 
                       Steps per second: 177 
                        Collection time: 1.851s 
                          Learning time: 1.033s 
                        Mean value loss: 442.5661
                    Mean surrogate loss: -0.0193
                      Mean entropy loss: 10.5205
           Mean standing_retention loss: 0.0005
                            Mean reward: -99.68
                    Mean episode length: 5.97
                        Mean action std: 0.38
  Episode_Reward/motion_global_root_pos: 0.0057
  Episode_Reward/motion_global_root_ori: 0.0051
         Episode_Reward/motion_body_pos: 0.0116
         Episode_Reward/motion_body_ori: 0.0081
     Episode_Reward/motion_body_lin_vel: 0.0091
     Episode_Reward/motion_body_ang_vel: 0.0079
          Episode_Reward/action_rate_l2: -0.0322
             Episode_Reward/joint_limit: -0.0002
         Episode_Reward/self_collisions: -0.0048
Episode_Reward/action_target_reference_l2: -0.0073
Episode_Reward/action_target_soft_limit_barrier: -0.0002
                   Episode_Reward/alive: 0.0505
 Episode_Reward/non_timeout_termination: -10.0000
Episode_Reward/worst_ee_z_normalized_squared: -0.0210
Episode_Reward/right_wrist_prethreshold_barrier: 0.0000
        Metrics/motion/error_anchor_pos: 0.0631
        Metrics/motion/error_anchor_rot: 0.1501
    Metrics/motion/error_anchor_lin_vel: 0.4577
    Metrics/motion/error_anchor_ang_vel: 0.9998
          Metrics/motion/error_body_pos: 0.8263
          Metrics/motion/error_body_rot: 0.4793
         Metrics/motion/error_joint_pos: 0.5236
         Metrics/motion/error_joint_vel: 5.5318
        Metrics/motion/sampling_entropy: 0.9448
      Metrics/motion/sampling_top1_prob: 0.0303
       Metrics/motion/sampling_top1_bin: 0.0840
      Metrics/motion/error_body_lin_vel: 0.5214
      Metrics/motion/error_body_ang_vel: 1.6297
           Episode_Termination/time_out: 0.0000
         Episode_Termination/anchor_pos: 0.0000
         Episode_Termination/anchor_ori: 0.0000
        Episode_Termination/ee_body_pos: 0.0000
Episode_Termination/corpus_clip_time_out: 0.0625
Episode_Termination/stage_one_actuation_guard: 5.2500
--------------------------------------------------------------------------------
                         Iteration time: 2.88s
                           Time elapsed: 00:09:21
                                    ETA: 00:00:39

################################################################################
[1m                           Learning iteration 287/300                           [0m 

                               Run name: breadth
                            Total steps: 96256 
                       Steps per second: 179 
                        Collection time: 1.725s 
                          Learning time: 1.130s 
                        Mean value loss: 387.5733
                    Mean surrogate loss: -0.0214
                      Mean entropy loss: 10.5205
           Mean standing_retention loss: 0.0005
                            Mean reward: -99.61
                    Mean episode length: 6.90
                        Mean action std: 0.38
  Episode_Reward/motion_global_root_pos: 0.0060
  Episode_Reward/motion_global_root_ori: 0.0055
         Episode_Reward/motion_body_pos: 0.0127
         Episode_Reward/motion_body_ori: 0.0087
     Episode_Reward/motion_body_lin_vel: 0.0098
     Episode_Reward/motion_body_ang_vel: 0.0085
          Episode_Reward/action_rate_l2: -0.0302
             Episode_Reward/joint_limit: -0.0002
         Episode_Reward/self_collisions: -0.0032
Episode_Reward/action_target_reference_l2: -0.0077
Episode_Reward/action_target_soft_limit_barrier: -0.0002
                   Episode_Reward/alive: 0.0561
 Episode_Reward/non_timeout_termination: -10.0000
Episode_Reward/worst_ee_z_normalized_squared: -0.0253
Episode_Reward/right_wrist_prethreshold_barrier: -0.0017
        Metrics/motion/error_anchor_pos: 0.0723
        Metrics/motion/error_anchor_rot: 0.1614
    Metrics/motion/error_anchor_lin_vel: 0.4842
    Metrics/motion/error_anchor_ang_vel: 1.0891
          Metrics/motion/error_body_pos: 0.4345
          Metrics/motion/error_body_rot: 0.4065
         Metrics/motion/error_joint_pos: 0.5926
         Metrics/motion/error_joint_vel: 5.4283
        Metrics/motion/sampling_entropy: 0.9445
      Metrics/motion/sampling_top1_prob: 0.0309
       Metrics/motion/sampling_top1_bin: 0.0840
      Metrics/motion/error_body_lin_vel: 0.5297
      Metrics/motion/error_body_ang_vel: 1.5942
           Episode_Termination/time_out: 0.0000
         Episode_Termination/anchor_pos: 0.0000
         Episode_Termination/anchor_ori: 0.0000
        Episode_Termination/ee_body_pos: 0.0625
Episode_Termination/corpus_clip_time_out: 0.0000
Episode_Termination/stage_one_actuation_guard: 3.6875
--------------------------------------------------------------------------------
                         Iteration time: 2.86s
                           Time elapsed: 00:09:24
                                    ETA: 00:00:36

################################################################################
[1m                           Learning iteration 288/300                           [0m 

                               Run name: breadth
                            Total steps: 96768 
                       Steps per second: 188 
                        Collection time: 1.681s 
                          Learning time: 1.030s 
                        Mean value loss: 417.7301
                    Mean surrogate loss: -0.0215
                      Mean entropy loss: 10.5205
           Mean standing_retention loss: 0.0005
                            Mean reward: -99.52
                    Mean episode length: 9.35
                        Mean action std: 0.38
  Episode_Reward/motion_global_root_pos: 0.0096
  Episode_Reward/motion_global_root_ori: 0.0078
         Episode_Reward/motion_body_pos: 0.0200
         Episode_Reward/motion_body_ori: 0.0125
     Episode_Reward/motion_body_lin_vel: 0.0162
     Episode_Reward/motion_body_ang_vel: 0.0138
          Episode_Reward/action_rate_l2: -0.0442
             Episode_Reward/joint_limit: -0.0012
         Episode_Reward/self_collisions: -0.0043
Episode_Reward/action_target_reference_l2: -0.0154
Episode_Reward/action_target_soft_limit_barrier: -0.0004
                   Episode_Reward/alive: 0.0951
 Episode_Reward/non_timeout_termination: -10.0000
Episode_Reward/worst_ee_z_normalized_squared: -0.0486
Episode_Reward/right_wrist_prethreshold_barrier: -0.0096
        Metrics/motion/error_anchor_pos: 0.0758
        Metrics/motion/error_anchor_rot: 0.1990
    Metrics/motion/error_anchor_lin_vel: 0.4832
    Metrics/motion/error_anchor_ang_vel: 1.1328
          Metrics/motion/error_body_pos: 0.8844
          Metrics/motion/error_body_rot: 0.4901
         Metrics/motion/error_joint_pos: 0.7686
         Metrics/motion/error_joint_vel: 5.5054
        Metrics/motion/sampling_entropy: 0.9444
      Metrics/motion/sampling_top1_prob: 0.0310
       Metrics/motion/sampling_top1_bin: 0.0840
      Metrics/motion/error_body_lin_vel: 0.5403
      Metrics/motion/error_body_ang_vel: 1.7224
           Episode_Termination/time_out: 0.0000
         Episode_Termination/anchor_pos: 0.0714
         Episode_Termination/anchor_ori: 0.0000
        Episode_Termination/ee_body_pos: 0.0000
Episode_Termination/corpus_clip_time_out: 0.0000
Episode_Termination/stage_one_actuation_guard: 4.2143
--------------------------------------------------------------------------------
                         Iteration time: 2.71s
                           Time elapsed: 00:09:27
                                    ETA: 00:00:33

################################################################################
[1m                           Learning iteration 289/300                           [0m 

                               Run name: breadth
                            Total steps: 97280 
                       Steps per second: 193 
                        Collection time: 1.748s 
                          Learning time: 0.896s 
                        Mean value loss: 400.5769
                    Mean surrogate loss: -0.0191
                      Mean entropy loss: 10.5205
           Mean standing_retention loss: 0.0005
                            Mean reward: -99.60
                    Mean episode length: 8.14
                        Mean action std: 0.38
  Episode_Reward/motion_global_root_pos: 0.0062
  Episode_Reward/motion_global_root_ori: 0.0055
         Episode_Reward/motion_body_pos: 0.0134
         Episode_Reward/motion_body_ori: 0.0090
     Episode_Reward/motion_body_lin_vel: 0.0104
     Episode_Reward/motion_body_ang_vel: 0.0090
          Episode_Reward/action_rate_l2: -0.0351
             Episode_Reward/joint_limit: -0.0010
         Episode_Reward/self_collisions: -0.0049
Episode_Reward/action_target_reference_l2: -0.0087
Episode_Reward/action_target_soft_limit_barrier: -0.0004
                   Episode_Reward/alive: 0.0609
 Episode_Reward/non_timeout_termination: -10.0000
Episode_Reward/worst_ee_z_normalized_squared: -0.0272
Episode_Reward/right_wrist_prethreshold_barrier: -0.0000
        Metrics/motion/error_anchor_pos: 0.0780
        Metrics/motion/error_anchor_rot: 0.1710
    Metrics/motion/error_anchor_lin_vel: 0.5167
    Metrics/motion/error_anchor_ang_vel: 0.9879
          Metrics/motion/error_body_pos: 0.6585
          Metrics/motion/error_body_rot: 0.4330
         Metrics/motion/error_joint_pos: 0.5514
         Metrics/motion/error_joint_vel: 5.9770
        Metrics/motion/sampling_entropy: 0.9446
      Metrics/motion/sampling_top1_prob: 0.0312
       Metrics/motion/sampling_top1_bin: 0.0840
      Metrics/motion/error_body_lin_vel: 0.5588
      Metrics/motion/error_body_ang_vel: 1.7453
           Episode_Termination/time_out: 0.0000
         Episode_Termination/anchor_pos: 0.0000
         Episode_Termination/anchor_ori: 0.0000
        Episode_Termination/ee_body_pos: 0.0000
Episode_Termination/corpus_clip_time_out: 0.0000
Episode_Termination/stage_one_actuation_guard: 4.1250
--------------------------------------------------------------------------------
                         Iteration time: 2.64s
                           Time elapsed: 00:09:30
                                    ETA: 00:00:30

################################################################################
[1m                           Learning iteration 290/300                           [0m 

                               Run name: breadth
                            Total steps: 97792 
                       Steps per second: 182 
                        Collection time: 1.718s 
                          Learning time: 1.083s 
                        Mean value loss: 339.8311
                    Mean surrogate loss: -0.0201
                      Mean entropy loss: 10.5205
           Mean standing_retention loss: 0.0005
                            Mean reward: -99.53
                    Mean episode length: 7.55
                        Mean action std: 0.38
  Episode_Reward/motion_global_root_pos: 0.0060
  Episode_Reward/motion_global_root_ori: 0.0054
         Episode_Reward/motion_body_pos: 0.0126
         Episode_Reward/motion_body_ori: 0.0087
     Episode_Reward/motion_body_lin_vel: 0.0093
     Episode_Reward/motion_body_ang_vel: 0.0081
          Episode_Reward/action_rate_l2: -0.0327
             Episode_Reward/joint_limit: -0.0003
         Episode_Reward/self_collisions: -0.0012
Episode_Reward/action_target_reference_l2: -0.0072
Episode_Reward/action_target_soft_limit_barrier: -0.0004
                   Episode_Reward/alive: 0.0562
 Episode_Reward/non_timeout_termination: -10.0000
Episode_Reward/worst_ee_z_normalized_squared: -0.0260
Episode_Reward/right_wrist_prethreshold_barrier: 0.0000
        Metrics/motion/error_anchor_pos: 0.0747
        Metrics/motion/error_anchor_rot: 0.1661
    Metrics/motion/error_anchor_lin_vel: 0.5679
    Metrics/motion/error_anchor_ang_vel: 1.1757
          Metrics/motion/error_body_pos: 0.2888
          Metrics/motion/error_body_rot: 0.3660
         Metrics/motion/error_joint_pos: 0.5809
         Metrics/motion/error_joint_vel: 7.4385
        Metrics/motion/sampling_entropy: 0.9449
      Metrics/motion/sampling_top1_prob: 0.0307
       Metrics/motion/sampling_top1_bin: 0.0840
      Metrics/motion/error_body_lin_vel: 0.6117
      Metrics/motion/error_body_ang_vel: 2.1180
           Episode_Termination/time_out: 0.0000
         Episode_Termination/anchor_pos: 0.0000
         Episode_Termination/anchor_ori: 0.0000
        Episode_Termination/ee_body_pos: 0.1875
Episode_Termination/corpus_clip_time_out: 0.0000
Episode_Termination/stage_one_actuation_guard: 4.0000
--------------------------------------------------------------------------------
                         Iteration time: 2.80s
                           Time elapsed: 00:09:32
                                    ETA: 00:00:26

################################################################################
[1m                           Learning iteration 291/300                           [0m 

                               Run name: breadth
                            Total steps: 98304 
                       Steps per second: 186 
                        Collection time: 1.762s 
                          Learning time: 0.978s 
                        Mean value loss: 350.1655
                    Mean surrogate loss: -0.0218
                      Mean entropy loss: 10.5205
           Mean standing_retention loss: 0.0005
                            Mean reward: -99.61
                    Mean episode length: 6.67
                        Mean action std: 0.38
  Episode_Reward/motion_global_root_pos: 0.0060
  Episode_Reward/motion_global_root_ori: 0.0056
         Episode_Reward/motion_body_pos: 0.0125
         Episode_Reward/motion_body_ori: 0.0085
     Episode_Reward/motion_body_lin_vel: 0.0100
     Episode_Reward/motion_body_ang_vel: 0.0083
          Episode_Reward/action_rate_l2: -0.0329
             Episode_Reward/joint_limit: -0.0012
         Episode_Reward/self_collisions: -0.0070
Episode_Reward/action_target_reference_l2: -0.0081
Episode_Reward/action_target_soft_limit_barrier: -0.0002
                   Episode_Reward/alive: 0.0553
 Episode_Reward/non_timeout_termination: -10.0000
Episode_Reward/worst_ee_z_normalized_squared: -0.0217
Episode_Reward/right_wrist_prethreshold_barrier: 0.0000
        Metrics/motion/error_anchor_pos: 0.0636
        Metrics/motion/error_anchor_rot: 0.1506
    Metrics/motion/error_anchor_lin_vel: 0.4845
    Metrics/motion/error_anchor_ang_vel: 1.0200
          Metrics/motion/error_body_pos: 0.4682
          Metrics/motion/error_body_rot: 0.5422
         Metrics/motion/error_joint_pos: 0.5782
         Metrics/motion/error_joint_vel: 5.8001
        Metrics/motion/sampling_entropy: 0.9446
      Metrics/motion/sampling_top1_prob: 0.0306
       Metrics/motion/sampling_top1_bin: 0.0840
      Metrics/motion/error_body_lin_vel: 0.5283
      Metrics/motion/error_body_ang_vel: 1.6326
           Episode_Termination/time_out: 0.0000
         Episode_Termination/anchor_pos: 0.0000
         Episode_Termination/anchor_ori: 0.0000
        Episode_Termination/ee_body_pos: 0.0000
Episode_Termination/corpus_clip_time_out: 0.0000
Episode_Termination/stage_one_actuation_guard: 3.6875
--------------------------------------------------------------------------------
                         Iteration time: 2.74s
                           Time elapsed: 00:09:35
                                    ETA: 00:00:23

################################################################################
[1m                           Learning iteration 292/300                           [0m 

                               Run name: breadth
                            Total steps: 98816 
                       Steps per second: 90 
                        Collection time: 4.752s 
                          Learning time: 0.883s 
                        Mean value loss: 321.1052
                    Mean surrogate loss: -0.0241
                      Mean entropy loss: 10.5205
           Mean standing_retention loss: 0.0006
                            Mean reward: -98.40
                    Mean episode length: 8.74
                        Mean action std: 0.38
  Episode_Reward/motion_global_root_pos: 0.0077
  Episode_Reward/motion_global_root_ori: 0.0072
         Episode_Reward/motion_body_pos: 0.0162
         Episode_Reward/motion_body_ori: 0.0103
     Episode_Reward/motion_body_lin_vel: 0.0132
     Episode_Reward/motion_body_ang_vel: 0.0115
          Episode_Reward/action_rate_l2: -0.0397
             Episode_Reward/joint_limit: -0.0042
         Episode_Reward/self_collisions: -0.0043
Episode_Reward/action_target_reference_l2: -0.0105
Episode_Reward/action_target_soft_limit_barrier: -0.0003
                   Episode_Reward/alive: 0.0751
 Episode_Reward/non_timeout_termination: -9.8750
Episode_Reward/worst_ee_z_normalized_squared: -0.0304
Episode_Reward/right_wrist_prethreshold_barrier: -0.0000
        Metrics/motion/error_anchor_pos: 0.0738
        Metrics/motion/error_anchor_rot: 0.1573
    Metrics/motion/error_anchor_lin_vel: 0.4804
    Metrics/motion/error_anchor_ang_vel: 1.0474
          Metrics/motion/error_body_pos: 0.2405
          Metrics/motion/error_body_rot: 0.4017
         Metrics/motion/error_joint_pos: 0.6154
         Metrics/motion/error_joint_vel: 5.8495
        Metrics/motion/sampling_entropy: 0.9446
      Metrics/motion/sampling_top1_prob: 0.0308
       Metrics/motion/sampling_top1_bin: 0.0840
      Metrics/motion/error_body_lin_vel: 0.5232
      Metrics/motion/error_body_ang_vel: 1.7016
           Episode_Termination/time_out: 0.0000
         Episode_Termination/anchor_pos: 0.0000
         Episode_Termination/anchor_ori: 0.0000
        Episode_Termination/ee_body_pos: 0.0625
Episode_Termination/corpus_clip_time_out: 0.0625
Episode_Termination/stage_one_actuation_guard: 4.0000
--------------------------------------------------------------------------------
                         Iteration time: 5.64s
                           Time elapsed: 00:09:41
                                    ETA: 00:00:21

################################################################################
[1m                           Learning iteration 293/300                           [0m 

                               Run name: breadth
                            Total steps: 99328 
                       Steps per second: 182 
                        Collection time: 1.701s 
                          Learning time: 1.107s 
                        Mean value loss: 361.8579
                    Mean surrogate loss: -0.0178
                      Mean entropy loss: 10.5205
           Mean standing_retention loss: 0.0005
                            Mean reward: -97.44
                    Mean episode length: 7.89
                        Mean action std: 0.38
  Episode_Reward/motion_global_root_pos: 0.0067
  Episode_Reward/motion_global_root_ori: 0.0064
         Episode_Reward/motion_body_pos: 0.0146
         Episode_Reward/motion_body_ori: 0.0096
     Episode_Reward/motion_body_lin_vel: 0.0111
     Episode_Reward/motion_body_ang_vel: 0.0096
          Episode_Reward/action_rate_l2: -0.0352
             Episode_Reward/joint_limit: -0.0009
         Episode_Reward/self_collisions: -0.0042
Episode_Reward/action_target_reference_l2: -0.0094
Episode_Reward/action_target_soft_limit_barrier: -0.0006
                   Episode_Reward/alive: 0.0676
 Episode_Reward/non_timeout_termination: -9.8571
Episode_Reward/worst_ee_z_normalized_squared: -0.0328
Episode_Reward/right_wrist_prethreshold_barrier: -0.0005
        Metrics/motion/error_anchor_pos: 0.0812
        Metrics/motion/error_anchor_rot: 0.1823
    Metrics/motion/error_anchor_lin_vel: 0.4563
    Metrics/motion/error_anchor_ang_vel: 1.0942
          Metrics/motion/error_body_pos: 0.4121
          Metrics/motion/error_body_rot: 0.3950
         Metrics/motion/error_joint_pos: 0.6443
         Metrics/motion/error_joint_vel: 4.9373
        Metrics/motion/sampling_entropy: 0.9448
      Metrics/motion/sampling_top1_prob: 0.0307
       Metrics/motion/sampling_top1_bin: 0.0840
      Metrics/motion/error_body_lin_vel: 0.5086
      Metrics/motion/error_body_ang_vel: 1.6487
           Episode_Termination/time_out: 0.0000
         Episode_Termination/anchor_pos: 0.0000
         Episode_Termination/anchor_ori: 0.0000
        Episode_Termination/ee_body_pos: 0.1429
Episode_Termination/corpus_clip_time_out: 0.0714
Episode_Termination/stage_one_actuation_guard: 4.0714
--------------------------------------------------------------------------------
                         Iteration time: 2.81s
                           Time elapsed: 00:09:44
                                    ETA: 00:00:18

################################################################################
[1m                           Learning iteration 294/300                           [0m 

                               Run name: breadth
                            Total steps: 99840 
                       Steps per second: 174 
                        Collection time: 1.922s 
                          Learning time: 1.015s 
                        Mean value loss: 378.4622
                    Mean surrogate loss: -0.0171
                      Mean entropy loss: 10.5205
           Mean standing_retention loss: 0.0004
                            Mean reward: -98.40
                    Mean episode length: 7.84
                        Mean action std: 0.38
  Episode_Reward/motion_global_root_pos: 0.0077
  Episode_Reward/motion_global_root_ori: 0.0074
         Episode_Reward/motion_body_pos: 0.0165
         Episode_Reward/motion_body_ori: 0.0117
     Episode_Reward/motion_body_lin_vel: 0.0134
     Episode_Reward/motion_body_ang_vel: 0.0115
          Episode_Reward/action_rate_l2: -0.0353
             Episode_Reward/joint_limit: -0.0004
         Episode_Reward/self_collisions: -0.0089
Episode_Reward/action_target_reference_l2: -0.0090
Episode_Reward/action_target_soft_limit_barrier: -0.0001
                   Episode_Reward/alive: 0.0752
 Episode_Reward/non_timeout_termination: -10.0000
Episode_Reward/worst_ee_z_normalized_squared: -0.0216
Episode_Reward/right_wrist_prethreshold_barrier: -0.0015
        Metrics/motion/error_anchor_pos: 0.0747
        Metrics/motion/error_anchor_rot: 0.1594
    Metrics/motion/error_anchor_lin_vel: 0.4868
    Metrics/motion/error_anchor_ang_vel: 1.0934
          Metrics/motion/error_body_pos: 0.1913
          Metrics/motion/error_body_rot: 0.2920
         Metrics/motion/error_joint_pos: 0.6332
         Metrics/motion/error_joint_vel: 6.4048
        Metrics/motion/sampling_entropy: 0.9451
      Metrics/motion/sampling_top1_prob: 0.0303
       Metrics/motion/sampling_top1_bin: 0.0840
      Metrics/motion/error_body_lin_vel: 0.5426
      Metrics/motion/error_body_ang_vel: 1.8988
           Episode_Termination/time_out: 0.0000
         Episode_Termination/anchor_pos: 0.0000
         Episode_Termination/anchor_ori: 0.0000
        Episode_Termination/ee_body_pos: 0.0000
Episode_Termination/corpus_clip_time_out: 0.0000
Episode_Termination/stage_one_actuation_guard: 3.4375
--------------------------------------------------------------------------------
                         Iteration time: 2.94s
                           Time elapsed: 00:09:47
                                    ETA: 00:00:15

################################################################################
[1m                           Learning iteration 295/300                           [0m 

                               Run name: breadth
                            Total steps: 100352 
                       Steps per second: 181 
                        Collection time: 1.809s 
                          Learning time: 1.007s 
                        Mean value loss: 409.7808
                    Mean surrogate loss: -0.0191
                      Mean entropy loss: 10.5205
           Mean standing_retention loss: 0.0004
                            Mean reward: -99.19
                    Mean episode length: 9.91
                        Mean action std: 0.38
  Episode_Reward/motion_global_root_pos: 0.0105
  Episode_Reward/motion_global_root_ori: 0.0098
         Episode_Reward/motion_body_pos: 0.0217
         Episode_Reward/motion_body_ori: 0.0140
     Episode_Reward/motion_body_lin_vel: 0.0190
     Episode_Reward/motion_body_ang_vel: 0.0159
          Episode_Reward/action_rate_l2: -0.0456
             Episode_Reward/joint_limit: -0.0006
         Episode_Reward/self_collisions: -0.0125
Episode_Reward/action_target_reference_l2: -0.0132
Episode_Reward/action_target_soft_limit_barrier: -0.0003
                   Episode_Reward/alive: 0.1026
 Episode_Reward/non_timeout_termination: -10.0000
Episode_Reward/worst_ee_z_normalized_squared: -0.0215
Episode_Reward/right_wrist_prethreshold_barrier: -0.0000
        Metrics/motion/error_anchor_pos: 0.0648
        Metrics/motion/error_anchor_rot: 0.1487
    Metrics/motion/error_anchor_lin_vel: 0.4562
    Metrics/motion/error_anchor_ang_vel: 1.0619
          Metrics/motion/error_body_pos: 0.3892
          Metrics/motion/error_body_rot: 0.4744
         Metrics/motion/error_joint_pos: 0.5548
         Metrics/motion/error_joint_vel: 5.3656
        Metrics/motion/sampling_entropy: 0.9449
      Metrics/motion/sampling_top1_prob: 0.0306
       Metrics/motion/sampling_top1_bin: 0.0840
      Metrics/motion/error_body_lin_vel: 0.5136
      Metrics/motion/error_body_ang_vel: 1.5490
           Episode_Termination/time_out: 0.0000
         Episode_Termination/anchor_pos: 0.0000
         Episode_Termination/anchor_ori: 0.0000
        Episode_Termination/ee_body_pos: 0.0625
Episode_Termination/corpus_clip_time_out: 0.0000
Episode_Termination/stage_one_actuation_guard: 4.6875
--------------------------------------------------------------------------------
                         Iteration time: 2.82s
                           Time elapsed: 00:09:49
                                    ETA: 00:00:12

################################################################################
[1m                           Learning iteration 296/300                           [0m 

                               Run name: breadth
                            Total steps: 100864 
                       Steps per second: 198 
                        Collection time: 1.705s 
                          Learning time: 0.880s 
                        Mean value loss: 432.7065
                    Mean surrogate loss: -0.0222
                      Mean entropy loss: 10.5205
           Mean standing_retention loss: 0.0004
                            Mean reward: -99.31
                    Mean episode length: 9.59
                        Mean action std: 0.38
  Episode_Reward/motion_global_root_pos: 0.0074
  Episode_Reward/motion_global_root_ori: 0.0067
         Episode_Reward/motion_body_pos: 0.0156
         Episode_Reward/motion_body_ori: 0.0103
     Episode_Reward/motion_body_lin_vel: 0.0127
     Episode_Reward/motion_body_ang_vel: 0.0104
          Episode_Reward/action_rate_l2: -0.0372
             Episode_Reward/joint_limit: -0.0003
         Episode_Reward/self_collisions: -0.0042
Episode_Reward/action_target_reference_l2: -0.0101
Episode_Reward/action_target_soft_limit_barrier: -0.0004
                   Episode_Reward/alive: 0.0712
 Episode_Reward/non_timeout_termination: -10.0000
Episode_Reward/worst_ee_z_normalized_squared: -0.0265
Episode_Reward/right_wrist_prethreshold_barrier: -0.0001
        Metrics/motion/error_anchor_pos: 0.0626
        Metrics/motion/error_anchor_rot: 0.1574
    Metrics/motion/error_anchor_lin_vel: 0.4200
    Metrics/motion/error_anchor_ang_vel: 1.1372
          Metrics/motion/error_body_pos: 0.3611
          Metrics/motion/error_body_rot: 0.4417
         Metrics/motion/error_joint_pos: 0.6698
         Metrics/motion/error_joint_vel: 5.9151
        Metrics/motion/sampling_entropy: 0.9443
      Metrics/motion/sampling_top1_prob: 0.0308
       Metrics/motion/sampling_top1_bin: 0.0840
      Metrics/motion/error_body_lin_vel: 0.4853
      Metrics/motion/error_body_ang_vel: 1.7466
           Episode_Termination/time_out: 0.0000
         Episode_Termination/anchor_pos: 0.0000
         Episode_Termination/anchor_ori: 0.0000
        Episode_Termination/ee_body_pos: 0.0000
Episode_Termination/corpus_clip_time_out: 0.0000
Episode_Termination/stage_one_actuation_guard: 4.3125
--------------------------------------------------------------------------------
                         Iteration time: 2.59s
                           Time elapsed: 00:09:52
                                    ETA: 00:00:09

################################################################################
[1m                           Learning iteration 297/300                           [0m 

                               Run name: breadth
                            Total steps: 101376 
                       Steps per second: 179 
                        Collection time: 1.937s 
                          Learning time: 0.914s 
                        Mean value loss: 325.5234
                    Mean surrogate loss: -0.0217
                      Mean entropy loss: 10.5205
           Mean standing_retention loss: 0.0005
                            Mean reward: -99.44
                    Mean episode length: 8.53
                        Mean action std: 0.38
  Episode_Reward/motion_global_root_pos: 0.0071
  Episode_Reward/motion_global_root_ori: 0.0063
         Episode_Reward/motion_body_pos: 0.0147
         Episode_Reward/motion_body_ori: 0.0102
     Episode_Reward/motion_body_lin_vel: 0.0114
     Episode_Reward/motion_body_ang_vel: 0.0097
          Episode_Reward/action_rate_l2: -0.0337
             Episode_Reward/joint_limit: -0.0005
         Episode_Reward/self_collisions: -0.0042
Episode_Reward/action_target_reference_l2: -0.0088
Episode_Reward/action_target_soft_limit_barrier: -0.0003
                   Episode_Reward/alive: 0.0660
 Episode_Reward/non_timeout_termination: -10.0000
Episode_Reward/worst_ee_z_normalized_squared: -0.0242
Episode_Reward/right_wrist_prethreshold_barrier: -0.0021
        Metrics/motion/error_anchor_pos: 0.0614
        Metrics/motion/error_anchor_rot: 0.1527
    Metrics/motion/error_anchor_lin_vel: 0.4723
    Metrics/motion/error_anchor_ang_vel: 1.1471
          Metrics/motion/error_body_pos: 0.3390
          Metrics/motion/error_body_rot: 0.4044
         Metrics/motion/error_joint_pos: 0.6567
         Metrics/motion/error_joint_vel: 5.9847
        Metrics/motion/sampling_entropy: 0.9443
      Metrics/motion/sampling_top1_prob: 0.0308
       Metrics/motion/sampling_top1_bin: 0.0840
      Metrics/motion/error_body_lin_vel: 0.5430
      Metrics/motion/error_body_ang_vel: 1.7501
           Episode_Termination/time_out: 0.0000
         Episode_Termination/anchor_pos: 0.0000
         Episode_Termination/anchor_ori: 0.0000
        Episode_Termination/ee_body_pos: 0.0000
Episode_Termination/corpus_clip_time_out: 0.0000
Episode_Termination/stage_one_actuation_guard: 3.5000
--------------------------------------------------------------------------------
                         Iteration time: 2.85s
                           Time elapsed: 00:09:55
                                    ETA: 00:00:06

################################################################################
[1m                           Learning iteration 298/300                           [0m 

                               Run name: breadth
                            Total steps: 101888 
                       Steps per second: 179 
                        Collection time: 1.793s 
                          Learning time: 1.066s 
                        Mean value loss: 324.2561
                    Mean surrogate loss: -0.0212
                      Mean entropy loss: 10.5205
           Mean standing_retention loss: 0.0004
                            Mean reward: -96.60
                    Mean episode length: 6.91
                        Mean action std: 0.38
  Episode_Reward/motion_global_root_pos: 0.0062
  Episode_Reward/motion_global_root_ori: 0.0055
         Episode_Reward/motion_body_pos: 0.0131
         Episode_Reward/motion_body_ori: 0.0085
     Episode_Reward/motion_body_lin_vel: 0.0104
     Episode_Reward/motion_body_ang_vel: 0.0088
          Episode_Reward/action_rate_l2: -0.0329
             Episode_Reward/joint_limit: -0.0001
         Episode_Reward/self_collisions: -0.0019
Episode_Reward/action_target_reference_l2: -0.0086
Episode_Reward/action_target_soft_limit_barrier: -0.0003
                   Episode_Reward/alive: 0.0583
 Episode_Reward/non_timeout_termination: -9.5625
Episode_Reward/worst_ee_z_normalized_squared: -0.0285
Episode_Reward/right_wrist_prethreshold_barrier: -0.0001
        Metrics/motion/error_anchor_pos: 0.0679
        Metrics/motion/error_anchor_rot: 0.1663
    Metrics/motion/error_anchor_lin_vel: 0.4944
    Metrics/motion/error_anchor_ang_vel: 1.0045
          Metrics/motion/error_body_pos: 0.3924
          Metrics/motion/error_body_rot: 0.4342
         Metrics/motion/error_joint_pos: 0.5779
         Metrics/motion/error_joint_vel: 6.0153
        Metrics/motion/sampling_entropy: 0.9444
      Metrics/motion/sampling_top1_prob: 0.0308
       Metrics/motion/sampling_top1_bin: 0.0840
      Metrics/motion/error_body_lin_vel: 0.5465
      Metrics/motion/error_body_ang_vel: 1.7575
           Episode_Termination/time_out: 0.0000
         Episode_Termination/anchor_pos: 0.0000
         Episode_Termination/anchor_ori: 0.0000
        Episode_Termination/ee_body_pos: 0.0000
Episode_Termination/corpus_clip_time_out: 0.1875
Episode_Termination/stage_one_actuation_guard: 4.5000
--------------------------------------------------------------------------------
                         Iteration time: 2.86s
                           Time elapsed: 00:09:58
                                    ETA: 00:00:03

################################################################################
[1m                           Learning iteration 299/300                           [0m 

                               Run name: breadth
                            Total steps: 102400 
                       Steps per second: 191 
                        Collection time: 1.732s 
                          Learning time: 0.943s 
                        Mean value loss: 244.1886
                    Mean surrogate loss: -0.0228
                      Mean entropy loss: 10.5205
           Mean standing_retention loss: 0.0004
                            Mean reward: -97.68
                    Mean episode length: 6.28
                        Mean action std: 0.38
  Episode_Reward/motion_global_root_pos: 0.0055
  Episode_Reward/motion_global_root_ori: 0.0048
         Episode_Reward/motion_body_pos: 0.0113
         Episode_Reward/motion_body_ori: 0.0078
     Episode_Reward/motion_body_lin_vel: 0.0089
     Episode_Reward/motion_body_ang_vel: 0.0075
          Episode_Reward/action_rate_l2: -0.0305
             Episode_Reward/joint_limit: -0.0004
         Episode_Reward/self_collisions: -0.0030
Episode_Reward/action_target_reference_l2: -0.0069
Episode_Reward/action_target_soft_limit_barrier: -0.0003
                   Episode_Reward/alive: 0.0488
 Episode_Reward/non_timeout_termination: -10.0000
Episode_Reward/worst_ee_z_normalized_squared: -0.0212
Episode_Reward/right_wrist_prethreshold_barrier: -0.0004
        Metrics/motion/error_anchor_pos: 0.0594
        Metrics/motion/error_anchor_rot: 0.1521
    Metrics/motion/error_anchor_lin_vel: 0.4970
    Metrics/motion/error_anchor_ang_vel: 1.0856
          Metrics/motion/error_body_pos: 0.5168
          Metrics/motion/error_body_rot: 0.4001
         Metrics/motion/error_joint_pos: 0.5232
         Metrics/motion/error_joint_vel: 6.1372
        Metrics/motion/sampling_entropy: 0.9443
      Metrics/motion/sampling_top1_prob: 0.0305
       Metrics/motion/sampling_top1_bin: 0.0840
      Metrics/motion/error_body_lin_vel: 0.5715
      Metrics/motion/error_body_ang_vel: 1.7775
           Episode_Termination/time_out: 0.0000
         Episode_Termination/anchor_pos: 0.0000
         Episode_Termination/anchor_ori: 0.0000
        Episode_Termination/ee_body_pos: 0.0000
Episode_Termination/corpus_clip_time_out: 0.0000
Episode_Termination/stage_one_actuation_guard: 3.8750
--------------------------------------------------------------------------------
                         Iteration time: 2.68s
                           Time elapsed: 00:10:00
                                    ETA: 00:00:00

/mnt/z/codex/GR00T-WholeBodyControl-sonic-transfer-23dof/artifacts/g1_true23_frozen_lora/ieee_motion_ppo_resume300_20260906_v1/breadth
