################################################################################
[1m                            Learning iteration 0/500                            [0m 

                               Run name: original_core_920ms_fresh
                            Total steps: 2048 
                       Steps per second: 563 
                        Collection time: 3.433s 
                          Learning time: 0.204s 
                        Mean value loss: 359.6562
                    Mean surrogate loss: -0.0239
                      Mean entropy loss: -20.3239
                        Mean action std: 0.10
--------------------------------------------------------------------------------
                         Iteration time: 3.64s
                           Time elapsed: 00:00:03
                                    ETA: 00:30:14

################################################################################
[1m                            Learning iteration 1/500                            [0m 

                               Run name: original_core_920ms_fresh
                            Total steps: 4096 
                       Steps per second: 670 
                        Collection time: 2.884s 
                          Learning time: 0.168s 
                        Mean value loss: 407.0475
                    Mean surrogate loss: -0.0132
                      Mean entropy loss: -20.3239
                            Mean reward: -26.67
                    Mean episode length: 30.67
                        Mean action std: 0.10
--------------------------------------------------------------------------------
                         Iteration time: 3.05s
                           Time elapsed: 00:00:06
                                    ETA: 00:27:45

################################################################################
[1m                            Learning iteration 2/500                            [0m 

                               Run name: original_core_920ms_fresh
                            Total steps: 6144 
                       Steps per second: 734 
                        Collection time: 2.631s 
                          Learning time: 0.156s 
                        Mean value loss: 542.4860
                    Mean surrogate loss: -0.0165
                      Mean entropy loss: -20.3239
                            Mean reward: -3.38
                    Mean episode length: 39.50
                        Mean action std: 0.10
  Episode_Reward/motion_global_root_pos: 0.0022
  Episode_Reward/motion_global_root_ori: 0.0026
         Episode_Reward/motion_body_pos: 0.0043
         Episode_Reward/motion_body_ori: 0.0045
     Episode_Reward/motion_body_lin_vel: 0.0043
     Episode_Reward/motion_body_ang_vel: 0.0045
          Episode_Reward/action_rate_l2: -0.0007
             Episode_Reward/joint_limit: 0.0000
         Episode_Reward/self_collisions: 0.0000
Episode_Reward/action_target_reference_l2: -0.0038
Episode_Reward/action_target_soft_limit_barrier: -0.0009
                   Episode_Reward/alive: 0.6806
 Episode_Reward/non_timeout_termination: -0.7655
Episode_Reward/worst_ee_z_normalized_squared: -0.0057
Episode_Reward/right_wrist_prethreshold_barrier: 0.0000
 Episode_Reward/requested_effort_excess: -0.0000
Episode_Reward/root_world_tracking_error: -0.0049
Episode_Reward/measured_joint_posture_l2: -0.0108
Episode_Reward/measured_feet_world_position_l2: -0.0053
Episode_Reward/original_task_position_l2: -0.0044
Episode_Reward/original_task_orientation_l2: -0.0022
        Metrics/motion/error_anchor_pos: 0.2823
        Metrics/motion/error_anchor_rot: 0.2075
    Metrics/motion/error_anchor_lin_vel: 0.5142
    Metrics/motion/error_anchor_ang_vel: 0.8765
          Metrics/motion/error_body_pos: 0.2978
          Metrics/motion/error_body_rot: 0.2935
         Metrics/motion/error_joint_pos: 0.9216
         Metrics/motion/error_joint_vel: 4.6643
        Metrics/motion/sampling_entropy: 0.0000
      Metrics/motion/sampling_top1_prob: 0.0000
       Metrics/motion/sampling_top1_bin: 0.0000
      Metrics/motion/error_body_lin_vel: 0.5507
      Metrics/motion/error_body_ang_vel: 1.3822
           Episode_Termination/time_out: 0.0000
         Episode_Termination/anchor_pos: 0.0000
         Episode_Termination/anchor_ori: 0.0000
        Episode_Termination/ee_body_pos: 0.0000
Episode_Termination/corpus_clip_time_out: 0.0000
Episode_Termination/invalid_native_model_actuation: 0.0000
Episode_Termination/world_root_tracking_failure: 1.4444
 Episode_Reward/world_potential_shaping: 0.0216
--------------------------------------------------------------------------------
                         Iteration time: 2.79s
                           Time elapsed: 00:00:09
                                    ETA: 00:26:09

################################################################################
[1m                            Learning iteration 3/500                            [0m 

                               Run name: original_core_920ms_fresh
                            Total steps: 8192 
                       Steps per second: 910 
                        Collection time: 2.097s 
                          Learning time: 0.153s 
                        Mean value loss: 441.5560
                    Mean surrogate loss: -0.0086
                      Mean entropy loss: -20.3239
                            Mean reward: 10.63
                    Mean episode length: 44.96
                        Mean action std: 0.10
  Episode_Reward/motion_global_root_pos: 0.0031
  Episode_Reward/motion_global_root_ori: 0.0037
         Episode_Reward/motion_body_pos: 0.0061
         Episode_Reward/motion_body_ori: 0.0056
     Episode_Reward/motion_body_lin_vel: 0.0067
     Episode_Reward/motion_body_ang_vel: 0.0063
          Episode_Reward/action_rate_l2: -0.0009
             Episode_Reward/joint_limit: 0.0000
         Episode_Reward/self_collisions: -0.0003
Episode_Reward/action_target_reference_l2: -0.0052
Episode_Reward/action_target_soft_limit_barrier: -0.0014
                   Episode_Reward/alive: 0.9885
 Episode_Reward/non_timeout_termination: -0.7655
Episode_Reward/worst_ee_z_normalized_squared: -0.0060
Episode_Reward/right_wrist_prethreshold_barrier: 0.0000
 Episode_Reward/requested_effort_excess: 0.0000
Episode_Reward/root_world_tracking_error: -0.0057
Episode_Reward/measured_joint_posture_l2: -0.0139
Episode_Reward/measured_feet_world_position_l2: -0.0076
Episode_Reward/original_task_position_l2: -0.0064
Episode_Reward/original_task_orientation_l2: -0.0034
        Metrics/motion/error_anchor_pos: 0.2842
        Metrics/motion/error_anchor_rot: 0.1651
    Metrics/motion/error_anchor_lin_vel: 0.4513
    Metrics/motion/error_anchor_ang_vel: 0.8216
          Metrics/motion/error_body_pos: 0.2926
          Metrics/motion/error_body_rot: 0.2824
         Metrics/motion/error_joint_pos: 0.8522
         Metrics/motion/error_joint_vel: 3.8307
        Metrics/motion/sampling_entropy: 0.0000
      Metrics/motion/sampling_top1_prob: 0.0000
       Metrics/motion/sampling_top1_bin: 0.0000
      Metrics/motion/error_body_lin_vel: 0.4792
      Metrics/motion/error_body_ang_vel: 1.1431
           Episode_Termination/time_out: 0.0000
         Episode_Termination/anchor_pos: 0.0000
         Episode_Termination/anchor_ori: 0.0000
        Episode_Termination/ee_body_pos: 0.0000
Episode_Termination/corpus_clip_time_out: 0.0000
Episode_Termination/invalid_native_model_actuation: 0.0000
Episode_Termination/world_root_tracking_failure: 1.4000
 Episode_Reward/world_potential_shaping: 0.0250
--------------------------------------------------------------------------------
                         Iteration time: 2.25s
                           Time elapsed: 00:00:11
                                    ETA: 00:24:14

################################################################################
[1m                            Learning iteration 4/500                            [0m 

                               Run name: original_core_920ms_fresh
                            Total steps: 10240 
                       Steps per second: 871 
                        Collection time: 2.194s 
                          Learning time: 0.156s 
                        Mean value loss: 476.1585
                    Mean surrogate loss: -0.0121
                      Mean entropy loss: -20.3238
                            Mean reward: 22.33
                    Mean episode length: 49.53
                        Mean action std: 0.10
--------------------------------------------------------------------------------
                         Iteration time: 2.35s
                           Time elapsed: 00:00:14
                                    ETA: 00:23:13

################################################################################
[1m                            Learning iteration 5/500                            [0m 

                               Run name: original_core_920ms_fresh
                            Total steps: 12288 
                       Steps per second: 902 
                        Collection time: 2.087s 
                          Learning time: 0.183s 
                        Mean value loss: 350.8132
                    Mean surrogate loss: -0.0138
                      Mean entropy loss: -20.3238
                            Mean reward: 32.97
                    Mean episode length: 53.80
                        Mean action std: 0.10
  Episode_Reward/motion_global_root_pos: 0.0044
  Episode_Reward/motion_global_root_ori: 0.0050
         Episode_Reward/motion_body_pos: 0.0087
         Episode_Reward/motion_body_ori: 0.0080
     Episode_Reward/motion_body_lin_vel: 0.0092
     Episode_Reward/motion_body_ang_vel: 0.0088
          Episode_Reward/action_rate_l2: -0.0012
             Episode_Reward/joint_limit: -0.0000
         Episode_Reward/self_collisions: -0.0001
Episode_Reward/action_target_reference_l2: -0.0072
Episode_Reward/action_target_soft_limit_barrier: -0.0018
                   Episode_Reward/alive: 1.3415
 Episode_Reward/non_timeout_termination: -0.7655
Episode_Reward/worst_ee_z_normalized_squared: -0.0135
Episode_Reward/right_wrist_prethreshold_barrier: 0.0000
 Episode_Reward/requested_effort_excess: 0.0000
Episode_Reward/root_world_tracking_error: -0.0070
Episode_Reward/measured_joint_posture_l2: -0.0233
Episode_Reward/measured_feet_world_position_l2: -0.0098
Episode_Reward/original_task_position_l2: -0.0080
Episode_Reward/original_task_orientation_l2: -0.0042
        Metrics/motion/error_anchor_pos: 0.2783
        Metrics/motion/error_anchor_rot: 0.1518
    Metrics/motion/error_anchor_lin_vel: 0.7452
    Metrics/motion/error_anchor_ang_vel: 0.9228
          Metrics/motion/error_body_pos: 0.2947
          Metrics/motion/error_body_rot: 0.2685
         Metrics/motion/error_joint_pos: 1.1087
         Metrics/motion/error_joint_vel: 6.8841
        Metrics/motion/sampling_entropy: 0.0000
      Metrics/motion/sampling_top1_prob: 0.0000
       Metrics/motion/sampling_top1_bin: 0.0000
      Metrics/motion/error_body_lin_vel: 0.7367
      Metrics/motion/error_body_ang_vel: 1.6787
           Episode_Termination/time_out: 0.0000
         Episode_Termination/anchor_pos: 0.0000
         Episode_Termination/anchor_ori: 0.0000
        Episode_Termination/ee_body_pos: 0.0000
Episode_Termination/corpus_clip_time_out: 0.0000
Episode_Termination/invalid_native_model_actuation: 0.0000
Episode_Termination/world_root_tracking_failure: 1.2000
 Episode_Reward/world_potential_shaping: 0.0258
--------------------------------------------------------------------------------
                         Iteration time: 2.27s
                           Time elapsed: 00:00:16
                                    ETA: 00:22:25

################################################################################
[1m                            Learning iteration 6/500                            [0m 

                               Run name: original_core_920ms_fresh
                            Total steps: 14336 
                       Steps per second: 889 
                        Collection time: 2.149s 
                          Learning time: 0.153s 
                        Mean value loss: 427.0325
                    Mean surrogate loss: -0.0129
                      Mean entropy loss: -20.3238
                            Mean reward: 48.58
                    Mean episode length: 60.29
                        Mean action std: 0.10
--------------------------------------------------------------------------------
                         Iteration time: 2.30s
                           Time elapsed: 00:00:18
                                    ETA: 00:21:53

################################################################################
[1m                            Learning iteration 7/500                            [0m 

                               Run name: original_core_920ms_fresh
                            Total steps: 16384 
                       Steps per second: 400 
                        Collection time: 4.953s 
                          Learning time: 0.157s 
                        Mean value loss: 321.5427
                    Mean surrogate loss: -0.0125
                      Mean entropy loss: -20.3238
                            Mean reward: 54.90
                    Mean episode length: 63.00
                        Mean action std: 0.10
--------------------------------------------------------------------------------
                         Iteration time: 5.11s
                           Time elapsed: 00:00:23
                                    ETA: 00:24:21

################################################################################
[1m                            Learning iteration 8/500                            [0m 

                               Run name: original_core_920ms_fresh
                            Total steps: 18432 
                       Steps per second: 931 
                        Collection time: 2.037s 
                          Learning time: 0.162s 
                        Mean value loss: 405.9298
                    Mean surrogate loss: -0.0114
                      Mean entropy loss: -20.3238
                            Mean reward: 68.74
                    Mean episode length: 68.02
                        Mean action std: 0.10
  Episode_Reward/motion_global_root_pos: 0.0057
  Episode_Reward/motion_global_root_ori: 0.0062
         Episode_Reward/motion_body_pos: 0.0113
         Episode_Reward/motion_body_ori: 0.0105
     Episode_Reward/motion_body_lin_vel: 0.0116
     Episode_Reward/motion_body_ang_vel: 0.0108
          Episode_Reward/action_rate_l2: -0.0014
             Episode_Reward/joint_limit: -0.0002
         Episode_Reward/self_collisions: 0.0000
Episode_Reward/action_target_reference_l2: -0.0082
Episode_Reward/action_target_soft_limit_barrier: -0.0017
                   Episode_Reward/alive: 1.5685
 Episode_Reward/non_timeout_termination: -0.7655
Episode_Reward/worst_ee_z_normalized_squared: -0.0218
Episode_Reward/right_wrist_prethreshold_barrier: -0.0011
 Episode_Reward/requested_effort_excess: -0.0000
Episode_Reward/root_world_tracking_error: -0.0055
Episode_Reward/measured_joint_posture_l2: -0.0178
Episode_Reward/measured_feet_world_position_l2: -0.0107
Episode_Reward/original_task_position_l2: -0.0088
Episode_Reward/original_task_orientation_l2: -0.0055
        Metrics/motion/error_anchor_pos: 0.2483
        Metrics/motion/error_anchor_rot: 0.1524
    Metrics/motion/error_anchor_lin_vel: 0.5616
    Metrics/motion/error_anchor_ang_vel: 1.1060
          Metrics/motion/error_body_pos: 0.2633
          Metrics/motion/error_body_rot: 0.2878
         Metrics/motion/error_joint_pos: 0.9931
         Metrics/motion/error_joint_vel: 6.1858
        Metrics/motion/sampling_entropy: 0.0000
      Metrics/motion/sampling_top1_prob: 0.0000
       Metrics/motion/sampling_top1_bin: 0.0000
      Metrics/motion/error_body_lin_vel: 0.5982
      Metrics/motion/error_body_ang_vel: 1.7458
           Episode_Termination/time_out: 0.0000
         Episode_Termination/anchor_pos: 0.0000
         Episode_Termination/anchor_ori: 0.0000
        Episode_Termination/ee_body_pos: 0.1429
Episode_Termination/corpus_clip_time_out: 0.0000
Episode_Termination/invalid_native_model_actuation: 0.0000
Episode_Termination/world_root_tracking_failure: 1.1429
 Episode_Reward/world_potential_shaping: 0.0268
--------------------------------------------------------------------------------
                         Iteration time: 2.20s
                           Time elapsed: 00:00:25
                                    ETA: 00:23:36

################################################################################
[1m                            Learning iteration 9/500                            [0m 

                               Run name: original_core_920ms_fresh
                            Total steps: 20480 
                       Steps per second: 952 
                        Collection time: 1.991s 
                          Learning time: 0.160s 
                        Mean value loss: 401.7335
                    Mean surrogate loss: -0.0119
                      Mean entropy loss: -20.3238
                            Mean reward: 74.04
                    Mean episode length: 70.41
                        Mean action std: 0.10
--------------------------------------------------------------------------------
                         Iteration time: 2.15s
                           Time elapsed: 00:00:28
                                    ETA: 00:22:57

################################################################################
[1m                           Learning iteration 10/500                            [0m 

                               Run name: original_core_920ms_fresh
                            Total steps: 22528 
                       Steps per second: 877 
                        Collection time: 2.157s 
                          Learning time: 0.176s 
                        Mean value loss: 342.1812
                    Mean surrogate loss: -0.0176
                      Mean entropy loss: -20.3238
                            Mean reward: 80.54
                    Mean episode length: 73.07
                        Mean action std: 0.10
  Episode_Reward/motion_global_root_pos: 0.0057
  Episode_Reward/motion_global_root_ori: 0.0068
         Episode_Reward/motion_body_pos: 0.0113
         Episode_Reward/motion_body_ori: 0.0109
     Episode_Reward/motion_body_lin_vel: 0.0125
     Episode_Reward/motion_body_ang_vel: 0.0114
          Episode_Reward/action_rate_l2: -0.0017
             Episode_Reward/joint_limit: 0.0000
         Episode_Reward/self_collisions: 0.0000
Episode_Reward/action_target_reference_l2: -0.0093
Episode_Reward/action_target_soft_limit_barrier: -0.0022
                   Episode_Reward/alive: 1.7828
 Episode_Reward/non_timeout_termination: -0.7655
Episode_Reward/worst_ee_z_normalized_squared: -0.0166
Episode_Reward/right_wrist_prethreshold_barrier: -0.0003
 Episode_Reward/requested_effort_excess: -0.0000
Episode_Reward/root_world_tracking_error: -0.0090
Episode_Reward/measured_joint_posture_l2: -0.0292
Episode_Reward/measured_feet_world_position_l2: -0.0134
Episode_Reward/original_task_position_l2: -0.0112
Episode_Reward/original_task_orientation_l2: -0.0052
        Metrics/motion/error_anchor_pos: 0.2910
        Metrics/motion/error_anchor_rot: 0.1747
    Metrics/motion/error_anchor_lin_vel: 0.5150
    Metrics/motion/error_anchor_ang_vel: 1.0414
          Metrics/motion/error_body_pos: 0.2892
          Metrics/motion/error_body_rot: 0.2498
         Metrics/motion/error_joint_pos: 0.8929
         Metrics/motion/error_joint_vel: 5.4555
        Metrics/motion/sampling_entropy: 0.0000
      Metrics/motion/sampling_top1_prob: 0.0000
       Metrics/motion/sampling_top1_bin: 0.0000
      Metrics/motion/error_body_lin_vel: 0.5712
      Metrics/motion/error_body_ang_vel: 1.4891
           Episode_Termination/time_out: 0.0000
         Episode_Termination/anchor_pos: 0.0000
         Episode_Termination/anchor_ori: 0.0000
        Episode_Termination/ee_body_pos: 0.0000
Episode_Termination/corpus_clip_time_out: 0.0000
Episode_Termination/invalid_native_model_actuation: 0.0000
Episode_Termination/world_root_tracking_failure: 1.2000
 Episode_Reward/world_potential_shaping: 0.0302
--------------------------------------------------------------------------------
                         Iteration time: 2.33s
                           Time elapsed: 00:00:30
                                    ETA: 00:22:33

################################################################################
[1m                           Learning iteration 11/500                            [0m 

                               Run name: original_core_920ms_fresh
                            Total steps: 24576 
                       Steps per second: 850 
                        Collection time: 2.250s 
                          Learning time: 0.157s 
                        Mean value loss: 420.7089
                    Mean surrogate loss: -0.0130
                      Mean entropy loss: -20.3238
                            Mean reward: 86.45
                    Mean episode length: 75.19
                        Mean action std: 0.10
--------------------------------------------------------------------------------
                         Iteration time: 2.41s
                           Time elapsed: 00:00:32
                                    ETA: 00:22:15

################################################################################
[1m                           Learning iteration 12/500                            [0m 

                               Run name: original_core_920ms_fresh
                            Total steps: 26624 
                       Steps per second: 953 
                        Collection time: 1.982s 
                          Learning time: 0.165s 
                        Mean value loss: 426.7421
                    Mean surrogate loss: -0.0119
                      Mean entropy loss: -20.3238
                            Mean reward: 88.76
                    Mean episode length: 76.02
                        Mean action std: 0.10
--------------------------------------------------------------------------------
                         Iteration time: 2.15s
                           Time elapsed: 00:00:34
                                    ETA: 00:21:50

################################################################################
[1m                           Learning iteration 13/500                            [0m 

                               Run name: original_core_920ms_fresh
                            Total steps: 28672 
                       Steps per second: 916 
                        Collection time: 2.063s 
                          Learning time: 0.171s 
                        Mean value loss: 309.8537
                    Mean surrogate loss: -0.0126
                      Mean entropy loss: -20.3238
                            Mean reward: 88.78
                    Mean episode length: 76.04
                        Mean action std: 0.10
--------------------------------------------------------------------------------
                         Iteration time: 2.23s
                           Time elapsed: 00:00:37
                                    ETA: 00:21:32

################################################################################
[1m                           Learning iteration 14/500                            [0m 

                               Run name: original_core_920ms_fresh
                            Total steps: 30720 
                       Steps per second: 940 
                        Collection time: 2.021s 
                          Learning time: 0.157s 
                        Mean value loss: 596.4995
                    Mean surrogate loss: -0.0150
                      Mean entropy loss: -20.3238
                            Mean reward: 103.66
                    Mean episode length: 81.93
                        Mean action std: 0.10
--------------------------------------------------------------------------------
                         Iteration time: 2.18s
                           Time elapsed: 00:00:39
                                    ETA: 00:21:14

################################################################################
[1m                           Learning iteration 15/500                            [0m 

                               Run name: original_core_920ms_fresh
                            Total steps: 32768 
                       Steps per second: 958 
                        Collection time: 1.970s 
                          Learning time: 0.166s 
                        Mean value loss: 394.6157
                    Mean surrogate loss: -0.0139
                      Mean entropy loss: -20.3238
                            Mean reward: 109.35
                    Mean episode length: 84.14
                        Mean action std: 0.10
--------------------------------------------------------------------------------
                         Iteration time: 2.14s
                           Time elapsed: 00:00:41
                                    ETA: 00:20:56

################################################################################
[1m                           Learning iteration 16/500                            [0m 

                               Run name: original_core_920ms_fresh
                            Total steps: 34816 
                       Steps per second: 920 
                        Collection time: 2.074s 
                          Learning time: 0.152s 
                        Mean value loss: 617.4880
                    Mean surrogate loss: -0.0137
                      Mean entropy loss: -20.3238
                            Mean reward: 138.14
                    Mean episode length: 95.38
                        Mean action std: 0.10
  Episode_Reward/motion_global_root_pos: 0.0111
  Episode_Reward/motion_global_root_ori: 0.0126
         Episode_Reward/motion_body_pos: 0.0221
         Episode_Reward/motion_body_ori: 0.0230
     Episode_Reward/motion_body_lin_vel: 0.0246
     Episode_Reward/motion_body_ang_vel: 0.0233
          Episode_Reward/action_rate_l2: -0.0027
             Episode_Reward/joint_limit: -0.0001
         Episode_Reward/self_collisions: -0.0002
Episode_Reward/action_target_reference_l2: -0.0147
Episode_Reward/action_target_soft_limit_barrier: -0.0026
                   Episode_Reward/alive: 3.2192
 Episode_Reward/non_timeout_termination: -0.7655
Episode_Reward/worst_ee_z_normalized_squared: -0.0328
Episode_Reward/right_wrist_prethreshold_barrier: -0.0018
 Episode_Reward/requested_effort_excess: -0.0000
Episode_Reward/root_world_tracking_error: -0.0113
Episode_Reward/measured_joint_posture_l2: -0.0309
Episode_Reward/measured_feet_world_position_l2: -0.0236
Episode_Reward/original_task_position_l2: -0.0191
Episode_Reward/original_task_orientation_l2: -0.0112
        Metrics/motion/error_anchor_pos: 0.2785
        Metrics/motion/error_anchor_rot: 0.1701
    Metrics/motion/error_anchor_lin_vel: 0.5453
    Metrics/motion/error_anchor_ang_vel: 0.8494
          Metrics/motion/error_body_pos: 0.2830
          Metrics/motion/error_body_rot: 0.2746
         Metrics/motion/error_joint_pos: 0.9659
         Metrics/motion/error_joint_vel: 6.1889
        Metrics/motion/sampling_entropy: 0.0000
      Metrics/motion/sampling_top1_prob: 0.0000
       Metrics/motion/sampling_top1_bin: 0.0000
      Metrics/motion/error_body_lin_vel: 0.5559
      Metrics/motion/error_body_ang_vel: 1.7908
           Episode_Termination/time_out: 0.0000
         Episode_Termination/anchor_pos: 0.0000
         Episode_Termination/anchor_ori: 0.0000
        Episode_Termination/ee_body_pos: 0.1250
Episode_Termination/corpus_clip_time_out: 0.0000
Episode_Termination/invalid_native_model_actuation: 0.0000
Episode_Termination/world_root_tracking_failure: 1.0000
 Episode_Reward/world_potential_shaping: 0.0486
--------------------------------------------------------------------------------
                         Iteration time: 2.23s
                           Time elapsed: 00:00:43
                                    ETA: 00:20:43

################################################################################
[1m                           Learning iteration 17/500                            [0m 

                               Run name: original_core_920ms_fresh
                            Total steps: 36864 
                       Steps per second: 942 
                        Collection time: 2.015s 
                          Learning time: 0.157s 
                        Mean value loss: 780.8900
                    Mean surrogate loss: -0.0118
                      Mean entropy loss: -20.3238
                            Mean reward: 164.94
                    Mean episode length: 106.21
                        Mean action std: 0.10
--------------------------------------------------------------------------------
                         Iteration time: 2.17s
                           Time elapsed: 00:00:45
                                    ETA: 00:20:30

################################################################################
[1m                           Learning iteration 18/500                            [0m 

                               Run name: original_core_920ms_fresh
                            Total steps: 38912 
                       Steps per second: 961 
                        Collection time: 1.972s 
                          Learning time: 0.157s 
                        Mean value loss: 351.5677
                    Mean surrogate loss: -0.0133
                      Mean entropy loss: -20.3238
                            Mean reward: 170.85
                    Mean episode length: 108.76
                        Mean action std: 0.10
  Episode_Reward/motion_global_root_pos: 0.0082
  Episode_Reward/motion_global_root_ori: 0.0088
         Episode_Reward/motion_body_pos: 0.0162
         Episode_Reward/motion_body_ori: 0.0153
     Episode_Reward/motion_body_lin_vel: 0.0173
     Episode_Reward/motion_body_ang_vel: 0.0160
          Episode_Reward/action_rate_l2: -0.0023
             Episode_Reward/joint_limit: -0.0010
         Episode_Reward/self_collisions: 0.0000
Episode_Reward/action_target_reference_l2: -0.0140
Episode_Reward/action_target_soft_limit_barrier: -0.0035
                   Episode_Reward/alive: 2.4800
 Episode_Reward/non_timeout_termination: -0.7655
Episode_Reward/worst_ee_z_normalized_squared: -0.0385
Episode_Reward/right_wrist_prethreshold_barrier: -0.0102
 Episode_Reward/requested_effort_excess: -0.0000
Episode_Reward/root_world_tracking_error: -0.0109
Episode_Reward/measured_joint_posture_l2: -0.0366
Episode_Reward/measured_feet_world_position_l2: -0.0193
Episode_Reward/original_task_position_l2: -0.0162
Episode_Reward/original_task_orientation_l2: -0.0097
        Metrics/motion/error_anchor_pos: 0.2870
        Metrics/motion/error_anchor_rot: 0.2127
    Metrics/motion/error_anchor_lin_vel: 0.4618
    Metrics/motion/error_anchor_ang_vel: 1.6633
          Metrics/motion/error_body_pos: 0.3052
          Metrics/motion/error_body_rot: 0.3596
         Metrics/motion/error_joint_pos: 1.3534
         Metrics/motion/error_joint_vel: 9.2009
        Metrics/motion/sampling_entropy: 0.0000
      Metrics/motion/sampling_top1_prob: 0.0000
       Metrics/motion/sampling_top1_bin: 0.0000
      Metrics/motion/error_body_lin_vel: 0.6427
      Metrics/motion/error_body_ang_vel: 2.7667
           Episode_Termination/time_out: 0.0000
         Episode_Termination/anchor_pos: 0.0000
         Episode_Termination/anchor_ori: 0.0000
        Episode_Termination/ee_body_pos: 0.0000
Episode_Termination/corpus_clip_time_out: 0.0000
Episode_Termination/invalid_native_model_actuation: 0.0000
Episode_Termination/world_root_tracking_failure: 1.5000
 Episode_Reward/world_potential_shaping: 0.0461
--------------------------------------------------------------------------------
                         Iteration time: 2.13s
                           Time elapsed: 00:00:48
                                    ETA: 00:20:16

################################################################################
[1m                           Learning iteration 19/500                            [0m 

                               Run name: original_core_920ms_fresh
                            Total steps: 40960 
                       Steps per second: 876 
                        Collection time: 2.171s 
                          Learning time: 0.165s 
                        Mean value loss: 1019.5360
                    Mean surrogate loss: -0.0107
                      Mean entropy loss: -20.3238
                            Mean reward: 199.04
                    Mean episode length: 120.00
                        Mean action std: 0.10
--------------------------------------------------------------------------------
                         Iteration time: 2.34s
                           Time elapsed: 00:00:50
                                    ETA: 00:20:09

################################################################################
[1m                           Learning iteration 20/500                            [0m 

                               Run name: original_core_920ms_fresh
                            Total steps: 43008 
                       Steps per second: 871 
                        Collection time: 2.190s 
                          Learning time: 0.159s 
                        Mean value loss: 742.5988
                    Mean surrogate loss: -0.0125
                      Mean entropy loss: -20.3238
                            Mean reward: 215.27
                    Mean episode length: 126.28
                        Mean action std: 0.10
--------------------------------------------------------------------------------
                         Iteration time: 2.35s
                           Time elapsed: 00:00:52
                                    ETA: 00:20:03

################################################################################
[1m                           Learning iteration 21/500                            [0m 

                               Run name: original_core_920ms_fresh
                            Total steps: 45056 
                       Steps per second: 398 
                        Collection time: 2.054s 
                          Learning time: 3.088s 
                        Mean value loss: 496.3304
                    Mean surrogate loss: -0.0125
                      Mean entropy loss: -20.3238
                            Mean reward: 222.19
                    Mean episode length: 128.93
                        Mean action std: 0.10
  Episode_Reward/motion_global_root_pos: 0.0085
  Episode_Reward/motion_global_root_ori: 0.0095
         Episode_Reward/motion_body_pos: 0.0172
         Episode_Reward/motion_body_ori: 0.0175
     Episode_Reward/motion_body_lin_vel: 0.0192
     Episode_Reward/motion_body_ang_vel: 0.0180
          Episode_Reward/action_rate_l2: -0.0021
             Episode_Reward/joint_limit: 0.0000
         Episode_Reward/self_collisions: -0.0004
Episode_Reward/action_target_reference_l2: -0.0121
Episode_Reward/action_target_soft_limit_barrier: -0.0020
                   Episode_Reward/alive: 2.5021
 Episode_Reward/non_timeout_termination: -0.7655
Episode_Reward/worst_ee_z_normalized_squared: -0.0383
Episode_Reward/right_wrist_prethreshold_barrier: -0.0038
 Episode_Reward/requested_effort_excess: 0.0000
Episode_Reward/root_world_tracking_error: -0.0090
Episode_Reward/measured_joint_posture_l2: -0.0207
Episode_Reward/measured_feet_world_position_l2: -0.0180
Episode_Reward/original_task_position_l2: -0.0158
Episode_Reward/original_task_orientation_l2: -0.0103
        Metrics/motion/error_anchor_pos: 0.2380
        Metrics/motion/error_anchor_rot: 0.1585
    Metrics/motion/error_anchor_lin_vel: 0.2980
    Metrics/motion/error_anchor_ang_vel: 0.7374
          Metrics/motion/error_body_pos: 0.2416
          Metrics/motion/error_body_rot: 0.2693
         Metrics/motion/error_joint_pos: 0.9788
         Metrics/motion/error_joint_vel: 6.4002
        Metrics/motion/sampling_entropy: 0.0000
      Metrics/motion/sampling_top1_prob: 0.0000
       Metrics/motion/sampling_top1_bin: 0.0000
      Metrics/motion/error_body_lin_vel: 0.3513
      Metrics/motion/error_body_ang_vel: 1.5207
           Episode_Termination/time_out: 0.0000
         Episode_Termination/anchor_pos: 0.0000
         Episode_Termination/anchor_ori: 0.0000
        Episode_Termination/ee_body_pos: 0.2500
Episode_Termination/corpus_clip_time_out: 0.0000
Episode_Termination/invalid_native_model_actuation: 0.0000
Episode_Termination/world_root_tracking_failure: 1.0000
 Episode_Reward/world_potential_shaping: 0.0384
--------------------------------------------------------------------------------
                         Iteration time: 5.14s
                           Time elapsed: 00:00:57
                                    ETA: 00:20:57

################################################################################
[1m                           Learning iteration 22/500                            [0m 

                               Run name: original_core_920ms_fresh
                            Total steps: 47104 
                       Steps per second: 915 
                        Collection time: 2.079s 
                          Learning time: 0.158s 
                        Mean value loss: 773.2074
                    Mean surrogate loss: -0.0132
                      Mean entropy loss: -20.3238
                            Mean reward: 231.39
                    Mean episode length: 132.29
                        Mean action std: 0.10
  Episode_Reward/motion_global_root_pos: 0.0072
  Episode_Reward/motion_global_root_ori: 0.0083
         Episode_Reward/motion_body_pos: 0.0144
         Episode_Reward/motion_body_ori: 0.0144
     Episode_Reward/motion_body_lin_vel: 0.0156
     Episode_Reward/motion_body_ang_vel: 0.0146
          Episode_Reward/action_rate_l2: -0.0020
             Episode_Reward/joint_limit: -0.0000
         Episode_Reward/self_collisions: -0.0008
Episode_Reward/action_target_reference_l2: -0.0111
Episode_Reward/action_target_soft_limit_barrier: -0.0027
                   Episode_Reward/alive: 2.1550
 Episode_Reward/non_timeout_termination: -0.7655
Episode_Reward/worst_ee_z_normalized_squared: -0.0209
Episode_Reward/right_wrist_prethreshold_barrier: -0.0000
 Episode_Reward/requested_effort_excess: -0.0000
Episode_Reward/root_world_tracking_error: -0.0095
Episode_Reward/measured_joint_posture_l2: -0.0275
Episode_Reward/measured_feet_world_position_l2: -0.0156
Episode_Reward/original_task_position_l2: -0.0132
Episode_Reward/original_task_orientation_l2: -0.0065
        Metrics/motion/error_anchor_pos: 0.2891
        Metrics/motion/error_anchor_rot: 0.1645
    Metrics/motion/error_anchor_lin_vel: 0.6198
    Metrics/motion/error_anchor_ang_vel: 0.9289
          Metrics/motion/error_body_pos: 0.3025
          Metrics/motion/error_body_rot: 0.2848
         Metrics/motion/error_joint_pos: 0.9813
         Metrics/motion/error_joint_vel: 7.6983
        Metrics/motion/sampling_entropy: 0.0000
      Metrics/motion/sampling_top1_prob: 0.0000
       Metrics/motion/sampling_top1_bin: 0.0000
      Metrics/motion/error_body_lin_vel: 0.6590
      Metrics/motion/error_body_ang_vel: 2.0836
           Episode_Termination/time_out: 0.0000
         Episode_Termination/anchor_pos: 0.0000
         Episode_Termination/anchor_ori: 0.0000
        Episode_Termination/ee_body_pos: 0.0000
Episode_Termination/corpus_clip_time_out: 0.0000
Episode_Termination/invalid_native_model_actuation: 0.0000
Episode_Termination/world_root_tracking_failure: 1.3333
 Episode_Reward/world_potential_shaping: 0.0369
--------------------------------------------------------------------------------
                         Iteration time: 2.24s
                           Time elapsed: 00:01:00
                                    ETA: 00:20:47

################################################################################
[1m                           Learning iteration 23/500                            [0m 

                               Run name: original_core_920ms_fresh
                            Total steps: 49152 
                       Steps per second: 911 
                        Collection time: 2.085s 
                          Learning time: 0.162s 
                        Mean value loss: 518.8901
                    Mean surrogate loss: -0.0115
                      Mean entropy loss: -20.3238
                            Mean reward: 244.24
                    Mean episode length: 136.33
                        Mean action std: 0.10
  Episode_Reward/motion_global_root_pos: 0.0130
  Episode_Reward/motion_global_root_ori: 0.0137
         Episode_Reward/motion_body_pos: 0.0257
         Episode_Reward/motion_body_ori: 0.0241
     Episode_Reward/motion_body_lin_vel: 0.0269
     Episode_Reward/motion_body_ang_vel: 0.0260
          Episode_Reward/action_rate_l2: -0.0024
             Episode_Reward/joint_limit: 0.0000
         Episode_Reward/self_collisions: -0.0003
Episode_Reward/action_target_reference_l2: -0.0117
Episode_Reward/action_target_soft_limit_barrier: -0.0022
                   Episode_Reward/alive: 3.3656
 Episode_Reward/non_timeout_termination: -0.7655
Episode_Reward/worst_ee_z_normalized_squared: -0.0098
Episode_Reward/right_wrist_prethreshold_barrier: 0.0000
 Episode_Reward/requested_effort_excess: 0.0000
Episode_Reward/root_world_tracking_error: -0.0066
Episode_Reward/measured_joint_posture_l2: -0.0293
Episode_Reward/measured_feet_world_position_l2: -0.0177
Episode_Reward/original_task_position_l2: -0.0126
Episode_Reward/original_task_orientation_l2: -0.0053
        Metrics/motion/error_anchor_pos: 0.2908
        Metrics/motion/error_anchor_rot: 0.0911
    Metrics/motion/error_anchor_lin_vel: 0.5038
    Metrics/motion/error_anchor_ang_vel: 0.5533
          Metrics/motion/error_body_pos: 0.2989
          Metrics/motion/error_body_rot: 0.1763
         Metrics/motion/error_joint_pos: 0.8450
         Metrics/motion/error_joint_vel: 4.0841
        Metrics/motion/sampling_entropy: 0.0000
      Metrics/motion/sampling_top1_prob: 0.0000
       Metrics/motion/sampling_top1_bin: 0.0000
      Metrics/motion/error_body_lin_vel: 0.4308
      Metrics/motion/error_body_ang_vel: 0.9923
           Episode_Termination/time_out: 0.0000
         Episode_Termination/anchor_pos: 0.0000
         Episode_Termination/anchor_ori: 0.0000
        Episode_Termination/ee_body_pos: 0.0000
Episode_Termination/corpus_clip_time_out: 0.0000
Episode_Termination/invalid_native_model_actuation: 0.0000
Episode_Termination/world_root_tracking_failure: 1.0000
 Episode_Reward/world_potential_shaping: 0.0319
--------------------------------------------------------------------------------
                         Iteration time: 2.25s
                           Time elapsed: 00:01:02
                                    ETA: 00:20:37

################################################################################
[1m                           Learning iteration 24/500                            [0m 

                               Run name: original_core_920ms_fresh
                            Total steps: 51200 
                       Steps per second: 902 
                        Collection time: 2.093s 
                          Learning time: 0.176s 
                        Mean value loss: 492.9825
                    Mean surrogate loss: -0.0153
                      Mean entropy loss: -20.3238
                            Mean reward: 245.27
                    Mean episode length: 136.34
                        Mean action std: 0.10
--------------------------------------------------------------------------------
                         Iteration time: 2.27s
                           Time elapsed: 00:01:04
                                    ETA: 00:20:28

################################################################################
[1m                           Learning iteration 25/500                            [0m 

                               Run name: original_core_920ms_fresh
                            Total steps: 53248 
                       Steps per second: 948 
                        Collection time: 2.000s 
                          Learning time: 0.159s 
                        Mean value loss: 748.6430
                    Mean surrogate loss: -0.0112
                      Mean entropy loss: -20.3238
                            Mean reward: 309.80
                    Mean episode length: 159.60
                        Mean action std: 0.10
  Episode_Reward/motion_global_root_pos: 0.0181
  Episode_Reward/motion_global_root_ori: 0.0206
         Episode_Reward/motion_body_pos: 0.0358
         Episode_Reward/motion_body_ori: 0.0371
     Episode_Reward/motion_body_lin_vel: 0.0404
     Episode_Reward/motion_body_ang_vel: 0.0390
          Episode_Reward/action_rate_l2: -0.0036
             Episode_Reward/joint_limit: -0.0000
         Episode_Reward/self_collisions: -0.0010
Episode_Reward/action_target_reference_l2: -0.0172
Episode_Reward/action_target_soft_limit_barrier: -0.0032
                   Episode_Reward/alive: 5.0229
 Episode_Reward/non_timeout_termination: -0.5954
Episode_Reward/worst_ee_z_normalized_squared: -0.0208
Episode_Reward/right_wrist_prethreshold_barrier: -0.0001
 Episode_Reward/requested_effort_excess: -0.0000
Episode_Reward/root_world_tracking_error: -0.0117
Episode_Reward/measured_joint_posture_l2: -0.0397
Episode_Reward/measured_feet_world_position_l2: -0.0362
Episode_Reward/original_task_position_l2: -0.0262
Episode_Reward/original_task_orientation_l2: -0.0089
        Metrics/motion/error_anchor_pos: 0.2465
        Metrics/motion/error_anchor_rot: 0.1345
    Metrics/motion/error_anchor_lin_vel: 0.3924
    Metrics/motion/error_anchor_ang_vel: 0.8517
          Metrics/motion/error_body_pos: 0.2560
          Metrics/motion/error_body_rot: 0.2392
         Metrics/motion/error_joint_pos: 0.9091
         Metrics/motion/error_joint_vel: 4.4765
        Metrics/motion/sampling_entropy: 0.0000
      Metrics/motion/sampling_top1_prob: 0.0000
       Metrics/motion/sampling_top1_bin: 0.0000
      Metrics/motion/error_body_lin_vel: 0.3986
      Metrics/motion/error_body_ang_vel: 1.2876
           Episode_Termination/time_out: 0.0000
         Episode_Termination/anchor_pos: 0.0000
         Episode_Termination/anchor_ori: 0.0000
        Episode_Termination/ee_body_pos: 0.0000
Episode_Termination/corpus_clip_time_out: 0.2222
Episode_Termination/invalid_native_model_actuation: 0.0000
Episode_Termination/world_root_tracking_failure: 1.0000
 Episode_Reward/world_potential_shaping: 0.0575
--------------------------------------------------------------------------------
                         Iteration time: 2.16s
                           Time elapsed: 00:01:06
                                    ETA: 00:20:18

################################################################################
[1m                           Learning iteration 26/500                            [0m 

                               Run name: original_core_920ms_fresh
                            Total steps: 55296 
                       Steps per second: 927 
                        Collection time: 2.043s 
                          Learning time: 0.166s 
                        Mean value loss: 875.3312
                    Mean surrogate loss: -0.0113
                      Mean entropy loss: -20.3238
                            Mean reward: 379.49
                    Mean episode length: 182.68
                        Mean action std: 0.10
  Episode_Reward/motion_global_root_pos: 0.0170
  Episode_Reward/motion_global_root_ori: 0.0190
         Episode_Reward/motion_body_pos: 0.0340
         Episode_Reward/motion_body_ori: 0.0350
     Episode_Reward/motion_body_lin_vel: 0.0381
     Episode_Reward/motion_body_ang_vel: 0.0368
          Episode_Reward/action_rate_l2: -0.0032
             Episode_Reward/joint_limit: -0.0000
         Episode_Reward/self_collisions: -0.0020
Episode_Reward/action_target_reference_l2: -0.0157
Episode_Reward/action_target_soft_limit_barrier: -0.0027
                   Episode_Reward/alive: 4.6350
 Episode_Reward/non_timeout_termination: -0.5900
Episode_Reward/worst_ee_z_normalized_squared: -0.0232
Episode_Reward/right_wrist_prethreshold_barrier: 0.0000
 Episode_Reward/requested_effort_excess: -0.0000
Episode_Reward/root_world_tracking_error: -0.0089
Episode_Reward/measured_joint_posture_l2: -0.0288
Episode_Reward/measured_feet_world_position_l2: -0.0314
Episode_Reward/original_task_position_l2: -0.0232
Episode_Reward/original_task_orientation_l2: -0.0072
        Metrics/motion/error_anchor_pos: 0.2465
        Metrics/motion/error_anchor_rot: 0.1314
    Metrics/motion/error_anchor_lin_vel: 0.3109
    Metrics/motion/error_anchor_ang_vel: 1.0516
          Metrics/motion/error_body_pos: 0.2566
          Metrics/motion/error_body_rot: 0.2057
         Metrics/motion/error_joint_pos: 0.8324
         Metrics/motion/error_joint_vel: 5.0196
        Metrics/motion/sampling_entropy: 0.0000
      Metrics/motion/sampling_top1_prob: 0.0000
       Metrics/motion/sampling_top1_bin: 0.0000
      Metrics/motion/error_body_lin_vel: 0.3867
      Metrics/motion/error_body_ang_vel: 1.4087
           Episode_Termination/time_out: 0.0000
         Episode_Termination/anchor_pos: 0.0000
         Episode_Termination/anchor_ori: 0.0000
        Episode_Termination/ee_body_pos: 0.0000
Episode_Termination/corpus_clip_time_out: 0.3750
Episode_Termination/invalid_native_model_actuation: 0.0000
Episode_Termination/world_root_tracking_failure: 1.3750
 Episode_Reward/world_potential_shaping: 0.0489
--------------------------------------------------------------------------------
                         Iteration time: 2.21s
                           Time elapsed: 00:01:09
                                    ETA: 00:20:09

################################################################################
[1m                           Learning iteration 27/500                            [0m 

                               Run name: original_core_920ms_fresh
                            Total steps: 57344 
                       Steps per second: 824 
                        Collection time: 2.277s 
                          Learning time: 0.206s 
                        Mean value loss: 902.9229
                    Mean surrogate loss: -0.0145
                      Mean entropy loss: -20.3238
                            Mean reward: 433.07
                    Mean episode length: 200.02
                        Mean action std: 0.10
  Episode_Reward/motion_global_root_pos: 0.0141
  Episode_Reward/motion_global_root_ori: 0.0151
         Episode_Reward/motion_body_pos: 0.0281
         Episode_Reward/motion_body_ori: 0.0274
     Episode_Reward/motion_body_lin_vel: 0.0301
     Episode_Reward/motion_body_ang_vel: 0.0289
          Episode_Reward/action_rate_l2: -0.0026
             Episode_Reward/joint_limit: -0.0000
         Episode_Reward/self_collisions: -0.0009
Episode_Reward/action_target_reference_l2: -0.0131
Episode_Reward/action_target_soft_limit_barrier: -0.0025
                   Episode_Reward/alive: 3.7341
 Episode_Reward/non_timeout_termination: -0.6698
Episode_Reward/worst_ee_z_normalized_squared: -0.0156
Episode_Reward/right_wrist_prethreshold_barrier: -0.0002
 Episode_Reward/requested_effort_excess: -0.0000
Episode_Reward/root_world_tracking_error: -0.0075
Episode_Reward/measured_joint_posture_l2: -0.0265
Episode_Reward/measured_feet_world_position_l2: -0.0240
Episode_Reward/original_task_position_l2: -0.0161
Episode_Reward/original_task_orientation_l2: -0.0068
        Metrics/motion/error_anchor_pos: 0.2577
        Metrics/motion/error_anchor_rot: 0.1439
    Metrics/motion/error_anchor_lin_vel: 0.4532
    Metrics/motion/error_anchor_ang_vel: 0.8261
          Metrics/motion/error_body_pos: 0.2640
          Metrics/motion/error_body_rot: 0.2437
         Metrics/motion/error_joint_pos: 0.8951
         Metrics/motion/error_joint_vel: 5.6752
        Metrics/motion/sampling_entropy: 0.0000
      Metrics/motion/sampling_top1_prob: 0.0000
       Metrics/motion/sampling_top1_bin: 0.0000
      Metrics/motion/error_body_lin_vel: 0.5143
      Metrics/motion/error_body_ang_vel: 1.4398
           Episode_Termination/time_out: 0.0000
         Episode_Termination/anchor_pos: 0.0000
         Episode_Termination/anchor_ori: 0.0000
        Episode_Termination/ee_body_pos: 0.0000
Episode_Termination/corpus_clip_time_out: 0.2000
Episode_Termination/invalid_native_model_actuation: 0.0000
Episode_Termination/world_root_tracking_failure: 1.4000
 Episode_Reward/world_potential_shaping: 0.0420
--------------------------------------------------------------------------------
                         Iteration time: 2.48s
                           Time elapsed: 00:01:11
                                    ETA: 00:20:05

################################################################################
[1m                           Learning iteration 28/500                            [0m 

                               Run name: original_core_920ms_fresh
                            Total steps: 59392 
                       Steps per second: 841 
                        Collection time: 2.276s 
                          Learning time: 0.158s 
                        Mean value loss: 1038.4873
                    Mean surrogate loss: -0.0159
                      Mean entropy loss: -20.3238
                            Mean reward: 510.52
                    Mean episode length: 226.00
                        Mean action std: 0.10
  Episode_Reward/motion_global_root_pos: 0.0210
  Episode_Reward/motion_global_root_ori: 0.0234
         Episode_Reward/motion_body_pos: 0.0419
         Episode_Reward/motion_body_ori: 0.0421
     Episode_Reward/motion_body_lin_vel: 0.0476
     Episode_Reward/motion_body_ang_vel: 0.0456
          Episode_Reward/action_rate_l2: -0.0039
             Episode_Reward/joint_limit: -0.0000
         Episode_Reward/self_collisions: -0.0002
Episode_Reward/action_target_reference_l2: -0.0178
Episode_Reward/action_target_soft_limit_barrier: -0.0028
                   Episode_Reward/alive: 5.7772
 Episode_Reward/non_timeout_termination: -0.7017
Episode_Reward/worst_ee_z_normalized_squared: -0.0259
Episode_Reward/right_wrist_prethreshold_barrier: 0.0000
 Episode_Reward/requested_effort_excess: 0.0000
Episode_Reward/root_world_tracking_error: -0.0116
Episode_Reward/measured_joint_posture_l2: -0.0305
Episode_Reward/measured_feet_world_position_l2: -0.0379
Episode_Reward/original_task_position_l2: -0.0285
Episode_Reward/original_task_orientation_l2: -0.0107
        Metrics/motion/error_anchor_pos: 0.2760
        Metrics/motion/error_anchor_rot: 0.1122
    Metrics/motion/error_anchor_lin_vel: 0.4922
    Metrics/motion/error_anchor_ang_vel: 0.8890
          Metrics/motion/error_body_pos: 0.2799
          Metrics/motion/error_body_rot: 0.2479
         Metrics/motion/error_joint_pos: 0.8910
         Metrics/motion/error_joint_vel: 5.1777
        Metrics/motion/sampling_entropy: 0.0000
      Metrics/motion/sampling_top1_prob: 0.0000
       Metrics/motion/sampling_top1_bin: 0.0000
      Metrics/motion/error_body_lin_vel: 0.5270
      Metrics/motion/error_body_ang_vel: 1.4390
           Episode_Termination/time_out: 0.0000
         Episode_Termination/anchor_pos: 0.0000
         Episode_Termination/anchor_ori: 0.0000
        Episode_Termination/ee_body_pos: 0.0000
Episode_Termination/corpus_clip_time_out: 0.0833
Episode_Termination/invalid_native_model_actuation: 0.0000
Episode_Termination/world_root_tracking_failure: 1.2500
 Episode_Reward/world_potential_shaping: 0.0605
--------------------------------------------------------------------------------
                         Iteration time: 2.43s
                           Time elapsed: 00:01:13
                                    ETA: 00:20:00

################################################################################
[1m                           Learning iteration 29/500                            [0m 

                               Run name: original_core_920ms_fresh
                            Total steps: 61440 
                       Steps per second: 760 
                        Collection time: 2.532s 
                          Learning time: 0.163s 
                        Mean value loss: 871.3281
                    Mean surrogate loss: -0.0106
                      Mean entropy loss: -20.3238
                            Mean reward: 585.41
                    Mean episode length: 251.02
                        Mean action std: 0.10
  Episode_Reward/motion_global_root_pos: 0.0211
  Episode_Reward/motion_global_root_ori: 0.0238
         Episode_Reward/motion_body_pos: 0.0416
         Episode_Reward/motion_body_ori: 0.0436
     Episode_Reward/motion_body_lin_vel: 0.0481
     Episode_Reward/motion_body_ang_vel: 0.0459
          Episode_Reward/action_rate_l2: -0.0041
             Episode_Reward/joint_limit: -0.0000
         Episode_Reward/self_collisions: -0.0002
Episode_Reward/action_target_reference_l2: -0.0195
Episode_Reward/action_target_soft_limit_barrier: -0.0030
                   Episode_Reward/alive: 5.8993
 Episode_Reward/non_timeout_termination: -0.5741
Episode_Reward/worst_ee_z_normalized_squared: -0.0407
Episode_Reward/right_wrist_prethreshold_barrier: -0.0000
 Episode_Reward/requested_effort_excess: -0.0000
Episode_Reward/root_world_tracking_error: -0.0133
Episode_Reward/measured_joint_posture_l2: -0.0366
Episode_Reward/measured_feet_world_position_l2: -0.0416
Episode_Reward/original_task_position_l2: -0.0303
Episode_Reward/original_task_orientation_l2: -0.0134
        Metrics/motion/error_anchor_pos: 0.2555
        Metrics/motion/error_anchor_rot: 0.0983
    Metrics/motion/error_anchor_lin_vel: 0.4340
    Metrics/motion/error_anchor_ang_vel: 0.8945
          Metrics/motion/error_body_pos: 0.2635
          Metrics/motion/error_body_rot: 0.2011
         Metrics/motion/error_joint_pos: 0.7771
         Metrics/motion/error_joint_vel: 5.4670
        Metrics/motion/sampling_entropy: 0.0000
      Metrics/motion/sampling_top1_prob: 0.0000
       Metrics/motion/sampling_top1_bin: 0.0000
      Metrics/motion/error_body_lin_vel: 0.4766
      Metrics/motion/error_body_ang_vel: 1.4966
           Episode_Termination/time_out: 0.0000
         Episode_Termination/anchor_pos: 0.0000
         Episode_Termination/anchor_ori: 0.0000
        Episode_Termination/ee_body_pos: 0.0000
Episode_Termination/corpus_clip_time_out: 0.3333
Episode_Termination/invalid_native_model_actuation: 0.0000
Episode_Termination/world_root_tracking_failure: 1.0000
 Episode_Reward/world_potential_shaping: 0.0640
--------------------------------------------------------------------------------
                         Iteration time: 2.69s
                           Time elapsed: 00:01:16
                                    ETA: 00:20:00

################################################################################
[1m                           Learning iteration 30/500                            [0m 

                               Run name: original_core_920ms_fresh
                            Total steps: 63488 
                       Steps per second: 921 
                        Collection time: 2.066s 
                          Learning time: 0.157s 
                        Mean value loss: 700.5542
                    Mean surrogate loss: -0.0110
                      Mean entropy loss: -20.3238
                            Mean reward: 573.54
                    Mean episode length: 246.43
                        Mean action std: 0.10
--------------------------------------------------------------------------------
                         Iteration time: 2.22s
                           Time elapsed: 00:01:18
                                    ETA: 00:19:52

################################################################################
[1m                           Learning iteration 31/500                            [0m 

                               Run name: original_core_920ms_fresh
                            Total steps: 65536 
                       Steps per second: 959 
                        Collection time: 1.976s 
                          Learning time: 0.159s 
                        Mean value loss: 489.2544
                    Mean surrogate loss: -0.0129
                      Mean entropy loss: -20.3238
                            Mean reward: 572.05
                    Mean episode length: 245.70
                        Mean action std: 0.10
--------------------------------------------------------------------------------
                         Iteration time: 2.13s
                           Time elapsed: 00:01:20
                                    ETA: 00:19:44

################################################################################
[1m                           Learning iteration 32/500                            [0m 

                               Run name: original_core_920ms_fresh
                            Total steps: 67584 
                       Steps per second: 972 
                        Collection time: 1.952s 
                          Learning time: 0.153s 
                        Mean value loss: 1207.2651
                    Mean surrogate loss: -0.0113
                      Mean entropy loss: -20.3238
                            Mean reward: 586.23
                    Mean episode length: 252.12
                        Mean action std: 0.10
--------------------------------------------------------------------------------
                         Iteration time: 2.11s
                           Time elapsed: 00:01:23
                                    ETA: 00:19:35

################################################################################
[1m                           Learning iteration 33/500                            [0m 

                               Run name: original_core_920ms_fresh
                            Total steps: 69632 
                       Steps per second: 893 
                        Collection time: 2.126s 
                          Learning time: 0.167s 
                        Mean value loss: 772.7926
                    Mean surrogate loss: -0.0109
                      Mean entropy loss: -20.3238
                            Mean reward: 581.81
                    Mean episode length: 250.71
                        Mean action std: 0.10
  Episode_Reward/motion_global_root_pos: 0.0112
  Episode_Reward/motion_global_root_ori: 0.0142
         Episode_Reward/motion_body_pos: 0.0226
         Episode_Reward/motion_body_ori: 0.0252
     Episode_Reward/motion_body_lin_vel: 0.0280
     Episode_Reward/motion_body_ang_vel: 0.0268
          Episode_Reward/action_rate_l2: -0.0026
             Episode_Reward/joint_limit: -0.0002
         Episode_Reward/self_collisions: -0.0037
Episode_Reward/action_target_reference_l2: -0.0141
Episode_Reward/action_target_soft_limit_barrier: -0.0022
                   Episode_Reward/alive: 3.4950
 Episode_Reward/non_timeout_termination: -0.5741
Episode_Reward/worst_ee_z_normalized_squared: -0.0403
Episode_Reward/right_wrist_prethreshold_barrier: -0.0002
 Episode_Reward/requested_effort_excess: -0.0000
Episode_Reward/root_world_tracking_error: -0.0117
Episode_Reward/measured_joint_posture_l2: -0.0267
Episode_Reward/measured_feet_world_position_l2: -0.0261
Episode_Reward/original_task_position_l2: -0.0219
Episode_Reward/original_task_orientation_l2: -0.0092
        Metrics/motion/error_anchor_pos: 0.2677
        Metrics/motion/error_anchor_rot: 0.1025
    Metrics/motion/error_anchor_lin_vel: 0.4025
    Metrics/motion/error_anchor_ang_vel: 0.8201
          Metrics/motion/error_body_pos: 0.2651
          Metrics/motion/error_body_rot: 0.2089
         Metrics/motion/error_joint_pos: 0.9618
         Metrics/motion/error_joint_vel: 4.2870
        Metrics/motion/sampling_entropy: 0.0000
      Metrics/motion/sampling_top1_prob: 0.0000
       Metrics/motion/sampling_top1_bin: 0.0000
      Metrics/motion/error_body_lin_vel: 0.3897
      Metrics/motion/error_body_ang_vel: 1.1735
           Episode_Termination/time_out: 0.0000
         Episode_Termination/anchor_pos: 0.0000
         Episode_Termination/anchor_ori: 0.0000
        Episode_Termination/ee_body_pos: 0.0000
Episode_Termination/corpus_clip_time_out: 0.2500
Episode_Termination/invalid_native_model_actuation: 0.0000
Episode_Termination/world_root_tracking_failure: 1.2500
 Episode_Reward/world_potential_shaping: 0.0446
--------------------------------------------------------------------------------
                         Iteration time: 2.29s
                           Time elapsed: 00:01:25
                                    ETA: 00:19:30

################################################################################
[1m                           Learning iteration 34/500                            [0m 

                               Run name: original_core_920ms_fresh
                            Total steps: 71680 
                       Steps per second: 383 
                        Collection time: 2.197s 
                          Learning time: 3.141s 
                        Mean value loss: 787.7991
                    Mean surrogate loss: -0.0174
                      Mean entropy loss: -20.3238
                            Mean reward: 544.99
                    Mean episode length: 238.16
                        Mean action std: 0.10
  Episode_Reward/motion_global_root_pos: 0.0116
  Episode_Reward/motion_global_root_ori: 0.0139
         Episode_Reward/motion_body_pos: 0.0234
         Episode_Reward/motion_body_ori: 0.0245
     Episode_Reward/motion_body_lin_vel: 0.0278
     Episode_Reward/motion_body_ang_vel: 0.0261
          Episode_Reward/action_rate_l2: -0.0028
             Episode_Reward/joint_limit: -0.0000
         Episode_Reward/self_collisions: 0.0000
Episode_Reward/action_target_reference_l2: -0.0160
Episode_Reward/action_target_soft_limit_barrier: -0.0020
                   Episode_Reward/alive: 3.5745
 Episode_Reward/non_timeout_termination: -0.6124
Episode_Reward/worst_ee_z_normalized_squared: -0.0381
Episode_Reward/right_wrist_prethreshold_barrier: -0.0005
 Episode_Reward/requested_effort_excess: -0.0000
Episode_Reward/root_world_tracking_error: -0.0131
Episode_Reward/measured_joint_posture_l2: -0.0304
Episode_Reward/measured_feet_world_position_l2: -0.0262
Episode_Reward/original_task_position_l2: -0.0224
Episode_Reward/original_task_orientation_l2: -0.0106
        Metrics/motion/error_anchor_pos: 0.2653
        Metrics/motion/error_anchor_rot: 0.1667
    Metrics/motion/error_anchor_lin_vel: 0.4497
    Metrics/motion/error_anchor_ang_vel: 1.2933
          Metrics/motion/error_body_pos: 0.2687
          Metrics/motion/error_body_rot: 0.2920
         Metrics/motion/error_joint_pos: 0.9666
         Metrics/motion/error_joint_vel: 5.8184
        Metrics/motion/sampling_entropy: 0.0000
      Metrics/motion/sampling_top1_prob: 0.0000
       Metrics/motion/sampling_top1_bin: 0.0000
      Metrics/motion/error_body_lin_vel: 0.5153
      Metrics/motion/error_body_ang_vel: 1.8059
           Episode_Termination/time_out: 0.0000
         Episode_Termination/anchor_pos: 0.0000
         Episode_Termination/anchor_ori: 0.0000
        Episode_Termination/ee_body_pos: 0.1000
Episode_Termination/corpus_clip_time_out: 0.2000
Episode_Termination/invalid_native_model_actuation: 0.0000
Episode_Termination/world_root_tracking_failure: 0.9000
 Episode_Reward/world_potential_shaping: 0.0483
--------------------------------------------------------------------------------
                         Iteration time: 5.34s
                           Time elapsed: 00:01:30
                                    ETA: 00:20:05

################################################################################
[1m                           Learning iteration 35/500                            [0m 

                               Run name: original_core_920ms_fresh
                            Total steps: 73728 
                       Steps per second: 910 
                        Collection time: 2.090s 
                          Learning time: 0.160s 
                        Mean value loss: 761.6535
                    Mean surrogate loss: -0.0114
                      Mean entropy loss: -20.3238
                            Mean reward: 522.41
                    Mean episode length: 230.62
                        Mean action std: 0.10
--------------------------------------------------------------------------------
                         Iteration time: 2.25s
                           Time elapsed: 00:01:32
                                    ETA: 00:19:58

################################################################################
[1m                           Learning iteration 36/500                            [0m 

                               Run name: original_core_920ms_fresh
                            Total steps: 75776 
                       Steps per second: 889 
                        Collection time: 2.141s 
                          Learning time: 0.163s 
                        Mean value loss: 771.6962
                    Mean surrogate loss: -0.0165
                      Mean entropy loss: -20.3238
                            Mean reward: 483.65
                    Mean episode length: 217.17
                        Mean action std: 0.10
--------------------------------------------------------------------------------
                         Iteration time: 2.30s
                           Time elapsed: 00:01:35
                                    ETA: 00:19:52

################################################################################
[1m                           Learning iteration 37/500                            [0m 

                               Run name: original_core_920ms_fresh
                            Total steps: 77824 
                       Steps per second: 891 
                        Collection time: 2.140s 
                          Learning time: 0.157s 
                        Mean value loss: 864.1558
                    Mean surrogate loss: -0.0122
                      Mean entropy loss: -20.3238
                            Mean reward: 471.53
                    Mean episode length: 213.83
                        Mean action std: 0.10
--------------------------------------------------------------------------------
                         Iteration time: 2.30s
                           Time elapsed: 00:01:37
                                    ETA: 00:19:46

################################################################################
[1m                           Learning iteration 38/500                            [0m 

                               Run name: original_core_920ms_fresh
                            Total steps: 79872 
                       Steps per second: 901 
                        Collection time: 2.114s 
                          Learning time: 0.157s 
                        Mean value loss: 898.4621
                    Mean surrogate loss: -0.0098
                      Mean entropy loss: -20.3238
                            Mean reward: 440.36
                    Mean episode length: 202.54
                        Mean action std: 0.10
--------------------------------------------------------------------------------
                         Iteration time: 2.27s
                           Time elapsed: 00:01:39
                                    ETA: 00:19:40

################################################################################
[1m                           Learning iteration 39/500                            [0m 

                               Run name: original_core_920ms_fresh
                            Total steps: 81920 
                       Steps per second: 906 
                        Collection time: 2.079s 
                          Learning time: 0.179s 
                        Mean value loss: 869.5510
                    Mean surrogate loss: -0.0111
                      Mean entropy loss: -20.3238
                            Mean reward: 380.89
                    Mean episode length: 183.21
                        Mean action std: 0.10
  Episode_Reward/motion_global_root_pos: 0.0093
  Episode_Reward/motion_global_root_ori: 0.0107
         Episode_Reward/motion_body_pos: 0.0183
         Episode_Reward/motion_body_ori: 0.0185
     Episode_Reward/motion_body_lin_vel: 0.0208
     Episode_Reward/motion_body_ang_vel: 0.0193
          Episode_Reward/action_rate_l2: -0.0024
             Episode_Reward/joint_limit: -0.0000
         Episode_Reward/self_collisions: -0.0024
Episode_Reward/action_target_reference_l2: -0.0131
Episode_Reward/action_target_soft_limit_barrier: -0.0024
                   Episode_Reward/alive: 2.7671
 Episode_Reward/non_timeout_termination: -0.7371
Episode_Reward/worst_ee_z_normalized_squared: -0.0347
Episode_Reward/right_wrist_prethreshold_barrier: -0.0010
 Episode_Reward/requested_effort_excess: -0.0000
Episode_Reward/root_world_tracking_error: -0.0105
Episode_Reward/measured_joint_posture_l2: -0.0319
Episode_Reward/measured_feet_world_position_l2: -0.0205
Episode_Reward/original_task_position_l2: -0.0164
Episode_Reward/original_task_orientation_l2: -0.0105
        Metrics/motion/error_anchor_pos: 0.2818
        Metrics/motion/error_anchor_rot: 0.1548
    Metrics/motion/error_anchor_lin_vel: 0.5583
    Metrics/motion/error_anchor_ang_vel: 1.1281
          Metrics/motion/error_body_pos: 0.2829
          Metrics/motion/error_body_rot: 0.2688
         Metrics/motion/error_joint_pos: 0.9400
         Metrics/motion/error_joint_vel: 5.6778
        Metrics/motion/sampling_entropy: 0.0000
      Metrics/motion/sampling_top1_prob: 0.0000
       Metrics/motion/sampling_top1_bin: 0.0000
      Metrics/motion/error_body_lin_vel: 0.5649
      Metrics/motion/error_body_ang_vel: 1.6038
           Episode_Termination/time_out: 0.0000
         Episode_Termination/anchor_pos: 0.0000
         Episode_Termination/anchor_ori: 0.0000
        Episode_Termination/ee_body_pos: 0.0000
Episode_Termination/corpus_clip_time_out: 0.1111
Episode_Termination/invalid_native_model_actuation: 0.0000
Episode_Termination/world_root_tracking_failure: 1.2222
 Episode_Reward/world_potential_shaping: 0.0433
--------------------------------------------------------------------------------
                         Iteration time: 2.26s
                           Time elapsed: 00:01:42
                                    ETA: 00:19:34

################################################################################
[1m                           Learning iteration 40/500                            [0m 

                               Run name: original_core_920ms_fresh
                            Total steps: 83968 
                       Steps per second: 890 
                        Collection time: 2.144s 
                          Learning time: 0.156s 
                        Mean value loss: 600.4574
                    Mean surrogate loss: -0.0114
                      Mean entropy loss: -20.3238
                            Mean reward: 354.55
                    Mean episode length: 174.17
                        Mean action std: 0.10
--------------------------------------------------------------------------------
                         Iteration time: 2.30s
                           Time elapsed: 00:01:44
                                    ETA: 00:19:28

################################################################################
[1m                           Learning iteration 41/500                            [0m 

                               Run name: original_core_920ms_fresh
                            Total steps: 86016 
                       Steps per second: 929 
                        Collection time: 2.042s 
                          Learning time: 0.161s 
                        Mean value loss: 1199.9271
                    Mean surrogate loss: -0.0150
                      Mean entropy loss: -20.3238
                            Mean reward: 365.81
                    Mean episode length: 179.66
                        Mean action std: 0.10
  Episode_Reward/motion_global_root_pos: 0.0126
  Episode_Reward/motion_global_root_ori: 0.0148
         Episode_Reward/motion_body_pos: 0.0251
         Episode_Reward/motion_body_ori: 0.0249
     Episode_Reward/motion_body_lin_vel: 0.0297
     Episode_Reward/motion_body_ang_vel: 0.0271
          Episode_Reward/action_rate_l2: -0.0032
             Episode_Reward/joint_limit: -0.0002
         Episode_Reward/self_collisions: -0.0035
Episode_Reward/action_target_reference_l2: -0.0192
Episode_Reward/action_target_soft_limit_barrier: -0.0031
                   Episode_Reward/alive: 3.8088
 Episode_Reward/non_timeout_termination: -0.7655
Episode_Reward/worst_ee_z_normalized_squared: -0.0613
Episode_Reward/right_wrist_prethreshold_barrier: -0.0022
 Episode_Reward/requested_effort_excess: -0.0000
Episode_Reward/root_world_tracking_error: -0.0135
Episode_Reward/measured_joint_posture_l2: -0.0356
Episode_Reward/measured_feet_world_position_l2: -0.0285
Episode_Reward/original_task_position_l2: -0.0236
Episode_Reward/original_task_orientation_l2: -0.0160
        Metrics/motion/error_anchor_pos: 0.2859
        Metrics/motion/error_anchor_rot: 0.1372
    Metrics/motion/error_anchor_lin_vel: 0.4116
    Metrics/motion/error_anchor_ang_vel: 0.6774
          Metrics/motion/error_body_pos: 0.2926
          Metrics/motion/error_body_rot: 0.2607
         Metrics/motion/error_joint_pos: 0.9223
         Metrics/motion/error_joint_vel: 6.8039
        Metrics/motion/sampling_entropy: 0.0000
      Metrics/motion/sampling_top1_prob: 0.0000
       Metrics/motion/sampling_top1_bin: 0.0000
      Metrics/motion/error_body_lin_vel: 0.5122
      Metrics/motion/error_body_ang_vel: 1.7580
           Episode_Termination/time_out: 0.0000
         Episode_Termination/anchor_pos: 0.0000
         Episode_Termination/anchor_ori: 0.0000
        Episode_Termination/ee_body_pos: 0.0000
Episode_Termination/corpus_clip_time_out: 0.0000
Episode_Termination/invalid_native_model_actuation: 0.0000
Episode_Termination/world_root_tracking_failure: 1.2222
 Episode_Reward/world_potential_shaping: 0.0536
--------------------------------------------------------------------------------
                         Iteration time: 2.20s
                           Time elapsed: 00:01:46
                                    ETA: 00:19:22

################################################################################
[1m                           Learning iteration 42/500                            [0m 

                               Run name: original_core_920ms_fresh
                            Total steps: 88064 
                       Steps per second: 895 
                        Collection time: 2.114s 
                          Learning time: 0.171s 
                        Mean value loss: 959.2964
                    Mean surrogate loss: -0.0070
                      Mean entropy loss: -20.3238
                            Mean reward: 378.94
                    Mean episode length: 185.70
                        Mean action std: 0.10
  Episode_Reward/motion_global_root_pos: 0.0149
  Episode_Reward/motion_global_root_ori: 0.0166
         Episode_Reward/motion_body_pos: 0.0301
         Episode_Reward/motion_body_ori: 0.0279
     Episode_Reward/motion_body_lin_vel: 0.0338
     Episode_Reward/motion_body_ang_vel: 0.0304
          Episode_Reward/action_rate_l2: -0.0037
             Episode_Reward/joint_limit: -0.0002
         Episode_Reward/self_collisions: -0.0055
Episode_Reward/action_target_reference_l2: -0.0227
Episode_Reward/action_target_soft_limit_barrier: -0.0030
                   Episode_Reward/alive: 4.3171
 Episode_Reward/non_timeout_termination: -0.7655
Episode_Reward/worst_ee_z_normalized_squared: -0.0895
Episode_Reward/right_wrist_prethreshold_barrier: -0.0054
 Episode_Reward/requested_effort_excess: -0.0000
Episode_Reward/root_world_tracking_error: -0.0131
Episode_Reward/measured_joint_posture_l2: -0.0424
Episode_Reward/measured_feet_world_position_l2: -0.0296
Episode_Reward/original_task_position_l2: -0.0260
Episode_Reward/original_task_orientation_l2: -0.0217
        Metrics/motion/error_anchor_pos: 0.2767
        Metrics/motion/error_anchor_rot: 0.1575
    Metrics/motion/error_anchor_lin_vel: 0.3759
    Metrics/motion/error_anchor_ang_vel: 1.0490
          Metrics/motion/error_body_pos: 0.2713
          Metrics/motion/error_body_rot: 0.3157
         Metrics/motion/error_joint_pos: 1.1217
         Metrics/motion/error_joint_vel: 7.0275
        Metrics/motion/sampling_entropy: 0.0000
      Metrics/motion/sampling_top1_prob: 0.0000
       Metrics/motion/sampling_top1_bin: 0.0000
      Metrics/motion/error_body_lin_vel: 0.4265
      Metrics/motion/error_body_ang_vel: 1.7161
           Episode_Termination/time_out: 0.0000
         Episode_Termination/anchor_pos: 0.0000
         Episode_Termination/anchor_ori: 0.0000
        Episode_Termination/ee_body_pos: 0.1429
Episode_Termination/corpus_clip_time_out: 0.0000
Episode_Termination/invalid_native_model_actuation: 0.0000
Episode_Termination/world_root_tracking_failure: 1.1429
 Episode_Reward/world_potential_shaping: 0.0563
--------------------------------------------------------------------------------
                         Iteration time: 2.29s
                           Time elapsed: 00:01:48
                                    ETA: 00:19:17

################################################################################
[1m                           Learning iteration 43/500                            [0m 

                               Run name: original_core_920ms_fresh
                            Total steps: 90112 
                       Steps per second: 891 
                        Collection time: 2.138s 
                          Learning time: 0.160s 
                        Mean value loss: 1296.9852
                    Mean surrogate loss: -0.0071
                      Mean entropy loss: -20.3237
                            Mean reward: 393.64
                    Mean episode length: 190.16
                        Mean action std: 0.10
  Episode_Reward/motion_global_root_pos: 0.0139
  Episode_Reward/motion_global_root_ori: 0.0159
         Episode_Reward/motion_body_pos: 0.0275
         Episode_Reward/motion_body_ori: 0.0294
     Episode_Reward/motion_body_lin_vel: 0.0310
     Episode_Reward/motion_body_ang_vel: 0.0301
          Episode_Reward/action_rate_l2: -0.0030
             Episode_Reward/joint_limit: -0.0001
         Episode_Reward/self_collisions: -0.0009
Episode_Reward/action_target_reference_l2: -0.0161
Episode_Reward/action_target_soft_limit_barrier: -0.0027
                   Episode_Reward/alive: 3.9496
 Episode_Reward/non_timeout_termination: -0.6698
Episode_Reward/worst_ee_z_normalized_squared: -0.0403
Episode_Reward/right_wrist_prethreshold_barrier: -0.0002
 Episode_Reward/requested_effort_excess: -0.0000
Episode_Reward/root_world_tracking_error: -0.0114
Episode_Reward/measured_joint_posture_l2: -0.0313
Episode_Reward/measured_feet_world_position_l2: -0.0277
Episode_Reward/original_task_position_l2: -0.0213
Episode_Reward/original_task_orientation_l2: -0.0079
        Metrics/motion/error_anchor_pos: 0.2721
        Metrics/motion/error_anchor_rot: 0.1605
    Metrics/motion/error_anchor_lin_vel: 0.3789
    Metrics/motion/error_anchor_ang_vel: 0.6798
          Metrics/motion/error_body_pos: 0.2836
          Metrics/motion/error_body_rot: 0.2791
         Metrics/motion/error_joint_pos: 0.9650
         Metrics/motion/error_joint_vel: 4.8446
        Metrics/motion/sampling_entropy: 0.0000
      Metrics/motion/sampling_top1_prob: 0.0000
       Metrics/motion/sampling_top1_bin: 0.0000
      Metrics/motion/error_body_lin_vel: 0.4462
      Metrics/motion/error_body_ang_vel: 1.3177
           Episode_Termination/time_out: 0.0000
         Episode_Termination/anchor_pos: 0.0000
         Episode_Termination/anchor_ori: 0.0000
        Episode_Termination/ee_body_pos: 0.0000
Episode_Termination/corpus_clip_time_out: 0.1250
Episode_Termination/invalid_native_model_actuation: 0.0000
Episode_Termination/world_root_tracking_failure: 1.2500
 Episode_Reward/world_potential_shaping: 0.0474
--------------------------------------------------------------------------------
                         Iteration time: 2.30s
                           Time elapsed: 00:01:51
                                    ETA: 00:19:12

################################################################################
[1m                           Learning iteration 44/500                            [0m 

                               Run name: original_core_920ms_fresh
                            Total steps: 92160 
                       Steps per second: 908 
                        Collection time: 2.093s 
                          Learning time: 0.161s 
                        Mean value loss: 1307.0811
                    Mean surrogate loss: -0.0134
                      Mean entropy loss: -20.3237
                            Mean reward: 439.34
                    Mean episode length: 207.62
                        Mean action std: 0.10
  Episode_Reward/motion_global_root_pos: 0.0221
  Episode_Reward/motion_global_root_ori: 0.0249
         Episode_Reward/motion_body_pos: 0.0443
         Episode_Reward/motion_body_ori: 0.0442
     Episode_Reward/motion_body_lin_vel: 0.0488
     Episode_Reward/motion_body_ang_vel: 0.0462
          Episode_Reward/action_rate_l2: -0.0046
             Episode_Reward/joint_limit: -0.0001
         Episode_Reward/self_collisions: -0.0015
Episode_Reward/action_target_reference_l2: -0.0251
Episode_Reward/action_target_soft_limit_barrier: -0.0040
                   Episode_Reward/alive: 6.1269
 Episode_Reward/non_timeout_termination: -0.7655
Episode_Reward/worst_ee_z_normalized_squared: -0.0704
Episode_Reward/right_wrist_prethreshold_barrier: -0.0040
 Episode_Reward/requested_effort_excess: -0.0000
Episode_Reward/root_world_tracking_error: -0.0150
Episode_Reward/measured_joint_posture_l2: -0.0441
Episode_Reward/measured_feet_world_position_l2: -0.0423
Episode_Reward/original_task_position_l2: -0.0345
Episode_Reward/original_task_orientation_l2: -0.0156
        Metrics/motion/error_anchor_pos: 0.2886
        Metrics/motion/error_anchor_rot: 0.1120
    Metrics/motion/error_anchor_lin_vel: 0.4499
    Metrics/motion/error_anchor_ang_vel: 0.8699
          Metrics/motion/error_body_pos: 0.2956
          Metrics/motion/error_body_rot: 0.2635
         Metrics/motion/error_joint_pos: 1.0646
         Metrics/motion/error_joint_vel: 4.9165
        Metrics/motion/sampling_entropy: 0.0000
      Metrics/motion/sampling_top1_prob: 0.0000
       Metrics/motion/sampling_top1_bin: 0.0000
      Metrics/motion/error_body_lin_vel: 0.4899
      Metrics/motion/error_body_ang_vel: 1.4531
           Episode_Termination/time_out: 0.0000
         Episode_Termination/anchor_pos: 0.0000
         Episode_Termination/anchor_ori: 0.0000
        Episode_Termination/ee_body_pos: 0.0000
Episode_Termination/corpus_clip_time_out: 0.0000
Episode_Termination/invalid_native_model_actuation: 0.0000
Episode_Termination/world_root_tracking_failure: 1.3000
 Episode_Reward/world_potential_shaping: 0.0672
--------------------------------------------------------------------------------
                         Iteration time: 2.25s
                           Time elapsed: 00:01:53
                                    ETA: 00:19:07

################################################################################
[1m                           Learning iteration 45/500                            [0m 

                               Run name: original_core_920ms_fresh
                            Total steps: 94208 
                       Steps per second: 924 
                        Collection time: 2.061s 
                          Learning time: 0.154s 
                        Mean value loss: 1070.9025
                    Mean surrogate loss: -0.0114
                      Mean entropy loss: -20.3237
                            Mean reward: 436.68
                    Mean episode length: 206.28
                        Mean action std: 0.10
  Episode_Reward/motion_global_root_pos: 0.0067
  Episode_Reward/motion_global_root_ori: 0.0075
         Episode_Reward/motion_body_pos: 0.0133
         Episode_Reward/motion_body_ori: 0.0132
     Episode_Reward/motion_body_lin_vel: 0.0145
     Episode_Reward/motion_body_ang_vel: 0.0137
          Episode_Reward/action_rate_l2: -0.0016
             Episode_Reward/joint_limit: -0.0000
         Episode_Reward/self_collisions: -0.0003
Episode_Reward/action_target_reference_l2: -0.0095
Episode_Reward/action_target_soft_limit_barrier: -0.0017
                   Episode_Reward/alive: 1.9233
 Episode_Reward/non_timeout_termination: -0.7336
Episode_Reward/worst_ee_z_normalized_squared: -0.0214
Episode_Reward/right_wrist_prethreshold_barrier: -0.0008
 Episode_Reward/requested_effort_excess: -0.0000
Episode_Reward/root_world_tracking_error: -0.0070
Episode_Reward/measured_joint_posture_l2: -0.0200
Episode_Reward/measured_feet_world_position_l2: -0.0135
Episode_Reward/original_task_position_l2: -0.0109
Episode_Reward/original_task_orientation_l2: -0.0056
        Metrics/motion/error_anchor_pos: 0.2420
        Metrics/motion/error_anchor_rot: 0.1845
    Metrics/motion/error_anchor_lin_vel: 0.4760
    Metrics/motion/error_anchor_ang_vel: 0.7919
          Metrics/motion/error_body_pos: 0.2573
          Metrics/motion/error_body_rot: 0.2824
         Metrics/motion/error_joint_pos: 0.8422
         Metrics/motion/error_joint_vel: 4.5276
        Metrics/motion/sampling_entropy: 0.0000
      Metrics/motion/sampling_top1_prob: 0.0000
       Metrics/motion/sampling_top1_bin: 0.0000
      Metrics/motion/error_body_lin_vel: 0.4946
      Metrics/motion/error_body_ang_vel: 1.3907
           Episode_Termination/time_out: 0.0000
         Episode_Termination/anchor_pos: 0.0000
         Episode_Termination/anchor_ori: 0.0000
        Episode_Termination/ee_body_pos: 0.1250
Episode_Termination/corpus_clip_time_out: 0.1250
Episode_Termination/invalid_native_model_actuation: 0.0000
Episode_Termination/world_root_tracking_failure: 1.3750
 Episode_Reward/world_potential_shaping: 0.0308
--------------------------------------------------------------------------------
                         Iteration time: 2.22s
                           Time elapsed: 00:01:55
                                    ETA: 00:19:01

################################################################################
[1m                           Learning iteration 46/500                            [0m 

                               Run name: original_core_920ms_fresh
                            Total steps: 96256 
                       Steps per second: 910 
                        Collection time: 2.092s 
                          Learning time: 0.158s 
                        Mean value loss: 939.5859
                    Mean surrogate loss: -0.0111
                      Mean entropy loss: -20.3237
                            Mean reward: 462.53
                    Mean episode length: 215.63
                        Mean action std: 0.10
  Episode_Reward/motion_global_root_pos: 0.0107
  Episode_Reward/motion_global_root_ori: 0.0135
         Episode_Reward/motion_body_pos: 0.0210
         Episode_Reward/motion_body_ori: 0.0246
     Episode_Reward/motion_body_lin_vel: 0.0262
     Episode_Reward/motion_body_ang_vel: 0.0253
          Episode_Reward/action_rate_l2: -0.0025
             Episode_Reward/joint_limit: -0.0000
         Episode_Reward/self_collisions: -0.0022
Episode_Reward/action_target_reference_l2: -0.0134
Episode_Reward/action_target_soft_limit_barrier: -0.0021
                   Episode_Reward/alive: 3.3262
 Episode_Reward/non_timeout_termination: -0.6219
Episode_Reward/worst_ee_z_normalized_squared: -0.0312
Episode_Reward/right_wrist_prethreshold_barrier: -0.0009
 Episode_Reward/requested_effort_excess: -0.0000
Episode_Reward/root_world_tracking_error: -0.0117
Episode_Reward/measured_joint_posture_l2: -0.0287
Episode_Reward/measured_feet_world_position_l2: -0.0256
Episode_Reward/original_task_position_l2: -0.0209
Episode_Reward/original_task_orientation_l2: -0.0084
        Metrics/motion/error_anchor_pos: 0.2636
        Metrics/motion/error_anchor_rot: 0.1408
    Metrics/motion/error_anchor_lin_vel: 0.4606
    Metrics/motion/error_anchor_ang_vel: 1.0942
          Metrics/motion/error_body_pos: 0.2761
          Metrics/motion/error_body_rot: 0.2738
         Metrics/motion/error_joint_pos: 1.0009
         Metrics/motion/error_joint_vel: 5.9483
        Metrics/motion/sampling_entropy: 0.0000
      Metrics/motion/sampling_top1_prob: 0.0000
       Metrics/motion/sampling_top1_bin: 0.0000
      Metrics/motion/error_body_lin_vel: 0.5485
      Metrics/motion/error_body_ang_vel: 1.5548
           Episode_Termination/time_out: 0.0000
         Episode_Termination/anchor_pos: 0.0000
         Episode_Termination/anchor_ori: 0.0000
        Episode_Termination/ee_body_pos: 0.0000
Episode_Termination/corpus_clip_time_out: 0.2500
Episode_Termination/invalid_native_model_actuation: 0.0000
Episode_Termination/world_root_tracking_failure: 1.3750
 Episode_Reward/world_potential_shaping: 0.0485
--------------------------------------------------------------------------------
                         Iteration time: 2.25s
                           Time elapsed: 00:01:57
                                    ETA: 00:18:56

################################################################################
[1m                           Learning iteration 47/500                            [0m 

                               Run name: original_core_920ms_fresh
                            Total steps: 98304 
                       Steps per second: 839 
                        Collection time: 2.283s 
                          Learning time: 0.158s 
                        Mean value loss: 1020.2660
                    Mean surrogate loss: -0.0110
                      Mean entropy loss: -20.3237
                            Mean reward: 470.08
                    Mean episode length: 219.99
                        Mean action std: 0.10
--------------------------------------------------------------------------------
                         Iteration time: 2.44s
                           Time elapsed: 00:02:00
                                    ETA: 00:18:53

################################################################################
[1m                           Learning iteration 48/500                            [0m 

                               Run name: original_core_920ms_fresh
                            Total steps: 100352 
                       Steps per second: 398 
                        Collection time: 4.982s 
                          Learning time: 0.161s 
                        Mean value loss: 677.7848
                    Mean surrogate loss: -0.0158
                      Mean entropy loss: -20.3237
                            Mean reward: 456.13
                    Mean episode length: 214.60
                        Mean action std: 0.10
--------------------------------------------------------------------------------
                         Iteration time: 5.14s
                           Time elapsed: 00:02:05
                                    ETA: 00:19:15

################################################################################
[1m                           Learning iteration 49/500                            [0m 

                               Run name: original_core_920ms_fresh
                            Total steps: 102400 
                       Steps per second: 864 
                        Collection time: 2.204s 
                          Learning time: 0.164s 
                        Mean value loss: 851.9979
                    Mean surrogate loss: -0.0114
                      Mean entropy loss: -20.3237
                            Mean reward: 447.92
                    Mean episode length: 211.43
                        Mean action std: 0.10
  Episode_Reward/motion_global_root_pos: 0.0109
  Episode_Reward/motion_global_root_ori: 0.0123
         Episode_Reward/motion_body_pos: 0.0217
         Episode_Reward/motion_body_ori: 0.0225
     Episode_Reward/motion_body_lin_vel: 0.0242
     Episode_Reward/motion_body_ang_vel: 0.0232
          Episode_Reward/action_rate_l2: -0.0023
             Episode_Reward/joint_limit: -0.0001
         Episode_Reward/self_collisions: -0.0007
Episode_Reward/action_target_reference_l2: -0.0116
Episode_Reward/action_target_soft_limit_barrier: -0.0021
                   Episode_Reward/alive: 3.0361
 Episode_Reward/non_timeout_termination: -0.7655
Episode_Reward/worst_ee_z_normalized_squared: -0.0324
Episode_Reward/right_wrist_prethreshold_barrier: -0.0003
 Episode_Reward/requested_effort_excess: -0.0000
Episode_Reward/root_world_tracking_error: -0.0080
Episode_Reward/measured_joint_posture_l2: -0.0218
Episode_Reward/measured_feet_world_position_l2: -0.0213
Episode_Reward/original_task_position_l2: -0.0161
Episode_Reward/original_task_orientation_l2: -0.0062
        Metrics/motion/error_anchor_pos: 0.2881
        Metrics/motion/error_anchor_rot: 0.1705
    Metrics/motion/error_anchor_lin_vel: 0.4645
    Metrics/motion/error_anchor_ang_vel: 0.9757
          Metrics/motion/error_body_pos: 0.2932
          Metrics/motion/error_body_rot: 0.2903
         Metrics/motion/error_joint_pos: 0.9313
         Metrics/motion/error_joint_vel: 4.9669
        Metrics/motion/sampling_entropy: 0.0000
      Metrics/motion/sampling_top1_prob: 0.0000
       Metrics/motion/sampling_top1_bin: 0.0000
      Metrics/motion/error_body_lin_vel: 0.5180
      Metrics/motion/error_body_ang_vel: 1.4166
           Episode_Termination/time_out: 0.0000
         Episode_Termination/anchor_pos: 0.0000
         Episode_Termination/anchor_ori: 0.0000
        Episode_Termination/ee_body_pos: 0.0000
Episode_Termination/corpus_clip_time_out: 0.0000
Episode_Termination/invalid_native_model_actuation: 0.0000
Episode_Termination/world_root_tracking_failure: 1.2000
 Episode_Reward/world_potential_shaping: 0.0417
--------------------------------------------------------------------------------
                         Iteration time: 2.37s
                           Time elapsed: 00:02:07
                                    ETA: 00:19:10

################################################################################
[1m                           Learning iteration 50/500                            [0m 

                               Run name: original_core_920ms_fresh
                            Total steps: 104448 
                       Steps per second: 879 
                        Collection time: 2.174s 
                          Learning time: 0.154s 
                        Mean value loss: 1048.5648
                    Mean surrogate loss: -0.0066
                      Mean entropy loss: -20.3237
                            Mean reward: 458.87
                    Mean episode length: 214.81
                        Mean action std: 0.10
--------------------------------------------------------------------------------
                         Iteration time: 2.33s
                           Time elapsed: 00:02:10
                                    ETA: 00:19:06

################################################################################
[1m                           Learning iteration 51/500                            [0m 

                               Run name: original_core_920ms_fresh
                            Total steps: 106496 
                       Steps per second: 939 
                        Collection time: 2.014s 
                          Learning time: 0.166s 
                        Mean value loss: 999.8511
                    Mean surrogate loss: -0.0145
                      Mean entropy loss: -20.3237
                            Mean reward: 425.26
                    Mean episode length: 201.36
                        Mean action std: 0.10
  Episode_Reward/motion_global_root_pos: 0.0116
  Episode_Reward/motion_global_root_ori: 0.0128
         Episode_Reward/motion_body_pos: 0.0230
         Episode_Reward/motion_body_ori: 0.0223
     Episode_Reward/motion_body_lin_vel: 0.0249
     Episode_Reward/motion_body_ang_vel: 0.0229
          Episode_Reward/action_rate_l2: -0.0028
             Episode_Reward/joint_limit: -0.0001
         Episode_Reward/self_collisions: -0.0076
Episode_Reward/action_target_reference_l2: -0.0163
Episode_Reward/action_target_soft_limit_barrier: -0.0027
                   Episode_Reward/alive: 3.2622
 Episode_Reward/non_timeout_termination: -0.7655
Episode_Reward/worst_ee_z_normalized_squared: -0.0552
Episode_Reward/right_wrist_prethreshold_barrier: -0.0038
 Episode_Reward/requested_effort_excess: -0.0000
Episode_Reward/root_world_tracking_error: -0.0097
Episode_Reward/measured_joint_posture_l2: -0.0284
Episode_Reward/measured_feet_world_position_l2: -0.0225
Episode_Reward/original_task_position_l2: -0.0190
Episode_Reward/original_task_orientation_l2: -0.0123
        Metrics/motion/error_anchor_pos: 0.2915
        Metrics/motion/error_anchor_rot: 0.1688
    Metrics/motion/error_anchor_lin_vel: 0.3399
    Metrics/motion/error_anchor_ang_vel: 1.2200
          Metrics/motion/error_body_pos: 0.2983
          Metrics/motion/error_body_rot: 0.2997
         Metrics/motion/error_joint_pos: 0.9561
         Metrics/motion/error_joint_vel: 5.1055
        Metrics/motion/sampling_entropy: 0.0000
      Metrics/motion/sampling_top1_prob: 0.0000
       Metrics/motion/sampling_top1_bin: 0.0000
      Metrics/motion/error_body_lin_vel: 0.4218
      Metrics/motion/error_body_ang_vel: 1.6641
           Episode_Termination/time_out: 0.0000
         Episode_Termination/anchor_pos: 0.0000
         Episode_Termination/anchor_ori: 0.0000
        Episode_Termination/ee_body_pos: 0.0000
Episode_Termination/corpus_clip_time_out: 0.0000
Episode_Termination/invalid_native_model_actuation: 0.0000
Episode_Termination/world_root_tracking_failure: 1.3750
 Episode_Reward/world_potential_shaping: 0.0440
--------------------------------------------------------------------------------
                         Iteration time: 2.18s
                           Time elapsed: 00:02:12
                                    ETA: 00:19:00

################################################################################
[1m                           Learning iteration 52/500                            [0m 

                               Run name: original_core_920ms_fresh
                            Total steps: 108544 
                       Steps per second: 911 
                        Collection time: 2.094s 
                          Learning time: 0.154s 
                        Mean value loss: 1049.8580
                    Mean surrogate loss: -0.0149
                      Mean entropy loss: -20.3237
                            Mean reward: 436.65
                    Mean episode length: 205.67
                        Mean action std: 0.10
--------------------------------------------------------------------------------
                         Iteration time: 2.25s
                           Time elapsed: 00:02:14
                                    ETA: 00:18:55

################################################################################
[1m                           Learning iteration 53/500                            [0m 

                               Run name: original_core_920ms_fresh
                            Total steps: 110592 
                       Steps per second: 925 
                        Collection time: 2.057s 
                          Learning time: 0.156s 
                        Mean value loss: 712.8466
                    Mean surrogate loss: -0.0132
                      Mean entropy loss: -20.3237
                            Mean reward: 399.74
                    Mean episode length: 190.83
                        Mean action std: 0.10
--------------------------------------------------------------------------------
                         Iteration time: 2.21s
                           Time elapsed: 00:02:16
                                    ETA: 00:18:50

################################################################################
[1m                           Learning iteration 54/500                            [0m 

                               Run name: original_core_920ms_fresh
                            Total steps: 112640 
                       Steps per second: 651 
                        Collection time: 2.907s 
                          Learning time: 0.236s 
                        Mean value loss: 903.6329
                    Mean surrogate loss: -0.0113
                      Mean entropy loss: -20.3237
                            Mean reward: 441.34
                    Mean episode length: 204.75
                        Mean action std: 0.10
--------------------------------------------------------------------------------
                         Iteration time: 3.14s
                           Time elapsed: 00:02:19
                                    ETA: 00:18:52

################################################################################
[1m                           Learning iteration 55/500                            [0m 

                               Run name: original_core_920ms_fresh
                            Total steps: 114688 
                       Steps per second: 532 
                        Collection time: 3.616s 
                          Learning time: 0.229s 
                        Mean value loss: 1008.3237
                    Mean surrogate loss: -0.0105
                      Mean entropy loss: -20.3237
                            Mean reward: 464.06
                    Mean episode length: 212.37
                        Mean action std: 0.10
  Episode_Reward/motion_global_root_pos: 0.0160
  Episode_Reward/motion_global_root_ori: 0.0172
         Episode_Reward/motion_body_pos: 0.0318
         Episode_Reward/motion_body_ori: 0.0302
     Episode_Reward/motion_body_lin_vel: 0.0345
     Episode_Reward/motion_body_ang_vel: 0.0321
          Episode_Reward/action_rate_l2: -0.0033
             Episode_Reward/joint_limit: -0.0001
         Episode_Reward/self_collisions: -0.0006
Episode_Reward/action_target_reference_l2: -0.0173
Episode_Reward/action_target_soft_limit_barrier: -0.0033
                   Episode_Reward/alive: 4.3373
 Episode_Reward/non_timeout_termination: -0.7655
Episode_Reward/worst_ee_z_normalized_squared: -0.0394
Episode_Reward/right_wrist_prethreshold_barrier: -0.0003
 Episode_Reward/requested_effort_excess: -0.0000
Episode_Reward/root_world_tracking_error: -0.0101
Episode_Reward/measured_joint_posture_l2: -0.0391
Episode_Reward/measured_feet_world_position_l2: -0.0261
Episode_Reward/original_task_position_l2: -0.0215
Episode_Reward/original_task_orientation_l2: -0.0122
        Metrics/motion/error_anchor_pos: 0.2872
        Metrics/motion/error_anchor_rot: 0.1374
    Metrics/motion/error_anchor_lin_vel: 0.5558
    Metrics/motion/error_anchor_ang_vel: 0.8695
          Metrics/motion/error_body_pos: 0.2960
          Metrics/motion/error_body_rot: 0.2419
         Metrics/motion/error_joint_pos: 0.9515
         Metrics/motion/error_joint_vel: 4.5966
        Metrics/motion/sampling_entropy: 0.0000
      Metrics/motion/sampling_top1_prob: 0.0000
       Metrics/motion/sampling_top1_bin: 0.0000
      Metrics/motion/error_body_lin_vel: 0.5367
      Metrics/motion/error_body_ang_vel: 1.3736
           Episode_Termination/time_out: 0.0000
         Episode_Termination/anchor_pos: 0.0000
         Episode_Termination/anchor_ori: 0.0000
        Episode_Termination/ee_body_pos: 0.0000
Episode_Termination/corpus_clip_time_out: 0.0000
Episode_Termination/invalid_native_model_actuation: 0.0000
Episode_Termination/world_root_tracking_failure: 1.5000
 Episode_Reward/world_potential_shaping: 0.0451
--------------------------------------------------------------------------------
                         Iteration time: 3.85s
                           Time elapsed: 00:02:23
                                    ETA: 00:19:00

################################################################################
[1m                           Learning iteration 56/500                            [0m 

                               Run name: original_core_920ms_fresh
                            Total steps: 116736 
                       Steps per second: 546 
                        Collection time: 3.420s 
                          Learning time: 0.324s 
                        Mean value loss: 947.5192
                    Mean surrogate loss: -0.0146
                      Mean entropy loss: -20.3237
                            Mean reward: 502.57
                    Mean episode length: 224.31
                        Mean action std: 0.10
--------------------------------------------------------------------------------
                         Iteration time: 3.74s
                           Time elapsed: 00:02:27
                                    ETA: 00:19:06

################################################################################
[1m                           Learning iteration 57/500                            [0m 

                               Run name: original_core_920ms_fresh
                            Total steps: 118784 
                       Steps per second: 720 
                        Collection time: 2.671s 
                          Learning time: 0.172s 
                        Mean value loss: 503.8600
                    Mean surrogate loss: -0.0107
                      Mean entropy loss: -20.3237
                            Mean reward: 495.21
                    Mean episode length: 221.68
                        Mean action std: 0.10
  Episode_Reward/motion_global_root_pos: 0.0073
  Episode_Reward/motion_global_root_ori: 0.0094
         Episode_Reward/motion_body_pos: 0.0145
         Episode_Reward/motion_body_ori: 0.0155
     Episode_Reward/motion_body_lin_vel: 0.0167
     Episode_Reward/motion_body_ang_vel: 0.0160
          Episode_Reward/action_rate_l2: -0.0022
             Episode_Reward/joint_limit: 0.0000
         Episode_Reward/self_collisions: 0.0000
Episode_Reward/action_target_reference_l2: -0.0123
Episode_Reward/action_target_soft_limit_barrier: -0.0036
                   Episode_Reward/alive: 2.3759
 Episode_Reward/non_timeout_termination: -0.7655
Episode_Reward/worst_ee_z_normalized_squared: -0.0151
Episode_Reward/right_wrist_prethreshold_barrier: 0.0000
 Episode_Reward/requested_effort_excess: -0.0000
Episode_Reward/root_world_tracking_error: -0.0124
Episode_Reward/measured_joint_posture_l2: -0.0391
Episode_Reward/measured_feet_world_position_l2: -0.0188
Episode_Reward/original_task_position_l2: -0.0154
Episode_Reward/original_task_orientation_l2: -0.0064
        Metrics/motion/error_anchor_pos: 0.2917
        Metrics/motion/error_anchor_rot: 0.1311
    Metrics/motion/error_anchor_lin_vel: 0.4332
    Metrics/motion/error_anchor_ang_vel: 1.3739
          Metrics/motion/error_body_pos: 0.2919
          Metrics/motion/error_body_rot: 0.2361
         Metrics/motion/error_joint_pos: 0.9943
         Metrics/motion/error_joint_vel: 8.2392
        Metrics/motion/sampling_entropy: 0.0000
      Metrics/motion/sampling_top1_prob: 0.0000
       Metrics/motion/sampling_top1_bin: 0.0000
      Metrics/motion/error_body_lin_vel: 0.5264
      Metrics/motion/error_body_ang_vel: 1.9348
           Episode_Termination/time_out: 0.0000
         Episode_Termination/anchor_pos: 0.0000
         Episode_Termination/anchor_ori: 0.0000
        Episode_Termination/ee_body_pos: 0.0000
Episode_Termination/corpus_clip_time_out: 0.0000
Episode_Termination/invalid_native_model_actuation: 0.0000
Episode_Termination/world_root_tracking_failure: 1.0000
 Episode_Reward/world_potential_shaping: 0.0430
--------------------------------------------------------------------------------
                         Iteration time: 2.84s
                           Time elapsed: 00:02:30
                                    ETA: 00:19:06

################################################################################
[1m                           Learning iteration 58/500                            [0m 

                               Run name: original_core_920ms_fresh
                            Total steps: 120832 
                       Steps per second: 829 
                        Collection time: 2.308s 
                          Learning time: 0.162s 
                        Mean value loss: 735.8533
                    Mean surrogate loss: -0.0123
                      Mean entropy loss: -20.3237
                            Mean reward: 502.46
                    Mean episode length: 224.54
                        Mean action std: 0.10
--------------------------------------------------------------------------------
                         Iteration time: 2.47s
                           Time elapsed: 00:02:32
                                    ETA: 00:19:02

################################################################################
[1m                           Learning iteration 59/500                            [0m 

                               Run name: original_core_920ms_fresh
                            Total steps: 122880 
                       Steps per second: 931 
                        Collection time: 2.043s 
                          Learning time: 0.156s 
                        Mean value loss: 621.5398
                    Mean surrogate loss: -0.0100
                      Mean entropy loss: -20.3237
                            Mean reward: 484.87
                    Mean episode length: 218.32
                        Mean action std: 0.10
--------------------------------------------------------------------------------
                         Iteration time: 2.20s
                           Time elapsed: 00:02:35
                                    ETA: 00:18:57

################################################################################
[1m                           Learning iteration 60/500                            [0m 

                               Run name: original_core_920ms_fresh
                            Total steps: 124928 
                       Steps per second: 396 
                        Collection time: 5.010s 
                          Learning time: 0.161s 
                        Mean value loss: 695.2805
                    Mean surrogate loss: -0.0129
                      Mean entropy loss: -20.3237
                            Mean reward: 490.48
                    Mean episode length: 220.51
                        Mean action std: 0.10
--------------------------------------------------------------------------------
                         Iteration time: 5.17s
                           Time elapsed: 00:02:40
                                    ETA: 00:19:13

################################################################################
[1m                           Learning iteration 61/500                            [0m 

                               Run name: original_core_920ms_fresh
                            Total steps: 126976 
                       Steps per second: 906 
                        Collection time: 2.056s 
                          Learning time: 0.203s 
                        Mean value loss: 613.8509
                    Mean surrogate loss: -0.0110
                      Mean entropy loss: -20.3237
                            Mean reward: 491.94
                    Mean episode length: 221.05
                        Mean action std: 0.10
--------------------------------------------------------------------------------
                         Iteration time: 2.26s
                           Time elapsed: 00:02:42
                                    ETA: 00:19:08

################################################################################
[1m                           Learning iteration 62/500                            [0m 

                               Run name: original_core_920ms_fresh
                            Total steps: 129024 
                       Steps per second: 828 
                        Collection time: 2.280s 
                          Learning time: 0.193s 
                        Mean value loss: 617.9438
                    Mean surrogate loss: -0.0123
                      Mean entropy loss: -20.3237
                            Mean reward: 472.52
                    Mean episode length: 213.62
                        Mean action std: 0.10
--------------------------------------------------------------------------------
                         Iteration time: 2.47s
                           Time elapsed: 00:02:44
                                    ETA: 00:19:04

################################################################################
[1m                           Learning iteration 63/500                            [0m 

                               Run name: original_core_920ms_fresh
                            Total steps: 131072 
                       Steps per second: 914 
                        Collection time: 2.079s 
                          Learning time: 0.160s 
                        Mean value loss: 657.2384
                    Mean surrogate loss: -0.0139
                      Mean entropy loss: -20.3237
                            Mean reward: 470.61
                    Mean episode length: 213.28
                        Mean action std: 0.10
--------------------------------------------------------------------------------
                         Iteration time: 2.24s
                           Time elapsed: 00:02:47
                                    ETA: 00:18:59

################################################################################
[1m                           Learning iteration 64/500                            [0m 

                               Run name: original_core_920ms_fresh
                            Total steps: 133120 
                       Steps per second: 893 
                        Collection time: 2.133s 
                          Learning time: 0.160s 
                        Mean value loss: 910.9480
                    Mean surrogate loss: -0.0089
                      Mean entropy loss: -20.3237
                            Mean reward: 488.61
                    Mean episode length: 221.88
                        Mean action std: 0.10
  Episode_Reward/motion_global_root_pos: 0.0150
  Episode_Reward/motion_global_root_ori: 0.0174
         Episode_Reward/motion_body_pos: 0.0299
         Episode_Reward/motion_body_ori: 0.0293
     Episode_Reward/motion_body_lin_vel: 0.0346
     Episode_Reward/motion_body_ang_vel: 0.0318
          Episode_Reward/action_rate_l2: -0.0037
             Episode_Reward/joint_limit: -0.0006
         Episode_Reward/self_collisions: -0.0116
Episode_Reward/action_target_reference_l2: -0.0228
Episode_Reward/action_target_soft_limit_barrier: -0.0037
                   Episode_Reward/alive: 4.4627
 Episode_Reward/non_timeout_termination: -0.7381
Episode_Reward/worst_ee_z_normalized_squared: -0.0681
Episode_Reward/right_wrist_prethreshold_barrier: -0.0018
 Episode_Reward/requested_effort_excess: -0.0000
Episode_Reward/root_world_tracking_error: -0.0150
Episode_Reward/measured_joint_posture_l2: -0.0468
Episode_Reward/measured_feet_world_position_l2: -0.0335
Episode_Reward/original_task_position_l2: -0.0275
Episode_Reward/original_task_orientation_l2: -0.0186
        Metrics/motion/error_anchor_pos: 0.2797
        Metrics/motion/error_anchor_rot: 0.1284
    Metrics/motion/error_anchor_lin_vel: 0.4708
    Metrics/motion/error_anchor_ang_vel: 0.8990
          Metrics/motion/error_body_pos: 0.2919
          Metrics/motion/error_body_rot: 0.2737
         Metrics/motion/error_joint_pos: 0.9681
         Metrics/motion/error_joint_vel: 6.7083
        Metrics/motion/sampling_entropy: 0.0000
      Metrics/motion/sampling_top1_prob: 0.0000
       Metrics/motion/sampling_top1_bin: 0.0000
      Metrics/motion/error_body_lin_vel: 0.5608
      Metrics/motion/error_body_ang_vel: 1.9514
           Episode_Termination/time_out: 0.0000
         Episode_Termination/anchor_pos: 0.0000
         Episode_Termination/anchor_ori: 0.0000
        Episode_Termination/ee_body_pos: 0.1429
Episode_Termination/corpus_clip_time_out: 0.1429
Episode_Termination/invalid_native_model_actuation: 0.0000
Episode_Termination/world_root_tracking_failure: 1.1429
 Episode_Reward/world_potential_shaping: 0.0600
--------------------------------------------------------------------------------
                         Iteration time: 2.29s
                           Time elapsed: 00:02:49
                                    ETA: 00:18:54

################################################################################
[1m                           Learning iteration 65/500                            [0m 

                               Run name: original_core_920ms_fresh
                            Total steps: 135168 
                       Steps per second: 856 
                        Collection time: 2.231s 
                          Learning time: 0.161s 
                        Mean value loss: 1081.8585
                    Mean surrogate loss: -0.0145
                      Mean entropy loss: -20.3237
                            Mean reward: 472.03
                    Mean episode length: 216.67
                        Mean action std: 0.10
--------------------------------------------------------------------------------
                         Iteration time: 2.39s
                           Time elapsed: 00:02:51
                                    ETA: 00:18:50

################################################################################
[1m                           Learning iteration 66/500                            [0m 

                               Run name: original_core_920ms_fresh
                            Total steps: 137216 
                       Steps per second: 808 
                        Collection time: 2.365s 
                          Learning time: 0.169s 
                        Mean value loss: 1184.5489
                    Mean surrogate loss: -0.0114
                      Mean entropy loss: -20.3237
                            Mean reward: 440.69
                    Mean episode length: 206.87
                        Mean action std: 0.10
--------------------------------------------------------------------------------
                         Iteration time: 2.53s
                           Time elapsed: 00:02:54
                                    ETA: 00:18:47

################################################################################
[1m                           Learning iteration 67/500                            [0m 

                               Run name: original_core_920ms_fresh
                            Total steps: 139264 
                       Steps per second: 876 
                        Collection time: 2.169s 
                          Learning time: 0.168s 
                        Mean value loss: 604.3577
                    Mean surrogate loss: -0.0139
                      Mean entropy loss: -20.3237
                            Mean reward: 415.78
                    Mean episode length: 198.44
                        Mean action std: 0.10
--------------------------------------------------------------------------------
                         Iteration time: 2.34s
                           Time elapsed: 00:02:56
                                    ETA: 00:18:43

################################################################################
[1m                           Learning iteration 68/500                            [0m 

                               Run name: original_core_920ms_fresh
                            Total steps: 141312 
                       Steps per second: 685 
                        Collection time: 2.744s 
                          Learning time: 0.244s 
                        Mean value loss: 1069.0920
                    Mean surrogate loss: -0.0100
                      Mean entropy loss: -20.3237
                            Mean reward: 380.13
                    Mean episode length: 186.29
                        Mean action std: 0.10
  Episode_Reward/motion_global_root_pos: 0.0126
  Episode_Reward/motion_global_root_ori: 0.0152
         Episode_Reward/motion_body_pos: 0.0256
         Episode_Reward/motion_body_ori: 0.0271
     Episode_Reward/motion_body_lin_vel: 0.0300
     Episode_Reward/motion_body_ang_vel: 0.0284
          Episode_Reward/action_rate_l2: -0.0029
             Episode_Reward/joint_limit: -0.0002
         Episode_Reward/self_collisions: -0.0029
Episode_Reward/action_target_reference_l2: -0.0167
Episode_Reward/action_target_soft_limit_barrier: -0.0024
                   Episode_Reward/alive: 3.8039
 Episode_Reward/non_timeout_termination: -0.6804
Episode_Reward/worst_ee_z_normalized_squared: -0.0575
Episode_Reward/right_wrist_prethreshold_barrier: -0.0005
 Episode_Reward/requested_effort_excess: -0.0000
Episode_Reward/root_world_tracking_error: -0.0131
Episode_Reward/measured_joint_posture_l2: -0.0349
Episode_Reward/measured_feet_world_position_l2: -0.0262
Episode_Reward/original_task_position_l2: -0.0220
Episode_Reward/original_task_orientation_l2: -0.0100
        Metrics/motion/error_anchor_pos: 0.2837
        Metrics/motion/error_anchor_rot: 0.1647
    Metrics/motion/error_anchor_lin_vel: 0.5433
    Metrics/motion/error_anchor_ang_vel: 1.0457
          Metrics/motion/error_body_pos: 0.2840
          Metrics/motion/error_body_rot: 0.2824
         Metrics/motion/error_joint_pos: 0.9760
         Metrics/motion/error_joint_vel: 6.1207
        Metrics/motion/sampling_entropy: 0.0000
      Metrics/motion/sampling_top1_prob: 0.0000
       Metrics/motion/sampling_top1_bin: 0.0000
      Metrics/motion/error_body_lin_vel: 0.5715
      Metrics/motion/error_body_ang_vel: 1.8854
           Episode_Termination/time_out: 0.0000
         Episode_Termination/anchor_pos: 0.0000
         Episode_Termination/anchor_ori: 0.0000
        Episode_Termination/ee_body_pos: 0.1111
Episode_Termination/corpus_clip_time_out: 0.1111
Episode_Termination/invalid_native_model_actuation: 0.0000
Episode_Termination/world_root_tracking_failure: 1.1111
 Episode_Reward/world_potential_shaping: 0.0461
--------------------------------------------------------------------------------
                         Iteration time: 2.99s
                           Time elapsed: 00:02:59
                                    ETA: 00:18:42

################################################################################
[1m                           Learning iteration 69/500                            [0m 

                               Run name: original_core_920ms_fresh
                            Total steps: 143360 
                       Steps per second: 633 
                        Collection time: 3.003s 
                          Learning time: 0.230s 
                        Mean value loss: 1088.0644
                    Mean surrogate loss: -0.0071
                      Mean entropy loss: -20.3237
                            Mean reward: 357.68
                    Mean episode length: 177.43
                        Mean action std: 0.10
  Episode_Reward/motion_global_root_pos: 0.0033
  Episode_Reward/motion_global_root_ori: 0.0040
         Episode_Reward/motion_body_pos: 0.0063
         Episode_Reward/motion_body_ori: 0.0067
     Episode_Reward/motion_body_lin_vel: 0.0070
     Episode_Reward/motion_body_ang_vel: 0.0067
          Episode_Reward/action_rate_l2: -0.0009
             Episode_Reward/joint_limit: -0.0000
         Episode_Reward/self_collisions: -0.0001
Episode_Reward/action_target_reference_l2: -0.0047
Episode_Reward/action_target_soft_limit_barrier: -0.0013
                   Episode_Reward/alive: 1.0047
 Episode_Reward/non_timeout_termination: -0.7655
Episode_Reward/worst_ee_z_normalized_squared: -0.0087
Episode_Reward/right_wrist_prethreshold_barrier: -0.0006
 Episode_Reward/requested_effort_excess: -0.0000
Episode_Reward/root_world_tracking_error: -0.0054
Episode_Reward/measured_joint_posture_l2: -0.0121
Episode_Reward/measured_feet_world_position_l2: -0.0076
Episode_Reward/original_task_position_l2: -0.0063
Episode_Reward/original_task_orientation_l2: -0.0036
        Metrics/motion/error_anchor_pos: 0.2617
        Metrics/motion/error_anchor_rot: 0.1418
    Metrics/motion/error_anchor_lin_vel: 0.4379
    Metrics/motion/error_anchor_ang_vel: 1.0232
          Metrics/motion/error_body_pos: 0.2698
          Metrics/motion/error_body_rot: 0.2498
         Metrics/motion/error_joint_pos: 0.8082
         Metrics/motion/error_joint_vel: 4.5948
        Metrics/motion/sampling_entropy: 0.0000
      Metrics/motion/sampling_top1_prob: 0.0000
       Metrics/motion/sampling_top1_bin: 0.0000
      Metrics/motion/error_body_lin_vel: 0.4654
      Metrics/motion/error_body_ang_vel: 1.4710
           Episode_Termination/time_out: 0.0000
         Episode_Termination/anchor_pos: 0.0000
         Episode_Termination/anchor_ori: 0.0000
        Episode_Termination/ee_body_pos: 0.1250
Episode_Termination/corpus_clip_time_out: 0.0000
Episode_Termination/invalid_native_model_actuation: 0.0000
Episode_Termination/world_root_tracking_failure: 1.1250
 Episode_Reward/world_potential_shaping: 0.0241
--------------------------------------------------------------------------------
                         Iteration time: 3.23s
                           Time elapsed: 00:03:02
                                    ETA: 00:18:44

################################################################################
[1m                           Learning iteration 70/500                            [0m 

                               Run name: original_core_920ms_fresh
                            Total steps: 145408 
                       Steps per second: 738 
                        Collection time: 2.602s 
                          Learning time: 0.170s 
                        Mean value loss: 714.5451
                    Mean surrogate loss: -0.0065
                      Mean entropy loss: -20.3237
                            Mean reward: 378.23
                    Mean episode length: 185.09
                        Mean action std: 0.10
--------------------------------------------------------------------------------
                         Iteration time: 2.77s
                           Time elapsed: 00:03:05
                                    ETA: 00:18:42

################################################################################
[1m                           Learning iteration 71/500                            [0m 

                               Run name: original_core_920ms_fresh
                            Total steps: 147456 
                       Steps per second: 879 
                        Collection time: 2.139s 
                          Learning time: 0.190s 
                        Mean value loss: 930.3841
                    Mean surrogate loss: -0.0122
                      Mean entropy loss: -20.3237
                            Mean reward: 370.03
                    Mean episode length: 181.98
                        Mean action std: 0.10
--------------------------------------------------------------------------------
                         Iteration time: 2.33s
                           Time elapsed: 00:03:08
                                    ETA: 00:18:38

################################################################################
[1m                           Learning iteration 72/500                            [0m 

                               Run name: original_core_920ms_fresh
                            Total steps: 149504 
                       Steps per second: 381 
                        Collection time: 5.196s 
                          Learning time: 0.172s 
                        Mean value loss: 1323.0703
                    Mean surrogate loss: -0.0159
                      Mean entropy loss: -20.3237
                            Mean reward: 438.05
                    Mean episode length: 205.78
                        Mean action std: 0.10
--------------------------------------------------------------------------------
                         Iteration time: 5.37s
                           Time elapsed: 00:03:13
                                    ETA: 00:18:51

################################################################################
[1m                           Learning iteration 73/500                            [0m 

                               Run name: original_core_920ms_fresh
                            Total steps: 151552 
                       Steps per second: 854 
                        Collection time: 2.222s 
                          Learning time: 0.175s 
                        Mean value loss: 809.3428
                    Mean surrogate loss: -0.0095
                      Mean entropy loss: -20.3237
                            Mean reward: 436.91
                    Mean episode length: 205.21
                        Mean action std: 0.10
--------------------------------------------------------------------------------
                         Iteration time: 2.40s
                           Time elapsed: 00:03:15
                                    ETA: 00:18:47

################################################################################
[1m                           Learning iteration 74/500                            [0m 

                               Run name: original_core_920ms_fresh
                            Total steps: 153600 
                       Steps per second: 843 
                        Collection time: 2.236s 
                          Learning time: 0.192s 
                        Mean value loss: 702.9228
                    Mean surrogate loss: -0.0146
                      Mean entropy loss: -20.3237
                            Mean reward: 421.46
                    Mean episode length: 198.82
                        Mean action std: 0.10
--------------------------------------------------------------------------------
                         Iteration time: 2.43s
                           Time elapsed: 00:03:18
                                    ETA: 00:18:43

################################################################################
[1m                           Learning iteration 75/500                            [0m 

                               Run name: original_core_920ms_fresh
                            Total steps: 155648 
                       Steps per second: 767 
                        Collection time: 2.490s 
                          Learning time: 0.179s 
                        Mean value loss: 780.4132
                    Mean surrogate loss: -0.0115
                      Mean entropy loss: -20.3237
                            Mean reward: 384.97
                    Mean episode length: 185.94
                        Mean action std: 0.10
  Episode_Reward/motion_global_root_pos: 0.0097
  Episode_Reward/motion_global_root_ori: 0.0111
         Episode_Reward/motion_body_pos: 0.0193
         Episode_Reward/motion_body_ori: 0.0201
     Episode_Reward/motion_body_lin_vel: 0.0213
     Episode_Reward/motion_body_ang_vel: 0.0206
          Episode_Reward/action_rate_l2: -0.0021
             Episode_Reward/joint_limit: -0.0000
         Episode_Reward/self_collisions: -0.0008
Episode_Reward/action_target_reference_l2: -0.0116
Episode_Reward/action_target_soft_limit_barrier: -0.0022
                   Episode_Reward/alive: 2.7192
 Episode_Reward/non_timeout_termination: -0.7272
Episode_Reward/worst_ee_z_normalized_squared: -0.0312
Episode_Reward/right_wrist_prethreshold_barrier: -0.0001
 Episode_Reward/requested_effort_excess: -0.0000
Episode_Reward/root_world_tracking_error: -0.0081
Episode_Reward/measured_joint_posture_l2: -0.0252
Episode_Reward/measured_feet_world_position_l2: -0.0191
Episode_Reward/original_task_position_l2: -0.0150
Episode_Reward/original_task_orientation_l2: -0.0059
        Metrics/motion/error_anchor_pos: 0.2793
        Metrics/motion/error_anchor_rot: 0.1666
    Metrics/motion/error_anchor_lin_vel: 0.6055
    Metrics/motion/error_anchor_ang_vel: 1.4921
          Metrics/motion/error_body_pos: 0.2925
          Metrics/motion/error_body_rot: 0.2832
         Metrics/motion/error_joint_pos: 0.9903
         Metrics/motion/error_joint_vel: 6.5302
        Metrics/motion/sampling_entropy: 0.0000
      Metrics/motion/sampling_top1_prob: 0.0000
       Metrics/motion/sampling_top1_bin: 0.0000
      Metrics/motion/error_body_lin_vel: 0.7172
      Metrics/motion/error_body_ang_vel: 2.0729
           Episode_Termination/time_out: 0.0000
         Episode_Termination/anchor_pos: 0.0000
         Episode_Termination/anchor_ori: 0.0000
        Episode_Termination/ee_body_pos: 0.0000
Episode_Termination/corpus_clip_time_out: 0.1000
Episode_Termination/invalid_native_model_actuation: 0.0000
Episode_Termination/world_root_tracking_failure: 1.1000
 Episode_Reward/world_potential_shaping: 0.0365
--------------------------------------------------------------------------------
                         Iteration time: 2.67s
                           Time elapsed: 00:03:20
                                    ETA: 00:18:41

################################################################################
[1m                           Learning iteration 76/500                            [0m 

                               Run name: original_core_920ms_fresh
                            Total steps: 157696 
                       Steps per second: 814 
                        Collection time: 2.328s 
                          Learning time: 0.185s 
                        Mean value loss: 693.7135
                    Mean surrogate loss: -0.0128
                      Mean entropy loss: -20.3237
                            Mean reward: 377.96
                    Mean episode length: 183.34
                        Mean action std: 0.10
  Episode_Reward/motion_global_root_pos: 0.0050
  Episode_Reward/motion_global_root_ori: 0.0061
         Episode_Reward/motion_body_pos: 0.0100
         Episode_Reward/motion_body_ori: 0.0092
     Episode_Reward/motion_body_lin_vel: 0.0101
     Episode_Reward/motion_body_ang_vel: 0.0092
          Episode_Reward/action_rate_l2: -0.0016
             Episode_Reward/joint_limit: 0.0000
         Episode_Reward/self_collisions: -0.0001
Episode_Reward/action_target_reference_l2: -0.0089
Episode_Reward/action_target_soft_limit_barrier: -0.0026
                   Episode_Reward/alive: 1.5725
 Episode_Reward/non_timeout_termination: -0.7655
Episode_Reward/worst_ee_z_normalized_squared: -0.0160
Episode_Reward/right_wrist_prethreshold_barrier: 0.0000
 Episode_Reward/requested_effort_excess: -0.0000
Episode_Reward/root_world_tracking_error: -0.0090
Episode_Reward/measured_joint_posture_l2: -0.0281
Episode_Reward/measured_feet_world_position_l2: -0.0121
Episode_Reward/original_task_position_l2: -0.0099
Episode_Reward/original_task_orientation_l2: -0.0045
        Metrics/motion/error_anchor_pos: 0.2855
        Metrics/motion/error_anchor_rot: 0.1610
    Metrics/motion/error_anchor_lin_vel: 0.5589
    Metrics/motion/error_anchor_ang_vel: 0.9926
          Metrics/motion/error_body_pos: 0.2914
          Metrics/motion/error_body_rot: 0.2292
         Metrics/motion/error_joint_pos: 0.9304
         Metrics/motion/error_joint_vel: 5.8586
        Metrics/motion/sampling_entropy: 0.0000
      Metrics/motion/sampling_top1_prob: 0.0000
       Metrics/motion/sampling_top1_bin: 0.0000
      Metrics/motion/error_body_lin_vel: 0.6225
      Metrics/motion/error_body_ang_vel: 1.8135
           Episode_Termination/time_out: 0.0000
         Episode_Termination/anchor_pos: 0.0000
         Episode_Termination/anchor_ori: 0.0000
        Episode_Termination/ee_body_pos: 0.0000
Episode_Termination/corpus_clip_time_out: 0.0000
Episode_Termination/invalid_native_model_actuation: 0.0000
Episode_Termination/world_root_tracking_failure: 1.1667
 Episode_Reward/world_potential_shaping: 0.0305
--------------------------------------------------------------------------------
                         Iteration time: 2.51s
                           Time elapsed: 00:03:23
                                    ETA: 00:18:37

################################################################################
[1m                           Learning iteration 77/500                            [0m 

                               Run name: original_core_920ms_fresh
                            Total steps: 159744 
                       Steps per second: 821 
                        Collection time: 2.314s 
                          Learning time: 0.180s 
                        Mean value loss: 662.4229
                    Mean surrogate loss: -0.0137
                      Mean entropy loss: -20.3237
                            Mean reward: 396.75
                    Mean episode length: 189.92
                        Mean action std: 0.10
--------------------------------------------------------------------------------
                         Iteration time: 2.49s
                           Time elapsed: 00:03:25
                                    ETA: 00:18:34

################################################################################
[1m                           Learning iteration 78/500                            [0m 

                               Run name: original_core_920ms_fresh
                            Total steps: 161792 
                       Steps per second: 857 
                        Collection time: 2.225s 
                          Learning time: 0.162s 
                        Mean value loss: 735.5404
                    Mean surrogate loss: -0.0167
                      Mean entropy loss: -20.3237
                            Mean reward: 387.76
                    Mean episode length: 187.03
                        Mean action std: 0.10
--------------------------------------------------------------------------------
                         Iteration time: 2.39s
                           Time elapsed: 00:03:28
                                    ETA: 00:18:30

################################################################################
[1m                           Learning iteration 79/500                            [0m 

                               Run name: original_core_920ms_fresh
                            Total steps: 163840 
                       Steps per second: 839 
                        Collection time: 2.280s 
                          Learning time: 0.160s 
                        Mean value loss: 571.8923
                    Mean surrogate loss: -0.0041
                      Mean entropy loss: -20.3237
                            Mean reward: 390.00
                    Mean episode length: 187.46
                        Mean action std: 0.10
  Episode_Reward/motion_global_root_pos: 0.0165
  Episode_Reward/motion_global_root_ori: 0.0186
         Episode_Reward/motion_body_pos: 0.0326
         Episode_Reward/motion_body_ori: 0.0340
     Episode_Reward/motion_body_lin_vel: 0.0377
     Episode_Reward/motion_body_ang_vel: 0.0364
          Episode_Reward/action_rate_l2: -0.0031
             Episode_Reward/joint_limit: -0.0001
         Episode_Reward/self_collisions: -0.0013
Episode_Reward/action_target_reference_l2: -0.0175
Episode_Reward/action_target_soft_limit_barrier: -0.0030
                   Episode_Reward/alive: 4.5850
 Episode_Reward/non_timeout_termination: -0.6698
Episode_Reward/worst_ee_z_normalized_squared: -0.0543
Episode_Reward/right_wrist_prethreshold_barrier: -0.0000
 Episode_Reward/requested_effort_excess: 0.0000
Episode_Reward/root_world_tracking_error: -0.0100
Episode_Reward/measured_joint_posture_l2: -0.0420
Episode_Reward/measured_feet_world_position_l2: -0.0315
Episode_Reward/original_task_position_l2: -0.0245
Episode_Reward/original_task_orientation_l2: -0.0099
        Metrics/motion/error_anchor_pos: 0.2839
        Metrics/motion/error_anchor_rot: 0.1161
    Metrics/motion/error_anchor_lin_vel: 0.3725
    Metrics/motion/error_anchor_ang_vel: 0.7807
          Metrics/motion/error_body_pos: 0.2785
          Metrics/motion/error_body_rot: 0.2064
         Metrics/motion/error_joint_pos: 0.9503
         Metrics/motion/error_joint_vel: 5.2237
        Metrics/motion/sampling_entropy: 0.0000
      Metrics/motion/sampling_top1_prob: 0.0000
       Metrics/motion/sampling_top1_bin: 0.0000
      Metrics/motion/error_body_lin_vel: 0.4466
      Metrics/motion/error_body_ang_vel: 1.3717
           Episode_Termination/time_out: 0.0000
         Episode_Termination/anchor_pos: 0.0000
         Episode_Termination/anchor_ori: 0.0000
        Episode_Termination/ee_body_pos: 0.0000
Episode_Termination/corpus_clip_time_out: 0.1250
Episode_Termination/invalid_native_model_actuation: 0.0000
Episode_Termination/world_root_tracking_failure: 0.8750
 Episode_Reward/world_potential_shaping: 0.0493
--------------------------------------------------------------------------------
                         Iteration time: 2.44s
                           Time elapsed: 00:03:30
                                    ETA: 00:18:26

################################################################################
[1m                           Learning iteration 80/500                            [0m 

                               Run name: original_core_920ms_fresh
                            Total steps: 165888 
                       Steps per second: 862 
                        Collection time: 2.219s 
                          Learning time: 0.157s 
                        Mean value loss: 642.4704
                    Mean surrogate loss: -0.0086
                      Mean entropy loss: -20.3237
                            Mean reward: 454.41
                    Mean episode length: 211.02
                        Mean action std: 0.10
  Episode_Reward/motion_global_root_pos: 0.0200
  Episode_Reward/motion_global_root_ori: 0.0220
         Episode_Reward/motion_body_pos: 0.0397
         Episode_Reward/motion_body_ori: 0.0396
     Episode_Reward/motion_body_lin_vel: 0.0441
     Episode_Reward/motion_body_ang_vel: 0.0423
          Episode_Reward/action_rate_l2: -0.0038
             Episode_Reward/joint_limit: -0.0001
         Episode_Reward/self_collisions: -0.0024
Episode_Reward/action_target_reference_l2: -0.0219
Episode_Reward/action_target_soft_limit_barrier: -0.0038
                   Episode_Reward/alive: 5.4080
 Episode_Reward/non_timeout_termination: -0.7655
Episode_Reward/worst_ee_z_normalized_squared: -0.0679
Episode_Reward/right_wrist_prethreshold_barrier: -0.0004
 Episode_Reward/requested_effort_excess: -0.0000
Episode_Reward/root_world_tracking_error: -0.0108
Episode_Reward/measured_joint_posture_l2: -0.0425
Episode_Reward/measured_feet_world_position_l2: -0.0344
Episode_Reward/original_task_position_l2: -0.0277
Episode_Reward/original_task_orientation_l2: -0.0126
        Metrics/motion/error_anchor_pos: 0.2934
        Metrics/motion/error_anchor_rot: 0.1478
    Metrics/motion/error_anchor_lin_vel: 0.4525
    Metrics/motion/error_anchor_ang_vel: 1.2264
          Metrics/motion/error_body_pos: 0.2926
          Metrics/motion/error_body_rot: 0.2614
         Metrics/motion/error_joint_pos: 1.1838
         Metrics/motion/error_joint_vel: 6.5239
        Metrics/motion/sampling_entropy: 0.0000
      Metrics/motion/sampling_top1_prob: 0.0000
       Metrics/motion/sampling_top1_bin: 0.0000
      Metrics/motion/error_body_lin_vel: 0.4895
      Metrics/motion/error_body_ang_vel: 1.7996
           Episode_Termination/time_out: 0.0000
         Episode_Termination/anchor_pos: 0.0000
         Episode_Termination/anchor_ori: 0.0000
        Episode_Termination/ee_body_pos: 0.0000
Episode_Termination/corpus_clip_time_out: 0.0000
Episode_Termination/invalid_native_model_actuation: 0.0000
Episode_Termination/world_root_tracking_failure: 1.2500
 Episode_Reward/world_potential_shaping: 0.0552
--------------------------------------------------------------------------------
                         Iteration time: 2.38s
                           Time elapsed: 00:03:33
                                    ETA: 00:18:22

################################################################################
[1m                           Learning iteration 81/500                            [0m 

                               Run name: original_core_920ms_fresh
                            Total steps: 167936 
                       Steps per second: 786 
                        Collection time: 2.443s 
                          Learning time: 0.161s 
                        Mean value loss: 1125.7479
                    Mean surrogate loss: -0.0089
                      Mean entropy loss: -20.3237
                            Mean reward: 539.28
                    Mean episode length: 242.57
                        Mean action std: 0.10
  Episode_Reward/motion_global_root_pos: 0.0235
  Episode_Reward/motion_global_root_ori: 0.0273
         Episode_Reward/motion_body_pos: 0.0465
         Episode_Reward/motion_body_ori: 0.0483
     Episode_Reward/motion_body_lin_vel: 0.0551
     Episode_Reward/motion_body_ang_vel: 0.0519
          Episode_Reward/action_rate_l2: -0.0048
             Episode_Reward/joint_limit: -0.0001
         Episode_Reward/self_collisions: -0.0021
Episode_Reward/action_target_reference_l2: -0.0275
Episode_Reward/action_target_soft_limit_barrier: -0.0046
                   Episode_Reward/alive: 6.7588
 Episode_Reward/non_timeout_termination: -0.6889
Episode_Reward/worst_ee_z_normalized_squared: -0.0881
Episode_Reward/right_wrist_prethreshold_barrier: -0.0005
 Episode_Reward/requested_effort_excess: -0.0000
Episode_Reward/root_world_tracking_error: -0.0169
Episode_Reward/measured_joint_posture_l2: -0.0556
Episode_Reward/measured_feet_world_position_l2: -0.0462
Episode_Reward/original_task_position_l2: -0.0383
Episode_Reward/original_task_orientation_l2: -0.0189
        Metrics/motion/error_anchor_pos: 0.2752
        Metrics/motion/error_anchor_rot: 0.1172
    Metrics/motion/error_anchor_lin_vel: 0.3373
    Metrics/motion/error_anchor_ang_vel: 1.0177
          Metrics/motion/error_body_pos: 0.2809
          Metrics/motion/error_body_rot: 0.2277
         Metrics/motion/error_joint_pos: 0.8834
         Metrics/motion/error_joint_vel: 5.3962
        Metrics/motion/sampling_entropy: 0.0000
      Metrics/motion/sampling_top1_prob: 0.0000
       Metrics/motion/sampling_top1_bin: 0.0000
      Metrics/motion/error_body_lin_vel: 0.3838
      Metrics/motion/error_body_ang_vel: 1.5388
           Episode_Termination/time_out: 0.0000
         Episode_Termination/anchor_pos: 0.0000
         Episode_Termination/anchor_ori: 0.0000
        Episode_Termination/ee_body_pos: 0.0000
Episode_Termination/corpus_clip_time_out: 0.2000
Episode_Termination/invalid_native_model_actuation: 0.0000
Episode_Termination/world_root_tracking_failure: 1.2000
 Episode_Reward/world_potential_shaping: 0.0738
--------------------------------------------------------------------------------
                         Iteration time: 2.60s
                           Time elapsed: 00:03:35
                                    ETA: 00:18:19

################################################################################
[1m                           Learning iteration 82/500                            [0m 

                               Run name: original_core_920ms_fresh
                            Total steps: 169984 
                       Steps per second: 844 
                        Collection time: 2.251s 
                          Learning time: 0.174s 
                        Mean value loss: 1195.1623
                    Mean surrogate loss: -0.0112
                      Mean entropy loss: -20.3237
                            Mean reward: 519.11
                    Mean episode length: 234.65
                        Mean action std: 0.10
--------------------------------------------------------------------------------
                         Iteration time: 2.42s
                           Time elapsed: 00:03:38
                                    ETA: 00:18:16

################################################################################
[1m                           Learning iteration 83/500                            [0m 

                               Run name: original_core_920ms_fresh
                            Total steps: 172032 
                       Steps per second: 836 
                        Collection time: 2.277s 
                          Learning time: 0.172s 
                        Mean value loss: 541.6216
                    Mean surrogate loss: -0.0123
                      Mean entropy loss: -20.3237
                            Mean reward: 504.79
                    Mean episode length: 229.94
                        Mean action std: 0.10
--------------------------------------------------------------------------------
                         Iteration time: 2.45s
                           Time elapsed: 00:03:40
                                    ETA: 00:18:12

################################################################################
[1m                           Learning iteration 84/500                            [0m 

                               Run name: original_core_920ms_fresh
                            Total steps: 174080 
                       Steps per second: 876 
                        Collection time: 2.150s 
                          Learning time: 0.187s 
                        Mean value loss: 524.0891
                    Mean surrogate loss: -0.0116
                      Mean entropy loss: -20.3237
                            Mean reward: 489.32
                    Mean episode length: 223.16
                        Mean action std: 0.10
  Episode_Reward/motion_global_root_pos: 0.0147
  Episode_Reward/motion_global_root_ori: 0.0167
         Episode_Reward/motion_body_pos: 0.0291
         Episode_Reward/motion_body_ori: 0.0289
     Episode_Reward/motion_body_lin_vel: 0.0329
     Episode_Reward/motion_body_ang_vel: 0.0310
          Episode_Reward/action_rate_l2: -0.0031
             Episode_Reward/joint_limit: -0.0000
         Episode_Reward/self_collisions: -0.0009
Episode_Reward/action_target_reference_l2: -0.0180
Episode_Reward/action_target_soft_limit_barrier: -0.0034
                   Episode_Reward/alive: 4.1415
 Episode_Reward/non_timeout_termination: -0.7336
Episode_Reward/worst_ee_z_normalized_squared: -0.0618
Episode_Reward/right_wrist_prethreshold_barrier: -0.0008
 Episode_Reward/requested_effort_excess: -0.0000
Episode_Reward/root_world_tracking_error: -0.0112
Episode_Reward/measured_joint_posture_l2: -0.0353
Episode_Reward/measured_feet_world_position_l2: -0.0282
Episode_Reward/original_task_position_l2: -0.0233
Episode_Reward/original_task_orientation_l2: -0.0136
        Metrics/motion/error_anchor_pos: 0.2827
        Metrics/motion/error_anchor_rot: 0.1524
    Metrics/motion/error_anchor_lin_vel: 0.5141
    Metrics/motion/error_anchor_ang_vel: 0.9841
          Metrics/motion/error_body_pos: 0.2815
          Metrics/motion/error_body_rot: 0.2480
         Metrics/motion/error_joint_pos: 0.9044
         Metrics/motion/error_joint_vel: 5.7638
        Metrics/motion/sampling_entropy: 0.0000
      Metrics/motion/sampling_top1_prob: 0.0000
       Metrics/motion/sampling_top1_bin: 0.0000
      Metrics/motion/error_body_lin_vel: 0.5621
      Metrics/motion/error_body_ang_vel: 1.6696
           Episode_Termination/time_out: 0.0000
         Episode_Termination/anchor_pos: 0.0000
         Episode_Termination/anchor_ori: 0.0000
        Episode_Termination/ee_body_pos: 0.0000
Episode_Termination/corpus_clip_time_out: 0.1250
Episode_Termination/invalid_native_model_actuation: 0.0000
Episode_Termination/world_root_tracking_failure: 1.1250
 Episode_Reward/world_potential_shaping: 0.0500
--------------------------------------------------------------------------------
                         Iteration time: 2.34s
                           Time elapsed: 00:03:42
                                    ETA: 00:18:08

################################################################################
[1m                           Learning iteration 85/500                            [0m 

                               Run name: original_core_920ms_fresh
                            Total steps: 176128 
                       Steps per second: 398 
                        Collection time: 4.984s 
                          Learning time: 0.159s 
                        Mean value loss: 759.0508
                    Mean surrogate loss: -0.0115
                      Mean entropy loss: -20.3237
                            Mean reward: 503.32
                    Mean episode length: 229.08
                        Mean action std: 0.10
--------------------------------------------------------------------------------
                         Iteration time: 5.14s
                           Time elapsed: 00:03:48
                                    ETA: 00:18:18

################################################################################
[1m                           Learning iteration 86/500                            [0m 

                               Run name: original_core_920ms_fresh
                            Total steps: 178176 
                       Steps per second: 954 
                        Collection time: 1.987s 
                          Learning time: 0.158s 
                        Mean value loss: 864.8434
                    Mean surrogate loss: -0.0069
                      Mean entropy loss: -20.3237
                            Mean reward: 528.86
                    Mean episode length: 237.82
                        Mean action std: 0.10
--------------------------------------------------------------------------------
                         Iteration time: 2.14s
                           Time elapsed: 00:03:50
                                    ETA: 00:18:13

################################################################################
[1m                           Learning iteration 87/500                            [0m 

                               Run name: original_core_920ms_fresh
                            Total steps: 180224 
                       Steps per second: 949 
                        Collection time: 1.998s 
                          Learning time: 0.158s 
                        Mean value loss: 591.3599
                    Mean surrogate loss: -0.0144
                      Mean entropy loss: -20.3237
                            Mean reward: 519.61
                    Mean episode length: 234.19
                        Mean action std: 0.10
--------------------------------------------------------------------------------
                         Iteration time: 2.16s
                           Time elapsed: 00:03:52
                                    ETA: 00:18:08

################################################################################
[1m                           Learning iteration 88/500                            [0m 

                               Run name: original_core_920ms_fresh
                            Total steps: 182272 
                       Steps per second: 916 
                        Collection time: 2.074s 
                          Learning time: 0.160s 
                        Mean value loss: 1041.6642
                    Mean surrogate loss: -0.0151
                      Mean entropy loss: -20.3237
                            Mean reward: 603.35
                    Mean episode length: 268.60
                        Mean action std: 0.10
  Episode_Reward/motion_global_root_pos: 0.0218
  Episode_Reward/motion_global_root_ori: 0.0248
         Episode_Reward/motion_body_pos: 0.0430
         Episode_Reward/motion_body_ori: 0.0434
     Episode_Reward/motion_body_lin_vel: 0.0490
     Episode_Reward/motion_body_ang_vel: 0.0450
          Episode_Reward/action_rate_l2: -0.0052
             Episode_Reward/joint_limit: -0.0000
         Episode_Reward/self_collisions: -0.0033
Episode_Reward/action_target_reference_l2: -0.0300
Episode_Reward/action_target_soft_limit_barrier: -0.0046
                   Episode_Reward/alive: 6.2830
 Episode_Reward/non_timeout_termination: -0.7655
Episode_Reward/worst_ee_z_normalized_squared: -0.0980
Episode_Reward/right_wrist_prethreshold_barrier: -0.0044
 Episode_Reward/requested_effort_excess: -0.0000
Episode_Reward/root_world_tracking_error: -0.0181
Episode_Reward/measured_joint_posture_l2: -0.0505
Episode_Reward/measured_feet_world_position_l2: -0.0466
Episode_Reward/original_task_position_l2: -0.0376
Episode_Reward/original_task_orientation_l2: -0.0246
        Metrics/motion/error_anchor_pos: 0.2909
        Metrics/motion/error_anchor_rot: 0.1328
    Metrics/motion/error_anchor_lin_vel: 0.5852
    Metrics/motion/error_anchor_ang_vel: 1.1386
          Metrics/motion/error_body_pos: 0.2964
          Metrics/motion/error_body_rot: 0.2743
         Metrics/motion/error_joint_pos: 1.0901
         Metrics/motion/error_joint_vel: 5.9610
        Metrics/motion/sampling_entropy: 0.0000
      Metrics/motion/sampling_top1_prob: 0.0000
       Metrics/motion/sampling_top1_bin: 0.0000
      Metrics/motion/error_body_lin_vel: 0.6135
      Metrics/motion/error_body_ang_vel: 1.7744
           Episode_Termination/time_out: 0.0000
         Episode_Termination/anchor_pos: 0.0000
         Episode_Termination/anchor_ori: 0.0000
        Episode_Termination/ee_body_pos: 0.0000
Episode_Termination/corpus_clip_time_out: 0.0000
Episode_Termination/invalid_native_model_actuation: 0.0000
Episode_Termination/world_root_tracking_failure: 1.4444
 Episode_Reward/world_potential_shaping: 0.0804
--------------------------------------------------------------------------------
                         Iteration time: 2.23s
                           Time elapsed: 00:03:54
                                    ETA: 00:18:03

################################################################################
[1m                           Learning iteration 89/500                            [0m 

                               Run name: original_core_920ms_fresh
                            Total steps: 184320 
                       Steps per second: 898 
                        Collection time: 2.124s 
                          Learning time: 0.157s 
                        Mean value loss: 463.2700
                    Mean surrogate loss: -0.0154
                      Mean entropy loss: -20.3237
                            Mean reward: 586.96
                    Mean episode length: 262.47
                        Mean action std: 0.10
--------------------------------------------------------------------------------
                         Iteration time: 2.28s
                           Time elapsed: 00:03:56
                                    ETA: 00:17:59

################################################################################
[1m                           Learning iteration 90/500                            [0m 

                               Run name: original_core_920ms_fresh
                            Total steps: 186368 
                       Steps per second: 920 
                        Collection time: 2.068s 
                          Learning time: 0.157s 
                        Mean value loss: 366.2952
                    Mean surrogate loss: -0.0127
                      Mean entropy loss: -20.3237
                            Mean reward: 591.11
                    Mean episode length: 264.13
                        Mean action std: 0.10
  Episode_Reward/motion_global_root_pos: 0.0148
  Episode_Reward/motion_global_root_ori: 0.0161
         Episode_Reward/motion_body_pos: 0.0291
         Episode_Reward/motion_body_ori: 0.0286
     Episode_Reward/motion_body_lin_vel: 0.0318
     Episode_Reward/motion_body_ang_vel: 0.0294
          Episode_Reward/action_rate_l2: -0.0036
             Episode_Reward/joint_limit: -0.0005
         Episode_Reward/self_collisions: 0.0000
Episode_Reward/action_target_reference_l2: -0.0207
Episode_Reward/action_target_soft_limit_barrier: -0.0031
                   Episode_Reward/alive: 4.1746
 Episode_Reward/non_timeout_termination: -0.7655
Episode_Reward/worst_ee_z_normalized_squared: -0.0705
Episode_Reward/right_wrist_prethreshold_barrier: -0.0057
 Episode_Reward/requested_effort_excess: 0.0000
Episode_Reward/root_world_tracking_error: -0.0120
Episode_Reward/measured_joint_posture_l2: -0.0342
Episode_Reward/measured_feet_world_position_l2: -0.0308
Episode_Reward/original_task_position_l2: -0.0268
Episode_Reward/original_task_orientation_l2: -0.0184
        Metrics/motion/error_anchor_pos: 0.3014
        Metrics/motion/error_anchor_rot: 0.0898
    Metrics/motion/error_anchor_lin_vel: 0.2191
    Metrics/motion/error_anchor_ang_vel: 1.0804
          Metrics/motion/error_body_pos: 0.2939
          Metrics/motion/error_body_rot: 0.2287
         Metrics/motion/error_joint_pos: 0.8822
         Metrics/motion/error_joint_vel: 4.5943
        Metrics/motion/sampling_entropy: 0.0000
      Metrics/motion/sampling_top1_prob: 0.0000
       Metrics/motion/sampling_top1_bin: 0.0000
      Metrics/motion/error_body_lin_vel: 0.2917
      Metrics/motion/error_body_ang_vel: 1.1722
           Episode_Termination/time_out: 0.0000
         Episode_Termination/anchor_pos: 0.0000
         Episode_Termination/anchor_ori: 0.0000
        Episode_Termination/ee_body_pos: 0.0000
Episode_Termination/corpus_clip_time_out: 0.0000
Episode_Termination/invalid_native_model_actuation: 0.0000
Episode_Termination/world_root_tracking_failure: 1.0000
 Episode_Reward/world_potential_shaping: 0.0588
--------------------------------------------------------------------------------
                         Iteration time: 2.23s
                           Time elapsed: 00:03:59
                                    ETA: 00:17:54

################################################################################
[1m                           Learning iteration 91/500                            [0m 

                               Run name: original_core_920ms_fresh
                            Total steps: 188416 
                       Steps per second: 883 
                        Collection time: 2.151s 
                          Learning time: 0.168s 
                        Mean value loss: 1143.2881
                    Mean surrogate loss: -0.0132
                      Mean entropy loss: -20.3237
                            Mean reward: 600.94
                    Mean episode length: 269.20
                        Mean action std: 0.10
  Episode_Reward/motion_global_root_pos: 0.0126
  Episode_Reward/motion_global_root_ori: 0.0156
         Episode_Reward/motion_body_pos: 0.0249
         Episode_Reward/motion_body_ori: 0.0271
     Episode_Reward/motion_body_lin_vel: 0.0309
     Episode_Reward/motion_body_ang_vel: 0.0288
          Episode_Reward/action_rate_l2: -0.0030
             Episode_Reward/joint_limit: -0.0001
         Episode_Reward/self_collisions: -0.0015
Episode_Reward/action_target_reference_l2: -0.0180
Episode_Reward/action_target_soft_limit_barrier: -0.0025
                   Episode_Reward/alive: 3.8790
 Episode_Reward/non_timeout_termination: -0.6698
Episode_Reward/worst_ee_z_normalized_squared: -0.0652
Episode_Reward/right_wrist_prethreshold_barrier: -0.0034
 Episode_Reward/requested_effort_excess: -0.0000
Episode_Reward/root_world_tracking_error: -0.0127
Episode_Reward/measured_joint_posture_l2: -0.0358
Episode_Reward/measured_feet_world_position_l2: -0.0302
Episode_Reward/original_task_position_l2: -0.0248
Episode_Reward/original_task_orientation_l2: -0.0126
        Metrics/motion/error_anchor_pos: 0.2639
        Metrics/motion/error_anchor_rot: 0.1203
    Metrics/motion/error_anchor_lin_vel: 0.3625
    Metrics/motion/error_anchor_ang_vel: 1.0286
          Metrics/motion/error_body_pos: 0.2667
          Metrics/motion/error_body_rot: 0.2435
         Metrics/motion/error_joint_pos: 0.8244
         Metrics/motion/error_joint_vel: 5.0603
        Metrics/motion/sampling_entropy: 0.0000
      Metrics/motion/sampling_top1_prob: 0.0000
       Metrics/motion/sampling_top1_bin: 0.0000
      Metrics/motion/error_body_lin_vel: 0.4088
      Metrics/motion/error_body_ang_vel: 1.4567
           Episode_Termination/time_out: 0.0000
         Episode_Termination/anchor_pos: 0.0000
         Episode_Termination/anchor_ori: 0.0000
        Episode_Termination/ee_body_pos: 0.1250
Episode_Termination/corpus_clip_time_out: 0.1250
Episode_Termination/invalid_native_model_actuation: 0.0000
Episode_Termination/world_root_tracking_failure: 1.1250
 Episode_Reward/world_potential_shaping: 0.0560
--------------------------------------------------------------------------------
                         Iteration time: 2.32s
                           Time elapsed: 00:04:01
                                    ETA: 00:17:50

################################################################################
[1m                           Learning iteration 92/500                            [0m 

                               Run name: original_core_920ms_fresh
                            Total steps: 190464 
                       Steps per second: 785 
                        Collection time: 2.442s 
                          Learning time: 0.164s 
                        Mean value loss: 1127.6947
                    Mean surrogate loss: -0.0170
                      Mean entropy loss: -20.3236
                            Mean reward: 581.54
                    Mean episode length: 262.68
                        Mean action std: 0.10
  Episode_Reward/motion_global_root_pos: 0.0098
  Episode_Reward/motion_global_root_ori: 0.0112
         Episode_Reward/motion_body_pos: 0.0194
         Episode_Reward/motion_body_ori: 0.0189
     Episode_Reward/motion_body_lin_vel: 0.0208
     Episode_Reward/motion_body_ang_vel: 0.0193
          Episode_Reward/action_rate_l2: -0.0026
             Episode_Reward/joint_limit: -0.0001
         Episode_Reward/self_collisions: -0.0028
Episode_Reward/action_target_reference_l2: -0.0136
Episode_Reward/action_target_soft_limit_barrier: -0.0027
                   Episode_Reward/alive: 2.8618
 Episode_Reward/non_timeout_termination: -0.7655
Episode_Reward/worst_ee_z_normalized_squared: -0.0376
Episode_Reward/right_wrist_prethreshold_barrier: -0.0023
 Episode_Reward/requested_effort_excess: -0.0000
Episode_Reward/root_world_tracking_error: -0.0117
Episode_Reward/measured_joint_posture_l2: -0.0286
Episode_Reward/measured_feet_world_position_l2: -0.0206
Episode_Reward/original_task_position_l2: -0.0170
Episode_Reward/original_task_orientation_l2: -0.0119
        Metrics/motion/error_anchor_pos: 0.2720
        Metrics/motion/error_anchor_rot: 0.1178
    Metrics/motion/error_anchor_lin_vel: 0.5416
    Metrics/motion/error_anchor_ang_vel: 0.7397
          Metrics/motion/error_body_pos: 0.2802
          Metrics/motion/error_body_rot: 0.2556
         Metrics/motion/error_joint_pos: 0.8698
         Metrics/motion/error_joint_vel: 5.0978
        Metrics/motion/sampling_entropy: 0.0000
      Metrics/motion/sampling_top1_prob: 0.0000
       Metrics/motion/sampling_top1_bin: 0.0000
      Metrics/motion/error_body_lin_vel: 0.5332
      Metrics/motion/error_body_ang_vel: 1.4991
           Episode_Termination/time_out: 0.0000
         Episode_Termination/anchor_pos: 0.0000
         Episode_Termination/anchor_ori: 0.0000
        Episode_Termination/ee_body_pos: 0.1250
Episode_Termination/corpus_clip_time_out: 0.0000
Episode_Termination/invalid_native_model_actuation: 0.0000
Episode_Termination/world_root_tracking_failure: 1.0000
 Episode_Reward/world_potential_shaping: 0.0439
--------------------------------------------------------------------------------
                         Iteration time: 2.61s
                           Time elapsed: 00:04:04
                                    ETA: 00:17:48

################################################################################
[1m                           Learning iteration 93/500                            [0m 

                               Run name: original_core_920ms_fresh
                            Total steps: 192512 
                       Steps per second: 839 
                        Collection time: 2.280s 
                          Learning time: 0.160s 
                        Mean value loss: 898.4173
                    Mean surrogate loss: -0.0126
                      Mean entropy loss: -20.3236
                            Mean reward: 568.66
                    Mean episode length: 259.73
                        Mean action std: 0.10
--------------------------------------------------------------------------------
                         Iteration time: 2.44s
                           Time elapsed: 00:04:06
                                    ETA: 00:17:44

################################################################################
[1m                           Learning iteration 94/500                            [0m 

                               Run name: original_core_920ms_fresh
                            Total steps: 194560 
                       Steps per second: 948 
                        Collection time: 2.002s 
                          Learning time: 0.157s 
                        Mean value loss: 459.4826
                    Mean surrogate loss: -0.0108
                      Mean entropy loss: -20.3236
                            Mean reward: 545.55
                    Mean episode length: 250.72
                        Mean action std: 0.10
--------------------------------------------------------------------------------
                         Iteration time: 2.16s
                           Time elapsed: 00:04:08
                                    ETA: 00:17:40

################################################################################
[1m                           Learning iteration 95/500                            [0m 

                               Run name: original_core_920ms_fresh
                            Total steps: 196608 
                       Steps per second: 938 
                        Collection time: 2.025s 
                          Learning time: 0.158s 
                        Mean value loss: 817.0987
                    Mean surrogate loss: -0.0130
                      Mean entropy loss: -20.3236
                            Mean reward: 484.87
                    Mean episode length: 227.69
                        Mean action std: 0.10
  Episode_Reward/motion_global_root_pos: 0.0127
  Episode_Reward/motion_global_root_ori: 0.0135
         Episode_Reward/motion_body_pos: 0.0251
         Episode_Reward/motion_body_ori: 0.0237
     Episode_Reward/motion_body_lin_vel: 0.0268
     Episode_Reward/motion_body_ang_vel: 0.0251
          Episode_Reward/action_rate_l2: -0.0027
             Episode_Reward/joint_limit: -0.0001
         Episode_Reward/self_collisions: -0.0003
Episode_Reward/action_target_reference_l2: -0.0163
Episode_Reward/action_target_soft_limit_barrier: -0.0020
                   Episode_Reward/alive: 3.4377
 Episode_Reward/non_timeout_termination: -0.6698
Episode_Reward/worst_ee_z_normalized_squared: -0.0567
Episode_Reward/right_wrist_prethreshold_barrier: -0.0012
 Episode_Reward/requested_effort_excess: -0.0000
Episode_Reward/root_world_tracking_error: -0.0088
Episode_Reward/measured_joint_posture_l2: -0.0368
Episode_Reward/measured_feet_world_position_l2: -0.0250
Episode_Reward/original_task_position_l2: -0.0192
Episode_Reward/original_task_orientation_l2: -0.0122
        Metrics/motion/error_anchor_pos: 0.2605
        Metrics/motion/error_anchor_rot: 0.1262
    Metrics/motion/error_anchor_lin_vel: 0.5751
    Metrics/motion/error_anchor_ang_vel: 0.9111
          Metrics/motion/error_body_pos: 0.2675
          Metrics/motion/error_body_rot: 0.2491
         Metrics/motion/error_joint_pos: 0.9088
         Metrics/motion/error_joint_vel: 5.1924
        Metrics/motion/sampling_entropy: 0.0000
      Metrics/motion/sampling_top1_prob: 0.0000
       Metrics/motion/sampling_top1_bin: 0.0000
      Metrics/motion/error_body_lin_vel: 0.5947
      Metrics/motion/error_body_ang_vel: 1.4625
           Episode_Termination/time_out: 0.0000
         Episode_Termination/anchor_pos: 0.0000
         Episode_Termination/anchor_ori: 0.0000
        Episode_Termination/ee_body_pos: 0.0000
Episode_Termination/corpus_clip_time_out: 0.1250
Episode_Termination/invalid_native_model_actuation: 0.0000
Episode_Termination/world_root_tracking_failure: 1.2500
 Episode_Reward/world_potential_shaping: 0.0445
--------------------------------------------------------------------------------
                         Iteration time: 2.18s
                           Time elapsed: 00:04:10
                                    ETA: 00:17:35

################################################################################
[1m                           Learning iteration 96/500                            [0m 

                               Run name: original_core_920ms_fresh
                            Total steps: 198656 
                       Steps per second: 874 
                        Collection time: 2.176s 
                          Learning time: 0.166s 
                        Mean value loss: 648.0239
                    Mean surrogate loss: -0.0093
                      Mean entropy loss: -20.3236
                            Mean reward: 527.90
                    Mean episode length: 244.77
                        Mean action std: 0.10
--------------------------------------------------------------------------------
                         Iteration time: 2.34s
                           Time elapsed: 00:04:13
                                    ETA: 00:17:32

################################################################################
[1m                           Learning iteration 97/500                            [0m 

                               Run name: original_core_920ms_fresh
                            Total steps: 200704 
                       Steps per second: 916 
                        Collection time: 2.073s 
                          Learning time: 0.161s 
                        Mean value loss: 374.3522
                    Mean surrogate loss: -0.0140
                      Mean entropy loss: -20.3236
                            Mean reward: 553.35
                    Mean episode length: 252.87
                        Mean action std: 0.10
  Episode_Reward/motion_global_root_pos: 0.0256
  Episode_Reward/motion_global_root_ori: 0.0264
         Episode_Reward/motion_body_pos: 0.0506
         Episode_Reward/motion_body_ori: 0.0473
     Episode_Reward/motion_body_lin_vel: 0.0543
     Episode_Reward/motion_body_ang_vel: 0.0515
          Episode_Reward/action_rate_l2: -0.0046
             Episode_Reward/joint_limit: -0.0005
         Episode_Reward/self_collisions: -0.0052
Episode_Reward/action_target_reference_l2: -0.0276
Episode_Reward/action_target_soft_limit_barrier: -0.0034
                   Episode_Reward/alive: 6.5797
 Episode_Reward/non_timeout_termination: -0.5741
Episode_Reward/worst_ee_z_normalized_squared: -0.1011
Episode_Reward/right_wrist_prethreshold_barrier: -0.0000
 Episode_Reward/requested_effort_excess: 0.0000
Episode_Reward/root_world_tracking_error: -0.0097
Episode_Reward/measured_joint_posture_l2: -0.0578
Episode_Reward/measured_feet_world_position_l2: -0.0392
Episode_Reward/original_task_position_l2: -0.0294
Episode_Reward/original_task_orientation_l2: -0.0202
        Metrics/motion/error_anchor_pos: 0.2244
        Metrics/motion/error_anchor_rot: 0.1105
    Metrics/motion/error_anchor_lin_vel: 0.3935
    Metrics/motion/error_anchor_ang_vel: 0.8023
          Metrics/motion/error_body_pos: 0.2196
          Metrics/motion/error_body_rot: 0.1958
         Metrics/motion/error_joint_pos: 0.7448
         Metrics/motion/error_joint_vel: 4.2101
        Metrics/motion/sampling_entropy: 0.0000
      Metrics/motion/sampling_top1_prob: 0.0000
       Metrics/motion/sampling_top1_bin: 0.0000
      Metrics/motion/error_body_lin_vel: 0.4203
      Metrics/motion/error_body_ang_vel: 1.3420
           Episode_Termination/time_out: 0.0000
         Episode_Termination/anchor_pos: 0.0000
         Episode_Termination/anchor_ori: 0.0000
        Episode_Termination/ee_body_pos: 0.0000
Episode_Termination/corpus_clip_time_out: 0.2500
Episode_Termination/invalid_native_model_actuation: 0.0000
Episode_Termination/world_root_tracking_failure: 0.7500
 Episode_Reward/world_potential_shaping: 0.0570
--------------------------------------------------------------------------------
                         Iteration time: 2.23s
                           Time elapsed: 00:04:15
                                    ETA: 00:17:27

################################################################################
[1m                           Learning iteration 98/500                            [0m 

                               Run name: original_core_920ms_fresh
                            Total steps: 202752 
                       Steps per second: 392 
                        Collection time: 5.060s 
                          Learning time: 0.156s 
                        Mean value loss: 481.7700
                    Mean surrogate loss: -0.0107
                      Mean entropy loss: -20.3236
                            Mean reward: 522.94
                    Mean episode length: 241.26
                        Mean action std: 0.10
--------------------------------------------------------------------------------
                         Iteration time: 5.22s
                           Time elapsed: 00:04:20
                                    ETA: 00:17:35

################################################################################
[1m                           Learning iteration 99/500                            [0m 

                               Run name: original_core_920ms_fresh
                            Total steps: 204800 
                       Steps per second: 820 
                        Collection time: 2.338s 
                          Learning time: 0.158s 
                        Mean value loss: 1209.2135
                    Mean surrogate loss: -0.0089
                      Mean entropy loss: -20.3236
                            Mean reward: 536.93
                    Mean episode length: 247.99
                        Mean action std: 0.10
--------------------------------------------------------------------------------
                         Iteration time: 2.50s
                           Time elapsed: 00:04:23
                                    ETA: 00:17:32

################################################################################
[1m                           Learning iteration 100/500                           [0m 

                               Run name: original_core_920ms_fresh
                            Total steps: 206848 
                       Steps per second: 861 
                        Collection time: 2.222s 
                          Learning time: 0.156s 
                        Mean value loss: 919.0272
                    Mean surrogate loss: -0.0142
                      Mean entropy loss: -20.3236
                            Mean reward: 537.06
                    Mean episode length: 248.74
                        Mean action std: 0.10
--------------------------------------------------------------------------------
                         Iteration time: 2.38s
                           Time elapsed: 00:04:25
                                    ETA: 00:17:29

################################################################################
[1m                           Learning iteration 101/500                           [0m 

                               Run name: original_core_920ms_fresh
                            Total steps: 208896 
                       Steps per second: 884 
                        Collection time: 2.145s 
                          Learning time: 0.172s 
                        Mean value loss: 628.7649
                    Mean surrogate loss: -0.0102
                      Mean entropy loss: -20.3236
                            Mean reward: 533.89
                    Mean episode length: 247.10
                        Mean action std: 0.10
--------------------------------------------------------------------------------
                         Iteration time: 2.32s
                           Time elapsed: 00:04:27
                                    ETA: 00:17:25

################################################################################
[1m                           Learning iteration 102/500                           [0m 

                               Run name: original_core_920ms_fresh
                            Total steps: 210944 
                       Steps per second: 865 
                        Collection time: 2.195s 
                          Learning time: 0.172s 
                        Mean value loss: 900.7895
                    Mean surrogate loss: -0.0149
                      Mean entropy loss: -20.3236
                            Mean reward: 549.55
                    Mean episode length: 251.16
                        Mean action std: 0.10
--------------------------------------------------------------------------------
                         Iteration time: 2.37s
                           Time elapsed: 00:04:30
                                    ETA: 00:17:21

################################################################################
[1m                           Learning iteration 103/500                           [0m 

                               Run name: original_core_920ms_fresh
                            Total steps: 212992 
                       Steps per second: 812 
                        Collection time: 2.362s 
                          Learning time: 0.159s 
                        Mean value loss: 737.7030
                    Mean surrogate loss: -0.0131
                      Mean entropy loss: -20.3236
                            Mean reward: 570.76
                    Mean episode length: 257.91
                        Mean action std: 0.10
--------------------------------------------------------------------------------
                         Iteration time: 2.52s
                           Time elapsed: 00:04:32
                                    ETA: 00:17:18

################################################################################
[1m                           Learning iteration 104/500                           [0m 

                               Run name: original_core_920ms_fresh
                            Total steps: 215040 
                       Steps per second: 935 
                        Collection time: 2.006s 
                          Learning time: 0.184s 
                        Mean value loss: 564.1070
                    Mean surrogate loss: -0.0140
                      Mean entropy loss: -20.3236
                            Mean reward: 585.05
                    Mean episode length: 262.86
                        Mean action std: 0.10
--------------------------------------------------------------------------------
                         Iteration time: 2.19s
                           Time elapsed: 00:04:34
                                    ETA: 00:17:14

################################################################################
[1m                           Learning iteration 105/500                           [0m 

                               Run name: original_core_920ms_fresh
                            Total steps: 217088 
                       Steps per second: 874 
                        Collection time: 2.186s 
                          Learning time: 0.156s 
                        Mean value loss: 565.0647
                    Mean surrogate loss: -0.0123
                      Mean entropy loss: -20.3236
                            Mean reward: 550.41
                    Mean episode length: 247.38
                        Mean action std: 0.10
  Episode_Reward/motion_global_root_pos: 0.0120
  Episode_Reward/motion_global_root_ori: 0.0126
         Episode_Reward/motion_body_pos: 0.0240
         Episode_Reward/motion_body_ori: 0.0222
     Episode_Reward/motion_body_lin_vel: 0.0251
     Episode_Reward/motion_body_ang_vel: 0.0235
          Episode_Reward/action_rate_l2: -0.0025
             Episode_Reward/joint_limit: -0.0002
         Episode_Reward/self_collisions: -0.0036
Episode_Reward/action_target_reference_l2: -0.0146
Episode_Reward/action_target_soft_limit_barrier: -0.0022
                   Episode_Reward/alive: 3.1879
 Episode_Reward/non_timeout_termination: -0.7655
Episode_Reward/worst_ee_z_normalized_squared: -0.0543
Episode_Reward/right_wrist_prethreshold_barrier: -0.0007
 Episode_Reward/requested_effort_excess: -0.0000
Episode_Reward/root_world_tracking_error: -0.0078
Episode_Reward/measured_joint_posture_l2: -0.0314
Episode_Reward/measured_feet_world_position_l2: -0.0199
Episode_Reward/original_task_position_l2: -0.0168
Episode_Reward/original_task_orientation_l2: -0.0099
        Metrics/motion/error_anchor_pos: 0.2851
        Metrics/motion/error_anchor_rot: 0.1622
    Metrics/motion/error_anchor_lin_vel: 0.6431
    Metrics/motion/error_anchor_ang_vel: 1.5033
          Metrics/motion/error_body_pos: 0.2898
          Metrics/motion/error_body_rot: 0.3141
         Metrics/motion/error_joint_pos: 1.2060
         Metrics/motion/error_joint_vel: 6.7781
        Metrics/motion/sampling_entropy: 0.0000
      Metrics/motion/sampling_top1_prob: 0.0000
       Metrics/motion/sampling_top1_bin: 0.0000
      Metrics/motion/error_body_lin_vel: 0.6723
      Metrics/motion/error_body_ang_vel: 1.9447
           Episode_Termination/time_out: 0.0000
         Episode_Termination/anchor_pos: 0.0000
         Episode_Termination/anchor_ori: 0.0000
        Episode_Termination/ee_body_pos: 0.0000
Episode_Termination/corpus_clip_time_out: 0.0000
Episode_Termination/invalid_native_model_actuation: 0.0000
Episode_Termination/world_root_tracking_failure: 1.4000
 Episode_Reward/world_potential_shaping: 0.0374
--------------------------------------------------------------------------------
                         Iteration time: 2.34s
                           Time elapsed: 00:04:37
                                    ETA: 00:17:10

################################################################################
[1m                           Learning iteration 106/500                           [0m 

                               Run name: original_core_920ms_fresh
                            Total steps: 219136 
                       Steps per second: 903 
                        Collection time: 2.102s 
                          Learning time: 0.165s 
                        Mean value loss: 366.8275
                    Mean surrogate loss: -0.0156
                      Mean entropy loss: -20.3236
                            Mean reward: 578.44
                    Mean episode length: 257.78
                        Mean action std: 0.10
--------------------------------------------------------------------------------
                         Iteration time: 2.27s
                           Time elapsed: 00:04:39
                                    ETA: 00:17:06

################################################################################
[1m                           Learning iteration 107/500                           [0m 

                               Run name: original_core_920ms_fresh
                            Total steps: 221184 
                       Steps per second: 922 
                        Collection time: 2.063s 
                          Learning time: 0.157s 
                        Mean value loss: 400.8501
                    Mean surrogate loss: -0.0152
                      Mean entropy loss: -20.3236
                            Mean reward: 597.01
                    Mean episode length: 264.07
                        Mean action std: 0.10
--------------------------------------------------------------------------------
                         Iteration time: 2.22s
                           Time elapsed: 00:04:41
                                    ETA: 00:17:02

################################################################################
[1m                           Learning iteration 108/500                           [0m 

                               Run name: original_core_920ms_fresh
                            Total steps: 223232 
                       Steps per second: 823 
                        Collection time: 2.329s 
                          Learning time: 0.157s 
                        Mean value loss: 724.9976
                    Mean surrogate loss: -0.0121
                      Mean entropy loss: -20.3236
                            Mean reward: 611.10
                    Mean episode length: 268.39
                        Mean action std: 0.10
--------------------------------------------------------------------------------
                         Iteration time: 2.49s
                           Time elapsed: 00:04:44
                                    ETA: 00:16:59

################################################################################
[1m                           Learning iteration 109/500                           [0m 

                               Run name: original_core_920ms_fresh
                            Total steps: 225280 
                       Steps per second: 885 
                        Collection time: 2.158s 
                          Learning time: 0.156s 
                        Mean value loss: 497.1475
                    Mean surrogate loss: -0.0120
                      Mean entropy loss: -20.3236
                            Mean reward: 552.18
                    Mean episode length: 247.32
                        Mean action std: 0.10
--------------------------------------------------------------------------------
                         Iteration time: 2.31s
                           Time elapsed: 00:04:46
                                    ETA: 00:16:56

################################################################################
[1m                           Learning iteration 110/500                           [0m 

                               Run name: original_core_920ms_fresh
                            Total steps: 227328 
                       Steps per second: 916 
                        Collection time: 2.074s 
                          Learning time: 0.160s 
                        Mean value loss: 570.7452
                    Mean surrogate loss: -0.0125
                      Mean entropy loss: -20.3236
                            Mean reward: 577.36
                    Mean episode length: 257.23
                        Mean action std: 0.10
--------------------------------------------------------------------------------
                         Iteration time: 2.23s
                           Time elapsed: 00:04:48
                                    ETA: 00:16:52

################################################################################
[1m                           Learning iteration 111/500                           [0m 

                               Run name: original_core_920ms_fresh
                            Total steps: 229376 
                       Steps per second: 383 
                        Collection time: 5.185s 
                          Learning time: 0.159s 
                        Mean value loss: 823.4855
                    Mean surrogate loss: -0.0128
                      Mean entropy loss: -20.3236
                            Mean reward: 587.99
                    Mean episode length: 261.52
                        Mean action std: 0.10
--------------------------------------------------------------------------------
                         Iteration time: 5.34s
                           Time elapsed: 00:04:54
                                    ETA: 00:16:58

################################################################################
[1m                           Learning iteration 112/500                           [0m 

                               Run name: original_core_920ms_fresh
                            Total steps: 231424 
                       Steps per second: 915 
                        Collection time: 2.072s 
                          Learning time: 0.164s 
                        Mean value loss: 433.2948
                    Mean surrogate loss: -0.0114
                      Mean entropy loss: -20.3236
                            Mean reward: 590.77
                    Mean episode length: 262.62
                        Mean action std: 0.10
  Episode_Reward/motion_global_root_pos: 0.0255
  Episode_Reward/motion_global_root_ori: 0.0296
         Episode_Reward/motion_body_pos: 0.0505
         Episode_Reward/motion_body_ori: 0.0523
     Episode_Reward/motion_body_lin_vel: 0.0590
     Episode_Reward/motion_body_ang_vel: 0.0553
          Episode_Reward/action_rate_l2: -0.0056
             Episode_Reward/joint_limit: -0.0001
         Episode_Reward/self_collisions: -0.0085
Episode_Reward/action_target_reference_l2: -0.0345
Episode_Reward/action_target_soft_limit_barrier: -0.0053
                   Episode_Reward/alive: 7.3149
 Episode_Reward/non_timeout_termination: -0.6124
Episode_Reward/worst_ee_z_normalized_squared: -0.1202
Episode_Reward/right_wrist_prethreshold_barrier: -0.0072
 Episode_Reward/requested_effort_excess: -0.0000
Episode_Reward/root_world_tracking_error: -0.0187
Episode_Reward/measured_joint_posture_l2: -0.0667
Episode_Reward/measured_feet_world_position_l2: -0.0546
Episode_Reward/original_task_position_l2: -0.0443
Episode_Reward/original_task_orientation_l2: -0.0264
        Metrics/motion/error_anchor_pos: 0.2652
        Metrics/motion/error_anchor_rot: 0.1149
    Metrics/motion/error_anchor_lin_vel: 0.2732
    Metrics/motion/error_anchor_ang_vel: 0.7176
          Metrics/motion/error_body_pos: 0.2690
          Metrics/motion/error_body_rot: 0.2432
         Metrics/motion/error_joint_pos: 0.8977
         Metrics/motion/error_joint_vel: 4.4800
        Metrics/motion/sampling_entropy: 0.0000
      Metrics/motion/sampling_top1_prob: 0.0000
       Metrics/motion/sampling_top1_bin: 0.0000
      Metrics/motion/error_body_lin_vel: 0.2921
      Metrics/motion/error_body_ang_vel: 1.2060
           Episode_Termination/time_out: 0.0000
         Episode_Termination/anchor_pos: 0.0000
         Episode_Termination/anchor_ori: 0.0000
        Episode_Termination/ee_body_pos: 0.0000
Episode_Termination/corpus_clip_time_out: 0.2000
Episode_Termination/invalid_native_model_actuation: 0.0000
Episode_Termination/world_root_tracking_failure: 1.0000
 Episode_Reward/world_potential_shaping: 0.0853
--------------------------------------------------------------------------------
                         Iteration time: 2.24s
                           Time elapsed: 00:04:56
                                    ETA: 00:16:55

################################################################################
[1m                           Learning iteration 113/500                           [0m 

                               Run name: original_core_920ms_fresh
                            Total steps: 233472 
                       Steps per second: 742 
                        Collection time: 2.539s 
                          Learning time: 0.218s 
                        Mean value loss: 500.9992
                    Mean surrogate loss: -0.0123
                      Mean entropy loss: -20.3236
                            Mean reward: 594.25
                    Mean episode length: 264.12
                        Mean action std: 0.10
  Episode_Reward/motion_global_root_pos: 0.0179
  Episode_Reward/motion_global_root_ori: 0.0193
         Episode_Reward/motion_body_pos: 0.0357
         Episode_Reward/motion_body_ori: 0.0321
     Episode_Reward/motion_body_lin_vel: 0.0390
     Episode_Reward/motion_body_ang_vel: 0.0354
          Episode_Reward/action_rate_l2: -0.0043
             Episode_Reward/joint_limit: -0.0003
         Episode_Reward/self_collisions: -0.0151
Episode_Reward/action_target_reference_l2: -0.0267
Episode_Reward/action_target_soft_limit_barrier: -0.0042
                   Episode_Reward/alive: 5.0145
 Episode_Reward/non_timeout_termination: -0.7655
Episode_Reward/worst_ee_z_normalized_squared: -0.0948
Episode_Reward/right_wrist_prethreshold_barrier: -0.0034
 Episode_Reward/requested_effort_excess: -0.0000
Episode_Reward/root_world_tracking_error: -0.0145
Episode_Reward/measured_joint_posture_l2: -0.0525
Episode_Reward/measured_feet_world_position_l2: -0.0357
Episode_Reward/original_task_position_l2: -0.0298
Episode_Reward/original_task_orientation_l2: -0.0237
        Metrics/motion/error_anchor_pos: 0.2899
        Metrics/motion/error_anchor_rot: 0.1789
    Metrics/motion/error_anchor_lin_vel: 0.5456
    Metrics/motion/error_anchor_ang_vel: 1.0908
          Metrics/motion/error_body_pos: 0.2969
          Metrics/motion/error_body_rot: 0.2836
         Metrics/motion/error_joint_pos: 1.1330
         Metrics/motion/error_joint_vel: 5.6416
        Metrics/motion/sampling_entropy: 0.0000
      Metrics/motion/sampling_top1_prob: 0.0000
       Metrics/motion/sampling_top1_bin: 0.0000
      Metrics/motion/error_body_lin_vel: 0.5730
      Metrics/motion/error_body_ang_vel: 1.7301
           Episode_Termination/time_out: 0.0000
         Episode_Termination/anchor_pos: 0.0000
         Episode_Termination/anchor_ori: 0.0000
        Episode_Termination/ee_body_pos: 0.0000
Episode_Termination/corpus_clip_time_out: 0.0000
Episode_Termination/invalid_native_model_actuation: 0.0000
Episode_Termination/world_root_tracking_failure: 1.3333
 Episode_Reward/world_potential_shaping: 0.0611
--------------------------------------------------------------------------------
                         Iteration time: 2.76s
                           Time elapsed: 00:04:59
                                    ETA: 00:16:52

################################################################################
[1m                           Learning iteration 114/500                           [0m 

                               Run name: original_core_920ms_fresh
                            Total steps: 235520 
                       Steps per second: 763 
                        Collection time: 2.503s 
                          Learning time: 0.178s 
                        Mean value loss: 1452.6061
                    Mean surrogate loss: -0.0098
                      Mean entropy loss: -20.3236
                            Mean reward: 566.57
                    Mean episode length: 254.77
                        Mean action std: 0.10
--------------------------------------------------------------------------------
                         Iteration time: 2.68s
                           Time elapsed: 00:05:01
                                    ETA: 00:16:50

################################################################################
[1m                           Learning iteration 115/500                           [0m 

                               Run name: original_core_920ms_fresh
                            Total steps: 237568 
                       Steps per second: 779 
                        Collection time: 2.450s 
                          Learning time: 0.177s 
                        Mean value loss: 823.9108
                    Mean surrogate loss: -0.0126
                      Mean entropy loss: -20.3236
                            Mean reward: 501.40
                    Mean episode length: 230.24
                        Mean action std: 0.10
  Episode_Reward/motion_global_root_pos: 0.0055
  Episode_Reward/motion_global_root_ori: 0.0064
         Episode_Reward/motion_body_pos: 0.0108
         Episode_Reward/motion_body_ori: 0.0104
     Episode_Reward/motion_body_lin_vel: 0.0112
     Episode_Reward/motion_body_ang_vel: 0.0104
          Episode_Reward/action_rate_l2: -0.0016
             Episode_Reward/joint_limit: -0.0001
         Episode_Reward/self_collisions: -0.0005
Episode_Reward/action_target_reference_l2: -0.0086
Episode_Reward/action_target_soft_limit_barrier: -0.0024
                   Episode_Reward/alive: 1.6434
 Episode_Reward/non_timeout_termination: -0.7655
Episode_Reward/worst_ee_z_normalized_squared: -0.0214
Episode_Reward/right_wrist_prethreshold_barrier: -0.0026
 Episode_Reward/requested_effort_excess: -0.0000
Episode_Reward/root_world_tracking_error: -0.0082
Episode_Reward/measured_joint_posture_l2: -0.0228
Episode_Reward/measured_feet_world_position_l2: -0.0121
Episode_Reward/original_task_position_l2: -0.0100
Episode_Reward/original_task_orientation_l2: -0.0059
        Metrics/motion/error_anchor_pos: 0.2639
        Metrics/motion/error_anchor_rot: 0.1308
    Metrics/motion/error_anchor_lin_vel: 0.3872
    Metrics/motion/error_anchor_ang_vel: 0.7546
          Metrics/motion/error_body_pos: 0.2708
          Metrics/motion/error_body_rot: 0.2706
         Metrics/motion/error_joint_pos: 0.8491
         Metrics/motion/error_joint_vel: 4.8181
        Metrics/motion/sampling_entropy: 0.0000
      Metrics/motion/sampling_top1_prob: 0.0000
       Metrics/motion/sampling_top1_bin: 0.0000
      Metrics/motion/error_body_lin_vel: 0.4361
      Metrics/motion/error_body_ang_vel: 1.3485
           Episode_Termination/time_out: 0.0000
         Episode_Termination/anchor_pos: 0.0000
         Episode_Termination/anchor_ori: 0.0000
        Episode_Termination/ee_body_pos: 0.1000
Episode_Termination/corpus_clip_time_out: 0.0000
Episode_Termination/invalid_native_model_actuation: 0.0000
Episode_Termination/world_root_tracking_failure: 1.0000
 Episode_Reward/world_potential_shaping: 0.0291
--------------------------------------------------------------------------------
                         Iteration time: 2.63s
                           Time elapsed: 00:05:04
                                    ETA: 00:16:47

################################################################################
[1m                           Learning iteration 116/500                           [0m 

                               Run name: original_core_920ms_fresh
                            Total steps: 239616 
                       Steps per second: 783 
                        Collection time: 2.355s 
                          Learning time: 0.259s 
                        Mean value loss: 960.1025
                    Mean surrogate loss: -0.0092
                      Mean entropy loss: -20.3236
                            Mean reward: 485.14
                    Mean episode length: 226.54
                        Mean action std: 0.10
--------------------------------------------------------------------------------
                         Iteration time: 2.61s
                           Time elapsed: 00:05:07
                                    ETA: 00:16:45

################################################################################
[1m                           Learning iteration 117/500                           [0m 

                               Run name: original_core_920ms_fresh
                            Total steps: 241664 
                       Steps per second: 619 
                        Collection time: 3.084s 
                          Learning time: 0.224s 
                        Mean value loss: 582.4886
                    Mean surrogate loss: -0.0144
                      Mean entropy loss: -20.3236
                            Mean reward: 515.07
                    Mean episode length: 238.40
                        Mean action std: 0.10
  Episode_Reward/motion_global_root_pos: 0.0136
  Episode_Reward/motion_global_root_ori: 0.0158
         Episode_Reward/motion_body_pos: 0.0269
         Episode_Reward/motion_body_ori: 0.0270
     Episode_Reward/motion_body_lin_vel: 0.0304
     Episode_Reward/motion_body_ang_vel: 0.0278
          Episode_Reward/action_rate_l2: -0.0034
             Episode_Reward/joint_limit: -0.0001
         Episode_Reward/self_collisions: -0.0009
Episode_Reward/action_target_reference_l2: -0.0190
Episode_Reward/action_target_soft_limit_barrier: -0.0043
                   Episode_Reward/alive: 3.9959
 Episode_Reward/non_timeout_termination: -0.7655
Episode_Reward/worst_ee_z_normalized_squared: -0.0419
Episode_Reward/right_wrist_prethreshold_barrier: -0.0002
 Episode_Reward/requested_effort_excess: -0.0000
Episode_Reward/root_world_tracking_error: -0.0139
Episode_Reward/measured_joint_posture_l2: -0.0426
Episode_Reward/measured_feet_world_position_l2: -0.0294
Episode_Reward/original_task_position_l2: -0.0235
Episode_Reward/original_task_orientation_l2: -0.0150
        Metrics/motion/error_anchor_pos: 0.2853
        Metrics/motion/error_anchor_rot: 0.1215
    Metrics/motion/error_anchor_lin_vel: 0.5062
    Metrics/motion/error_anchor_ang_vel: 1.0421
          Metrics/motion/error_body_pos: 0.2985
          Metrics/motion/error_body_rot: 0.2373
         Metrics/motion/error_joint_pos: 0.9112
         Metrics/motion/error_joint_vel: 5.8970
        Metrics/motion/sampling_entropy: 0.0000
      Metrics/motion/sampling_top1_prob: 0.0000
       Metrics/motion/sampling_top1_bin: 0.0000
      Metrics/motion/error_body_lin_vel: 0.5480
      Metrics/motion/error_body_ang_vel: 1.5846
           Episode_Termination/time_out: 0.0000
         Episode_Termination/anchor_pos: 0.0000
         Episode_Termination/anchor_ori: 0.0000
        Episode_Termination/ee_body_pos: 0.0000
Episode_Termination/corpus_clip_time_out: 0.0000
Episode_Termination/invalid_native_model_actuation: 0.0000
Episode_Termination/world_root_tracking_failure: 1.5000
 Episode_Reward/world_potential_shaping: 0.0565
--------------------------------------------------------------------------------
                         Iteration time: 3.31s
                           Time elapsed: 00:05:10
                                    ETA: 00:16:44

################################################################################
[1m                           Learning iteration 118/500                           [0m 

                               Run name: original_core_920ms_fresh
                            Total steps: 243712 
                       Steps per second: 713 
                        Collection time: 2.636s 
                          Learning time: 0.234s 
                        Mean value loss: 433.4896
                    Mean surrogate loss: -0.0109
                      Mean entropy loss: -20.3236
                            Mean reward: 529.54
                    Mean episode length: 244.25
                        Mean action std: 0.10
  Episode_Reward/motion_global_root_pos: 0.0167
  Episode_Reward/motion_global_root_ori: 0.0181
         Episode_Reward/motion_body_pos: 0.0335
         Episode_Reward/motion_body_ori: 0.0323
     Episode_Reward/motion_body_lin_vel: 0.0348
     Episode_Reward/motion_body_ang_vel: 0.0333
          Episode_Reward/action_rate_l2: -0.0034
             Episode_Reward/joint_limit: -0.0000
         Episode_Reward/self_collisions: -0.0027
Episode_Reward/action_target_reference_l2: -0.0189
Episode_Reward/action_target_soft_limit_barrier: -0.0036
                   Episode_Reward/alive: 4.4394
 Episode_Reward/non_timeout_termination: -0.7655
Episode_Reward/worst_ee_z_normalized_squared: -0.0681
Episode_Reward/right_wrist_prethreshold_barrier: -0.0007
 Episode_Reward/requested_effort_excess: -0.0000
Episode_Reward/root_world_tracking_error: -0.0104
Episode_Reward/measured_joint_posture_l2: -0.0419
Episode_Reward/measured_feet_world_position_l2: -0.0294
Episode_Reward/original_task_position_l2: -0.0237
Episode_Reward/original_task_orientation_l2: -0.0125
        Metrics/motion/error_anchor_pos: 0.2865
        Metrics/motion/error_anchor_rot: 0.1215
    Metrics/motion/error_anchor_lin_vel: 0.6569
    Metrics/motion/error_anchor_ang_vel: 1.2372
          Metrics/motion/error_body_pos: 0.2917
          Metrics/motion/error_body_rot: 0.2510
         Metrics/motion/error_joint_pos: 1.1676
         Metrics/motion/error_joint_vel: 7.0250
        Metrics/motion/sampling_entropy: 0.0000
      Metrics/motion/sampling_top1_prob: 0.0000
       Metrics/motion/sampling_top1_bin: 0.0000
      Metrics/motion/error_body_lin_vel: 0.7316
      Metrics/motion/error_body_ang_vel: 1.8260
           Episode_Termination/time_out: 0.0000
         Episode_Termination/anchor_pos: 0.0000
         Episode_Termination/anchor_ori: 0.0000
        Episode_Termination/ee_body_pos: 0.0000
Episode_Termination/corpus_clip_time_out: 0.0000
Episode_Termination/invalid_native_model_actuation: 0.0000
Episode_Termination/world_root_tracking_failure: 1.4000
 Episode_Reward/world_potential_shaping: 0.0468
--------------------------------------------------------------------------------
                         Iteration time: 2.87s
                           Time elapsed: 00:05:13
                                    ETA: 00:16:42

################################################################################
[1m                           Learning iteration 119/500                           [0m 

                               Run name: original_core_920ms_fresh
                            Total steps: 245760 
                       Steps per second: 767 
                        Collection time: 2.477s 
                          Learning time: 0.190s 
                        Mean value loss: 693.2514
                    Mean surrogate loss: -0.0053
                      Mean entropy loss: -20.3236
                            Mean reward: 527.42
                    Mean episode length: 244.10
                        Mean action std: 0.10
--------------------------------------------------------------------------------
                         Iteration time: 2.67s
                           Time elapsed: 00:05:15
                                    ETA: 00:16:40

################################################################################
[1m                           Learning iteration 120/500                           [0m 

                               Run name: original_core_920ms_fresh
                            Total steps: 247808 
                       Steps per second: 808 
                        Collection time: 2.366s 
                          Learning time: 0.169s 
                        Mean value loss: 1204.2646
                    Mean surrogate loss: -0.0148
                      Mean entropy loss: -20.3236
                            Mean reward: 487.97
                    Mean episode length: 229.94
                        Mean action std: 0.10
  Episode_Reward/motion_global_root_pos: 0.0084
  Episode_Reward/motion_global_root_ori: 0.0096
         Episode_Reward/motion_body_pos: 0.0169
         Episode_Reward/motion_body_ori: 0.0164
     Episode_Reward/motion_body_lin_vel: 0.0184
     Episode_Reward/motion_body_ang_vel: 0.0175
          Episode_Reward/action_rate_l2: -0.0019
             Episode_Reward/joint_limit: -0.0000
         Episode_Reward/self_collisions: -0.0008
Episode_Reward/action_target_reference_l2: -0.0108
Episode_Reward/action_target_soft_limit_barrier: -0.0020
                   Episode_Reward/alive: 2.4369
 Episode_Reward/non_timeout_termination: -0.6804
Episode_Reward/worst_ee_z_normalized_squared: -0.0316
Episode_Reward/right_wrist_prethreshold_barrier: -0.0000
 Episode_Reward/requested_effort_excess: -0.0000
Episode_Reward/root_world_tracking_error: -0.0088
Episode_Reward/measured_joint_posture_l2: -0.0305
Episode_Reward/measured_feet_world_position_l2: -0.0170
Episode_Reward/original_task_position_l2: -0.0140
Episode_Reward/original_task_orientation_l2: -0.0072
        Metrics/motion/error_anchor_pos: 0.2655
        Metrics/motion/error_anchor_rot: 0.1330
    Metrics/motion/error_anchor_lin_vel: 0.4774
    Metrics/motion/error_anchor_ang_vel: 0.6662
          Metrics/motion/error_body_pos: 0.2723
          Metrics/motion/error_body_rot: 0.2089
         Metrics/motion/error_joint_pos: 0.7115
         Metrics/motion/error_joint_vel: 5.1730
        Metrics/motion/sampling_entropy: 0.0000
      Metrics/motion/sampling_top1_prob: 0.0000
       Metrics/motion/sampling_top1_bin: 0.0000
      Metrics/motion/error_body_lin_vel: 0.5074
      Metrics/motion/error_body_ang_vel: 1.3775
           Episode_Termination/time_out: 0.0000
         Episode_Termination/anchor_pos: 0.0000
         Episode_Termination/anchor_ori: 0.0000
        Episode_Termination/ee_body_pos: 0.0000
Episode_Termination/corpus_clip_time_out: 0.1111
Episode_Termination/invalid_native_model_actuation: 0.0000
Episode_Termination/world_root_tracking_failure: 1.3333
 Episode_Reward/world_potential_shaping: 0.0362
--------------------------------------------------------------------------------
                         Iteration time: 2.53s
                           Time elapsed: 00:05:18
                                    ETA: 00:16:37

################################################################################
[1m                           Learning iteration 121/500                           [0m 

                               Run name: original_core_920ms_fresh
                            Total steps: 249856 
                       Steps per second: 790 
                        Collection time: 2.406s 
                          Learning time: 0.184s 
                        Mean value loss: 569.9540
                    Mean surrogate loss: -0.0100
                      Mean entropy loss: -20.3236
                            Mean reward: 501.98
                    Mean episode length: 235.57
                        Mean action std: 0.10
--------------------------------------------------------------------------------
                         Iteration time: 2.59s
                           Time elapsed: 00:05:21
                                    ETA: 00:16:34

################################################################################
[1m                           Learning iteration 122/500                           [0m 

                               Run name: original_core_920ms_fresh
                            Total steps: 251904 
                       Steps per second: 852 
                        Collection time: 2.227s 
                          Learning time: 0.175s 
                        Mean value loss: 526.6667
                    Mean surrogate loss: -0.0135
                      Mean entropy loss: -20.3236
                            Mean reward: 471.54
                    Mean episode length: 222.56
                        Mean action std: 0.10
--------------------------------------------------------------------------------
                         Iteration time: 2.40s
                           Time elapsed: 00:05:23
                                    ETA: 00:16:31

################################################################################
[1m                           Learning iteration 123/500                           [0m 

                               Run name: original_core_920ms_fresh
                            Total steps: 253952 
                       Steps per second: 381 
                        Collection time: 5.192s 
                          Learning time: 0.172s 
                        Mean value loss: 487.4071
                    Mean surrogate loss: -0.0115
                      Mean entropy loss: -20.3236
                            Mean reward: 441.85
                    Mean episode length: 210.65
                        Mean action std: 0.10
--------------------------------------------------------------------------------
                         Iteration time: 5.36s
                           Time elapsed: 00:05:28
                                    ETA: 00:16:36

################################################################################
[1m                           Learning iteration 124/500                           [0m 

                               Run name: original_core_920ms_fresh
                            Total steps: 256000 
                       Steps per second: 853 
                        Collection time: 2.222s 
                          Learning time: 0.178s 
                        Mean value loss: 963.0964
                    Mean surrogate loss: -0.0130
                      Mean entropy loss: -20.3236
                            Mean reward: 398.66
                    Mean episode length: 194.24
                        Mean action std: 0.10
--------------------------------------------------------------------------------
                         Iteration time: 2.40s
                           Time elapsed: 00:05:31
                                    ETA: 00:16:33

################################################################################
[1m                           Learning iteration 125/500                           [0m 

                               Run name: original_core_920ms_fresh
                            Total steps: 258048 
                       Steps per second: 741 
                        Collection time: 2.576s 
                          Learning time: 0.184s 
                        Mean value loss: 1219.0618
                    Mean surrogate loss: -0.0121
                      Mean entropy loss: -20.3236
                            Mean reward: 402.08
                    Mean episode length: 195.64
                        Mean action std: 0.10
  Episode_Reward/motion_global_root_pos: 0.0137
  Episode_Reward/motion_global_root_ori: 0.0167
         Episode_Reward/motion_body_pos: 0.0272
         Episode_Reward/motion_body_ori: 0.0286
     Episode_Reward/motion_body_lin_vel: 0.0332
     Episode_Reward/motion_body_ang_vel: 0.0310
          Episode_Reward/action_rate_l2: -0.0032
             Episode_Reward/joint_limit: -0.0001
         Episode_Reward/self_collisions: -0.0015
Episode_Reward/action_target_reference_l2: -0.0198
Episode_Reward/action_target_soft_limit_barrier: -0.0035
                   Episode_Reward/alive: 4.1854
 Episode_Reward/non_timeout_termination: -0.6804
Episode_Reward/worst_ee_z_normalized_squared: -0.0666
Episode_Reward/right_wrist_prethreshold_barrier: -0.0026
 Episode_Reward/requested_effort_excess: -0.0000
Episode_Reward/root_world_tracking_error: -0.0133
Episode_Reward/measured_joint_posture_l2: -0.0436
Episode_Reward/measured_feet_world_position_l2: -0.0319
Episode_Reward/original_task_position_l2: -0.0265
Episode_Reward/original_task_orientation_l2: -0.0128
        Metrics/motion/error_anchor_pos: 0.2836
        Metrics/motion/error_anchor_rot: 0.1063
    Metrics/motion/error_anchor_lin_vel: 0.2506
    Metrics/motion/error_anchor_ang_vel: 0.8019
          Metrics/motion/error_body_pos: 0.2897
          Metrics/motion/error_body_rot: 0.1972
         Metrics/motion/error_joint_pos: 0.8501
         Metrics/motion/error_joint_vel: 3.7061
        Metrics/motion/sampling_entropy: 0.0000
      Metrics/motion/sampling_top1_prob: 0.0000
       Metrics/motion/sampling_top1_bin: 0.0000
      Metrics/motion/error_body_lin_vel: 0.3003
      Metrics/motion/error_body_ang_vel: 1.1876
           Episode_Termination/time_out: 0.0000
         Episode_Termination/anchor_pos: 0.0000
         Episode_Termination/anchor_ori: 0.0000
        Episode_Termination/ee_body_pos: 0.0000
Episode_Termination/corpus_clip_time_out: 0.1111
Episode_Termination/invalid_native_model_actuation: 0.0000
Episode_Termination/world_root_tracking_failure: 0.8889
 Episode_Reward/world_potential_shaping: 0.0587
--------------------------------------------------------------------------------
                         Iteration time: 2.76s
                           Time elapsed: 00:05:33
                                    ETA: 00:16:31

################################################################################
[1m                           Learning iteration 126/500                           [0m 

                               Run name: original_core_920ms_fresh
                            Total steps: 260096 
                       Steps per second: 832 
                        Collection time: 2.270s 
                          Learning time: 0.189s 
                        Mean value loss: 893.1359
                    Mean surrogate loss: -0.0125
                      Mean entropy loss: -20.3236
                            Mean reward: 428.92
                    Mean episode length: 204.94
                        Mean action std: 0.10
  Episode_Reward/motion_global_root_pos: 0.0146
  Episode_Reward/motion_global_root_ori: 0.0170
         Episode_Reward/motion_body_pos: 0.0291
         Episode_Reward/motion_body_ori: 0.0295
     Episode_Reward/motion_body_lin_vel: 0.0333
     Episode_Reward/motion_body_ang_vel: 0.0313
          Episode_Reward/action_rate_l2: -0.0034
             Episode_Reward/joint_limit: -0.0002
         Episode_Reward/self_collisions: -0.0005
Episode_Reward/action_target_reference_l2: -0.0207
Episode_Reward/action_target_soft_limit_barrier: -0.0034
                   Episode_Reward/alive: 4.2263
 Episode_Reward/non_timeout_termination: -0.7108
Episode_Reward/worst_ee_z_normalized_squared: -0.0637
Episode_Reward/right_wrist_prethreshold_barrier: -0.0016
 Episode_Reward/requested_effort_excess: -0.0000
Episode_Reward/root_world_tracking_error: -0.0125
Episode_Reward/measured_joint_posture_l2: -0.0365
Episode_Reward/measured_feet_world_position_l2: -0.0294
Episode_Reward/original_task_position_l2: -0.0247
Episode_Reward/original_task_orientation_l2: -0.0140
        Metrics/motion/error_anchor_pos: 0.2705
        Metrics/motion/error_anchor_rot: 0.1128
    Metrics/motion/error_anchor_lin_vel: 0.3619
    Metrics/motion/error_anchor_ang_vel: 0.7101
          Metrics/motion/error_body_pos: 0.2756
          Metrics/motion/error_body_rot: 0.2327
         Metrics/motion/error_joint_pos: 0.9158
         Metrics/motion/error_joint_vel: 5.0534
        Metrics/motion/sampling_entropy: 0.0000
      Metrics/motion/sampling_top1_prob: 0.0000
       Metrics/motion/sampling_top1_bin: 0.0000
      Metrics/motion/error_body_lin_vel: 0.3853
      Metrics/motion/error_body_ang_vel: 1.3116
           Episode_Termination/time_out: 0.0000
         Episode_Termination/anchor_pos: 0.0000
         Episode_Termination/anchor_ori: 0.0000
        Episode_Termination/ee_body_pos: 0.0000
Episode_Termination/corpus_clip_time_out: 0.1429
Episode_Termination/invalid_native_model_actuation: 0.0000
Episode_Termination/world_root_tracking_failure: 1.0000
 Episode_Reward/world_potential_shaping: 0.0530
--------------------------------------------------------------------------------
                         Iteration time: 2.46s
                           Time elapsed: 00:05:36
                                    ETA: 00:16:28

################################################################################
[1m                           Learning iteration 127/500                           [0m 

                               Run name: original_core_920ms_fresh
                            Total steps: 262144 
                       Steps per second: 751 
                        Collection time: 2.550s 
                          Learning time: 0.177s 
                        Mean value loss: 742.3595
                    Mean surrogate loss: -0.0139
                      Mean entropy loss: -20.3235
                            Mean reward: 451.46
                    Mean episode length: 213.49
                        Mean action std: 0.10
  Episode_Reward/motion_global_root_pos: 0.0121
  Episode_Reward/motion_global_root_ori: 0.0151
         Episode_Reward/motion_body_pos: 0.0242
         Episode_Reward/motion_body_ori: 0.0264
     Episode_Reward/motion_body_lin_vel: 0.0303
     Episode_Reward/motion_body_ang_vel: 0.0285
          Episode_Reward/action_rate_l2: -0.0029
             Episode_Reward/joint_limit: -0.0000
         Episode_Reward/self_collisions: -0.0008
Episode_Reward/action_target_reference_l2: -0.0178
Episode_Reward/action_target_soft_limit_barrier: -0.0027
                   Episode_Reward/alive: 3.8056
 Episode_Reward/non_timeout_termination: -0.6197
Episode_Reward/worst_ee_z_normalized_squared: -0.0541
Episode_Reward/right_wrist_prethreshold_barrier: -0.0014
 Episode_Reward/requested_effort_excess: -0.0000
Episode_Reward/root_world_tracking_error: -0.0136
Episode_Reward/measured_joint_posture_l2: -0.0435
Episode_Reward/measured_feet_world_position_l2: -0.0288
Episode_Reward/original_task_position_l2: -0.0242
Episode_Reward/original_task_orientation_l2: -0.0120
        Metrics/motion/error_anchor_pos: 0.2552
        Metrics/motion/error_anchor_rot: 0.1543
    Metrics/motion/error_anchor_lin_vel: 0.3542
    Metrics/motion/error_anchor_ang_vel: 1.0471
          Metrics/motion/error_body_pos: 0.2585
          Metrics/motion/error_body_rot: 0.2653
         Metrics/motion/error_joint_pos: 0.8668
         Metrics/motion/error_joint_vel: 4.7119
        Metrics/motion/sampling_entropy: 0.0000
      Metrics/motion/sampling_top1_prob: 0.0000
       Metrics/motion/sampling_top1_bin: 0.0000
      Metrics/motion/error_body_lin_vel: 0.4273
      Metrics/motion/error_body_ang_vel: 1.4917
           Episode_Termination/time_out: 0.0000
         Episode_Termination/anchor_pos: 0.0000
         Episode_Termination/anchor_ori: 0.0000
        Episode_Termination/ee_body_pos: 0.1429
Episode_Termination/corpus_clip_time_out: 0.2857
Episode_Termination/invalid_native_model_actuation: 0.0000
Episode_Termination/world_root_tracking_failure: 1.0000
 Episode_Reward/world_potential_shaping: 0.0538
--------------------------------------------------------------------------------
                         Iteration time: 2.73s
                           Time elapsed: 00:05:39
                                    ETA: 00:16:25

################################################################################
[1m                           Learning iteration 128/500                           [0m 

                               Run name: original_core_920ms_fresh
                            Total steps: 264192 
                       Steps per second: 859 
                        Collection time: 2.211s 
                          Learning time: 0.172s 
                        Mean value loss: 857.3362
                    Mean surrogate loss: -0.0081
                      Mean entropy loss: -20.3235
                            Mean reward: 480.16
                    Mean episode length: 224.64
                        Mean action std: 0.10
--------------------------------------------------------------------------------
                         Iteration time: 2.38s
                           Time elapsed: 00:05:41
                                    ETA: 00:16:22

################################################################################
[1m                           Learning iteration 129/500                           [0m 

                               Run name: original_core_920ms_fresh
                            Total steps: 266240 
                       Steps per second: 844 
                        Collection time: 2.232s 
                          Learning time: 0.194s 
                        Mean value loss: 389.8692
                    Mean surrogate loss: -0.0110
                      Mean entropy loss: -20.3235
                            Mean reward: 473.47
                    Mean episode length: 221.67
                        Mean action std: 0.10
  Episode_Reward/motion_global_root_pos: 0.0128
  Episode_Reward/motion_global_root_ori: 0.0142
         Episode_Reward/motion_body_pos: 0.0254
         Episode_Reward/motion_body_ori: 0.0252
     Episode_Reward/motion_body_lin_vel: 0.0277
     Episode_Reward/motion_body_ang_vel: 0.0268
          Episode_Reward/action_rate_l2: -0.0026
             Episode_Reward/joint_limit: -0.0001
         Episode_Reward/self_collisions: -0.0024
Episode_Reward/action_target_reference_l2: -0.0148
Episode_Reward/action_target_soft_limit_barrier: -0.0031
                   Episode_Reward/alive: 3.4950
 Episode_Reward/non_timeout_termination: -0.7655
Episode_Reward/worst_ee_z_normalized_squared: -0.0484
Episode_Reward/right_wrist_prethreshold_barrier: -0.0000
 Episode_Reward/requested_effort_excess: 0.0000
Episode_Reward/root_world_tracking_error: -0.0090
Episode_Reward/measured_joint_posture_l2: -0.0360
Episode_Reward/measured_feet_world_position_l2: -0.0241
Episode_Reward/original_task_position_l2: -0.0189
Episode_Reward/original_task_orientation_l2: -0.0083
        Metrics/motion/error_anchor_pos: 0.2795
        Metrics/motion/error_anchor_rot: 0.1193
    Metrics/motion/error_anchor_lin_vel: 0.6905
    Metrics/motion/error_anchor_ang_vel: 1.2326
          Metrics/motion/error_body_pos: 0.2928
          Metrics/motion/error_body_rot: 0.2279
         Metrics/motion/error_joint_pos: 0.9930
         Metrics/motion/error_joint_vel: 5.2429
        Metrics/motion/sampling_entropy: 0.0000
      Metrics/motion/sampling_top1_prob: 0.0000
       Metrics/motion/sampling_top1_bin: 0.0000
      Metrics/motion/error_body_lin_vel: 0.7194
      Metrics/motion/error_body_ang_vel: 1.7774
           Episode_Termination/time_out: 0.0000
         Episode_Termination/anchor_pos: 0.0000
         Episode_Termination/anchor_ori: 0.0000
        Episode_Termination/ee_body_pos: 0.0000
Episode_Termination/corpus_clip_time_out: 0.0000
Episode_Termination/invalid_native_model_actuation: 0.0000
Episode_Termination/world_root_tracking_failure: 1.1250
 Episode_Reward/world_potential_shaping: 0.0442
--------------------------------------------------------------------------------
                         Iteration time: 2.43s
                           Time elapsed: 00:05:43
                                    ETA: 00:16:18

################################################################################
[1m                           Learning iteration 130/500                           [0m 

                               Run name: original_core_920ms_fresh
                            Total steps: 268288 
                       Steps per second: 828 
                        Collection time: 2.295s 
                          Learning time: 0.177s 
                        Mean value loss: 604.0776
                    Mean surrogate loss: -0.0108
                      Mean entropy loss: -20.3235
                            Mean reward: 471.71
                    Mean episode length: 221.02
                        Mean action std: 0.10
--------------------------------------------------------------------------------
                         Iteration time: 2.47s
                           Time elapsed: 00:05:46
                                    ETA: 00:16:15

################################################################################
[1m                           Learning iteration 131/500                           [0m 

                               Run name: original_core_920ms_fresh
                            Total steps: 270336 
                       Steps per second: 817 
                        Collection time: 2.329s 
                          Learning time: 0.177s 
                        Mean value loss: 843.3507
                    Mean surrogate loss: -0.0123
                      Mean entropy loss: -20.3235
                            Mean reward: 436.00
                    Mean episode length: 207.93
                        Mean action std: 0.10
  Episode_Reward/motion_global_root_pos: 0.0103
  Episode_Reward/motion_global_root_ori: 0.0130
         Episode_Reward/motion_body_pos: 0.0202
         Episode_Reward/motion_body_ori: 0.0224
     Episode_Reward/motion_body_lin_vel: 0.0255
     Episode_Reward/motion_body_ang_vel: 0.0247
          Episode_Reward/action_rate_l2: -0.0023
             Episode_Reward/joint_limit: -0.0000
         Episode_Reward/self_collisions: -0.0001
Episode_Reward/action_target_reference_l2: -0.0136
Episode_Reward/action_target_soft_limit_barrier: -0.0032
                   Episode_Reward/alive: 3.2214
 Episode_Reward/non_timeout_termination: -0.6889
Episode_Reward/worst_ee_z_normalized_squared: -0.0322
Episode_Reward/right_wrist_prethreshold_barrier: -0.0012
 Episode_Reward/requested_effort_excess: -0.0000
Episode_Reward/root_world_tracking_error: -0.0119
Episode_Reward/measured_joint_posture_l2: -0.0379
Episode_Reward/measured_feet_world_position_l2: -0.0240
Episode_Reward/original_task_position_l2: -0.0196
Episode_Reward/original_task_orientation_l2: -0.0093
        Metrics/motion/error_anchor_pos: 0.2628
        Metrics/motion/error_anchor_rot: 0.0937
    Metrics/motion/error_anchor_lin_vel: 0.4780
    Metrics/motion/error_anchor_ang_vel: 0.8965
          Metrics/motion/error_body_pos: 0.2773
          Metrics/motion/error_body_rot: 0.2035
         Metrics/motion/error_joint_pos: 0.7892
         Metrics/motion/error_joint_vel: 5.3694
        Metrics/motion/sampling_entropy: 0.0000
      Metrics/motion/sampling_top1_prob: 0.0000
       Metrics/motion/sampling_top1_bin: 0.0000
      Metrics/motion/error_body_lin_vel: 0.4897
      Metrics/motion/error_body_ang_vel: 1.6128
           Episode_Termination/time_out: 0.0000
         Episode_Termination/anchor_pos: 0.0000
         Episode_Termination/anchor_ori: 0.0000
        Episode_Termination/ee_body_pos: 0.1000
Episode_Termination/corpus_clip_time_out: 0.1000
Episode_Termination/invalid_native_model_actuation: 0.0000
Episode_Termination/world_root_tracking_failure: 0.8000
 Episode_Reward/world_potential_shaping: 0.0476
--------------------------------------------------------------------------------
                         Iteration time: 2.51s
                           Time elapsed: 00:05:48
                                    ETA: 00:16:12

################################################################################
[1m                           Learning iteration 132/500                           [0m 

                               Run name: original_core_920ms_fresh
                            Total steps: 272384 
                       Steps per second: 728 
                        Collection time: 2.589s 
                          Learning time: 0.224s 
                        Mean value loss: 376.6992
                    Mean surrogate loss: -0.0139
                      Mean entropy loss: -20.3235
                            Mean reward: 440.12
                    Mean episode length: 209.51
                        Mean action std: 0.10
--------------------------------------------------------------------------------
                         Iteration time: 2.81s
                           Time elapsed: 00:05:51
                                    ETA: 00:16:10

################################################################################
[1m                           Learning iteration 133/500                           [0m 

                               Run name: original_core_920ms_fresh
                            Total steps: 274432 
                       Steps per second: 820 
                        Collection time: 2.322s 
                          Learning time: 0.175s 
                        Mean value loss: 503.5958
                    Mean surrogate loss: -0.0116
                      Mean entropy loss: -20.3235
                            Mean reward: 479.49
                    Mean episode length: 224.38
                        Mean action std: 0.10
  Episode_Reward/motion_global_root_pos: 0.0176
  Episode_Reward/motion_global_root_ori: 0.0206
         Episode_Reward/motion_body_pos: 0.0348
         Episode_Reward/motion_body_ori: 0.0348
     Episode_Reward/motion_body_lin_vel: 0.0411
     Episode_Reward/motion_body_ang_vel: 0.0385
          Episode_Reward/action_rate_l2: -0.0037
             Episode_Reward/joint_limit: 0.0000
         Episode_Reward/self_collisions: -0.0005
Episode_Reward/action_target_reference_l2: -0.0219
Episode_Reward/action_target_soft_limit_barrier: -0.0037
                   Episode_Reward/alive: 5.0881
 Episode_Reward/non_timeout_termination: -0.6698
Episode_Reward/worst_ee_z_normalized_squared: -0.0603
Episode_Reward/right_wrist_prethreshold_barrier: -0.0001
 Episode_Reward/requested_effort_excess: 0.0000
Episode_Reward/root_world_tracking_error: -0.0134
Episode_Reward/measured_joint_posture_l2: -0.0537
Episode_Reward/measured_feet_world_position_l2: -0.0377
Episode_Reward/original_task_position_l2: -0.0295
Episode_Reward/original_task_orientation_l2: -0.0155
        Metrics/motion/error_anchor_pos: 0.2631
        Metrics/motion/error_anchor_rot: 0.1103
    Metrics/motion/error_anchor_lin_vel: 0.4221
    Metrics/motion/error_anchor_ang_vel: 0.9469
          Metrics/motion/error_body_pos: 0.2668
          Metrics/motion/error_body_rot: 0.2131
         Metrics/motion/error_joint_pos: 0.7579
         Metrics/motion/error_joint_vel: 5.0624
        Metrics/motion/sampling_entropy: 0.0000
      Metrics/motion/sampling_top1_prob: 0.0000
       Metrics/motion/sampling_top1_bin: 0.0000
      Metrics/motion/error_body_lin_vel: 0.4355
      Metrics/motion/error_body_ang_vel: 1.6038
           Episode_Termination/time_out: 0.0000
         Episode_Termination/anchor_pos: 0.0000
         Episode_Termination/anchor_ori: 0.0000
        Episode_Termination/ee_body_pos: 0.0000
Episode_Termination/corpus_clip_time_out: 0.1250
Episode_Termination/invalid_native_model_actuation: 0.0000
Episode_Termination/world_root_tracking_failure: 1.1250
 Episode_Reward/world_potential_shaping: 0.0645
--------------------------------------------------------------------------------
                         Iteration time: 2.50s
                           Time elapsed: 00:05:54
                                    ETA: 00:16:07

################################################################################
[1m                           Learning iteration 134/500                           [0m 

                               Run name: original_core_920ms_fresh
                            Total steps: 276480 
                       Steps per second: 765 
                        Collection time: 2.489s 
                          Learning time: 0.184s 
                        Mean value loss: 654.5831
                    Mean surrogate loss: -0.0115
                      Mean entropy loss: -20.3235
                            Mean reward: 495.77
                    Mean episode length: 231.39
                        Mean action std: 0.10
--------------------------------------------------------------------------------
                         Iteration time: 2.67s
                           Time elapsed: 00:05:56
                                    ETA: 00:16:04

################################################################################
[1m                           Learning iteration 135/500                           [0m 

                               Run name: original_core_920ms_fresh
                            Total steps: 278528 
                       Steps per second: 355 
                        Collection time: 5.591s 
                          Learning time: 0.169s 
                        Mean value loss: 969.9386
                    Mean surrogate loss: -0.0123
                      Mean entropy loss: -20.3235
                            Mean reward: 508.39
                    Mean episode length: 236.54
                        Mean action std: 0.10
  Episode_Reward/motion_global_root_pos: 0.0097
  Episode_Reward/motion_global_root_ori: 0.0133
         Episode_Reward/motion_body_pos: 0.0190
         Episode_Reward/motion_body_ori: 0.0234
     Episode_Reward/motion_body_lin_vel: 0.0265
     Episode_Reward/motion_body_ang_vel: 0.0251
          Episode_Reward/action_rate_l2: -0.0024
             Episode_Reward/joint_limit: -0.0000
         Episode_Reward/self_collisions: 0.0000
Episode_Reward/action_target_reference_l2: -0.0141
Episode_Reward/action_target_soft_limit_barrier: -0.0023
                   Episode_Reward/alive: 3.3105
 Episode_Reward/non_timeout_termination: -0.6197
Episode_Reward/worst_ee_z_normalized_squared: -0.0412
Episode_Reward/right_wrist_prethreshold_barrier: -0.0001
 Episode_Reward/requested_effort_excess: -0.0000
Episode_Reward/root_world_tracking_error: -0.0142
Episode_Reward/measured_joint_posture_l2: -0.0346
Episode_Reward/measured_feet_world_position_l2: -0.0248
Episode_Reward/original_task_position_l2: -0.0214
Episode_Reward/original_task_orientation_l2: -0.0103
        Metrics/motion/error_anchor_pos: 0.2735
        Metrics/motion/error_anchor_rot: 0.1406
    Metrics/motion/error_anchor_lin_vel: 0.4210
    Metrics/motion/error_anchor_ang_vel: 1.1110
          Metrics/motion/error_body_pos: 0.2801
          Metrics/motion/error_body_rot: 0.2315
         Metrics/motion/error_joint_pos: 0.8441
         Metrics/motion/error_joint_vel: 5.4950
        Metrics/motion/sampling_entropy: 0.0000
      Metrics/motion/sampling_top1_prob: 0.0000
       Metrics/motion/sampling_top1_bin: 0.0000
      Metrics/motion/error_body_lin_vel: 0.4452
      Metrics/motion/error_body_ang_vel: 1.3968
           Episode_Termination/time_out: 0.0000
         Episode_Termination/anchor_pos: 0.0000
         Episode_Termination/anchor_ori: 0.0000
        Episode_Termination/ee_body_pos: 0.0000
Episode_Termination/corpus_clip_time_out: 0.2857
Episode_Termination/invalid_native_model_actuation: 0.0000
Episode_Termination/world_root_tracking_failure: 1.1429
 Episode_Reward/world_potential_shaping: 0.0459
--------------------------------------------------------------------------------
                         Iteration time: 5.76s
                           Time elapsed: 00:06:02
                                    ETA: 00:16:10

################################################################################
[1m                           Learning iteration 136/500                           [0m 

                               Run name: original_core_920ms_fresh
                            Total steps: 280576 
                       Steps per second: 842 
                        Collection time: 2.237s 
                          Learning time: 0.195s 
                        Mean value loss: 696.1758
                    Mean surrogate loss: -0.0127
                      Mean entropy loss: -20.3235
                            Mean reward: 522.38
                    Mean episode length: 241.20
                        Mean action std: 0.10
--------------------------------------------------------------------------------
                         Iteration time: 2.43s
                           Time elapsed: 00:06:05
                                    ETA: 00:16:07

################################################################################
[1m                           Learning iteration 137/500                           [0m 

                               Run name: original_core_920ms_fresh
                            Total steps: 282624 
                       Steps per second: 807 
                        Collection time: 2.362s 
                          Learning time: 0.174s 
                        Mean value loss: 1333.2691
                    Mean surrogate loss: -0.0137
                      Mean entropy loss: -20.3235
                            Mean reward: 538.10
                    Mean episode length: 248.00
                        Mean action std: 0.10
  Episode_Reward/motion_global_root_pos: 0.0127
  Episode_Reward/motion_global_root_ori: 0.0148
         Episode_Reward/motion_body_pos: 0.0250
         Episode_Reward/motion_body_ori: 0.0251
     Episode_Reward/motion_body_lin_vel: 0.0292
     Episode_Reward/motion_body_ang_vel: 0.0269
          Episode_Reward/action_rate_l2: -0.0031
             Episode_Reward/joint_limit: -0.0002
         Episode_Reward/self_collisions: -0.0045
Episode_Reward/action_target_reference_l2: -0.0185
Episode_Reward/action_target_soft_limit_barrier: -0.0037
                   Episode_Reward/alive: 3.7480
 Episode_Reward/non_timeout_termination: -0.7655
Episode_Reward/worst_ee_z_normalized_squared: -0.0576
Episode_Reward/right_wrist_prethreshold_barrier: -0.0020
 Episode_Reward/requested_effort_excess: -0.0000
Episode_Reward/root_world_tracking_error: -0.0119
Episode_Reward/measured_joint_posture_l2: -0.0390
Episode_Reward/measured_feet_world_position_l2: -0.0280
Episode_Reward/original_task_position_l2: -0.0228
Episode_Reward/original_task_orientation_l2: -0.0139
        Metrics/motion/error_anchor_pos: 0.2809
        Metrics/motion/error_anchor_rot: 0.1436
    Metrics/motion/error_anchor_lin_vel: 0.4970
    Metrics/motion/error_anchor_ang_vel: 0.8920
          Metrics/motion/error_body_pos: 0.2888
          Metrics/motion/error_body_rot: 0.2487
         Metrics/motion/error_joint_pos: 0.9281
         Metrics/motion/error_joint_vel: 5.2199
        Metrics/motion/sampling_entropy: 0.0000
      Metrics/motion/sampling_top1_prob: 0.0000
       Metrics/motion/sampling_top1_bin: 0.0000
      Metrics/motion/error_body_lin_vel: 0.5213
      Metrics/motion/error_body_ang_vel: 1.5108
           Episode_Termination/time_out: 0.0000
         Episode_Termination/anchor_pos: 0.0000
         Episode_Termination/anchor_ori: 0.0000
        Episode_Termination/ee_body_pos: 0.1111
Episode_Termination/corpus_clip_time_out: 0.0000
Episode_Termination/invalid_native_model_actuation: 0.0000
Episode_Termination/world_root_tracking_failure: 1.3333
 Episode_Reward/world_potential_shaping: 0.0532
--------------------------------------------------------------------------------
                         Iteration time: 2.54s
                           Time elapsed: 00:06:07
                                    ETA: 00:16:04

################################################################################
[1m                           Learning iteration 138/500                           [0m 

                               Run name: original_core_920ms_fresh
                            Total steps: 284672 
                       Steps per second: 716 
                        Collection time: 2.683s 
                          Learning time: 0.177s 
                        Mean value loss: 795.5069
                    Mean surrogate loss: -0.0120
                      Mean entropy loss: -20.3235
                            Mean reward: 506.54
                    Mean episode length: 236.57
                        Mean action std: 0.10
--------------------------------------------------------------------------------
                         Iteration time: 2.86s
                           Time elapsed: 00:06:10
                                    ETA: 00:16:02

################################################################################
[1m                           Learning iteration 139/500                           [0m 

                               Run name: original_core_920ms_fresh
                            Total steps: 286720 
                       Steps per second: 822 
                        Collection time: 2.307s 
                          Learning time: 0.184s 
                        Mean value loss: 426.7779
                    Mean surrogate loss: -0.0148
                      Mean entropy loss: -20.3235
                            Mean reward: 496.50
                    Mean episode length: 233.31
                        Mean action std: 0.10
  Episode_Reward/motion_global_root_pos: 0.0071
  Episode_Reward/motion_global_root_ori: 0.0089
         Episode_Reward/motion_body_pos: 0.0138
         Episode_Reward/motion_body_ori: 0.0154
     Episode_Reward/motion_body_lin_vel: 0.0169
     Episode_Reward/motion_body_ang_vel: 0.0155
          Episode_Reward/action_rate_l2: -0.0022
             Episode_Reward/joint_limit: 0.0000
         Episode_Reward/self_collisions: -0.0006
Episode_Reward/action_target_reference_l2: -0.0123
Episode_Reward/action_target_soft_limit_barrier: -0.0030
                   Episode_Reward/alive: 2.3300
 Episode_Reward/non_timeout_termination: -0.7655
Episode_Reward/worst_ee_z_normalized_squared: -0.0232
Episode_Reward/right_wrist_prethreshold_barrier: -0.0016
 Episode_Reward/requested_effort_excess: -0.0000
Episode_Reward/root_world_tracking_error: -0.0112
Episode_Reward/measured_joint_posture_l2: -0.0277
Episode_Reward/measured_feet_world_position_l2: -0.0183
Episode_Reward/original_task_position_l2: -0.0157
Episode_Reward/original_task_orientation_l2: -0.0076
        Metrics/motion/error_anchor_pos: 0.2839
        Metrics/motion/error_anchor_rot: 0.2064
    Metrics/motion/error_anchor_lin_vel: 0.4825
    Metrics/motion/error_anchor_ang_vel: 0.6547
          Metrics/motion/error_body_pos: 0.2989
          Metrics/motion/error_body_rot: 0.3151
         Metrics/motion/error_joint_pos: 1.0616
         Metrics/motion/error_joint_vel: 4.5357
        Metrics/motion/sampling_entropy: 0.0000
      Metrics/motion/sampling_top1_prob: 0.0000
       Metrics/motion/sampling_top1_bin: 0.0000
      Metrics/motion/error_body_lin_vel: 0.4936
      Metrics/motion/error_body_ang_vel: 1.2674
           Episode_Termination/time_out: 0.0000
         Episode_Termination/anchor_pos: 0.0000
         Episode_Termination/anchor_ori: 0.0000
        Episode_Termination/ee_body_pos: 0.0000
Episode_Termination/corpus_clip_time_out: 0.0000
Episode_Termination/invalid_native_model_actuation: 0.0000
Episode_Termination/world_root_tracking_failure: 1.2000
 Episode_Reward/world_potential_shaping: 0.0446
--------------------------------------------------------------------------------
                         Iteration time: 2.49s
                           Time elapsed: 00:06:12
                                    ETA: 00:15:59

################################################################################
[1m                           Learning iteration 140/500                           [0m 

                               Run name: original_core_920ms_fresh
                            Total steps: 288768 
                       Steps per second: 806 
                        Collection time: 2.373s 
                          Learning time: 0.168s 
                        Mean value loss: 1049.0620
                    Mean surrogate loss: -0.0114
                      Mean entropy loss: -20.3235
                            Mean reward: 449.08
                    Mean episode length: 214.58
                        Mean action std: 0.10
--------------------------------------------------------------------------------
                         Iteration time: 2.54s
                           Time elapsed: 00:06:15
                                    ETA: 00:15:56

################################################################################
[1m                           Learning iteration 141/500                           [0m 

                               Run name: original_core_920ms_fresh
                            Total steps: 290816 
                       Steps per second: 818 
                        Collection time: 2.317s 
                          Learning time: 0.185s 
                        Mean value loss: 610.6045
                    Mean surrogate loss: -0.0142
                      Mean entropy loss: -20.3235
                            Mean reward: 443.32
                    Mean episode length: 211.21
                        Mean action std: 0.10
  Episode_Reward/motion_global_root_pos: 0.0122
  Episode_Reward/motion_global_root_ori: 0.0134
         Episode_Reward/motion_body_pos: 0.0241
         Episode_Reward/motion_body_ori: 0.0229
     Episode_Reward/motion_body_lin_vel: 0.0261
     Episode_Reward/motion_body_ang_vel: 0.0250
          Episode_Reward/action_rate_l2: -0.0025
             Episode_Reward/joint_limit: 0.0000
         Episode_Reward/self_collisions: 0.0000
Episode_Reward/action_target_reference_l2: -0.0153
Episode_Reward/action_target_soft_limit_barrier: -0.0025
                   Episode_Reward/alive: 3.3118
 Episode_Reward/non_timeout_termination: -0.6197
Episode_Reward/worst_ee_z_normalized_squared: -0.0405
Episode_Reward/right_wrist_prethreshold_barrier: -0.0001
 Episode_Reward/requested_effort_excess: -0.0000
Episode_Reward/root_world_tracking_error: -0.0083
Episode_Reward/measured_joint_posture_l2: -0.0414
Episode_Reward/measured_feet_world_position_l2: -0.0219
Episode_Reward/original_task_position_l2: -0.0174
Episode_Reward/original_task_orientation_l2: -0.0102
        Metrics/motion/error_anchor_pos: 0.2479
        Metrics/motion/error_anchor_rot: 0.1686
    Metrics/motion/error_anchor_lin_vel: 0.4961
    Metrics/motion/error_anchor_ang_vel: 0.7338
          Metrics/motion/error_body_pos: 0.2621
          Metrics/motion/error_body_rot: 0.2835
         Metrics/motion/error_joint_pos: 1.0047
         Metrics/motion/error_joint_vel: 4.9340
        Metrics/motion/sampling_entropy: 0.0000
      Metrics/motion/sampling_top1_prob: 0.0000
       Metrics/motion/sampling_top1_bin: 0.0000
      Metrics/motion/error_body_lin_vel: 0.5150
      Metrics/motion/error_body_ang_vel: 1.4390
           Episode_Termination/time_out: 0.0000
         Episode_Termination/anchor_pos: 0.0000
         Episode_Termination/anchor_ori: 0.0000
        Episode_Termination/ee_body_pos: 0.0000
Episode_Termination/corpus_clip_time_out: 0.2857
Episode_Termination/invalid_native_model_actuation: 0.0000
Episode_Termination/world_root_tracking_failure: 1.1429
 Episode_Reward/world_potential_shaping: 0.0386
--------------------------------------------------------------------------------
                         Iteration time: 2.50s
                           Time elapsed: 00:06:18
                                    ETA: 00:15:53

################################################################################
[1m                           Learning iteration 142/500                           [0m 

                               Run name: original_core_920ms_fresh
                            Total steps: 292864 
                       Steps per second: 722 
                        Collection time: 2.650s 
                          Learning time: 0.184s 
                        Mean value loss: 810.0511
                    Mean surrogate loss: -0.0123
                      Mean entropy loss: -20.3235
                            Mean reward: 464.88
                    Mean episode length: 220.53
                        Mean action std: 0.10
  Episode_Reward/motion_global_root_pos: 0.0178
  Episode_Reward/motion_global_root_ori: 0.0208
         Episode_Reward/motion_body_pos: 0.0354
         Episode_Reward/motion_body_ori: 0.0345
     Episode_Reward/motion_body_lin_vel: 0.0415
     Episode_Reward/motion_body_ang_vel: 0.0382
          Episode_Reward/action_rate_l2: -0.0040
             Episode_Reward/joint_limit: -0.0003
         Episode_Reward/self_collisions: -0.0052
Episode_Reward/action_target_reference_l2: -0.0247
Episode_Reward/action_target_soft_limit_barrier: -0.0038
                   Episode_Reward/alive: 5.1929
 Episode_Reward/non_timeout_termination: -0.7176
Episode_Reward/worst_ee_z_normalized_squared: -0.0892
Episode_Reward/right_wrist_prethreshold_barrier: -0.0013
 Episode_Reward/requested_effort_excess: -0.0000
Episode_Reward/root_world_tracking_error: -0.0146
Episode_Reward/measured_joint_posture_l2: -0.0529
Episode_Reward/measured_feet_world_position_l2: -0.0379
Episode_Reward/original_task_position_l2: -0.0315
Episode_Reward/original_task_orientation_l2: -0.0198
        Metrics/motion/error_anchor_pos: 0.2843
        Metrics/motion/error_anchor_rot: 0.1240
    Metrics/motion/error_anchor_lin_vel: 0.2755
    Metrics/motion/error_anchor_ang_vel: 0.9350
          Metrics/motion/error_body_pos: 0.2881
          Metrics/motion/error_body_rot: 0.2399
         Metrics/motion/error_joint_pos: 0.8803
         Metrics/motion/error_joint_vel: 5.4033
        Metrics/motion/sampling_entropy: 0.0000
      Metrics/motion/sampling_top1_prob: 0.0000
       Metrics/motion/sampling_top1_bin: 0.0000
      Metrics/motion/error_body_lin_vel: 0.3577
      Metrics/motion/error_body_ang_vel: 1.3885
           Episode_Termination/time_out: 0.0000
         Episode_Termination/anchor_pos: 0.0000
         Episode_Termination/anchor_ori: 0.0000
        Episode_Termination/ee_body_pos: 0.0000
Episode_Termination/corpus_clip_time_out: 0.1250
Episode_Termination/invalid_native_model_actuation: 0.0000
Episode_Termination/world_root_tracking_failure: 1.3750
 Episode_Reward/world_potential_shaping: 0.0649
--------------------------------------------------------------------------------
                         Iteration time: 2.83s
                           Time elapsed: 00:06:20
                                    ETA: 00:15:50

################################################################################
[1m                           Learning iteration 143/500                           [0m 

                               Run name: original_core_920ms_fresh
                            Total steps: 294912 
                       Steps per second: 730 
                        Collection time: 2.601s 
                          Learning time: 0.203s 
                        Mean value loss: 777.0402
                    Mean surrogate loss: -0.0137
                      Mean entropy loss: -20.3235
                            Mean reward: 479.72
                    Mean episode length: 226.96
                        Mean action std: 0.10
--------------------------------------------------------------------------------
                         Iteration time: 2.80s
                           Time elapsed: 00:06:23
                                    ETA: 00:15:48

################################################################################
[1m                           Learning iteration 144/500                           [0m 

                               Run name: original_core_920ms_fresh
                            Total steps: 296960 
                       Steps per second: 836 
                        Collection time: 2.274s 
                          Learning time: 0.174s 
                        Mean value loss: 1020.7025
                    Mean surrogate loss: -0.0121
                      Mean entropy loss: -20.3235
                            Mean reward: 479.83
                    Mean episode length: 226.76
                        Mean action std: 0.10
--------------------------------------------------------------------------------
                         Iteration time: 2.45s
                           Time elapsed: 00:06:26
                                    ETA: 00:15:45

################################################################################
[1m                           Learning iteration 145/500                           [0m 

                               Run name: original_core_920ms_fresh
                            Total steps: 299008 
                       Steps per second: 807 
                        Collection time: 2.337s 
                          Learning time: 0.199s 
                        Mean value loss: 875.3956
                    Mean surrogate loss: -0.0110
                      Mean entropy loss: -20.3235
                            Mean reward: 479.60
                    Mean episode length: 227.19
                        Mean action std: 0.10
--------------------------------------------------------------------------------
                         Iteration time: 2.54s
                           Time elapsed: 00:06:28
                                    ETA: 00:15:42

################################################################################
[1m                           Learning iteration 146/500                           [0m 

                               Run name: original_core_920ms_fresh
                            Total steps: 301056 
                       Steps per second: 863 
                        Collection time: 2.182s 
                          Learning time: 0.190s 
                        Mean value loss: 477.3956
                    Mean surrogate loss: -0.0145
                      Mean entropy loss: -20.3235
                            Mean reward: 471.02
                    Mean episode length: 223.95
                        Mean action std: 0.10
--------------------------------------------------------------------------------
                         Iteration time: 2.37s
                           Time elapsed: 00:06:31
                                    ETA: 00:15:38

################################################################################
[1m                           Learning iteration 147/500                           [0m 

                               Run name: original_core_920ms_fresh
                            Total steps: 303104 
                       Steps per second: 368 
                        Collection time: 5.302s 
                          Learning time: 0.249s 
                        Mean value loss: 624.2151
                    Mean surrogate loss: -0.0123
                      Mean entropy loss: -20.3235
                            Mean reward: 452.16
                    Mean episode length: 215.87
                        Mean action std: 0.10
  Episode_Reward/motion_global_root_pos: 0.0107
  Episode_Reward/motion_global_root_ori: 0.0119
         Episode_Reward/motion_body_pos: 0.0211
         Episode_Reward/motion_body_ori: 0.0205
     Episode_Reward/motion_body_lin_vel: 0.0233
     Episode_Reward/motion_body_ang_vel: 0.0218
          Episode_Reward/action_rate_l2: -0.0025
             Episode_Reward/joint_limit: -0.0001
         Episode_Reward/self_collisions: -0.0009
Episode_Reward/action_target_reference_l2: -0.0147
Episode_Reward/action_target_soft_limit_barrier: -0.0023
                   Episode_Reward/alive: 3.0184
 Episode_Reward/non_timeout_termination: -0.7655
Episode_Reward/worst_ee_z_normalized_squared: -0.0476
Episode_Reward/right_wrist_prethreshold_barrier: -0.0001
 Episode_Reward/requested_effort_excess: -0.0000
Episode_Reward/root_world_tracking_error: -0.0095
Episode_Reward/measured_joint_posture_l2: -0.0334
Episode_Reward/measured_feet_world_position_l2: -0.0195
Episode_Reward/original_task_position_l2: -0.0170
Episode_Reward/original_task_orientation_l2: -0.0109
        Metrics/motion/error_anchor_pos: 0.2864
        Metrics/motion/error_anchor_rot: 0.1363
    Metrics/motion/error_anchor_lin_vel: 0.4661
    Metrics/motion/error_anchor_ang_vel: 1.1876
          Metrics/motion/error_body_pos: 0.2942
          Metrics/motion/error_body_rot: 0.2565
         Metrics/motion/error_joint_pos: 0.9713
         Metrics/motion/error_joint_vel: 6.2991
        Metrics/motion/sampling_entropy: 0.0000
      Metrics/motion/sampling_top1_prob: 0.0000
       Metrics/motion/sampling_top1_bin: 0.0000
      Metrics/motion/error_body_lin_vel: 0.5350
      Metrics/motion/error_body_ang_vel: 1.6999
           Episode_Termination/time_out: 0.0000
         Episode_Termination/anchor_pos: 0.0000
         Episode_Termination/anchor_ori: 0.0000
        Episode_Termination/ee_body_pos: 0.0000
Episode_Termination/corpus_clip_time_out: 0.0000
Episode_Termination/invalid_native_model_actuation: 0.0000
Episode_Termination/world_root_tracking_failure: 1.3333
 Episode_Reward/world_potential_shaping: 0.0415
--------------------------------------------------------------------------------
                         Iteration time: 5.55s
                           Time elapsed: 00:06:36
                                    ETA: 00:15:43

################################################################################
[1m                           Learning iteration 148/500                           [0m 

                               Run name: original_core_920ms_fresh
                            Total steps: 305152 
                       Steps per second: 855 
                        Collection time: 2.206s 
                          Learning time: 0.187s 
                        Mean value loss: 934.3174
                    Mean surrogate loss: -0.0084
                      Mean entropy loss: -20.3235
                            Mean reward: 460.14
                    Mean episode length: 217.89
                        Mean action std: 0.10
--------------------------------------------------------------------------------
                         Iteration time: 2.39s
                           Time elapsed: 00:06:38
                                    ETA: 00:15:39

################################################################################
[1m                           Learning iteration 149/500                           [0m 

                               Run name: original_core_920ms_fresh
                            Total steps: 307200 
                       Steps per second: 812 
                        Collection time: 2.346s 
                          Learning time: 0.175s 
                        Mean value loss: 1129.9935
                    Mean surrogate loss: -0.0085
                      Mean entropy loss: -20.3235
                            Mean reward: 490.48
                    Mean episode length: 228.78
                        Mean action std: 0.10
--------------------------------------------------------------------------------
                         Iteration time: 2.52s
                           Time elapsed: 00:06:41
                                    ETA: 00:15:36

################################################################################
[1m                           Learning iteration 150/500                           [0m 

                               Run name: original_core_920ms_fresh
                            Total steps: 309248 
                       Steps per second: 796 
                        Collection time: 2.387s 
                          Learning time: 0.184s 
                        Mean value loss: 1622.4579
                    Mean surrogate loss: -0.0158
                      Mean entropy loss: -20.3235
                            Mean reward: 504.44
                    Mean episode length: 234.40
                        Mean action std: 0.10
  Episode_Reward/motion_global_root_pos: 0.0111
  Episode_Reward/motion_global_root_ori: 0.0131
         Episode_Reward/motion_body_pos: 0.0220
         Episode_Reward/motion_body_ori: 0.0220
     Episode_Reward/motion_body_lin_vel: 0.0252
     Episode_Reward/motion_body_ang_vel: 0.0230
          Episode_Reward/action_rate_l2: -0.0030
             Episode_Reward/joint_limit: -0.0001
         Episode_Reward/self_collisions: -0.0063
Episode_Reward/action_target_reference_l2: -0.0175
Episode_Reward/action_target_soft_limit_barrier: -0.0029
                   Episode_Reward/alive: 3.3622
 Episode_Reward/non_timeout_termination: -0.7655
Episode_Reward/worst_ee_z_normalized_squared: -0.0512
Episode_Reward/right_wrist_prethreshold_barrier: -0.0052
 Episode_Reward/requested_effort_excess: -0.0000
Episode_Reward/root_world_tracking_error: -0.0128
Episode_Reward/measured_joint_posture_l2: -0.0358
Episode_Reward/measured_feet_world_position_l2: -0.0253
Episode_Reward/original_task_position_l2: -0.0205
Episode_Reward/original_task_orientation_l2: -0.0134
        Metrics/motion/error_anchor_pos: 0.2910
        Metrics/motion/error_anchor_rot: 0.1311
    Metrics/motion/error_anchor_lin_vel: 0.4883
    Metrics/motion/error_anchor_ang_vel: 0.8934
          Metrics/motion/error_body_pos: 0.2955
          Metrics/motion/error_body_rot: 0.2701
         Metrics/motion/error_joint_pos: 0.8212
         Metrics/motion/error_joint_vel: 5.5378
        Metrics/motion/sampling_entropy: 0.0000
      Metrics/motion/sampling_top1_prob: 0.0000
       Metrics/motion/sampling_top1_bin: 0.0000
      Metrics/motion/error_body_lin_vel: 0.5349
      Metrics/motion/error_body_ang_vel: 1.7037
           Episode_Termination/time_out: 0.0000
         Episode_Termination/anchor_pos: 0.0000
         Episode_Termination/anchor_ori: 0.0000
        Episode_Termination/ee_body_pos: 0.0000
Episode_Termination/corpus_clip_time_out: 0.0000
Episode_Termination/invalid_native_model_actuation: 0.0000
Episode_Termination/world_root_tracking_failure: 1.5000
 Episode_Reward/world_potential_shaping: 0.0496
--------------------------------------------------------------------------------
                         Iteration time: 2.57s
                           Time elapsed: 00:06:44
                                    ETA: 00:15:33

################################################################################
[1m                           Learning iteration 151/500                           [0m 

                               Run name: original_core_920ms_fresh
                            Total steps: 311296 
                       Steps per second: 840 
                        Collection time: 2.263s 
                          Learning time: 0.173s 
                        Mean value loss: 719.1261
                    Mean surrogate loss: -0.0164
                      Mean entropy loss: -20.3235
                            Mean reward: 537.86
                    Mean episode length: 247.47
                        Mean action std: 0.10
--------------------------------------------------------------------------------
                         Iteration time: 2.44s
                           Time elapsed: 00:06:46
                                    ETA: 00:15:30

################################################################################
[1m                           Learning iteration 152/500                           [0m 

                               Run name: original_core_920ms_fresh
                            Total steps: 313344 
                       Steps per second: 801 
                        Collection time: 2.373s 
                          Learning time: 0.184s 
                        Mean value loss: 463.6620
                    Mean surrogate loss: -0.0124
                      Mean entropy loss: -20.3235
                            Mean reward: 520.23
                    Mean episode length: 241.12
                        Mean action std: 0.10
  Episode_Reward/motion_global_root_pos: 0.0150
  Episode_Reward/motion_global_root_ori: 0.0159
         Episode_Reward/motion_body_pos: 0.0298
         Episode_Reward/motion_body_ori: 0.0260
     Episode_Reward/motion_body_lin_vel: 0.0325
     Episode_Reward/motion_body_ang_vel: 0.0309
          Episode_Reward/action_rate_l2: -0.0028
             Episode_Reward/joint_limit: 0.0000
         Episode_Reward/self_collisions: -0.0013
Episode_Reward/action_target_reference_l2: -0.0174
Episode_Reward/action_target_soft_limit_barrier: -0.0030
                   Episode_Reward/alive: 3.9868
 Episode_Reward/non_timeout_termination: -0.7655
Episode_Reward/worst_ee_z_normalized_squared: -0.0562
Episode_Reward/right_wrist_prethreshold_barrier: -0.0009
 Episode_Reward/requested_effort_excess: 0.0000
Episode_Reward/root_world_tracking_error: -0.0077
Episode_Reward/measured_joint_posture_l2: -0.0517
Episode_Reward/measured_feet_world_position_l2: -0.0246
Episode_Reward/original_task_position_l2: -0.0206
Episode_Reward/original_task_orientation_l2: -0.0128
        Metrics/motion/error_anchor_pos: 0.2875
        Metrics/motion/error_anchor_rot: 0.1247
    Metrics/motion/error_anchor_lin_vel: 0.5193
    Metrics/motion/error_anchor_ang_vel: 0.9879
          Metrics/motion/error_body_pos: 0.2924
          Metrics/motion/error_body_rot: 0.2417
         Metrics/motion/error_joint_pos: 0.7673
         Metrics/motion/error_joint_vel: 4.6857
        Metrics/motion/sampling_entropy: 0.0000
      Metrics/motion/sampling_top1_prob: 0.0000
       Metrics/motion/sampling_top1_bin: 0.0000
      Metrics/motion/error_body_lin_vel: 0.5070
      Metrics/motion/error_body_ang_vel: 1.2278
           Episode_Termination/time_out: 0.0000
         Episode_Termination/anchor_pos: 0.0000
         Episode_Termination/anchor_ori: 0.0000
        Episode_Termination/ee_body_pos: 0.0000
Episode_Termination/corpus_clip_time_out: 0.0000
Episode_Termination/invalid_native_model_actuation: 0.0000
Episode_Termination/world_root_tracking_failure: 1.0000
 Episode_Reward/world_potential_shaping: 0.0430
--------------------------------------------------------------------------------
                         Iteration time: 2.56s
                           Time elapsed: 00:06:49
                                    ETA: 00:15:27

################################################################################
[1m                           Learning iteration 153/500                           [0m 

                               Run name: original_core_920ms_fresh
                            Total steps: 315392 
                       Steps per second: 845 
                        Collection time: 2.251s 
                          Learning time: 0.170s 
                        Mean value loss: 538.9070
                    Mean surrogate loss: -0.0146
                      Mean entropy loss: -20.3235
                            Mean reward: 484.95
                    Mean episode length: 226.89
                        Mean action std: 0.10
  Episode_Reward/motion_global_root_pos: 0.0110
  Episode_Reward/motion_global_root_ori: 0.0127
         Episode_Reward/motion_body_pos: 0.0221
         Episode_Reward/motion_body_ori: 0.0225
     Episode_Reward/motion_body_lin_vel: 0.0246
     Episode_Reward/motion_body_ang_vel: 0.0237
          Episode_Reward/action_rate_l2: -0.0024
             Episode_Reward/joint_limit: -0.0000
         Episode_Reward/self_collisions: -0.0032
Episode_Reward/action_target_reference_l2: -0.0141
Episode_Reward/action_target_soft_limit_barrier: -0.0028
                   Episode_Reward/alive: 3.1376
 Episode_Reward/non_timeout_termination: -0.7655
Episode_Reward/worst_ee_z_normalized_squared: -0.0463
Episode_Reward/right_wrist_prethreshold_barrier: -0.0007
 Episode_Reward/requested_effort_excess: -0.0000
Episode_Reward/root_world_tracking_error: -0.0095
Episode_Reward/measured_joint_posture_l2: -0.0321
Episode_Reward/measured_feet_world_position_l2: -0.0209
Episode_Reward/original_task_position_l2: -0.0177
Episode_Reward/original_task_orientation_l2: -0.0089
        Metrics/motion/error_anchor_pos: 0.2889
        Metrics/motion/error_anchor_rot: 0.1044
    Metrics/motion/error_anchor_lin_vel: 0.4601
    Metrics/motion/error_anchor_ang_vel: 0.6955
          Metrics/motion/error_body_pos: 0.2967
          Metrics/motion/error_body_rot: 0.2236
         Metrics/motion/error_joint_pos: 1.0059
         Metrics/motion/error_joint_vel: 4.7430
        Metrics/motion/sampling_entropy: 0.0000
      Metrics/motion/sampling_top1_prob: 0.0000
       Metrics/motion/sampling_top1_bin: 0.0000
      Metrics/motion/error_body_lin_vel: 0.4519
      Metrics/motion/error_body_ang_vel: 1.3643
           Episode_Termination/time_out: 0.0000
         Episode_Termination/anchor_pos: 0.0000
         Episode_Termination/anchor_ori: 0.0000
        Episode_Termination/ee_body_pos: 0.0000
Episode_Termination/corpus_clip_time_out: 0.0000
Episode_Termination/invalid_native_model_actuation: 0.0000
Episode_Termination/world_root_tracking_failure: 1.3750
 Episode_Reward/world_potential_shaping: 0.0420
--------------------------------------------------------------------------------
                         Iteration time: 2.42s
                           Time elapsed: 00:06:51
                                    ETA: 00:15:24

################################################################################
[1m                           Learning iteration 154/500                           [0m 

                               Run name: original_core_920ms_fresh
                            Total steps: 317440 
                       Steps per second: 796 
                        Collection time: 2.352s 
                          Learning time: 0.220s 
                        Mean value loss: 539.3011
                    Mean surrogate loss: -0.0136
                      Mean entropy loss: -20.3235
                            Mean reward: 491.18
                    Mean episode length: 227.09
                        Mean action std: 0.10
--------------------------------------------------------------------------------
                         Iteration time: 2.57s
                           Time elapsed: 00:06:54
                                    ETA: 00:15:21

################################################################################
[1m                           Learning iteration 155/500                           [0m 

                               Run name: original_core_920ms_fresh
                            Total steps: 319488 
                       Steps per second: 796 
                        Collection time: 2.395s 
                          Learning time: 0.176s 
                        Mean value loss: 921.4679
                    Mean surrogate loss: -0.0152
                      Mean entropy loss: -20.3235
                            Mean reward: 473.43
                    Mean episode length: 221.16
                        Mean action std: 0.10
  Episode_Reward/motion_global_root_pos: 0.0119
  Episode_Reward/motion_global_root_ori: 0.0132
         Episode_Reward/motion_body_pos: 0.0237
         Episode_Reward/motion_body_ori: 0.0220
     Episode_Reward/motion_body_lin_vel: 0.0259
     Episode_Reward/motion_body_ang_vel: 0.0241
          Episode_Reward/action_rate_l2: -0.0027
             Episode_Reward/joint_limit: -0.0001
         Episode_Reward/self_collisions: -0.0032
Episode_Reward/action_target_reference_l2: -0.0163
Episode_Reward/action_target_soft_limit_barrier: -0.0028
                   Episode_Reward/alive: 3.3126
 Episode_Reward/non_timeout_termination: -0.7655
Episode_Reward/worst_ee_z_normalized_squared: -0.0535
Episode_Reward/right_wrist_prethreshold_barrier: -0.0018
 Episode_Reward/requested_effort_excess: -0.0000
Episode_Reward/root_world_tracking_error: -0.0090
Episode_Reward/measured_joint_posture_l2: -0.0343
Episode_Reward/measured_feet_world_position_l2: -0.0239
Episode_Reward/original_task_position_l2: -0.0196
Episode_Reward/original_task_orientation_l2: -0.0132
        Metrics/motion/error_anchor_pos: 0.2884
        Metrics/motion/error_anchor_rot: 0.1271
    Metrics/motion/error_anchor_lin_vel: 0.5252
    Metrics/motion/error_anchor_ang_vel: 0.9578
          Metrics/motion/error_body_pos: 0.2960
          Metrics/motion/error_body_rot: 0.2186
         Metrics/motion/error_joint_pos: 0.8524
         Metrics/motion/error_joint_vel: 5.0132
        Metrics/motion/sampling_entropy: 0.0000
      Metrics/motion/sampling_top1_prob: 0.0000
       Metrics/motion/sampling_top1_bin: 0.0000
      Metrics/motion/error_body_lin_vel: 0.5086
      Metrics/motion/error_body_ang_vel: 1.3887
           Episode_Termination/time_out: 0.0000
         Episode_Termination/anchor_pos: 0.0000
         Episode_Termination/anchor_ori: 0.0000
        Episode_Termination/ee_body_pos: 0.0000
Episode_Termination/corpus_clip_time_out: 0.0000
Episode_Termination/invalid_native_model_actuation: 0.0000
Episode_Termination/world_root_tracking_failure: 1.2500
 Episode_Reward/world_potential_shaping: 0.0464
--------------------------------------------------------------------------------
                         Iteration time: 2.57s
                           Time elapsed: 00:06:56
                                    ETA: 00:15:18

################################################################################
[1m                           Learning iteration 156/500                           [0m 

                               Run name: original_core_920ms_fresh
                            Total steps: 321536 
                       Steps per second: 799 
                        Collection time: 2.374s 
                          Learning time: 0.188s 
                        Mean value loss: 657.8684
                    Mean surrogate loss: -0.0117
                      Mean entropy loss: -20.3235
                            Mean reward: 486.30
                    Mean episode length: 225.53
                        Mean action std: 0.10
  Episode_Reward/motion_global_root_pos: 0.0178
  Episode_Reward/motion_global_root_ori: 0.0205
         Episode_Reward/motion_body_pos: 0.0348
         Episode_Reward/motion_body_ori: 0.0347
     Episode_Reward/motion_body_lin_vel: 0.0417
     Episode_Reward/motion_body_ang_vel: 0.0394
          Episode_Reward/action_rate_l2: -0.0037
             Episode_Reward/joint_limit: -0.0001
         Episode_Reward/self_collisions: -0.0020
Episode_Reward/action_target_reference_l2: -0.0236
Episode_Reward/action_target_soft_limit_barrier: -0.0033
                   Episode_Reward/alive: 5.1589
 Episode_Reward/non_timeout_termination: -0.6014
Episode_Reward/worst_ee_z_normalized_squared: -0.0787
Episode_Reward/right_wrist_prethreshold_barrier: -0.0004
 Episode_Reward/requested_effort_excess: -0.0000
Episode_Reward/root_world_tracking_error: -0.0133
Episode_Reward/measured_joint_posture_l2: -0.0634
Episode_Reward/measured_feet_world_position_l2: -0.0375
Episode_Reward/original_task_position_l2: -0.0302
Episode_Reward/original_task_orientation_l2: -0.0186
        Metrics/motion/error_anchor_pos: 0.2741
        Metrics/motion/error_anchor_rot: 0.1380
    Metrics/motion/error_anchor_lin_vel: 0.3135
    Metrics/motion/error_anchor_ang_vel: 0.7617
          Metrics/motion/error_body_pos: 0.2795
          Metrics/motion/error_body_rot: 0.2405
         Metrics/motion/error_joint_pos: 0.8443
         Metrics/motion/error_joint_vel: 5.1138
        Metrics/motion/sampling_entropy: 0.0000
      Metrics/motion/sampling_top1_prob: 0.0000
       Metrics/motion/sampling_top1_bin: 0.0000
      Metrics/motion/error_body_lin_vel: 0.3517
      Metrics/motion/error_body_ang_vel: 1.2755
           Episode_Termination/time_out: 0.0000
         Episode_Termination/anchor_pos: 0.0000
         Episode_Termination/anchor_ori: 0.0000
        Episode_Termination/ee_body_pos: 0.0000
Episode_Termination/corpus_clip_time_out: 0.2857
Episode_Termination/invalid_native_model_actuation: 0.0000
Episode_Termination/world_root_tracking_failure: 1.4286
 Episode_Reward/world_potential_shaping: 0.0600
--------------------------------------------------------------------------------
                         Iteration time: 2.56s
                           Time elapsed: 00:06:59
                                    ETA: 00:15:15

################################################################################
[1m                           Learning iteration 157/500                           [0m 

                               Run name: original_core_920ms_fresh
                            Total steps: 323584 
                       Steps per second: 765 
                        Collection time: 2.475s 
                          Learning time: 0.201s 
                        Mean value loss: 456.1865
                    Mean surrogate loss: -0.0138
                      Mean entropy loss: -20.3235
                            Mean reward: 502.54
                    Mean episode length: 232.08
                        Mean action std: 0.10
--------------------------------------------------------------------------------
                         Iteration time: 2.68s
                           Time elapsed: 00:07:01
                                    ETA: 00:15:13

################################################################################
[1m                           Learning iteration 158/500                           [0m 

                               Run name: original_core_920ms_fresh
                            Total steps: 325632 
                       Steps per second: 689 
                        Collection time: 2.744s 
                          Learning time: 0.225s 
                        Mean value loss: 664.8505
                    Mean surrogate loss: -0.0123
                      Mean entropy loss: -20.3235
                            Mean reward: 528.42
                    Mean episode length: 243.25
                        Mean action std: 0.10
  Episode_Reward/motion_global_root_pos: 0.0253
  Episode_Reward/motion_global_root_ori: 0.0290
         Episode_Reward/motion_body_pos: 0.0503
         Episode_Reward/motion_body_ori: 0.0496
     Episode_Reward/motion_body_lin_vel: 0.0574
     Episode_Reward/motion_body_ang_vel: 0.0537
          Episode_Reward/action_rate_l2: -0.0055
             Episode_Reward/joint_limit: -0.0002
         Episode_Reward/self_collisions: -0.0038
Episode_Reward/action_target_reference_l2: -0.0326
Episode_Reward/action_target_soft_limit_barrier: -0.0055
                   Episode_Reward/alive: 7.1666
 Episode_Reward/non_timeout_termination: -0.7655
Episode_Reward/worst_ee_z_normalized_squared: -0.1102
Episode_Reward/right_wrist_prethreshold_barrier: -0.0017
 Episode_Reward/requested_effort_excess: -0.0000
Episode_Reward/root_world_tracking_error: -0.0181
Episode_Reward/measured_joint_posture_l2: -0.0662
Episode_Reward/measured_feet_world_position_l2: -0.0495
Episode_Reward/original_task_position_l2: -0.0404
Episode_Reward/original_task_orientation_l2: -0.0233
        Metrics/motion/error_anchor_pos: 0.2917
        Metrics/motion/error_anchor_rot: 0.1481
    Metrics/motion/error_anchor_lin_vel: 0.4690
    Metrics/motion/error_anchor_ang_vel: 1.0961
          Metrics/motion/error_body_pos: 0.2988
          Metrics/motion/error_body_rot: 0.2546
         Metrics/motion/error_joint_pos: 0.8968
         Metrics/motion/error_joint_vel: 4.9723
        Metrics/motion/sampling_entropy: 0.0000
      Metrics/motion/sampling_top1_prob: 0.0000
       Metrics/motion/sampling_top1_bin: 0.0000
      Metrics/motion/error_body_lin_vel: 0.5005
      Metrics/motion/error_body_ang_vel: 1.6588
           Episode_Termination/time_out: 0.0000
         Episode_Termination/anchor_pos: 0.0000
         Episode_Termination/anchor_ori: 0.0000
        Episode_Termination/ee_body_pos: 0.0000
Episode_Termination/corpus_clip_time_out: 0.0000
Episode_Termination/invalid_native_model_actuation: 0.0000
Episode_Termination/world_root_tracking_failure: 1.1250
 Episode_Reward/world_potential_shaping: 0.0798
--------------------------------------------------------------------------------
                         Iteration time: 2.97s
                           Time elapsed: 00:07:04
                                    ETA: 00:15:11

################################################################################
[1m                           Learning iteration 159/500                           [0m 

                               Run name: original_core_920ms_fresh
                            Total steps: 327680 
                       Steps per second: 352 
                        Collection time: 5.629s 
                          Learning time: 0.181s 
                        Mean value loss: 936.9606
                    Mean surrogate loss: -0.0130
                      Mean entropy loss: -20.3235
                            Mean reward: 521.50
                    Mean episode length: 241.60
                        Mean action std: 0.10
--------------------------------------------------------------------------------
                         Iteration time: 5.81s
                           Time elapsed: 00:07:10
                                    ETA: 00:15:15

################################################################################
[1m                           Learning iteration 160/500                           [0m 

                               Run name: original_core_920ms_fresh
                            Total steps: 329728 
                       Steps per second: 733 
                        Collection time: 2.585s 
                          Learning time: 0.209s 
                        Mean value loss: 995.9962
                    Mean surrogate loss: -0.0090
                      Mean entropy loss: -20.3235
                            Mean reward: 516.24
                    Mean episode length: 239.47
                        Mean action std: 0.10
  Episode_Reward/motion_global_root_pos: 0.0068
  Episode_Reward/motion_global_root_ori: 0.0080
         Episode_Reward/motion_body_pos: 0.0136
         Episode_Reward/motion_body_ori: 0.0137
     Episode_Reward/motion_body_lin_vel: 0.0151
     Episode_Reward/motion_body_ang_vel: 0.0140
          Episode_Reward/action_rate_l2: -0.0018
             Episode_Reward/joint_limit: -0.0000
         Episode_Reward/self_collisions: -0.0044
Episode_Reward/action_target_reference_l2: -0.0106
Episode_Reward/action_target_soft_limit_barrier: -0.0027
                   Episode_Reward/alive: 2.0608
 Episode_Reward/non_timeout_termination: -0.7655
Episode_Reward/worst_ee_z_normalized_squared: -0.0281
Episode_Reward/right_wrist_prethreshold_barrier: -0.0014
 Episode_Reward/requested_effort_excess: -0.0000
Episode_Reward/root_world_tracking_error: -0.0087
Episode_Reward/measured_joint_posture_l2: -0.0231
Episode_Reward/measured_feet_world_position_l2: -0.0152
Episode_Reward/original_task_position_l2: -0.0125
Episode_Reward/original_task_orientation_l2: -0.0083
        Metrics/motion/error_anchor_pos: 0.2673
        Metrics/motion/error_anchor_rot: 0.1327
    Metrics/motion/error_anchor_lin_vel: 0.5186
    Metrics/motion/error_anchor_ang_vel: 0.8707
          Metrics/motion/error_body_pos: 0.2690
          Metrics/motion/error_body_rot: 0.2458
         Metrics/motion/error_joint_pos: 0.8551
         Metrics/motion/error_joint_vel: 5.7528
        Metrics/motion/sampling_entropy: 0.0000
      Metrics/motion/sampling_top1_prob: 0.0000
       Metrics/motion/sampling_top1_bin: 0.0000
      Metrics/motion/error_body_lin_vel: 0.5417
      Metrics/motion/error_body_ang_vel: 1.5053
           Episode_Termination/time_out: 0.0000
         Episode_Termination/anchor_pos: 0.0000
         Episode_Termination/anchor_ori: 0.0000
        Episode_Termination/ee_body_pos: 0.1000
Episode_Termination/corpus_clip_time_out: 0.0000
Episode_Termination/invalid_native_model_actuation: 0.0000
Episode_Termination/world_root_tracking_failure: 1.2000
 Episode_Reward/world_potential_shaping: 0.0342
--------------------------------------------------------------------------------
                         Iteration time: 2.79s
                           Time elapsed: 00:07:13
                                    ETA: 00:15:12

################################################################################
[1m                           Learning iteration 161/500                           [0m 

                               Run name: original_core_920ms_fresh
                            Total steps: 331776 
                       Steps per second: 764 
                        Collection time: 2.472s 
                          Learning time: 0.208s 
                        Mean value loss: 423.0383
                    Mean surrogate loss: -0.0073
                      Mean entropy loss: -20.3235
                            Mean reward: 500.27
                    Mean episode length: 232.28
                        Mean action std: 0.10
--------------------------------------------------------------------------------
                         Iteration time: 2.68s
                           Time elapsed: 00:07:16
                                    ETA: 00:15:09

################################################################################
[1m                           Learning iteration 162/500                           [0m 

                               Run name: original_core_920ms_fresh
                            Total steps: 333824 
                       Steps per second: 741 
                        Collection time: 2.578s 
                          Learning time: 0.185s 
                        Mean value loss: 537.7113
                    Mean surrogate loss: -0.0102
                      Mean entropy loss: -20.3235
                            Mean reward: 488.83
                    Mean episode length: 228.48
                        Mean action std: 0.10
--------------------------------------------------------------------------------
                         Iteration time: 2.76s
                           Time elapsed: 00:07:18
                                    ETA: 00:15:07

################################################################################
[1m                           Learning iteration 163/500                           [0m 

                               Run name: original_core_920ms_fresh
                            Total steps: 335872 
                       Steps per second: 769 
                        Collection time: 2.487s 
                          Learning time: 0.173s 
                        Mean value loss: 541.9089
                    Mean surrogate loss: -0.0137
                      Mean entropy loss: -20.3235
                            Mean reward: 460.19
                    Mean episode length: 218.47
                        Mean action std: 0.10
--------------------------------------------------------------------------------
                         Iteration time: 2.66s
                           Time elapsed: 00:07:21
                                    ETA: 00:15:04

################################################################################
[1m                           Learning iteration 164/500                           [0m 

                               Run name: original_core_920ms_fresh
                            Total steps: 337920 
                       Steps per second: 741 
                        Collection time: 2.571s 
                          Learning time: 0.190s 
                        Mean value loss: 665.1656
                    Mean surrogate loss: -0.0049
                      Mean entropy loss: -20.3235
                            Mean reward: 461.20
                    Mean episode length: 218.60
                        Mean action std: 0.10
--------------------------------------------------------------------------------
                         Iteration time: 2.76s
                           Time elapsed: 00:07:24
                                    ETA: 00:15:02

################################################################################
[1m                           Learning iteration 165/500                           [0m 

                               Run name: original_core_920ms_fresh
                            Total steps: 339968 
                       Steps per second: 767 
                        Collection time: 2.496s 
                          Learning time: 0.175s 
                        Mean value loss: 1283.5926
                    Mean surrogate loss: -0.0142
                      Mean entropy loss: -20.3235
                            Mean reward: 482.71
                    Mean episode length: 228.09
                        Mean action std: 0.10
--------------------------------------------------------------------------------
                         Iteration time: 2.67s
                           Time elapsed: 00:07:26
                                    ETA: 00:14:59

################################################################################
[1m                           Learning iteration 166/500                           [0m 

                               Run name: original_core_920ms_fresh
                            Total steps: 342016 
                       Steps per second: 748 
                        Collection time: 2.560s 
                          Learning time: 0.177s 
                        Mean value loss: 454.8302
                    Mean surrogate loss: -0.0115
                      Mean entropy loss: -20.3235
                            Mean reward: 472.79
                    Mean episode length: 223.79
                        Mean action std: 0.10
  Episode_Reward/motion_global_root_pos: 0.0111
  Episode_Reward/motion_global_root_ori: 0.0125
         Episode_Reward/motion_body_pos: 0.0216
         Episode_Reward/motion_body_ori: 0.0217
     Episode_Reward/motion_body_lin_vel: 0.0239
     Episode_Reward/motion_body_ang_vel: 0.0233
          Episode_Reward/action_rate_l2: -0.0022
             Episode_Reward/joint_limit: -0.0000
         Episode_Reward/self_collisions: -0.0014
Episode_Reward/action_target_reference_l2: -0.0136
Episode_Reward/action_target_soft_limit_barrier: -0.0032
                   Episode_Reward/alive: 3.0773
 Episode_Reward/non_timeout_termination: -0.6379
Episode_Reward/worst_ee_z_normalized_squared: -0.0333
Episode_Reward/right_wrist_prethreshold_barrier: -0.0004
 Episode_Reward/requested_effort_excess: 0.0000
Episode_Reward/root_world_tracking_error: -0.0088
Episode_Reward/measured_joint_posture_l2: -0.0384
Episode_Reward/measured_feet_world_position_l2: -0.0225
Episode_Reward/original_task_position_l2: -0.0174
Episode_Reward/original_task_orientation_l2: -0.0103
        Metrics/motion/error_anchor_pos: 0.2480
        Metrics/motion/error_anchor_rot: 0.1378
    Metrics/motion/error_anchor_lin_vel: 0.5527
    Metrics/motion/error_anchor_ang_vel: 0.7834
          Metrics/motion/error_body_pos: 0.2585
          Metrics/motion/error_body_rot: 0.2550
         Metrics/motion/error_joint_pos: 0.8953
         Metrics/motion/error_joint_vel: 4.2024
        Metrics/motion/sampling_entropy: 0.0000
      Metrics/motion/sampling_top1_prob: 0.0000
       Metrics/motion/sampling_top1_bin: 0.0000
      Metrics/motion/error_body_lin_vel: 0.5623
      Metrics/motion/error_body_ang_vel: 1.0838
           Episode_Termination/time_out: 0.0000
         Episode_Termination/anchor_pos: 0.0000
         Episode_Termination/anchor_ori: 0.0000
        Episode_Termination/ee_body_pos: 0.0000
Episode_Termination/corpus_clip_time_out: 0.1667
Episode_Termination/invalid_native_model_actuation: 0.0000
Episode_Termination/world_root_tracking_failure: 1.0000
 Episode_Reward/world_potential_shaping: 0.0430
--------------------------------------------------------------------------------
                         Iteration time: 2.74s
                           Time elapsed: 00:07:29
                                    ETA: 00:14:56

################################################################################
[1m                           Learning iteration 167/500                           [0m 

                               Run name: original_core_920ms_fresh
                            Total steps: 344064 
                       Steps per second: 749 
                        Collection time: 2.561s 
                          Learning time: 0.172s 
                        Mean value loss: 416.3185
                    Mean surrogate loss: -0.0125
                      Mean entropy loss: -20.3235
                            Mean reward: 431.00
                    Mean episode length: 207.71
                        Mean action std: 0.10
--------------------------------------------------------------------------------
                         Iteration time: 2.73s
                           Time elapsed: 00:07:32
                                    ETA: 00:14:54

################################################################################
[1m                           Learning iteration 168/500                           [0m 

                               Run name: original_core_920ms_fresh
                            Total steps: 346112 
                       Steps per second: 786 
                        Collection time: 2.410s 
                          Learning time: 0.195s 
                        Mean value loss: 1006.8080
                    Mean surrogate loss: -0.0041
                      Mean entropy loss: -20.3235
                            Mean reward: 464.56
                    Mean episode length: 222.40
                        Mean action std: 0.10
  Episode_Reward/motion_global_root_pos: 0.0211
  Episode_Reward/motion_global_root_ori: 0.0268
         Episode_Reward/motion_body_pos: 0.0422
         Episode_Reward/motion_body_ori: 0.0469
     Episode_Reward/motion_body_lin_vel: 0.0546
     Episode_Reward/motion_body_ang_vel: 0.0516
          Episode_Reward/action_rate_l2: -0.0049
             Episode_Reward/joint_limit: -0.0001
         Episode_Reward/self_collisions: -0.0055
Episode_Reward/action_target_reference_l2: -0.0298
Episode_Reward/action_target_soft_limit_barrier: -0.0054
                   Episode_Reward/alive: 6.7185
 Episode_Reward/non_timeout_termination: -0.6561
Episode_Reward/worst_ee_z_normalized_squared: -0.1126
Episode_Reward/right_wrist_prethreshold_barrier: -0.0021
 Episode_Reward/requested_effort_excess: -0.0000
Episode_Reward/root_world_tracking_error: -0.0223
Episode_Reward/measured_joint_posture_l2: -0.0694
Episode_Reward/measured_feet_world_position_l2: -0.0515
Episode_Reward/original_task_position_l2: -0.0433
Episode_Reward/original_task_orientation_l2: -0.0251
        Metrics/motion/error_anchor_pos: 0.2811
        Metrics/motion/error_anchor_rot: 0.1364
    Metrics/motion/error_anchor_lin_vel: 0.3955
    Metrics/motion/error_anchor_ang_vel: 0.6155
          Metrics/motion/error_body_pos: 0.2860
          Metrics/motion/error_body_rot: 0.2723
         Metrics/motion/error_joint_pos: 1.0574
         Metrics/motion/error_joint_vel: 4.2907
        Metrics/motion/sampling_entropy: 0.0000
      Metrics/motion/sampling_top1_prob: 0.0000
       Metrics/motion/sampling_top1_bin: 0.0000
      Metrics/motion/error_body_lin_vel: 0.3834
      Metrics/motion/error_body_ang_vel: 1.1819
           Episode_Termination/time_out: 0.0000
         Episode_Termination/anchor_pos: 0.0000
         Episode_Termination/anchor_ori: 0.0000
        Episode_Termination/ee_body_pos: 0.0000
Episode_Termination/corpus_clip_time_out: 0.1429
Episode_Termination/invalid_native_model_actuation: 0.0000
Episode_Termination/world_root_tracking_failure: 1.5714
 Episode_Reward/world_potential_shaping: 0.0869
--------------------------------------------------------------------------------
                         Iteration time: 2.60s
                           Time elapsed: 00:07:35
                                    ETA: 00:14:51

################################################################################
[1m                           Learning iteration 169/500                           [0m 

                               Run name: original_core_920ms_fresh
                            Total steps: 348160 
                       Steps per second: 786 
                        Collection time: 2.424s 
                          Learning time: 0.182s 
                        Mean value loss: 964.9846
                    Mean surrogate loss: -0.0033
                      Mean entropy loss: -20.3235
                            Mean reward: 418.33
                    Mean episode length: 203.97
                        Mean action std: 0.10
  Episode_Reward/motion_global_root_pos: 0.0086
  Episode_Reward/motion_global_root_ori: 0.0107
         Episode_Reward/motion_body_pos: 0.0170
         Episode_Reward/motion_body_ori: 0.0182
     Episode_Reward/motion_body_lin_vel: 0.0200
     Episode_Reward/motion_body_ang_vel: 0.0192
          Episode_Reward/action_rate_l2: -0.0021
             Episode_Reward/joint_limit: 0.0000
         Episode_Reward/self_collisions: -0.0006
Episode_Reward/action_target_reference_l2: -0.0126
Episode_Reward/action_target_soft_limit_barrier: -0.0037
                   Episode_Reward/alive: 2.6723
 Episode_Reward/non_timeout_termination: -0.7229
Episode_Reward/worst_ee_z_normalized_squared: -0.0248
Episode_Reward/right_wrist_prethreshold_barrier: 0.0000
 Episode_Reward/requested_effort_excess: -0.0000
Episode_Reward/root_world_tracking_error: -0.0114
Episode_Reward/measured_joint_posture_l2: -0.0357
Episode_Reward/measured_feet_world_position_l2: -0.0191
Episode_Reward/original_task_position_l2: -0.0160
Episode_Reward/original_task_orientation_l2: -0.0088
        Metrics/motion/error_anchor_pos: 0.2849
        Metrics/motion/error_anchor_rot: 0.1166
    Metrics/motion/error_anchor_lin_vel: 0.4841
    Metrics/motion/error_anchor_ang_vel: 0.7834
          Metrics/motion/error_body_pos: 0.2937
          Metrics/motion/error_body_rot: 0.2324
         Metrics/motion/error_joint_pos: 0.9859
         Metrics/motion/error_joint_vel: 4.4082
        Metrics/motion/sampling_entropy: 0.0000
      Metrics/motion/sampling_top1_prob: 0.0000
       Metrics/motion/sampling_top1_bin: 0.0000
      Metrics/motion/error_body_lin_vel: 0.5193
      Metrics/motion/error_body_ang_vel: 1.2544
           Episode_Termination/time_out: 0.0000
         Episode_Termination/anchor_pos: 0.0000
         Episode_Termination/anchor_ori: 0.0000
        Episode_Termination/ee_body_pos: 0.0000
Episode_Termination/corpus_clip_time_out: 0.1667
Episode_Termination/invalid_native_model_actuation: 0.0000
Episode_Termination/world_root_tracking_failure: 1.1667
 Episode_Reward/world_potential_shaping: 0.0394
--------------------------------------------------------------------------------
                         Iteration time: 2.61s
                           Time elapsed: 00:07:37
                                    ETA: 00:14:48

################################################################################
[1m                           Learning iteration 170/500                           [0m 

                               Run name: original_core_920ms_fresh
                            Total steps: 350208 
                       Steps per second: 380 
                        Collection time: 2.308s 
                          Learning time: 3.075s 
                        Mean value loss: 828.5799
                    Mean surrogate loss: -0.0118
                      Mean entropy loss: -20.3235
                            Mean reward: 422.20
                    Mean episode length: 204.55
                        Mean action std: 0.10
--------------------------------------------------------------------------------
                         Iteration time: 5.38s
                           Time elapsed: 00:07:43
                                    ETA: 00:14:50

################################################################################
[1m                           Learning iteration 171/500                           [0m 

                               Run name: original_core_920ms_fresh
                            Total steps: 352256 
                       Steps per second: 751 
                        Collection time: 2.540s 
                          Learning time: 0.186s 
                        Mean value loss: 621.6822
                    Mean surrogate loss: -0.0093
                      Mean entropy loss: -20.3235
                            Mean reward: 442.20
                    Mean episode length: 211.28
                        Mean action std: 0.10
  Episode_Reward/motion_global_root_pos: 0.0113
  Episode_Reward/motion_global_root_ori: 0.0118
         Episode_Reward/motion_body_pos: 0.0224
         Episode_Reward/motion_body_ori: 0.0197
     Episode_Reward/motion_body_lin_vel: 0.0236
     Episode_Reward/motion_body_ang_vel: 0.0216
          Episode_Reward/action_rate_l2: -0.0026
             Episode_Reward/joint_limit: -0.0001
         Episode_Reward/self_collisions: -0.0006
Episode_Reward/action_target_reference_l2: -0.0149
Episode_Reward/action_target_soft_limit_barrier: -0.0024
                   Episode_Reward/alive: 3.0575
 Episode_Reward/non_timeout_termination: -0.7655
Episode_Reward/worst_ee_z_normalized_squared: -0.0391
Episode_Reward/right_wrist_prethreshold_barrier: -0.0009
 Episode_Reward/requested_effort_excess: -0.0000
Episode_Reward/root_world_tracking_error: -0.0086
Episode_Reward/measured_joint_posture_l2: -0.0362
Episode_Reward/measured_feet_world_position_l2: -0.0202
Episode_Reward/original_task_position_l2: -0.0164
Episode_Reward/original_task_orientation_l2: -0.0117
        Metrics/motion/error_anchor_pos: 0.2903
        Metrics/motion/error_anchor_rot: 0.2072
    Metrics/motion/error_anchor_lin_vel: 0.6095
    Metrics/motion/error_anchor_ang_vel: 1.2801
          Metrics/motion/error_body_pos: 0.2960
          Metrics/motion/error_body_rot: 0.3502
         Metrics/motion/error_joint_pos: 1.2595
         Metrics/motion/error_joint_vel: 6.3756
        Metrics/motion/sampling_entropy: 0.0000
      Metrics/motion/sampling_top1_prob: 0.0000
       Metrics/motion/sampling_top1_bin: 0.0000
      Metrics/motion/error_body_lin_vel: 0.6415
      Metrics/motion/error_body_ang_vel: 1.9423
           Episode_Termination/time_out: 0.0000
         Episode_Termination/anchor_pos: 0.0000
         Episode_Termination/anchor_ori: 0.0000
        Episode_Termination/ee_body_pos: 0.0000
Episode_Termination/corpus_clip_time_out: 0.0000
Episode_Termination/invalid_native_model_actuation: 0.0000
Episode_Termination/world_root_tracking_failure: 1.5714
 Episode_Reward/world_potential_shaping: 0.0384
--------------------------------------------------------------------------------
                         Iteration time: 2.73s
                           Time elapsed: 00:07:45
                                    ETA: 00:14:48

################################################################################
[1m                           Learning iteration 172/500                           [0m 

                               Run name: original_core_920ms_fresh
                            Total steps: 354304 
                       Steps per second: 802 
                        Collection time: 2.361s 
                          Learning time: 0.190s 
                        Mean value loss: 528.0863
                    Mean surrogate loss: -0.0140
                      Mean entropy loss: -20.3235
                            Mean reward: 435.57
                    Mean episode length: 207.28
                        Mean action std: 0.10
  Episode_Reward/motion_global_root_pos: 0.0114
  Episode_Reward/motion_global_root_ori: 0.0118
         Episode_Reward/motion_body_pos: 0.0226
         Episode_Reward/motion_body_ori: 0.0199
     Episode_Reward/motion_body_lin_vel: 0.0238
     Episode_Reward/motion_body_ang_vel: 0.0229
          Episode_Reward/action_rate_l2: -0.0022
             Episode_Reward/joint_limit: -0.0000
         Episode_Reward/self_collisions: -0.0006
Episode_Reward/action_target_reference_l2: -0.0142
Episode_Reward/action_target_soft_limit_barrier: -0.0030
                   Episode_Reward/alive: 3.0235
 Episode_Reward/non_timeout_termination: -0.6561
Episode_Reward/worst_ee_z_normalized_squared: -0.0432
Episode_Reward/right_wrist_prethreshold_barrier: 0.0000
 Episode_Reward/requested_effort_excess: -0.0000
Episode_Reward/root_world_tracking_error: -0.0072
Episode_Reward/measured_joint_posture_l2: -0.0420
Episode_Reward/measured_feet_world_position_l2: -0.0163
Episode_Reward/original_task_position_l2: -0.0150
Episode_Reward/original_task_orientation_l2: -0.0101
        Metrics/motion/error_anchor_pos: 0.2642
        Metrics/motion/error_anchor_rot: 0.1614
    Metrics/motion/error_anchor_lin_vel: 0.4602
    Metrics/motion/error_anchor_ang_vel: 0.6454
          Metrics/motion/error_body_pos: 0.2730
          Metrics/motion/error_body_rot: 0.2862
         Metrics/motion/error_joint_pos: 1.0486
         Metrics/motion/error_joint_vel: 4.8525
        Metrics/motion/sampling_entropy: 0.0000
      Metrics/motion/sampling_top1_prob: 0.0000
       Metrics/motion/sampling_top1_bin: 0.0000
      Metrics/motion/error_body_lin_vel: 0.4734
      Metrics/motion/error_body_ang_vel: 1.3992
           Episode_Termination/time_out: 0.0000
         Episode_Termination/anchor_pos: 0.0000
         Episode_Termination/anchor_ori: 0.0000
        Episode_Termination/ee_body_pos: 0.0000
Episode_Termination/corpus_clip_time_out: 0.1429
Episode_Termination/invalid_native_model_actuation: 0.0000
Episode_Termination/world_root_tracking_failure: 0.8571
 Episode_Reward/world_potential_shaping: 0.0303
--------------------------------------------------------------------------------
                         Iteration time: 2.55s
                           Time elapsed: 00:07:48
                                    ETA: 00:14:45

################################################################################
[1m                           Learning iteration 173/500                           [0m 

                               Run name: original_core_920ms_fresh
                            Total steps: 356352 
                       Steps per second: 795 
                        Collection time: 2.409s 
                          Learning time: 0.164s 
                        Mean value loss: 915.1677
                    Mean surrogate loss: -0.0129
                      Mean entropy loss: -20.3235
                            Mean reward: 469.45
                    Mean episode length: 220.70
                        Mean action std: 0.10
  Episode_Reward/motion_global_root_pos: 0.0159
  Episode_Reward/motion_global_root_ori: 0.0184
         Episode_Reward/motion_body_pos: 0.0313
         Episode_Reward/motion_body_ori: 0.0306
     Episode_Reward/motion_body_lin_vel: 0.0357
     Episode_Reward/motion_body_ang_vel: 0.0319
          Episode_Reward/action_rate_l2: -0.0041
             Episode_Reward/joint_limit: -0.0002
         Episode_Reward/self_collisions: -0.0034
Episode_Reward/action_target_reference_l2: -0.0246
Episode_Reward/action_target_soft_limit_barrier: -0.0050
                   Episode_Reward/alive: 4.7295
 Episode_Reward/non_timeout_termination: -0.7655
Episode_Reward/worst_ee_z_normalized_squared: -0.0782
Episode_Reward/right_wrist_prethreshold_barrier: -0.0032
 Episode_Reward/requested_effort_excess: -0.0000
Episode_Reward/root_world_tracking_error: -0.0160
Episode_Reward/measured_joint_posture_l2: -0.0564
Episode_Reward/measured_feet_world_position_l2: -0.0334
Episode_Reward/original_task_position_l2: -0.0287
Episode_Reward/original_task_orientation_l2: -0.0189
        Metrics/motion/error_anchor_pos: 0.2896
        Metrics/motion/error_anchor_rot: 0.1954
    Metrics/motion/error_anchor_lin_vel: 0.4442
    Metrics/motion/error_anchor_ang_vel: 1.2981
          Metrics/motion/error_body_pos: 0.2979
          Metrics/motion/error_body_rot: 0.3014
         Metrics/motion/error_joint_pos: 1.0668
         Metrics/motion/error_joint_vel: 7.5304
        Metrics/motion/sampling_entropy: 0.0000
      Metrics/motion/sampling_top1_prob: 0.0000
       Metrics/motion/sampling_top1_bin: 0.0000
      Metrics/motion/error_body_lin_vel: 0.5465
      Metrics/motion/error_body_ang_vel: 2.0373
           Episode_Termination/time_out: 0.0000
         Episode_Termination/anchor_pos: 0.0000
         Episode_Termination/anchor_ori: 0.0000
        Episode_Termination/ee_body_pos: 0.0000
Episode_Termination/corpus_clip_time_out: 0.0000
Episode_Termination/invalid_native_model_actuation: 0.0000
Episode_Termination/world_root_tracking_failure: 1.3750
 Episode_Reward/world_potential_shaping: 0.0644
--------------------------------------------------------------------------------
                         Iteration time: 2.57s
                           Time elapsed: 00:07:50
                                    ETA: 00:14:42

################################################################################
[1m                           Learning iteration 174/500                           [0m 

                               Run name: original_core_920ms_fresh
                            Total steps: 358400 
                       Steps per second: 777 
                        Collection time: 2.451s 
                          Learning time: 0.184s 
                        Mean value loss: 1023.4608
                    Mean surrogate loss: -0.0087
                      Mean entropy loss: -20.3235
                            Mean reward: 480.50
                    Mean episode length: 225.32
                        Mean action std: 0.10
--------------------------------------------------------------------------------
                         Iteration time: 2.64s
                           Time elapsed: 00:07:53
                                    ETA: 00:14:39

################################################################################
[1m                           Learning iteration 175/500                           [0m 

                               Run name: original_core_920ms_fresh
                            Total steps: 360448 
                       Steps per second: 818 
                        Collection time: 2.298s 
                          Learning time: 0.204s 
                        Mean value loss: 738.8755
                    Mean surrogate loss: -0.0101
                      Mean entropy loss: -20.3234
                            Mean reward: 497.90
                    Mean episode length: 230.96
                        Mean action std: 0.10
--------------------------------------------------------------------------------
                         Iteration time: 2.50s
                           Time elapsed: 00:07:56
                                    ETA: 00:14:36

################################################################################
[1m                           Learning iteration 176/500                           [0m 

                               Run name: original_core_920ms_fresh
                            Total steps: 362496 
                       Steps per second: 840 
                        Collection time: 2.242s 
                          Learning time: 0.195s 
                        Mean value loss: 1008.4648
                    Mean surrogate loss: -0.0113
                      Mean entropy loss: -20.3234
                            Mean reward: 532.57
                    Mean episode length: 244.49
                        Mean action std: 0.10
  Episode_Reward/motion_global_root_pos: 0.0182
  Episode_Reward/motion_global_root_ori: 0.0203
         Episode_Reward/motion_body_pos: 0.0362
         Episode_Reward/motion_body_ori: 0.0346
     Episode_Reward/motion_body_lin_vel: 0.0407
     Episode_Reward/motion_body_ang_vel: 0.0379
          Episode_Reward/action_rate_l2: -0.0038
             Episode_Reward/joint_limit: -0.0001
         Episode_Reward/self_collisions: -0.0139
Episode_Reward/action_target_reference_l2: -0.0238
Episode_Reward/action_target_soft_limit_barrier: -0.0034
                   Episode_Reward/alive: 5.0734
 Episode_Reward/non_timeout_termination: -0.7655
Episode_Reward/worst_ee_z_normalized_squared: -0.0837
Episode_Reward/right_wrist_prethreshold_barrier: -0.0039
 Episode_Reward/requested_effort_excess: 0.0000
Episode_Reward/root_world_tracking_error: -0.0121
Episode_Reward/measured_joint_posture_l2: -0.0555
Episode_Reward/measured_feet_world_position_l2: -0.0365
Episode_Reward/original_task_position_l2: -0.0293
Episode_Reward/original_task_orientation_l2: -0.0195
        Metrics/motion/error_anchor_pos: 0.2656
        Metrics/motion/error_anchor_rot: 0.0984
    Metrics/motion/error_anchor_lin_vel: 0.3106
    Metrics/motion/error_anchor_ang_vel: 0.9639
          Metrics/motion/error_body_pos: 0.2689
          Metrics/motion/error_body_rot: 0.2299
         Metrics/motion/error_joint_pos: 0.8635
         Metrics/motion/error_joint_vel: 5.3139
        Metrics/motion/sampling_entropy: 0.0000
      Metrics/motion/sampling_top1_prob: 0.0000
       Metrics/motion/sampling_top1_bin: 0.0000
      Metrics/motion/error_body_lin_vel: 0.3576
      Metrics/motion/error_body_ang_vel: 1.4620
           Episode_Termination/time_out: 0.0000
         Episode_Termination/anchor_pos: 0.0000
         Episode_Termination/anchor_ori: 0.0000
        Episode_Termination/ee_body_pos: 0.1667
Episode_Termination/corpus_clip_time_out: 0.0000
Episode_Termination/invalid_native_model_actuation: 0.0000
Episode_Termination/world_root_tracking_failure: 1.1667
 Episode_Reward/world_potential_shaping: 0.0608
--------------------------------------------------------------------------------
                         Iteration time: 2.44s
                           Time elapsed: 00:07:58
                                    ETA: 00:14:33

################################################################################
[1m                           Learning iteration 177/500                           [0m 

                               Run name: original_core_920ms_fresh
                            Total steps: 364544 
                       Steps per second: 784 
                        Collection time: 2.446s 
                          Learning time: 0.163s 
                        Mean value loss: 538.0182
                    Mean surrogate loss: -0.0085
                      Mean entropy loss: -20.3234
                            Mean reward: 495.49
                    Mean episode length: 230.73
                        Mean action std: 0.10
--------------------------------------------------------------------------------
                         Iteration time: 2.61s
                           Time elapsed: 00:08:01
                                    ETA: 00:14:30

################################################################################
[1m                           Learning iteration 178/500                           [0m 

                               Run name: original_core_920ms_fresh
                            Total steps: 366592 
                       Steps per second: 784 
                        Collection time: 2.410s 
                          Learning time: 0.202s 
                        Mean value loss: 590.9622
                    Mean surrogate loss: -0.0115
                      Mean entropy loss: -20.3234
                            Mean reward: 507.73
                    Mean episode length: 235.65
                        Mean action std: 0.10
--------------------------------------------------------------------------------
                         Iteration time: 2.61s
                           Time elapsed: 00:08:03
                                    ETA: 00:14:27

################################################################################
[1m                           Learning iteration 179/500                           [0m 

                               Run name: original_core_920ms_fresh
                            Total steps: 368640 
                       Steps per second: 842 
                        Collection time: 2.255s 
                          Learning time: 0.174s 
                        Mean value loss: 930.9706
                    Mean surrogate loss: -0.0163
                      Mean entropy loss: -20.3234
                            Mean reward: 481.76
                    Mean episode length: 225.44
                        Mean action std: 0.10
  Episode_Reward/motion_global_root_pos: 0.0178
  Episode_Reward/motion_global_root_ori: 0.0216
         Episode_Reward/motion_body_pos: 0.0353
         Episode_Reward/motion_body_ori: 0.0369
     Episode_Reward/motion_body_lin_vel: 0.0423
     Episode_Reward/motion_body_ang_vel: 0.0384
          Episode_Reward/action_rate_l2: -0.0047
             Episode_Reward/joint_limit: -0.0002
         Episode_Reward/self_collisions: -0.0077
Episode_Reward/action_target_reference_l2: -0.0274
Episode_Reward/action_target_soft_limit_barrier: -0.0040
                   Episode_Reward/alive: 5.5151
 Episode_Reward/non_timeout_termination: -0.7655
Episode_Reward/worst_ee_z_normalized_squared: -0.0977
Episode_Reward/right_wrist_prethreshold_barrier: -0.0066
 Episode_Reward/requested_effort_excess: -0.0000
Episode_Reward/root_world_tracking_error: -0.0203
Episode_Reward/measured_joint_posture_l2: -0.0513
Episode_Reward/measured_feet_world_position_l2: -0.0415
Episode_Reward/original_task_position_l2: -0.0345
Episode_Reward/original_task_orientation_l2: -0.0236
        Metrics/motion/error_anchor_pos: 0.2916
        Metrics/motion/error_anchor_rot: 0.1710
    Metrics/motion/error_anchor_lin_vel: 0.5480
    Metrics/motion/error_anchor_ang_vel: 1.3834
          Metrics/motion/error_body_pos: 0.2898
          Metrics/motion/error_body_rot: 0.2911
         Metrics/motion/error_joint_pos: 0.9831
         Metrics/motion/error_joint_vel: 5.6438
        Metrics/motion/sampling_entropy: 0.0000
      Metrics/motion/sampling_top1_prob: 0.0000
       Metrics/motion/sampling_top1_bin: 0.0000
      Metrics/motion/error_body_lin_vel: 0.6022
      Metrics/motion/error_body_ang_vel: 1.7594
           Episode_Termination/time_out: 0.0000
         Episode_Termination/anchor_pos: 0.0000
         Episode_Termination/anchor_ori: 0.0000
        Episode_Termination/ee_body_pos: 0.0000
Episode_Termination/corpus_clip_time_out: 0.0000
Episode_Termination/invalid_native_model_actuation: 0.0000
Episode_Termination/world_root_tracking_failure: 1.3333
 Episode_Reward/world_potential_shaping: 0.0750
--------------------------------------------------------------------------------
                         Iteration time: 2.43s
                           Time elapsed: 00:08:06
                                    ETA: 00:14:24

################################################################################
[1m                           Learning iteration 180/500                           [0m 

                               Run name: original_core_920ms_fresh
                            Total steps: 370688 
                       Steps per second: 900 
                        Collection time: 2.109s 
                          Learning time: 0.165s 
                        Mean value loss: 723.0620
                    Mean surrogate loss: -0.0072
                      Mean entropy loss: -20.3234
                            Mean reward: 563.57
                    Mean episode length: 257.74
                        Mean action std: 0.10
  Episode_Reward/motion_global_root_pos: 0.0406
  Episode_Reward/motion_global_root_ori: 0.0448
         Episode_Reward/motion_body_pos: 0.0801
         Episode_Reward/motion_body_ori: 0.0770
     Episode_Reward/motion_body_lin_vel: 0.0903
     Episode_Reward/motion_body_ang_vel: 0.0830
          Episode_Reward/action_rate_l2: -0.0086
             Episode_Reward/joint_limit: -0.0006
         Episode_Reward/self_collisions: -0.0064
Episode_Reward/action_target_reference_l2: -0.0546
Episode_Reward/action_target_soft_limit_barrier: -0.0072
                   Episode_Reward/alive: 11.2897
 Episode_Reward/non_timeout_termination: -0.7655
Episode_Reward/worst_ee_z_normalized_squared: -0.2302
Episode_Reward/right_wrist_prethreshold_barrier: -0.0079
 Episode_Reward/requested_effort_excess: -0.0000
Episode_Reward/root_world_tracking_error: -0.0263
Episode_Reward/measured_joint_posture_l2: -0.1121
Episode_Reward/measured_feet_world_position_l2: -0.0787
Episode_Reward/original_task_position_l2: -0.0637
Episode_Reward/original_task_orientation_l2: -0.0405
        Metrics/motion/error_anchor_pos: 0.2473
        Metrics/motion/error_anchor_rot: 0.1770
    Metrics/motion/error_anchor_lin_vel: 0.5621
    Metrics/motion/error_anchor_ang_vel: 0.8500
          Metrics/motion/error_body_pos: 0.2513
          Metrics/motion/error_body_rot: 0.3332
         Metrics/motion/error_joint_pos: 1.0915
         Metrics/motion/error_joint_vel: 6.4722
        Metrics/motion/sampling_entropy: 0.0000
      Metrics/motion/sampling_top1_prob: 0.0000
       Metrics/motion/sampling_top1_bin: 0.0000
      Metrics/motion/error_body_lin_vel: 0.6345
      Metrics/motion/error_body_ang_vel: 2.0452
           Episode_Termination/time_out: 0.0000
         Episode_Termination/anchor_pos: 0.0000
         Episode_Termination/anchor_ori: 0.0000
        Episode_Termination/ee_body_pos: 0.3333
Episode_Termination/corpus_clip_time_out: 0.0000
Episode_Termination/invalid_native_model_actuation: 0.0000
Episode_Termination/world_root_tracking_failure: 0.8333
 Episode_Reward/world_potential_shaping: 0.1216
--------------------------------------------------------------------------------
                         Iteration time: 2.27s
                           Time elapsed: 00:08:08
                                    ETA: 00:14:20

################################################################################
[1m                           Learning iteration 181/500                           [0m 

                               Run name: original_core_920ms_fresh
                            Total steps: 372736 
                       Steps per second: 776 
                        Collection time: 2.444s 
                          Learning time: 0.195s 
                        Mean value loss: 675.3000
                    Mean surrogate loss: -0.0139
                      Mean entropy loss: -20.3234
                            Mean reward: 531.82
                    Mean episode length: 245.06
                        Mean action std: 0.10
--------------------------------------------------------------------------------
                         Iteration time: 2.64s
                           Time elapsed: 00:08:11
                                    ETA: 00:14:17

################################################################################
[1m                           Learning iteration 182/500                           [0m 

                               Run name: original_core_920ms_fresh
                            Total steps: 374784 
                       Steps per second: 344 
                        Collection time: 5.767s 
                          Learning time: 0.169s 
                        Mean value loss: 736.4895
                    Mean surrogate loss: -0.0118
                      Mean entropy loss: -20.3234
                            Mean reward: 541.56
                    Mean episode length: 250.83
                        Mean action std: 0.10
  Episode_Reward/motion_global_root_pos: 0.0156
  Episode_Reward/motion_global_root_ori: 0.0188
         Episode_Reward/motion_body_pos: 0.0315
         Episode_Reward/motion_body_ori: 0.0328
     Episode_Reward/motion_body_lin_vel: 0.0369
     Episode_Reward/motion_body_ang_vel: 0.0351
          Episode_Reward/action_rate_l2: -0.0035
             Episode_Reward/joint_limit: -0.0001
         Episode_Reward/self_collisions: -0.0041
Episode_Reward/action_target_reference_l2: -0.0221
Episode_Reward/action_target_soft_limit_barrier: -0.0038
                   Episode_Reward/alive: 4.6253
 Episode_Reward/non_timeout_termination: -0.7655
Episode_Reward/worst_ee_z_normalized_squared: -0.0800
Episode_Reward/right_wrist_prethreshold_barrier: -0.0017
 Episode_Reward/requested_effort_excess: -0.0000
Episode_Reward/root_world_tracking_error: -0.0139
Episode_Reward/measured_joint_posture_l2: -0.0527
Episode_Reward/measured_feet_world_position_l2: -0.0329
Episode_Reward/original_task_position_l2: -0.0274
Episode_Reward/original_task_orientation_l2: -0.0129
        Metrics/motion/error_anchor_pos: 0.2909
        Metrics/motion/error_anchor_rot: 0.1650
    Metrics/motion/error_anchor_lin_vel: 0.4856
    Metrics/motion/error_anchor_ang_vel: 1.2028
          Metrics/motion/error_body_pos: 0.2943
          Metrics/motion/error_body_rot: 0.2880
         Metrics/motion/error_joint_pos: 1.1604
         Metrics/motion/error_joint_vel: 5.3517
        Metrics/motion/sampling_entropy: 0.0000
      Metrics/motion/sampling_top1_prob: 0.0000
       Metrics/motion/sampling_top1_bin: 0.0000
      Metrics/motion/error_body_lin_vel: 0.4923
      Metrics/motion/error_body_ang_vel: 1.6855
           Episode_Termination/time_out: 0.0000
         Episode_Termination/anchor_pos: 0.0000
         Episode_Termination/anchor_ori: 0.0000
        Episode_Termination/ee_body_pos: 0.0000
Episode_Termination/corpus_clip_time_out: 0.0000
Episode_Termination/invalid_native_model_actuation: 0.0000
Episode_Termination/world_root_tracking_failure: 1.6250
 Episode_Reward/world_potential_shaping: 0.0565
--------------------------------------------------------------------------------
                         Iteration time: 5.94s
                           Time elapsed: 00:08:16
                                    ETA: 00:14:20

################################################################################
[1m                           Learning iteration 183/500                           [0m 

                               Run name: original_core_920ms_fresh
                            Total steps: 376832 
                       Steps per second: 850 
                        Collection time: 2.205s 
                          Learning time: 0.203s 
                        Mean value loss: 596.7089
                    Mean surrogate loss: -0.0150
                      Mean entropy loss: -20.3234
                            Mean reward: 523.60
                    Mean episode length: 244.67
                        Mean action std: 0.10
--------------------------------------------------------------------------------
                         Iteration time: 2.41s
                           Time elapsed: 00:08:19
                                    ETA: 00:14:17

################################################################################
[1m                           Learning iteration 184/500                           [0m 

                               Run name: original_core_920ms_fresh
                            Total steps: 378880 
                       Steps per second: 794 
                        Collection time: 2.414s 
                          Learning time: 0.164s 
                        Mean value loss: 937.1540
                    Mean surrogate loss: -0.0095
                      Mean entropy loss: -20.3234
                            Mean reward: 521.77
                    Mean episode length: 244.31
                        Mean action std: 0.10
--------------------------------------------------------------------------------
                         Iteration time: 2.58s
                           Time elapsed: 00:08:21
                                    ETA: 00:14:14

################################################################################
[1m                           Learning iteration 185/500                           [0m 

                               Run name: original_core_920ms_fresh
                            Total steps: 380928 
                       Steps per second: 793 
                        Collection time: 2.350s 
                          Learning time: 0.231s 
                        Mean value loss: 598.2740
                    Mean surrogate loss: -0.0096
                      Mean entropy loss: -20.3234
                            Mean reward: 509.50
                    Mean episode length: 240.29
                        Mean action std: 0.10
  Episode_Reward/motion_global_root_pos: 0.0115
  Episode_Reward/motion_global_root_ori: 0.0125
         Episode_Reward/motion_body_pos: 0.0229
         Episode_Reward/motion_body_ori: 0.0221
     Episode_Reward/motion_body_lin_vel: 0.0248
     Episode_Reward/motion_body_ang_vel: 0.0236
          Episode_Reward/action_rate_l2: -0.0024
             Episode_Reward/joint_limit: -0.0000
         Episode_Reward/self_collisions: -0.0017
Episode_Reward/action_target_reference_l2: -0.0146
Episode_Reward/action_target_soft_limit_barrier: -0.0021
                   Episode_Reward/alive: 3.1332
 Episode_Reward/non_timeout_termination: -0.7655
Episode_Reward/worst_ee_z_normalized_squared: -0.0570
Episode_Reward/right_wrist_prethreshold_barrier: -0.0016
 Episode_Reward/requested_effort_excess: -0.0000
Episode_Reward/root_world_tracking_error: -0.0079
Episode_Reward/measured_joint_posture_l2: -0.0378
Episode_Reward/measured_feet_world_position_l2: -0.0208
Episode_Reward/original_task_position_l2: -0.0174
Episode_Reward/original_task_orientation_l2: -0.0102
        Metrics/motion/error_anchor_pos: 0.2881
        Metrics/motion/error_anchor_rot: 0.1938
    Metrics/motion/error_anchor_lin_vel: 0.4742
    Metrics/motion/error_anchor_ang_vel: 1.0110
          Metrics/motion/error_body_pos: 0.2984
          Metrics/motion/error_body_rot: 0.3073
         Metrics/motion/error_joint_pos: 1.1340
         Metrics/motion/error_joint_vel: 4.7231
        Metrics/motion/sampling_entropy: 0.0000
      Metrics/motion/sampling_top1_prob: 0.0000
       Metrics/motion/sampling_top1_bin: 0.0000
      Metrics/motion/error_body_lin_vel: 0.4991
      Metrics/motion/error_body_ang_vel: 1.5268
           Episode_Termination/time_out: 0.0000
         Episode_Termination/anchor_pos: 0.0000
         Episode_Termination/anchor_ori: 0.0000
        Episode_Termination/ee_body_pos: 0.0000
Episode_Termination/corpus_clip_time_out: 0.0000
Episode_Termination/invalid_native_model_actuation: 0.0000
Episode_Termination/world_root_tracking_failure: 1.2857
 Episode_Reward/world_potential_shaping: 0.0407
--------------------------------------------------------------------------------
                         Iteration time: 2.58s
                           Time elapsed: 00:08:24
                                    ETA: 00:14:11

################################################################################
[1m                           Learning iteration 186/500                           [0m 

                               Run name: original_core_920ms_fresh
                            Total steps: 382976 
                       Steps per second: 886 
                        Collection time: 2.150s 
                          Learning time: 0.161s 
                        Mean value loss: 981.7157
                    Mean surrogate loss: -0.0072
                      Mean entropy loss: -20.3234
                            Mean reward: 503.03
                    Mean episode length: 238.47
                        Mean action std: 0.10
  Episode_Reward/motion_global_root_pos: 0.0122
  Episode_Reward/motion_global_root_ori: 0.0138
         Episode_Reward/motion_body_pos: 0.0241
         Episode_Reward/motion_body_ori: 0.0217
     Episode_Reward/motion_body_lin_vel: 0.0273
     Episode_Reward/motion_body_ang_vel: 0.0250
          Episode_Reward/action_rate_l2: -0.0031
             Episode_Reward/joint_limit: -0.0004
         Episode_Reward/self_collisions: -0.0049
Episode_Reward/action_target_reference_l2: -0.0208
Episode_Reward/action_target_soft_limit_barrier: -0.0039
                   Episode_Reward/alive: 3.5833
 Episode_Reward/non_timeout_termination: -0.7655
Episode_Reward/worst_ee_z_normalized_squared: -0.0654
Episode_Reward/right_wrist_prethreshold_barrier: -0.0025
 Episode_Reward/requested_effort_excess: -0.0000
Episode_Reward/root_world_tracking_error: -0.0125
Episode_Reward/measured_joint_posture_l2: -0.0496
Episode_Reward/measured_feet_world_position_l2: -0.0255
Episode_Reward/original_task_position_l2: -0.0230
Episode_Reward/original_task_orientation_l2: -0.0157
        Metrics/motion/error_anchor_pos: 0.2661
        Metrics/motion/error_anchor_rot: 0.1854
    Metrics/motion/error_anchor_lin_vel: 0.4952
    Metrics/motion/error_anchor_ang_vel: 1.2649
          Metrics/motion/error_body_pos: 0.2733
          Metrics/motion/error_body_rot: 0.3129
         Metrics/motion/error_joint_pos: 1.1608
         Metrics/motion/error_joint_vel: 6.3384
        Metrics/motion/sampling_entropy: 0.0000
      Metrics/motion/sampling_top1_prob: 0.0000
       Metrics/motion/sampling_top1_bin: 0.0000
      Metrics/motion/error_body_lin_vel: 0.5366
      Metrics/motion/error_body_ang_vel: 1.7715
           Episode_Termination/time_out: 0.0000
         Episode_Termination/anchor_pos: 0.0000
         Episode_Termination/anchor_ori: 0.0000
        Episode_Termination/ee_body_pos: 0.2500
Episode_Termination/corpus_clip_time_out: 0.0000
Episode_Termination/invalid_native_model_actuation: 0.0000
Episode_Termination/world_root_tracking_failure: 1.2500
 Episode_Reward/world_potential_shaping: 0.0523
--------------------------------------------------------------------------------
                         Iteration time: 2.31s
                           Time elapsed: 00:08:26
                                    ETA: 00:14:08

################################################################################
[1m                           Learning iteration 187/500                           [0m 

                               Run name: original_core_920ms_fresh
                            Total steps: 385024 
                       Steps per second: 875 
                        Collection time: 2.172s 
                          Learning time: 0.166s 
                        Mean value loss: 351.5174
                    Mean surrogate loss: -0.0156
                      Mean entropy loss: -20.3234
                            Mean reward: 510.73
                    Mean episode length: 240.86
                        Mean action std: 0.10
  Episode_Reward/motion_global_root_pos: 0.0125
  Episode_Reward/motion_global_root_ori: 0.0136
         Episode_Reward/motion_body_pos: 0.0251
         Episode_Reward/motion_body_ori: 0.0220
     Episode_Reward/motion_body_lin_vel: 0.0268
     Episode_Reward/motion_body_ang_vel: 0.0252
          Episode_Reward/action_rate_l2: -0.0027
             Episode_Reward/joint_limit: -0.0000
         Episode_Reward/self_collisions: -0.0011
Episode_Reward/action_target_reference_l2: -0.0151
Episode_Reward/action_target_soft_limit_barrier: -0.0042
                   Episode_Reward/alive: 3.4744
 Episode_Reward/non_timeout_termination: -0.7655
Episode_Reward/worst_ee_z_normalized_squared: -0.0342
Episode_Reward/right_wrist_prethreshold_barrier: 0.0000
 Episode_Reward/requested_effort_excess: -0.0000
Episode_Reward/root_world_tracking_error: -0.0098
Episode_Reward/measured_joint_posture_l2: -0.0399
Episode_Reward/measured_feet_world_position_l2: -0.0228
Episode_Reward/original_task_position_l2: -0.0195
Episode_Reward/original_task_orientation_l2: -0.0118
        Metrics/motion/error_anchor_pos: 0.2877
        Metrics/motion/error_anchor_rot: 0.1705
    Metrics/motion/error_anchor_lin_vel: 0.5562
    Metrics/motion/error_anchor_ang_vel: 0.8064
          Metrics/motion/error_body_pos: 0.2879
          Metrics/motion/error_body_rot: 0.2799
         Metrics/motion/error_joint_pos: 0.7493
         Metrics/motion/error_joint_vel: 4.6097
        Metrics/motion/sampling_entropy: 0.0000
      Metrics/motion/sampling_top1_prob: 0.0000
       Metrics/motion/sampling_top1_bin: 0.0000
      Metrics/motion/error_body_lin_vel: 0.5577
      Metrics/motion/error_body_ang_vel: 1.2747
           Episode_Termination/time_out: 0.0000
         Episode_Termination/anchor_pos: 0.0000
         Episode_Termination/anchor_ori: 0.0000
        Episode_Termination/ee_body_pos: 0.0000
Episode_Termination/corpus_clip_time_out: 0.0000
Episode_Termination/invalid_native_model_actuation: 0.0000
Episode_Termination/world_root_tracking_failure: 1.0000
 Episode_Reward/world_potential_shaping: 0.0415
--------------------------------------------------------------------------------
                         Iteration time: 2.34s
                           Time elapsed: 00:08:29
                                    ETA: 00:14:04

################################################################################
[1m                           Learning iteration 188/500                           [0m 

                               Run name: original_core_920ms_fresh
                            Total steps: 387072 
                       Steps per second: 905 
                        Collection time: 2.061s 
                          Learning time: 0.201s 
                        Mean value loss: 967.2494
                    Mean surrogate loss: -0.0122
                      Mean entropy loss: -20.3234
                            Mean reward: 518.08
                    Mean episode length: 243.31
                        Mean action std: 0.10
--------------------------------------------------------------------------------
                         Iteration time: 2.26s
                           Time elapsed: 00:08:31
                                    ETA: 00:14:01

################################################################################
[1m                           Learning iteration 189/500                           [0m 

                               Run name: original_core_920ms_fresh
                            Total steps: 389120 
                       Steps per second: 832 
                        Collection time: 2.296s 
                          Learning time: 0.164s 
                        Mean value loss: 381.8774
                    Mean surrogate loss: -0.0115
                      Mean entropy loss: -20.3234
                            Mean reward: 497.50
                    Mean episode length: 234.29
                        Mean action std: 0.10
  Episode_Reward/motion_global_root_pos: 0.0136
  Episode_Reward/motion_global_root_ori: 0.0161
         Episode_Reward/motion_body_pos: 0.0268
         Episode_Reward/motion_body_ori: 0.0283
     Episode_Reward/motion_body_lin_vel: 0.0324
     Episode_Reward/motion_body_ang_vel: 0.0309
          Episode_Reward/action_rate_l2: -0.0029
             Episode_Reward/joint_limit: -0.0001
         Episode_Reward/self_collisions: -0.0011
Episode_Reward/action_target_reference_l2: -0.0183
Episode_Reward/action_target_soft_limit_barrier: -0.0043
                   Episode_Reward/alive: 4.0387
 Episode_Reward/non_timeout_termination: -0.6124
Episode_Reward/worst_ee_z_normalized_squared: -0.0614
Episode_Reward/right_wrist_prethreshold_barrier: -0.0043
 Episode_Reward/requested_effort_excess: -0.0000
Episode_Reward/root_world_tracking_error: -0.0118
Episode_Reward/measured_joint_posture_l2: -0.0473
Episode_Reward/measured_feet_world_position_l2: -0.0294
Episode_Reward/original_task_position_l2: -0.0244
Episode_Reward/original_task_orientation_l2: -0.0145
        Metrics/motion/error_anchor_pos: 0.2405
        Metrics/motion/error_anchor_rot: 0.1682
    Metrics/motion/error_anchor_lin_vel: 0.3046
    Metrics/motion/error_anchor_ang_vel: 0.8889
          Metrics/motion/error_body_pos: 0.2549
          Metrics/motion/error_body_rot: 0.3127
         Metrics/motion/error_joint_pos: 1.0296
         Metrics/motion/error_joint_vel: 6.5090
        Metrics/motion/sampling_entropy: 0.0000
      Metrics/motion/sampling_top1_prob: 0.0000
       Metrics/motion/sampling_top1_bin: 0.0000
      Metrics/motion/error_body_lin_vel: 0.3680
      Metrics/motion/error_body_ang_vel: 2.1081
           Episode_Termination/time_out: 0.0000
         Episode_Termination/anchor_pos: 0.0000
         Episode_Termination/anchor_ori: 0.0000
        Episode_Termination/ee_body_pos: 0.2000
Episode_Termination/corpus_clip_time_out: 0.2000
Episode_Termination/invalid_native_model_actuation: 0.0000
Episode_Termination/world_root_tracking_failure: 0.6000
 Episode_Reward/world_potential_shaping: 0.0518
--------------------------------------------------------------------------------
                         Iteration time: 2.46s
                           Time elapsed: 00:08:33
                                    ETA: 00:13:58

################################################################################
[1m                           Learning iteration 190/500                           [0m 

                               Run name: original_core_920ms_fresh
                            Total steps: 391168 
                       Steps per second: 841 
                        Collection time: 2.268s 
                          Learning time: 0.167s 
                        Mean value loss: 432.7673
                    Mean surrogate loss: -0.0081
                      Mean entropy loss: -20.3234
                            Mean reward: 518.62
                    Mean episode length: 241.83
                        Mean action std: 0.10
  Episode_Reward/motion_global_root_pos: 0.0176
  Episode_Reward/motion_global_root_ori: 0.0198
         Episode_Reward/motion_body_pos: 0.0354
         Episode_Reward/motion_body_ori: 0.0335
     Episode_Reward/motion_body_lin_vel: 0.0392
     Episode_Reward/motion_body_ang_vel: 0.0365
          Episode_Reward/action_rate_l2: -0.0040
             Episode_Reward/joint_limit: -0.0002
         Episode_Reward/self_collisions: -0.0055
Episode_Reward/action_target_reference_l2: -0.0248
Episode_Reward/action_target_soft_limit_barrier: -0.0042
                   Episode_Reward/alive: 5.0113
 Episode_Reward/non_timeout_termination: -0.6889
Episode_Reward/worst_ee_z_normalized_squared: -0.0828
Episode_Reward/right_wrist_prethreshold_barrier: -0.0012
 Episode_Reward/requested_effort_excess: -0.0000
Episode_Reward/root_world_tracking_error: -0.0147
Episode_Reward/measured_joint_posture_l2: -0.0535
Episode_Reward/measured_feet_world_position_l2: -0.0347
Episode_Reward/original_task_position_l2: -0.0288
Episode_Reward/original_task_orientation_l2: -0.0215
        Metrics/motion/error_anchor_pos: 0.2637
        Metrics/motion/error_anchor_rot: 0.1032
    Metrics/motion/error_anchor_lin_vel: 0.4652
    Metrics/motion/error_anchor_ang_vel: 0.7120
          Metrics/motion/error_body_pos: 0.2722
          Metrics/motion/error_body_rot: 0.2024
         Metrics/motion/error_joint_pos: 0.8101
         Metrics/motion/error_joint_vel: 4.9013
        Metrics/motion/sampling_entropy: 0.0000
      Metrics/motion/sampling_top1_prob: 0.0000
       Metrics/motion/sampling_top1_bin: 0.0000
      Metrics/motion/error_body_lin_vel: 0.5079
      Metrics/motion/error_body_ang_vel: 1.3689
           Episode_Termination/time_out: 0.0000
         Episode_Termination/anchor_pos: 0.0000
         Episode_Termination/anchor_ori: 0.0000
        Episode_Termination/ee_body_pos: 0.0000
Episode_Termination/corpus_clip_time_out: 0.2000
Episode_Termination/invalid_native_model_actuation: 0.0000
Episode_Termination/world_root_tracking_failure: 1.0000
 Episode_Reward/world_potential_shaping: 0.0618
--------------------------------------------------------------------------------
                         Iteration time: 2.43s
                           Time elapsed: 00:08:36
                                    ETA: 00:13:55

################################################################################
[1m                           Learning iteration 191/500                           [0m 

                               Run name: original_core_920ms_fresh
                            Total steps: 393216 
                       Steps per second: 899 
                        Collection time: 2.119s 
                          Learning time: 0.158s 
                        Mean value loss: 547.5778
                    Mean surrogate loss: -0.0119
                      Mean entropy loss: -20.3234
                            Mean reward: 462.38
                    Mean episode length: 220.20
                        Mean action std: 0.10
--------------------------------------------------------------------------------
                         Iteration time: 2.28s
                           Time elapsed: 00:08:38
                                    ETA: 00:13:51

################################################################################
[1m                           Learning iteration 192/500                           [0m 

                               Run name: original_core_920ms_fresh
                            Total steps: 395264 
                       Steps per second: 860 
                        Collection time: 2.220s 
                          Learning time: 0.161s 
                        Mean value loss: 717.1684
                    Mean surrogate loss: -0.0087
                      Mean entropy loss: -20.3234
                            Mean reward: 484.60
                    Mean episode length: 230.51
                        Mean action std: 0.10
--------------------------------------------------------------------------------
                         Iteration time: 2.38s
                           Time elapsed: 00:08:40
                                    ETA: 00:13:48

################################################################################
[1m                           Learning iteration 193/500                           [0m 

                               Run name: original_core_920ms_fresh
                            Total steps: 397312 
                       Steps per second: 866 
                        Collection time: 2.197s 
                          Learning time: 0.165s 
                        Mean value loss: 1132.4199
                    Mean surrogate loss: -0.0125
                      Mean entropy loss: -20.3234
                            Mean reward: 452.67
                    Mean episode length: 218.49
                        Mean action std: 0.10
--------------------------------------------------------------------------------
                         Iteration time: 2.36s
                           Time elapsed: 00:08:43
                                    ETA: 00:13:45

################################################################################
[1m                           Learning iteration 194/500                           [0m 

                               Run name: original_core_920ms_fresh
                            Total steps: 399360 
                       Steps per second: 900 
                        Collection time: 2.112s 
                          Learning time: 0.163s 
                        Mean value loss: 622.7865
                    Mean surrogate loss: -0.0099
                      Mean entropy loss: -20.3234
                            Mean reward: 448.61
                    Mean episode length: 216.94
                        Mean action std: 0.10
--------------------------------------------------------------------------------
                         Iteration time: 2.27s
                           Time elapsed: 00:08:45
                                    ETA: 00:13:42

################################################################################
[1m                           Learning iteration 195/500                           [0m 

                               Run name: original_core_920ms_fresh
                            Total steps: 401408 
                       Steps per second: 388 
                        Collection time: 5.112s 
                          Learning time: 0.164s 
                        Mean value loss: 558.0122
                    Mean surrogate loss: -0.0154
                      Mean entropy loss: -20.3234
                            Mean reward: 444.01
                    Mean episode length: 215.48
                        Mean action std: 0.10
  Episode_Reward/motion_global_root_pos: 0.0126
  Episode_Reward/motion_global_root_ori: 0.0147
         Episode_Reward/motion_body_pos: 0.0252
         Episode_Reward/motion_body_ori: 0.0247
     Episode_Reward/motion_body_lin_vel: 0.0286
     Episode_Reward/motion_body_ang_vel: 0.0269
          Episode_Reward/action_rate_l2: -0.0030
             Episode_Reward/joint_limit: -0.0000
         Episode_Reward/self_collisions: -0.0015
Episode_Reward/action_target_reference_l2: -0.0182
Episode_Reward/action_target_soft_limit_barrier: -0.0033
                   Episode_Reward/alive: 3.6995
 Episode_Reward/non_timeout_termination: -0.7655
Episode_Reward/worst_ee_z_normalized_squared: -0.0589
Episode_Reward/right_wrist_prethreshold_barrier: -0.0014
 Episode_Reward/requested_effort_excess: 0.0000
Episode_Reward/root_world_tracking_error: -0.0117
Episode_Reward/measured_joint_posture_l2: -0.0462
Episode_Reward/measured_feet_world_position_l2: -0.0270
Episode_Reward/original_task_position_l2: -0.0231
Episode_Reward/original_task_orientation_l2: -0.0141
        Metrics/motion/error_anchor_pos: 0.2802
        Metrics/motion/error_anchor_rot: 0.1556
    Metrics/motion/error_anchor_lin_vel: 0.5027
    Metrics/motion/error_anchor_ang_vel: 0.7007
          Metrics/motion/error_body_pos: 0.2799
          Metrics/motion/error_body_rot: 0.2743
         Metrics/motion/error_joint_pos: 1.0282
         Metrics/motion/error_joint_vel: 5.0739
        Metrics/motion/sampling_entropy: 0.0000
      Metrics/motion/sampling_top1_prob: 0.0000
       Metrics/motion/sampling_top1_bin: 0.0000
      Metrics/motion/error_body_lin_vel: 0.5396
      Metrics/motion/error_body_ang_vel: 1.3642
           Episode_Termination/time_out: 0.0000
         Episode_Termination/anchor_pos: 0.0000
         Episode_Termination/anchor_ori: 0.0000
        Episode_Termination/ee_body_pos: 0.1667
Episode_Termination/corpus_clip_time_out: 0.0000
Episode_Termination/invalid_native_model_actuation: 0.0000
Episode_Termination/world_root_tracking_failure: 1.0000
 Episode_Reward/world_potential_shaping: 0.0503
--------------------------------------------------------------------------------
                         Iteration time: 5.28s
                           Time elapsed: 00:08:50
                                    ETA: 00:13:43

################################################################################
[1m                           Learning iteration 196/500                           [0m 

                               Run name: original_core_920ms_fresh
                            Total steps: 403456 
                       Steps per second: 801 
                        Collection time: 2.391s 
                          Learning time: 0.163s 
                        Mean value loss: 602.3209
                    Mean surrogate loss: -0.0052
                      Mean entropy loss: -20.3234
                            Mean reward: 460.53
                    Mean episode length: 221.16
                        Mean action std: 0.10
--------------------------------------------------------------------------------
                         Iteration time: 2.55s
                           Time elapsed: 00:08:53
                                    ETA: 00:13:40

################################################################################
[1m                           Learning iteration 197/500                           [0m 

                               Run name: original_core_920ms_fresh
                            Total steps: 405504 
                       Steps per second: 795 
                        Collection time: 2.399s 
                          Learning time: 0.174s 
                        Mean value loss: 396.2826
                    Mean surrogate loss: -0.0085
                      Mean entropy loss: -20.3234
                            Mean reward: 467.45
                    Mean episode length: 223.66
                        Mean action std: 0.10
--------------------------------------------------------------------------------
                         Iteration time: 2.57s
                           Time elapsed: 00:08:56
                                    ETA: 00:13:37

################################################################################
[1m                           Learning iteration 198/500                           [0m 

                               Run name: original_core_920ms_fresh
                            Total steps: 407552 
                       Steps per second: 875 
                        Collection time: 2.167s 
                          Learning time: 0.172s 
                        Mean value loss: 701.0486
                    Mean surrogate loss: -0.0117
                      Mean entropy loss: -20.3234
                            Mean reward: 470.63
                    Mean episode length: 224.95
                        Mean action std: 0.10
--------------------------------------------------------------------------------
                         Iteration time: 2.34s
                           Time elapsed: 00:08:58
                                    ETA: 00:13:34

################################################################################
[1m                           Learning iteration 199/500                           [0m 

                               Run name: original_core_920ms_fresh
                            Total steps: 409600 
                       Steps per second: 883 
                        Collection time: 2.157s 
                          Learning time: 0.162s 
                        Mean value loss: 757.4969
                    Mean surrogate loss: -0.0075
                      Mean entropy loss: -20.3234
                            Mean reward: 472.70
                    Mean episode length: 225.98
                        Mean action std: 0.10
--------------------------------------------------------------------------------
                         Iteration time: 2.32s
                           Time elapsed: 00:09:00
                                    ETA: 00:13:31

################################################################################
[1m                           Learning iteration 200/500                           [0m 

                               Run name: original_core_920ms_fresh
                            Total steps: 411648 
                       Steps per second: 858 
                        Collection time: 2.222s 
                          Learning time: 0.164s 
                        Mean value loss: 1048.8073
                    Mean surrogate loss: -0.0121
                      Mean entropy loss: -20.3234
                            Mean reward: 533.54
                    Mean episode length: 249.71
                        Mean action std: 0.10
  Episode_Reward/motion_global_root_pos: 0.0243
  Episode_Reward/motion_global_root_ori: 0.0288
         Episode_Reward/motion_body_pos: 0.0485
         Episode_Reward/motion_body_ori: 0.0489
     Episode_Reward/motion_body_lin_vel: 0.0580
     Episode_Reward/motion_body_ang_vel: 0.0537
          Episode_Reward/action_rate_l2: -0.0056
             Episode_Reward/joint_limit: -0.0002
         Episode_Reward/self_collisions: -0.0110
Episode_Reward/action_target_reference_l2: -0.0351
Episode_Reward/action_target_soft_limit_barrier: -0.0054
                   Episode_Reward/alive: 7.2430
 Episode_Reward/non_timeout_termination: -0.7229
Episode_Reward/worst_ee_z_normalized_squared: -0.1282
Episode_Reward/right_wrist_prethreshold_barrier: -0.0046
 Episode_Reward/requested_effort_excess: 0.0000
Episode_Reward/root_world_tracking_error: -0.0218
Episode_Reward/measured_joint_posture_l2: -0.0731
Episode_Reward/measured_feet_world_position_l2: -0.0508
Episode_Reward/original_task_position_l2: -0.0447
Episode_Reward/original_task_orientation_l2: -0.0301
        Metrics/motion/error_anchor_pos: 0.2768
        Metrics/motion/error_anchor_rot: 0.1181
    Metrics/motion/error_anchor_lin_vel: 0.4226
    Metrics/motion/error_anchor_ang_vel: 0.9196
          Metrics/motion/error_body_pos: 0.2808
          Metrics/motion/error_body_rot: 0.2175
         Metrics/motion/error_joint_pos: 0.7286
         Metrics/motion/error_joint_vel: 5.1384
        Metrics/motion/sampling_entropy: 0.0000
      Metrics/motion/sampling_top1_prob: 0.0000
       Metrics/motion/sampling_top1_bin: 0.0000
      Metrics/motion/error_body_lin_vel: 0.4584
      Metrics/motion/error_body_ang_vel: 1.5108
           Episode_Termination/time_out: 0.0000
         Episode_Termination/anchor_pos: 0.0000
         Episode_Termination/anchor_ori: 0.0000
        Episode_Termination/ee_body_pos: 0.1111
Episode_Termination/corpus_clip_time_out: 0.1111
Episode_Termination/invalid_native_model_actuation: 0.0000
Episode_Termination/world_root_tracking_failure: 1.2222
 Episode_Reward/world_potential_shaping: 0.0867
--------------------------------------------------------------------------------
                         Iteration time: 2.39s
                           Time elapsed: 00:09:03
                                    ETA: 00:13:27

################################################################################
[1m                           Learning iteration 201/500                           [0m 

                               Run name: original_core_920ms_fresh
                            Total steps: 413696 
                       Steps per second: 793 
                        Collection time: 2.392s 
                          Learning time: 0.188s 
                        Mean value loss: 945.1055
                    Mean surrogate loss: -0.0146
                      Mean entropy loss: -20.3234
                            Mean reward: 519.28
                    Mean episode length: 243.79
                        Mean action std: 0.10
--------------------------------------------------------------------------------
                         Iteration time: 2.58s
                           Time elapsed: 00:09:05
                                    ETA: 00:13:24

################################################################################
[1m                           Learning iteration 202/500                           [0m 

                               Run name: original_core_920ms_fresh
                            Total steps: 415744 
                       Steps per second: 724 
                        Collection time: 2.644s 
                          Learning time: 0.183s 
                        Mean value loss: 671.4589
                    Mean surrogate loss: -0.0105
                      Mean entropy loss: -20.3234
                            Mean reward: 513.63
                    Mean episode length: 242.28
                        Mean action std: 0.10
--------------------------------------------------------------------------------
                         Iteration time: 2.83s
                           Time elapsed: 00:09:08
                                    ETA: 00:13:22

################################################################################
[1m                           Learning iteration 203/500                           [0m 

                               Run name: original_core_920ms_fresh
                            Total steps: 417792 
                       Steps per second: 876 
                        Collection time: 2.179s 
                          Learning time: 0.159s 
                        Mean value loss: 1221.0224
                    Mean surrogate loss: -0.0083
                      Mean entropy loss: -20.3234
                            Mean reward: 480.49
                    Mean episode length: 229.80
                        Mean action std: 0.10
--------------------------------------------------------------------------------
                         Iteration time: 2.34s
                           Time elapsed: 00:09:10
                                    ETA: 00:13:19

################################################################################
[1m                           Learning iteration 204/500                           [0m 

                               Run name: original_core_920ms_fresh
                            Total steps: 419840 
                       Steps per second: 896 
                        Collection time: 2.121s 
                          Learning time: 0.164s 
                        Mean value loss: 433.8242
                    Mean surrogate loss: -0.0113
                      Mean entropy loss: -20.3234
                            Mean reward: 488.80
                    Mean episode length: 232.33
                        Mean action std: 0.10
--------------------------------------------------------------------------------
                         Iteration time: 2.28s
                           Time elapsed: 00:09:13
                                    ETA: 00:13:15

################################################################################
[1m                           Learning iteration 205/500                           [0m 

                               Run name: original_core_920ms_fresh
                            Total steps: 421888 
                       Steps per second: 793 
                        Collection time: 2.421s 
                          Learning time: 0.160s 
                        Mean value loss: 529.3081
                    Mean surrogate loss: -0.0095
                      Mean entropy loss: -20.3234
                            Mean reward: 493.65
                    Mean episode length: 233.42
                        Mean action std: 0.10
--------------------------------------------------------------------------------
                         Iteration time: 2.58s
                           Time elapsed: 00:09:15
                                    ETA: 00:13:13

################################################################################
[1m                           Learning iteration 206/500                           [0m 

                               Run name: original_core_920ms_fresh
                            Total steps: 423936 
                       Steps per second: 826 
                        Collection time: 2.314s 
                          Learning time: 0.163s 
                        Mean value loss: 354.8716
                    Mean surrogate loss: -0.0063
                      Mean entropy loss: -20.3234
                            Mean reward: 486.27
                    Mean episode length: 230.94
                        Mean action std: 0.10
  Episode_Reward/motion_global_root_pos: 0.0067
  Episode_Reward/motion_global_root_ori: 0.0082
         Episode_Reward/motion_body_pos: 0.0133
         Episode_Reward/motion_body_ori: 0.0143
     Episode_Reward/motion_body_lin_vel: 0.0161
     Episode_Reward/motion_body_ang_vel: 0.0153
          Episode_Reward/action_rate_l2: -0.0020
             Episode_Reward/joint_limit: -0.0000
         Episode_Reward/self_collisions: -0.0003
Episode_Reward/action_target_reference_l2: -0.0113
Episode_Reward/action_target_soft_limit_barrier: -0.0038
                   Episode_Reward/alive: 2.2307
 Episode_Reward/non_timeout_termination: -0.7655
Episode_Reward/worst_ee_z_normalized_squared: -0.0199
Episode_Reward/right_wrist_prethreshold_barrier: 0.0000
 Episode_Reward/requested_effort_excess: -0.0000
Episode_Reward/root_world_tracking_error: -0.0119
Episode_Reward/measured_joint_posture_l2: -0.0309
Episode_Reward/measured_feet_world_position_l2: -0.0172
Episode_Reward/original_task_position_l2: -0.0147
Episode_Reward/original_task_orientation_l2: -0.0079
        Metrics/motion/error_anchor_pos: 0.2919
        Metrics/motion/error_anchor_rot: 0.1944
    Metrics/motion/error_anchor_lin_vel: 0.4633
    Metrics/motion/error_anchor_ang_vel: 0.8720
          Metrics/motion/error_body_pos: 0.2994
          Metrics/motion/error_body_rot: 0.3309
         Metrics/motion/error_joint_pos: 0.9842
         Metrics/motion/error_joint_vel: 5.2421
        Metrics/motion/sampling_entropy: 0.0000
      Metrics/motion/sampling_top1_prob: 0.0000
       Metrics/motion/sampling_top1_bin: 0.0000
      Metrics/motion/error_body_lin_vel: 0.5526
      Metrics/motion/error_body_ang_vel: 1.5302
           Episode_Termination/time_out: 0.0000
         Episode_Termination/anchor_pos: 0.0000
         Episode_Termination/anchor_ori: 0.0000
        Episode_Termination/ee_body_pos: 0.0000
Episode_Termination/corpus_clip_time_out: 0.0000
Episode_Termination/invalid_native_model_actuation: 0.0000
Episode_Termination/world_root_tracking_failure: 1.2500
 Episode_Reward/world_potential_shaping: 0.0405
--------------------------------------------------------------------------------
                         Iteration time: 2.48s
                           Time elapsed: 00:09:18
                                    ETA: 00:13:10

################################################################################
[1m                           Learning iteration 207/500                           [0m 

                               Run name: original_core_920ms_fresh
                            Total steps: 425984 
                       Steps per second: 866 
                        Collection time: 2.180s 
                          Learning time: 0.183s 
                        Mean value loss: 632.0590
                    Mean surrogate loss: -0.0105
                      Mean entropy loss: -20.3234
                            Mean reward: 534.38
                    Mean episode length: 249.25
                        Mean action std: 0.10
  Episode_Reward/motion_global_root_pos: 0.0237
  Episode_Reward/motion_global_root_ori: 0.0278
         Episode_Reward/motion_body_pos: 0.0477
         Episode_Reward/motion_body_ori: 0.0462
     Episode_Reward/motion_body_lin_vel: 0.0581
     Episode_Reward/motion_body_ang_vel: 0.0546
          Episode_Reward/action_rate_l2: -0.0051
             Episode_Reward/joint_limit: -0.0003
         Episode_Reward/self_collisions: -0.0066
Episode_Reward/action_target_reference_l2: -0.0337
Episode_Reward/action_target_soft_limit_barrier: -0.0056
                   Episode_Reward/alive: 7.1030
 Episode_Reward/non_timeout_termination: -0.7655
Episode_Reward/worst_ee_z_normalized_squared: -0.1383
Episode_Reward/right_wrist_prethreshold_barrier: -0.0003
 Episode_Reward/requested_effort_excess: -0.0000
Episode_Reward/root_world_tracking_error: -0.0206
Episode_Reward/measured_joint_posture_l2: -0.0905
Episode_Reward/measured_feet_world_position_l2: -0.0491
Episode_Reward/original_task_position_l2: -0.0430
Episode_Reward/original_task_orientation_l2: -0.0291
        Metrics/motion/error_anchor_pos: 0.2932
        Metrics/motion/error_anchor_rot: 0.1226
    Metrics/motion/error_anchor_lin_vel: 0.3754
    Metrics/motion/error_anchor_ang_vel: 0.9401
          Metrics/motion/error_body_pos: 0.2895
          Metrics/motion/error_body_rot: 0.2484
         Metrics/motion/error_joint_pos: 1.0541
         Metrics/motion/error_joint_vel: 6.1915
        Metrics/motion/sampling_entropy: 0.0000
      Metrics/motion/sampling_top1_prob: 0.0000
       Metrics/motion/sampling_top1_bin: 0.0000
      Metrics/motion/error_body_lin_vel: 0.4622
      Metrics/motion/error_body_ang_vel: 1.7611
           Episode_Termination/time_out: 0.0000
         Episode_Termination/anchor_pos: 0.0000
         Episode_Termination/anchor_ori: 0.0000
        Episode_Termination/ee_body_pos: 0.0000
Episode_Termination/corpus_clip_time_out: 0.0000
Episode_Termination/invalid_native_model_actuation: 0.0000
Episode_Termination/world_root_tracking_failure: 1.2000
 Episode_Reward/world_potential_shaping: 0.0825
--------------------------------------------------------------------------------
                         Iteration time: 2.36s
                           Time elapsed: 00:09:20
                                    ETA: 00:13:06

################################################################################
[1m                           Learning iteration 208/500                           [0m 

                               Run name: original_core_920ms_fresh
                            Total steps: 428032 
                       Steps per second: 369 
                        Collection time: 5.362s 
                          Learning time: 0.178s 
                        Mean value loss: 756.3425
                    Mean surrogate loss: -0.0116
                      Mean entropy loss: -20.3234
                            Mean reward: 533.82
                    Mean episode length: 248.93
                        Mean action std: 0.10
--------------------------------------------------------------------------------
                         Iteration time: 5.54s
                           Time elapsed: 00:09:26
                                    ETA: 00:13:08

################################################################################
[1m                           Learning iteration 209/500                           [0m 

                               Run name: original_core_920ms_fresh
                            Total steps: 430080 
                       Steps per second: 826 
                        Collection time: 2.285s 
                          Learning time: 0.194s 
                        Mean value loss: 501.0324
                    Mean surrogate loss: -0.0094
                      Mean entropy loss: -20.3234
                            Mean reward: 497.84
                    Mean episode length: 235.15
                        Mean action std: 0.10
--------------------------------------------------------------------------------
                         Iteration time: 2.48s
                           Time elapsed: 00:09:28
                                    ETA: 00:13:05

################################################################################
[1m                           Learning iteration 210/500                           [0m 

                               Run name: original_core_920ms_fresh
                            Total steps: 432128 
                       Steps per second: 830 
                        Collection time: 2.271s 
                          Learning time: 0.196s 
                        Mean value loss: 586.6751
                    Mean surrogate loss: -0.0068
                      Mean entropy loss: -20.3234
                            Mean reward: 487.33
                    Mean episode length: 231.54
                        Mean action std: 0.10
  Episode_Reward/motion_global_root_pos: 0.0087
  Episode_Reward/motion_global_root_ori: 0.0107
         Episode_Reward/motion_body_pos: 0.0174
         Episode_Reward/motion_body_ori: 0.0182
     Episode_Reward/motion_body_lin_vel: 0.0204
     Episode_Reward/motion_body_ang_vel: 0.0194
          Episode_Reward/action_rate_l2: -0.0022
             Episode_Reward/joint_limit: -0.0001
         Episode_Reward/self_collisions: -0.0010
Episode_Reward/action_target_reference_l2: -0.0129
Episode_Reward/action_target_soft_limit_barrier: -0.0032
                   Episode_Reward/alive: 2.6731
 Episode_Reward/non_timeout_termination: -0.7655
Episode_Reward/worst_ee_z_normalized_squared: -0.0314
Episode_Reward/right_wrist_prethreshold_barrier: -0.0001
 Episode_Reward/requested_effort_excess: -0.0000
Episode_Reward/root_world_tracking_error: -0.0105
Episode_Reward/measured_joint_posture_l2: -0.0371
Episode_Reward/measured_feet_world_position_l2: -0.0195
Episode_Reward/original_task_position_l2: -0.0163
Episode_Reward/original_task_orientation_l2: -0.0092
        Metrics/motion/error_anchor_pos: 0.2884
        Metrics/motion/error_anchor_rot: 0.0884
    Metrics/motion/error_anchor_lin_vel: 0.5319
    Metrics/motion/error_anchor_ang_vel: 0.7644
          Metrics/motion/error_body_pos: 0.2923
          Metrics/motion/error_body_rot: 0.1924
         Metrics/motion/error_joint_pos: 0.9046
         Metrics/motion/error_joint_vel: 4.4739
        Metrics/motion/sampling_entropy: 0.0000
      Metrics/motion/sampling_top1_prob: 0.0000
       Metrics/motion/sampling_top1_bin: 0.0000
      Metrics/motion/error_body_lin_vel: 0.5503
      Metrics/motion/error_body_ang_vel: 1.2748
           Episode_Termination/time_out: 0.0000
         Episode_Termination/anchor_pos: 0.0000
         Episode_Termination/anchor_ori: 0.0000
        Episode_Termination/ee_body_pos: 0.0000
Episode_Termination/corpus_clip_time_out: 0.0000
Episode_Termination/invalid_native_model_actuation: 0.0000
Episode_Termination/world_root_tracking_failure: 1.2500
 Episode_Reward/world_potential_shaping: 0.0409
--------------------------------------------------------------------------------
                         Iteration time: 2.47s
                           Time elapsed: 00:09:30
                                    ETA: 00:13:02

################################################################################
[1m                           Learning iteration 211/500                           [0m 

                               Run name: original_core_920ms_fresh
                            Total steps: 434176 
                       Steps per second: 567 
                        Collection time: 3.356s 
                          Learning time: 0.251s 
                        Mean value loss: 544.9450
                    Mean surrogate loss: -0.0072
                      Mean entropy loss: -20.3234
                            Mean reward: 498.46
                    Mean episode length: 236.22
                        Mean action std: 0.10
--------------------------------------------------------------------------------
                         Iteration time: 3.61s
                           Time elapsed: 00:09:34
                                    ETA: 00:13:00

################################################################################
[1m                           Learning iteration 212/500                           [0m 

                               Run name: original_core_920ms_fresh
                            Total steps: 436224 
                       Steps per second: 638 
                        Collection time: 2.997s 
                          Learning time: 0.209s 
                        Mean value loss: 892.5225
                    Mean surrogate loss: -0.0092
                      Mean entropy loss: -20.3234
                            Mean reward: 445.49
                    Mean episode length: 215.86
                        Mean action std: 0.10
  Episode_Reward/motion_global_root_pos: 0.0110
  Episode_Reward/motion_global_root_ori: 0.0134
         Episode_Reward/motion_body_pos: 0.0221
         Episode_Reward/motion_body_ori: 0.0232
     Episode_Reward/motion_body_lin_vel: 0.0262
     Episode_Reward/motion_body_ang_vel: 0.0249
          Episode_Reward/action_rate_l2: -0.0026
             Episode_Reward/joint_limit: -0.0001
         Episode_Reward/self_collisions: -0.0022
Episode_Reward/action_target_reference_l2: -0.0156
Episode_Reward/action_target_soft_limit_barrier: -0.0026
                   Episode_Reward/alive: 3.3458
 Episode_Reward/non_timeout_termination: -0.7655
Episode_Reward/worst_ee_z_normalized_squared: -0.0571
Episode_Reward/right_wrist_prethreshold_barrier: -0.0032
 Episode_Reward/requested_effort_excess: -0.0000
Episode_Reward/root_world_tracking_error: -0.0115
Episode_Reward/measured_joint_posture_l2: -0.0413
Episode_Reward/measured_feet_world_position_l2: -0.0241
Episode_Reward/original_task_position_l2: -0.0208
Episode_Reward/original_task_orientation_l2: -0.0124
        Metrics/motion/error_anchor_pos: 0.2766
        Metrics/motion/error_anchor_rot: 0.1599
    Metrics/motion/error_anchor_lin_vel: 0.5011
    Metrics/motion/error_anchor_ang_vel: 1.0771
          Metrics/motion/error_body_pos: 0.2791
          Metrics/motion/error_body_rot: 0.2832
         Metrics/motion/error_joint_pos: 1.1824
         Metrics/motion/error_joint_vel: 6.0401
        Metrics/motion/sampling_entropy: 0.0000
      Metrics/motion/sampling_top1_prob: 0.0000
       Metrics/motion/sampling_top1_bin: 0.0000
      Metrics/motion/error_body_lin_vel: 0.5660
      Metrics/motion/error_body_ang_vel: 1.5362
           Episode_Termination/time_out: 0.0000
         Episode_Termination/anchor_pos: 0.0000
         Episode_Termination/anchor_ori: 0.0000
        Episode_Termination/ee_body_pos: 0.0909
Episode_Termination/corpus_clip_time_out: 0.0000
Episode_Termination/invalid_native_model_actuation: 0.0000
Episode_Termination/world_root_tracking_failure: 1.0909
 Episode_Reward/world_potential_shaping: 0.0472
--------------------------------------------------------------------------------
                         Iteration time: 3.21s
                           Time elapsed: 00:09:37
                                    ETA: 00:12:58

################################################################################
[1m                           Learning iteration 213/500                           [0m 

                               Run name: original_core_920ms_fresh
                            Total steps: 438272 
                       Steps per second: 808 
                        Collection time: 2.352s 
                          Learning time: 0.182s 
                        Mean value loss: 605.8202
                    Mean surrogate loss: -0.0061
                      Mean entropy loss: -20.3233
                            Mean reward: 423.99
                    Mean episode length: 207.07
                        Mean action std: 0.10
--------------------------------------------------------------------------------
                         Iteration time: 2.53s
                           Time elapsed: 00:09:40
                                    ETA: 00:12:55

################################################################################
[1m                           Learning iteration 214/500                           [0m 

                               Run name: original_core_920ms_fresh
                            Total steps: 440320 
                       Steps per second: 754 
                        Collection time: 2.536s 
                          Learning time: 0.178s 
                        Mean value loss: 511.5803
                    Mean surrogate loss: -0.0089
                      Mean entropy loss: -20.3233
                            Mean reward: 440.84
                    Mean episode length: 213.61
                        Mean action std: 0.10
--------------------------------------------------------------------------------
                         Iteration time: 2.71s
                           Time elapsed: 00:09:43
                                    ETA: 00:12:52

################################################################################
[1m                           Learning iteration 215/500                           [0m 

                               Run name: original_core_920ms_fresh
                            Total steps: 442368 
                       Steps per second: 767 
                        Collection time: 2.478s 
                          Learning time: 0.192s 
                        Mean value loss: 959.9646
                    Mean surrogate loss: -0.0086
                      Mean entropy loss: -20.3233
                            Mean reward: 470.94
                    Mean episode length: 225.44
                        Mean action std: 0.10
--------------------------------------------------------------------------------
                         Iteration time: 2.67s
                           Time elapsed: 00:09:45
                                    ETA: 00:12:50

################################################################################
[1m                           Learning iteration 216/500                           [0m 

                               Run name: original_core_920ms_fresh
                            Total steps: 444416 
                       Steps per second: 848 
                        Collection time: 2.222s 
                          Learning time: 0.192s 
                        Mean value loss: 588.9548
                    Mean surrogate loss: -0.0072
                      Mean entropy loss: -20.3233
                            Mean reward: 466.93
                    Mean episode length: 224.23
                        Mean action std: 0.10
  Episode_Reward/motion_global_root_pos: 0.0105
  Episode_Reward/motion_global_root_ori: 0.0118
         Episode_Reward/motion_body_pos: 0.0209
         Episode_Reward/motion_body_ori: 0.0205
     Episode_Reward/motion_body_lin_vel: 0.0231
     Episode_Reward/motion_body_ang_vel: 0.0211
          Episode_Reward/action_rate_l2: -0.0027
             Episode_Reward/joint_limit: -0.0000
         Episode_Reward/self_collisions: -0.0005
Episode_Reward/action_target_reference_l2: -0.0167
Episode_Reward/action_target_soft_limit_barrier: -0.0023
                   Episode_Reward/alive: 3.0184
 Episode_Reward/non_timeout_termination: -0.7655
Episode_Reward/worst_ee_z_normalized_squared: -0.0568
Episode_Reward/right_wrist_prethreshold_barrier: -0.0073
 Episode_Reward/requested_effort_excess: 0.0000
Episode_Reward/root_world_tracking_error: -0.0101
Episode_Reward/measured_joint_posture_l2: -0.0285
Episode_Reward/measured_feet_world_position_l2: -0.0226
Episode_Reward/original_task_position_l2: -0.0183
Episode_Reward/original_task_orientation_l2: -0.0126
        Metrics/motion/error_anchor_pos: 0.2691
        Metrics/motion/error_anchor_rot: 0.1503
    Metrics/motion/error_anchor_lin_vel: 0.4584
    Metrics/motion/error_anchor_ang_vel: 1.0724
          Metrics/motion/error_body_pos: 0.2749
          Metrics/motion/error_body_rot: 0.3260
         Metrics/motion/error_joint_pos: 1.1964
         Metrics/motion/error_joint_vel: 5.7526
        Metrics/motion/sampling_entropy: 0.0000
      Metrics/motion/sampling_top1_prob: 0.0000
       Metrics/motion/sampling_top1_bin: 0.0000
      Metrics/motion/error_body_lin_vel: 0.4615
      Metrics/motion/error_body_ang_vel: 1.5103
           Episode_Termination/time_out: 0.0000
         Episode_Termination/anchor_pos: 0.0000
         Episode_Termination/anchor_ori: 0.0000
        Episode_Termination/ee_body_pos: 0.2000
Episode_Termination/corpus_clip_time_out: 0.0000
Episode_Termination/invalid_native_model_actuation: 0.0000
Episode_Termination/world_root_tracking_failure: 0.8000
 Episode_Reward/world_potential_shaping: 0.0426
--------------------------------------------------------------------------------
                         Iteration time: 2.41s
                           Time elapsed: 00:09:48
                                    ETA: 00:12:47

################################################################################
[1m                           Learning iteration 217/500                           [0m 

                               Run name: original_core_920ms_fresh
                            Total steps: 446464 
                       Steps per second: 782 
                        Collection time: 2.438s 
                          Learning time: 0.179s 
                        Mean value loss: 599.9259
                    Mean surrogate loss: -0.0092
                      Mean entropy loss: -20.3233
                            Mean reward: 500.58
                    Mean episode length: 237.42
                        Mean action std: 0.10
--------------------------------------------------------------------------------
                         Iteration time: 2.62s
                           Time elapsed: 00:09:50
                                    ETA: 00:12:44

################################################################################
[1m                           Learning iteration 218/500                           [0m 

                               Run name: original_core_920ms_fresh
                            Total steps: 448512 
                       Steps per second: 752 
                        Collection time: 2.536s 
                          Learning time: 0.186s 
                        Mean value loss: 636.7971
                    Mean surrogate loss: -0.0108
                      Mean entropy loss: -20.3233
                            Mean reward: 474.57
                    Mean episode length: 228.12
                        Mean action std: 0.10
--------------------------------------------------------------------------------
                         Iteration time: 2.72s
                           Time elapsed: 00:09:53
                                    ETA: 00:12:41

################################################################################
[1m                           Learning iteration 219/500                           [0m 

                               Run name: original_core_920ms_fresh
                            Total steps: 450560 
                       Steps per second: 825 
                        Collection time: 2.300s 
                          Learning time: 0.180s 
                        Mean value loss: 1540.2876
                    Mean surrogate loss: -0.0040
                      Mean entropy loss: -20.3233
                            Mean reward: 581.57
                    Mean episode length: 267.23
                        Mean action std: 0.10
  Episode_Reward/motion_global_root_pos: 0.0311
  Episode_Reward/motion_global_root_ori: 0.0351
         Episode_Reward/motion_body_pos: 0.0621
         Episode_Reward/motion_body_ori: 0.0607
     Episode_Reward/motion_body_lin_vel: 0.0711
     Episode_Reward/motion_body_ang_vel: 0.0662
          Episode_Reward/action_rate_l2: -0.0066
             Episode_Reward/joint_limit: -0.0003
         Episode_Reward/self_collisions: -0.0014
Episode_Reward/action_target_reference_l2: -0.0414
Episode_Reward/action_target_soft_limit_barrier: -0.0056
                   Episode_Reward/alive: 8.7820
 Episode_Reward/non_timeout_termination: -0.6804
Episode_Reward/worst_ee_z_normalized_squared: -0.1475
Episode_Reward/right_wrist_prethreshold_barrier: -0.0041
 Episode_Reward/requested_effort_excess: -0.0000
Episode_Reward/root_world_tracking_error: -0.0209
Episode_Reward/measured_joint_posture_l2: -0.0918
Episode_Reward/measured_feet_world_position_l2: -0.0577
Episode_Reward/original_task_position_l2: -0.0476
Episode_Reward/original_task_orientation_l2: -0.0312
        Metrics/motion/error_anchor_pos: 0.2745
        Metrics/motion/error_anchor_rot: 0.1278
    Metrics/motion/error_anchor_lin_vel: 0.2518
    Metrics/motion/error_anchor_ang_vel: 0.7916
          Metrics/motion/error_body_pos: 0.2750
          Metrics/motion/error_body_rot: 0.2358
         Metrics/motion/error_joint_pos: 1.0035
         Metrics/motion/error_joint_vel: 4.4566
        Metrics/motion/sampling_entropy: 0.0000
      Metrics/motion/sampling_top1_prob: 0.0000
       Metrics/motion/sampling_top1_bin: 0.0000
      Metrics/motion/error_body_lin_vel: 0.2858
      Metrics/motion/error_body_ang_vel: 1.3237
           Episode_Termination/time_out: 0.0000
         Episode_Termination/anchor_pos: 0.0000
         Episode_Termination/anchor_ori: 0.0000
        Episode_Termination/ee_body_pos: 0.0000
Episode_Termination/corpus_clip_time_out: 0.1111
Episode_Termination/invalid_native_model_actuation: 0.0000
Episode_Termination/world_root_tracking_failure: 1.2222
 Episode_Reward/world_potential_shaping: 0.0897
--------------------------------------------------------------------------------
                         Iteration time: 2.48s
                           Time elapsed: 00:09:55
                                    ETA: 00:12:38

################################################################################
[1m                           Learning iteration 220/500                           [0m 

                               Run name: original_core_920ms_fresh
                            Total steps: 452608 
                       Steps per second: 784 
                        Collection time: 2.360s 
                          Learning time: 0.252s 
                        Mean value loss: 382.5468
                    Mean surrogate loss: -0.0108
                      Mean entropy loss: -20.3233
                            Mean reward: 559.62
                    Mean episode length: 259.24
                        Mean action std: 0.10
--------------------------------------------------------------------------------
                         Iteration time: 2.61s
                           Time elapsed: 00:09:58
                                    ETA: 00:12:35

################################################################################
[1m                           Learning iteration 221/500                           [0m 

                               Run name: original_core_920ms_fresh
                            Total steps: 454656 
                       Steps per second: 842 
                        Collection time: 2.235s 
                          Learning time: 0.195s 
                        Mean value loss: 491.7819
                    Mean surrogate loss: -0.0063
                      Mean entropy loss: -20.3233
                            Mean reward: 541.29
                    Mean episode length: 252.68
                        Mean action std: 0.10
--------------------------------------------------------------------------------
                         Iteration time: 2.43s
                           Time elapsed: 00:10:01
                                    ETA: 00:12:32

################################################################################
[1m                           Learning iteration 222/500                           [0m 

                               Run name: original_core_920ms_fresh
                            Total steps: 456704 
                       Steps per second: 827 
                        Collection time: 2.273s 
                          Learning time: 0.203s 
                        Mean value loss: 828.5681
                    Mean surrogate loss: -0.0133
                      Mean entropy loss: -20.3233
                            Mean reward: 562.58
                    Mean episode length: 260.60
                        Mean action std: 0.10
  Episode_Reward/motion_global_root_pos: 0.0214
  Episode_Reward/motion_global_root_ori: 0.0266
         Episode_Reward/motion_body_pos: 0.0435
         Episode_Reward/motion_body_ori: 0.0459
     Episode_Reward/motion_body_lin_vel: 0.0526
     Episode_Reward/motion_body_ang_vel: 0.0488
          Episode_Reward/action_rate_l2: -0.0050
             Episode_Reward/joint_limit: -0.0001
         Episode_Reward/self_collisions: -0.0007
Episode_Reward/action_target_reference_l2: -0.0313
Episode_Reward/action_target_soft_limit_barrier: -0.0045
                   Episode_Reward/alive: 6.5561
 Episode_Reward/non_timeout_termination: -0.7655
Episode_Reward/worst_ee_z_normalized_squared: -0.1372
Episode_Reward/right_wrist_prethreshold_barrier: -0.0070
 Episode_Reward/requested_effort_excess: -0.0000
Episode_Reward/root_world_tracking_error: -0.0205
Episode_Reward/measured_joint_posture_l2: -0.0655
Episode_Reward/measured_feet_world_position_l2: -0.0455
Episode_Reward/original_task_position_l2: -0.0403
Episode_Reward/original_task_orientation_l2: -0.0220
        Metrics/motion/error_anchor_pos: 0.2929
        Metrics/motion/error_anchor_rot: 0.1259
    Metrics/motion/error_anchor_lin_vel: 0.3970
    Metrics/motion/error_anchor_ang_vel: 0.5075
          Metrics/motion/error_body_pos: 0.2937
          Metrics/motion/error_body_rot: 0.2538
         Metrics/motion/error_joint_pos: 1.0983
         Metrics/motion/error_joint_vel: 3.8310
        Metrics/motion/sampling_entropy: 0.0000
      Metrics/motion/sampling_top1_prob: 0.0000
       Metrics/motion/sampling_top1_bin: 0.0000
      Metrics/motion/error_body_lin_vel: 0.3989
      Metrics/motion/error_body_ang_vel: 1.1555
           Episode_Termination/time_out: 0.0000
         Episode_Termination/anchor_pos: 0.0000
         Episode_Termination/anchor_ori: 0.0000
        Episode_Termination/ee_body_pos: 0.0000
Episode_Termination/corpus_clip_time_out: 0.0000
Episode_Termination/invalid_native_model_actuation: 0.0000
Episode_Termination/world_root_tracking_failure: 1.5000
 Episode_Reward/world_potential_shaping: 0.0744
--------------------------------------------------------------------------------
                         Iteration time: 2.48s
                           Time elapsed: 00:10:03
                                    ETA: 00:12:29

################################################################################
[1m                           Learning iteration 223/500                           [0m 

                               Run name: original_core_920ms_fresh
                            Total steps: 458752 
                       Steps per second: 813 
                        Collection time: 2.325s 
                          Learning time: 0.193s 
                        Mean value loss: 747.9455
                    Mean surrogate loss: -0.0082
                      Mean entropy loss: -20.3233
                            Mean reward: 616.82
                    Mean episode length: 282.31
                        Mean action std: 0.10
--------------------------------------------------------------------------------
                         Iteration time: 2.52s
                           Time elapsed: 00:10:05
                                    ETA: 00:12:26

################################################################################
[1m                           Learning iteration 224/500                           [0m 

                               Run name: original_core_920ms_fresh
                            Total steps: 460800 
                       Steps per second: 739 
                        Collection time: 2.567s 
                          Learning time: 0.203s 
                        Mean value loss: 515.2866
                    Mean surrogate loss: -0.0114
                      Mean entropy loss: -20.3233
                            Mean reward: 662.93
                    Mean episode length: 300.46
                        Mean action std: 0.10
--------------------------------------------------------------------------------
                         Iteration time: 2.77s
                           Time elapsed: 00:10:08
                                    ETA: 00:12:24

################################################################################
[1m                           Learning iteration 225/500                           [0m 

                               Run name: original_core_920ms_fresh
                            Total steps: 462848 
                       Steps per second: 820 
                        Collection time: 2.307s 
                          Learning time: 0.188s 
                        Mean value loss: 479.6839
                    Mean surrogate loss: -0.0131
                      Mean entropy loss: -20.3233
                            Mean reward: 663.85
                    Mean episode length: 299.44
                        Mean action std: 0.10
  Episode_Reward/motion_global_root_pos: 0.0121
  Episode_Reward/motion_global_root_ori: 0.0141
         Episode_Reward/motion_body_pos: 0.0244
         Episode_Reward/motion_body_ori: 0.0232
     Episode_Reward/motion_body_lin_vel: 0.0280
     Episode_Reward/motion_body_ang_vel: 0.0266
          Episode_Reward/action_rate_l2: -0.0027
             Episode_Reward/joint_limit: -0.0002
         Episode_Reward/self_collisions: -0.0006
Episode_Reward/action_target_reference_l2: -0.0167
Episode_Reward/action_target_soft_limit_barrier: -0.0037
                   Episode_Reward/alive: 3.5669
 Episode_Reward/non_timeout_termination: -0.7108
Episode_Reward/worst_ee_z_normalized_squared: -0.0538
Episode_Reward/right_wrist_prethreshold_barrier: -0.0026
 Episode_Reward/requested_effort_excess: -0.0000
Episode_Reward/root_world_tracking_error: -0.0115
Episode_Reward/measured_joint_posture_l2: -0.0480
Episode_Reward/measured_feet_world_position_l2: -0.0239
Episode_Reward/original_task_position_l2: -0.0216
Episode_Reward/original_task_orientation_l2: -0.0133
        Metrics/motion/error_anchor_pos: 0.2575
        Metrics/motion/error_anchor_rot: 0.1320
    Metrics/motion/error_anchor_lin_vel: 0.3974
    Metrics/motion/error_anchor_ang_vel: 0.9684
          Metrics/motion/error_body_pos: 0.2621
          Metrics/motion/error_body_rot: 0.2602
         Metrics/motion/error_joint_pos: 0.8968
         Metrics/motion/error_joint_vel: 4.8076
        Metrics/motion/sampling_entropy: 0.0000
      Metrics/motion/sampling_top1_prob: 0.0000
       Metrics/motion/sampling_top1_bin: 0.0000
      Metrics/motion/error_body_lin_vel: 0.4419
      Metrics/motion/error_body_ang_vel: 1.3581
           Episode_Termination/time_out: 0.0000
         Episode_Termination/anchor_pos: 0.0000
         Episode_Termination/anchor_ori: 0.0000
        Episode_Termination/ee_body_pos: 0.1429
Episode_Termination/corpus_clip_time_out: 0.1429
Episode_Termination/invalid_native_model_actuation: 0.0000
Episode_Termination/world_root_tracking_failure: 0.8571
 Episode_Reward/world_potential_shaping: 0.0457
--------------------------------------------------------------------------------
                         Iteration time: 2.49s
                           Time elapsed: 00:10:11
                                    ETA: 00:12:21

################################################################################
[1m                           Learning iteration 226/500                           [0m 

                               Run name: original_core_920ms_fresh
                            Total steps: 464896 
                       Steps per second: 786 
                        Collection time: 2.414s 
                          Learning time: 0.190s 
                        Mean value loss: 467.3424
                    Mean surrogate loss: -0.0154
                      Mean entropy loss: -20.3233
                            Mean reward: 682.69
                    Mean episode length: 306.51
                        Mean action std: 0.10
--------------------------------------------------------------------------------
                         Iteration time: 2.60s
                           Time elapsed: 00:10:13
                                    ETA: 00:12:18

################################################################################
[1m                           Learning iteration 227/500                           [0m 

                               Run name: original_core_920ms_fresh
                            Total steps: 466944 
                       Steps per second: 734 
                        Collection time: 2.610s 
                          Learning time: 0.178s 
                        Mean value loss: 437.2324
                    Mean surrogate loss: -0.0118
                      Mean entropy loss: -20.3233
                            Mean reward: 664.91
                    Mean episode length: 299.49
                        Mean action std: 0.10
--------------------------------------------------------------------------------
                         Iteration time: 2.79s
                           Time elapsed: 00:10:16
                                    ETA: 00:12:15

################################################################################
[1m                           Learning iteration 228/500                           [0m 

                               Run name: original_core_920ms_fresh
                            Total steps: 468992 
                       Steps per second: 778 
                        Collection time: 2.438s 
                          Learning time: 0.192s 
                        Mean value loss: 448.8688
                    Mean surrogate loss: -0.0075
                      Mean entropy loss: -20.3233
                            Mean reward: 642.84
                    Mean episode length: 290.66
                        Mean action std: 0.10
--------------------------------------------------------------------------------
                         Iteration time: 2.63s
                           Time elapsed: 00:10:19
                                    ETA: 00:12:12

################################################################################
[1m                           Learning iteration 229/500                           [0m 

                               Run name: original_core_920ms_fresh
                            Total steps: 471040 
                       Steps per second: 849 
                        Collection time: 2.231s 
                          Learning time: 0.181s 
                        Mean value loss: 490.3941
                    Mean surrogate loss: -0.0088
                      Mean entropy loss: -20.3233
                            Mean reward: 631.67
                    Mean episode length: 286.61
                        Mean action std: 0.10
--------------------------------------------------------------------------------
                         Iteration time: 2.41s
                           Time elapsed: 00:10:21
                                    ETA: 00:12:09

################################################################################
[1m                           Learning iteration 230/500                           [0m 

                               Run name: original_core_920ms_fresh
                            Total steps: 473088 
                       Steps per second: 839 
                        Collection time: 2.266s 
                          Learning time: 0.174s 
                        Mean value loss: 681.1534
                    Mean surrogate loss: -0.0161
                      Mean entropy loss: -20.3233
                            Mean reward: 610.96
                    Mean episode length: 278.39
                        Mean action std: 0.10
--------------------------------------------------------------------------------
                         Iteration time: 2.44s
                           Time elapsed: 00:10:24
                                    ETA: 00:12:06

################################################################################
[1m                           Learning iteration 231/500                           [0m 

                               Run name: original_core_920ms_fresh
                            Total steps: 475136 
                       Steps per second: 842 
                        Collection time: 2.247s 
                          Learning time: 0.183s 
                        Mean value loss: 746.7370
                    Mean surrogate loss: -0.0109
                      Mean entropy loss: -20.3233
                            Mean reward: 624.85
                    Mean episode length: 283.99
                        Mean action std: 0.10
--------------------------------------------------------------------------------
                         Iteration time: 2.43s
                           Time elapsed: 00:10:26
                                    ETA: 00:12:03

################################################################################
[1m                           Learning iteration 232/500                           [0m 

                               Run name: original_core_920ms_fresh
                            Total steps: 477184 
                       Steps per second: 375 
                        Collection time: 5.275s 
                          Learning time: 0.178s 
                        Mean value loss: 359.0554
                    Mean surrogate loss: -0.0111
                      Mean entropy loss: -20.3233
                            Mean reward: 585.00
                    Mean episode length: 270.37
                        Mean action std: 0.10
  Episode_Reward/motion_global_root_pos: 0.0233
  Episode_Reward/motion_global_root_ori: 0.0252
         Episode_Reward/motion_body_pos: 0.0462
         Episode_Reward/motion_body_ori: 0.0422
     Episode_Reward/motion_body_lin_vel: 0.0494
     Episode_Reward/motion_body_ang_vel: 0.0447
          Episode_Reward/action_rate_l2: -0.0055
             Episode_Reward/joint_limit: -0.0001
         Episode_Reward/self_collisions: -0.0104
Episode_Reward/action_target_reference_l2: -0.0332
Episode_Reward/action_target_soft_limit_barrier: -0.0052
                   Episode_Reward/alive: 6.4663
 Episode_Reward/non_timeout_termination: -0.7655
Episode_Reward/worst_ee_z_normalized_squared: -0.1233
Episode_Reward/right_wrist_prethreshold_barrier: -0.0099
 Episode_Reward/requested_effort_excess: -0.0000
Episode_Reward/root_world_tracking_error: -0.0177
Episode_Reward/measured_joint_posture_l2: -0.0664
Episode_Reward/measured_feet_world_position_l2: -0.0453
Episode_Reward/original_task_position_l2: -0.0371
Episode_Reward/original_task_orientation_l2: -0.0278
        Metrics/motion/error_anchor_pos: 0.2924
        Metrics/motion/error_anchor_rot: 0.1033
    Metrics/motion/error_anchor_lin_vel: 0.5203
    Metrics/motion/error_anchor_ang_vel: 1.1054
          Metrics/motion/error_body_pos: 0.2960
          Metrics/motion/error_body_rot: 0.3031
         Metrics/motion/error_joint_pos: 1.2257
         Metrics/motion/error_joint_vel: 7.4439
        Metrics/motion/sampling_entropy: 0.0000
      Metrics/motion/sampling_top1_prob: 0.0000
       Metrics/motion/sampling_top1_bin: 0.0000
      Metrics/motion/error_body_lin_vel: 0.6141
      Metrics/motion/error_body_ang_vel: 1.9540
           Episode_Termination/time_out: 0.0000
         Episode_Termination/anchor_pos: 0.0000
         Episode_Termination/anchor_ori: 0.0000
        Episode_Termination/ee_body_pos: 0.0000
Episode_Termination/corpus_clip_time_out: 0.0000
Episode_Termination/invalid_native_model_actuation: 0.0000
Episode_Termination/world_root_tracking_failure: 1.0000
 Episode_Reward/world_potential_shaping: 0.0753
--------------------------------------------------------------------------------
                         Iteration time: 5.45s
                           Time elapsed: 00:10:32
                                    ETA: 00:12:04

################################################################################
[1m                           Learning iteration 233/500                           [0m 

                               Run name: original_core_920ms_fresh
                            Total steps: 479232 
                       Steps per second: 826 
                        Collection time: 2.275s 
                          Learning time: 0.202s 
                        Mean value loss: 732.4140
                    Mean surrogate loss: -0.0098
                      Mean entropy loss: -20.3233
                            Mean reward: 577.72
                    Mean episode length: 267.93
                        Mean action std: 0.10
--------------------------------------------------------------------------------
                         Iteration time: 2.48s
                           Time elapsed: 00:10:34
                                    ETA: 00:12:01

################################################################################
[1m                           Learning iteration 234/500                           [0m 

                               Run name: original_core_920ms_fresh
                            Total steps: 481280 
                       Steps per second: 841 
                        Collection time: 2.255s 
                          Learning time: 0.179s 
                        Mean value loss: 421.2660
                    Mean surrogate loss: -0.0158
                      Mean entropy loss: -20.3233
                            Mean reward: 603.99
                    Mean episode length: 277.53
                        Mean action std: 0.10
  Episode_Reward/motion_global_root_pos: 0.0164
  Episode_Reward/motion_global_root_ori: 0.0182
         Episode_Reward/motion_body_pos: 0.0324
         Episode_Reward/motion_body_ori: 0.0315
     Episode_Reward/motion_body_lin_vel: 0.0367
     Episode_Reward/motion_body_ang_vel: 0.0349
          Episode_Reward/action_rate_l2: -0.0034
             Episode_Reward/joint_limit: -0.0001
         Episode_Reward/self_collisions: 0.0000
Episode_Reward/action_target_reference_l2: -0.0214
Episode_Reward/action_target_soft_limit_barrier: -0.0031
                   Episode_Reward/alive: 4.5718
 Episode_Reward/non_timeout_termination: -0.6379
Episode_Reward/worst_ee_z_normalized_squared: -0.0777
Episode_Reward/right_wrist_prethreshold_barrier: -0.0017
 Episode_Reward/requested_effort_excess: 0.0000
Episode_Reward/root_world_tracking_error: -0.0116
Episode_Reward/measured_joint_posture_l2: -0.0630
Episode_Reward/measured_feet_world_position_l2: -0.0321
Episode_Reward/original_task_position_l2: -0.0246
Episode_Reward/original_task_orientation_l2: -0.0157
        Metrics/motion/error_anchor_pos: 0.2531
        Metrics/motion/error_anchor_rot: 0.1791
    Metrics/motion/error_anchor_lin_vel: 0.3761
    Metrics/motion/error_anchor_ang_vel: 0.7036
          Metrics/motion/error_body_pos: 0.2657
          Metrics/motion/error_body_rot: 0.2722
         Metrics/motion/error_joint_pos: 0.8369
         Metrics/motion/error_joint_vel: 4.6746
        Metrics/motion/sampling_entropy: 0.0000
      Metrics/motion/sampling_top1_prob: 0.0000
       Metrics/motion/sampling_top1_bin: 0.0000
      Metrics/motion/error_body_lin_vel: 0.4055
      Metrics/motion/error_body_ang_vel: 1.2925
           Episode_Termination/time_out: 0.0000
         Episode_Termination/anchor_pos: 0.0000
         Episode_Termination/anchor_ori: 0.0000
        Episode_Termination/ee_body_pos: 0.0000
Episode_Termination/corpus_clip_time_out: 0.1667
Episode_Termination/invalid_native_model_actuation: 0.0000
Episode_Termination/world_root_tracking_failure: 0.8333
 Episode_Reward/world_potential_shaping: 0.0562
--------------------------------------------------------------------------------
                         Iteration time: 2.43s
                           Time elapsed: 00:10:36
                                    ETA: 00:11:58

################################################################################
[1m                           Learning iteration 235/500                           [0m 

                               Run name: original_core_920ms_fresh
                            Total steps: 483328 
                       Steps per second: 816 
                        Collection time: 2.303s 
                          Learning time: 0.205s 
                        Mean value loss: 718.7968
                    Mean surrogate loss: -0.0069
                      Mean entropy loss: -20.3233
                            Mean reward: 591.83
                    Mean episode length: 272.71
                        Mean action std: 0.10
--------------------------------------------------------------------------------
                         Iteration time: 2.51s
                           Time elapsed: 00:10:39
                                    ETA: 00:11:55

################################################################################
[1m                           Learning iteration 236/500                           [0m 

                               Run name: original_core_920ms_fresh
                            Total steps: 485376 
                       Steps per second: 674 
                        Collection time: 2.833s 
                          Learning time: 0.202s 
                        Mean value loss: 512.5900
                    Mean surrogate loss: -0.0097
                      Mean entropy loss: -20.3233
                            Mean reward: 599.14
                    Mean episode length: 275.40
                        Mean action std: 0.10
--------------------------------------------------------------------------------
                         Iteration time: 3.04s
                           Time elapsed: 00:10:42
                                    ETA: 00:11:52

################################################################################
[1m                           Learning iteration 237/500                           [0m 

                               Run name: original_core_920ms_fresh
                            Total steps: 487424 
                       Steps per second: 680 
                        Collection time: 2.801s 
                          Learning time: 0.210s 
                        Mean value loss: 596.7576
                    Mean surrogate loss: -0.0078
                      Mean entropy loss: -20.3233
                            Mean reward: 582.74
                    Mean episode length: 268.39
                        Mean action std: 0.10
  Episode_Reward/motion_global_root_pos: 0.0122
  Episode_Reward/motion_global_root_ori: 0.0144
         Episode_Reward/motion_body_pos: 0.0245
         Episode_Reward/motion_body_ori: 0.0240
     Episode_Reward/motion_body_lin_vel: 0.0289
     Episode_Reward/motion_body_ang_vel: 0.0271
          Episode_Reward/action_rate_l2: -0.0028
             Episode_Reward/joint_limit: -0.0001
         Episode_Reward/self_collisions: -0.0011
Episode_Reward/action_target_reference_l2: -0.0176
Episode_Reward/action_target_soft_limit_barrier: -0.0038
                   Episode_Reward/alive: 3.6862
 Episode_Reward/non_timeout_termination: -0.7371
Episode_Reward/worst_ee_z_normalized_squared: -0.0606
Episode_Reward/right_wrist_prethreshold_barrier: -0.0001
 Episode_Reward/requested_effort_excess: -0.0000
Episode_Reward/root_world_tracking_error: -0.0132
Episode_Reward/measured_joint_posture_l2: -0.0510
Episode_Reward/measured_feet_world_position_l2: -0.0264
Episode_Reward/original_task_position_l2: -0.0216
Episode_Reward/original_task_orientation_l2: -0.0147
        Metrics/motion/error_anchor_pos: 0.2748
        Metrics/motion/error_anchor_rot: 0.1401
    Metrics/motion/error_anchor_lin_vel: 0.6038
    Metrics/motion/error_anchor_ang_vel: 0.7622
          Metrics/motion/error_body_pos: 0.2847
          Metrics/motion/error_body_rot: 0.2716
         Metrics/motion/error_joint_pos: 1.0795
         Metrics/motion/error_joint_vel: 6.2651
        Metrics/motion/sampling_entropy: 0.0000
      Metrics/motion/sampling_top1_prob: 0.0000
       Metrics/motion/sampling_top1_bin: 0.0000
      Metrics/motion/error_body_lin_vel: 0.6519
      Metrics/motion/error_body_ang_vel: 1.7898
           Episode_Termination/time_out: 0.0000
         Episode_Termination/anchor_pos: 0.0000
         Episode_Termination/anchor_ori: 0.0000
        Episode_Termination/ee_body_pos: 0.0000
Episode_Termination/corpus_clip_time_out: 0.1111
Episode_Termination/invalid_native_model_actuation: 0.0000
Episode_Termination/world_root_tracking_failure: 1.2222
 Episode_Reward/world_potential_shaping: 0.0497
--------------------------------------------------------------------------------
                         Iteration time: 3.01s
                           Time elapsed: 00:10:45
                                    ETA: 00:11:50

################################################################################
[1m                           Learning iteration 238/500                           [0m 

                               Run name: original_core_920ms_fresh
                            Total steps: 489472 
                       Steps per second: 750 
                        Collection time: 2.523s 
                          Learning time: 0.208s 
                        Mean value loss: 443.8685
                    Mean surrogate loss: -0.0057
                      Mean entropy loss: -20.3233
                            Mean reward: 546.70
                    Mean episode length: 254.33
                        Mean action std: 0.10
  Episode_Reward/motion_global_root_pos: 0.0084
  Episode_Reward/motion_global_root_ori: 0.0100
         Episode_Reward/motion_body_pos: 0.0168
         Episode_Reward/motion_body_ori: 0.0171
     Episode_Reward/motion_body_lin_vel: 0.0192
     Episode_Reward/motion_body_ang_vel: 0.0175
          Episode_Reward/action_rate_l2: -0.0022
             Episode_Reward/joint_limit: -0.0001
         Episode_Reward/self_collisions: -0.0066
Episode_Reward/action_target_reference_l2: -0.0136
Episode_Reward/action_target_soft_limit_barrier: -0.0025
                   Episode_Reward/alive: 2.5418
 Episode_Reward/non_timeout_termination: -0.7655
Episode_Reward/worst_ee_z_normalized_squared: -0.0343
Episode_Reward/right_wrist_prethreshold_barrier: -0.0006
 Episode_Reward/requested_effort_excess: -0.0000
Episode_Reward/root_world_tracking_error: -0.0095
Episode_Reward/measured_joint_posture_l2: -0.0259
Episode_Reward/measured_feet_world_position_l2: -0.0188
Episode_Reward/original_task_position_l2: -0.0158
Episode_Reward/original_task_orientation_l2: -0.0106
        Metrics/motion/error_anchor_pos: 0.2910
        Metrics/motion/error_anchor_rot: 0.1368
    Metrics/motion/error_anchor_lin_vel: 0.4897
    Metrics/motion/error_anchor_ang_vel: 1.2576
          Metrics/motion/error_body_pos: 0.3030
          Metrics/motion/error_body_rot: 0.2507
         Metrics/motion/error_joint_pos: 0.8929
         Metrics/motion/error_joint_vel: 5.5889
        Metrics/motion/sampling_entropy: 0.0000
      Metrics/motion/sampling_top1_prob: 0.0000
       Metrics/motion/sampling_top1_bin: 0.0000
      Metrics/motion/error_body_lin_vel: 0.5564
      Metrics/motion/error_body_ang_vel: 1.6873
           Episode_Termination/time_out: 0.0000
         Episode_Termination/anchor_pos: 0.0000
         Episode_Termination/anchor_ori: 0.0000
        Episode_Termination/ee_body_pos: 0.0000
Episode_Termination/corpus_clip_time_out: 0.0000
Episode_Termination/invalid_native_model_actuation: 0.0000
Episode_Termination/world_root_tracking_failure: 1.0000
 Episode_Reward/world_potential_shaping: 0.0414
--------------------------------------------------------------------------------
                         Iteration time: 2.73s
                           Time elapsed: 00:10:48
                                    ETA: 00:11:47

################################################################################
[1m                           Learning iteration 239/500                           [0m 

                               Run name: original_core_920ms_fresh
                            Total steps: 491520 
                       Steps per second: 759 
                        Collection time: 2.483s 
                          Learning time: 0.214s 
                        Mean value loss: 411.3241
                    Mean surrogate loss: -0.0096
                      Mean entropy loss: -20.3233
                            Mean reward: 542.09
                    Mean episode length: 252.92
                        Mean action std: 0.10
--------------------------------------------------------------------------------
                         Iteration time: 2.70s
                           Time elapsed: 00:10:50
                                    ETA: 00:11:45

################################################################################
[1m                           Learning iteration 240/500                           [0m 

                               Run name: original_core_920ms_fresh
                            Total steps: 493568 
                       Steps per second: 704 
                        Collection time: 2.696s 
                          Learning time: 0.211s 
                        Mean value loss: 1134.4211
                    Mean surrogate loss: -0.0078
                      Mean entropy loss: -20.3233
                            Mean reward: 597.43
                    Mean episode length: 274.13
                        Mean action std: 0.10
--------------------------------------------------------------------------------
                         Iteration time: 2.91s
                           Time elapsed: 00:10:53
                                    ETA: 00:11:42

################################################################################
[1m                           Learning iteration 241/500                           [0m 

                               Run name: original_core_920ms_fresh
                            Total steps: 495616 
                       Steps per second: 750 
                        Collection time: 2.537s 
                          Learning time: 0.190s 
                        Mean value loss: 716.1798
                    Mean surrogate loss: -0.0045
                      Mean entropy loss: -20.3233
                            Mean reward: 618.40
                    Mean episode length: 282.41
                        Mean action std: 0.10
--------------------------------------------------------------------------------
                         Iteration time: 2.73s
                           Time elapsed: 00:10:56
                                    ETA: 00:11:39

################################################################################
[1m                           Learning iteration 242/500                           [0m 

                               Run name: original_core_920ms_fresh
                            Total steps: 497664 
                       Steps per second: 744 
                        Collection time: 2.557s 
                          Learning time: 0.193s 
                        Mean value loss: 1004.2860
                    Mean surrogate loss: -0.0136
                      Mean entropy loss: -20.3233
                            Mean reward: 593.24
                    Mean episode length: 270.66
                        Mean action std: 0.10
--------------------------------------------------------------------------------
                         Iteration time: 2.75s
                           Time elapsed: 00:10:59
                                    ETA: 00:11:37

################################################################################
[1m                           Learning iteration 243/500                           [0m 

                               Run name: original_core_920ms_fresh
                            Total steps: 499712 
                       Steps per second: 841 
                        Collection time: 2.241s 
                          Learning time: 0.192s 
                        Mean value loss: 757.3499
                    Mean surrogate loss: -0.0147
                      Mean entropy loss: -20.3233
                            Mean reward: 536.84
                    Mean episode length: 248.81
                        Mean action std: 0.10
--------------------------------------------------------------------------------
                         Iteration time: 2.43s
                           Time elapsed: 00:11:01
                                    ETA: 00:11:34

################################################################################
[1m                           Learning iteration 244/500                           [0m 

                               Run name: original_core_920ms_fresh
                            Total steps: 501760 
                       Steps per second: 381 
                        Collection time: 5.211s 
                          Learning time: 0.163s 
                        Mean value loss: 757.1608
                    Mean surrogate loss: -0.0121
                      Mean entropy loss: -20.3233
                            Mean reward: 557.79
                    Mean episode length: 254.94
                        Mean action std: 0.10
--------------------------------------------------------------------------------
                         Iteration time: 5.37s
                           Time elapsed: 00:11:07
                                    ETA: 00:11:34

################################################################################
[1m                           Learning iteration 245/500                           [0m 

                               Run name: original_core_920ms_fresh
                            Total steps: 503808 
                       Steps per second: 857 
                        Collection time: 2.205s 
                          Learning time: 0.185s 
                        Mean value loss: 880.8271
                    Mean surrogate loss: -0.0139
                      Mean entropy loss: -20.3233
                            Mean reward: 523.27
                    Mean episode length: 242.62
                        Mean action std: 0.10
  Episode_Reward/motion_global_root_pos: 0.0116
  Episode_Reward/motion_global_root_ori: 0.0136
         Episode_Reward/motion_body_pos: 0.0233
         Episode_Reward/motion_body_ori: 0.0227
     Episode_Reward/motion_body_lin_vel: 0.0263
     Episode_Reward/motion_body_ang_vel: 0.0241
          Episode_Reward/action_rate_l2: -0.0029
             Episode_Reward/joint_limit: -0.0005
         Episode_Reward/self_collisions: -0.0040
Episode_Reward/action_target_reference_l2: -0.0185
Episode_Reward/action_target_soft_limit_barrier: -0.0032
                   Episode_Reward/alive: 3.4215
 Episode_Reward/non_timeout_termination: -0.7655
Episode_Reward/worst_ee_z_normalized_squared: -0.0714
Episode_Reward/right_wrist_prethreshold_barrier: -0.0054
 Episode_Reward/requested_effort_excess: -0.0000
Episode_Reward/root_world_tracking_error: -0.0110
Episode_Reward/measured_joint_posture_l2: -0.0360
Episode_Reward/measured_feet_world_position_l2: -0.0254
Episode_Reward/original_task_position_l2: -0.0222
Episode_Reward/original_task_orientation_l2: -0.0139
        Metrics/motion/error_anchor_pos: 0.2652
        Metrics/motion/error_anchor_rot: 0.1588
    Metrics/motion/error_anchor_lin_vel: 0.4527
    Metrics/motion/error_anchor_ang_vel: 1.2310
          Metrics/motion/error_body_pos: 0.2690
          Metrics/motion/error_body_rot: 0.3257
         Metrics/motion/error_joint_pos: 1.1881
         Metrics/motion/error_joint_vel: 6.5431
        Metrics/motion/sampling_entropy: 0.0000
      Metrics/motion/sampling_top1_prob: 0.0000
       Metrics/motion/sampling_top1_bin: 0.0000
      Metrics/motion/error_body_lin_vel: 0.5462
      Metrics/motion/error_body_ang_vel: 2.0315
           Episode_Termination/time_out: 0.0000
         Episode_Termination/anchor_pos: 0.0000
         Episode_Termination/anchor_ori: 0.0000
        Episode_Termination/ee_body_pos: 0.2222
Episode_Termination/corpus_clip_time_out: 0.0000
Episode_Termination/invalid_native_model_actuation: 0.0000
Episode_Termination/world_root_tracking_failure: 1.1111
 Episode_Reward/world_potential_shaping: 0.0488
--------------------------------------------------------------------------------
                         Iteration time: 2.39s
                           Time elapsed: 00:11:09
                                    ETA: 00:11:31

################################################################################
[1m                           Learning iteration 246/500                           [0m 

                               Run name: original_core_920ms_fresh
                            Total steps: 505856 
                       Steps per second: 858 
                        Collection time: 2.197s 
                          Learning time: 0.189s 
                        Mean value loss: 360.4402
                    Mean surrogate loss: -0.0150
                      Mean entropy loss: -20.3233
                            Mean reward: 472.14
                    Mean episode length: 222.55
                        Mean action std: 0.10
  Episode_Reward/motion_global_root_pos: 0.0061
  Episode_Reward/motion_global_root_ori: 0.0073
         Episode_Reward/motion_body_pos: 0.0121
         Episode_Reward/motion_body_ori: 0.0120
     Episode_Reward/motion_body_lin_vel: 0.0143
     Episode_Reward/motion_body_ang_vel: 0.0135
          Episode_Reward/action_rate_l2: -0.0015
             Episode_Reward/joint_limit: 0.0000
         Episode_Reward/self_collisions: -0.0007
Episode_Reward/action_target_reference_l2: -0.0095
Episode_Reward/action_target_soft_limit_barrier: -0.0025
                   Episode_Reward/alive: 1.8681
 Episode_Reward/non_timeout_termination: -0.7655
Episode_Reward/worst_ee_z_normalized_squared: -0.0306
Episode_Reward/right_wrist_prethreshold_barrier: 0.0000
 Episode_Reward/requested_effort_excess: -0.0000
Episode_Reward/root_world_tracking_error: -0.0073
Episode_Reward/measured_joint_posture_l2: -0.0316
Episode_Reward/measured_feet_world_position_l2: -0.0134
Episode_Reward/original_task_position_l2: -0.0117
Episode_Reward/original_task_orientation_l2: -0.0073
        Metrics/motion/error_anchor_pos: 0.2917
        Metrics/motion/error_anchor_rot: 0.1536
    Metrics/motion/error_anchor_lin_vel: 0.5124
    Metrics/motion/error_anchor_ang_vel: 1.1002
          Metrics/motion/error_body_pos: 0.2956
          Metrics/motion/error_body_rot: 0.2635
         Metrics/motion/error_joint_pos: 0.9351
         Metrics/motion/error_joint_vel: 5.5555
        Metrics/motion/sampling_entropy: 0.0000
      Metrics/motion/sampling_top1_prob: 0.0000
       Metrics/motion/sampling_top1_bin: 0.0000
      Metrics/motion/error_body_lin_vel: 0.5552
      Metrics/motion/error_body_ang_vel: 1.5624
           Episode_Termination/time_out: 0.0000
         Episode_Termination/anchor_pos: 0.0000
         Episode_Termination/anchor_ori: 0.0000
        Episode_Termination/ee_body_pos: 0.0000
Episode_Termination/corpus_clip_time_out: 0.0000
Episode_Termination/invalid_native_model_actuation: 0.0000
Episode_Termination/world_root_tracking_failure: 1.3333
 Episode_Reward/world_potential_shaping: 0.0326
--------------------------------------------------------------------------------
                         Iteration time: 2.39s
                           Time elapsed: 00:11:11
                                    ETA: 00:11:28

################################################################################
[1m                           Learning iteration 247/500                           [0m 

                               Run name: original_core_920ms_fresh
                            Total steps: 507904 
                       Steps per second: 832 
                        Collection time: 2.287s 
                          Learning time: 0.173s 
                        Mean value loss: 612.9848
                    Mean surrogate loss: -0.0116
                      Mean entropy loss: -20.3233
                            Mean reward: 464.48
                    Mean episode length: 220.95
                        Mean action std: 0.10
--------------------------------------------------------------------------------
                         Iteration time: 2.46s
                           Time elapsed: 00:11:14
                                    ETA: 00:11:25

################################################################################
[1m                           Learning iteration 248/500                           [0m 

                               Run name: original_core_920ms_fresh
                            Total steps: 509952 
                       Steps per second: 872 
                        Collection time: 2.180s 
                          Learning time: 0.166s 
                        Mean value loss: 645.4801
                    Mean surrogate loss: -0.0125
                      Mean entropy loss: -20.3232
                            Mean reward: 487.45
                    Mean episode length: 229.13
                        Mean action std: 0.10
  Episode_Reward/motion_global_root_pos: 0.0133
  Episode_Reward/motion_global_root_ori: 0.0149
         Episode_Reward/motion_body_pos: 0.0266
         Episode_Reward/motion_body_ori: 0.0251
     Episode_Reward/motion_body_lin_vel: 0.0302
     Episode_Reward/motion_body_ang_vel: 0.0287
          Episode_Reward/action_rate_l2: -0.0028
             Episode_Reward/joint_limit: -0.0001
         Episode_Reward/self_collisions: -0.0021
Episode_Reward/action_target_reference_l2: -0.0181
Episode_Reward/action_target_soft_limit_barrier: -0.0042
                   Episode_Reward/alive: 3.7852
 Episode_Reward/non_timeout_termination: -0.7176
Episode_Reward/worst_ee_z_normalized_squared: -0.0673
Episode_Reward/right_wrist_prethreshold_barrier: -0.0004
 Episode_Reward/requested_effort_excess: -0.0000
Episode_Reward/root_world_tracking_error: -0.0102
Episode_Reward/measured_joint_posture_l2: -0.0570
Episode_Reward/measured_feet_world_position_l2: -0.0267
Episode_Reward/original_task_position_l2: -0.0220
Episode_Reward/original_task_orientation_l2: -0.0152
        Metrics/motion/error_anchor_pos: 0.2765
        Metrics/motion/error_anchor_rot: 0.1405
    Metrics/motion/error_anchor_lin_vel: 0.5019
    Metrics/motion/error_anchor_ang_vel: 0.9751
          Metrics/motion/error_body_pos: 0.2854
          Metrics/motion/error_body_rot: 0.2500
         Metrics/motion/error_joint_pos: 0.9329
         Metrics/motion/error_joint_vel: 6.1785
        Metrics/motion/sampling_entropy: 0.0000
      Metrics/motion/sampling_top1_prob: 0.0000
       Metrics/motion/sampling_top1_bin: 0.0000
      Metrics/motion/error_body_lin_vel: 0.5613
      Metrics/motion/error_body_ang_vel: 1.8775
           Episode_Termination/time_out: 0.0000
         Episode_Termination/anchor_pos: 0.0000
         Episode_Termination/anchor_ori: 0.0000
        Episode_Termination/ee_body_pos: 0.0000
Episode_Termination/corpus_clip_time_out: 0.1250
Episode_Termination/invalid_native_model_actuation: 0.0000
Episode_Termination/world_root_tracking_failure: 1.1250
 Episode_Reward/world_potential_shaping: 0.0474
--------------------------------------------------------------------------------
                         Iteration time: 2.35s
                           Time elapsed: 00:11:16
                                    ETA: 00:11:22

################################################################################
[1m                           Learning iteration 249/500                           [0m 

                               Run name: original_core_920ms_fresh
                            Total steps: 512000 
                       Steps per second: 850 
                        Collection time: 2.245s 
                          Learning time: 0.164s 
                        Mean value loss: 390.7363
                    Mean surrogate loss: -0.0145
                      Mean entropy loss: -20.3232
                            Mean reward: 503.60
                    Mean episode length: 235.24
                        Mean action std: 0.10
--------------------------------------------------------------------------------
                         Iteration time: 2.41s
                           Time elapsed: 00:11:19
                                    ETA: 00:11:19

################################################################################
[1m                           Learning iteration 250/500                           [0m 

                               Run name: original_core_920ms_fresh
                            Total steps: 514048 
                       Steps per second: 836 
                        Collection time: 2.287s 
                          Learning time: 0.161s 
                        Mean value loss: 417.0171
                    Mean surrogate loss: -0.0079
                      Mean entropy loss: -20.3232
                            Mean reward: 511.26
                    Mean episode length: 238.88
                        Mean action std: 0.10
--------------------------------------------------------------------------------
                         Iteration time: 2.45s
                           Time elapsed: 00:11:21
                                    ETA: 00:11:16

################################################################################
[1m                           Learning iteration 251/500                           [0m 

                               Run name: original_core_920ms_fresh
                            Total steps: 516096 
                       Steps per second: 903 
                        Collection time: 2.097s 
                          Learning time: 0.170s 
                        Mean value loss: 438.2005
                    Mean surrogate loss: -0.0087
                      Mean entropy loss: -20.3232
                            Mean reward: 485.11
                    Mean episode length: 228.72
                        Mean action std: 0.10
--------------------------------------------------------------------------------
                         Iteration time: 2.27s
                           Time elapsed: 00:11:23
                                    ETA: 00:11:12

################################################################################
[1m                           Learning iteration 252/500                           [0m 

                               Run name: original_core_920ms_fresh
                            Total steps: 518144 
                       Steps per second: 896 
                        Collection time: 2.077s 
                          Learning time: 0.208s 
                        Mean value loss: 419.5534
                    Mean surrogate loss: -0.0159
                      Mean entropy loss: -20.3232
                            Mean reward: 470.92
                    Mean episode length: 222.54
                        Mean action std: 0.10
  Episode_Reward/motion_global_root_pos: 0.0076
  Episode_Reward/motion_global_root_ori: 0.0084
         Episode_Reward/motion_body_pos: 0.0153
         Episode_Reward/motion_body_ori: 0.0134
     Episode_Reward/motion_body_lin_vel: 0.0165
     Episode_Reward/motion_body_ang_vel: 0.0156
          Episode_Reward/action_rate_l2: -0.0017
             Episode_Reward/joint_limit: -0.0002
         Episode_Reward/self_collisions: -0.0023
Episode_Reward/action_target_reference_l2: -0.0110
Episode_Reward/action_target_soft_limit_barrier: -0.0024
                   Episode_Reward/alive: 2.1072
 Episode_Reward/non_timeout_termination: -0.6698
Episode_Reward/worst_ee_z_normalized_squared: -0.0361
Episode_Reward/right_wrist_prethreshold_barrier: -0.0009
 Episode_Reward/requested_effort_excess: -0.0000
Episode_Reward/root_world_tracking_error: -0.0059
Episode_Reward/measured_joint_posture_l2: -0.0312
Episode_Reward/measured_feet_world_position_l2: -0.0140
Episode_Reward/original_task_position_l2: -0.0123
Episode_Reward/original_task_orientation_l2: -0.0084
        Metrics/motion/error_anchor_pos: 0.2522
        Metrics/motion/error_anchor_rot: 0.1943
    Metrics/motion/error_anchor_lin_vel: 0.5547
    Metrics/motion/error_anchor_ang_vel: 1.0597
          Metrics/motion/error_body_pos: 0.2528
          Metrics/motion/error_body_rot: 0.3368
         Metrics/motion/error_joint_pos: 1.1606
         Metrics/motion/error_joint_vel: 5.3610
        Metrics/motion/sampling_entropy: 0.0000
      Metrics/motion/sampling_top1_prob: 0.0000
       Metrics/motion/sampling_top1_bin: 0.0000
      Metrics/motion/error_body_lin_vel: 0.5804
      Metrics/motion/error_body_ang_vel: 1.7615
           Episode_Termination/time_out: 0.0000
         Episode_Termination/anchor_pos: 0.0000
         Episode_Termination/anchor_ori: 0.0000
        Episode_Termination/ee_body_pos: 0.2500
Episode_Termination/corpus_clip_time_out: 0.2500
Episode_Termination/invalid_native_model_actuation: 0.0000
Episode_Termination/world_root_tracking_failure: 1.0000
 Episode_Reward/world_potential_shaping: 0.0263
--------------------------------------------------------------------------------
                         Iteration time: 2.28s
                           Time elapsed: 00:11:26
                                    ETA: 00:11:09

################################################################################
[1m                           Learning iteration 253/500                           [0m 

                               Run name: original_core_920ms_fresh
                            Total steps: 520192 
                       Steps per second: 891 
                        Collection time: 2.129s 
                          Learning time: 0.169s 
                        Mean value loss: 730.7489
                    Mean surrogate loss: -0.0137
                      Mean entropy loss: -20.3232
                            Mean reward: 463.31
                    Mean episode length: 220.00
                        Mean action std: 0.10
  Episode_Reward/motion_global_root_pos: 0.0129
  Episode_Reward/motion_global_root_ori: 0.0143
         Episode_Reward/motion_body_pos: 0.0255
         Episode_Reward/motion_body_ori: 0.0236
     Episode_Reward/motion_body_lin_vel: 0.0279
     Episode_Reward/motion_body_ang_vel: 0.0263
          Episode_Reward/action_rate_l2: -0.0029
             Episode_Reward/joint_limit: -0.0002
         Episode_Reward/self_collisions: -0.0019
Episode_Reward/action_target_reference_l2: -0.0174
Episode_Reward/action_target_soft_limit_barrier: -0.0049
                   Episode_Reward/alive: 3.6296
 Episode_Reward/non_timeout_termination: -0.7655
Episode_Reward/worst_ee_z_normalized_squared: -0.0535
Episode_Reward/right_wrist_prethreshold_barrier: -0.0002
 Episode_Reward/requested_effort_excess: -0.0000
Episode_Reward/root_world_tracking_error: -0.0111
Episode_Reward/measured_joint_posture_l2: -0.0514
Episode_Reward/measured_feet_world_position_l2: -0.0250
Episode_Reward/original_task_position_l2: -0.0207
Episode_Reward/original_task_orientation_l2: -0.0132
        Metrics/motion/error_anchor_pos: 0.2870
        Metrics/motion/error_anchor_rot: 0.1501
    Metrics/motion/error_anchor_lin_vel: 0.4474
    Metrics/motion/error_anchor_ang_vel: 0.9566
          Metrics/motion/error_body_pos: 0.2960
          Metrics/motion/error_body_rot: 0.2382
         Metrics/motion/error_joint_pos: 0.7975
         Metrics/motion/error_joint_vel: 5.2878
        Metrics/motion/sampling_entropy: 0.0000
      Metrics/motion/sampling_top1_prob: 0.0000
       Metrics/motion/sampling_top1_bin: 0.0000
      Metrics/motion/error_body_lin_vel: 0.4830
      Metrics/motion/error_body_ang_vel: 1.4499
           Episode_Termination/time_out: 0.0000
         Episode_Termination/anchor_pos: 0.0000
         Episode_Termination/anchor_ori: 0.0000
        Episode_Termination/ee_body_pos: 0.0000
Episode_Termination/corpus_clip_time_out: 0.0000
Episode_Termination/invalid_native_model_actuation: 0.0000
Episode_Termination/world_root_tracking_failure: 1.1250
 Episode_Reward/world_potential_shaping: 0.0462
--------------------------------------------------------------------------------
                         Iteration time: 2.30s
                           Time elapsed: 00:11:28
                                    ETA: 00:11:06

################################################################################
[1m                           Learning iteration 254/500                           [0m 

                               Run name: original_core_920ms_fresh
                            Total steps: 522240 
                       Steps per second: 886 
                        Collection time: 2.143s 
                          Learning time: 0.167s 
                        Mean value loss: 731.7981
                    Mean surrogate loss: -0.0130
                      Mean entropy loss: -20.3232
                            Mean reward: 453.13
                    Mean episode length: 216.43
                        Mean action std: 0.10
  Episode_Reward/motion_global_root_pos: 0.0100
  Episode_Reward/motion_global_root_ori: 0.0125
         Episode_Reward/motion_body_pos: 0.0204
         Episode_Reward/motion_body_ori: 0.0218
     Episode_Reward/motion_body_lin_vel: 0.0246
     Episode_Reward/motion_body_ang_vel: 0.0230
          Episode_Reward/action_rate_l2: -0.0025
             Episode_Reward/joint_limit: -0.0000
         Episode_Reward/self_collisions: -0.0010
Episode_Reward/action_target_reference_l2: -0.0151
Episode_Reward/action_target_soft_limit_barrier: -0.0028
                   Episode_Reward/alive: 3.1218
 Episode_Reward/non_timeout_termination: -0.7655
Episode_Reward/worst_ee_z_normalized_squared: -0.0675
Episode_Reward/right_wrist_prethreshold_barrier: -0.0073
 Episode_Reward/requested_effort_excess: -0.0000
Episode_Reward/root_world_tracking_error: -0.0113
Episode_Reward/measured_joint_posture_l2: -0.0381
Episode_Reward/measured_feet_world_position_l2: -0.0233
Episode_Reward/original_task_position_l2: -0.0202
Episode_Reward/original_task_orientation_l2: -0.0120
        Metrics/motion/error_anchor_pos: 0.2622
        Metrics/motion/error_anchor_rot: 0.1615
    Metrics/motion/error_anchor_lin_vel: 0.5957
    Metrics/motion/error_anchor_ang_vel: 1.0977
          Metrics/motion/error_body_pos: 0.2657
          Metrics/motion/error_body_rot: 0.3117
         Metrics/motion/error_joint_pos: 1.2340
         Metrics/motion/error_joint_vel: 6.5382
        Metrics/motion/sampling_entropy: 0.0000
      Metrics/motion/sampling_top1_prob: 0.0000
       Metrics/motion/sampling_top1_bin: 0.0000
      Metrics/motion/error_body_lin_vel: 0.5727
      Metrics/motion/error_body_ang_vel: 1.7755
           Episode_Termination/time_out: 0.0000
         Episode_Termination/anchor_pos: 0.0000
         Episode_Termination/anchor_ori: 0.0000
        Episode_Termination/ee_body_pos: 0.1429
Episode_Termination/corpus_clip_time_out: 0.0000
Episode_Termination/invalid_native_model_actuation: 0.0000
Episode_Termination/world_root_tracking_failure: 1.0000
 Episode_Reward/world_potential_shaping: 0.0479
--------------------------------------------------------------------------------
                         Iteration time: 2.31s
                           Time elapsed: 00:11:30
                                    ETA: 00:11:03

################################################################################
[1m                           Learning iteration 255/500                           [0m 

                               Run name: original_core_920ms_fresh
                            Total steps: 524288 
                       Steps per second: 903 
                        Collection time: 2.104s 
                          Learning time: 0.162s 
                        Mean value loss: 334.0057
                    Mean surrogate loss: -0.0166
                      Mean entropy loss: -20.3232
                            Mean reward: 488.39
                    Mean episode length: 228.83
                        Mean action std: 0.10
--------------------------------------------------------------------------------
                         Iteration time: 2.27s
                           Time elapsed: 00:11:32
                                    ETA: 00:11:00

################################################################################
[1m                           Learning iteration 256/500                           [0m 

                               Run name: original_core_920ms_fresh
                            Total steps: 526336 
                       Steps per second: 384 
                        Collection time: 5.170s 
                          Learning time: 0.163s 
                        Mean value loss: 310.5287
                    Mean surrogate loss: -0.0126
                      Mean entropy loss: -20.3232
                            Mean reward: 514.69
                    Mean episode length: 239.56
                        Mean action std: 0.10
--------------------------------------------------------------------------------
                         Iteration time: 5.33s
                           Time elapsed: 00:11:38
                                    ETA: 00:11:00

################################################################################
[1m                           Learning iteration 257/500                           [0m 

                               Run name: original_core_920ms_fresh
                            Total steps: 528384 
                       Steps per second: 817 
                        Collection time: 2.339s 
                          Learning time: 0.165s 
                        Mean value loss: 806.6219
                    Mean surrogate loss: -0.0091
                      Mean entropy loss: -20.3232
                            Mean reward: 551.45
                    Mean episode length: 254.74
                        Mean action std: 0.10
--------------------------------------------------------------------------------
                         Iteration time: 2.50s
                           Time elapsed: 00:11:40
                                    ETA: 00:10:57

################################################################################
[1m                           Learning iteration 258/500                           [0m 

                               Run name: original_core_920ms_fresh
                            Total steps: 530432 
                       Steps per second: 855 
                        Collection time: 2.204s 
                          Learning time: 0.189s 
                        Mean value loss: 591.1474
                    Mean surrogate loss: -0.0084
                      Mean entropy loss: -20.3232
                            Mean reward: 578.67
                    Mean episode length: 263.92
                        Mean action std: 0.10
  Episode_Reward/motion_global_root_pos: 0.0190
  Episode_Reward/motion_global_root_ori: 0.0201
         Episode_Reward/motion_body_pos: 0.0381
         Episode_Reward/motion_body_ori: 0.0337
     Episode_Reward/motion_body_lin_vel: 0.0410
     Episode_Reward/motion_body_ang_vel: 0.0387
          Episode_Reward/action_rate_l2: -0.0039
             Episode_Reward/joint_limit: -0.0002
         Episode_Reward/self_collisions: -0.0061
Episode_Reward/action_target_reference_l2: -0.0267
Episode_Reward/action_target_soft_limit_barrier: -0.0038
                   Episode_Reward/alive: 5.1082
 Episode_Reward/non_timeout_termination: -0.5103
Episode_Reward/worst_ee_z_normalized_squared: -0.1067
Episode_Reward/right_wrist_prethreshold_barrier: -0.0031
 Episode_Reward/requested_effort_excess: -0.0000
Episode_Reward/root_world_tracking_error: -0.0107
Episode_Reward/measured_joint_posture_l2: -0.0742
Episode_Reward/measured_feet_world_position_l2: -0.0323
Episode_Reward/original_task_position_l2: -0.0274
Episode_Reward/original_task_orientation_l2: -0.0212
        Metrics/motion/error_anchor_pos: 0.2178
        Metrics/motion/error_anchor_rot: 0.1326
    Metrics/motion/error_anchor_lin_vel: 0.3728
    Metrics/motion/error_anchor_ang_vel: 0.5537
          Metrics/motion/error_body_pos: 0.2243
          Metrics/motion/error_body_rot: 0.2684
         Metrics/motion/error_joint_pos: 0.9885
         Metrics/motion/error_joint_vel: 4.6156
        Metrics/motion/sampling_entropy: 0.0000
      Metrics/motion/sampling_top1_prob: 0.0000
       Metrics/motion/sampling_top1_bin: 0.0000
      Metrics/motion/error_body_lin_vel: 0.3972
      Metrics/motion/error_body_ang_vel: 1.1365
           Episode_Termination/time_out: 0.0000
         Episode_Termination/anchor_pos: 0.0000
         Episode_Termination/anchor_ori: 0.0000
        Episode_Termination/ee_body_pos: 0.0000
Episode_Termination/corpus_clip_time_out: 0.3333
Episode_Termination/invalid_native_model_actuation: 0.0000
Episode_Termination/world_root_tracking_failure: 1.0000
 Episode_Reward/world_potential_shaping: 0.0496
--------------------------------------------------------------------------------
                         Iteration time: 2.39s
                           Time elapsed: 00:11:43
                                    ETA: 00:10:54

################################################################################
[1m                           Learning iteration 259/500                           [0m 

                               Run name: original_core_920ms_fresh
                            Total steps: 532480 
                       Steps per second: 895 
                        Collection time: 2.108s 
                          Learning time: 0.180s 
                        Mean value loss: 435.7441
                    Mean surrogate loss: -0.0151
                      Mean entropy loss: -20.3232
                            Mean reward: 579.49
                    Mean episode length: 264.11
                        Mean action std: 0.10
--------------------------------------------------------------------------------
                         Iteration time: 2.29s
                           Time elapsed: 00:11:45
                                    ETA: 00:10:51

################################################################################
[1m                           Learning iteration 260/500                           [0m 

                               Run name: original_core_920ms_fresh
                            Total steps: 534528 
                       Steps per second: 803 
                        Collection time: 2.382s 
                          Learning time: 0.167s 
                        Mean value loss: 664.8687
                    Mean surrogate loss: -0.0157
                      Mean entropy loss: -20.3232
                            Mean reward: 559.96
                    Mean episode length: 256.68
                        Mean action std: 0.10
--------------------------------------------------------------------------------
                         Iteration time: 2.55s
                           Time elapsed: 00:11:48
                                    ETA: 00:10:48

################################################################################
[1m                           Learning iteration 261/500                           [0m 

                               Run name: original_core_920ms_fresh
                            Total steps: 536576 
                       Steps per second: 851 
                        Collection time: 2.240s 
                          Learning time: 0.166s 
                        Mean value loss: 699.7686
                    Mean surrogate loss: -0.0104
                      Mean entropy loss: -20.3232
                            Mean reward: 559.96
                    Mean episode length: 256.53
                        Mean action std: 0.10
--------------------------------------------------------------------------------
                         Iteration time: 2.41s
                           Time elapsed: 00:11:50
                                    ETA: 00:10:45

################################################################################
[1m                           Learning iteration 262/500                           [0m 

                               Run name: original_core_920ms_fresh
                            Total steps: 538624 
                       Steps per second: 888 
                        Collection time: 2.140s 
                          Learning time: 0.164s 
                        Mean value loss: 696.9924
                    Mean surrogate loss: -0.0068
                      Mean entropy loss: -20.3232
                            Mean reward: 522.67
                    Mean episode length: 242.66
                        Mean action std: 0.10
  Episode_Reward/motion_global_root_pos: 0.0066
  Episode_Reward/motion_global_root_ori: 0.0070
         Episode_Reward/motion_body_pos: 0.0132
         Episode_Reward/motion_body_ori: 0.0120
     Episode_Reward/motion_body_lin_vel: 0.0132
     Episode_Reward/motion_body_ang_vel: 0.0122
          Episode_Reward/action_rate_l2: -0.0016
             Episode_Reward/joint_limit: -0.0000
         Episode_Reward/self_collisions: 0.0000
Episode_Reward/action_target_reference_l2: -0.0094
Episode_Reward/action_target_soft_limit_barrier: -0.0015
                   Episode_Reward/alive: 1.7681
 Episode_Reward/non_timeout_termination: -0.7655
Episode_Reward/worst_ee_z_normalized_squared: -0.0327
Episode_Reward/right_wrist_prethreshold_barrier: -0.0050
 Episode_Reward/requested_effort_excess: -0.0000
Episode_Reward/root_world_tracking_error: -0.0059
Episode_Reward/measured_joint_posture_l2: -0.0188
Episode_Reward/measured_feet_world_position_l2: -0.0120
Episode_Reward/original_task_position_l2: -0.0107
Episode_Reward/original_task_orientation_l2: -0.0077
        Metrics/motion/error_anchor_pos: 0.2533
        Metrics/motion/error_anchor_rot: 0.1718
    Metrics/motion/error_anchor_lin_vel: 0.6412
    Metrics/motion/error_anchor_ang_vel: 1.4210
          Metrics/motion/error_body_pos: 0.2628
          Metrics/motion/error_body_rot: 0.3384
         Metrics/motion/error_joint_pos: 1.1614
         Metrics/motion/error_joint_vel: 5.5201
        Metrics/motion/sampling_entropy: 0.0000
      Metrics/motion/sampling_top1_prob: 0.0000
       Metrics/motion/sampling_top1_bin: 0.0000
      Metrics/motion/error_body_lin_vel: 0.6747
      Metrics/motion/error_body_ang_vel: 1.6490
           Episode_Termination/time_out: 0.0000
         Episode_Termination/anchor_pos: 0.0000
         Episode_Termination/anchor_ori: 0.0000
        Episode_Termination/ee_body_pos: 0.1667
Episode_Termination/corpus_clip_time_out: 0.0000
Episode_Termination/invalid_native_model_actuation: 0.0000
Episode_Termination/world_root_tracking_failure: 1.0000
 Episode_Reward/world_potential_shaping: 0.0257
--------------------------------------------------------------------------------
                         Iteration time: 2.30s
                           Time elapsed: 00:11:52
                                    ETA: 00:10:42

################################################################################
[1m                           Learning iteration 263/500                           [0m 

                               Run name: original_core_920ms_fresh
                            Total steps: 540672 
                       Steps per second: 855 
                        Collection time: 2.234s 
                          Learning time: 0.160s 
                        Mean value loss: 988.2997
                    Mean surrogate loss: -0.0139
                      Mean entropy loss: -20.3232
                            Mean reward: 532.72
                    Mean episode length: 247.20
                        Mean action std: 0.10
--------------------------------------------------------------------------------
                         Iteration time: 2.39s
                           Time elapsed: 00:11:55
                                    ETA: 00:10:39

################################################################################
[1m                           Learning iteration 264/500                           [0m 

                               Run name: original_core_920ms_fresh
                            Total steps: 542720 
                       Steps per second: 883 
                        Collection time: 2.159s 
                          Learning time: 0.159s 
                        Mean value loss: 539.4446
                    Mean surrogate loss: -0.0130
                      Mean entropy loss: -20.3232
                            Mean reward: 554.17
                    Mean episode length: 255.88
                        Mean action std: 0.10
--------------------------------------------------------------------------------
                         Iteration time: 2.32s
                           Time elapsed: 00:11:57
                                    ETA: 00:10:36

################################################################################
[1m                           Learning iteration 265/500                           [0m 

                               Run name: original_core_920ms_fresh
                            Total steps: 544768 
                       Steps per second: 851 
                        Collection time: 2.239s 
                          Learning time: 0.167s 
                        Mean value loss: 421.1959
                    Mean surrogate loss: -0.0178
                      Mean entropy loss: -20.3232
                            Mean reward: 536.49
                    Mean episode length: 249.53
                        Mean action std: 0.10
--------------------------------------------------------------------------------
                         Iteration time: 2.41s
                           Time elapsed: 00:11:59
                                    ETA: 00:10:33

################################################################################
[1m                           Learning iteration 266/500                           [0m 

                               Run name: original_core_920ms_fresh
                            Total steps: 546816 
                       Steps per second: 883 
                        Collection time: 2.154s 
                          Learning time: 0.163s 
                        Mean value loss: 582.3979
                    Mean surrogate loss: -0.0101
                      Mean entropy loss: -20.3232
                            Mean reward: 580.33
                    Mean episode length: 266.51
                        Mean action std: 0.10
--------------------------------------------------------------------------------
                         Iteration time: 2.32s
                           Time elapsed: 00:12:02
                                    ETA: 00:10:30

################################################################################
[1m                           Learning iteration 267/500                           [0m 

                               Run name: original_core_920ms_fresh
                            Total steps: 548864 
                       Steps per second: 888 
                        Collection time: 2.125s 
                          Learning time: 0.179s 
                        Mean value loss: 839.3363
                    Mean surrogate loss: -0.0116
                      Mean entropy loss: -20.3232
                            Mean reward: 557.45
                    Mean episode length: 260.07
                        Mean action std: 0.10
  Episode_Reward/motion_global_root_pos: 0.0177
  Episode_Reward/motion_global_root_ori: 0.0218
         Episode_Reward/motion_body_pos: 0.0352
         Episode_Reward/motion_body_ori: 0.0386
     Episode_Reward/motion_body_lin_vel: 0.0439
     Episode_Reward/motion_body_ang_vel: 0.0414
          Episode_Reward/action_rate_l2: -0.0041
             Episode_Reward/joint_limit: -0.0003
         Episode_Reward/self_collisions: -0.0018
Episode_Reward/action_target_reference_l2: -0.0265
Episode_Reward/action_target_soft_limit_barrier: -0.0038
                   Episode_Reward/alive: 5.4191
 Episode_Reward/non_timeout_termination: -0.7655
Episode_Reward/worst_ee_z_normalized_squared: -0.1190
Episode_Reward/right_wrist_prethreshold_barrier: -0.0020
 Episode_Reward/requested_effort_excess: -0.0000
Episode_Reward/root_world_tracking_error: -0.0164
Episode_Reward/measured_joint_posture_l2: -0.0622
Episode_Reward/measured_feet_world_position_l2: -0.0403
Episode_Reward/original_task_position_l2: -0.0333
Episode_Reward/original_task_orientation_l2: -0.0197
        Metrics/motion/error_anchor_pos: 0.2897
        Metrics/motion/error_anchor_rot: 0.1260
    Metrics/motion/error_anchor_lin_vel: 0.4247
    Metrics/motion/error_anchor_ang_vel: 0.8697
          Metrics/motion/error_body_pos: 0.2967
          Metrics/motion/error_body_rot: 0.2633
         Metrics/motion/error_joint_pos: 1.0649
         Metrics/motion/error_joint_vel: 5.3041
        Metrics/motion/sampling_entropy: 0.0000
      Metrics/motion/sampling_top1_prob: 0.0000
       Metrics/motion/sampling_top1_bin: 0.0000
      Metrics/motion/error_body_lin_vel: 0.4412
      Metrics/motion/error_body_ang_vel: 1.6596
           Episode_Termination/time_out: 0.0000
         Episode_Termination/anchor_pos: 0.0000
         Episode_Termination/anchor_ori: 0.0000
        Episode_Termination/ee_body_pos: 0.0000
Episode_Termination/corpus_clip_time_out: 0.0000
Episode_Termination/invalid_native_model_actuation: 0.0000
Episode_Termination/world_root_tracking_failure: 1.1429
 Episode_Reward/world_potential_shaping: 0.0705
--------------------------------------------------------------------------------
                         Iteration time: 2.30s
                           Time elapsed: 00:12:04
                                    ETA: 00:10:27

################################################################################
[1m                           Learning iteration 268/500                           [0m 

                               Run name: original_core_920ms_fresh
                            Total steps: 550912 
                       Steps per second: 875 
                        Collection time: 2.167s 
                          Learning time: 0.173s 
                        Mean value loss: 608.5114
                    Mean surrogate loss: -0.0108
                      Mean entropy loss: -20.3232
                            Mean reward: 515.27
                    Mean episode length: 243.60
                        Mean action std: 0.10
--------------------------------------------------------------------------------
                         Iteration time: 2.34s
                           Time elapsed: 00:12:06
                                    ETA: 00:10:24

################################################################################
[1m                           Learning iteration 269/500                           [0m 

                               Run name: original_core_920ms_fresh
                            Total steps: 552960 
                       Steps per second: 376 
                        Collection time: 5.276s 
                          Learning time: 0.164s 
                        Mean value loss: 647.2776
                    Mean surrogate loss: -0.0140
                      Mean entropy loss: -20.3232
                            Mean reward: 516.66
                    Mean episode length: 245.03
                        Mean action std: 0.10
  Episode_Reward/motion_global_root_pos: 0.0188
  Episode_Reward/motion_global_root_ori: 0.0209
         Episode_Reward/motion_body_pos: 0.0378
         Episode_Reward/motion_body_ori: 0.0338
     Episode_Reward/motion_body_lin_vel: 0.0413
     Episode_Reward/motion_body_ang_vel: 0.0372
          Episode_Reward/action_rate_l2: -0.0046
             Episode_Reward/joint_limit: -0.0006
         Episode_Reward/self_collisions: -0.0058
Episode_Reward/action_target_reference_l2: -0.0277
Episode_Reward/action_target_soft_limit_barrier: -0.0042
                   Episode_Reward/alive: 5.3350
 Episode_Reward/non_timeout_termination: -0.7655
Episode_Reward/worst_ee_z_normalized_squared: -0.1053
Episode_Reward/right_wrist_prethreshold_barrier: -0.0061
 Episode_Reward/requested_effort_excess: -0.0000
Episode_Reward/root_world_tracking_error: -0.0157
Episode_Reward/measured_joint_posture_l2: -0.0577
Episode_Reward/measured_feet_world_position_l2: -0.0369
Episode_Reward/original_task_position_l2: -0.0321
Episode_Reward/original_task_orientation_l2: -0.0247
        Metrics/motion/error_anchor_pos: 0.2836
        Metrics/motion/error_anchor_rot: 0.1694
    Metrics/motion/error_anchor_lin_vel: 0.5091
    Metrics/motion/error_anchor_ang_vel: 1.1303
          Metrics/motion/error_body_pos: 0.2793
          Metrics/motion/error_body_rot: 0.2792
         Metrics/motion/error_joint_pos: 0.9115
         Metrics/motion/error_joint_vel: 5.8339
        Metrics/motion/sampling_entropy: 0.0000
      Metrics/motion/sampling_top1_prob: 0.0000
       Metrics/motion/sampling_top1_bin: 0.0000
      Metrics/motion/error_body_lin_vel: 0.5305
      Metrics/motion/error_body_ang_vel: 1.9731
           Episode_Termination/time_out: 0.0000
         Episode_Termination/anchor_pos: 0.0000
         Episode_Termination/anchor_ori: 0.0000
        Episode_Termination/ee_body_pos: 0.1429
Episode_Termination/corpus_clip_time_out: 0.0000
Episode_Termination/invalid_native_model_actuation: 0.0000
Episode_Termination/world_root_tracking_failure: 1.2857
 Episode_Reward/world_potential_shaping: 0.0648
--------------------------------------------------------------------------------
                         Iteration time: 5.44s
                           Time elapsed: 00:12:12
                                    ETA: 00:10:23

################################################################################
[1m                           Learning iteration 270/500                           [0m 

                               Run name: original_core_920ms_fresh
                            Total steps: 555008 
                       Steps per second: 890 
                        Collection time: 2.139s 
                          Learning time: 0.161s 
                        Mean value loss: 568.6291
                    Mean surrogate loss: -0.0089
                      Mean entropy loss: -20.3232
                            Mean reward: 523.26
                    Mean episode length: 246.99
                        Mean action std: 0.10
  Episode_Reward/motion_global_root_pos: 0.0269
  Episode_Reward/motion_global_root_ori: 0.0287
         Episode_Reward/motion_body_pos: 0.0535
         Episode_Reward/motion_body_ori: 0.0471
     Episode_Reward/motion_body_lin_vel: 0.0569
     Episode_Reward/motion_body_ang_vel: 0.0515
          Episode_Reward/action_rate_l2: -0.0058
             Episode_Reward/joint_limit: -0.0005
         Episode_Reward/self_collisions: -0.0042
Episode_Reward/action_target_reference_l2: -0.0369
Episode_Reward/action_target_soft_limit_barrier: -0.0058
                   Episode_Reward/alive: 7.2851
 Episode_Reward/non_timeout_termination: -0.7655
Episode_Reward/worst_ee_z_normalized_squared: -0.1429
Episode_Reward/right_wrist_prethreshold_barrier: -0.0029
 Episode_Reward/requested_effort_excess: -0.0000
Episode_Reward/root_world_tracking_error: -0.0172
Episode_Reward/measured_joint_posture_l2: -0.0814
Episode_Reward/measured_feet_world_position_l2: -0.0495
Episode_Reward/original_task_position_l2: -0.0397
Episode_Reward/original_task_orientation_l2: -0.0312
        Metrics/motion/error_anchor_pos: 0.2908
        Metrics/motion/error_anchor_rot: 0.1893
    Metrics/motion/error_anchor_lin_vel: 0.5490
    Metrics/motion/error_anchor_ang_vel: 1.2485
          Metrics/motion/error_body_pos: 0.2848
          Metrics/motion/error_body_rot: 0.3365
         Metrics/motion/error_joint_pos: 1.0474
         Metrics/motion/error_joint_vel: 6.0039
        Metrics/motion/sampling_entropy: 0.0000
      Metrics/motion/sampling_top1_prob: 0.0000
       Metrics/motion/sampling_top1_bin: 0.0000
      Metrics/motion/error_body_lin_vel: 0.6399
      Metrics/motion/error_body_ang_vel: 2.0284
           Episode_Termination/time_out: 0.0000
         Episode_Termination/anchor_pos: 0.0000
         Episode_Termination/anchor_ori: 0.0000
        Episode_Termination/ee_body_pos: 0.0000
Episode_Termination/corpus_clip_time_out: 0.0000
Episode_Termination/invalid_native_model_actuation: 0.0000
Episode_Termination/world_root_tracking_failure: 1.4286
 Episode_Reward/world_potential_shaping: 0.0780
--------------------------------------------------------------------------------
                         Iteration time: 2.30s
                           Time elapsed: 00:12:14
                                    ETA: 00:10:20

################################################################################
[1m                           Learning iteration 271/500                           [0m 

                               Run name: original_core_920ms_fresh
                            Total steps: 557056 
                       Steps per second: 830 
                        Collection time: 2.291s 
                          Learning time: 0.174s 
                        Mean value loss: 640.6302
                    Mean surrogate loss: -0.0113
                      Mean entropy loss: -20.3232
                            Mean reward: 504.88
                    Mean episode length: 239.21
                        Mean action std: 0.10
--------------------------------------------------------------------------------
                         Iteration time: 2.47s
                           Time elapsed: 00:12:17
                                    ETA: 00:10:17

################################################################################
[1m                           Learning iteration 272/500                           [0m 

                               Run name: original_core_920ms_fresh
                            Total steps: 559104 
                       Steps per second: 894 
                        Collection time: 2.116s 
                          Learning time: 0.173s 
                        Mean value loss: 567.3857
                    Mean surrogate loss: -0.0136
                      Mean entropy loss: -20.3232
                            Mean reward: 535.38
                    Mean episode length: 250.96
                        Mean action std: 0.10
--------------------------------------------------------------------------------
                         Iteration time: 2.29s
                           Time elapsed: 00:12:19
                                    ETA: 00:10:14

################################################################################
[1m                           Learning iteration 273/500                           [0m 

                               Run name: original_core_920ms_fresh
                            Total steps: 561152 
                       Steps per second: 881 
                        Collection time: 2.158s 
                          Learning time: 0.165s 
                        Mean value loss: 506.2436
                    Mean surrogate loss: -0.0084
                      Mean entropy loss: -20.3232
                            Mean reward: 555.17
                    Mean episode length: 258.16
                        Mean action std: 0.10
  Episode_Reward/motion_global_root_pos: 0.0181
  Episode_Reward/motion_global_root_ori: 0.0206
         Episode_Reward/motion_body_pos: 0.0364
         Episode_Reward/motion_body_ori: 0.0349
     Episode_Reward/motion_body_lin_vel: 0.0413
     Episode_Reward/motion_body_ang_vel: 0.0390
          Episode_Reward/action_rate_l2: -0.0037
             Episode_Reward/joint_limit: -0.0001
         Episode_Reward/self_collisions: -0.0010
Episode_Reward/action_target_reference_l2: -0.0248
Episode_Reward/action_target_soft_limit_barrier: -0.0029
                   Episode_Reward/alive: 5.0660
 Episode_Reward/non_timeout_termination: -0.5103
Episode_Reward/worst_ee_z_normalized_squared: -0.1082
Episode_Reward/right_wrist_prethreshold_barrier: -0.0054
 Episode_Reward/requested_effort_excess: -0.0000
Episode_Reward/root_world_tracking_error: -0.0116
Episode_Reward/measured_joint_posture_l2: -0.0670
Episode_Reward/measured_feet_world_position_l2: -0.0358
Episode_Reward/original_task_position_l2: -0.0297
Episode_Reward/original_task_orientation_l2: -0.0216
        Metrics/motion/error_anchor_pos: 0.2238
        Metrics/motion/error_anchor_rot: 0.0946
    Metrics/motion/error_anchor_lin_vel: 0.2158
    Metrics/motion/error_anchor_ang_vel: 1.0897
          Metrics/motion/error_body_pos: 0.2264
          Metrics/motion/error_body_rot: 0.2834
         Metrics/motion/error_joint_pos: 1.1045
         Metrics/motion/error_joint_vel: 4.4678
        Metrics/motion/sampling_entropy: 0.0000
      Metrics/motion/sampling_top1_prob: 0.0000
       Metrics/motion/sampling_top1_bin: 0.0000
      Metrics/motion/error_body_lin_vel: 0.2821
      Metrics/motion/error_body_ang_vel: 1.5788
           Episode_Termination/time_out: 0.0000
         Episode_Termination/anchor_pos: 0.0000
         Episode_Termination/anchor_ori: 0.0000
        Episode_Termination/ee_body_pos: 0.1667
Episode_Termination/corpus_clip_time_out: 0.3333
Episode_Termination/invalid_native_model_actuation: 0.0000
Episode_Termination/world_root_tracking_failure: 0.5000
 Episode_Reward/world_potential_shaping: 0.0531
--------------------------------------------------------------------------------
                         Iteration time: 2.32s
                           Time elapsed: 00:12:21
                                    ETA: 00:10:11

################################################################################
[1m                           Learning iteration 274/500                           [0m 

                               Run name: original_core_920ms_fresh
                            Total steps: 563200 
                       Steps per second: 814 
                        Collection time: 2.342s 
                          Learning time: 0.172s 
                        Mean value loss: 724.3575
                    Mean surrogate loss: -0.0098
                      Mean entropy loss: -20.3232
                            Mean reward: 548.98
                    Mean episode length: 254.81
                        Mean action std: 0.10
  Episode_Reward/motion_global_root_pos: 0.0155
  Episode_Reward/motion_global_root_ori: 0.0172
         Episode_Reward/motion_body_pos: 0.0314
         Episode_Reward/motion_body_ori: 0.0296
     Episode_Reward/motion_body_lin_vel: 0.0345
     Episode_Reward/motion_body_ang_vel: 0.0325
          Episode_Reward/action_rate_l2: -0.0033
             Episode_Reward/joint_limit: -0.0004
         Episode_Reward/self_collisions: -0.0065
Episode_Reward/action_target_reference_l2: -0.0207
Episode_Reward/action_target_soft_limit_barrier: -0.0028
                   Episode_Reward/alive: 4.2969
 Episode_Reward/non_timeout_termination: -0.7108
Episode_Reward/worst_ee_z_normalized_squared: -0.0963
Episode_Reward/right_wrist_prethreshold_barrier: -0.0055
 Episode_Reward/requested_effort_excess: -0.0000
Episode_Reward/root_world_tracking_error: -0.0107
Episode_Reward/measured_joint_posture_l2: -0.0506
Episode_Reward/measured_feet_world_position_l2: -0.0305
Episode_Reward/original_task_position_l2: -0.0253
Episode_Reward/original_task_orientation_l2: -0.0163
        Metrics/motion/error_anchor_pos: 0.2696
        Metrics/motion/error_anchor_rot: 0.1399
    Metrics/motion/error_anchor_lin_vel: 0.3329
    Metrics/motion/error_anchor_ang_vel: 0.7906
          Metrics/motion/error_body_pos: 0.2671
          Metrics/motion/error_body_rot: 0.2820
         Metrics/motion/error_joint_pos: 1.0833
         Metrics/motion/error_joint_vel: 4.4117
        Metrics/motion/sampling_entropy: 0.0000
      Metrics/motion/sampling_top1_prob: 0.0000
       Metrics/motion/sampling_top1_bin: 0.0000
      Metrics/motion/error_body_lin_vel: 0.3763
      Metrics/motion/error_body_ang_vel: 1.2679
           Episode_Termination/time_out: 0.0000
         Episode_Termination/anchor_pos: 0.0000
         Episode_Termination/anchor_ori: 0.0000
        Episode_Termination/ee_body_pos: 0.1429
Episode_Termination/corpus_clip_time_out: 0.1429
Episode_Termination/invalid_native_model_actuation: 0.0000
Episode_Termination/world_root_tracking_failure: 1.0000
 Episode_Reward/world_potential_shaping: 0.0504
--------------------------------------------------------------------------------
                         Iteration time: 2.51s
                           Time elapsed: 00:12:24
                                    ETA: 00:10:08

################################################################################
[1m                           Learning iteration 275/500                           [0m 

                               Run name: original_core_920ms_fresh
                            Total steps: 565248 
                       Steps per second: 906 
                        Collection time: 2.099s 
                          Learning time: 0.160s 
                        Mean value loss: 439.8066
                    Mean surrogate loss: -0.0105
                      Mean entropy loss: -20.3232
                            Mean reward: 510.40
                    Mean episode length: 239.58
                        Mean action std: 0.10
--------------------------------------------------------------------------------
                         Iteration time: 2.26s
                           Time elapsed: 00:12:26
                                    ETA: 00:10:05

################################################################################
[1m                           Learning iteration 276/500                           [0m 

                               Run name: original_core_920ms_fresh
                            Total steps: 567296 
                       Steps per second: 822 
                        Collection time: 2.326s 
                          Learning time: 0.164s 
                        Mean value loss: 723.1196
                    Mean surrogate loss: -0.0100
                      Mean entropy loss: -20.3232
                            Mean reward: 546.02
                    Mean episode length: 252.80
                        Mean action std: 0.10
  Episode_Reward/motion_global_root_pos: 0.0233
  Episode_Reward/motion_global_root_ori: 0.0252
         Episode_Reward/motion_body_pos: 0.0465
         Episode_Reward/motion_body_ori: 0.0417
     Episode_Reward/motion_body_lin_vel: 0.0513
     Episode_Reward/motion_body_ang_vel: 0.0477
          Episode_Reward/action_rate_l2: -0.0050
             Episode_Reward/joint_limit: -0.0006
         Episode_Reward/self_collisions: -0.0076
Episode_Reward/action_target_reference_l2: -0.0331
Episode_Reward/action_target_soft_limit_barrier: -0.0051
                   Episode_Reward/alive: 6.4458
 Episode_Reward/non_timeout_termination: -0.6698
Episode_Reward/worst_ee_z_normalized_squared: -0.1298
Episode_Reward/right_wrist_prethreshold_barrier: -0.0066
 Episode_Reward/requested_effort_excess: -0.0000
Episode_Reward/root_world_tracking_error: -0.0154
Episode_Reward/measured_joint_posture_l2: -0.0816
Episode_Reward/measured_feet_world_position_l2: -0.0440
Episode_Reward/original_task_position_l2: -0.0366
Episode_Reward/original_task_orientation_l2: -0.0283
        Metrics/motion/error_anchor_pos: 0.2684
        Metrics/motion/error_anchor_rot: 0.0894
    Metrics/motion/error_anchor_lin_vel: 0.3574
    Metrics/motion/error_anchor_ang_vel: 0.5293
          Metrics/motion/error_body_pos: 0.2630
          Metrics/motion/error_body_rot: 0.2275
         Metrics/motion/error_joint_pos: 1.0067
         Metrics/motion/error_joint_vel: 4.8136
        Metrics/motion/sampling_entropy: 0.0000
      Metrics/motion/sampling_top1_prob: 0.0000
       Metrics/motion/sampling_top1_bin: 0.0000
      Metrics/motion/error_body_lin_vel: 0.3842
      Metrics/motion/error_body_ang_vel: 1.2889
           Episode_Termination/time_out: 0.0000
         Episode_Termination/anchor_pos: 0.0000
         Episode_Termination/anchor_ori: 0.0000
        Episode_Termination/ee_body_pos: 0.0000
Episode_Termination/corpus_clip_time_out: 0.1250
Episode_Termination/invalid_native_model_actuation: 0.0000
Episode_Termination/world_root_tracking_failure: 1.1250
 Episode_Reward/world_potential_shaping: 0.0685
--------------------------------------------------------------------------------
                         Iteration time: 2.49s
                           Time elapsed: 00:12:28
                                    ETA: 00:10:02

################################################################################
[1m                           Learning iteration 277/500                           [0m 

                               Run name: original_core_920ms_fresh
                            Total steps: 569344 
                       Steps per second: 908 
                        Collection time: 2.095s 
                          Learning time: 0.159s 
                        Mean value loss: 662.5617
                    Mean surrogate loss: -0.0149
                      Mean entropy loss: -20.3232
                            Mean reward: 553.09
                    Mean episode length: 255.42
                        Mean action std: 0.10
--------------------------------------------------------------------------------
                         Iteration time: 2.25s
                           Time elapsed: 00:12:31
                                    ETA: 00:09:59

################################################################################
[1m                           Learning iteration 278/500                           [0m 

                               Run name: original_core_920ms_fresh
                            Total steps: 571392 
                       Steps per second: 895 
                        Collection time: 2.119s 
                          Learning time: 0.167s 
                        Mean value loss: 506.6929
                    Mean surrogate loss: -0.0116
                      Mean entropy loss: -20.3232
                            Mean reward: 524.02
                    Mean episode length: 243.81
                        Mean action std: 0.10
--------------------------------------------------------------------------------
                         Iteration time: 2.29s
                           Time elapsed: 00:12:33
                                    ETA: 00:09:56

################################################################################
[1m                           Learning iteration 279/500                           [0m 

                               Run name: original_core_920ms_fresh
                            Total steps: 573440 
                       Steps per second: 908 
                        Collection time: 2.079s 
                          Learning time: 0.175s 
                        Mean value loss: 383.5915
                    Mean surrogate loss: -0.0142
                      Mean entropy loss: -20.3232
                            Mean reward: 506.34
                    Mean episode length: 236.99
                        Mean action std: 0.10
--------------------------------------------------------------------------------
                         Iteration time: 2.25s
                           Time elapsed: 00:12:35
                                    ETA: 00:09:53

################################################################################
[1m                           Learning iteration 280/500                           [0m 

                               Run name: original_core_920ms_fresh
                            Total steps: 575488 
                       Steps per second: 897 
                        Collection time: 2.121s 
                          Learning time: 0.161s 
                        Mean value loss: 384.2659
                    Mean surrogate loss: -0.0102
                      Mean entropy loss: -20.3232
                            Mean reward: 518.01
                    Mean episode length: 241.29
                        Mean action std: 0.10
--------------------------------------------------------------------------------
                         Iteration time: 2.28s
                           Time elapsed: 00:12:37
                                    ETA: 00:09:50

################################################################################
[1m                           Learning iteration 281/500                           [0m 

                               Run name: original_core_920ms_fresh
                            Total steps: 577536 
                       Steps per second: 857 
                        Collection time: 2.203s 
                          Learning time: 0.184s 
                        Mean value loss: 443.2954
                    Mean surrogate loss: -0.0150
                      Mean entropy loss: -20.3232
                            Mean reward: 521.33
                    Mean episode length: 241.27
                        Mean action std: 0.10
  Episode_Reward/motion_global_root_pos: 0.0218
  Episode_Reward/motion_global_root_ori: 0.0243
         Episode_Reward/motion_body_pos: 0.0440
         Episode_Reward/motion_body_ori: 0.0430
     Episode_Reward/motion_body_lin_vel: 0.0499
     Episode_Reward/motion_body_ang_vel: 0.0482
          Episode_Reward/action_rate_l2: -0.0041
             Episode_Reward/joint_limit: -0.0003
         Episode_Reward/self_collisions: -0.0047
Episode_Reward/action_target_reference_l2: -0.0282
Episode_Reward/action_target_soft_limit_barrier: -0.0044
                   Episode_Reward/alive: 5.9883
 Episode_Reward/non_timeout_termination: -0.5741
Episode_Reward/worst_ee_z_normalized_squared: -0.1366
Episode_Reward/right_wrist_prethreshold_barrier: -0.0012
 Episode_Reward/requested_effort_excess: 0.0000
Episode_Reward/root_world_tracking_error: -0.0114
Episode_Reward/measured_joint_posture_l2: -0.0804
Episode_Reward/measured_feet_world_position_l2: -0.0345
Episode_Reward/original_task_position_l2: -0.0333
Episode_Reward/original_task_orientation_l2: -0.0202
        Metrics/motion/error_anchor_pos: 0.2640
        Metrics/motion/error_anchor_rot: 0.1039
    Metrics/motion/error_anchor_lin_vel: 0.4403
    Metrics/motion/error_anchor_ang_vel: 0.9182
          Metrics/motion/error_body_pos: 0.2634
          Metrics/motion/error_body_rot: 0.2436
         Metrics/motion/error_joint_pos: 1.1251
         Metrics/motion/error_joint_vel: 4.5695
        Metrics/motion/sampling_entropy: 0.0000
      Metrics/motion/sampling_top1_prob: 0.0000
       Metrics/motion/sampling_top1_bin: 0.0000
      Metrics/motion/error_body_lin_vel: 0.4301
      Metrics/motion/error_body_ang_vel: 1.2391
           Episode_Termination/time_out: 0.0000
         Episode_Termination/anchor_pos: 0.0000
         Episode_Termination/anchor_ori: 0.0000
        Episode_Termination/ee_body_pos: 0.0000
Episode_Termination/corpus_clip_time_out: 0.2500
Episode_Termination/invalid_native_model_actuation: 0.0000
Episode_Termination/world_root_tracking_failure: 0.7500
 Episode_Reward/world_potential_shaping: 0.0555
--------------------------------------------------------------------------------
                         Iteration time: 2.39s
                           Time elapsed: 00:12:40
                                    ETA: 00:09:47

################################################################################
[1m                           Learning iteration 282/500                           [0m 

                               Run name: original_core_920ms_fresh
                            Total steps: 579584 
                       Steps per second: 371 
                        Collection time: 5.346s 
                          Learning time: 0.162s 
                        Mean value loss: 333.8773
                    Mean surrogate loss: -0.0143
                      Mean entropy loss: -20.3232
                            Mean reward: 545.24
                    Mean episode length: 249.64
                        Mean action std: 0.10
  Episode_Reward/motion_global_root_pos: 0.0147
  Episode_Reward/motion_global_root_ori: 0.0161
         Episode_Reward/motion_body_pos: 0.0290
         Episode_Reward/motion_body_ori: 0.0265
     Episode_Reward/motion_body_lin_vel: 0.0316
     Episode_Reward/motion_body_ang_vel: 0.0296
          Episode_Reward/action_rate_l2: -0.0032
             Episode_Reward/joint_limit: -0.0001
         Episode_Reward/self_collisions: -0.0038
Episode_Reward/action_target_reference_l2: -0.0208
Episode_Reward/action_target_soft_limit_barrier: -0.0037
                   Episode_Reward/alive: 4.0676
 Episode_Reward/non_timeout_termination: -0.6698
Episode_Reward/worst_ee_z_normalized_squared: -0.0685
Episode_Reward/right_wrist_prethreshold_barrier: -0.0014
 Episode_Reward/requested_effort_excess: -0.0000
Episode_Reward/root_world_tracking_error: -0.0113
Episode_Reward/measured_joint_posture_l2: -0.0615
Episode_Reward/measured_feet_world_position_l2: -0.0263
Episode_Reward/original_task_position_l2: -0.0226
Episode_Reward/original_task_orientation_l2: -0.0163
        Metrics/motion/error_anchor_pos: 0.2527
        Metrics/motion/error_anchor_rot: 0.1465
    Metrics/motion/error_anchor_lin_vel: 0.4009
    Metrics/motion/error_anchor_ang_vel: 1.2600
          Metrics/motion/error_body_pos: 0.2617
          Metrics/motion/error_body_rot: 0.2317
         Metrics/motion/error_joint_pos: 0.8709
         Metrics/motion/error_joint_vel: 6.1560
        Metrics/motion/sampling_entropy: 0.0000
      Metrics/motion/sampling_top1_prob: 0.0000
       Metrics/motion/sampling_top1_bin: 0.0000
      Metrics/motion/error_body_lin_vel: 0.4761
      Metrics/motion/error_body_ang_vel: 1.7813
           Episode_Termination/time_out: 0.0000
         Episode_Termination/anchor_pos: 0.0000
         Episode_Termination/anchor_ori: 0.0000
        Episode_Termination/ee_body_pos: 0.1250
Episode_Termination/corpus_clip_time_out: 0.1250
Episode_Termination/invalid_native_model_actuation: 0.0000
Episode_Termination/world_root_tracking_failure: 1.0000
 Episode_Reward/world_potential_shaping: 0.0491
--------------------------------------------------------------------------------
                         Iteration time: 5.51s
                           Time elapsed: 00:12:45
                                    ETA: 00:09:47

################################################################################
[1m                           Learning iteration 283/500                           [0m 

                               Run name: original_core_920ms_fresh
                            Total steps: 581632 
                       Steps per second: 863 
                        Collection time: 2.212s 
                          Learning time: 0.159s 
                        Mean value loss: 518.1984
                    Mean surrogate loss: -0.0076
                      Mean entropy loss: -20.3232
                            Mean reward: 541.51
                    Mean episode length: 248.55
                        Mean action std: 0.10
  Episode_Reward/motion_global_root_pos: 0.0169
  Episode_Reward/motion_global_root_ori: 0.0195
         Episode_Reward/motion_body_pos: 0.0337
         Episode_Reward/motion_body_ori: 0.0334
     Episode_Reward/motion_body_lin_vel: 0.0389
     Episode_Reward/motion_body_ang_vel: 0.0365
          Episode_Reward/action_rate_l2: -0.0038
             Episode_Reward/joint_limit: -0.0004
         Episode_Reward/self_collisions: -0.0020
Episode_Reward/action_target_reference_l2: -0.0246
Episode_Reward/action_target_soft_limit_barrier: -0.0042
                   Episode_Reward/alive: 4.8719
 Episode_Reward/non_timeout_termination: -0.7655
Episode_Reward/worst_ee_z_normalized_squared: -0.1038
Episode_Reward/right_wrist_prethreshold_barrier: -0.0068
 Episode_Reward/requested_effort_excess: -0.0000
Episode_Reward/root_world_tracking_error: -0.0134
Episode_Reward/measured_joint_posture_l2: -0.0545
Episode_Reward/measured_feet_world_position_l2: -0.0350
Episode_Reward/original_task_position_l2: -0.0293
Episode_Reward/original_task_orientation_l2: -0.0192
        Metrics/motion/error_anchor_pos: 0.2836
        Metrics/motion/error_anchor_rot: 0.1045
    Metrics/motion/error_anchor_lin_vel: 0.3963
    Metrics/motion/error_anchor_ang_vel: 0.8717
          Metrics/motion/error_body_pos: 0.2798
          Metrics/motion/error_body_rot: 0.2543
         Metrics/motion/error_joint_pos: 1.0612
         Metrics/motion/error_joint_vel: 5.2760
        Metrics/motion/sampling_entropy: 0.0000
      Metrics/motion/sampling_top1_prob: 0.0000
       Metrics/motion/sampling_top1_bin: 0.0000
      Metrics/motion/error_body_lin_vel: 0.4327
      Metrics/motion/error_body_ang_vel: 1.5044
           Episode_Termination/time_out: 0.0000
         Episode_Termination/anchor_pos: 0.0000
         Episode_Termination/anchor_ori: 0.0000
        Episode_Termination/ee_body_pos: 0.1250
Episode_Termination/corpus_clip_time_out: 0.0000
Episode_Termination/invalid_native_model_actuation: 0.0000
Episode_Termination/world_root_tracking_failure: 1.1250
 Episode_Reward/world_potential_shaping: 0.0618
--------------------------------------------------------------------------------
                         Iteration time: 2.37s
                           Time elapsed: 00:12:48
                                    ETA: 00:09:44

################################################################################
[1m                           Learning iteration 284/500                           [0m 

                               Run name: original_core_920ms_fresh
                            Total steps: 583680 
                       Steps per second: 882 
                        Collection time: 2.159s 
                          Learning time: 0.162s 
                        Mean value loss: 636.3564
                    Mean surrogate loss: -0.0063
                      Mean entropy loss: -20.3232
                            Mean reward: 513.53
                    Mean episode length: 237.57
                        Mean action std: 0.10
--------------------------------------------------------------------------------
                         Iteration time: 2.32s
                           Time elapsed: 00:12:50
                                    ETA: 00:09:41

################################################################################
[1m                           Learning iteration 285/500                           [0m 

                               Run name: original_core_920ms_fresh
                            Total steps: 585728 
                       Steps per second: 872 
                        Collection time: 2.167s 
                          Learning time: 0.181s 
                        Mean value loss: 607.5871
                    Mean surrogate loss: -0.0081
                      Mean entropy loss: -20.3232
                            Mean reward: 541.03
                    Mean episode length: 248.22
                        Mean action std: 0.10
--------------------------------------------------------------------------------
                         Iteration time: 2.35s
                           Time elapsed: 00:12:52
                                    ETA: 00:09:38

################################################################################
[1m                           Learning iteration 286/500                           [0m 

                               Run name: original_core_920ms_fresh
                            Total steps: 587776 
                       Steps per second: 773 
                        Collection time: 2.376s 
                          Learning time: 0.270s 
                        Mean value loss: 622.0939
                    Mean surrogate loss: -0.0168
                      Mean entropy loss: -20.3232
                            Mean reward: 561.60
                    Mean episode length: 256.71
                        Mean action std: 0.10
--------------------------------------------------------------------------------
                         Iteration time: 2.65s
                           Time elapsed: 00:12:55
                                    ETA: 00:09:35

################################################################################
[1m                           Learning iteration 287/500                           [0m 

                               Run name: original_core_920ms_fresh
                            Total steps: 589824 
                       Steps per second: 553 
                        Collection time: 3.412s 
                          Learning time: 0.288s 
                        Mean value loss: 764.1046
                    Mean surrogate loss: -0.0116
                      Mean entropy loss: -20.3232
                            Mean reward: 561.57
                    Mean episode length: 256.25
                        Mean action std: 0.10
  Episode_Reward/motion_global_root_pos: 0.0172
  Episode_Reward/motion_global_root_ori: 0.0210
         Episode_Reward/motion_body_pos: 0.0340
         Episode_Reward/motion_body_ori: 0.0365
     Episode_Reward/motion_body_lin_vel: 0.0426
     Episode_Reward/motion_body_ang_vel: 0.0406
          Episode_Reward/action_rate_l2: -0.0037
             Episode_Reward/joint_limit: -0.0003
         Episode_Reward/self_collisions: -0.0018
Episode_Reward/action_target_reference_l2: -0.0244
Episode_Reward/action_target_soft_limit_barrier: -0.0032
                   Episode_Reward/alive: 5.2161
 Episode_Reward/non_timeout_termination: -0.6561
Episode_Reward/worst_ee_z_normalized_squared: -0.1143
Episode_Reward/right_wrist_prethreshold_barrier: -0.0009
 Episode_Reward/requested_effort_excess: -0.0000
Episode_Reward/root_world_tracking_error: -0.0160
Episode_Reward/measured_joint_posture_l2: -0.0674
Episode_Reward/measured_feet_world_position_l2: -0.0381
Episode_Reward/original_task_position_l2: -0.0317
Episode_Reward/original_task_orientation_l2: -0.0217
        Metrics/motion/error_anchor_pos: 0.2703
        Metrics/motion/error_anchor_rot: 0.1401
    Metrics/motion/error_anchor_lin_vel: 0.3281
    Metrics/motion/error_anchor_ang_vel: 0.6958
          Metrics/motion/error_body_pos: 0.2760
          Metrics/motion/error_body_rot: 0.2523
         Metrics/motion/error_joint_pos: 0.9983
         Metrics/motion/error_joint_vel: 5.9980
        Metrics/motion/sampling_entropy: 0.0000
      Metrics/motion/sampling_top1_prob: 0.0000
       Metrics/motion/sampling_top1_bin: 0.0000
      Metrics/motion/error_body_lin_vel: 0.3665
      Metrics/motion/error_body_ang_vel: 1.3997
           Episode_Termination/time_out: 0.0000
         Episode_Termination/anchor_pos: 0.0000
         Episode_Termination/anchor_ori: 0.0000
        Episode_Termination/ee_body_pos: 0.0000
Episode_Termination/corpus_clip_time_out: 0.2857
Episode_Termination/invalid_native_model_actuation: 0.0000
Episode_Termination/world_root_tracking_failure: 0.8571
 Episode_Reward/world_potential_shaping: 0.0673
--------------------------------------------------------------------------------
                         Iteration time: 3.70s
                           Time elapsed: 00:12:59
                                    ETA: 00:09:33

################################################################################
[1m                           Learning iteration 288/500                           [0m 

                               Run name: original_core_920ms_fresh
                            Total steps: 591872 
                       Steps per second: 542 
                        Collection time: 3.519s 
                          Learning time: 0.259s 
                        Mean value loss: 438.5624
                    Mean surrogate loss: -0.0150
                      Mean entropy loss: -20.3232
                            Mean reward: 523.94
                    Mean episode length: 242.49
                        Mean action std: 0.10
  Episode_Reward/motion_global_root_pos: 0.0132
  Episode_Reward/motion_global_root_ori: 0.0152
         Episode_Reward/motion_body_pos: 0.0265
         Episode_Reward/motion_body_ori: 0.0256
     Episode_Reward/motion_body_lin_vel: 0.0297
     Episode_Reward/motion_body_ang_vel: 0.0277
          Episode_Reward/action_rate_l2: -0.0030
             Episode_Reward/joint_limit: -0.0000
         Episode_Reward/self_collisions: -0.0055
Episode_Reward/action_target_reference_l2: -0.0192
Episode_Reward/action_target_soft_limit_barrier: -0.0030
                   Episode_Reward/alive: 3.8028
 Episode_Reward/non_timeout_termination: -0.6698
Episode_Reward/worst_ee_z_normalized_squared: -0.0696
Episode_Reward/right_wrist_prethreshold_barrier: -0.0007
 Episode_Reward/requested_effort_excess: -0.0000
Episode_Reward/root_world_tracking_error: -0.0113
Episode_Reward/measured_joint_posture_l2: -0.0509
Episode_Reward/measured_feet_world_position_l2: -0.0275
Episode_Reward/original_task_position_l2: -0.0234
Episode_Reward/original_task_orientation_l2: -0.0163
        Metrics/motion/error_anchor_pos: 0.2674
        Metrics/motion/error_anchor_rot: 0.1269
    Metrics/motion/error_anchor_lin_vel: 0.3293
    Metrics/motion/error_anchor_ang_vel: 1.3281
          Metrics/motion/error_body_pos: 0.2725
          Metrics/motion/error_body_rot: 0.2351
         Metrics/motion/error_joint_pos: 1.0103
         Metrics/motion/error_joint_vel: 5.9884
        Metrics/motion/sampling_entropy: 0.0000
      Metrics/motion/sampling_top1_prob: 0.0000
       Metrics/motion/sampling_top1_bin: 0.0000
      Metrics/motion/error_body_lin_vel: 0.4195
      Metrics/motion/error_body_ang_vel: 1.5937
           Episode_Termination/time_out: 0.0000
         Episode_Termination/anchor_pos: 0.0000
         Episode_Termination/anchor_ori: 0.0000
        Episode_Termination/ee_body_pos: 0.0000
Episode_Termination/corpus_clip_time_out: 0.1250
Episode_Termination/invalid_native_model_actuation: 0.0000
Episode_Termination/world_root_tracking_failure: 1.2500
 Episode_Reward/world_potential_shaping: 0.0496
--------------------------------------------------------------------------------
                         Iteration time: 3.78s
                           Time elapsed: 00:13:03
                                    ETA: 00:09:31

################################################################################
[1m                           Learning iteration 289/500                           [0m 

                               Run name: original_core_920ms_fresh
                            Total steps: 593920 
                       Steps per second: 553 
                        Collection time: 3.449s 
                          Learning time: 0.248s 
                        Mean value loss: 605.6475
                    Mean surrogate loss: -0.0140
                      Mean entropy loss: -20.3232
                            Mean reward: 555.21
                    Mean episode length: 254.44
                        Mean action std: 0.10
--------------------------------------------------------------------------------
                         Iteration time: 3.70s
                           Time elapsed: 00:13:06
                                    ETA: 00:09:29

################################################################################
[1m                           Learning iteration 290/500                           [0m 

                               Run name: original_core_920ms_fresh
                            Total steps: 595968 
                       Steps per second: 590 
                        Collection time: 3.247s 
                          Learning time: 0.224s 
                        Mean value loss: 556.9889
                    Mean surrogate loss: -0.0098
                      Mean entropy loss: -20.3232
                            Mean reward: 526.78
                    Mean episode length: 243.43
                        Mean action std: 0.10
  Episode_Reward/motion_global_root_pos: 0.0154
  Episode_Reward/motion_global_root_ori: 0.0169
         Episode_Reward/motion_body_pos: 0.0305
         Episode_Reward/motion_body_ori: 0.0293
     Episode_Reward/motion_body_lin_vel: 0.0344
     Episode_Reward/motion_body_ang_vel: 0.0325
          Episode_Reward/action_rate_l2: -0.0032
             Episode_Reward/joint_limit: -0.0002
         Episode_Reward/self_collisions: -0.0019
Episode_Reward/action_target_reference_l2: -0.0216
Episode_Reward/action_target_soft_limit_barrier: -0.0030
                   Episode_Reward/alive: 4.2994
 Episode_Reward/non_timeout_termination: -0.5468
Episode_Reward/worst_ee_z_normalized_squared: -0.0912
Episode_Reward/right_wrist_prethreshold_barrier: -0.0027
 Episode_Reward/requested_effort_excess: 0.0000
Episode_Reward/root_world_tracking_error: -0.0107
Episode_Reward/measured_joint_posture_l2: -0.0588
Episode_Reward/measured_feet_world_position_l2: -0.0319
Episode_Reward/original_task_position_l2: -0.0256
Episode_Reward/original_task_orientation_l2: -0.0180
        Metrics/motion/error_anchor_pos: 0.2381
        Metrics/motion/error_anchor_rot: 0.1519
    Metrics/motion/error_anchor_lin_vel: 0.4159
    Metrics/motion/error_anchor_ang_vel: 0.9711
          Metrics/motion/error_body_pos: 0.2394
          Metrics/motion/error_body_rot: 0.2768
         Metrics/motion/error_joint_pos: 1.0818
         Metrics/motion/error_joint_vel: 4.3910
        Metrics/motion/sampling_entropy: 0.0000
      Metrics/motion/sampling_top1_prob: 0.0000
       Metrics/motion/sampling_top1_bin: 0.0000
      Metrics/motion/error_body_lin_vel: 0.4357
      Metrics/motion/error_body_ang_vel: 1.4770
           Episode_Termination/time_out: 0.0000
         Episode_Termination/anchor_pos: 0.0000
         Episode_Termination/anchor_ori: 0.0000
        Episode_Termination/ee_body_pos: 0.0000
Episode_Termination/corpus_clip_time_out: 0.2857
Episode_Termination/invalid_native_model_actuation: 0.0000
Episode_Termination/world_root_tracking_failure: 1.0000
 Episode_Reward/world_potential_shaping: 0.0532
--------------------------------------------------------------------------------
                         Iteration time: 3.47s
                           Time elapsed: 00:13:10
                                    ETA: 00:09:27

################################################################################
[1m                           Learning iteration 291/500                           [0m 

                               Run name: original_core_920ms_fresh
                            Total steps: 598016 
                       Steps per second: 471 
                        Collection time: 3.972s 
                          Learning time: 0.367s 
                        Mean value loss: 357.1107
                    Mean surrogate loss: -0.0142
                      Mean entropy loss: -20.3231
                            Mean reward: 570.58
                    Mean episode length: 260.63
                        Mean action std: 0.10
  Episode_Reward/motion_global_root_pos: 0.0220
  Episode_Reward/motion_global_root_ori: 0.0246
         Episode_Reward/motion_body_pos: 0.0438
         Episode_Reward/motion_body_ori: 0.0406
     Episode_Reward/motion_body_lin_vel: 0.0495
     Episode_Reward/motion_body_ang_vel: 0.0457
          Episode_Reward/action_rate_l2: -0.0050
             Episode_Reward/joint_limit: -0.0004
         Episode_Reward/self_collisions: -0.0113
Episode_Reward/action_target_reference_l2: -0.0322
Episode_Reward/action_target_soft_limit_barrier: -0.0045
                   Episode_Reward/alive: 6.2447
 Episode_Reward/non_timeout_termination: -0.6804
Episode_Reward/worst_ee_z_normalized_squared: -0.1201
Episode_Reward/right_wrist_prethreshold_barrier: -0.0071
 Episode_Reward/requested_effort_excess: -0.0000
Episode_Reward/root_world_tracking_error: -0.0175
Episode_Reward/measured_joint_posture_l2: -0.0727
Episode_Reward/measured_feet_world_position_l2: -0.0442
Episode_Reward/original_task_position_l2: -0.0373
Episode_Reward/original_task_orientation_l2: -0.0284
        Metrics/motion/error_anchor_pos: 0.2684
        Metrics/motion/error_anchor_rot: 0.1404
    Metrics/motion/error_anchor_lin_vel: 0.3950
    Metrics/motion/error_anchor_ang_vel: 0.8167
          Metrics/motion/error_body_pos: 0.2718
          Metrics/motion/error_body_rot: 0.2529
         Metrics/motion/error_joint_pos: 1.0809
         Metrics/motion/error_joint_vel: 4.5861
        Metrics/motion/sampling_entropy: 0.0000
      Metrics/motion/sampling_top1_prob: 0.0000
       Metrics/motion/sampling_top1_bin: 0.0000
      Metrics/motion/error_body_lin_vel: 0.3907
      Metrics/motion/error_body_ang_vel: 1.3716
           Episode_Termination/time_out: 0.0000
         Episode_Termination/anchor_pos: 0.0000
         Episode_Termination/anchor_ori: 0.0000
        Episode_Termination/ee_body_pos: 0.0000
Episode_Termination/corpus_clip_time_out: 0.1111
Episode_Termination/invalid_native_model_actuation: 0.0000
Episode_Termination/world_root_tracking_failure: 1.2222
 Episode_Reward/world_potential_shaping: 0.0713
--------------------------------------------------------------------------------
                         Iteration time: 4.34s
                           Time elapsed: 00:13:14
                                    ETA: 00:09:25

################################################################################
[1m                           Learning iteration 292/500                           [0m 

                               Run name: original_core_920ms_fresh
                            Total steps: 600064 
                       Steps per second: 315 
                        Collection time: 6.317s 
                          Learning time: 0.183s 
                        Mean value loss: 301.7528
                    Mean surrogate loss: -0.0134
                      Mean entropy loss: -20.3231
                            Mean reward: 606.53
                    Mean episode length: 274.15
                        Mean action std: 0.10
  Episode_Reward/motion_global_root_pos: 0.0294
  Episode_Reward/motion_global_root_ori: 0.0317
         Episode_Reward/motion_body_pos: 0.0589
         Episode_Reward/motion_body_ori: 0.0540
     Episode_Reward/motion_body_lin_vel: 0.0634
     Episode_Reward/motion_body_ang_vel: 0.0588
          Episode_Reward/action_rate_l2: -0.0060
             Episode_Reward/joint_limit: -0.0003
         Episode_Reward/self_collisions: -0.0041
Episode_Reward/action_target_reference_l2: -0.0388
Episode_Reward/action_target_soft_limit_barrier: -0.0059
                   Episode_Reward/alive: 7.9343
 Episode_Reward/non_timeout_termination: -0.6889
Episode_Reward/worst_ee_z_normalized_squared: -0.1683
Episode_Reward/right_wrist_prethreshold_barrier: -0.0016
 Episode_Reward/requested_effort_excess: -0.0000
Episode_Reward/root_world_tracking_error: -0.0167
Episode_Reward/measured_joint_posture_l2: -0.0921
Episode_Reward/measured_feet_world_position_l2: -0.0542
Episode_Reward/original_task_position_l2: -0.0454
Episode_Reward/original_task_orientation_l2: -0.0311
        Metrics/motion/error_anchor_pos: 0.2735
        Metrics/motion/error_anchor_rot: 0.1905
    Metrics/motion/error_anchor_lin_vel: 0.5335
    Metrics/motion/error_anchor_ang_vel: 0.7717
          Metrics/motion/error_body_pos: 0.2729
          Metrics/motion/error_body_rot: 0.3154
         Metrics/motion/error_joint_pos: 1.0804
         Metrics/motion/error_joint_vel: 5.6764
        Metrics/motion/sampling_entropy: 0.0000
      Metrics/motion/sampling_top1_prob: 0.0000
       Metrics/motion/sampling_top1_bin: 0.0000
      Metrics/motion/error_body_lin_vel: 0.6218
      Metrics/motion/error_body_ang_vel: 1.7126
           Episode_Termination/time_out: 0.0000
         Episode_Termination/anchor_pos: 0.0000
         Episode_Termination/anchor_ori: 0.0000
        Episode_Termination/ee_body_pos: 0.0000
Episode_Termination/corpus_clip_time_out: 0.2000
Episode_Termination/invalid_native_model_actuation: 0.0000
Episode_Termination/world_root_tracking_failure: 1.0000
 Episode_Reward/world_potential_shaping: 0.0834
--------------------------------------------------------------------------------
                         Iteration time: 6.50s
                           Time elapsed: 00:13:21
                                    ETA: 00:09:25

################################################################################
[1m                           Learning iteration 293/500                           [0m 

                               Run name: original_core_920ms_fresh
                            Total steps: 602112 
                       Steps per second: 747 
                        Collection time: 2.563s 
                          Learning time: 0.177s 
                        Mean value loss: 468.1640
                    Mean surrogate loss: -0.0144
                      Mean entropy loss: -20.3231
                            Mean reward: 568.64
                    Mean episode length: 260.94
                        Mean action std: 0.10
--------------------------------------------------------------------------------
                         Iteration time: 2.74s
                           Time elapsed: 00:13:23
                                    ETA: 00:09:23

################################################################################
[1m                           Learning iteration 294/500                           [0m 

                               Run name: original_core_920ms_fresh
                            Total steps: 604160 
                       Steps per second: 873 
                        Collection time: 2.157s 
                          Learning time: 0.187s 
                        Mean value loss: 984.6277
                    Mean surrogate loss: -0.0126
                      Mean entropy loss: -20.3231
                            Mean reward: 571.59
                    Mean episode length: 261.93
                        Mean action std: 0.10
--------------------------------------------------------------------------------
                         Iteration time: 2.34s
                           Time elapsed: 00:13:26
                                    ETA: 00:09:20

################################################################################
[1m                           Learning iteration 295/500                           [0m 

                               Run name: original_core_920ms_fresh
                            Total steps: 606208 
                       Steps per second: 838 
                        Collection time: 2.261s 
                          Learning time: 0.182s 
                        Mean value loss: 362.6135
                    Mean surrogate loss: -0.0102
                      Mean entropy loss: -20.3231
                            Mean reward: 595.30
                    Mean episode length: 271.02
                        Mean action std: 0.10
--------------------------------------------------------------------------------
                         Iteration time: 2.44s
                           Time elapsed: 00:13:28
                                    ETA: 00:09:17

################################################################################
[1m                           Learning iteration 296/500                           [0m 

                               Run name: original_core_920ms_fresh
                            Total steps: 608256 
                       Steps per second: 790 
                        Collection time: 2.407s 
                          Learning time: 0.183s 
                        Mean value loss: 216.2376
                    Mean surrogate loss: -0.0125
                      Mean entropy loss: -20.3231
                            Mean reward: 574.07
                    Mean episode length: 262.60
                        Mean action std: 0.10
--------------------------------------------------------------------------------
                         Iteration time: 2.59s
                           Time elapsed: 00:13:31
                                    ETA: 00:09:14

################################################################################
[1m                           Learning iteration 297/500                           [0m 

                               Run name: original_core_920ms_fresh
                            Total steps: 610304 
                       Steps per second: 806 
                        Collection time: 2.360s 
                          Learning time: 0.179s 
                        Mean value loss: 246.6209
                    Mean surrogate loss: -0.0124
                      Mean entropy loss: -20.3231
                            Mean reward: 596.17
                    Mean episode length: 271.12
                        Mean action std: 0.10
  Episode_Reward/motion_global_root_pos: 0.0185
  Episode_Reward/motion_global_root_ori: 0.0214
         Episode_Reward/motion_body_pos: 0.0356
         Episode_Reward/motion_body_ori: 0.0363
     Episode_Reward/motion_body_lin_vel: 0.0420
     Episode_Reward/motion_body_ang_vel: 0.0392
          Episode_Reward/action_rate_l2: -0.0042
             Episode_Reward/joint_limit: -0.0001
         Episode_Reward/self_collisions: -0.0007
Episode_Reward/action_target_reference_l2: -0.0263
Episode_Reward/action_target_soft_limit_barrier: -0.0041
                   Episode_Reward/alive: 5.3347
 Episode_Reward/non_timeout_termination: -0.5954
Episode_Reward/worst_ee_z_normalized_squared: -0.1038
Episode_Reward/right_wrist_prethreshold_barrier: -0.0054
 Episode_Reward/requested_effort_excess: -0.0000
Episode_Reward/root_world_tracking_error: -0.0150
Episode_Reward/measured_joint_posture_l2: -0.0646
Episode_Reward/measured_feet_world_position_l2: -0.0400
Episode_Reward/original_task_position_l2: -0.0322
Episode_Reward/original_task_orientation_l2: -0.0224
        Metrics/motion/error_anchor_pos: 0.2433
        Metrics/motion/error_anchor_rot: 0.1316
    Metrics/motion/error_anchor_lin_vel: 0.4419
    Metrics/motion/error_anchor_ang_vel: 1.0528
          Metrics/motion/error_body_pos: 0.2522
          Metrics/motion/error_body_rot: 0.2739
         Metrics/motion/error_joint_pos: 1.0843
         Metrics/motion/error_joint_vel: 5.8320
        Metrics/motion/sampling_entropy: 0.0000
      Metrics/motion/sampling_top1_prob: 0.0000
       Metrics/motion/sampling_top1_bin: 0.0000
      Metrics/motion/error_body_lin_vel: 0.5175
      Metrics/motion/error_body_ang_vel: 1.6180
           Episode_Termination/time_out: 0.0000
         Episode_Termination/anchor_pos: 0.0000
         Episode_Termination/anchor_ori: 0.0000
        Episode_Termination/ee_body_pos: 0.1111
Episode_Termination/corpus_clip_time_out: 0.2222
Episode_Termination/invalid_native_model_actuation: 0.0000
Episode_Termination/world_root_tracking_failure: 0.6667
 Episode_Reward/world_potential_shaping: 0.0656
--------------------------------------------------------------------------------
                         Iteration time: 2.54s
                           Time elapsed: 00:13:33
                                    ETA: 00:09:11

################################################################################
[1m                           Learning iteration 298/500                           [0m 

                               Run name: original_core_920ms_fresh
                            Total steps: 612352 
                       Steps per second: 772 
                        Collection time: 2.480s 
                          Learning time: 0.170s 
                        Mean value loss: 430.3812
                    Mean surrogate loss: -0.0117
                      Mean entropy loss: -20.3231
                            Mean reward: 610.88
                    Mean episode length: 277.49
                        Mean action std: 0.10
--------------------------------------------------------------------------------
                         Iteration time: 2.65s
                           Time elapsed: 00:13:36
                                    ETA: 00:09:08

################################################################################
[1m                           Learning iteration 299/500                           [0m 

                               Run name: original_core_920ms_fresh
                            Total steps: 614400 
                       Steps per second: 912 
                        Collection time: 2.072s 
                          Learning time: 0.174s 
                        Mean value loss: 246.0163
                    Mean surrogate loss: -0.0162
                      Mean entropy loss: -20.3231
                            Mean reward: 599.07
                    Mean episode length: 272.85
                        Mean action std: 0.10
--------------------------------------------------------------------------------
                         Iteration time: 2.25s
                           Time elapsed: 00:13:38
                                    ETA: 00:09:05

################################################################################
[1m                           Learning iteration 300/500                           [0m 

                               Run name: original_core_920ms_fresh
                            Total steps: 616448 
                       Steps per second: 910 
                        Collection time: 2.079s 
                          Learning time: 0.171s 
                        Mean value loss: 485.3173
                    Mean surrogate loss: -0.0144
                      Mean entropy loss: -20.3231
                            Mean reward: 563.91
                    Mean episode length: 258.77
                        Mean action std: 0.10
  Episode_Reward/motion_global_root_pos: 0.0085
  Episode_Reward/motion_global_root_ori: 0.0108
         Episode_Reward/motion_body_pos: 0.0171
         Episode_Reward/motion_body_ori: 0.0184
     Episode_Reward/motion_body_lin_vel: 0.0203
     Episode_Reward/motion_body_ang_vel: 0.0193
          Episode_Reward/action_rate_l2: -0.0023
             Episode_Reward/joint_limit: -0.0001
         Episode_Reward/self_collisions: -0.0003
Episode_Reward/action_target_reference_l2: -0.0127
Episode_Reward/action_target_soft_limit_barrier: -0.0031
                   Episode_Reward/alive: 2.7242
 Episode_Reward/non_timeout_termination: -0.7017
Episode_Reward/worst_ee_z_normalized_squared: -0.0386
Episode_Reward/right_wrist_prethreshold_barrier: -0.0026
 Episode_Reward/requested_effort_excess: -0.0000
Episode_Reward/root_world_tracking_error: -0.0122
Episode_Reward/measured_joint_posture_l2: -0.0369
Episode_Reward/measured_feet_world_position_l2: -0.0206
Episode_Reward/original_task_position_l2: -0.0171
Episode_Reward/original_task_orientation_l2: -0.0104
        Metrics/motion/error_anchor_pos: 0.2623
        Metrics/motion/error_anchor_rot: 0.1242
    Metrics/motion/error_anchor_lin_vel: 0.3835
    Metrics/motion/error_anchor_ang_vel: 0.7034
          Metrics/motion/error_body_pos: 0.2752
          Metrics/motion/error_body_rot: 0.2473
         Metrics/motion/error_joint_pos: 0.9570
         Metrics/motion/error_joint_vel: 4.1466
        Metrics/motion/sampling_entropy: 0.0000
      Metrics/motion/sampling_top1_prob: 0.0000
       Metrics/motion/sampling_top1_bin: 0.0000
      Metrics/motion/error_body_lin_vel: 0.4357
      Metrics/motion/error_body_ang_vel: 1.1418
           Episode_Termination/time_out: 0.0000
         Episode_Termination/anchor_pos: 0.0000
         Episode_Termination/anchor_ori: 0.0000
        Episode_Termination/ee_body_pos: 0.1667
Episode_Termination/corpus_clip_time_out: 0.1667
Episode_Termination/invalid_native_model_actuation: 0.0000
Episode_Termination/world_root_tracking_failure: 0.8333
 Episode_Reward/world_potential_shaping: 0.0408
--------------------------------------------------------------------------------
                         Iteration time: 2.25s
                           Time elapsed: 00:13:40
                                    ETA: 00:09:02

################################################################################
[1m                           Learning iteration 301/500                           [0m 

                               Run name: original_core_920ms_fresh
                            Total steps: 618496 
                       Steps per second: 892 
                        Collection time: 2.131s 
                          Learning time: 0.163s 
                        Mean value loss: 600.8641
                    Mean surrogate loss: -0.0135
                      Mean entropy loss: -20.3231
                            Mean reward: 583.72
                    Mean episode length: 268.48
                        Mean action std: 0.10
--------------------------------------------------------------------------------
                         Iteration time: 2.29s
                           Time elapsed: 00:13:43
                                    ETA: 00:08:59

################################################################################
[1m                           Learning iteration 302/500                           [0m 

                               Run name: original_core_920ms_fresh
                            Total steps: 620544 
                       Steps per second: 884 
                        Collection time: 2.154s 
                          Learning time: 0.161s 
                        Mean value loss: 776.6369
                    Mean surrogate loss: -0.0063
                      Mean entropy loss: -20.3231
                            Mean reward: 583.43
                    Mean episode length: 267.90
                        Mean action std: 0.10
  Episode_Reward/motion_global_root_pos: 0.0165
  Episode_Reward/motion_global_root_ori: 0.0191
         Episode_Reward/motion_body_pos: 0.0331
         Episode_Reward/motion_body_ori: 0.0332
     Episode_Reward/motion_body_lin_vel: 0.0386
     Episode_Reward/motion_body_ang_vel: 0.0359
          Episode_Reward/action_rate_l2: -0.0036
             Episode_Reward/joint_limit: -0.0001
         Episode_Reward/self_collisions: -0.0038
Episode_Reward/action_target_reference_l2: -0.0228
Episode_Reward/action_target_soft_limit_barrier: -0.0027
                   Episode_Reward/alive: 4.7823
 Episode_Reward/non_timeout_termination: -0.7108
Episode_Reward/worst_ee_z_normalized_squared: -0.1028
Episode_Reward/right_wrist_prethreshold_barrier: -0.0050
 Episode_Reward/requested_effort_excess: -0.0000
Episode_Reward/root_world_tracking_error: -0.0129
Episode_Reward/measured_joint_posture_l2: -0.0553
Episode_Reward/measured_feet_world_position_l2: -0.0336
Episode_Reward/original_task_position_l2: -0.0283
Episode_Reward/original_task_orientation_l2: -0.0205
        Metrics/motion/error_anchor_pos: 0.2842
        Metrics/motion/error_anchor_rot: 0.1312
    Metrics/motion/error_anchor_lin_vel: 0.3870
    Metrics/motion/error_anchor_ang_vel: 1.1398
          Metrics/motion/error_body_pos: 0.2827
          Metrics/motion/error_body_rot: 0.2575
         Metrics/motion/error_joint_pos: 1.0289
         Metrics/motion/error_joint_vel: 4.9193
        Metrics/motion/sampling_entropy: 0.0000
      Metrics/motion/sampling_top1_prob: 0.0000
       Metrics/motion/sampling_top1_bin: 0.0000
      Metrics/motion/error_body_lin_vel: 0.4424
      Metrics/motion/error_body_ang_vel: 1.6523
           Episode_Termination/time_out: 0.0000
         Episode_Termination/anchor_pos: 0.0000
         Episode_Termination/anchor_ori: 0.0000
        Episode_Termination/ee_body_pos: 0.0000
Episode_Termination/corpus_clip_time_out: 0.1429
Episode_Termination/invalid_native_model_actuation: 0.0000
Episode_Termination/world_root_tracking_failure: 1.0000
 Episode_Reward/world_potential_shaping: 0.0596
--------------------------------------------------------------------------------
                         Iteration time: 2.31s
                           Time elapsed: 00:13:45
                                    ETA: 00:08:56

################################################################################
[1m                           Learning iteration 303/500                           [0m 

                               Run name: original_core_920ms_fresh
                            Total steps: 622592 
                       Steps per second: 884 
                        Collection time: 2.156s 
                          Learning time: 0.160s 
                        Mean value loss: 965.3947
                    Mean surrogate loss: -0.0088
                      Mean entropy loss: -20.3231
                            Mean reward: 624.48
                    Mean episode length: 284.77
                        Mean action std: 0.10
--------------------------------------------------------------------------------
                         Iteration time: 2.32s
                           Time elapsed: 00:13:47
                                    ETA: 00:08:53

################################################################################
[1m                           Learning iteration 304/500                           [0m 

                               Run name: original_core_920ms_fresh
                            Total steps: 624640 
                       Steps per second: 854 
                        Collection time: 2.230s 
                          Learning time: 0.168s 
                        Mean value loss: 701.1993
                    Mean surrogate loss: -0.0044
                      Mean entropy loss: -20.3231
                            Mean reward: 668.38
                    Mean episode length: 302.19
                        Mean action std: 0.10
  Episode_Reward/motion_global_root_pos: 0.0219
  Episode_Reward/motion_global_root_ori: 0.0261
         Episode_Reward/motion_body_pos: 0.0430
         Episode_Reward/motion_body_ori: 0.0448
     Episode_Reward/motion_body_lin_vel: 0.0514
     Episode_Reward/motion_body_ang_vel: 0.0485
          Episode_Reward/action_rate_l2: -0.0050
             Episode_Reward/joint_limit: -0.0002
         Episode_Reward/self_collisions: -0.0075
Episode_Reward/action_target_reference_l2: -0.0317
Episode_Reward/action_target_soft_limit_barrier: -0.0043
                   Episode_Reward/alive: 6.5267
 Episode_Reward/non_timeout_termination: -0.5741
Episode_Reward/worst_ee_z_normalized_squared: -0.1226
Episode_Reward/right_wrist_prethreshold_barrier: -0.0038
 Episode_Reward/requested_effort_excess: -0.0000
Episode_Reward/root_world_tracking_error: -0.0211
Episode_Reward/measured_joint_posture_l2: -0.0770
Episode_Reward/measured_feet_world_position_l2: -0.0484
Episode_Reward/original_task_position_l2: -0.0389
Episode_Reward/original_task_orientation_l2: -0.0272
        Metrics/motion/error_anchor_pos: 0.2378
        Metrics/motion/error_anchor_rot: 0.1447
    Metrics/motion/error_anchor_lin_vel: 0.4878
    Metrics/motion/error_anchor_ang_vel: 0.9403
          Metrics/motion/error_body_pos: 0.2462
          Metrics/motion/error_body_rot: 0.2745
         Metrics/motion/error_joint_pos: 1.0711
         Metrics/motion/error_joint_vel: 4.9287
        Metrics/motion/sampling_entropy: 0.0000
      Metrics/motion/sampling_top1_prob: 0.0000
       Metrics/motion/sampling_top1_bin: 0.0000
      Metrics/motion/error_body_lin_vel: 0.5024
      Metrics/motion/error_body_ang_vel: 1.6130
           Episode_Termination/time_out: 0.0000
         Episode_Termination/anchor_pos: 0.0000
         Episode_Termination/anchor_ori: 0.0000
        Episode_Termination/ee_body_pos: 0.0000
Episode_Termination/corpus_clip_time_out: 0.2500
Episode_Termination/invalid_native_model_actuation: 0.0000
Episode_Termination/world_root_tracking_failure: 0.7500
 Episode_Reward/world_potential_shaping: 0.0814
--------------------------------------------------------------------------------
                         Iteration time: 2.40s
                           Time elapsed: 00:13:50
                                    ETA: 00:08:50

################################################################################
[1m                           Learning iteration 305/500                           [0m 

                               Run name: original_core_920ms_fresh
                            Total steps: 626688 
                       Steps per second: 823 
                        Collection time: 2.311s 
                          Learning time: 0.175s 
                        Mean value loss: 659.2526
                    Mean surrogate loss: -0.0133
                      Mean entropy loss: -20.3231
                            Mean reward: 648.79
                    Mean episode length: 294.48
                        Mean action std: 0.10
--------------------------------------------------------------------------------
                         Iteration time: 2.49s
                           Time elapsed: 00:13:52
                                    ETA: 00:08:47

################################################################################
[1m                           Learning iteration 306/500                           [0m 

                               Run name: original_core_920ms_fresh
                            Total steps: 628736 
                       Steps per second: 882 
                        Collection time: 2.158s 
                          Learning time: 0.163s 
                        Mean value loss: 488.8931
                    Mean surrogate loss: -0.0133
                      Mean entropy loss: -20.3231
                            Mean reward: 616.27
                    Mean episode length: 281.85
                        Mean action std: 0.10
--------------------------------------------------------------------------------
                         Iteration time: 2.32s
                           Time elapsed: 00:13:54
                                    ETA: 00:08:44

################################################################################
[1m                           Learning iteration 307/500                           [0m 

                               Run name: original_core_920ms_fresh
                            Total steps: 630784 
                       Steps per second: 753 
                        Collection time: 2.547s 
                          Learning time: 0.171s 
                        Mean value loss: 354.6890
                    Mean surrogate loss: -0.0131
                      Mean entropy loss: -20.3231
                            Mean reward: 600.76
                    Mean episode length: 274.41
                        Mean action std: 0.10
--------------------------------------------------------------------------------
                         Iteration time: 2.72s
                           Time elapsed: 00:13:57
                                    ETA: 00:08:42

################################################################################
[1m                           Learning iteration 308/500                           [0m 

                               Run name: original_core_920ms_fresh
                            Total steps: 632832 
                       Steps per second: 876 
                        Collection time: 2.175s 
                          Learning time: 0.161s 
                        Mean value loss: 737.7960
                    Mean surrogate loss: -0.0155
                      Mean entropy loss: -20.3231
                            Mean reward: 584.21
                    Mean episode length: 269.66
                        Mean action std: 0.10
  Episode_Reward/motion_global_root_pos: 0.0120
  Episode_Reward/motion_global_root_ori: 0.0135
         Episode_Reward/motion_body_pos: 0.0241
         Episode_Reward/motion_body_ori: 0.0233
     Episode_Reward/motion_body_lin_vel: 0.0267
     Episode_Reward/motion_body_ang_vel: 0.0248
          Episode_Reward/action_rate_l2: -0.0029
             Episode_Reward/joint_limit: -0.0002
         Episode_Reward/self_collisions: -0.0008
Episode_Reward/action_target_reference_l2: -0.0176
Episode_Reward/action_target_soft_limit_barrier: -0.0025
                   Episode_Reward/alive: 3.4603
 Episode_Reward/non_timeout_termination: -0.7655
Episode_Reward/worst_ee_z_normalized_squared: -0.0751
Episode_Reward/right_wrist_prethreshold_barrier: -0.0066
 Episode_Reward/requested_effort_excess: -0.0000
Episode_Reward/root_world_tracking_error: -0.0116
Episode_Reward/measured_joint_posture_l2: -0.0393
Episode_Reward/measured_feet_world_position_l2: -0.0238
Episode_Reward/original_task_position_l2: -0.0213
Episode_Reward/original_task_orientation_l2: -0.0140
        Metrics/motion/error_anchor_pos: 0.2595
        Metrics/motion/error_anchor_rot: 0.1608
    Metrics/motion/error_anchor_lin_vel: 0.5390
    Metrics/motion/error_anchor_ang_vel: 1.0956
          Metrics/motion/error_body_pos: 0.2660
          Metrics/motion/error_body_rot: 0.3018
         Metrics/motion/error_joint_pos: 0.9337
         Metrics/motion/error_joint_vel: 4.7896
        Metrics/motion/sampling_entropy: 0.0000
      Metrics/motion/sampling_top1_prob: 0.0000
       Metrics/motion/sampling_top1_bin: 0.0000
      Metrics/motion/error_body_lin_vel: 0.5760
      Metrics/motion/error_body_ang_vel: 1.4606
           Episode_Termination/time_out: 0.0000
         Episode_Termination/anchor_pos: 0.0000
         Episode_Termination/anchor_ori: 0.0000
        Episode_Termination/ee_body_pos: 0.2500
Episode_Termination/corpus_clip_time_out: 0.0000
Episode_Termination/invalid_native_model_actuation: 0.0000
Episode_Termination/world_root_tracking_failure: 1.3750
 Episode_Reward/world_potential_shaping: 0.0473
--------------------------------------------------------------------------------
                         Iteration time: 2.34s
                           Time elapsed: 00:14:00
                                    ETA: 00:08:39

################################################################################
[1m                           Learning iteration 309/500                           [0m 

                               Run name: original_core_920ms_fresh
                            Total steps: 634880 
                       Steps per second: 899 
                        Collection time: 2.106s 
                          Learning time: 0.170s 
                        Mean value loss: 507.0241
                    Mean surrogate loss: -0.0161
                      Mean entropy loss: -20.3231
                            Mean reward: 606.24
                    Mean episode length: 277.88
                        Mean action std: 0.10
  Episode_Reward/motion_global_root_pos: 0.0119
  Episode_Reward/motion_global_root_ori: 0.0129
         Episode_Reward/motion_body_pos: 0.0234
         Episode_Reward/motion_body_ori: 0.0221
     Episode_Reward/motion_body_lin_vel: 0.0260
     Episode_Reward/motion_body_ang_vel: 0.0250
          Episode_Reward/action_rate_l2: -0.0024
             Episode_Reward/joint_limit: -0.0003
         Episode_Reward/self_collisions: -0.0006
Episode_Reward/action_target_reference_l2: -0.0163
Episode_Reward/action_target_soft_limit_barrier: -0.0033
                   Episode_Reward/alive: 3.2964
 Episode_Reward/non_timeout_termination: -0.6698
Episode_Reward/worst_ee_z_normalized_squared: -0.0541
Episode_Reward/right_wrist_prethreshold_barrier: 0.0000
 Episode_Reward/requested_effort_excess: -0.0000
Episode_Reward/root_world_tracking_error: -0.0089
Episode_Reward/measured_joint_posture_l2: -0.0464
Episode_Reward/measured_feet_world_position_l2: -0.0233
Episode_Reward/original_task_position_l2: -0.0188
Episode_Reward/original_task_orientation_l2: -0.0140
        Metrics/motion/error_anchor_pos: 0.2627
        Metrics/motion/error_anchor_rot: 0.2015
    Metrics/motion/error_anchor_lin_vel: 0.5438
    Metrics/motion/error_anchor_ang_vel: 1.2433
          Metrics/motion/error_body_pos: 0.2675
          Metrics/motion/error_body_rot: 0.3387
         Metrics/motion/error_joint_pos: 1.0647
         Metrics/motion/error_joint_vel: 5.9024
        Metrics/motion/sampling_entropy: 0.0000
      Metrics/motion/sampling_top1_prob: 0.0000
       Metrics/motion/sampling_top1_bin: 0.0000
      Metrics/motion/error_body_lin_vel: 0.6008
      Metrics/motion/error_body_ang_vel: 1.8591
           Episode_Termination/time_out: 0.0000
         Episode_Termination/anchor_pos: 0.0000
         Episode_Termination/anchor_ori: 0.0000
        Episode_Termination/ee_body_pos: 0.0000
Episode_Termination/corpus_clip_time_out: 0.1250
Episode_Termination/invalid_native_model_actuation: 0.0000
Episode_Termination/world_root_tracking_failure: 1.0000
 Episode_Reward/world_potential_shaping: 0.0410
--------------------------------------------------------------------------------
                         Iteration time: 2.28s
                           Time elapsed: 00:14:02
                                    ETA: 00:08:36

################################################################################
[1m                           Learning iteration 310/500                           [0m 

                               Run name: original_core_920ms_fresh
                            Total steps: 636928 
                       Steps per second: 894 
                        Collection time: 2.121s 
                          Learning time: 0.168s 
                        Mean value loss: 354.8332
                    Mean surrogate loss: -0.0114
                      Mean entropy loss: -20.3231
                            Mean reward: 573.29
                    Mean episode length: 264.84
                        Mean action std: 0.10
--------------------------------------------------------------------------------
                         Iteration time: 2.29s
                           Time elapsed: 00:14:04
                                    ETA: 00:08:33

################################################################################
[1m                           Learning iteration 311/500                           [0m 

                               Run name: original_core_920ms_fresh
                            Total steps: 638976 
                       Steps per second: 910 
                        Collection time: 2.092s 
                          Learning time: 0.159s 
                        Mean value loss: 721.7443
                    Mean surrogate loss: -0.0151
                      Mean entropy loss: -20.3231
                            Mean reward: 551.26
                    Mean episode length: 256.78
                        Mean action std: 0.10
  Episode_Reward/motion_global_root_pos: 0.0085
  Episode_Reward/motion_global_root_ori: 0.0115
         Episode_Reward/motion_body_pos: 0.0168
         Episode_Reward/motion_body_ori: 0.0193
     Episode_Reward/motion_body_lin_vel: 0.0229
     Episode_Reward/motion_body_ang_vel: 0.0218
          Episode_Reward/action_rate_l2: -0.0021
             Episode_Reward/joint_limit: -0.0001
         Episode_Reward/self_collisions: -0.0014
Episode_Reward/action_target_reference_l2: -0.0138
Episode_Reward/action_target_soft_limit_barrier: -0.0028
                   Episode_Reward/alive: 2.9048
 Episode_Reward/non_timeout_termination: -0.7655
Episode_Reward/worst_ee_z_normalized_squared: -0.0550
Episode_Reward/right_wrist_prethreshold_barrier: -0.0000
 Episode_Reward/requested_effort_excess: -0.0000
Episode_Reward/root_world_tracking_error: -0.0128
Episode_Reward/measured_joint_posture_l2: -0.0388
Episode_Reward/measured_feet_world_position_l2: -0.0225
Episode_Reward/original_task_position_l2: -0.0190
Episode_Reward/original_task_orientation_l2: -0.0125
        Metrics/motion/error_anchor_pos: 0.2920
        Metrics/motion/error_anchor_rot: 0.1570
    Metrics/motion/error_anchor_lin_vel: 0.4622
    Metrics/motion/error_anchor_ang_vel: 1.0153
          Metrics/motion/error_body_pos: 0.2913
          Metrics/motion/error_body_rot: 0.2573
         Metrics/motion/error_joint_pos: 0.9488
         Metrics/motion/error_joint_vel: 5.1587
        Metrics/motion/sampling_entropy: 0.0000
      Metrics/motion/sampling_top1_prob: 0.0000
       Metrics/motion/sampling_top1_bin: 0.0000
      Metrics/motion/error_body_lin_vel: 0.4484
      Metrics/motion/error_body_ang_vel: 1.5359
           Episode_Termination/time_out: 0.0000
         Episode_Termination/anchor_pos: 0.0000
         Episode_Termination/anchor_ori: 0.0000
        Episode_Termination/ee_body_pos: 0.0000
Episode_Termination/corpus_clip_time_out: 0.0000
Episode_Termination/invalid_native_model_actuation: 0.0000
Episode_Termination/world_root_tracking_failure: 1.1250
 Episode_Reward/world_potential_shaping: 0.0480
--------------------------------------------------------------------------------
                         Iteration time: 2.25s
                           Time elapsed: 00:14:06
                                    ETA: 00:08:30

################################################################################
[1m                           Learning iteration 312/500                           [0m 

                               Run name: original_core_920ms_fresh
                            Total steps: 641024 
                       Steps per second: 772 
                        Collection time: 2.455s 
                          Learning time: 0.196s 
                        Mean value loss: 570.1418
                    Mean surrogate loss: -0.0102
                      Mean entropy loss: -20.3231
                            Mean reward: 553.64
                    Mean episode length: 258.43
                        Mean action std: 0.10
  Episode_Reward/motion_global_root_pos: 0.0194
  Episode_Reward/motion_global_root_ori: 0.0243
         Episode_Reward/motion_body_pos: 0.0387
         Episode_Reward/motion_body_ori: 0.0412
     Episode_Reward/motion_body_lin_vel: 0.0482
     Episode_Reward/motion_body_ang_vel: 0.0447
          Episode_Reward/action_rate_l2: -0.0047
             Episode_Reward/joint_limit: -0.0005
         Episode_Reward/self_collisions: -0.0006
Episode_Reward/action_target_reference_l2: -0.0293
Episode_Reward/action_target_soft_limit_barrier: -0.0047
                   Episode_Reward/alive: 6.0846
 Episode_Reward/non_timeout_termination: -0.7655
Episode_Reward/worst_ee_z_normalized_squared: -0.1345
Episode_Reward/right_wrist_prethreshold_barrier: -0.0031
 Episode_Reward/requested_effort_excess: -0.0000
Episode_Reward/root_world_tracking_error: -0.0205
Episode_Reward/measured_joint_posture_l2: -0.0716
Episode_Reward/measured_feet_world_position_l2: -0.0476
Episode_Reward/original_task_position_l2: -0.0405
Episode_Reward/original_task_orientation_l2: -0.0223
        Metrics/motion/error_anchor_pos: 0.2774
        Metrics/motion/error_anchor_rot: 0.1310
    Metrics/motion/error_anchor_lin_vel: 0.4371
    Metrics/motion/error_anchor_ang_vel: 1.0129
          Metrics/motion/error_body_pos: 0.2838
          Metrics/motion/error_body_rot: 0.2585
         Metrics/motion/error_joint_pos: 0.9309
         Metrics/motion/error_joint_vel: 5.9041
        Metrics/motion/sampling_entropy: 0.0000
      Metrics/motion/sampling_top1_prob: 0.0000
       Metrics/motion/sampling_top1_bin: 0.0000
      Metrics/motion/error_body_lin_vel: 0.4827
      Metrics/motion/error_body_ang_vel: 1.9265
           Episode_Termination/time_out: 0.0000
         Episode_Termination/anchor_pos: 0.0000
         Episode_Termination/anchor_ori: 0.0000
        Episode_Termination/ee_body_pos: 0.1667
Episode_Termination/corpus_clip_time_out: 0.0000
Episode_Termination/invalid_native_model_actuation: 0.0000
Episode_Termination/world_root_tracking_failure: 1.5000
 Episode_Reward/world_potential_shaping: 0.0873
--------------------------------------------------------------------------------
                         Iteration time: 2.65s
                           Time elapsed: 00:14:09
                                    ETA: 00:08:27

################################################################################
[1m                           Learning iteration 313/500                           [0m 

                               Run name: original_core_920ms_fresh
                            Total steps: 643072 
                       Steps per second: 881 
                        Collection time: 2.153s 
                          Learning time: 0.172s 
                        Mean value loss: 405.8561
                    Mean surrogate loss: -0.0161
                      Mean entropy loss: -20.3231
                            Mean reward: 537.25
                    Mean episode length: 251.26
                        Mean action std: 0.10
--------------------------------------------------------------------------------
                         Iteration time: 2.32s
                           Time elapsed: 00:14:11
                                    ETA: 00:08:24

################################################################################
[1m                           Learning iteration 314/500                           [0m 

                               Run name: original_core_920ms_fresh
                            Total steps: 645120 
                       Steps per second: 918 
                        Collection time: 2.064s 
                          Learning time: 0.166s 
                        Mean value loss: 390.5708
                    Mean surrogate loss: -0.0124
                      Mean entropy loss: -20.3231
                            Mean reward: 549.00
                    Mean episode length: 255.95
                        Mean action std: 0.10
--------------------------------------------------------------------------------
                         Iteration time: 2.23s
                           Time elapsed: 00:14:14
                                    ETA: 00:08:21

################################################################################
[1m                           Learning iteration 315/500                           [0m 

                               Run name: original_core_920ms_fresh
                            Total steps: 647168 
                       Steps per second: 798 
                        Collection time: 2.400s 
                          Learning time: 0.165s 
                        Mean value loss: 428.2696
                    Mean surrogate loss: -0.0120
                      Mean entropy loss: -20.3231
                            Mean reward: 517.64
                    Mean episode length: 243.53
                        Mean action std: 0.10
  Episode_Reward/motion_global_root_pos: 0.0170
  Episode_Reward/motion_global_root_ori: 0.0189
         Episode_Reward/motion_body_pos: 0.0337
         Episode_Reward/motion_body_ori: 0.0318
     Episode_Reward/motion_body_lin_vel: 0.0383
     Episode_Reward/motion_body_ang_vel: 0.0358
          Episode_Reward/action_rate_l2: -0.0037
             Episode_Reward/joint_limit: -0.0004
         Episode_Reward/self_collisions: -0.0028
Episode_Reward/action_target_reference_l2: -0.0237
Episode_Reward/action_target_soft_limit_barrier: -0.0039
                   Episode_Reward/alive: 4.8168
 Episode_Reward/non_timeout_termination: -0.6959
Episode_Reward/worst_ee_z_normalized_squared: -0.1014
Episode_Reward/right_wrist_prethreshold_barrier: -0.0046
 Episode_Reward/requested_effort_excess: -0.0000
Episode_Reward/root_world_tracking_error: -0.0130
Episode_Reward/measured_joint_posture_l2: -0.0602
Episode_Reward/measured_feet_world_position_l2: -0.0350
Episode_Reward/original_task_position_l2: -0.0286
Episode_Reward/original_task_orientation_l2: -0.0215
        Metrics/motion/error_anchor_pos: 0.2662
        Metrics/motion/error_anchor_rot: 0.1320
    Metrics/motion/error_anchor_lin_vel: 0.4542
    Metrics/motion/error_anchor_ang_vel: 1.1061
          Metrics/motion/error_body_pos: 0.2686
          Metrics/motion/error_body_rot: 0.2663
         Metrics/motion/error_joint_pos: 0.9651
         Metrics/motion/error_joint_vel: 5.6199
        Metrics/motion/sampling_entropy: 0.0000
      Metrics/motion/sampling_top1_prob: 0.0000
       Metrics/motion/sampling_top1_bin: 0.0000
      Metrics/motion/error_body_lin_vel: 0.5443
      Metrics/motion/error_body_ang_vel: 1.9131
           Episode_Termination/time_out: 0.0000
         Episode_Termination/anchor_pos: 0.0000
         Episode_Termination/anchor_ori: 0.0000
        Episode_Termination/ee_body_pos: 0.0909
Episode_Termination/corpus_clip_time_out: 0.0909
Episode_Termination/invalid_native_model_actuation: 0.0000
Episode_Termination/world_root_tracking_failure: 1.0000
 Episode_Reward/world_potential_shaping: 0.0602
--------------------------------------------------------------------------------
                         Iteration time: 2.56s
                           Time elapsed: 00:14:16
                                    ETA: 00:08:18

################################################################################
[1m                           Learning iteration 316/500                           [0m 

                               Run name: original_core_920ms_fresh
                            Total steps: 649216 
                       Steps per second: 913 
                        Collection time: 2.038s 
                          Learning time: 0.204s 
                        Mean value loss: 431.6857
                    Mean surrogate loss: -0.0144
                      Mean entropy loss: -20.3231
                            Mean reward: 521.87
                    Mean episode length: 245.23
                        Mean action std: 0.10
--------------------------------------------------------------------------------
                         Iteration time: 2.24s
                           Time elapsed: 00:14:18
                                    ETA: 00:08:15

################################################################################
[1m                           Learning iteration 317/500                           [0m 

                               Run name: original_core_920ms_fresh
                            Total steps: 651264 
                       Steps per second: 869 
                        Collection time: 2.181s 
                          Learning time: 0.174s 
                        Mean value loss: 358.3385
                    Mean surrogate loss: -0.0074
                      Mean entropy loss: -20.3231
                            Mean reward: 507.36
                    Mean episode length: 238.96
                        Mean action std: 0.10
  Episode_Reward/motion_global_root_pos: 0.0069
  Episode_Reward/motion_global_root_ori: 0.0080
         Episode_Reward/motion_body_pos: 0.0139
         Episode_Reward/motion_body_ori: 0.0132
     Episode_Reward/motion_body_lin_vel: 0.0154
     Episode_Reward/motion_body_ang_vel: 0.0149
          Episode_Reward/action_rate_l2: -0.0016
             Episode_Reward/joint_limit: -0.0002
         Episode_Reward/self_collisions: -0.0011
Episode_Reward/action_target_reference_l2: -0.0103
Episode_Reward/action_target_soft_limit_barrier: -0.0025
                   Episode_Reward/alive: 2.0466
 Episode_Reward/non_timeout_termination: -0.7655
Episode_Reward/worst_ee_z_normalized_squared: -0.0376
Episode_Reward/right_wrist_prethreshold_barrier: -0.0017
 Episode_Reward/requested_effort_excess: -0.0000
Episode_Reward/root_world_tracking_error: -0.0079
Episode_Reward/measured_joint_posture_l2: -0.0287
Episode_Reward/measured_feet_world_position_l2: -0.0146
Episode_Reward/original_task_position_l2: -0.0129
Episode_Reward/original_task_orientation_l2: -0.0090
        Metrics/motion/error_anchor_pos: 0.2799
        Metrics/motion/error_anchor_rot: 0.1784
    Metrics/motion/error_anchor_lin_vel: 0.4604
    Metrics/motion/error_anchor_ang_vel: 1.3012
          Metrics/motion/error_body_pos: 0.2969
          Metrics/motion/error_body_rot: 0.3216
         Metrics/motion/error_joint_pos: 1.1225
         Metrics/motion/error_joint_vel: 6.5289
        Metrics/motion/sampling_entropy: 0.0000
      Metrics/motion/sampling_top1_prob: 0.0000
       Metrics/motion/sampling_top1_bin: 0.0000
      Metrics/motion/error_body_lin_vel: 0.5703
      Metrics/motion/error_body_ang_vel: 2.0090
           Episode_Termination/time_out: 0.0000
         Episode_Termination/anchor_pos: 0.0000
         Episode_Termination/anchor_ori: 0.0000
        Episode_Termination/ee_body_pos: 0.0000
Episode_Termination/corpus_clip_time_out: 0.0000
Episode_Termination/invalid_native_model_actuation: 0.0000
Episode_Termination/world_root_tracking_failure: 1.5000
 Episode_Reward/world_potential_shaping: 0.0334
--------------------------------------------------------------------------------
                         Iteration time: 2.36s
                           Time elapsed: 00:14:21
                                    ETA: 00:08:12

################################################################################
[1m                           Learning iteration 318/500                           [0m 

                               Run name: original_core_920ms_fresh
                            Total steps: 653312 
                       Steps per second: 854 
                        Collection time: 2.224s 
                          Learning time: 0.173s 
                        Mean value loss: 612.9160
                    Mean surrogate loss: -0.0125
                      Mean entropy loss: -20.3231
                            Mean reward: 555.87
                    Mean episode length: 259.42
                        Mean action std: 0.10
--------------------------------------------------------------------------------
                         Iteration time: 2.40s
                           Time elapsed: 00:14:23
                                    ETA: 00:08:10

################################################################################
[1m                           Learning iteration 319/500                           [0m 

                               Run name: original_core_920ms_fresh
                            Total steps: 655360 
                       Steps per second: 922 
                        Collection time: 2.056s 
                          Learning time: 0.165s 
                        Mean value loss: 292.3043
                    Mean surrogate loss: -0.0161
                      Mean entropy loss: -20.3231
                            Mean reward: 560.80
                    Mean episode length: 261.34
                        Mean action std: 0.10
--------------------------------------------------------------------------------
                         Iteration time: 2.22s
                           Time elapsed: 00:14:25
                                    ETA: 00:08:07

################################################################################
[1m                           Learning iteration 320/500                           [0m 

                               Run name: original_core_920ms_fresh
                            Total steps: 657408 
                       Steps per second: 870 
                        Collection time: 2.163s 
                          Learning time: 0.190s 
                        Mean value loss: 548.8248
                    Mean surrogate loss: -0.0106
                      Mean entropy loss: -20.3231
                            Mean reward: 555.98
                    Mean episode length: 260.82
                        Mean action std: 0.10
  Episode_Reward/motion_global_root_pos: 0.0178
  Episode_Reward/motion_global_root_ori: 0.0208
         Episode_Reward/motion_body_pos: 0.0352
         Episode_Reward/motion_body_ori: 0.0357
     Episode_Reward/motion_body_lin_vel: 0.0419
     Episode_Reward/motion_body_ang_vel: 0.0394
          Episode_Reward/action_rate_l2: -0.0040
             Episode_Reward/joint_limit: -0.0002
         Episode_Reward/self_collisions: -0.0090
Episode_Reward/action_target_reference_l2: -0.0254
Episode_Reward/action_target_soft_limit_barrier: -0.0040
                   Episode_Reward/alive: 5.2543
 Episode_Reward/non_timeout_termination: -0.7655
Episode_Reward/worst_ee_z_normalized_squared: -0.1023
Episode_Reward/right_wrist_prethreshold_barrier: -0.0068
 Episode_Reward/requested_effort_excess: -0.0000
Episode_Reward/root_world_tracking_error: -0.0152
Episode_Reward/measured_joint_posture_l2: -0.0621
Episode_Reward/measured_feet_world_position_l2: -0.0373
Episode_Reward/original_task_position_l2: -0.0315
Episode_Reward/original_task_orientation_l2: -0.0234
        Metrics/motion/error_anchor_pos: 0.2915
        Metrics/motion/error_anchor_rot: 0.0937
    Metrics/motion/error_anchor_lin_vel: 0.4223
    Metrics/motion/error_anchor_ang_vel: 1.0541
          Metrics/motion/error_body_pos: 0.2887
          Metrics/motion/error_body_rot: 0.2439
         Metrics/motion/error_joint_pos: 0.9723
         Metrics/motion/error_joint_vel: 7.7900
        Metrics/motion/sampling_entropy: 0.0000
      Metrics/motion/sampling_top1_prob: 0.0000
       Metrics/motion/sampling_top1_bin: 0.0000
      Metrics/motion/error_body_lin_vel: 0.4999
      Metrics/motion/error_body_ang_vel: 1.8964
           Episode_Termination/time_out: 0.0000
         Episode_Termination/anchor_pos: 0.0000
         Episode_Termination/anchor_ori: 0.0000
        Episode_Termination/ee_body_pos: 0.0000
Episode_Termination/corpus_clip_time_out: 0.0000
Episode_Termination/invalid_native_model_actuation: 0.0000
Episode_Termination/world_root_tracking_failure: 1.0000
 Episode_Reward/world_potential_shaping: 0.0647
--------------------------------------------------------------------------------
                         Iteration time: 2.35s
                           Time elapsed: 00:14:28
                                    ETA: 00:08:04

################################################################################
[1m                           Learning iteration 321/500                           [0m 

                               Run name: original_core_920ms_fresh
                            Total steps: 659456 
                       Steps per second: 892 
                        Collection time: 2.135s 
                          Learning time: 0.161s 
                        Mean value loss: 511.1187
                    Mean surrogate loss: -0.0123
                      Mean entropy loss: -20.3231
                            Mean reward: 537.58
                    Mean episode length: 251.93
                        Mean action std: 0.10
--------------------------------------------------------------------------------
                         Iteration time: 2.30s
                           Time elapsed: 00:14:30
                                    ETA: 00:08:01

################################################################################
[1m                           Learning iteration 322/500                           [0m 

                               Run name: original_core_920ms_fresh
                            Total steps: 661504 
                       Steps per second: 909 
                        Collection time: 2.088s 
                          Learning time: 0.163s 
                        Mean value loss: 273.9783
                    Mean surrogate loss: -0.0114
                      Mean entropy loss: -20.3231
                            Mean reward: 528.27
                    Mean episode length: 248.75
                        Mean action std: 0.10
--------------------------------------------------------------------------------
                         Iteration time: 2.25s
                           Time elapsed: 00:14:32
                                    ETA: 00:07:58

################################################################################
[1m                           Learning iteration 323/500                           [0m 

                               Run name: original_core_920ms_fresh
                            Total steps: 663552 
                       Steps per second: 701 
                        Collection time: 2.674s 
                          Learning time: 0.244s 
                        Mean value loss: 490.6699
                    Mean surrogate loss: -0.0116
                      Mean entropy loss: -20.3230
                            Mean reward: 546.83
                    Mean episode length: 256.34
                        Mean action std: 0.10
  Episode_Reward/motion_global_root_pos: 0.0179
  Episode_Reward/motion_global_root_ori: 0.0212
         Episode_Reward/motion_body_pos: 0.0353
         Episode_Reward/motion_body_ori: 0.0367
     Episode_Reward/motion_body_lin_vel: 0.0426
     Episode_Reward/motion_body_ang_vel: 0.0401
          Episode_Reward/action_rate_l2: -0.0040
             Episode_Reward/joint_limit: -0.0009
         Episode_Reward/self_collisions: -0.0028
Episode_Reward/action_target_reference_l2: -0.0255
Episode_Reward/action_target_soft_limit_barrier: -0.0036
                   Episode_Reward/alive: 5.2608
 Episode_Reward/non_timeout_termination: -0.6124
Episode_Reward/worst_ee_z_normalized_squared: -0.1073
Episode_Reward/right_wrist_prethreshold_barrier: -0.0009
 Episode_Reward/requested_effort_excess: 0.0000
Episode_Reward/root_world_tracking_error: -0.0145
Episode_Reward/measured_joint_posture_l2: -0.0585
Episode_Reward/measured_feet_world_position_l2: -0.0380
Episode_Reward/original_task_position_l2: -0.0323
Episode_Reward/original_task_orientation_l2: -0.0210
        Metrics/motion/error_anchor_pos: 0.2497
        Metrics/motion/error_anchor_rot: 0.1164
    Metrics/motion/error_anchor_lin_vel: 0.2732
    Metrics/motion/error_anchor_ang_vel: 1.3729
          Metrics/motion/error_body_pos: 0.2540
          Metrics/motion/error_body_rot: 0.2518
         Metrics/motion/error_joint_pos: 0.9829
         Metrics/motion/error_joint_vel: 3.8484
        Metrics/motion/sampling_entropy: 0.0000
      Metrics/motion/sampling_top1_prob: 0.0000
       Metrics/motion/sampling_top1_bin: 0.0000
      Metrics/motion/error_body_lin_vel: 0.3005
      Metrics/motion/error_body_ang_vel: 1.4659
           Episode_Termination/time_out: 0.0000
         Episode_Termination/anchor_pos: 0.0000
         Episode_Termination/anchor_ori: 0.0000
        Episode_Termination/ee_body_pos: 0.2000
Episode_Termination/corpus_clip_time_out: 0.2000
Episode_Termination/invalid_native_model_actuation: 0.0000
Episode_Termination/world_root_tracking_failure: 1.2000
 Episode_Reward/world_potential_shaping: 0.0661
--------------------------------------------------------------------------------
                         Iteration time: 2.92s
                           Time elapsed: 00:14:35
                                    ETA: 00:07:55

################################################################################
[1m                           Learning iteration 324/500                           [0m 

                               Run name: original_core_920ms_fresh
                            Total steps: 665600 
                       Steps per second: 295 
                        Collection time: 6.773s 
                          Learning time: 0.160s 
                        Mean value loss: 434.8650
                    Mean surrogate loss: -0.0106
                      Mean entropy loss: -20.3230
                            Mean reward: 551.05
                    Mean episode length: 257.92
                        Mean action std: 0.10
  Episode_Reward/motion_global_root_pos: 0.0128
  Episode_Reward/motion_global_root_ori: 0.0150
         Episode_Reward/motion_body_pos: 0.0258
         Episode_Reward/motion_body_ori: 0.0250
     Episode_Reward/motion_body_lin_vel: 0.0290
     Episode_Reward/motion_body_ang_vel: 0.0267
          Episode_Reward/action_rate_l2: -0.0032
             Episode_Reward/joint_limit: -0.0002
         Episode_Reward/self_collisions: -0.0005
Episode_Reward/action_target_reference_l2: -0.0188
Episode_Reward/action_target_soft_limit_barrier: -0.0029
                   Episode_Reward/alive: 3.8269
 Episode_Reward/non_timeout_termination: -0.7655
Episode_Reward/worst_ee_z_normalized_squared: -0.0733
Episode_Reward/right_wrist_prethreshold_barrier: -0.0015
 Episode_Reward/requested_effort_excess: -0.0000
Episode_Reward/root_world_tracking_error: -0.0144
Episode_Reward/measured_joint_posture_l2: -0.0483
Episode_Reward/measured_feet_world_position_l2: -0.0288
Episode_Reward/original_task_position_l2: -0.0236
Episode_Reward/original_task_orientation_l2: -0.0174
        Metrics/motion/error_anchor_pos: 0.2893
        Metrics/motion/error_anchor_rot: 0.1826
    Metrics/motion/error_anchor_lin_vel: 0.6691
    Metrics/motion/error_anchor_ang_vel: 0.9698
          Metrics/motion/error_body_pos: 0.2837
          Metrics/motion/error_body_rot: 0.3133
         Metrics/motion/error_joint_pos: 1.2380
         Metrics/motion/error_joint_vel: 8.5320
        Metrics/motion/sampling_entropy: 0.0000
      Metrics/motion/sampling_top1_prob: 0.0000
       Metrics/motion/sampling_top1_bin: 0.0000
      Metrics/motion/error_body_lin_vel: 0.7129
      Metrics/motion/error_body_ang_vel: 2.1055
           Episode_Termination/time_out: 0.0000
         Episode_Termination/anchor_pos: 0.0000
         Episode_Termination/anchor_ori: 0.0000
        Episode_Termination/ee_body_pos: 0.0000
Episode_Termination/corpus_clip_time_out: 0.0000
Episode_Termination/invalid_native_model_actuation: 0.0000
Episode_Termination/world_root_tracking_failure: 1.2000
 Episode_Reward/world_potential_shaping: 0.0541
--------------------------------------------------------------------------------
                         Iteration time: 6.93s
                           Time elapsed: 00:14:42
                                    ETA: 00:07:55

################################################################################
[1m                           Learning iteration 325/500                           [0m 

                               Run name: original_core_920ms_fresh
                            Total steps: 667648 
                       Steps per second: 924 
                        Collection time: 2.054s 
                          Learning time: 0.162s 
                        Mean value loss: 354.9328
                    Mean surrogate loss: -0.0153
                      Mean entropy loss: -20.3230
                            Mean reward: 549.22
                    Mean episode length: 257.04
                        Mean action std: 0.10
--------------------------------------------------------------------------------
                         Iteration time: 2.22s
                           Time elapsed: 00:14:44
                                    ETA: 00:07:52

################################################################################
[1m                           Learning iteration 326/500                           [0m 

                               Run name: original_core_920ms_fresh
                            Total steps: 669696 
                       Steps per second: 798 
                        Collection time: 2.381s 
                          Learning time: 0.184s 
                        Mean value loss: 690.3259
                    Mean surrogate loss: -0.0119
                      Mean entropy loss: -20.3230
                            Mean reward: 508.75
                    Mean episode length: 240.40
                        Mean action std: 0.10
--------------------------------------------------------------------------------
                         Iteration time: 2.57s
                           Time elapsed: 00:14:47
                                    ETA: 00:07:49

################################################################################
[1m                           Learning iteration 327/500                           [0m 

                               Run name: original_core_920ms_fresh
                            Total steps: 671744 
                       Steps per second: 893 
                        Collection time: 2.128s 
                          Learning time: 0.164s 
                        Mean value loss: 451.3618
                    Mean surrogate loss: -0.0113
                      Mean entropy loss: -20.3230
                            Mean reward: 519.94
                    Mean episode length: 244.87
                        Mean action std: 0.10
--------------------------------------------------------------------------------
                         Iteration time: 2.29s
                           Time elapsed: 00:14:49
                                    ETA: 00:07:46

################################################################################
[1m                           Learning iteration 328/500                           [0m 

                               Run name: original_core_920ms_fresh
                            Total steps: 673792 
                       Steps per second: 866 
                        Collection time: 2.195s 
                          Learning time: 0.170s 
                        Mean value loss: 939.8447
                    Mean surrogate loss: -0.0117
                      Mean entropy loss: -20.3230
                            Mean reward: 535.84
                    Mean episode length: 251.81
                        Mean action std: 0.10
--------------------------------------------------------------------------------
                         Iteration time: 2.36s
                           Time elapsed: 00:14:52
                                    ETA: 00:07:43

################################################################################
[1m                           Learning iteration 329/500                           [0m 

                               Run name: original_core_920ms_fresh
                            Total steps: 675840 
                       Steps per second: 894 
                        Collection time: 2.119s 
                          Learning time: 0.171s 
                        Mean value loss: 280.5529
                    Mean surrogate loss: -0.0121
                      Mean entropy loss: -20.3230
                            Mean reward: 491.53
                    Mean episode length: 235.27
                        Mean action std: 0.10
  Episode_Reward/motion_global_root_pos: 0.0122
  Episode_Reward/motion_global_root_ori: 0.0134
         Episode_Reward/motion_body_pos: 0.0239
         Episode_Reward/motion_body_ori: 0.0224
     Episode_Reward/motion_body_lin_vel: 0.0258
     Episode_Reward/motion_body_ang_vel: 0.0240
          Episode_Reward/action_rate_l2: -0.0029
             Episode_Reward/joint_limit: -0.0000
         Episode_Reward/self_collisions: -0.0016
Episode_Reward/action_target_reference_l2: -0.0170
Episode_Reward/action_target_soft_limit_barrier: -0.0032
                   Episode_Reward/alive: 3.4553
 Episode_Reward/non_timeout_termination: -0.7655
Episode_Reward/worst_ee_z_normalized_squared: -0.0485
Episode_Reward/right_wrist_prethreshold_barrier: -0.0022
 Episode_Reward/requested_effort_excess: -0.0000
Episode_Reward/root_world_tracking_error: -0.0117
Episode_Reward/measured_joint_posture_l2: -0.0351
Episode_Reward/measured_feet_world_position_l2: -0.0254
Episode_Reward/original_task_position_l2: -0.0208
Episode_Reward/original_task_orientation_l2: -0.0139
        Metrics/motion/error_anchor_pos: 0.2866
        Metrics/motion/error_anchor_rot: 0.1536
    Metrics/motion/error_anchor_lin_vel: 0.7136
    Metrics/motion/error_anchor_ang_vel: 1.1059
          Metrics/motion/error_body_pos: 0.2909
          Metrics/motion/error_body_rot: 0.2754
         Metrics/motion/error_joint_pos: 1.0722
         Metrics/motion/error_joint_vel: 5.6990
        Metrics/motion/sampling_entropy: 0.0000
      Metrics/motion/sampling_top1_prob: 0.0000
       Metrics/motion/sampling_top1_bin: 0.0000
      Metrics/motion/error_body_lin_vel: 0.8055
      Metrics/motion/error_body_ang_vel: 1.7258
           Episode_Termination/time_out: 0.0000
         Episode_Termination/anchor_pos: 0.0000
         Episode_Termination/anchor_ori: 0.0000
        Episode_Termination/ee_body_pos: 0.0000
Episode_Termination/corpus_clip_time_out: 0.0000
Episode_Termination/invalid_native_model_actuation: 0.0000
Episode_Termination/world_root_tracking_failure: 1.2500
 Episode_Reward/world_potential_shaping: 0.0475
--------------------------------------------------------------------------------
                         Iteration time: 2.29s
                           Time elapsed: 00:14:54
                                    ETA: 00:07:40

################################################################################
[1m                           Learning iteration 330/500                           [0m 

                               Run name: original_core_920ms_fresh
                            Total steps: 677888 
                       Steps per second: 847 
                        Collection time: 2.249s 
                          Learning time: 0.168s 
                        Mean value loss: 567.8933
                    Mean surrogate loss: -0.0081
                      Mean entropy loss: -20.3230
                            Mean reward: 500.17
                    Mean episode length: 239.26
                        Mean action std: 0.10
--------------------------------------------------------------------------------
                         Iteration time: 2.42s
                           Time elapsed: 00:14:56
                                    ETA: 00:07:37

################################################################################
[1m                           Learning iteration 331/500                           [0m 

                               Run name: original_core_920ms_fresh
                            Total steps: 679936 
                       Steps per second: 768 
                        Collection time: 2.487s 
                          Learning time: 0.177s 
                        Mean value loss: 225.5841
                    Mean surrogate loss: -0.0120
                      Mean entropy loss: -20.3230
                            Mean reward: 459.41
                    Mean episode length: 222.64
                        Mean action std: 0.10
  Episode_Reward/motion_global_root_pos: 0.0097
  Episode_Reward/motion_global_root_ori: 0.0101
         Episode_Reward/motion_body_pos: 0.0189
         Episode_Reward/motion_body_ori: 0.0169
     Episode_Reward/motion_body_lin_vel: 0.0205
     Episode_Reward/motion_body_ang_vel: 0.0195
          Episode_Reward/action_rate_l2: -0.0020
             Episode_Reward/joint_limit: -0.0000
         Episode_Reward/self_collisions: -0.0061
Episode_Reward/action_target_reference_l2: -0.0130
Episode_Reward/action_target_soft_limit_barrier: -0.0027
                   Episode_Reward/alive: 2.6279
 Episode_Reward/non_timeout_termination: -0.7655
Episode_Reward/worst_ee_z_normalized_squared: -0.0459
Episode_Reward/right_wrist_prethreshold_barrier: 0.0000
 Episode_Reward/requested_effort_excess: 0.0000
Episode_Reward/root_world_tracking_error: -0.0065
Episode_Reward/measured_joint_posture_l2: -0.0399
Episode_Reward/measured_feet_world_position_l2: -0.0191
Episode_Reward/original_task_position_l2: -0.0137
Episode_Reward/original_task_orientation_l2: -0.0107
        Metrics/motion/error_anchor_pos: 0.2888
        Metrics/motion/error_anchor_rot: 0.1705
    Metrics/motion/error_anchor_lin_vel: 0.4426
    Metrics/motion/error_anchor_ang_vel: 1.5473
          Metrics/motion/error_body_pos: 0.2975
          Metrics/motion/error_body_rot: 0.2709
         Metrics/motion/error_joint_pos: 1.0862
         Metrics/motion/error_joint_vel: 6.5074
        Metrics/motion/sampling_entropy: 0.0000
      Metrics/motion/sampling_top1_prob: 0.0000
       Metrics/motion/sampling_top1_bin: 0.0000
      Metrics/motion/error_body_lin_vel: 0.5885
      Metrics/motion/error_body_ang_vel: 2.0041
           Episode_Termination/time_out: 0.0000
         Episode_Termination/anchor_pos: 0.0000
         Episode_Termination/anchor_ori: 0.0000
        Episode_Termination/ee_body_pos: 0.0000
Episode_Termination/corpus_clip_time_out: 0.0000
Episode_Termination/invalid_native_model_actuation: 0.0000
Episode_Termination/world_root_tracking_failure: 1.5000
 Episode_Reward/world_potential_shaping: 0.0379
--------------------------------------------------------------------------------
                         Iteration time: 2.66s
                           Time elapsed: 00:14:59
                                    ETA: 00:07:35

################################################################################
[1m                           Learning iteration 332/500                           [0m 

                               Run name: original_core_920ms_fresh
                            Total steps: 681984 
                       Steps per second: 791 
                        Collection time: 2.416s 
                          Learning time: 0.171s 
                        Mean value loss: 562.0739
                    Mean surrogate loss: -0.0053
                      Mean entropy loss: -20.3230
                            Mean reward: 441.25
                    Mean episode length: 215.40
                        Mean action std: 0.10
  Episode_Reward/motion_global_root_pos: 0.0161
  Episode_Reward/motion_global_root_ori: 0.0185
         Episode_Reward/motion_body_pos: 0.0322
         Episode_Reward/motion_body_ori: 0.0316
     Episode_Reward/motion_body_lin_vel: 0.0363
     Episode_Reward/motion_body_ang_vel: 0.0340
          Episode_Reward/action_rate_l2: -0.0037
             Episode_Reward/joint_limit: -0.0001
         Episode_Reward/self_collisions: -0.0073
Episode_Reward/action_target_reference_l2: -0.0222
Episode_Reward/action_target_soft_limit_barrier: -0.0028
                   Episode_Reward/alive: 4.6159
 Episode_Reward/non_timeout_termination: -0.6379
Episode_Reward/worst_ee_z_normalized_squared: -0.0896
Episode_Reward/right_wrist_prethreshold_barrier: -0.0033
 Episode_Reward/requested_effort_excess: 0.0000
Episode_Reward/root_world_tracking_error: -0.0127
Episode_Reward/measured_joint_posture_l2: -0.0513
Episode_Reward/measured_feet_world_position_l2: -0.0340
Episode_Reward/original_task_position_l2: -0.0273
Episode_Reward/original_task_orientation_l2: -0.0177
        Metrics/motion/error_anchor_pos: 0.2630
        Metrics/motion/error_anchor_rot: 0.1325
    Metrics/motion/error_anchor_lin_vel: 0.3810
    Metrics/motion/error_anchor_ang_vel: 0.9864
          Metrics/motion/error_body_pos: 0.2707
          Metrics/motion/error_body_rot: 0.2253
         Metrics/motion/error_joint_pos: 0.9603
         Metrics/motion/error_joint_vel: 4.8408
        Metrics/motion/sampling_entropy: 0.0000
      Metrics/motion/sampling_top1_prob: 0.0000
       Metrics/motion/sampling_top1_bin: 0.0000
      Metrics/motion/error_body_lin_vel: 0.4435
      Metrics/motion/error_body_ang_vel: 1.5189
           Episode_Termination/time_out: 0.0000
         Episode_Termination/anchor_pos: 0.0000
         Episode_Termination/anchor_ori: 0.0000
        Episode_Termination/ee_body_pos: 0.0000
Episode_Termination/corpus_clip_time_out: 0.1667
Episode_Termination/invalid_native_model_actuation: 0.0000
Episode_Termination/world_root_tracking_failure: 1.0000
 Episode_Reward/world_potential_shaping: 0.0564
--------------------------------------------------------------------------------
                         Iteration time: 2.59s
                           Time elapsed: 00:15:01
                                    ETA: 00:07:32

################################################################################
[1m                           Learning iteration 333/500                           [0m 

                               Run name: original_core_920ms_fresh
                            Total steps: 684032 
                       Steps per second: 809 
                        Collection time: 2.357s 
                          Learning time: 0.174s 
                        Mean value loss: 839.7245
                    Mean surrogate loss: -0.0072
                      Mean entropy loss: -20.3230
                            Mean reward: 490.43
                    Mean episode length: 234.67
                        Mean action std: 0.10
  Episode_Reward/motion_global_root_pos: 0.0189
  Episode_Reward/motion_global_root_ori: 0.0218
         Episode_Reward/motion_body_pos: 0.0373
         Episode_Reward/motion_body_ori: 0.0375
     Episode_Reward/motion_body_lin_vel: 0.0443
     Episode_Reward/motion_body_ang_vel: 0.0417
          Episode_Reward/action_rate_l2: -0.0040
             Episode_Reward/joint_limit: -0.0002
         Episode_Reward/self_collisions: -0.0051
Episode_Reward/action_target_reference_l2: -0.0263
Episode_Reward/action_target_soft_limit_barrier: -0.0032
                   Episode_Reward/alive: 5.4617
 Episode_Reward/non_timeout_termination: -0.6124
Episode_Reward/worst_ee_z_normalized_squared: -0.1208
Episode_Reward/right_wrist_prethreshold_barrier: -0.0041
 Episode_Reward/requested_effort_excess: 0.0000
Episode_Reward/root_world_tracking_error: -0.0143
Episode_Reward/measured_joint_posture_l2: -0.0611
Episode_Reward/measured_feet_world_position_l2: -0.0403
Episode_Reward/original_task_position_l2: -0.0328
Episode_Reward/original_task_orientation_l2: -0.0232
        Metrics/motion/error_anchor_pos: 0.2418
        Metrics/motion/error_anchor_rot: 0.1320
    Metrics/motion/error_anchor_lin_vel: 0.4291
    Metrics/motion/error_anchor_ang_vel: 0.9431
          Metrics/motion/error_body_pos: 0.2405
          Metrics/motion/error_body_rot: 0.2721
         Metrics/motion/error_joint_pos: 0.9980
         Metrics/motion/error_joint_vel: 5.1838
        Metrics/motion/sampling_entropy: 0.0000
      Metrics/motion/sampling_top1_prob: 0.0000
       Metrics/motion/sampling_top1_bin: 0.0000
      Metrics/motion/error_body_lin_vel: 0.4446
      Metrics/motion/error_body_ang_vel: 1.4528
           Episode_Termination/time_out: 0.0000
         Episode_Termination/anchor_pos: 0.0000
         Episode_Termination/anchor_ori: 0.0000
        Episode_Termination/ee_body_pos: 0.3000
Episode_Termination/corpus_clip_time_out: 0.2000
Episode_Termination/invalid_native_model_actuation: 0.0000
Episode_Termination/world_root_tracking_failure: 1.1000
 Episode_Reward/world_potential_shaping: 0.0661
--------------------------------------------------------------------------------
                         Iteration time: 2.53s
                           Time elapsed: 00:15:04
                                    ETA: 00:07:29

################################################################################
[1m                           Learning iteration 334/500                           [0m 

                               Run name: original_core_920ms_fresh
                            Total steps: 686080 
                       Steps per second: 853 
                        Collection time: 2.223s 
                          Learning time: 0.177s 
                        Mean value loss: 519.4638
                    Mean surrogate loss: -0.0106
                      Mean entropy loss: -20.3230
                            Mean reward: 529.99
                    Mean episode length: 250.72
                        Mean action std: 0.10
  Episode_Reward/motion_global_root_pos: 0.0199
  Episode_Reward/motion_global_root_ori: 0.0244
         Episode_Reward/motion_body_pos: 0.0400
         Episode_Reward/motion_body_ori: 0.0428
     Episode_Reward/motion_body_lin_vel: 0.0498
     Episode_Reward/motion_body_ang_vel: 0.0476
          Episode_Reward/action_rate_l2: -0.0043
             Episode_Reward/joint_limit: -0.0001
         Episode_Reward/self_collisions: -0.0021
Episode_Reward/action_target_reference_l2: -0.0279
Episode_Reward/action_target_soft_limit_barrier: -0.0027
                   Episode_Reward/alive: 6.0545
 Episode_Reward/non_timeout_termination: -0.4374
Episode_Reward/worst_ee_z_normalized_squared: -0.1174
Episode_Reward/right_wrist_prethreshold_barrier: -0.0019
 Episode_Reward/requested_effort_excess: -0.0000
Episode_Reward/root_world_tracking_error: -0.0172
Episode_Reward/measured_joint_posture_l2: -0.0680
Episode_Reward/measured_feet_world_position_l2: -0.0450
Episode_Reward/original_task_position_l2: -0.0376
Episode_Reward/original_task_orientation_l2: -0.0222
        Metrics/motion/error_anchor_pos: 0.2417
        Metrics/motion/error_anchor_rot: 0.1191
    Metrics/motion/error_anchor_lin_vel: 0.2899
    Metrics/motion/error_anchor_ang_vel: 0.7752
          Metrics/motion/error_body_pos: 0.2388
          Metrics/motion/error_body_rot: 0.2267
         Metrics/motion/error_joint_pos: 0.9009
         Metrics/motion/error_joint_vel: 3.8893
        Metrics/motion/sampling_entropy: 0.0000
      Metrics/motion/sampling_top1_prob: 0.0000
       Metrics/motion/sampling_top1_bin: 0.0000
      Metrics/motion/error_body_lin_vel: 0.3360
      Metrics/motion/error_body_ang_vel: 1.0949
           Episode_Termination/time_out: 0.0000
         Episode_Termination/anchor_pos: 0.0000
         Episode_Termination/anchor_ori: 0.0000
        Episode_Termination/ee_body_pos: 0.0000
Episode_Termination/corpus_clip_time_out: 0.7143
Episode_Termination/invalid_native_model_actuation: 0.0000
Episode_Termination/world_root_tracking_failure: 0.7143
 Episode_Reward/world_potential_shaping: 0.0690
--------------------------------------------------------------------------------
                         Iteration time: 2.40s
                           Time elapsed: 00:15:06
                                    ETA: 00:07:26

################################################################################
[1m                           Learning iteration 335/500                           [0m 

                               Run name: original_core_920ms_fresh
                            Total steps: 688128 
                       Steps per second: 876 
                        Collection time: 2.163s 
                          Learning time: 0.173s 
                        Mean value loss: 652.1675
                    Mean surrogate loss: -0.0148
                      Mean entropy loss: -20.3230
                            Mean reward: 569.02
                    Mean episode length: 264.53
                        Mean action std: 0.10
--------------------------------------------------------------------------------
                         Iteration time: 2.34s
                           Time elapsed: 00:15:09
                                    ETA: 00:07:23

################################################################################
[1m                           Learning iteration 336/500                           [0m 

                               Run name: original_core_920ms_fresh
                            Total steps: 690176 
                       Steps per second: 366 
                        Collection time: 5.420s 
                          Learning time: 0.169s 
                        Mean value loss: 536.5173
                    Mean surrogate loss: -0.0110
                      Mean entropy loss: -20.3230
                            Mean reward: 589.98
                    Mean episode length: 272.40
                        Mean action std: 0.10
--------------------------------------------------------------------------------
                         Iteration time: 5.59s
                           Time elapsed: 00:15:14
                                    ETA: 00:07:22

################################################################################
[1m                           Learning iteration 337/500                           [0m 

                               Run name: original_core_920ms_fresh
                            Total steps: 692224 
                       Steps per second: 811 
                        Collection time: 2.324s 
                          Learning time: 0.199s 
                        Mean value loss: 725.3699
                    Mean surrogate loss: -0.0136
                      Mean entropy loss: -20.3230
                            Mean reward: 617.88
                    Mean episode length: 283.34
                        Mean action std: 0.10
  Episode_Reward/motion_global_root_pos: 0.0138
  Episode_Reward/motion_global_root_ori: 0.0155
         Episode_Reward/motion_body_pos: 0.0273
         Episode_Reward/motion_body_ori: 0.0255
     Episode_Reward/motion_body_lin_vel: 0.0304
     Episode_Reward/motion_body_ang_vel: 0.0276
          Episode_Reward/action_rate_l2: -0.0034
             Episode_Reward/joint_limit: -0.0007
         Episode_Reward/self_collisions: -0.0013
Episode_Reward/action_target_reference_l2: -0.0214
Episode_Reward/action_target_soft_limit_barrier: -0.0029
                   Episode_Reward/alive: 4.0146
 Episode_Reward/non_timeout_termination: -0.7655
Episode_Reward/worst_ee_z_normalized_squared: -0.0837
Episode_Reward/right_wrist_prethreshold_barrier: -0.0028
 Episode_Reward/requested_effort_excess: -0.0000
Episode_Reward/root_world_tracking_error: -0.0139
Episode_Reward/measured_joint_posture_l2: -0.0446
Episode_Reward/measured_feet_world_position_l2: -0.0287
Episode_Reward/original_task_position_l2: -0.0252
Episode_Reward/original_task_orientation_l2: -0.0179
        Metrics/motion/error_anchor_pos: 0.2774
        Metrics/motion/error_anchor_rot: 0.1765
    Metrics/motion/error_anchor_lin_vel: 0.5158
    Metrics/motion/error_anchor_ang_vel: 0.9878
          Metrics/motion/error_body_pos: 0.2822
          Metrics/motion/error_body_rot: 0.3193
         Metrics/motion/error_joint_pos: 1.1339
         Metrics/motion/error_joint_vel: 5.3657
        Metrics/motion/sampling_entropy: 0.0000
      Metrics/motion/sampling_top1_prob: 0.0000
       Metrics/motion/sampling_top1_bin: 0.0000
      Metrics/motion/error_body_lin_vel: 0.5683
      Metrics/motion/error_body_ang_vel: 1.5052
           Episode_Termination/time_out: 0.0000
         Episode_Termination/anchor_pos: 0.0000
         Episode_Termination/anchor_ori: 0.0000
        Episode_Termination/ee_body_pos: 0.1250
Episode_Termination/corpus_clip_time_out: 0.0000
Episode_Termination/invalid_native_model_actuation: 0.0000
Episode_Termination/world_root_tracking_failure: 1.2500
 Episode_Reward/world_potential_shaping: 0.0548
--------------------------------------------------------------------------------
                         Iteration time: 2.52s
                           Time elapsed: 00:15:17
                                    ETA: 00:07:19

################################################################################
[1m                           Learning iteration 338/500                           [0m 

                               Run name: original_core_920ms_fresh
                            Total steps: 694272 
                       Steps per second: 806 
                        Collection time: 2.371s 
                          Learning time: 0.169s 
                        Mean value loss: 541.9054
                    Mean surrogate loss: -0.0110
                      Mean entropy loss: -20.3230
                            Mean reward: 590.55
                    Mean episode length: 271.02
                        Mean action std: 0.10
--------------------------------------------------------------------------------
                         Iteration time: 2.54s
                           Time elapsed: 00:15:19
                                    ETA: 00:07:16

################################################################################
[1m                           Learning iteration 339/500                           [0m 

                               Run name: original_core_920ms_fresh
                            Total steps: 696320 
                       Steps per second: 814 
                        Collection time: 2.322s 
                          Learning time: 0.194s 
                        Mean value loss: 573.3234
                    Mean surrogate loss: -0.0092
                      Mean entropy loss: -20.3230
                            Mean reward: 589.20
                    Mean episode length: 270.25
                        Mean action std: 0.10
  Episode_Reward/motion_global_root_pos: 0.0142
  Episode_Reward/motion_global_root_ori: 0.0171
         Episode_Reward/motion_body_pos: 0.0282
         Episode_Reward/motion_body_ori: 0.0269
     Episode_Reward/motion_body_lin_vel: 0.0324
     Episode_Reward/motion_body_ang_vel: 0.0293
          Episode_Reward/action_rate_l2: -0.0041
             Episode_Reward/joint_limit: -0.0003
         Episode_Reward/self_collisions: -0.0016
Episode_Reward/action_target_reference_l2: -0.0242
Episode_Reward/action_target_soft_limit_barrier: -0.0050
                   Episode_Reward/alive: 4.4529
 Episode_Reward/non_timeout_termination: -0.7655
Episode_Reward/worst_ee_z_normalized_squared: -0.0698
Episode_Reward/right_wrist_prethreshold_barrier: -0.0145
 Episode_Reward/requested_effort_excess: -0.0000
Episode_Reward/root_world_tracking_error: -0.0186
Episode_Reward/measured_joint_posture_l2: -0.0570
Episode_Reward/measured_feet_world_position_l2: -0.0334
Episode_Reward/original_task_position_l2: -0.0285
Episode_Reward/original_task_orientation_l2: -0.0200
        Metrics/motion/error_anchor_pos: 0.2901
        Metrics/motion/error_anchor_rot: 0.1518
    Metrics/motion/error_anchor_lin_vel: 0.6092
    Metrics/motion/error_anchor_ang_vel: 1.2599
          Metrics/motion/error_body_pos: 0.2964
          Metrics/motion/error_body_rot: 0.3074
         Metrics/motion/error_joint_pos: 1.1043
         Metrics/motion/error_joint_vel: 7.2902
        Metrics/motion/sampling_entropy: 0.0000
      Metrics/motion/sampling_top1_prob: 0.0000
       Metrics/motion/sampling_top1_bin: 0.0000
      Metrics/motion/error_body_lin_vel: 0.6689
      Metrics/motion/error_body_ang_vel: 2.0388
           Episode_Termination/time_out: 0.0000
         Episode_Termination/anchor_pos: 0.0000
         Episode_Termination/anchor_ori: 0.0000
        Episode_Termination/ee_body_pos: 0.0000
Episode_Termination/corpus_clip_time_out: 0.0000
Episode_Termination/invalid_native_model_actuation: 0.0000
Episode_Termination/world_root_tracking_failure: 1.4000
 Episode_Reward/world_potential_shaping: 0.0617
--------------------------------------------------------------------------------
                         Iteration time: 2.52s
                           Time elapsed: 00:15:22
                                    ETA: 00:07:14

################################################################################
[1m                           Learning iteration 340/500                           [0m 

                               Run name: original_core_920ms_fresh
                            Total steps: 698368 
                       Steps per second: 833 
                        Collection time: 2.255s 
                          Learning time: 0.202s 
                        Mean value loss: 918.0945
                    Mean surrogate loss: -0.0118
                      Mean entropy loss: -20.3230
                            Mean reward: 652.09
                    Mean episode length: 296.30
                        Mean action std: 0.10
  Episode_Reward/motion_global_root_pos: 0.0288
  Episode_Reward/motion_global_root_ori: 0.0351
         Episode_Reward/motion_body_pos: 0.0563
         Episode_Reward/motion_body_ori: 0.0600
     Episode_Reward/motion_body_lin_vel: 0.0708
     Episode_Reward/motion_body_ang_vel: 0.0656
          Episode_Reward/action_rate_l2: -0.0066
             Episode_Reward/joint_limit: -0.0010
         Episode_Reward/self_collisions: -0.0034
Episode_Reward/action_target_reference_l2: -0.0418
Episode_Reward/action_target_soft_limit_barrier: -0.0056
                   Episode_Reward/alive: 8.7740
 Episode_Reward/non_timeout_termination: -0.7655
Episode_Reward/worst_ee_z_normalized_squared: -0.2015
Episode_Reward/right_wrist_prethreshold_barrier: -0.0066
 Episode_Reward/requested_effort_excess: -0.0000
Episode_Reward/root_world_tracking_error: -0.0261
Episode_Reward/measured_joint_posture_l2: -0.0934
Episode_Reward/measured_feet_world_position_l2: -0.0679
Episode_Reward/original_task_position_l2: -0.0560
Episode_Reward/original_task_orientation_l2: -0.0341
        Metrics/motion/error_anchor_pos: 0.2887
        Metrics/motion/error_anchor_rot: 0.1591
    Metrics/motion/error_anchor_lin_vel: 0.4056
    Metrics/motion/error_anchor_ang_vel: 0.5962
          Metrics/motion/error_body_pos: 0.2902
          Metrics/motion/error_body_rot: 0.3019
         Metrics/motion/error_joint_pos: 0.9930
         Metrics/motion/error_joint_vel: 6.4192
        Metrics/motion/sampling_entropy: 0.0000
      Metrics/motion/sampling_top1_prob: 0.0000
       Metrics/motion/sampling_top1_bin: 0.0000
      Metrics/motion/error_body_lin_vel: 0.4471
      Metrics/motion/error_body_ang_vel: 1.5840
           Episode_Termination/time_out: 0.0000
         Episode_Termination/anchor_pos: 0.0000
         Episode_Termination/anchor_ori: 0.0000
        Episode_Termination/ee_body_pos: 0.1429
Episode_Termination/corpus_clip_time_out: 0.0000
Episode_Termination/invalid_native_model_actuation: 0.0000
Episode_Termination/world_root_tracking_failure: 1.2857
 Episode_Reward/world_potential_shaping: 0.1172
--------------------------------------------------------------------------------
                         Iteration time: 2.46s
                           Time elapsed: 00:15:24
                                    ETA: 00:07:11

################################################################################
[1m                           Learning iteration 341/500                           [0m 

                               Run name: original_core_920ms_fresh
                            Total steps: 700416 
                       Steps per second: 786 
                        Collection time: 2.437s 
                          Learning time: 0.168s 
                        Mean value loss: 749.3752
                    Mean surrogate loss: -0.0102
                      Mean entropy loss: -20.3230
                            Mean reward: 664.35
                    Mean episode length: 301.06
                        Mean action std: 0.10
--------------------------------------------------------------------------------
                         Iteration time: 2.61s
                           Time elapsed: 00:15:27
                                    ETA: 00:07:08

################################################################################
[1m                           Learning iteration 342/500                           [0m 

                               Run name: original_core_920ms_fresh
                            Total steps: 702464 
                       Steps per second: 791 
                        Collection time: 2.416s 
                          Learning time: 0.171s 
                        Mean value loss: 738.2849
                    Mean surrogate loss: -0.0099
                      Mean entropy loss: -20.3230
                            Mean reward: 644.24
                    Mean episode length: 293.33
                        Mean action std: 0.10
  Episode_Reward/motion_global_root_pos: 0.0069
  Episode_Reward/motion_global_root_ori: 0.0087
         Episode_Reward/motion_body_pos: 0.0138
         Episode_Reward/motion_body_ori: 0.0147
     Episode_Reward/motion_body_lin_vel: 0.0164
     Episode_Reward/motion_body_ang_vel: 0.0154
          Episode_Reward/action_rate_l2: -0.0018
             Episode_Reward/joint_limit: -0.0001
         Episode_Reward/self_collisions: -0.0005
Episode_Reward/action_target_reference_l2: -0.0105
Episode_Reward/action_target_soft_limit_barrier: -0.0023
                   Episode_Reward/alive: 2.1910
 Episode_Reward/non_timeout_termination: -0.7176
Episode_Reward/worst_ee_z_normalized_squared: -0.0323
Episode_Reward/right_wrist_prethreshold_barrier: -0.0006
 Episode_Reward/requested_effort_excess: -0.0000
Episode_Reward/root_world_tracking_error: -0.0098
Episode_Reward/measured_joint_posture_l2: -0.0248
Episode_Reward/measured_feet_world_position_l2: -0.0169
Episode_Reward/original_task_position_l2: -0.0142
Episode_Reward/original_task_orientation_l2: -0.0084
        Metrics/motion/error_anchor_pos: 0.2772
        Metrics/motion/error_anchor_rot: 0.1263
    Metrics/motion/error_anchor_lin_vel: 0.5139
    Metrics/motion/error_anchor_ang_vel: 0.8953
          Metrics/motion/error_body_pos: 0.2863
          Metrics/motion/error_body_rot: 0.2213
         Metrics/motion/error_joint_pos: 0.8856
         Metrics/motion/error_joint_vel: 4.7317
        Metrics/motion/sampling_entropy: 0.0000
      Metrics/motion/sampling_top1_prob: 0.0000
       Metrics/motion/sampling_top1_bin: 0.0000
      Metrics/motion/error_body_lin_vel: 0.5563
      Metrics/motion/error_body_ang_vel: 1.3892
           Episode_Termination/time_out: 0.0000
         Episode_Termination/anchor_pos: 0.0000
         Episode_Termination/anchor_ori: 0.0000
        Episode_Termination/ee_body_pos: 0.0000
Episode_Termination/corpus_clip_time_out: 0.1250
Episode_Termination/invalid_native_model_actuation: 0.0000
Episode_Termination/world_root_tracking_failure: 1.0000
 Episode_Reward/world_potential_shaping: 0.0375
--------------------------------------------------------------------------------
                         Iteration time: 2.59s
                           Time elapsed: 00:15:30
                                    ETA: 00:07:05

################################################################################
[1m                           Learning iteration 343/500                           [0m 

                               Run name: original_core_920ms_fresh
                            Total steps: 704512 
                       Steps per second: 828 
                        Collection time: 2.306s 
                          Learning time: 0.168s 
                        Mean value loss: 450.9665
                    Mean surrogate loss: -0.0102
                      Mean entropy loss: -20.3230
                            Mean reward: 611.23
                    Mean episode length: 279.47
                        Mean action std: 0.10
  Episode_Reward/motion_global_root_pos: 0.0150
  Episode_Reward/motion_global_root_ori: 0.0167
         Episode_Reward/motion_body_pos: 0.0297
         Episode_Reward/motion_body_ori: 0.0286
     Episode_Reward/motion_body_lin_vel: 0.0343
     Episode_Reward/motion_body_ang_vel: 0.0326
          Episode_Reward/action_rate_l2: -0.0030
             Episode_Reward/joint_limit: -0.0001
         Episode_Reward/self_collisions: -0.0037
Episode_Reward/action_target_reference_l2: -0.0190
Episode_Reward/action_target_soft_limit_barrier: -0.0026
                   Episode_Reward/alive: 4.2287
 Episode_Reward/non_timeout_termination: -0.7655
Episode_Reward/worst_ee_z_normalized_squared: -0.0936
Episode_Reward/right_wrist_prethreshold_barrier: -0.0034
 Episode_Reward/requested_effort_excess: -0.0000
Episode_Reward/root_world_tracking_error: -0.0108
Episode_Reward/measured_joint_posture_l2: -0.0505
Episode_Reward/measured_feet_world_position_l2: -0.0276
Episode_Reward/original_task_position_l2: -0.0244
Episode_Reward/original_task_orientation_l2: -0.0179
        Metrics/motion/error_anchor_pos: 0.2906
        Metrics/motion/error_anchor_rot: 0.1722
    Metrics/motion/error_anchor_lin_vel: 0.4075
    Metrics/motion/error_anchor_ang_vel: 0.9955
          Metrics/motion/error_body_pos: 0.2985
          Metrics/motion/error_body_rot: 0.2588
         Metrics/motion/error_joint_pos: 0.9167
         Metrics/motion/error_joint_vel: 5.3362
        Metrics/motion/sampling_entropy: 0.0000
      Metrics/motion/sampling_top1_prob: 0.0000
       Metrics/motion/sampling_top1_bin: 0.0000
      Metrics/motion/error_body_lin_vel: 0.4468
      Metrics/motion/error_body_ang_vel: 1.4383
           Episode_Termination/time_out: 0.0000
         Episode_Termination/anchor_pos: 0.0000
         Episode_Termination/anchor_ori: 0.0000
        Episode_Termination/ee_body_pos: 0.0000
Episode_Termination/corpus_clip_time_out: 0.0000
Episode_Termination/invalid_native_model_actuation: 0.0000
Episode_Termination/world_root_tracking_failure: 1.2500
 Episode_Reward/world_potential_shaping: 0.0509
--------------------------------------------------------------------------------
                         Iteration time: 2.47s
                           Time elapsed: 00:15:32
                                    ETA: 00:07:02

################################################################################
[1m                           Learning iteration 344/500                           [0m 

                               Run name: original_core_920ms_fresh
                            Total steps: 706560 
                       Steps per second: 795 
                        Collection time: 2.405s 
                          Learning time: 0.170s 
                        Mean value loss: 384.1804
                    Mean surrogate loss: -0.0103
                      Mean entropy loss: -20.3230
                            Mean reward: 558.56
                    Mean episode length: 257.55
                        Mean action std: 0.10
--------------------------------------------------------------------------------
                         Iteration time: 2.58s
                           Time elapsed: 00:15:35
                                    ETA: 00:07:00

################################################################################
[1m                           Learning iteration 345/500                           [0m 

                               Run name: original_core_920ms_fresh
                            Total steps: 708608 
                       Steps per second: 813 
                        Collection time: 2.354s 
                          Learning time: 0.164s 
                        Mean value loss: 357.2389
                    Mean surrogate loss: -0.0128
                      Mean entropy loss: -20.3230
                            Mean reward: 548.45
                    Mean episode length: 254.16
                        Mean action std: 0.10
--------------------------------------------------------------------------------
                         Iteration time: 2.52s
                           Time elapsed: 00:15:37
                                    ETA: 00:06:57

################################################################################
[1m                           Learning iteration 346/500                           [0m 

                               Run name: original_core_920ms_fresh
                            Total steps: 710656 
                       Steps per second: 845 
                        Collection time: 2.244s 
                          Learning time: 0.178s 
                        Mean value loss: 367.0840
                    Mean surrogate loss: -0.0095
                      Mean entropy loss: -20.3230
                            Mean reward: 540.81
                    Mean episode length: 251.10
                        Mean action std: 0.10
  Episode_Reward/motion_global_root_pos: 0.0129
  Episode_Reward/motion_global_root_ori: 0.0137
         Episode_Reward/motion_body_pos: 0.0256
         Episode_Reward/motion_body_ori: 0.0245
     Episode_Reward/motion_body_lin_vel: 0.0277
     Episode_Reward/motion_body_ang_vel: 0.0267
          Episode_Reward/action_rate_l2: -0.0025
             Episode_Reward/joint_limit: -0.0002
         Episode_Reward/self_collisions: -0.0028
Episode_Reward/action_target_reference_l2: -0.0155
Episode_Reward/action_target_soft_limit_barrier: -0.0022
                   Episode_Reward/alive: 3.4562
 Episode_Reward/non_timeout_termination: -0.7655
Episode_Reward/worst_ee_z_normalized_squared: -0.0788
Episode_Reward/right_wrist_prethreshold_barrier: -0.0020
 Episode_Reward/requested_effort_excess: -0.0000
Episode_Reward/root_world_tracking_error: -0.0079
Episode_Reward/measured_joint_posture_l2: -0.0385
Episode_Reward/measured_feet_world_position_l2: -0.0237
Episode_Reward/original_task_position_l2: -0.0178
Episode_Reward/original_task_orientation_l2: -0.0120
        Metrics/motion/error_anchor_pos: 0.2864
        Metrics/motion/error_anchor_rot: 0.1770
    Metrics/motion/error_anchor_lin_vel: 0.5370
    Metrics/motion/error_anchor_ang_vel: 0.8703
          Metrics/motion/error_body_pos: 0.2999
          Metrics/motion/error_body_rot: 0.2795
         Metrics/motion/error_joint_pos: 0.9961
         Metrics/motion/error_joint_vel: 5.2619
        Metrics/motion/sampling_entropy: 0.0000
      Metrics/motion/sampling_top1_prob: 0.0000
       Metrics/motion/sampling_top1_bin: 0.0000
      Metrics/motion/error_body_lin_vel: 0.5776
      Metrics/motion/error_body_ang_vel: 1.4982
           Episode_Termination/time_out: 0.0000
         Episode_Termination/anchor_pos: 0.0000
         Episode_Termination/anchor_ori: 0.0000
        Episode_Termination/ee_body_pos: 0.0000
Episode_Termination/corpus_clip_time_out: 0.0000
Episode_Termination/invalid_native_model_actuation: 0.0000
Episode_Termination/world_root_tracking_failure: 1.0000
 Episode_Reward/world_potential_shaping: 0.0449
--------------------------------------------------------------------------------
                         Iteration time: 2.42s
                           Time elapsed: 00:15:40
                                    ETA: 00:06:54

################################################################################
[1m                           Learning iteration 347/500                           [0m 

                               Run name: original_core_920ms_fresh
                            Total steps: 712704 
                       Steps per second: 903 
                        Collection time: 2.102s 
                          Learning time: 0.165s 
                        Mean value loss: 621.4939
                    Mean surrogate loss: -0.0075
                      Mean entropy loss: -20.3230
                            Mean reward: 583.56
                    Mean episode length: 268.05
                        Mean action std: 0.10
--------------------------------------------------------------------------------
                         Iteration time: 2.27s
                           Time elapsed: 00:15:42
                                    ETA: 00:06:51

################################################################################
[1m                           Learning iteration 348/500                           [0m 

                               Run name: original_core_920ms_fresh
                            Total steps: 714752 
                       Steps per second: 915 
                        Collection time: 2.074s 
                          Learning time: 0.163s 
                        Mean value loss: 284.0885
                    Mean surrogate loss: -0.0059
                      Mean entropy loss: -20.3230
                            Mean reward: 601.95
                    Mean episode length: 274.26
                        Mean action std: 0.10
--------------------------------------------------------------------------------
                         Iteration time: 2.24s
                           Time elapsed: 00:15:44
                                    ETA: 00:06:48

################################################################################
[1m                           Learning iteration 349/500                           [0m 

                               Run name: original_core_920ms_fresh
                            Total steps: 716800 
                       Steps per second: 909 
                        Collection time: 2.085s 
                          Learning time: 0.167s 
                        Mean value loss: 331.4141
                    Mean surrogate loss: -0.0110
                      Mean entropy loss: -20.3230
                            Mean reward: 614.32
                    Mean episode length: 279.19
                        Mean action std: 0.10
--------------------------------------------------------------------------------
                         Iteration time: 2.25s
                           Time elapsed: 00:15:46
                                    ETA: 00:06:45

################################################################################
[1m                           Learning iteration 350/500                           [0m 

                               Run name: original_core_920ms_fresh
                            Total steps: 718848 
                       Steps per second: 848 
                        Collection time: 2.244s 
                          Learning time: 0.169s 
                        Mean value loss: 366.7377
                    Mean surrogate loss: -0.0179
                      Mean entropy loss: -20.3230
                            Mean reward: 574.99
                    Mean episode length: 265.16
                        Mean action std: 0.10
  Episode_Reward/motion_global_root_pos: 0.0071
  Episode_Reward/motion_global_root_ori: 0.0079
         Episode_Reward/motion_body_pos: 0.0140
         Episode_Reward/motion_body_ori: 0.0129
     Episode_Reward/motion_body_lin_vel: 0.0153
     Episode_Reward/motion_body_ang_vel: 0.0145
          Episode_Reward/action_rate_l2: -0.0017
             Episode_Reward/joint_limit: -0.0004
         Episode_Reward/self_collisions: -0.0018
Episode_Reward/action_target_reference_l2: -0.0106
Episode_Reward/action_target_soft_limit_barrier: -0.0024
                   Episode_Reward/alive: 2.0617
 Episode_Reward/non_timeout_termination: -0.7655
Episode_Reward/worst_ee_z_normalized_squared: -0.0249
Episode_Reward/right_wrist_prethreshold_barrier: -0.0000
 Episode_Reward/requested_effort_excess: -0.0000
Episode_Reward/root_world_tracking_error: -0.0078
Episode_Reward/measured_joint_posture_l2: -0.0288
Episode_Reward/measured_feet_world_position_l2: -0.0154
Episode_Reward/original_task_position_l2: -0.0121
Episode_Reward/original_task_orientation_l2: -0.0083
        Metrics/motion/error_anchor_pos: 0.2880
        Metrics/motion/error_anchor_rot: 0.1584
    Metrics/motion/error_anchor_lin_vel: 0.5459
    Metrics/motion/error_anchor_ang_vel: 0.9355
          Metrics/motion/error_body_pos: 0.2991
          Metrics/motion/error_body_rot: 0.2840
         Metrics/motion/error_joint_pos: 1.0238
         Metrics/motion/error_joint_vel: 5.1041
        Metrics/motion/sampling_entropy: 0.0000
      Metrics/motion/sampling_top1_prob: 0.0000
       Metrics/motion/sampling_top1_bin: 0.0000
      Metrics/motion/error_body_lin_vel: 0.5407
      Metrics/motion/error_body_ang_vel: 1.3740
           Episode_Termination/time_out: 0.0000
         Episode_Termination/anchor_pos: 0.0000
         Episode_Termination/anchor_ori: 0.0000
        Episode_Termination/ee_body_pos: 0.0000
Episode_Termination/corpus_clip_time_out: 0.0000
Episode_Termination/invalid_native_model_actuation: 0.0000
Episode_Termination/world_root_tracking_failure: 1.6000
 Episode_Reward/world_potential_shaping: 0.0358
--------------------------------------------------------------------------------
                         Iteration time: 2.41s
                           Time elapsed: 00:15:49
                                    ETA: 00:06:42

################################################################################
[1m                           Learning iteration 351/500                           [0m 

                               Run name: original_core_920ms_fresh
                            Total steps: 720896 
                       Steps per second: 852 
                        Collection time: 2.206s 
                          Learning time: 0.196s 
                        Mean value loss: 635.1507
                    Mean surrogate loss: -0.0030
                      Mean entropy loss: -20.3230
                            Mean reward: 597.29
                    Mean episode length: 273.31
                        Mean action std: 0.10
  Episode_Reward/motion_global_root_pos: 0.0202
  Episode_Reward/motion_global_root_ori: 0.0255
         Episode_Reward/motion_body_pos: 0.0407
         Episode_Reward/motion_body_ori: 0.0453
     Episode_Reward/motion_body_lin_vel: 0.0523
     Episode_Reward/motion_body_ang_vel: 0.0496
          Episode_Reward/action_rate_l2: -0.0047
             Episode_Reward/joint_limit: -0.0001
         Episode_Reward/self_collisions: -0.0012
Episode_Reward/action_target_reference_l2: -0.0298
Episode_Reward/action_target_soft_limit_barrier: -0.0038
                   Episode_Reward/alive: 6.4362
 Episode_Reward/non_timeout_termination: -0.5103
Episode_Reward/worst_ee_z_normalized_squared: -0.1272
Episode_Reward/right_wrist_prethreshold_barrier: -0.0048
 Episode_Reward/requested_effort_excess: 0.0000
Episode_Reward/root_world_tracking_error: -0.0208
Episode_Reward/measured_joint_posture_l2: -0.0710
Episode_Reward/measured_feet_world_position_l2: -0.0480
Episode_Reward/original_task_position_l2: -0.0427
Episode_Reward/original_task_orientation_l2: -0.0255
        Metrics/motion/error_anchor_pos: 0.2645
        Metrics/motion/error_anchor_rot: 0.1089
    Metrics/motion/error_anchor_lin_vel: 0.1932
    Metrics/motion/error_anchor_ang_vel: 0.7581
          Metrics/motion/error_body_pos: 0.2619
          Metrics/motion/error_body_rot: 0.2168
         Metrics/motion/error_joint_pos: 0.8664
         Metrics/motion/error_joint_vel: 3.6902
        Metrics/motion/sampling_entropy: 0.0000
      Metrics/motion/sampling_top1_prob: 0.0000
       Metrics/motion/sampling_top1_bin: 0.0000
      Metrics/motion/error_body_lin_vel: 0.2433
      Metrics/motion/error_body_ang_vel: 1.0939
           Episode_Termination/time_out: 0.0000
         Episode_Termination/anchor_pos: 0.0000
         Episode_Termination/anchor_ori: 0.0000
        Episode_Termination/ee_body_pos: 0.0000
Episode_Termination/corpus_clip_time_out: 0.5000
Episode_Termination/invalid_native_model_actuation: 0.0000
Episode_Termination/world_root_tracking_failure: 1.2500
 Episode_Reward/world_potential_shaping: 0.0798
--------------------------------------------------------------------------------
                         Iteration time: 2.40s
                           Time elapsed: 00:15:51
                                    ETA: 00:06:40

################################################################################
[1m                           Learning iteration 352/500                           [0m 

                               Run name: original_core_920ms_fresh
                            Total steps: 722944 
                       Steps per second: 797 
                        Collection time: 2.402s 
                          Learning time: 0.165s 
                        Mean value loss: 656.8164
                    Mean surrogate loss: -0.0136
                      Mean entropy loss: -20.3230
                            Mean reward: 523.37
                    Mean episode length: 242.19
                        Mean action std: 0.10
--------------------------------------------------------------------------------
                         Iteration time: 2.57s
                           Time elapsed: 00:15:54
                                    ETA: 00:06:37

################################################################################
[1m                           Learning iteration 353/500                           [0m 

                               Run name: original_core_920ms_fresh
                            Total steps: 724992 
                       Steps per second: 866 
                        Collection time: 2.199s 
                          Learning time: 0.164s 
                        Mean value loss: 498.1937
                    Mean surrogate loss: -0.0090
                      Mean entropy loss: -20.3230
                            Mean reward: 537.92
                    Mean episode length: 247.12
                        Mean action std: 0.10
  Episode_Reward/motion_global_root_pos: 0.0173
  Episode_Reward/motion_global_root_ori: 0.0193
         Episode_Reward/motion_body_pos: 0.0347
         Episode_Reward/motion_body_ori: 0.0326
     Episode_Reward/motion_body_lin_vel: 0.0392
     Episode_Reward/motion_body_ang_vel: 0.0363
          Episode_Reward/action_rate_l2: -0.0040
             Episode_Reward/joint_limit: -0.0000
         Episode_Reward/self_collisions: -0.0003
Episode_Reward/action_target_reference_l2: -0.0247
Episode_Reward/action_target_soft_limit_barrier: -0.0028
                   Episode_Reward/alive: 5.0013
 Episode_Reward/non_timeout_termination: -0.6379
Episode_Reward/worst_ee_z_normalized_squared: -0.0863
Episode_Reward/right_wrist_prethreshold_barrier: -0.0025
 Episode_Reward/requested_effort_excess: -0.0000
Episode_Reward/root_world_tracking_error: -0.0151
Episode_Reward/measured_joint_posture_l2: -0.0630
Episode_Reward/measured_feet_world_position_l2: -0.0352
Episode_Reward/original_task_position_l2: -0.0266
Episode_Reward/original_task_orientation_l2: -0.0188
        Metrics/motion/error_anchor_pos: 0.2436
        Metrics/motion/error_anchor_rot: 0.1402
    Metrics/motion/error_anchor_lin_vel: 0.4564
    Metrics/motion/error_anchor_ang_vel: 0.8245
          Metrics/motion/error_body_pos: 0.2552
          Metrics/motion/error_body_rot: 0.2677
         Metrics/motion/error_joint_pos: 0.9586
         Metrics/motion/error_joint_vel: 4.8531
        Metrics/motion/sampling_entropy: 0.0000
      Metrics/motion/sampling_top1_prob: 0.0000
       Metrics/motion/sampling_top1_bin: 0.0000
      Metrics/motion/error_body_lin_vel: 0.4642
      Metrics/motion/error_body_ang_vel: 1.2262
           Episode_Termination/time_out: 0.0000
         Episode_Termination/anchor_pos: 0.0000
         Episode_Termination/anchor_ori: 0.0000
        Episode_Termination/ee_body_pos: 0.0000
Episode_Termination/corpus_clip_time_out: 0.1667
Episode_Termination/invalid_native_model_actuation: 0.0000
Episode_Termination/world_root_tracking_failure: 1.0000
 Episode_Reward/world_potential_shaping: 0.0610
--------------------------------------------------------------------------------
                         Iteration time: 2.36s
                           Time elapsed: 00:15:56
                                    ETA: 00:06:34

################################################################################
[1m                           Learning iteration 354/500                           [0m 

                               Run name: original_core_920ms_fresh
                            Total steps: 727040 
                       Steps per second: 806 
                        Collection time: 2.375s 
                          Learning time: 0.163s 
                        Mean value loss: 232.5739
                    Mean surrogate loss: -0.0135
                      Mean entropy loss: -20.3230
                            Mean reward: 543.12
                    Mean episode length: 248.94
                        Mean action std: 0.10
--------------------------------------------------------------------------------
                         Iteration time: 2.54s
                           Time elapsed: 00:15:59
                                    ETA: 00:06:31

################################################################################
[1m                           Learning iteration 355/500                           [0m 

                               Run name: original_core_920ms_fresh
                            Total steps: 729088 
                       Steps per second: 310 
                        Collection time: 6.418s 
                          Learning time: 0.179s 
                        Mean value loss: 703.6716
                    Mean surrogate loss: -0.0049
                      Mean entropy loss: -20.3230
                            Mean reward: 559.33
                    Mean episode length: 255.17
                        Mean action std: 0.10
  Episode_Reward/motion_global_root_pos: 0.0245
  Episode_Reward/motion_global_root_ori: 0.0275
         Episode_Reward/motion_body_pos: 0.0490
         Episode_Reward/motion_body_ori: 0.0487
     Episode_Reward/motion_body_lin_vel: 0.0560
     Episode_Reward/motion_body_ang_vel: 0.0529
          Episode_Reward/action_rate_l2: -0.0050
             Episode_Reward/joint_limit: -0.0006
         Episode_Reward/self_collisions: -0.0009
Episode_Reward/action_target_reference_l2: -0.0316
Episode_Reward/action_target_soft_limit_barrier: -0.0042
                   Episode_Reward/alive: 6.8870
 Episode_Reward/non_timeout_termination: -0.6379
Episode_Reward/worst_ee_z_normalized_squared: -0.1501
Episode_Reward/right_wrist_prethreshold_barrier: -0.0055
 Episode_Reward/requested_effort_excess: 0.0000
Episode_Reward/root_world_tracking_error: -0.0161
Episode_Reward/measured_joint_posture_l2: -0.0742
Episode_Reward/measured_feet_world_position_l2: -0.0461
Episode_Reward/original_task_position_l2: -0.0396
Episode_Reward/original_task_orientation_l2: -0.0271
        Metrics/motion/error_anchor_pos: 0.2559
        Metrics/motion/error_anchor_rot: 0.1396
    Metrics/motion/error_anchor_lin_vel: 0.2828
    Metrics/motion/error_anchor_ang_vel: 0.8229
          Metrics/motion/error_body_pos: 0.2574
          Metrics/motion/error_body_rot: 0.2493
         Metrics/motion/error_joint_pos: 0.9801
         Metrics/motion/error_joint_vel: 4.6007
        Metrics/motion/sampling_entropy: 0.0000
      Metrics/motion/sampling_top1_prob: 0.0000
       Metrics/motion/sampling_top1_bin: 0.0000
      Metrics/motion/error_body_lin_vel: 0.3140
      Metrics/motion/error_body_ang_vel: 1.2180
           Episode_Termination/time_out: 0.0000
         Episode_Termination/anchor_pos: 0.0000
         Episode_Termination/anchor_ori: 0.0000
        Episode_Termination/ee_body_pos: 0.0000
Episode_Termination/corpus_clip_time_out: 0.1667
Episode_Termination/invalid_native_model_actuation: 0.0000
Episode_Termination/world_root_tracking_failure: 1.0000
 Episode_Reward/world_potential_shaping: 0.0755
--------------------------------------------------------------------------------
                         Iteration time: 6.60s
                           Time elapsed: 00:16:05
                                    ETA: 00:06:30

################################################################################
[1m                           Learning iteration 356/500                           [0m 

                               Run name: original_core_920ms_fresh
                            Total steps: 731136 
                       Steps per second: 810 
                        Collection time: 2.364s 
                          Learning time: 0.163s 
                        Mean value loss: 313.0134
                    Mean surrogate loss: -0.0112
                      Mean entropy loss: -20.3230
                            Mean reward: 577.64
                    Mean episode length: 260.91
                        Mean action std: 0.10
--------------------------------------------------------------------------------
                         Iteration time: 2.53s
                           Time elapsed: 00:16:08
                                    ETA: 00:06:27

################################################################################
[1m                           Learning iteration 357/500                           [0m 

                               Run name: original_core_920ms_fresh
                            Total steps: 733184 
                       Steps per second: 812 
                        Collection time: 2.350s 
                          Learning time: 0.170s 
                        Mean value loss: 421.5859
                    Mean surrogate loss: -0.0112
                      Mean entropy loss: -20.3230
                            Mean reward: 610.49
                    Mean episode length: 273.74
                        Mean action std: 0.10
--------------------------------------------------------------------------------
                         Iteration time: 2.52s
                           Time elapsed: 00:16:10
                                    ETA: 00:06:25

################################################################################
[1m                           Learning iteration 358/500                           [0m 

                               Run name: original_core_920ms_fresh
                            Total steps: 735232 
                       Steps per second: 790 
                        Collection time: 2.377s 
                          Learning time: 0.215s 
                        Mean value loss: 264.2006
                    Mean surrogate loss: -0.0057
                      Mean entropy loss: -20.3230
                            Mean reward: 587.61
                    Mean episode length: 265.44
                        Mean action std: 0.10
  Episode_Reward/motion_global_root_pos: 0.0031
  Episode_Reward/motion_global_root_ori: 0.0033
         Episode_Reward/motion_body_pos: 0.0062
         Episode_Reward/motion_body_ori: 0.0059
     Episode_Reward/motion_body_lin_vel: 0.0062
     Episode_Reward/motion_body_ang_vel: 0.0059
          Episode_Reward/action_rate_l2: -0.0008
             Episode_Reward/joint_limit: -0.0000
         Episode_Reward/self_collisions: -0.0003
Episode_Reward/action_target_reference_l2: -0.0049
Episode_Reward/action_target_soft_limit_barrier: -0.0009
                   Episode_Reward/alive: 0.8943
 Episode_Reward/non_timeout_termination: -0.7655
Episode_Reward/worst_ee_z_normalized_squared: -0.0149
Episode_Reward/right_wrist_prethreshold_barrier: -0.0022
 Episode_Reward/requested_effort_excess: -0.0000
Episode_Reward/root_world_tracking_error: -0.0048
Episode_Reward/measured_joint_posture_l2: -0.0115
Episode_Reward/measured_feet_world_position_l2: -0.0067
Episode_Reward/original_task_position_l2: -0.0058
Episode_Reward/original_task_orientation_l2: -0.0037
        Metrics/motion/error_anchor_pos: 0.2241
        Metrics/motion/error_anchor_rot: 0.1904
    Metrics/motion/error_anchor_lin_vel: 0.3747
    Metrics/motion/error_anchor_ang_vel: 0.9999
          Metrics/motion/error_body_pos: 0.2329
          Metrics/motion/error_body_rot: 0.3200
         Metrics/motion/error_joint_pos: 0.8861
         Metrics/motion/error_joint_vel: 7.0006
        Metrics/motion/sampling_entropy: 0.0000
      Metrics/motion/sampling_top1_prob: 0.0000
       Metrics/motion/sampling_top1_bin: 0.0000
      Metrics/motion/error_body_lin_vel: 0.5111
      Metrics/motion/error_body_ang_vel: 1.8971
           Episode_Termination/time_out: 0.0000
         Episode_Termination/anchor_pos: 0.0000
         Episode_Termination/anchor_ori: 0.0000
        Episode_Termination/ee_body_pos: 0.3333
Episode_Termination/corpus_clip_time_out: 0.0000
Episode_Termination/invalid_native_model_actuation: 0.0000
Episode_Termination/world_root_tracking_failure: 0.6667
 Episode_Reward/world_potential_shaping: 0.0234
--------------------------------------------------------------------------------
                         Iteration time: 2.59s
                           Time elapsed: 00:16:13
                                    ETA: 00:06:22

################################################################################
[1m                           Learning iteration 359/500                           [0m 

                               Run name: original_core_920ms_fresh
                            Total steps: 737280 
                       Steps per second: 876 
                        Collection time: 2.177s 
                          Learning time: 0.160s 
                        Mean value loss: 948.7333
                    Mean surrogate loss: -0.0102
                      Mean entropy loss: -20.3230
                            Mean reward: 576.92
                    Mean episode length: 262.28
                        Mean action std: 0.10
--------------------------------------------------------------------------------
                         Iteration time: 2.34s
                           Time elapsed: 00:16:15
                                    ETA: 00:06:19

################################################################################
[1m                           Learning iteration 360/500                           [0m 

                               Run name: original_core_920ms_fresh
                            Total steps: 739328 
                       Steps per second: 920 
                        Collection time: 2.061s 
                          Learning time: 0.163s 
                        Mean value loss: 234.7747
                    Mean surrogate loss: -0.0126
                      Mean entropy loss: -20.3230
                            Mean reward: 556.38
                    Mean episode length: 254.81
                        Mean action std: 0.10
  Episode_Reward/motion_global_root_pos: 0.0079
  Episode_Reward/motion_global_root_ori: 0.0088
         Episode_Reward/motion_body_pos: 0.0158
         Episode_Reward/motion_body_ori: 0.0142
     Episode_Reward/motion_body_lin_vel: 0.0162
     Episode_Reward/motion_body_ang_vel: 0.0155
          Episode_Reward/action_rate_l2: -0.0021
             Episode_Reward/joint_limit: -0.0003
         Episode_Reward/self_collisions: -0.0005
Episode_Reward/action_target_reference_l2: -0.0124
Episode_Reward/action_target_soft_limit_barrier: -0.0033
                   Episode_Reward/alive: 2.3388
 Episode_Reward/non_timeout_termination: -0.7655
Episode_Reward/worst_ee_z_normalized_squared: -0.0330
Episode_Reward/right_wrist_prethreshold_barrier: -0.0041
 Episode_Reward/requested_effort_excess: -0.0000
Episode_Reward/root_world_tracking_error: -0.0111
Episode_Reward/measured_joint_posture_l2: -0.0364
Episode_Reward/measured_feet_world_position_l2: -0.0168
Episode_Reward/original_task_position_l2: -0.0144
Episode_Reward/original_task_orientation_l2: -0.0094
        Metrics/motion/error_anchor_pos: 0.2791
        Metrics/motion/error_anchor_rot: 0.1736
    Metrics/motion/error_anchor_lin_vel: 0.6736
    Metrics/motion/error_anchor_ang_vel: 0.6405
          Metrics/motion/error_body_pos: 0.2945
          Metrics/motion/error_body_rot: 0.2961
         Metrics/motion/error_joint_pos: 1.1005
         Metrics/motion/error_joint_vel: 4.9127
        Metrics/motion/sampling_entropy: 0.0000
      Metrics/motion/sampling_top1_prob: 0.0000
       Metrics/motion/sampling_top1_bin: 0.0000
      Metrics/motion/error_body_lin_vel: 0.7016
      Metrics/motion/error_body_ang_vel: 1.4402
           Episode_Termination/time_out: 0.0000
         Episode_Termination/anchor_pos: 0.0000
         Episode_Termination/anchor_ori: 0.0000
        Episode_Termination/ee_body_pos: 0.0000
Episode_Termination/corpus_clip_time_out: 0.0000
Episode_Termination/invalid_native_model_actuation: 0.0000
Episode_Termination/world_root_tracking_failure: 1.1667
 Episode_Reward/world_potential_shaping: 0.0365
--------------------------------------------------------------------------------
                         Iteration time: 2.22s
                           Time elapsed: 00:16:17
                                    ETA: 00:06:16

################################################################################
[1m                           Learning iteration 361/500                           [0m 

                               Run name: original_core_920ms_fresh
                            Total steps: 741376 
                       Steps per second: 898 
                        Collection time: 2.098s 
                          Learning time: 0.182s 
                        Mean value loss: 521.4155
                    Mean surrogate loss: -0.0087
                      Mean entropy loss: -20.3230
                            Mean reward: 539.89
                    Mean episode length: 248.67
                        Mean action std: 0.10
--------------------------------------------------------------------------------
                         Iteration time: 2.28s
                           Time elapsed: 00:16:20
                                    ETA: 00:06:13

################################################################################
[1m                           Learning iteration 362/500                           [0m 

                               Run name: original_core_920ms_fresh
                            Total steps: 743424 
                       Steps per second: 761 
                        Collection time: 2.512s 
                          Learning time: 0.176s 
                        Mean value loss: 403.3294
                    Mean surrogate loss: -0.0084
                      Mean entropy loss: -20.3230
                            Mean reward: 500.75
                    Mean episode length: 233.44
                        Mean action std: 0.10
  Episode_Reward/motion_global_root_pos: 0.0086
  Episode_Reward/motion_global_root_ori: 0.0096
         Episode_Reward/motion_body_pos: 0.0173
         Episode_Reward/motion_body_ori: 0.0165
     Episode_Reward/motion_body_lin_vel: 0.0188
     Episode_Reward/motion_body_ang_vel: 0.0181
          Episode_Reward/action_rate_l2: -0.0019
             Episode_Reward/joint_limit: -0.0000
         Episode_Reward/self_collisions: -0.0012
Episode_Reward/action_target_reference_l2: -0.0115
Episode_Reward/action_target_soft_limit_barrier: -0.0019
                   Episode_Reward/alive: 2.4263
 Episode_Reward/non_timeout_termination: -0.7655
Episode_Reward/worst_ee_z_normalized_squared: -0.0360
Episode_Reward/right_wrist_prethreshold_barrier: -0.0010
 Episode_Reward/requested_effort_excess: -0.0000
Episode_Reward/root_world_tracking_error: -0.0079
Episode_Reward/measured_joint_posture_l2: -0.0288
Episode_Reward/measured_feet_world_position_l2: -0.0163
Episode_Reward/original_task_position_l2: -0.0144
Episode_Reward/original_task_orientation_l2: -0.0096
        Metrics/motion/error_anchor_pos: 0.2773
        Metrics/motion/error_anchor_rot: 0.1485
    Metrics/motion/error_anchor_lin_vel: 0.5631
    Metrics/motion/error_anchor_ang_vel: 0.7039
          Metrics/motion/error_body_pos: 0.2903
          Metrics/motion/error_body_rot: 0.2626
         Metrics/motion/error_joint_pos: 0.9303
         Metrics/motion/error_joint_vel: 5.1507
        Metrics/motion/sampling_entropy: 0.0000
      Metrics/motion/sampling_top1_prob: 0.0000
       Metrics/motion/sampling_top1_bin: 0.0000
      Metrics/motion/error_body_lin_vel: 0.5646
      Metrics/motion/error_body_ang_vel: 1.4625
           Episode_Termination/time_out: 0.0000
         Episode_Termination/anchor_pos: 0.0000
         Episode_Termination/anchor_ori: 0.0000
        Episode_Termination/ee_body_pos: 0.0909
Episode_Termination/corpus_clip_time_out: 0.0000
Episode_Termination/invalid_native_model_actuation: 0.0000
Episode_Termination/world_root_tracking_failure: 1.0000
 Episode_Reward/world_potential_shaping: 0.0334
--------------------------------------------------------------------------------
                         Iteration time: 2.69s
                           Time elapsed: 00:16:22
                                    ETA: 00:06:10

################################################################################
[1m                           Learning iteration 363/500                           [0m 

                               Run name: original_core_920ms_fresh
                            Total steps: 745472 
                       Steps per second: 853 
                        Collection time: 2.232s 
                          Learning time: 0.168s 
                        Mean value loss: 379.4322
                    Mean surrogate loss: -0.0107
                      Mean entropy loss: -20.3230
                            Mean reward: 473.77
                    Mean episode length: 222.68
                        Mean action std: 0.10
--------------------------------------------------------------------------------
                         Iteration time: 2.40s
                           Time elapsed: 00:16:25
                                    ETA: 00:06:08

################################################################################
[1m                           Learning iteration 364/500                           [0m 

                               Run name: original_core_920ms_fresh
                            Total steps: 747520 
                       Steps per second: 864 
                        Collection time: 2.201s 
                          Learning time: 0.168s 
                        Mean value loss: 856.7419
                    Mean surrogate loss: -0.0109
                      Mean entropy loss: -20.3230
                            Mean reward: 467.06
                    Mean episode length: 221.12
                        Mean action std: 0.10
--------------------------------------------------------------------------------
                         Iteration time: 2.37s
                           Time elapsed: 00:16:27
                                    ETA: 00:06:05

################################################################################
[1m                           Learning iteration 365/500                           [0m 

                               Run name: original_core_920ms_fresh
                            Total steps: 749568 
                       Steps per second: 850 
                        Collection time: 2.245s 
                          Learning time: 0.164s 
                        Mean value loss: 1065.7860
                    Mean surrogate loss: -0.0081
                      Mean entropy loss: -20.3230
                            Mean reward: 474.75
                    Mean episode length: 226.32
                        Mean action std: 0.10
--------------------------------------------------------------------------------
                         Iteration time: 2.41s
                           Time elapsed: 00:16:30
                                    ETA: 00:06:02

################################################################################
[1m                           Learning iteration 366/500                           [0m 

                               Run name: original_core_920ms_fresh
                            Total steps: 751616 
                       Steps per second: 803 
                        Collection time: 2.335s 
                          Learning time: 0.213s 
                        Mean value loss: 286.9176
                    Mean surrogate loss: -0.0129
                      Mean entropy loss: -20.3230
                            Mean reward: 461.35
                    Mean episode length: 221.15
                        Mean action std: 0.10
  Episode_Reward/motion_global_root_pos: 0.0031
  Episode_Reward/motion_global_root_ori: 0.0039
         Episode_Reward/motion_body_pos: 0.0061
         Episode_Reward/motion_body_ori: 0.0066
     Episode_Reward/motion_body_lin_vel: 0.0068
     Episode_Reward/motion_body_ang_vel: 0.0068
          Episode_Reward/action_rate_l2: -0.0009
             Episode_Reward/joint_limit: 0.0000
         Episode_Reward/self_collisions: 0.0000
Episode_Reward/action_target_reference_l2: -0.0049
Episode_Reward/action_target_soft_limit_barrier: -0.0015
                   Episode_Reward/alive: 0.9826
 Episode_Reward/non_timeout_termination: -0.7655
Episode_Reward/worst_ee_z_normalized_squared: -0.0061
Episode_Reward/right_wrist_prethreshold_barrier: 0.0000
 Episode_Reward/requested_effort_excess: -0.0000
Episode_Reward/root_world_tracking_error: -0.0055
Episode_Reward/measured_joint_posture_l2: -0.0145
Episode_Reward/measured_feet_world_position_l2: -0.0076
Episode_Reward/original_task_position_l2: -0.0061
Episode_Reward/original_task_orientation_l2: -0.0039
        Metrics/motion/error_anchor_pos: 0.2831
        Metrics/motion/error_anchor_rot: 0.1522
    Metrics/motion/error_anchor_lin_vel: 0.5468
    Metrics/motion/error_anchor_ang_vel: 0.8299
          Metrics/motion/error_body_pos: 0.3054
          Metrics/motion/error_body_rot: 0.2383
         Metrics/motion/error_joint_pos: 0.8979
         Metrics/motion/error_joint_vel: 4.4597
        Metrics/motion/sampling_entropy: 0.0000
      Metrics/motion/sampling_top1_prob: 0.0000
       Metrics/motion/sampling_top1_bin: 0.0000
      Metrics/motion/error_body_lin_vel: 0.5370
      Metrics/motion/error_body_ang_vel: 1.1451
           Episode_Termination/time_out: 0.0000
         Episode_Termination/anchor_pos: 0.0000
         Episode_Termination/anchor_ori: 0.0000
        Episode_Termination/ee_body_pos: 0.0000
Episode_Termination/corpus_clip_time_out: 0.0000
Episode_Termination/invalid_native_model_actuation: 0.0000
Episode_Termination/world_root_tracking_failure: 1.6667
 Episode_Reward/world_potential_shaping: 0.0255
--------------------------------------------------------------------------------
                         Iteration time: 2.55s
                           Time elapsed: 00:16:32
                                    ETA: 00:05:59

################################################################################
[1m                           Learning iteration 367/500                           [0m 

                               Run name: original_core_920ms_fresh
                            Total steps: 753664 
                       Steps per second: 381 
                        Collection time: 5.203s 
                          Learning time: 0.165s 
                        Mean value loss: 581.3543
                    Mean surrogate loss: -0.0118
                      Mean entropy loss: -20.3230
                            Mean reward: 519.85
                    Mean episode length: 242.56
                        Mean action std: 0.10
  Episode_Reward/motion_global_root_pos: 0.0309
  Episode_Reward/motion_global_root_ori: 0.0345
         Episode_Reward/motion_body_pos: 0.0617
         Episode_Reward/motion_body_ori: 0.0603
     Episode_Reward/motion_body_lin_vel: 0.0709
     Episode_Reward/motion_body_ang_vel: 0.0675
          Episode_Reward/action_rate_l2: -0.0061
             Episode_Reward/joint_limit: -0.0004
         Episode_Reward/self_collisions: -0.0015
Episode_Reward/action_target_reference_l2: -0.0393
Episode_Reward/action_target_soft_limit_barrier: -0.0041
                   Episode_Reward/alive: 8.6463
 Episode_Reward/non_timeout_termination: -0.4253
Episode_Reward/worst_ee_z_normalized_squared: -0.1656
Episode_Reward/right_wrist_prethreshold_barrier: -0.0047
 Episode_Reward/requested_effort_excess: 0.0000
Episode_Reward/root_world_tracking_error: -0.0197
Episode_Reward/measured_joint_posture_l2: -0.0949
Episode_Reward/measured_feet_world_position_l2: -0.0594
Episode_Reward/original_task_position_l2: -0.0481
Episode_Reward/original_task_orientation_l2: -0.0336
        Metrics/motion/error_anchor_pos: 0.2201
        Metrics/motion/error_anchor_rot: 0.1344
    Metrics/motion/error_anchor_lin_vel: 0.2628
    Metrics/motion/error_anchor_ang_vel: 0.6609
          Metrics/motion/error_body_pos: 0.2237
          Metrics/motion/error_body_rot: 0.2551
         Metrics/motion/error_joint_pos: 1.0200
         Metrics/motion/error_joint_vel: 3.6622
        Metrics/motion/sampling_entropy: 0.0000
      Metrics/motion/sampling_top1_prob: 0.0000
       Metrics/motion/sampling_top1_bin: 0.0000
      Metrics/motion/error_body_lin_vel: 0.2925
      Metrics/motion/error_body_ang_vel: 1.0428
           Episode_Termination/time_out: 0.0000
         Episode_Termination/anchor_pos: 0.0000
         Episode_Termination/anchor_ori: 0.0000
        Episode_Termination/ee_body_pos: 0.0000
Episode_Termination/corpus_clip_time_out: 0.4444
Episode_Termination/invalid_native_model_actuation: 0.0000
Episode_Termination/world_root_tracking_failure: 0.7778
 Episode_Reward/world_potential_shaping: 0.0874
--------------------------------------------------------------------------------
                         Iteration time: 5.37s
                           Time elapsed: 00:16:37
                                    ETA: 00:05:57

################################################################################
[1m                           Learning iteration 368/500                           [0m 

                               Run name: original_core_920ms_fresh
                            Total steps: 755712 
                       Steps per second: 752 
                        Collection time: 2.543s 
                          Learning time: 0.179s 
                        Mean value loss: 320.0019
                    Mean surrogate loss: -0.0067
                      Mean entropy loss: -20.3230
                            Mean reward: 512.48
                    Mean episode length: 240.57
                        Mean action std: 0.10
  Episode_Reward/motion_global_root_pos: 0.0124
  Episode_Reward/motion_global_root_ori: 0.0159
         Episode_Reward/motion_body_pos: 0.0252
         Episode_Reward/motion_body_ori: 0.0277
     Episode_Reward/motion_body_lin_vel: 0.0324
     Episode_Reward/motion_body_ang_vel: 0.0313
          Episode_Reward/action_rate_l2: -0.0029
             Episode_Reward/joint_limit: -0.0002
         Episode_Reward/self_collisions: -0.0015
Episode_Reward/action_target_reference_l2: -0.0174
Episode_Reward/action_target_soft_limit_barrier: -0.0026
                   Episode_Reward/alive: 4.0157
 Episode_Reward/non_timeout_termination: -0.6379
Episode_Reward/worst_ee_z_normalized_squared: -0.0694
Episode_Reward/right_wrist_prethreshold_barrier: -0.0034
 Episode_Reward/requested_effort_excess: -0.0000
Episode_Reward/root_world_tracking_error: -0.0145
Episode_Reward/measured_joint_posture_l2: -0.0471
Episode_Reward/measured_feet_world_position_l2: -0.0295
Episode_Reward/original_task_position_l2: -0.0259
Episode_Reward/original_task_orientation_l2: -0.0169
        Metrics/motion/error_anchor_pos: 0.2891
        Metrics/motion/error_anchor_rot: 0.1279
    Metrics/motion/error_anchor_lin_vel: 0.3646
    Metrics/motion/error_anchor_ang_vel: 0.6527
          Metrics/motion/error_body_pos: 0.2875
          Metrics/motion/error_body_rot: 0.2741
         Metrics/motion/error_joint_pos: 1.0675
         Metrics/motion/error_joint_vel: 5.8343
        Metrics/motion/sampling_entropy: 0.0000
      Metrics/motion/sampling_top1_prob: 0.0000
       Metrics/motion/sampling_top1_bin: 0.0000
      Metrics/motion/error_body_lin_vel: 0.3643
      Metrics/motion/error_body_ang_vel: 1.5225
           Episode_Termination/time_out: 0.0000
         Episode_Termination/anchor_pos: 0.0000
         Episode_Termination/anchor_ori: 0.0000
        Episode_Termination/ee_body_pos: 0.0000
Episode_Termination/corpus_clip_time_out: 0.1667
Episode_Termination/invalid_native_model_actuation: 0.0000
Episode_Termination/world_root_tracking_failure: 0.8333
 Episode_Reward/world_potential_shaping: 0.0543
--------------------------------------------------------------------------------
                         Iteration time: 2.72s
                           Time elapsed: 00:16:40
                                    ETA: 00:05:55

################################################################################
[1m                           Learning iteration 369/500                           [0m 

                               Run name: original_core_920ms_fresh
                            Total steps: 757760 
                       Steps per second: 875 
                        Collection time: 2.178s 
                          Learning time: 0.161s 
                        Mean value loss: 592.4510
                    Mean surrogate loss: -0.0060
                      Mean entropy loss: -20.3230
                            Mean reward: 486.66
                    Mean episode length: 230.47
                        Mean action std: 0.10
--------------------------------------------------------------------------------
                         Iteration time: 2.34s
                           Time elapsed: 00:16:43
                                    ETA: 00:05:52

################################################################################
[1m                           Learning iteration 370/500                           [0m 

                               Run name: original_core_920ms_fresh
                            Total steps: 759808 
                       Steps per second: 910 
                        Collection time: 2.088s 
                          Learning time: 0.161s 
                        Mean value loss: 459.9756
                    Mean surrogate loss: -0.0097
                      Mean entropy loss: -20.3230
                            Mean reward: 499.08
                    Mean episode length: 234.84
                        Mean action std: 0.10
--------------------------------------------------------------------------------
                         Iteration time: 2.25s
                           Time elapsed: 00:16:45
                                    ETA: 00:05:49

################################################################################
[1m                           Learning iteration 371/500                           [0m 

                               Run name: original_core_920ms_fresh
                            Total steps: 761856 
                       Steps per second: 868 
                        Collection time: 2.196s 
                          Learning time: 0.161s 
                        Mean value loss: 504.5195
                    Mean surrogate loss: -0.0109
                      Mean entropy loss: -20.3230
                            Mean reward: 496.51
                    Mean episode length: 234.45
                        Mean action std: 0.10
--------------------------------------------------------------------------------
                         Iteration time: 2.36s
                           Time elapsed: 00:16:47
                                    ETA: 00:05:46

################################################################################
[1m                           Learning iteration 372/500                           [0m 

                               Run name: original_core_920ms_fresh
                            Total steps: 763904 
                       Steps per second: 890 
                        Collection time: 2.140s 
                          Learning time: 0.160s 
                        Mean value loss: 396.9066
                    Mean surrogate loss: -0.0148
                      Mean entropy loss: -20.3230
                            Mean reward: 511.87
                    Mean episode length: 239.70
                        Mean action std: 0.10
  Episode_Reward/motion_global_root_pos: 0.0131
  Episode_Reward/motion_global_root_ori: 0.0143
         Episode_Reward/motion_body_pos: 0.0254
         Episode_Reward/motion_body_ori: 0.0241
     Episode_Reward/motion_body_lin_vel: 0.0274
     Episode_Reward/motion_body_ang_vel: 0.0263
          Episode_Reward/action_rate_l2: -0.0026
             Episode_Reward/joint_limit: -0.0001
         Episode_Reward/self_collisions: -0.0025
Episode_Reward/action_target_reference_l2: -0.0156
Episode_Reward/action_target_soft_limit_barrier: -0.0031
                   Episode_Reward/alive: 3.5377
 Episode_Reward/non_timeout_termination: -0.6379
Episode_Reward/worst_ee_z_normalized_squared: -0.0458
Episode_Reward/right_wrist_prethreshold_barrier: -0.0008
 Episode_Reward/requested_effort_excess: -0.0000
Episode_Reward/root_world_tracking_error: -0.0094
Episode_Reward/measured_joint_posture_l2: -0.0418
Episode_Reward/measured_feet_world_position_l2: -0.0256
Episode_Reward/original_task_position_l2: -0.0182
Episode_Reward/original_task_orientation_l2: -0.0141
        Metrics/motion/error_anchor_pos: 0.2508
        Metrics/motion/error_anchor_rot: 0.1158
    Metrics/motion/error_anchor_lin_vel: 0.4051
    Metrics/motion/error_anchor_ang_vel: 0.7408
          Metrics/motion/error_body_pos: 0.2544
          Metrics/motion/error_body_rot: 0.2249
         Metrics/motion/error_joint_pos: 0.8126
         Metrics/motion/error_joint_vel: 4.2412
        Metrics/motion/sampling_entropy: 0.0000
      Metrics/motion/sampling_top1_prob: 0.0000
       Metrics/motion/sampling_top1_bin: 0.0000
      Metrics/motion/error_body_lin_vel: 0.4385
      Metrics/motion/error_body_ang_vel: 1.2284
           Episode_Termination/time_out: 0.0000
         Episode_Termination/anchor_pos: 0.0000
         Episode_Termination/anchor_ori: 0.0000
        Episode_Termination/ee_body_pos: 0.1667
Episode_Termination/corpus_clip_time_out: 0.1667
Episode_Termination/invalid_native_model_actuation: 0.0000
Episode_Termination/world_root_tracking_failure: 1.1667
 Episode_Reward/world_potential_shaping: 0.0449
--------------------------------------------------------------------------------
                         Iteration time: 2.30s
                           Time elapsed: 00:16:49
                                    ETA: 00:05:43

################################################################################
[1m                           Learning iteration 373/500                           [0m 

                               Run name: original_core_920ms_fresh
                            Total steps: 765952 
                       Steps per second: 884 
                        Collection time: 2.155s 
                          Learning time: 0.160s 
                        Mean value loss: 525.2805
                    Mean surrogate loss: -0.0111
                      Mean entropy loss: -20.3230
                            Mean reward: 539.66
                    Mean episode length: 251.02
                        Mean action std: 0.10
  Episode_Reward/motion_global_root_pos: 0.0211
  Episode_Reward/motion_global_root_ori: 0.0230
         Episode_Reward/motion_body_pos: 0.0415
         Episode_Reward/motion_body_ori: 0.0392
     Episode_Reward/motion_body_lin_vel: 0.0461
     Episode_Reward/motion_body_ang_vel: 0.0434
          Episode_Reward/action_rate_l2: -0.0046
             Episode_Reward/joint_limit: -0.0003
         Episode_Reward/self_collisions: -0.0083
Episode_Reward/action_target_reference_l2: -0.0286
Episode_Reward/action_target_soft_limit_barrier: -0.0052
                   Episode_Reward/alive: 5.9120
 Episode_Reward/non_timeout_termination: -0.7655
Episode_Reward/worst_ee_z_normalized_squared: -0.1056
Episode_Reward/right_wrist_prethreshold_barrier: -0.0111
 Episode_Reward/requested_effort_excess: -0.0000
Episode_Reward/root_world_tracking_error: -0.0165
Episode_Reward/measured_joint_posture_l2: -0.0641
Episode_Reward/measured_feet_world_position_l2: -0.0424
Episode_Reward/original_task_position_l2: -0.0334
Episode_Reward/original_task_orientation_l2: -0.0256
        Metrics/motion/error_anchor_pos: 0.2804
        Metrics/motion/error_anchor_rot: 0.1633
    Metrics/motion/error_anchor_lin_vel: 0.6142
    Metrics/motion/error_anchor_ang_vel: 0.9347
          Metrics/motion/error_body_pos: 0.2948
          Metrics/motion/error_body_rot: 0.2447
         Metrics/motion/error_joint_pos: 0.9234
         Metrics/motion/error_joint_vel: 5.5758
        Metrics/motion/sampling_entropy: 0.0000
      Metrics/motion/sampling_top1_prob: 0.0000
       Metrics/motion/sampling_top1_bin: 0.0000
      Metrics/motion/error_body_lin_vel: 0.6524
      Metrics/motion/error_body_ang_vel: 1.7015
           Episode_Termination/time_out: 0.0000
         Episode_Termination/anchor_pos: 0.0000
         Episode_Termination/anchor_ori: 0.0000
        Episode_Termination/ee_body_pos: 0.1429
Episode_Termination/corpus_clip_time_out: 0.0000
Episode_Termination/invalid_native_model_actuation: 0.0000
Episode_Termination/world_root_tracking_failure: 1.0000
 Episode_Reward/world_potential_shaping: 0.0683
--------------------------------------------------------------------------------
                         Iteration time: 2.32s
                           Time elapsed: 00:16:52
                                    ETA: 00:05:41

################################################################################
[1m                           Learning iteration 374/500                           [0m 

                               Run name: original_core_920ms_fresh
                            Total steps: 768000 
                       Steps per second: 838 
                        Collection time: 2.279s 
                          Learning time: 0.164s 
                        Mean value loss: 752.0715
                    Mean surrogate loss: -0.0139
                      Mean entropy loss: -20.3230
                            Mean reward: 560.00
                    Mean episode length: 258.42
                        Mean action std: 0.10
  Episode_Reward/motion_global_root_pos: 0.0129
  Episode_Reward/motion_global_root_ori: 0.0143
         Episode_Reward/motion_body_pos: 0.0255
         Episode_Reward/motion_body_ori: 0.0232
     Episode_Reward/motion_body_lin_vel: 0.0274
     Episode_Reward/motion_body_ang_vel: 0.0259
          Episode_Reward/action_rate_l2: -0.0030
             Episode_Reward/joint_limit: -0.0002
         Episode_Reward/self_collisions: -0.0041
Episode_Reward/action_target_reference_l2: -0.0178
Episode_Reward/action_target_soft_limit_barrier: -0.0037
                   Episode_Reward/alive: 3.6757
 Episode_Reward/non_timeout_termination: -0.7655
Episode_Reward/worst_ee_z_normalized_squared: -0.0490
Episode_Reward/right_wrist_prethreshold_barrier: -0.0013
 Episode_Reward/requested_effort_excess: -0.0000
Episode_Reward/root_world_tracking_error: -0.0125
Episode_Reward/measured_joint_posture_l2: -0.0458
Episode_Reward/measured_feet_world_position_l2: -0.0271
Episode_Reward/original_task_position_l2: -0.0215
Episode_Reward/original_task_orientation_l2: -0.0148
        Metrics/motion/error_anchor_pos: 0.2871
        Metrics/motion/error_anchor_rot: 0.1314
    Metrics/motion/error_anchor_lin_vel: 0.4680
    Metrics/motion/error_anchor_ang_vel: 0.8294
          Metrics/motion/error_body_pos: 0.2912
          Metrics/motion/error_body_rot: 0.2732
         Metrics/motion/error_joint_pos: 1.0299
         Metrics/motion/error_joint_vel: 7.3001
        Metrics/motion/sampling_entropy: 0.0000
      Metrics/motion/sampling_top1_prob: 0.0000
       Metrics/motion/sampling_top1_bin: 0.0000
      Metrics/motion/error_body_lin_vel: 0.5273
      Metrics/motion/error_body_ang_vel: 1.7401
           Episode_Termination/time_out: 0.0000
         Episode_Termination/anchor_pos: 0.0000
         Episode_Termination/anchor_ori: 0.0000
        Episode_Termination/ee_body_pos: 0.0000
Episode_Termination/corpus_clip_time_out: 0.0000
Episode_Termination/invalid_native_model_actuation: 0.0000
Episode_Termination/world_root_tracking_failure: 1.3000
 Episode_Reward/world_potential_shaping: 0.0508
--------------------------------------------------------------------------------
                         Iteration time: 2.44s
                           Time elapsed: 00:16:54
                                    ETA: 00:05:38

################################################################################
[1m                           Learning iteration 375/500                           [0m 

                               Run name: original_core_920ms_fresh
                            Total steps: 770048 
                       Steps per second: 895 
                        Collection time: 2.124s 
                          Learning time: 0.162s 
                        Mean value loss: 415.6375
                    Mean surrogate loss: -0.0127
                      Mean entropy loss: -20.3230
                            Mean reward: 550.64
                    Mean episode length: 254.52
                        Mean action std: 0.10
--------------------------------------------------------------------------------
                         Iteration time: 2.29s
                           Time elapsed: 00:16:56
                                    ETA: 00:05:35

################################################################################
[1m                           Learning iteration 376/500                           [0m 

                               Run name: original_core_920ms_fresh
                            Total steps: 772096 
                       Steps per second: 840 
                        Collection time: 2.270s 
                          Learning time: 0.166s 
                        Mean value loss: 457.2628
                    Mean surrogate loss: -0.0115
                      Mean entropy loss: -20.3230
                            Mean reward: 561.93
                    Mean episode length: 257.56
                        Mean action std: 0.10
  Episode_Reward/motion_global_root_pos: 0.0141
  Episode_Reward/motion_global_root_ori: 0.0154
         Episode_Reward/motion_body_pos: 0.0281
         Episode_Reward/motion_body_ori: 0.0266
     Episode_Reward/motion_body_lin_vel: 0.0312
     Episode_Reward/motion_body_ang_vel: 0.0293
          Episode_Reward/action_rate_l2: -0.0031
             Episode_Reward/joint_limit: -0.0002
         Episode_Reward/self_collisions: -0.0020
Episode_Reward/action_target_reference_l2: -0.0189
Episode_Reward/action_target_soft_limit_barrier: -0.0022
                   Episode_Reward/alive: 3.9510
 Episode_Reward/non_timeout_termination: -0.6379
Episode_Reward/worst_ee_z_normalized_squared: -0.0734
Episode_Reward/right_wrist_prethreshold_barrier: -0.0031
 Episode_Reward/requested_effort_excess: -0.0000
Episode_Reward/root_world_tracking_error: -0.0107
Episode_Reward/measured_joint_posture_l2: -0.0453
Episode_Reward/measured_feet_world_position_l2: -0.0286
Episode_Reward/original_task_position_l2: -0.0233
Episode_Reward/original_task_orientation_l2: -0.0163
        Metrics/motion/error_anchor_pos: 0.2605
        Metrics/motion/error_anchor_rot: 0.1825
    Metrics/motion/error_anchor_lin_vel: 0.4487
    Metrics/motion/error_anchor_ang_vel: 1.2214
          Metrics/motion/error_body_pos: 0.2623
          Metrics/motion/error_body_rot: 0.2998
         Metrics/motion/error_joint_pos: 1.1342
         Metrics/motion/error_joint_vel: 5.9076
        Metrics/motion/sampling_entropy: 0.0000
      Metrics/motion/sampling_top1_prob: 0.0000
       Metrics/motion/sampling_top1_bin: 0.0000
      Metrics/motion/error_body_lin_vel: 0.5355
      Metrics/motion/error_body_ang_vel: 1.8060
           Episode_Termination/time_out: 0.0000
         Episode_Termination/anchor_pos: 0.0000
         Episode_Termination/anchor_ori: 0.0000
        Episode_Termination/ee_body_pos: 0.0000
Episode_Termination/corpus_clip_time_out: 0.2222
Episode_Termination/invalid_native_model_actuation: 0.0000
Episode_Termination/world_root_tracking_failure: 0.8889
 Episode_Reward/world_potential_shaping: 0.0495
--------------------------------------------------------------------------------
                         Iteration time: 2.44s
                           Time elapsed: 00:16:59
                                    ETA: 00:05:32

################################################################################
[1m                           Learning iteration 377/500                           [0m 

                               Run name: original_core_920ms_fresh
                            Total steps: 774144 
                       Steps per second: 859 
                        Collection time: 2.223s 
                          Learning time: 0.161s 
                        Mean value loss: 302.7801
                    Mean surrogate loss: -0.0119
                      Mean entropy loss: -20.3230
                            Mean reward: 552.84
                    Mean episode length: 253.48
                        Mean action std: 0.10
--------------------------------------------------------------------------------
                         Iteration time: 2.38s
                           Time elapsed: 00:17:01
                                    ETA: 00:05:29

################################################################################
[1m                           Learning iteration 378/500                           [0m 

                               Run name: original_core_920ms_fresh
                            Total steps: 776192 
                       Steps per second: 894 
                        Collection time: 2.128s 
                          Learning time: 0.160s 
                        Mean value loss: 382.3739
                    Mean surrogate loss: -0.0099
                      Mean entropy loss: -20.3230
                            Mean reward: 509.61
                    Mean episode length: 238.53
                        Mean action std: 0.10
--------------------------------------------------------------------------------
                         Iteration time: 2.29s
                           Time elapsed: 00:17:04
                                    ETA: 00:05:26

################################################################################
[1m                           Learning iteration 379/500                           [0m 

                               Run name: original_core_920ms_fresh
                            Total steps: 778240 
                       Steps per second: 826 
                        Collection time: 2.302s 
                          Learning time: 0.177s 
                        Mean value loss: 353.3610
                    Mean surrogate loss: -0.0140
                      Mean entropy loss: -20.3230
                            Mean reward: 515.93
                    Mean episode length: 240.94
                        Mean action std: 0.10
--------------------------------------------------------------------------------
                         Iteration time: 2.48s
                           Time elapsed: 00:17:06
                                    ETA: 00:05:24

################################################################################
[1m                           Learning iteration 380/500                           [0m 

                               Run name: original_core_920ms_fresh
                            Total steps: 780288 
                       Steps per second: 380 
                        Collection time: 5.218s 
                          Learning time: 0.162s 
                        Mean value loss: 576.2167
                    Mean surrogate loss: -0.0090
                      Mean entropy loss: -20.3230
                            Mean reward: 497.12
                    Mean episode length: 235.38
                        Mean action std: 0.10
--------------------------------------------------------------------------------
                         Iteration time: 5.38s
                           Time elapsed: 00:17:11
                                    ETA: 00:05:22

################################################################################
[1m                           Learning iteration 381/500                           [0m 

                               Run name: original_core_920ms_fresh
                            Total steps: 782336 
                       Steps per second: 881 
                        Collection time: 2.160s 
                          Learning time: 0.163s 
                        Mean value loss: 286.3748
                    Mean surrogate loss: -0.0152
                      Mean entropy loss: -20.3230
                            Mean reward: 471.28
                    Mean episode length: 224.91
                        Mean action std: 0.10
--------------------------------------------------------------------------------
                         Iteration time: 2.32s
                           Time elapsed: 00:17:14
                                    ETA: 00:05:19

################################################################################
[1m                           Learning iteration 382/500                           [0m 

                               Run name: original_core_920ms_fresh
                            Total steps: 784384 
                       Steps per second: 898 
                        Collection time: 2.118s 
                          Learning time: 0.163s 
                        Mean value loss: 624.1656
                    Mean surrogate loss: -0.0079
                      Mean entropy loss: -20.3230
                            Mean reward: 505.37
                    Mean episode length: 238.85
                        Mean action std: 0.10
--------------------------------------------------------------------------------
                         Iteration time: 2.28s
                           Time elapsed: 00:17:16
                                    ETA: 00:05:16

################################################################################
[1m                           Learning iteration 383/500                           [0m 

                               Run name: original_core_920ms_fresh
                            Total steps: 786432 
                       Steps per second: 830 
                        Collection time: 2.304s 
                          Learning time: 0.161s 
                        Mean value loss: 407.4035
                    Mean surrogate loss: -0.0140
                      Mean entropy loss: -20.3230
                            Mean reward: 489.17
                    Mean episode length: 231.84
                        Mean action std: 0.10
  Episode_Reward/motion_global_root_pos: 0.0208
  Episode_Reward/motion_global_root_ori: 0.0228
         Episode_Reward/motion_body_pos: 0.0414
         Episode_Reward/motion_body_ori: 0.0393
     Episode_Reward/motion_body_lin_vel: 0.0457
     Episode_Reward/motion_body_ang_vel: 0.0429
          Episode_Reward/action_rate_l2: -0.0046
             Episode_Reward/joint_limit: -0.0002
         Episode_Reward/self_collisions: -0.0020
Episode_Reward/action_target_reference_l2: -0.0281
Episode_Reward/action_target_soft_limit_barrier: -0.0036
                   Episode_Reward/alive: 5.8030
 Episode_Reward/non_timeout_termination: -0.6379
Episode_Reward/worst_ee_z_normalized_squared: -0.0989
Episode_Reward/right_wrist_prethreshold_barrier: -0.0124
 Episode_Reward/requested_effort_excess: -0.0000
Episode_Reward/root_world_tracking_error: -0.0155
Episode_Reward/measured_joint_posture_l2: -0.0629
Episode_Reward/measured_feet_world_position_l2: -0.0411
Episode_Reward/original_task_position_l2: -0.0325
Episode_Reward/original_task_orientation_l2: -0.0224
        Metrics/motion/error_anchor_pos: 0.2447
        Metrics/motion/error_anchor_rot: 0.1359
    Metrics/motion/error_anchor_lin_vel: 0.3727
    Metrics/motion/error_anchor_ang_vel: 0.8667
          Metrics/motion/error_body_pos: 0.2539
          Metrics/motion/error_body_rot: 0.2473
         Metrics/motion/error_joint_pos: 0.9362
         Metrics/motion/error_joint_vel: 4.2725
        Metrics/motion/sampling_entropy: 0.0000
      Metrics/motion/sampling_top1_prob: 0.0000
       Metrics/motion/sampling_top1_bin: 0.0000
      Metrics/motion/error_body_lin_vel: 0.4116
      Metrics/motion/error_body_ang_vel: 1.2032
           Episode_Termination/time_out: 0.0000
         Episode_Termination/anchor_pos: 0.0000
         Episode_Termination/anchor_ori: 0.0000
        Episode_Termination/ee_body_pos: 0.1667
Episode_Termination/corpus_clip_time_out: 0.1667
Episode_Termination/invalid_native_model_actuation: 0.0000
Episode_Termination/world_root_tracking_failure: 1.0000
 Episode_Reward/world_potential_shaping: 0.0655
--------------------------------------------------------------------------------
                         Iteration time: 2.46s
                           Time elapsed: 00:17:18
                                    ETA: 00:05:13

################################################################################
[1m                           Learning iteration 384/500                           [0m 

                               Run name: original_core_920ms_fresh
                            Total steps: 788480 
                       Steps per second: 863 
                        Collection time: 2.211s 
                          Learning time: 0.161s 
                        Mean value loss: 432.1742
                    Mean surrogate loss: -0.0060
                      Mean entropy loss: -20.3230
                            Mean reward: 477.23
                    Mean episode length: 227.02
                        Mean action std: 0.10
  Episode_Reward/motion_global_root_pos: 0.0152
  Episode_Reward/motion_global_root_ori: 0.0163
         Episode_Reward/motion_body_pos: 0.0302
         Episode_Reward/motion_body_ori: 0.0265
     Episode_Reward/motion_body_lin_vel: 0.0315
     Episode_Reward/motion_body_ang_vel: 0.0285
          Episode_Reward/action_rate_l2: -0.0036
             Episode_Reward/joint_limit: -0.0001
         Episode_Reward/self_collisions: -0.0070
Episode_Reward/action_target_reference_l2: -0.0213
Episode_Reward/action_target_soft_limit_barrier: -0.0039
                   Episode_Reward/alive: 4.2137
 Episode_Reward/non_timeout_termination: -0.7655
Episode_Reward/worst_ee_z_normalized_squared: -0.0731
Episode_Reward/right_wrist_prethreshold_barrier: -0.0059
 Episode_Reward/requested_effort_excess: -0.0000
Episode_Reward/root_world_tracking_error: -0.0132
Episode_Reward/measured_joint_posture_l2: -0.0506
Episode_Reward/measured_feet_world_position_l2: -0.0306
Episode_Reward/original_task_position_l2: -0.0240
Episode_Reward/original_task_orientation_l2: -0.0193
        Metrics/motion/error_anchor_pos: 0.2893
        Metrics/motion/error_anchor_rot: 0.1568
    Metrics/motion/error_anchor_lin_vel: 0.6817
    Metrics/motion/error_anchor_ang_vel: 1.2241
          Metrics/motion/error_body_pos: 0.2887
          Metrics/motion/error_body_rot: 0.2870
         Metrics/motion/error_joint_pos: 1.0387
         Metrics/motion/error_joint_vel: 6.2024
        Metrics/motion/sampling_entropy: 0.0000
      Metrics/motion/sampling_top1_prob: 0.0000
       Metrics/motion/sampling_top1_bin: 0.0000
      Metrics/motion/error_body_lin_vel: 0.6824
      Metrics/motion/error_body_ang_vel: 1.9759
           Episode_Termination/time_out: 0.0000
         Episode_Termination/anchor_pos: 0.0000
         Episode_Termination/anchor_ori: 0.0000
        Episode_Termination/ee_body_pos: 0.0000
Episode_Termination/corpus_clip_time_out: 0.0000
Episode_Termination/invalid_native_model_actuation: 0.0000
Episode_Termination/world_root_tracking_failure: 1.5714
 Episode_Reward/world_potential_shaping: 0.0551
--------------------------------------------------------------------------------
                         Iteration time: 2.37s
                           Time elapsed: 00:17:21
                                    ETA: 00:05:11

################################################################################
[1m                           Learning iteration 385/500                           [0m 

                               Run name: original_core_920ms_fresh
                            Total steps: 790528 
                       Steps per second: 890 
                        Collection time: 2.136s 
                          Learning time: 0.163s 
                        Mean value loss: 482.3014
                    Mean surrogate loss: -0.0156
                      Mean entropy loss: -20.3230
                            Mean reward: 474.13
                    Mean episode length: 226.27
                        Mean action std: 0.10
  Episode_Reward/motion_global_root_pos: 0.0127
  Episode_Reward/motion_global_root_ori: 0.0158
         Episode_Reward/motion_body_pos: 0.0256
         Episode_Reward/motion_body_ori: 0.0270
     Episode_Reward/motion_body_lin_vel: 0.0314
     Episode_Reward/motion_body_ang_vel: 0.0297
          Episode_Reward/action_rate_l2: -0.0031
             Episode_Reward/joint_limit: -0.0005
         Episode_Reward/self_collisions: -0.0093
Episode_Reward/action_target_reference_l2: -0.0192
Episode_Reward/action_target_soft_limit_barrier: -0.0026
                   Episode_Reward/alive: 4.0069
 Episode_Reward/non_timeout_termination: -0.7655
Episode_Reward/worst_ee_z_normalized_squared: -0.0755
Episode_Reward/right_wrist_prethreshold_barrier: -0.0045
 Episode_Reward/requested_effort_excess: -0.0000
Episode_Reward/root_world_tracking_error: -0.0145
Episode_Reward/measured_joint_posture_l2: -0.0408
Episode_Reward/measured_feet_world_position_l2: -0.0301
Episode_Reward/original_task_position_l2: -0.0269
Episode_Reward/original_task_orientation_l2: -0.0162
        Metrics/motion/error_anchor_pos: 0.2674
        Metrics/motion/error_anchor_rot: 0.1445
    Metrics/motion/error_anchor_lin_vel: 0.6170
    Metrics/motion/error_anchor_ang_vel: 1.0455
          Metrics/motion/error_body_pos: 0.2743
          Metrics/motion/error_body_rot: 0.2927
         Metrics/motion/error_joint_pos: 1.0001
         Metrics/motion/error_joint_vel: 5.3608
        Metrics/motion/sampling_entropy: 0.0000
      Metrics/motion/sampling_top1_prob: 0.0000
       Metrics/motion/sampling_top1_bin: 0.0000
      Metrics/motion/error_body_lin_vel: 0.6056
      Metrics/motion/error_body_ang_vel: 1.7769
           Episode_Termination/time_out: 0.0000
         Episode_Termination/anchor_pos: 0.0000
         Episode_Termination/anchor_ori: 0.0000
        Episode_Termination/ee_body_pos: 0.1667
Episode_Termination/corpus_clip_time_out: 0.0000
Episode_Termination/invalid_native_model_actuation: 0.0000
Episode_Termination/world_root_tracking_failure: 1.0000
 Episode_Reward/world_potential_shaping: 0.0562
--------------------------------------------------------------------------------
                         Iteration time: 2.30s
                           Time elapsed: 00:17:23
                                    ETA: 00:05:08

################################################################################
[1m                           Learning iteration 386/500                           [0m 

                               Run name: original_core_920ms_fresh
                            Total steps: 792576 
                       Steps per second: 829 
                        Collection time: 2.306s 
                          Learning time: 0.164s 
                        Mean value loss: 474.0948
                    Mean surrogate loss: -0.0074
                      Mean entropy loss: -20.3230
                            Mean reward: 489.10
                    Mean episode length: 231.04
                        Mean action std: 0.10
--------------------------------------------------------------------------------
                         Iteration time: 2.47s
                           Time elapsed: 00:17:26
                                    ETA: 00:05:05

################################################################################
[1m                           Learning iteration 387/500                           [0m 

                               Run name: original_core_920ms_fresh
                            Total steps: 794624 
                       Steps per second: 866 
                        Collection time: 2.194s 
                          Learning time: 0.171s 
                        Mean value loss: 468.9710
                    Mean surrogate loss: -0.0098
                      Mean entropy loss: -20.3230
                            Mean reward: 471.35
                    Mean episode length: 224.29
                        Mean action std: 0.10
--------------------------------------------------------------------------------
                         Iteration time: 2.36s
                           Time elapsed: 00:17:28
                                    ETA: 00:05:02

################################################################################
[1m                           Learning iteration 388/500                           [0m 

                               Run name: original_core_920ms_fresh
                            Total steps: 796672 
                       Steps per second: 903 
                        Collection time: 2.104s 
                          Learning time: 0.163s 
                        Mean value loss: 700.2528
                    Mean surrogate loss: -0.0054
                      Mean entropy loss: -20.3230
                            Mean reward: 427.59
                    Mean episode length: 207.69
                        Mean action std: 0.10
  Episode_Reward/motion_global_root_pos: 0.0073
  Episode_Reward/motion_global_root_ori: 0.0084
         Episode_Reward/motion_body_pos: 0.0148
         Episode_Reward/motion_body_ori: 0.0139
     Episode_Reward/motion_body_lin_vel: 0.0167
     Episode_Reward/motion_body_ang_vel: 0.0158
          Episode_Reward/action_rate_l2: -0.0017
             Episode_Reward/joint_limit: -0.0001
         Episode_Reward/self_collisions: -0.0011
Episode_Reward/action_target_reference_l2: -0.0097
Episode_Reward/action_target_soft_limit_barrier: -0.0015
                   Episode_Reward/alive: 2.1535
 Episode_Reward/non_timeout_termination: -0.7655
Episode_Reward/worst_ee_z_normalized_squared: -0.0369
Episode_Reward/right_wrist_prethreshold_barrier: -0.0035
 Episode_Reward/requested_effort_excess: -0.0000
Episode_Reward/root_world_tracking_error: -0.0074
Episode_Reward/measured_joint_posture_l2: -0.0262
Episode_Reward/measured_feet_world_position_l2: -0.0153
Episode_Reward/original_task_position_l2: -0.0130
Episode_Reward/original_task_orientation_l2: -0.0093
        Metrics/motion/error_anchor_pos: 0.2689
        Metrics/motion/error_anchor_rot: 0.1566
    Metrics/motion/error_anchor_lin_vel: 0.5535
    Metrics/motion/error_anchor_ang_vel: 1.3354
          Metrics/motion/error_body_pos: 0.2774
          Metrics/motion/error_body_rot: 0.2709
         Metrics/motion/error_joint_pos: 1.0182
         Metrics/motion/error_joint_vel: 5.8293
        Metrics/motion/sampling_entropy: 0.0000
      Metrics/motion/sampling_top1_prob: 0.0000
       Metrics/motion/sampling_top1_bin: 0.0000
      Metrics/motion/error_body_lin_vel: 0.5716
      Metrics/motion/error_body_ang_vel: 1.8224
           Episode_Termination/time_out: 0.0000
         Episode_Termination/anchor_pos: 0.0000
         Episode_Termination/anchor_ori: 0.0000
        Episode_Termination/ee_body_pos: 0.1667
Episode_Termination/corpus_clip_time_out: 0.0000
Episode_Termination/invalid_native_model_actuation: 0.0000
Episode_Termination/world_root_tracking_failure: 1.1667
 Episode_Reward/world_potential_shaping: 0.0308
--------------------------------------------------------------------------------
                         Iteration time: 2.27s
                           Time elapsed: 00:17:30
                                    ETA: 00:04:59

################################################################################
[1m                           Learning iteration 389/500                           [0m 

                               Run name: original_core_920ms_fresh
                            Total steps: 798720 
                       Steps per second: 725 
                        Collection time: 2.662s 
                          Learning time: 0.162s 
                        Mean value loss: 408.1610
                    Mean surrogate loss: -0.0107
                      Mean entropy loss: -20.3230
                            Mean reward: 460.20
                    Mean episode length: 220.42
                        Mean action std: 0.10
--------------------------------------------------------------------------------
                         Iteration time: 2.82s
                           Time elapsed: 00:17:33
                                    ETA: 00:04:57

################################################################################
[1m                           Learning iteration 390/500                           [0m 

                               Run name: original_core_920ms_fresh
                            Total steps: 800768 
                       Steps per second: 820 
                        Collection time: 2.298s 
                          Learning time: 0.199s 
                        Mean value loss: 466.7827
                    Mean surrogate loss: -0.0135
                      Mean entropy loss: -20.3230
                            Mean reward: 438.51
                    Mean episode length: 211.02
                        Mean action std: 0.10
  Episode_Reward/motion_global_root_pos: 0.0145
  Episode_Reward/motion_global_root_ori: 0.0158
         Episode_Reward/motion_body_pos: 0.0290
         Episode_Reward/motion_body_ori: 0.0266
     Episode_Reward/motion_body_lin_vel: 0.0318
     Episode_Reward/motion_body_ang_vel: 0.0303
          Episode_Reward/action_rate_l2: -0.0031
             Episode_Reward/joint_limit: -0.0007
         Episode_Reward/self_collisions: -0.0075
Episode_Reward/action_target_reference_l2: -0.0200
Episode_Reward/action_target_soft_limit_barrier: -0.0036
                   Episode_Reward/alive: 4.0709
 Episode_Reward/non_timeout_termination: -0.7655
Episode_Reward/worst_ee_z_normalized_squared: -0.0695
Episode_Reward/right_wrist_prethreshold_barrier: -0.0106
 Episode_Reward/requested_effort_excess: -0.0000
Episode_Reward/root_world_tracking_error: -0.0118
Episode_Reward/measured_joint_posture_l2: -0.0478
Episode_Reward/measured_feet_world_position_l2: -0.0240
Episode_Reward/original_task_position_l2: -0.0229
Episode_Reward/original_task_orientation_l2: -0.0183
        Metrics/motion/error_anchor_pos: 0.2871
        Metrics/motion/error_anchor_rot: 0.1262
    Metrics/motion/error_anchor_lin_vel: 0.6235
    Metrics/motion/error_anchor_ang_vel: 1.2961
          Metrics/motion/error_body_pos: 0.2962
          Metrics/motion/error_body_rot: 0.2596
         Metrics/motion/error_joint_pos: 1.0038
         Metrics/motion/error_joint_vel: 6.5195
        Metrics/motion/sampling_entropy: 0.0000
      Metrics/motion/sampling_top1_prob: 0.0000
       Metrics/motion/sampling_top1_bin: 0.0000
      Metrics/motion/error_body_lin_vel: 0.6752
      Metrics/motion/error_body_ang_vel: 1.8391
           Episode_Termination/time_out: 0.0000
         Episode_Termination/anchor_pos: 0.0000
         Episode_Termination/anchor_ori: 0.0000
        Episode_Termination/ee_body_pos: 0.0000
Episode_Termination/corpus_clip_time_out: 0.0000
Episode_Termination/invalid_native_model_actuation: 0.0000
Episode_Termination/world_root_tracking_failure: 1.0000
 Episode_Reward/world_potential_shaping: 0.0453
--------------------------------------------------------------------------------
                         Iteration time: 2.50s
                           Time elapsed: 00:17:36
                                    ETA: 00:04:54

################################################################################
[1m                           Learning iteration 391/500                           [0m 

                               Run name: original_core_920ms_fresh
                            Total steps: 802816 
                       Steps per second: 818 
                        Collection time: 2.334s 
                          Learning time: 0.169s 
                        Mean value loss: 558.2260
                    Mean surrogate loss: -0.0086
                      Mean entropy loss: -20.3230
                            Mean reward: 416.50
                    Mean episode length: 200.76
                        Mean action std: 0.10
--------------------------------------------------------------------------------
                         Iteration time: 2.50s
                           Time elapsed: 00:17:38
                                    ETA: 00:04:51

################################################################################
[1m                           Learning iteration 392/500                           [0m 

                               Run name: original_core_920ms_fresh
                            Total steps: 804864 
                       Steps per second: 646 
                        Collection time: 2.981s 
                          Learning time: 0.185s 
                        Mean value loss: 532.1817
                    Mean surrogate loss: -0.0148
                      Mean entropy loss: -20.3229
                            Mean reward: 426.06
                    Mean episode length: 204.64
                        Mean action std: 0.10
  Episode_Reward/motion_global_root_pos: 0.0095
  Episode_Reward/motion_global_root_ori: 0.0111
         Episode_Reward/motion_body_pos: 0.0190
         Episode_Reward/motion_body_ori: 0.0186
     Episode_Reward/motion_body_lin_vel: 0.0220
     Episode_Reward/motion_body_ang_vel: 0.0207
          Episode_Reward/action_rate_l2: -0.0021
             Episode_Reward/joint_limit: -0.0001
         Episode_Reward/self_collisions: -0.0026
Episode_Reward/action_target_reference_l2: -0.0134
Episode_Reward/action_target_soft_limit_barrier: -0.0025
                   Episode_Reward/alive: 2.7934
 Episode_Reward/non_timeout_termination: -0.7655
Episode_Reward/worst_ee_z_normalized_squared: -0.0476
Episode_Reward/right_wrist_prethreshold_barrier: 0.0000
 Episode_Reward/requested_effort_excess: -0.0000
Episode_Reward/root_world_tracking_error: -0.0080
Episode_Reward/measured_joint_posture_l2: -0.0400
Episode_Reward/measured_feet_world_position_l2: -0.0207
Episode_Reward/original_task_position_l2: -0.0174
Episode_Reward/original_task_orientation_l2: -0.0106
        Metrics/motion/error_anchor_pos: 0.2944
        Metrics/motion/error_anchor_rot: 0.1361
    Metrics/motion/error_anchor_lin_vel: 0.3053
    Metrics/motion/error_anchor_ang_vel: 1.1195
          Metrics/motion/error_body_pos: 0.3026
          Metrics/motion/error_body_rot: 0.2565
         Metrics/motion/error_joint_pos: 1.2982
         Metrics/motion/error_joint_vel: 4.5473
        Metrics/motion/sampling_entropy: 0.0000
      Metrics/motion/sampling_top1_prob: 0.0000
       Metrics/motion/sampling_top1_bin: 0.0000
      Metrics/motion/error_body_lin_vel: 0.3970
      Metrics/motion/error_body_ang_vel: 1.4197
           Episode_Termination/time_out: 0.0000
         Episode_Termination/anchor_pos: 0.0000
         Episode_Termination/anchor_ori: 0.0000
        Episode_Termination/ee_body_pos: 0.0000
Episode_Termination/corpus_clip_time_out: 0.0000
Episode_Termination/invalid_native_model_actuation: 0.0000
Episode_Termination/world_root_tracking_failure: 1.0000
 Episode_Reward/world_potential_shaping: 0.0397
--------------------------------------------------------------------------------
                         Iteration time: 3.17s
                           Time elapsed: 00:17:41
                                    ETA: 00:04:49

################################################################################
[1m                           Learning iteration 393/500                           [0m 

                               Run name: original_core_920ms_fresh
                            Total steps: 806912 
                       Steps per second: 391 
                        Collection time: 5.063s 
                          Learning time: 0.163s 
                        Mean value loss: 410.2916
                    Mean surrogate loss: -0.0134
                      Mean entropy loss: -20.3229
                            Mean reward: 450.21
                    Mean episode length: 213.45
                        Mean action std: 0.10
--------------------------------------------------------------------------------
                         Iteration time: 5.23s
                           Time elapsed: 00:17:46
                                    ETA: 00:04:47

################################################################################
[1m                           Learning iteration 394/500                           [0m 

                               Run name: original_core_920ms_fresh
                            Total steps: 808960 
                       Steps per second: 881 
                        Collection time: 2.157s 
                          Learning time: 0.167s 
                        Mean value loss: 420.1764
                    Mean surrogate loss: -0.0104
                      Mean entropy loss: -20.3229
                            Mean reward: 477.54
                    Mean episode length: 224.67
                        Mean action std: 0.10
--------------------------------------------------------------------------------
                         Iteration time: 2.32s
                           Time elapsed: 00:17:49
                                    ETA: 00:04:44

################################################################################
[1m                           Learning iteration 395/500                           [0m 

                               Run name: original_core_920ms_fresh
                            Total steps: 811008 
                       Steps per second: 908 
                        Collection time: 2.093s 
                          Learning time: 0.161s 
                        Mean value loss: 471.6454
                    Mean surrogate loss: -0.0118
                      Mean entropy loss: -20.3229
                            Mean reward: 451.20
                    Mean episode length: 214.57
                        Mean action std: 0.10
--------------------------------------------------------------------------------
                         Iteration time: 2.25s
                           Time elapsed: 00:17:51
                                    ETA: 00:04:41

################################################################################
[1m                           Learning iteration 396/500                           [0m 

                               Run name: original_core_920ms_fresh
                            Total steps: 813056 
                       Steps per second: 893 
                        Collection time: 2.128s 
                          Learning time: 0.163s 
                        Mean value loss: 298.7753
                    Mean surrogate loss: -0.0118
                      Mean entropy loss: -20.3229
                            Mean reward: 435.78
                    Mean episode length: 207.83
                        Mean action std: 0.10
  Episode_Reward/motion_global_root_pos: 0.0106
  Episode_Reward/motion_global_root_ori: 0.0118
         Episode_Reward/motion_body_pos: 0.0211
         Episode_Reward/motion_body_ori: 0.0200
     Episode_Reward/motion_body_lin_vel: 0.0224
     Episode_Reward/motion_body_ang_vel: 0.0218
          Episode_Reward/action_rate_l2: -0.0023
             Episode_Reward/joint_limit: -0.0000
         Episode_Reward/self_collisions: -0.0017
Episode_Reward/action_target_reference_l2: -0.0133
Episode_Reward/action_target_soft_limit_barrier: -0.0028
                   Episode_Reward/alive: 2.9633
 Episode_Reward/non_timeout_termination: -0.6698
Episode_Reward/worst_ee_z_normalized_squared: -0.0354
Episode_Reward/right_wrist_prethreshold_barrier: -0.0045
 Episode_Reward/requested_effort_excess: -0.0000
Episode_Reward/root_world_tracking_error: -0.0097
Episode_Reward/measured_joint_posture_l2: -0.0349
Episode_Reward/measured_feet_world_position_l2: -0.0198
Episode_Reward/original_task_position_l2: -0.0153
Episode_Reward/original_task_orientation_l2: -0.0116
        Metrics/motion/error_anchor_pos: 0.2647
        Metrics/motion/error_anchor_rot: 0.1306
    Metrics/motion/error_anchor_lin_vel: 0.5007
    Metrics/motion/error_anchor_ang_vel: 1.4331
          Metrics/motion/error_body_pos: 0.2731
          Metrics/motion/error_body_rot: 0.2484
         Metrics/motion/error_joint_pos: 1.0324
         Metrics/motion/error_joint_vel: 6.4992
        Metrics/motion/sampling_entropy: 0.0000
      Metrics/motion/sampling_top1_prob: 0.0000
       Metrics/motion/sampling_top1_bin: 0.0000
      Metrics/motion/error_body_lin_vel: 0.5249
      Metrics/motion/error_body_ang_vel: 1.8507
           Episode_Termination/time_out: 0.0000
         Episode_Termination/anchor_pos: 0.0000
         Episode_Termination/anchor_ori: 0.0000
        Episode_Termination/ee_body_pos: 0.0000
Episode_Termination/corpus_clip_time_out: 0.1250
Episode_Termination/invalid_native_model_actuation: 0.0000
Episode_Termination/world_root_tracking_failure: 1.0000
 Episode_Reward/world_potential_shaping: 0.0377
--------------------------------------------------------------------------------
                         Iteration time: 2.29s
                           Time elapsed: 00:17:53
                                    ETA: 00:04:38

################################################################################
[1m                           Learning iteration 397/500                           [0m 

                               Run name: original_core_920ms_fresh
                            Total steps: 815104 
                       Steps per second: 843 
                        Collection time: 2.231s 
                          Learning time: 0.196s 
                        Mean value loss: 209.4863
                    Mean surrogate loss: -0.0160
                      Mean entropy loss: -20.3229
                            Mean reward: 442.86
                    Mean episode length: 210.29
                        Mean action std: 0.10
  Episode_Reward/motion_global_root_pos: 0.0079
  Episode_Reward/motion_global_root_ori: 0.0094
         Episode_Reward/motion_body_pos: 0.0160
         Episode_Reward/motion_body_ori: 0.0158
     Episode_Reward/motion_body_lin_vel: 0.0187
     Episode_Reward/motion_body_ang_vel: 0.0182
          Episode_Reward/action_rate_l2: -0.0019
             Episode_Reward/joint_limit: -0.0000
         Episode_Reward/self_collisions: -0.0016
Episode_Reward/action_target_reference_l2: -0.0119
Episode_Reward/action_target_soft_limit_barrier: -0.0022
                   Episode_Reward/alive: 2.4006
 Episode_Reward/non_timeout_termination: -0.6379
Episode_Reward/worst_ee_z_normalized_squared: -0.0346
Episode_Reward/right_wrist_prethreshold_barrier: -0.0002
 Episode_Reward/requested_effort_excess: 0.0000
Episode_Reward/root_world_tracking_error: -0.0087
Episode_Reward/measured_joint_posture_l2: -0.0367
Episode_Reward/measured_feet_world_position_l2: -0.0177
Episode_Reward/original_task_position_l2: -0.0152
Episode_Reward/original_task_orientation_l2: -0.0085
        Metrics/motion/error_anchor_pos: 0.2636
        Metrics/motion/error_anchor_rot: 0.1788
    Metrics/motion/error_anchor_lin_vel: 0.5503
    Metrics/motion/error_anchor_ang_vel: 1.0202
          Metrics/motion/error_body_pos: 0.2735
          Metrics/motion/error_body_rot: 0.2954
         Metrics/motion/error_joint_pos: 1.1303
         Metrics/motion/error_joint_vel: 5.1953
        Metrics/motion/sampling_entropy: 0.0000
      Metrics/motion/sampling_top1_prob: 0.0000
       Metrics/motion/sampling_top1_bin: 0.0000
      Metrics/motion/error_body_lin_vel: 0.6334
      Metrics/motion/error_body_ang_vel: 1.6134
           Episode_Termination/time_out: 0.0000
         Episode_Termination/anchor_pos: 0.0000
         Episode_Termination/anchor_ori: 0.0000
        Episode_Termination/ee_body_pos: 0.0000
Episode_Termination/corpus_clip_time_out: 0.1667
Episode_Termination/invalid_native_model_actuation: 0.0000
Episode_Termination/world_root_tracking_failure: 0.8333
 Episode_Reward/world_potential_shaping: 0.0358
--------------------------------------------------------------------------------
                         Iteration time: 2.43s
                           Time elapsed: 00:17:56
                                    ETA: 00:04:35

################################################################################
[1m                           Learning iteration 398/500                           [0m 

                               Run name: original_core_920ms_fresh
                            Total steps: 817152 
                       Steps per second: 895 
                        Collection time: 2.116s 
                          Learning time: 0.171s 
                        Mean value loss: 442.0919
                    Mean surrogate loss: -0.0138
                      Mean entropy loss: -20.3230
                            Mean reward: 445.51
                    Mean episode length: 211.61
                        Mean action std: 0.10
--------------------------------------------------------------------------------
                         Iteration time: 2.29s
                           Time elapsed: 00:17:58
                                    ETA: 00:04:33

################################################################################
[1m                           Learning iteration 399/500                           [0m 

                               Run name: original_core_920ms_fresh
                            Total steps: 819200 
                       Steps per second: 916 
                        Collection time: 2.073s 
                          Learning time: 0.162s 
                        Mean value loss: 488.1741
                    Mean surrogate loss: -0.0116
                      Mean entropy loss: -20.3230
                            Mean reward: 443.32
                    Mean episode length: 210.40
                        Mean action std: 0.10
--------------------------------------------------------------------------------
                         Iteration time: 2.23s
                           Time elapsed: 00:18:00
                                    ETA: 00:04:30

################################################################################
[1m                           Learning iteration 400/500                           [0m 

                               Run name: original_core_920ms_fresh
                            Total steps: 821248 
                       Steps per second: 780 
                        Collection time: 2.453s 
                          Learning time: 0.171s 
                        Mean value loss: 286.6289
                    Mean surrogate loss: -0.0115
                      Mean entropy loss: -20.3230
                            Mean reward: 417.26
                    Mean episode length: 201.54
                        Mean action std: 0.10
  Episode_Reward/motion_global_root_pos: 0.0085
  Episode_Reward/motion_global_root_ori: 0.0099
         Episode_Reward/motion_body_pos: 0.0170
         Episode_Reward/motion_body_ori: 0.0170
     Episode_Reward/motion_body_lin_vel: 0.0194
     Episode_Reward/motion_body_ang_vel: 0.0180
          Episode_Reward/action_rate_l2: -0.0022
             Episode_Reward/joint_limit: -0.0005
         Episode_Reward/self_collisions: -0.0014
Episode_Reward/action_target_reference_l2: -0.0131
Episode_Reward/action_target_soft_limit_barrier: -0.0026
                   Episode_Reward/alive: 2.5657
 Episode_Reward/non_timeout_termination: -0.7655
Episode_Reward/worst_ee_z_normalized_squared: -0.0397
Episode_Reward/right_wrist_prethreshold_barrier: -0.0010
 Episode_Reward/requested_effort_excess: -0.0000
Episode_Reward/root_world_tracking_error: -0.0097
Episode_Reward/measured_joint_posture_l2: -0.0297
Episode_Reward/measured_feet_world_position_l2: -0.0191
Episode_Reward/original_task_position_l2: -0.0156
Episode_Reward/original_task_orientation_l2: -0.0107
        Metrics/motion/error_anchor_pos: 0.2860
        Metrics/motion/error_anchor_rot: 0.1693
    Metrics/motion/error_anchor_lin_vel: 0.5606
    Metrics/motion/error_anchor_ang_vel: 1.3957
          Metrics/motion/error_body_pos: 0.2909
          Metrics/motion/error_body_rot: 0.2876
         Metrics/motion/error_joint_pos: 1.1036
         Metrics/motion/error_joint_vel: 6.1391
        Metrics/motion/sampling_entropy: 0.0000
      Metrics/motion/sampling_top1_prob: 0.0000
       Metrics/motion/sampling_top1_bin: 0.0000
      Metrics/motion/error_body_lin_vel: 0.6387
      Metrics/motion/error_body_ang_vel: 2.1104
           Episode_Termination/time_out: 0.0000
         Episode_Termination/anchor_pos: 0.0000
         Episode_Termination/anchor_ori: 0.0000
        Episode_Termination/ee_body_pos: 0.0000
Episode_Termination/corpus_clip_time_out: 0.0000
Episode_Termination/invalid_native_model_actuation: 0.0000
Episode_Termination/world_root_tracking_failure: 1.1000
 Episode_Reward/world_potential_shaping: 0.0398
--------------------------------------------------------------------------------
                         Iteration time: 2.62s
                           Time elapsed: 00:18:03
                                    ETA: 00:04:27

################################################################################
[1m                           Learning iteration 401/500                           [0m 

                               Run name: original_core_920ms_fresh
                            Total steps: 823296 
                       Steps per second: 815 
                        Collection time: 2.343s 
                          Learning time: 0.168s 
                        Mean value loss: 189.2172
                    Mean surrogate loss: -0.0135
                      Mean entropy loss: -20.3230
                            Mean reward: 427.68
                    Mean episode length: 205.65
                        Mean action std: 0.10
--------------------------------------------------------------------------------
                         Iteration time: 2.51s
                           Time elapsed: 00:18:05
                                    ETA: 00:04:24

################################################################################
[1m                           Learning iteration 402/500                           [0m 

                               Run name: original_core_920ms_fresh
                            Total steps: 825344 
                       Steps per second: 896 
                        Collection time: 2.109s 
                          Learning time: 0.174s 
                        Mean value loss: 325.2824
                    Mean surrogate loss: -0.0143
                      Mean entropy loss: -20.3230
                            Mean reward: 435.81
                    Mean episode length: 208.78
                        Mean action std: 0.10
--------------------------------------------------------------------------------
                         Iteration time: 2.28s
                           Time elapsed: 00:18:08
                                    ETA: 00:04:21

################################################################################
[1m                           Learning iteration 403/500                           [0m 

                               Run name: original_core_920ms_fresh
                            Total steps: 827392 
                       Steps per second: 877 
                        Collection time: 2.166s 
                          Learning time: 0.167s 
                        Mean value loss: 334.4280
                    Mean surrogate loss: -0.0122
                      Mean entropy loss: -20.3230
                            Mean reward: 465.87
                    Mean episode length: 220.60
                        Mean action std: 0.10
--------------------------------------------------------------------------------
                         Iteration time: 2.33s
                           Time elapsed: 00:18:10
                                    ETA: 00:04:19

################################################################################
[1m                           Learning iteration 404/500                           [0m 

                               Run name: original_core_920ms_fresh
                            Total steps: 829440 
                       Steps per second: 851 
                        Collection time: 2.216s 
                          Learning time: 0.188s 
                        Mean value loss: 1119.3058
                    Mean surrogate loss: -0.0112
                      Mean entropy loss: -20.3230
                            Mean reward: 493.96
                    Mean episode length: 232.69
                        Mean action std: 0.10
  Episode_Reward/motion_global_root_pos: 0.0193
  Episode_Reward/motion_global_root_ori: 0.0227
         Episode_Reward/motion_body_pos: 0.0382
         Episode_Reward/motion_body_ori: 0.0395
     Episode_Reward/motion_body_lin_vel: 0.0459
     Episode_Reward/motion_body_ang_vel: 0.0431
          Episode_Reward/action_rate_l2: -0.0042
             Episode_Reward/joint_limit: -0.0003
         Episode_Reward/self_collisions: -0.0039
Episode_Reward/action_target_reference_l2: -0.0251
Episode_Reward/action_target_soft_limit_barrier: -0.0030
                   Episode_Reward/alive: 5.7048
 Episode_Reward/non_timeout_termination: -0.6698
Episode_Reward/worst_ee_z_normalized_squared: -0.1114
Episode_Reward/right_wrist_prethreshold_barrier: -0.0060
 Episode_Reward/requested_effort_excess: -0.0000
Episode_Reward/root_world_tracking_error: -0.0159
Episode_Reward/measured_joint_posture_l2: -0.0581
Episode_Reward/measured_feet_world_position_l2: -0.0424
Episode_Reward/original_task_position_l2: -0.0330
Episode_Reward/original_task_orientation_l2: -0.0217
        Metrics/motion/error_anchor_pos: 0.2737
        Metrics/motion/error_anchor_rot: 0.1539
    Metrics/motion/error_anchor_lin_vel: 0.4008
    Metrics/motion/error_anchor_ang_vel: 1.1697
          Metrics/motion/error_body_pos: 0.2718
          Metrics/motion/error_body_rot: 0.2798
         Metrics/motion/error_joint_pos: 1.0408
         Metrics/motion/error_joint_vel: 5.2940
        Metrics/motion/sampling_entropy: 0.0000
      Metrics/motion/sampling_top1_prob: 0.0000
       Metrics/motion/sampling_top1_bin: 0.0000
      Metrics/motion/error_body_lin_vel: 0.4010
      Metrics/motion/error_body_ang_vel: 1.4954
           Episode_Termination/time_out: 0.0000
         Episode_Termination/anchor_pos: 0.0000
         Episode_Termination/anchor_ori: 0.0000
        Episode_Termination/ee_body_pos: 0.0000
Episode_Termination/corpus_clip_time_out: 0.1250
Episode_Termination/invalid_native_model_actuation: 0.0000
Episode_Termination/world_root_tracking_failure: 1.3750
 Episode_Reward/world_potential_shaping: 0.0718
--------------------------------------------------------------------------------
                         Iteration time: 2.40s
                           Time elapsed: 00:18:12
                                    ETA: 00:04:16

################################################################################
[1m                           Learning iteration 405/500                           [0m 

                               Run name: original_core_920ms_fresh
                            Total steps: 831488 
                       Steps per second: 879 
                        Collection time: 2.142s 
                          Learning time: 0.187s 
                        Mean value loss: 673.1277
                    Mean surrogate loss: -0.0141
                      Mean entropy loss: -20.3230
                            Mean reward: 540.05
                    Mean episode length: 251.48
                        Mean action std: 0.10
--------------------------------------------------------------------------------
                         Iteration time: 2.33s
                           Time elapsed: 00:18:15
                                    ETA: 00:04:13

################################################################################
[1m                           Learning iteration 406/500                           [0m 

                               Run name: original_core_920ms_fresh
                            Total steps: 833536 
                       Steps per second: 377 
                        Collection time: 5.249s 
                          Learning time: 0.173s 
                        Mean value loss: 466.8100
                    Mean surrogate loss: -0.0077
                      Mean entropy loss: -20.3230
                            Mean reward: 593.60
                    Mean episode length: 272.90
                        Mean action std: 0.10
  Episode_Reward/motion_global_root_pos: 0.0264
  Episode_Reward/motion_global_root_ori: 0.0291
         Episode_Reward/motion_body_pos: 0.0526
         Episode_Reward/motion_body_ori: 0.0497
     Episode_Reward/motion_body_lin_vel: 0.0586
     Episode_Reward/motion_body_ang_vel: 0.0534
          Episode_Reward/action_rate_l2: -0.0062
             Episode_Reward/joint_limit: -0.0011
         Episode_Reward/self_collisions: -0.0074
Episode_Reward/action_target_reference_l2: -0.0371
Episode_Reward/action_target_soft_limit_barrier: -0.0050
                   Episode_Reward/alive: 7.5417
 Episode_Reward/non_timeout_termination: -0.7176
Episode_Reward/worst_ee_z_normalized_squared: -0.1471
Episode_Reward/right_wrist_prethreshold_barrier: -0.0196
 Episode_Reward/requested_effort_excess: -0.0000
Episode_Reward/root_world_tracking_error: -0.0218
Episode_Reward/measured_joint_posture_l2: -0.0790
Episode_Reward/measured_feet_world_position_l2: -0.0526
Episode_Reward/original_task_position_l2: -0.0431
Episode_Reward/original_task_orientation_l2: -0.0349
        Metrics/motion/error_anchor_pos: 0.2789
        Metrics/motion/error_anchor_rot: 0.1658
    Metrics/motion/error_anchor_lin_vel: 0.4712
    Metrics/motion/error_anchor_ang_vel: 0.7863
          Metrics/motion/error_body_pos: 0.2821
          Metrics/motion/error_body_rot: 0.3132
         Metrics/motion/error_joint_pos: 1.1146
         Metrics/motion/error_joint_vel: 7.6360
        Metrics/motion/sampling_entropy: 0.0000
      Metrics/motion/sampling_top1_prob: 0.0000
       Metrics/motion/sampling_top1_bin: 0.0000
      Metrics/motion/error_body_lin_vel: 0.6276
      Metrics/motion/error_body_ang_vel: 2.0604
           Episode_Termination/time_out: 0.0000
         Episode_Termination/anchor_pos: 0.0000
         Episode_Termination/anchor_ori: 0.0000
        Episode_Termination/ee_body_pos: 0.2500
Episode_Termination/corpus_clip_time_out: 0.1250
Episode_Termination/invalid_native_model_actuation: 0.0000
Episode_Termination/world_root_tracking_failure: 1.0000
 Episode_Reward/world_potential_shaping: 0.0858
--------------------------------------------------------------------------------
                         Iteration time: 5.42s
                           Time elapsed: 00:18:20
                                    ETA: 00:04:11

################################################################################
[1m                           Learning iteration 407/500                           [0m 

                               Run name: original_core_920ms_fresh
                            Total steps: 835584 
                       Steps per second: 818 
                        Collection time: 2.337s 
                          Learning time: 0.166s 
                        Mean value loss: 475.6340
                    Mean surrogate loss: -0.0052
                      Mean entropy loss: -20.3230
                            Mean reward: 637.96
                    Mean episode length: 290.34
                        Mean action std: 0.10
  Episode_Reward/motion_global_root_pos: 0.0214
  Episode_Reward/motion_global_root_ori: 0.0239
         Episode_Reward/motion_body_pos: 0.0427
         Episode_Reward/motion_body_ori: 0.0409
     Episode_Reward/motion_body_lin_vel: 0.0478
     Episode_Reward/motion_body_ang_vel: 0.0445
          Episode_Reward/action_rate_l2: -0.0048
             Episode_Reward/joint_limit: -0.0009
         Episode_Reward/self_collisions: -0.0024
Episode_Reward/action_target_reference_l2: -0.0302
Episode_Reward/action_target_soft_limit_barrier: -0.0045
                   Episode_Reward/alive: 6.0678
 Episode_Reward/non_timeout_termination: -0.7655
Episode_Reward/worst_ee_z_normalized_squared: -0.1153
Episode_Reward/right_wrist_prethreshold_barrier: -0.0047
 Episode_Reward/requested_effort_excess: 0.0000
Episode_Reward/root_world_tracking_error: -0.0166
Episode_Reward/measured_joint_posture_l2: -0.0651
Episode_Reward/measured_feet_world_position_l2: -0.0430
Episode_Reward/original_task_position_l2: -0.0361
Episode_Reward/original_task_orientation_l2: -0.0243
        Metrics/motion/error_anchor_pos: 0.2884
        Metrics/motion/error_anchor_rot: 0.1525
    Metrics/motion/error_anchor_lin_vel: 0.4909
    Metrics/motion/error_anchor_ang_vel: 0.8262
          Metrics/motion/error_body_pos: 0.2941
          Metrics/motion/error_body_rot: 0.2823
         Metrics/motion/error_joint_pos: 1.1883
         Metrics/motion/error_joint_vel: 5.4129
        Metrics/motion/sampling_entropy: 0.0000
      Metrics/motion/sampling_top1_prob: 0.0000
       Metrics/motion/sampling_top1_bin: 0.0000
      Metrics/motion/error_body_lin_vel: 0.5167
      Metrics/motion/error_body_ang_vel: 1.5734
           Episode_Termination/time_out: 0.0000
         Episode_Termination/anchor_pos: 0.0000
         Episode_Termination/anchor_ori: 0.0000
        Episode_Termination/ee_body_pos: 0.0000
Episode_Termination/corpus_clip_time_out: 0.0000
Episode_Termination/invalid_native_model_actuation: 0.0000
Episode_Termination/world_root_tracking_failure: 1.0000
 Episode_Reward/world_potential_shaping: 0.0720
--------------------------------------------------------------------------------
                         Iteration time: 2.50s
                           Time elapsed: 00:18:23
                                    ETA: 00:04:08

################################################################################
[1m                           Learning iteration 408/500                           [0m 

                               Run name: original_core_920ms_fresh
                            Total steps: 837632 
                       Steps per second: 856 
                        Collection time: 2.221s 
                          Learning time: 0.170s 
                        Mean value loss: 464.8626
                    Mean surrogate loss: -0.0071
                      Mean entropy loss: -20.3229
                            Mean reward: 609.08
                    Mean episode length: 279.38
                        Mean action std: 0.10
--------------------------------------------------------------------------------
                         Iteration time: 2.39s
                           Time elapsed: 00:18:25
                                    ETA: 00:04:05

################################################################################
[1m                           Learning iteration 409/500                           [0m 

                               Run name: original_core_920ms_fresh
                            Total steps: 839680 
                       Steps per second: 844 
                        Collection time: 2.262s 
                          Learning time: 0.163s 
                        Mean value loss: 351.9902
                    Mean surrogate loss: -0.0175
                      Mean entropy loss: -20.3229
                            Mean reward: 609.30
                    Mean episode length: 278.57
                        Mean action std: 0.10
--------------------------------------------------------------------------------
                         Iteration time: 2.43s
                           Time elapsed: 00:18:28
                                    ETA: 00:04:03

################################################################################
[1m                           Learning iteration 410/500                           [0m 

                               Run name: original_core_920ms_fresh
                            Total steps: 841728 
                       Steps per second: 850 
                        Collection time: 2.246s 
                          Learning time: 0.162s 
                        Mean value loss: 691.3800
                    Mean surrogate loss: -0.0113
                      Mean entropy loss: -20.3229
                            Mean reward: 597.97
                    Mean episode length: 275.23
                        Mean action std: 0.10
--------------------------------------------------------------------------------
                         Iteration time: 2.41s
                           Time elapsed: 00:18:30
                                    ETA: 00:04:00

################################################################################
[1m                           Learning iteration 411/500                           [0m 

                               Run name: original_core_920ms_fresh
                            Total steps: 843776 
                       Steps per second: 895 
                        Collection time: 2.123s 
                          Learning time: 0.165s 
                        Mean value loss: 607.0448
                    Mean surrogate loss: -0.0106
                      Mean entropy loss: -20.3229
                            Mean reward: 624.98
                    Mean episode length: 286.27
                        Mean action std: 0.10
--------------------------------------------------------------------------------
                         Iteration time: 2.29s
                           Time elapsed: 00:18:32
                                    ETA: 00:03:57

################################################################################
[1m                           Learning iteration 412/500                           [0m 

                               Run name: original_core_920ms_fresh
                            Total steps: 845824 
                       Steps per second: 870 
                        Collection time: 2.188s 
                          Learning time: 0.164s 
                        Mean value loss: 508.9123
                    Mean surrogate loss: -0.0023
                      Mean entropy loss: -20.3229
                            Mean reward: 616.39
                    Mean episode length: 282.09
                        Mean action std: 0.10
--------------------------------------------------------------------------------
                         Iteration time: 2.35s
                           Time elapsed: 00:18:35
                                    ETA: 00:03:54

################################################################################
[1m                           Learning iteration 413/500                           [0m 

                               Run name: original_core_920ms_fresh
                            Total steps: 847872 
                       Steps per second: 845 
                        Collection time: 2.252s 
                          Learning time: 0.169s 
                        Mean value loss: 219.1176
                    Mean surrogate loss: -0.0162
                      Mean entropy loss: -20.3229
                            Mean reward: 620.25
                    Mean episode length: 282.51
                        Mean action std: 0.10
  Episode_Reward/motion_global_root_pos: 0.0133
  Episode_Reward/motion_global_root_ori: 0.0150
         Episode_Reward/motion_body_pos: 0.0267
         Episode_Reward/motion_body_ori: 0.0258
     Episode_Reward/motion_body_lin_vel: 0.0311
     Episode_Reward/motion_body_ang_vel: 0.0300
          Episode_Reward/action_rate_l2: -0.0026
             Episode_Reward/joint_limit: -0.0000
         Episode_Reward/self_collisions: -0.0057
Episode_Reward/action_target_reference_l2: -0.0161
Episode_Reward/action_target_soft_limit_barrier: -0.0029
                   Episode_Reward/alive: 3.8216
 Episode_Reward/non_timeout_termination: -0.6124
Episode_Reward/worst_ee_z_normalized_squared: -0.0531
Episode_Reward/right_wrist_prethreshold_barrier: -0.0000
 Episode_Reward/requested_effort_excess: 0.0000
Episode_Reward/root_world_tracking_error: -0.0093
Episode_Reward/measured_joint_posture_l2: -0.0424
Episode_Reward/measured_feet_world_position_l2: -0.0260
Episode_Reward/original_task_position_l2: -0.0220
Episode_Reward/original_task_orientation_l2: -0.0151
        Metrics/motion/error_anchor_pos: 0.2633
        Metrics/motion/error_anchor_rot: 0.1364
    Metrics/motion/error_anchor_lin_vel: 0.4856
    Metrics/motion/error_anchor_ang_vel: 0.9564
          Metrics/motion/error_body_pos: 0.2783
          Metrics/motion/error_body_rot: 0.2363
         Metrics/motion/error_joint_pos: 0.8917
         Metrics/motion/error_joint_vel: 4.5071
        Metrics/motion/sampling_entropy: 0.0000
      Metrics/motion/sampling_top1_prob: 0.0000
       Metrics/motion/sampling_top1_bin: 0.0000
      Metrics/motion/error_body_lin_vel: 0.5075
      Metrics/motion/error_body_ang_vel: 1.3468
           Episode_Termination/time_out: 0.0000
         Episode_Termination/anchor_pos: 0.0000
         Episode_Termination/anchor_ori: 0.0000
        Episode_Termination/ee_body_pos: 0.0000
Episode_Termination/corpus_clip_time_out: 0.4000
Episode_Termination/invalid_native_model_actuation: 0.0000
Episode_Termination/world_root_tracking_failure: 0.8000
 Episode_Reward/world_potential_shaping: 0.0437
--------------------------------------------------------------------------------
                         Iteration time: 2.42s
                           Time elapsed: 00:18:37
                                    ETA: 00:03:52

################################################################################
[1m                           Learning iteration 414/500                           [0m 

                               Run name: original_core_920ms_fresh
                            Total steps: 849920 
                       Steps per second: 878 
                        Collection time: 2.163s 
                          Learning time: 0.168s 
                        Mean value loss: 601.1399
                    Mean surrogate loss: -0.0128
                      Mean entropy loss: -20.3229
                            Mean reward: 659.37
                    Mean episode length: 296.88
                        Mean action std: 0.10
  Episode_Reward/motion_global_root_pos: 0.0215
  Episode_Reward/motion_global_root_ori: 0.0236
         Episode_Reward/motion_body_pos: 0.0432
         Episode_Reward/motion_body_ori: 0.0406
     Episode_Reward/motion_body_lin_vel: 0.0482
     Episode_Reward/motion_body_ang_vel: 0.0454
          Episode_Reward/action_rate_l2: -0.0043
             Episode_Reward/joint_limit: -0.0002
         Episode_Reward/self_collisions: -0.0047
Episode_Reward/action_target_reference_l2: -0.0249
Episode_Reward/action_target_soft_limit_barrier: -0.0028
                   Episode_Reward/alive: 5.9310
 Episode_Reward/non_timeout_termination: -0.6561
Episode_Reward/worst_ee_z_normalized_squared: -0.1005
Episode_Reward/right_wrist_prethreshold_barrier: -0.0043
 Episode_Reward/requested_effort_excess: -0.0000
Episode_Reward/root_world_tracking_error: -0.0124
Episode_Reward/measured_joint_posture_l2: -0.0610
Episode_Reward/measured_feet_world_position_l2: -0.0412
Episode_Reward/original_task_position_l2: -0.0335
Episode_Reward/original_task_orientation_l2: -0.0230
        Metrics/motion/error_anchor_pos: 0.2679
        Metrics/motion/error_anchor_rot: 0.1574
    Metrics/motion/error_anchor_lin_vel: 0.2392
    Metrics/motion/error_anchor_ang_vel: 0.7643
          Metrics/motion/error_body_pos: 0.2633
          Metrics/motion/error_body_rot: 0.2759
         Metrics/motion/error_joint_pos: 1.0518
         Metrics/motion/error_joint_vel: 4.1987
        Metrics/motion/sampling_entropy: 0.0000
      Metrics/motion/sampling_top1_prob: 0.0000
       Metrics/motion/sampling_top1_bin: 0.0000
      Metrics/motion/error_body_lin_vel: 0.2582
      Metrics/motion/error_body_ang_vel: 1.1760
           Episode_Termination/time_out: 0.0000
         Episode_Termination/anchor_pos: 0.0000
         Episode_Termination/anchor_ori: 0.0000
        Episode_Termination/ee_body_pos: 0.0000
Episode_Termination/corpus_clip_time_out: 0.1429
Episode_Termination/invalid_native_model_actuation: 0.0000
Episode_Termination/world_root_tracking_failure: 1.0000
 Episode_Reward/world_potential_shaping: 0.0641
--------------------------------------------------------------------------------
                         Iteration time: 2.33s
                           Time elapsed: 00:18:39
                                    ETA: 00:03:49

################################################################################
[1m                           Learning iteration 415/500                           [0m 

                               Run name: original_core_920ms_fresh
                            Total steps: 851968 
                       Steps per second: 891 
                        Collection time: 2.126s 
                          Learning time: 0.171s 
                        Mean value loss: 760.8108
                    Mean surrogate loss: -0.0095
                      Mean entropy loss: -20.3229
                            Mean reward: 629.94
                    Mean episode length: 285.45
                        Mean action std: 0.10
  Episode_Reward/motion_global_root_pos: 0.0130
  Episode_Reward/motion_global_root_ori: 0.0154
         Episode_Reward/motion_body_pos: 0.0263
         Episode_Reward/motion_body_ori: 0.0269
     Episode_Reward/motion_body_lin_vel: 0.0312
     Episode_Reward/motion_body_ang_vel: 0.0295
          Episode_Reward/action_rate_l2: -0.0031
             Episode_Reward/joint_limit: -0.0000
         Episode_Reward/self_collisions: -0.0024
Episode_Reward/action_target_reference_l2: -0.0182
Episode_Reward/action_target_soft_limit_barrier: -0.0029
                   Episode_Reward/alive: 3.9250
 Episode_Reward/non_timeout_termination: -0.6379
Episode_Reward/worst_ee_z_normalized_squared: -0.0615
Episode_Reward/right_wrist_prethreshold_barrier: -0.0050
 Episode_Reward/requested_effort_excess: 0.0000
Episode_Reward/root_world_tracking_error: -0.0124
Episode_Reward/measured_joint_posture_l2: -0.0399
Episode_Reward/measured_feet_world_position_l2: -0.0277
Episode_Reward/original_task_position_l2: -0.0244
Episode_Reward/original_task_orientation_l2: -0.0153
        Metrics/motion/error_anchor_pos: 0.2720
        Metrics/motion/error_anchor_rot: 0.1269
    Metrics/motion/error_anchor_lin_vel: 0.2984
    Metrics/motion/error_anchor_ang_vel: 0.9447
          Metrics/motion/error_body_pos: 0.2736
          Metrics/motion/error_body_rot: 0.2632
         Metrics/motion/error_joint_pos: 1.0126
         Metrics/motion/error_joint_vel: 4.8309
        Metrics/motion/sampling_entropy: 0.0000
      Metrics/motion/sampling_top1_prob: 0.0000
       Metrics/motion/sampling_top1_bin: 0.0000
      Metrics/motion/error_body_lin_vel: 0.3818
      Metrics/motion/error_body_ang_vel: 1.4258
           Episode_Termination/time_out: 0.0000
         Episode_Termination/anchor_pos: 0.0000
         Episode_Termination/anchor_ori: 0.0000
        Episode_Termination/ee_body_pos: 0.0000
Episode_Termination/corpus_clip_time_out: 0.1667
Episode_Termination/invalid_native_model_actuation: 0.0000
Episode_Termination/world_root_tracking_failure: 1.6667
 Episode_Reward/world_potential_shaping: 0.0491
--------------------------------------------------------------------------------
                         Iteration time: 2.30s
                           Time elapsed: 00:18:42
                                    ETA: 00:03:46

################################################################################
[1m                           Learning iteration 416/500                           [0m 

                               Run name: original_core_920ms_fresh
                            Total steps: 854016 
                       Steps per second: 884 
                        Collection time: 2.125s 
                          Learning time: 0.189s 
                        Mean value loss: 466.3189
                    Mean surrogate loss: -0.0118
                      Mean entropy loss: -20.3229
                            Mean reward: 652.13
                    Mean episode length: 293.26
                        Mean action std: 0.10
--------------------------------------------------------------------------------
                         Iteration time: 2.31s
                           Time elapsed: 00:18:44
                                    ETA: 00:03:43

################################################################################
[1m                           Learning iteration 417/500                           [0m 

                               Run name: original_core_920ms_fresh
                            Total steps: 856064 
                       Steps per second: 824 
                        Collection time: 2.319s 
                          Learning time: 0.165s 
                        Mean value loss: 528.9751
                    Mean surrogate loss: -0.0052
                      Mean entropy loss: -20.3229
                            Mean reward: 577.04
                    Mean episode length: 260.77
                        Mean action std: 0.10
--------------------------------------------------------------------------------
                         Iteration time: 2.48s
                           Time elapsed: 00:18:46
                                    ETA: 00:03:41

################################################################################
[1m                           Learning iteration 418/500                           [0m 

                               Run name: original_core_920ms_fresh
                            Total steps: 858112 
                       Steps per second: 874 
                        Collection time: 2.163s 
                          Learning time: 0.179s 
                        Mean value loss: 243.9405
                    Mean surrogate loss: -0.0130
                      Mean entropy loss: -20.3229
                            Mean reward: 558.22
                    Mean episode length: 254.29
                        Mean action std: 0.10
  Episode_Reward/motion_global_root_pos: 0.0130
  Episode_Reward/motion_global_root_ori: 0.0151
         Episode_Reward/motion_body_pos: 0.0260
         Episode_Reward/motion_body_ori: 0.0252
     Episode_Reward/motion_body_lin_vel: 0.0301
     Episode_Reward/motion_body_ang_vel: 0.0282
          Episode_Reward/action_rate_l2: -0.0031
             Episode_Reward/joint_limit: -0.0003
         Episode_Reward/self_collisions: -0.0027
Episode_Reward/action_target_reference_l2: -0.0194
Episode_Reward/action_target_soft_limit_barrier: -0.0031
                   Episode_Reward/alive: 3.8634
 Episode_Reward/non_timeout_termination: -0.6124
Episode_Reward/worst_ee_z_normalized_squared: -0.0621
Episode_Reward/right_wrist_prethreshold_barrier: -0.0041
 Episode_Reward/requested_effort_excess: -0.0000
Episode_Reward/root_world_tracking_error: -0.0128
Episode_Reward/measured_joint_posture_l2: -0.0443
Episode_Reward/measured_feet_world_position_l2: -0.0288
Episode_Reward/original_task_position_l2: -0.0235
Episode_Reward/original_task_orientation_l2: -0.0149
        Metrics/motion/error_anchor_pos: 0.2681
        Metrics/motion/error_anchor_rot: 0.1597
    Metrics/motion/error_anchor_lin_vel: 0.4620
    Metrics/motion/error_anchor_ang_vel: 0.8343
          Metrics/motion/error_body_pos: 0.2740
          Metrics/motion/error_body_rot: 0.2445
         Metrics/motion/error_joint_pos: 0.9948
         Metrics/motion/error_joint_vel: 4.5480
        Metrics/motion/sampling_entropy: 0.0000
      Metrics/motion/sampling_top1_prob: 0.0000
       Metrics/motion/sampling_top1_bin: 0.0000
      Metrics/motion/error_body_lin_vel: 0.4983
      Metrics/motion/error_body_ang_vel: 1.2307
           Episode_Termination/time_out: 0.0000
         Episode_Termination/anchor_pos: 0.0000
         Episode_Termination/anchor_ori: 0.0000
        Episode_Termination/ee_body_pos: 0.0000
Episode_Termination/corpus_clip_time_out: 0.2000
Episode_Termination/invalid_native_model_actuation: 0.0000
Episode_Termination/world_root_tracking_failure: 1.2000
 Episode_Reward/world_potential_shaping: 0.0501
--------------------------------------------------------------------------------
                         Iteration time: 2.34s
                           Time elapsed: 00:18:49
                                    ETA: 00:03:38

################################################################################
[1m                           Learning iteration 419/500                           [0m 

                               Run name: original_core_920ms_fresh
                            Total steps: 860160 
                       Steps per second: 381 
                        Collection time: 5.208s 
                          Learning time: 0.163s 
                        Mean value loss: 313.7195
                    Mean surrogate loss: -0.0127
                      Mean entropy loss: -20.3229
                            Mean reward: 530.94
                    Mean episode length: 242.53
                        Mean action std: 0.10
--------------------------------------------------------------------------------
                         Iteration time: 5.37s
                           Time elapsed: 00:18:54
                                    ETA: 00:03:36

################################################################################
[1m                           Learning iteration 420/500                           [0m 

                               Run name: original_core_920ms_fresh
                            Total steps: 862208 
                       Steps per second: 880 
                        Collection time: 2.134s 
                          Learning time: 0.193s 
                        Mean value loss: 410.0776
                    Mean surrogate loss: -0.0131
                      Mean entropy loss: -20.3229
                            Mean reward: 552.24
                    Mean episode length: 250.87
                        Mean action std: 0.10
  Episode_Reward/motion_global_root_pos: 0.0158
  Episode_Reward/motion_global_root_ori: 0.0172
         Episode_Reward/motion_body_pos: 0.0313
         Episode_Reward/motion_body_ori: 0.0288
     Episode_Reward/motion_body_lin_vel: 0.0340
     Episode_Reward/motion_body_ang_vel: 0.0310
          Episode_Reward/action_rate_l2: -0.0037
             Episode_Reward/joint_limit: -0.0015
         Episode_Reward/self_collisions: -0.0075
Episode_Reward/action_target_reference_l2: -0.0228
Episode_Reward/action_target_soft_limit_barrier: -0.0038
                   Episode_Reward/alive: 4.4173
 Episode_Reward/non_timeout_termination: -0.7655
Episode_Reward/worst_ee_z_normalized_squared: -0.0972
Episode_Reward/right_wrist_prethreshold_barrier: -0.0062
 Episode_Reward/requested_effort_excess: -0.0000
Episode_Reward/root_world_tracking_error: -0.0125
Episode_Reward/measured_joint_posture_l2: -0.0457
Episode_Reward/measured_feet_world_position_l2: -0.0311
Episode_Reward/original_task_position_l2: -0.0251
Episode_Reward/original_task_orientation_l2: -0.0177
        Metrics/motion/error_anchor_pos: 0.2603
        Metrics/motion/error_anchor_rot: 0.1263
    Metrics/motion/error_anchor_lin_vel: 0.4958
    Metrics/motion/error_anchor_ang_vel: 0.7962
          Metrics/motion/error_body_pos: 0.2752
          Metrics/motion/error_body_rot: 0.2340
         Metrics/motion/error_joint_pos: 0.7759
         Metrics/motion/error_joint_vel: 4.6559
        Metrics/motion/sampling_entropy: 0.0000
      Metrics/motion/sampling_top1_prob: 0.0000
       Metrics/motion/sampling_top1_bin: 0.0000
      Metrics/motion/error_body_lin_vel: 0.4658
      Metrics/motion/error_body_ang_vel: 1.3035
           Episode_Termination/time_out: 0.0000
         Episode_Termination/anchor_pos: 0.0000
         Episode_Termination/anchor_ori: 0.0000
        Episode_Termination/ee_body_pos: 0.2500
Episode_Termination/corpus_clip_time_out: 0.0000
Episode_Termination/invalid_native_model_actuation: 0.0000
Episode_Termination/world_root_tracking_failure: 1.0000
 Episode_Reward/world_potential_shaping: 0.0552
--------------------------------------------------------------------------------
                         Iteration time: 2.33s
                           Time elapsed: 00:18:56
                                    ETA: 00:03:33

################################################################################
[1m                           Learning iteration 421/500                           [0m 

                               Run name: original_core_920ms_fresh
                            Total steps: 864256 
                       Steps per second: 845 
                        Collection time: 2.229s 
                          Learning time: 0.192s 
                        Mean value loss: 462.7164
                    Mean surrogate loss: -0.0094
                      Mean entropy loss: -20.3229
                            Mean reward: 521.45
                    Mean episode length: 239.80
                        Mean action std: 0.10
  Episode_Reward/motion_global_root_pos: 0.0092
  Episode_Reward/motion_global_root_ori: 0.0112
         Episode_Reward/motion_body_pos: 0.0185
         Episode_Reward/motion_body_ori: 0.0184
     Episode_Reward/motion_body_lin_vel: 0.0213
     Episode_Reward/motion_body_ang_vel: 0.0193
          Episode_Reward/action_rate_l2: -0.0026
             Episode_Reward/joint_limit: -0.0005
         Episode_Reward/self_collisions: -0.0121
Episode_Reward/action_target_reference_l2: -0.0154
Episode_Reward/action_target_soft_limit_barrier: -0.0026
                   Episode_Reward/alive: 2.8764
 Episode_Reward/non_timeout_termination: -0.7655
Episode_Reward/worst_ee_z_normalized_squared: -0.0503
Episode_Reward/right_wrist_prethreshold_barrier: -0.0070
 Episode_Reward/requested_effort_excess: -0.0000
Episode_Reward/root_world_tracking_error: -0.0122
Episode_Reward/measured_joint_posture_l2: -0.0330
Episode_Reward/measured_feet_world_position_l2: -0.0219
Episode_Reward/original_task_position_l2: -0.0185
Episode_Reward/original_task_orientation_l2: -0.0130
        Metrics/motion/error_anchor_pos: 0.2562
        Metrics/motion/error_anchor_rot: 0.1523
    Metrics/motion/error_anchor_lin_vel: 0.5013
    Metrics/motion/error_anchor_ang_vel: 0.9181
          Metrics/motion/error_body_pos: 0.2589
          Metrics/motion/error_body_rot: 0.2654
         Metrics/motion/error_joint_pos: 0.9198
         Metrics/motion/error_joint_vel: 5.5430
        Metrics/motion/sampling_entropy: 0.0000
      Metrics/motion/sampling_top1_prob: 0.0000
       Metrics/motion/sampling_top1_bin: 0.0000
      Metrics/motion/error_body_lin_vel: 0.5480
      Metrics/motion/error_body_ang_vel: 1.6138
           Episode_Termination/time_out: 0.0000
         Episode_Termination/anchor_pos: 0.0000
         Episode_Termination/anchor_ori: 0.0000
        Episode_Termination/ee_body_pos: 0.2857
Episode_Termination/corpus_clip_time_out: 0.0000
Episode_Termination/invalid_native_model_actuation: 0.0000
Episode_Termination/world_root_tracking_failure: 1.2857
 Episode_Reward/world_potential_shaping: 0.0458
--------------------------------------------------------------------------------
                         Iteration time: 2.42s
                           Time elapsed: 00:18:59
                                    ETA: 00:03:30

################################################################################
[1m                           Learning iteration 422/500                           [0m 

                               Run name: original_core_920ms_fresh
                            Total steps: 866304 
                       Steps per second: 835 
                        Collection time: 2.268s 
                          Learning time: 0.183s 
                        Mean value loss: 292.0570
                    Mean surrogate loss: -0.0138
                      Mean entropy loss: -20.3229
                            Mean reward: 565.73
                    Mean episode length: 256.36
                        Mean action std: 0.10
--------------------------------------------------------------------------------
                         Iteration time: 2.45s
                           Time elapsed: 00:19:01
                                    ETA: 00:03:27

################################################################################
[1m                           Learning iteration 423/500                           [0m 

                               Run name: original_core_920ms_fresh
                            Total steps: 868352 
                       Steps per second: 806 
                        Collection time: 2.349s 
                          Learning time: 0.190s 
                        Mean value loss: 421.8500
                    Mean surrogate loss: -0.0137
                      Mean entropy loss: -20.3229
                            Mean reward: 521.06
                    Mean episode length: 238.96
                        Mean action std: 0.10
  Episode_Reward/motion_global_root_pos: 0.0038
  Episode_Reward/motion_global_root_ori: 0.0046
         Episode_Reward/motion_body_pos: 0.0074
         Episode_Reward/motion_body_ori: 0.0070
     Episode_Reward/motion_body_lin_vel: 0.0080
     Episode_Reward/motion_body_ang_vel: 0.0074
          Episode_Reward/action_rate_l2: -0.0012
             Episode_Reward/joint_limit: -0.0000
         Episode_Reward/self_collisions: 0.0000
Episode_Reward/action_target_reference_l2: -0.0070
Episode_Reward/action_target_soft_limit_barrier: -0.0015
                   Episode_Reward/alive: 1.2586
 Episode_Reward/non_timeout_termination: -0.7655
Episode_Reward/worst_ee_z_normalized_squared: -0.0193
Episode_Reward/right_wrist_prethreshold_barrier: 0.0000
 Episode_Reward/requested_effort_excess: -0.0000
Episode_Reward/root_world_tracking_error: -0.0084
Episode_Reward/measured_joint_posture_l2: -0.0235
Episode_Reward/measured_feet_world_position_l2: -0.0100
Episode_Reward/original_task_position_l2: -0.0084
Episode_Reward/original_task_orientation_l2: -0.0044
        Metrics/motion/error_anchor_pos: 0.2855
        Metrics/motion/error_anchor_rot: 0.1830
    Metrics/motion/error_anchor_lin_vel: 0.4045
    Metrics/motion/error_anchor_ang_vel: 0.8255
          Metrics/motion/error_body_pos: 0.2983
          Metrics/motion/error_body_rot: 0.3121
         Metrics/motion/error_joint_pos: 0.8776
         Metrics/motion/error_joint_vel: 4.8275
        Metrics/motion/sampling_entropy: 0.0000
      Metrics/motion/sampling_top1_prob: 0.0000
       Metrics/motion/sampling_top1_bin: 0.0000
      Metrics/motion/error_body_lin_vel: 0.4661
      Metrics/motion/error_body_ang_vel: 1.3596
           Episode_Termination/time_out: 0.0000
         Episode_Termination/anchor_pos: 0.0000
         Episode_Termination/anchor_ori: 0.0000
        Episode_Termination/ee_body_pos: 0.0000
Episode_Termination/corpus_clip_time_out: 0.0000
Episode_Termination/invalid_native_model_actuation: 0.0000
Episode_Termination/world_root_tracking_failure: 1.2000
 Episode_Reward/world_potential_shaping: 0.0296
--------------------------------------------------------------------------------
                         Iteration time: 2.54s
                           Time elapsed: 00:19:04
                                    ETA: 00:03:25

################################################################################
[1m                           Learning iteration 424/500                           [0m 

                               Run name: original_core_920ms_fresh
                            Total steps: 870400 
                       Steps per second: 852 
                        Collection time: 2.233s 
                          Learning time: 0.170s 
                        Mean value loss: 500.8188
                    Mean surrogate loss: -0.0113
                      Mean entropy loss: -20.3229
                            Mean reward: 522.86
                    Mean episode length: 239.55
                        Mean action std: 0.10
--------------------------------------------------------------------------------
                         Iteration time: 2.40s
                           Time elapsed: 00:19:06
                                    ETA: 00:03:22

################################################################################
[1m                           Learning iteration 425/500                           [0m 

                               Run name: original_core_920ms_fresh
                            Total steps: 872448 
                       Steps per second: 824 
                        Collection time: 2.311s 
                          Learning time: 0.171s 
                        Mean value loss: 327.9628
                    Mean surrogate loss: -0.0071
                      Mean entropy loss: -20.3229
                            Mean reward: 538.85
                    Mean episode length: 245.37
                        Mean action std: 0.10
--------------------------------------------------------------------------------
                         Iteration time: 2.48s
                           Time elapsed: 00:19:09
                                    ETA: 00:03:19

################################################################################
[1m                           Learning iteration 426/500                           [0m 

                               Run name: original_core_920ms_fresh
                            Total steps: 874496 
                       Steps per second: 876 
                        Collection time: 2.168s 
                          Learning time: 0.168s 
                        Mean value loss: 418.3795
                    Mean surrogate loss: -0.0146
                      Mean entropy loss: -20.3229
                            Mean reward: 538.04
                    Mean episode length: 246.62
                        Mean action std: 0.10
--------------------------------------------------------------------------------
                         Iteration time: 2.34s
                           Time elapsed: 00:19:11
                                    ETA: 00:03:16

################################################################################
[1m                           Learning iteration 427/500                           [0m 

                               Run name: original_core_920ms_fresh
                            Total steps: 876544 
                       Steps per second: 913 
                        Collection time: 2.079s 
                          Learning time: 0.164s 
                        Mean value loss: 340.2225
                    Mean surrogate loss: -0.0114
                      Mean entropy loss: -20.3229
                            Mean reward: 516.65
                    Mean episode length: 238.98
                        Mean action std: 0.10
--------------------------------------------------------------------------------
                         Iteration time: 2.24s
                           Time elapsed: 00:19:13
                                    ETA: 00:03:14

################################################################################
[1m                           Learning iteration 428/500                           [0m 

                               Run name: original_core_920ms_fresh
                            Total steps: 878592 
                       Steps per second: 882 
                        Collection time: 2.161s 
                          Learning time: 0.160s 
                        Mean value loss: 879.5829
                    Mean surrogate loss: -0.0111
                      Mean entropy loss: -20.3229
                            Mean reward: 513.02
                    Mean episode length: 237.79
                        Mean action std: 0.10
--------------------------------------------------------------------------------
                         Iteration time: 2.32s
                           Time elapsed: 00:19:16
                                    ETA: 00:03:11

################################################################################
[1m                           Learning iteration 429/500                           [0m 

                               Run name: original_core_920ms_fresh
                            Total steps: 880640 
                       Steps per second: 901 
                        Collection time: 2.107s 
                          Learning time: 0.165s 
                        Mean value loss: 884.4498
                    Mean surrogate loss: -0.0102
                      Mean entropy loss: -20.3229
                            Mean reward: 532.29
                    Mean episode length: 246.81
                        Mean action std: 0.10
--------------------------------------------------------------------------------
                         Iteration time: 2.27s
                           Time elapsed: 00:19:18
                                    ETA: 00:03:08

################################################################################
[1m                           Learning iteration 430/500                           [0m 

                               Run name: original_core_920ms_fresh
                            Total steps: 882688 
                       Steps per second: 878 
                        Collection time: 2.144s 
                          Learning time: 0.186s 
                        Mean value loss: 542.7633
                    Mean surrogate loss: -0.0054
                      Mean entropy loss: -20.3229
                            Mean reward: 544.05
                    Mean episode length: 253.24
                        Mean action std: 0.10
  Episode_Reward/motion_global_root_pos: 0.0218
  Episode_Reward/motion_global_root_ori: 0.0250
         Episode_Reward/motion_body_pos: 0.0429
         Episode_Reward/motion_body_ori: 0.0429
     Episode_Reward/motion_body_lin_vel: 0.0499
     Episode_Reward/motion_body_ang_vel: 0.0475
          Episode_Reward/action_rate_l2: -0.0047
             Episode_Reward/joint_limit: -0.0013
         Episode_Reward/self_collisions: -0.0029
Episode_Reward/action_target_reference_l2: -0.0292
Episode_Reward/action_target_soft_limit_barrier: -0.0043
                   Episode_Reward/alive: 6.2486
 Episode_Reward/non_timeout_termination: -0.7655
Episode_Reward/worst_ee_z_normalized_squared: -0.1229
Episode_Reward/right_wrist_prethreshold_barrier: -0.0027
 Episode_Reward/requested_effort_excess: -0.0000
Episode_Reward/root_world_tracking_error: -0.0167
Episode_Reward/measured_joint_posture_l2: -0.0662
Episode_Reward/measured_feet_world_position_l2: -0.0465
Episode_Reward/original_task_position_l2: -0.0375
Episode_Reward/original_task_orientation_l2: -0.0231
        Metrics/motion/error_anchor_pos: 0.2889
        Metrics/motion/error_anchor_rot: 0.1547
    Metrics/motion/error_anchor_lin_vel: 0.4153
    Metrics/motion/error_anchor_ang_vel: 0.8667
          Metrics/motion/error_body_pos: 0.2964
          Metrics/motion/error_body_rot: 0.2950
         Metrics/motion/error_joint_pos: 0.9894
         Metrics/motion/error_joint_vel: 5.0891
        Metrics/motion/sampling_entropy: 0.0000
      Metrics/motion/sampling_top1_prob: 0.0000
       Metrics/motion/sampling_top1_bin: 0.0000
      Metrics/motion/error_body_lin_vel: 0.3877
      Metrics/motion/error_body_ang_vel: 1.2408
           Episode_Termination/time_out: 0.0000
         Episode_Termination/anchor_pos: 0.0000
         Episode_Termination/anchor_ori: 0.0000
        Episode_Termination/ee_body_pos: 0.0000
Episode_Termination/corpus_clip_time_out: 0.0000
Episode_Termination/invalid_native_model_actuation: 0.0000
Episode_Termination/world_root_tracking_failure: 1.0000
 Episode_Reward/world_potential_shaping: 0.0818
--------------------------------------------------------------------------------
                         Iteration time: 2.33s
                           Time elapsed: 00:19:20
                                    ETA: 00:03:05

################################################################################
[1m                           Learning iteration 431/500                           [0m 

                               Run name: original_core_920ms_fresh
                            Total steps: 884736 
                       Steps per second: 872 
                        Collection time: 2.182s 
                          Learning time: 0.166s 
                        Mean value loss: 510.4993
                    Mean surrogate loss: -0.0064
                      Mean entropy loss: -20.3229
                            Mean reward: 528.39
                    Mean episode length: 246.46
                        Mean action std: 0.10
--------------------------------------------------------------------------------
                         Iteration time: 2.35s
                           Time elapsed: 00:19:23
                                    ETA: 00:03:03

################################################################################
[1m                           Learning iteration 432/500                           [0m 

                               Run name: original_core_920ms_fresh
                            Total steps: 886784 
                       Steps per second: 381 
                        Collection time: 5.198s 
                          Learning time: 0.167s 
                        Mean value loss: 537.7899
                    Mean surrogate loss: -0.0099
                      Mean entropy loss: -20.3229
                            Mean reward: 547.39
                    Mean episode length: 253.42
                        Mean action std: 0.10
  Episode_Reward/motion_global_root_pos: 0.0178
  Episode_Reward/motion_global_root_ori: 0.0197
         Episode_Reward/motion_body_pos: 0.0355
         Episode_Reward/motion_body_ori: 0.0337
     Episode_Reward/motion_body_lin_vel: 0.0402
     Episode_Reward/motion_body_ang_vel: 0.0384
          Episode_Reward/action_rate_l2: -0.0036
             Episode_Reward/joint_limit: -0.0007
         Episode_Reward/self_collisions: -0.0033
Episode_Reward/action_target_reference_l2: -0.0223
Episode_Reward/action_target_soft_limit_barrier: -0.0037
                   Episode_Reward/alive: 4.9689
 Episode_Reward/non_timeout_termination: -0.7655
Episode_Reward/worst_ee_z_normalized_squared: -0.0854
Episode_Reward/right_wrist_prethreshold_barrier: -0.0037
 Episode_Reward/requested_effort_excess: -0.0000
Episode_Reward/root_world_tracking_error: -0.0117
Episode_Reward/measured_joint_posture_l2: -0.0536
Episode_Reward/measured_feet_world_position_l2: -0.0319
Episode_Reward/original_task_position_l2: -0.0269
Episode_Reward/original_task_orientation_l2: -0.0185
        Metrics/motion/error_anchor_pos: 0.2843
        Metrics/motion/error_anchor_rot: 0.1632
    Metrics/motion/error_anchor_lin_vel: 0.5157
    Metrics/motion/error_anchor_ang_vel: 1.2788
          Metrics/motion/error_body_pos: 0.2856
          Metrics/motion/error_body_rot: 0.2745
         Metrics/motion/error_joint_pos: 1.1058
         Metrics/motion/error_joint_vel: 6.0930
        Metrics/motion/sampling_entropy: 0.0000
      Metrics/motion/sampling_top1_prob: 0.0000
       Metrics/motion/sampling_top1_bin: 0.0000
      Metrics/motion/error_body_lin_vel: 0.5556
      Metrics/motion/error_body_ang_vel: 1.8121
           Episode_Termination/time_out: 0.0000
         Episode_Termination/anchor_pos: 0.0000
         Episode_Termination/anchor_ori: 0.0000
        Episode_Termination/ee_body_pos: 0.0833
Episode_Termination/corpus_clip_time_out: 0.0000
Episode_Termination/invalid_native_model_actuation: 0.0000
Episode_Termination/world_root_tracking_failure: 1.0000
 Episode_Reward/world_potential_shaping: 0.0532
--------------------------------------------------------------------------------
                         Iteration time: 5.37s
                           Time elapsed: 00:19:28
                                    ETA: 00:03:00

################################################################################
[1m                           Learning iteration 433/500                           [0m 

                               Run name: original_core_920ms_fresh
                            Total steps: 888832 
                       Steps per second: 885 
                        Collection time: 2.140s 
                          Learning time: 0.173s 
                        Mean value loss: 398.2184
                    Mean surrogate loss: -0.0116
                      Mean entropy loss: -20.3229
                            Mean reward: 574.90
                    Mean episode length: 263.33
                        Mean action std: 0.10
  Episode_Reward/motion_global_root_pos: 0.0177
  Episode_Reward/motion_global_root_ori: 0.0194
         Episode_Reward/motion_body_pos: 0.0350
         Episode_Reward/motion_body_ori: 0.0329
     Episode_Reward/motion_body_lin_vel: 0.0397
     Episode_Reward/motion_body_ang_vel: 0.0382
          Episode_Reward/action_rate_l2: -0.0035
             Episode_Reward/joint_limit: -0.0000
         Episode_Reward/self_collisions: -0.0017
Episode_Reward/action_target_reference_l2: -0.0210
Episode_Reward/action_target_soft_limit_barrier: -0.0037
                   Episode_Reward/alive: 4.8966
 Episode_Reward/non_timeout_termination: -0.6124
Episode_Reward/worst_ee_z_normalized_squared: -0.0666
Episode_Reward/right_wrist_prethreshold_barrier: -0.0074
 Episode_Reward/requested_effort_excess: -0.0000
Episode_Reward/root_world_tracking_error: -0.0117
Episode_Reward/measured_joint_posture_l2: -0.0474
Episode_Reward/measured_feet_world_position_l2: -0.0318
Episode_Reward/original_task_position_l2: -0.0260
Episode_Reward/original_task_orientation_l2: -0.0187
        Metrics/motion/error_anchor_pos: 0.2185
        Metrics/motion/error_anchor_rot: 0.1416
    Metrics/motion/error_anchor_lin_vel: 0.2256
    Metrics/motion/error_anchor_ang_vel: 0.7349
          Metrics/motion/error_body_pos: 0.2208
          Metrics/motion/error_body_rot: 0.2822
         Metrics/motion/error_joint_pos: 0.9141
         Metrics/motion/error_joint_vel: 3.1631
        Metrics/motion/sampling_entropy: 0.0000
      Metrics/motion/sampling_top1_prob: 0.0000
       Metrics/motion/sampling_top1_bin: 0.0000
      Metrics/motion/error_body_lin_vel: 0.2394
      Metrics/motion/error_body_ang_vel: 0.9473
           Episode_Termination/time_out: 0.0000
         Episode_Termination/anchor_pos: 0.0000
         Episode_Termination/anchor_ori: 0.0000
        Episode_Termination/ee_body_pos: 0.2000
Episode_Termination/corpus_clip_time_out: 0.2000
Episode_Termination/invalid_native_model_actuation: 0.0000
Episode_Termination/world_root_tracking_failure: 0.8000
 Episode_Reward/world_potential_shaping: 0.0536
--------------------------------------------------------------------------------
                         Iteration time: 2.31s
                           Time elapsed: 00:19:30
                                    ETA: 00:02:58

################################################################################
[1m                           Learning iteration 434/500                           [0m 

                               Run name: original_core_920ms_fresh
                            Total steps: 890880 
                       Steps per second: 809 
                        Collection time: 2.354s 
                          Learning time: 0.175s 
                        Mean value loss: 608.0424
                    Mean surrogate loss: -0.0121
                      Mean entropy loss: -20.3229
                            Mean reward: 596.54
                    Mean episode length: 271.14
                        Mean action std: 0.10
  Episode_Reward/motion_global_root_pos: 0.0197
  Episode_Reward/motion_global_root_ori: 0.0221
         Episode_Reward/motion_body_pos: 0.0389
         Episode_Reward/motion_body_ori: 0.0378
     Episode_Reward/motion_body_lin_vel: 0.0451
     Episode_Reward/motion_body_ang_vel: 0.0420
          Episode_Reward/action_rate_l2: -0.0045
             Episode_Reward/joint_limit: -0.0006
         Episode_Reward/self_collisions: -0.0173
Episode_Reward/action_target_reference_l2: -0.0273
Episode_Reward/action_target_soft_limit_barrier: -0.0037
                   Episode_Reward/alive: 5.6927
 Episode_Reward/non_timeout_termination: -0.6698
Episode_Reward/worst_ee_z_normalized_squared: -0.1075
Episode_Reward/right_wrist_prethreshold_barrier: -0.0172
 Episode_Reward/requested_effort_excess: 0.0000
Episode_Reward/root_world_tracking_error: -0.0162
Episode_Reward/measured_joint_posture_l2: -0.0610
Episode_Reward/measured_feet_world_position_l2: -0.0416
Episode_Reward/original_task_position_l2: -0.0332
Episode_Reward/original_task_orientation_l2: -0.0262
        Metrics/motion/error_anchor_pos: 0.2758
        Metrics/motion/error_anchor_rot: 0.1186
    Metrics/motion/error_anchor_lin_vel: 0.4390
    Metrics/motion/error_anchor_ang_vel: 0.6624
          Metrics/motion/error_body_pos: 0.2803
          Metrics/motion/error_body_rot: 0.2334
         Metrics/motion/error_joint_pos: 0.8922
         Metrics/motion/error_joint_vel: 4.5373
        Metrics/motion/sampling_entropy: 0.0000
      Metrics/motion/sampling_top1_prob: 0.0000
       Metrics/motion/sampling_top1_bin: 0.0000
      Metrics/motion/error_body_lin_vel: 0.4923
      Metrics/motion/error_body_ang_vel: 1.3425
           Episode_Termination/time_out: 0.0000
         Episode_Termination/anchor_pos: 0.0000
         Episode_Termination/anchor_ori: 0.0000
        Episode_Termination/ee_body_pos: 0.0000
Episode_Termination/corpus_clip_time_out: 0.1250
Episode_Termination/invalid_native_model_actuation: 0.0000
Episode_Termination/world_root_tracking_failure: 0.8750
 Episode_Reward/world_potential_shaping: 0.0679
--------------------------------------------------------------------------------
                         Iteration time: 2.53s
                           Time elapsed: 00:19:33
                                    ETA: 00:02:55

################################################################################
[1m                           Learning iteration 435/500                           [0m 

                               Run name: original_core_920ms_fresh
                            Total steps: 892928 
                       Steps per second: 810 
                        Collection time: 2.362s 
                          Learning time: 0.164s 
                        Mean value loss: 381.4000
                    Mean surrogate loss: -0.0129
                      Mean entropy loss: -20.3229
                            Mean reward: 564.71
                    Mean episode length: 259.08
                        Mean action std: 0.10
  Episode_Reward/motion_global_root_pos: 0.0140
  Episode_Reward/motion_global_root_ori: 0.0168
         Episode_Reward/motion_body_pos: 0.0282
         Episode_Reward/motion_body_ori: 0.0282
     Episode_Reward/motion_body_lin_vel: 0.0343
     Episode_Reward/motion_body_ang_vel: 0.0335
          Episode_Reward/action_rate_l2: -0.0028
             Episode_Reward/joint_limit: 0.0000
         Episode_Reward/self_collisions: -0.0040
Episode_Reward/action_target_reference_l2: -0.0160
Episode_Reward/action_target_soft_limit_barrier: -0.0023
                   Episode_Reward/alive: 4.1708
 Episode_Reward/non_timeout_termination: -0.6561
Episode_Reward/worst_ee_z_normalized_squared: -0.0618
Episode_Reward/right_wrist_prethreshold_barrier: -0.0011
 Episode_Reward/requested_effort_excess: 0.0000
Episode_Reward/root_world_tracking_error: -0.0115
Episode_Reward/measured_joint_posture_l2: -0.0451
Episode_Reward/measured_feet_world_position_l2: -0.0305
Episode_Reward/original_task_position_l2: -0.0240
Episode_Reward/original_task_orientation_l2: -0.0145
        Metrics/motion/error_anchor_pos: 0.2656
        Metrics/motion/error_anchor_rot: 0.1383
    Metrics/motion/error_anchor_lin_vel: 0.4838
    Metrics/motion/error_anchor_ang_vel: 0.9446
          Metrics/motion/error_body_pos: 0.2749
          Metrics/motion/error_body_rot: 0.2610
         Metrics/motion/error_joint_pos: 1.0349
         Metrics/motion/error_joint_vel: 5.7432
        Metrics/motion/sampling_entropy: 0.0000
      Metrics/motion/sampling_top1_prob: 0.0000
       Metrics/motion/sampling_top1_bin: 0.0000
      Metrics/motion/error_body_lin_vel: 0.5327
      Metrics/motion/error_body_ang_vel: 1.5535
           Episode_Termination/time_out: 0.0000
         Episode_Termination/anchor_pos: 0.0000
         Episode_Termination/anchor_ori: 0.0000
        Episode_Termination/ee_body_pos: 0.0000
Episode_Termination/corpus_clip_time_out: 0.1429
Episode_Termination/invalid_native_model_actuation: 0.0000
Episode_Termination/world_root_tracking_failure: 1.2857
 Episode_Reward/world_potential_shaping: 0.0513
--------------------------------------------------------------------------------
                         Iteration time: 2.53s
                           Time elapsed: 00:19:35
                                    ETA: 00:02:52

################################################################################
[1m                           Learning iteration 436/500                           [0m 

                               Run name: original_core_920ms_fresh
                            Total steps: 894976 
                       Steps per second: 827 
                        Collection time: 2.312s 
                          Learning time: 0.163s 
                        Mean value loss: 689.9132
                    Mean surrogate loss: -0.0086
                      Mean entropy loss: -20.3229
                            Mean reward: 627.81
                    Mean episode length: 284.10
                        Mean action std: 0.10
  Episode_Reward/motion_global_root_pos: 0.0235
  Episode_Reward/motion_global_root_ori: 0.0261
         Episode_Reward/motion_body_pos: 0.0468
         Episode_Reward/motion_body_ori: 0.0454
     Episode_Reward/motion_body_lin_vel: 0.0528
     Episode_Reward/motion_body_ang_vel: 0.0506
          Episode_Reward/action_rate_l2: -0.0047
             Episode_Reward/joint_limit: -0.0014
         Episode_Reward/self_collisions: -0.0080
Episode_Reward/action_target_reference_l2: -0.0298
Episode_Reward/action_target_soft_limit_barrier: -0.0035
                   Episode_Reward/alive: 6.5452
 Episode_Reward/non_timeout_termination: -0.7655
Episode_Reward/worst_ee_z_normalized_squared: -0.1371
Episode_Reward/right_wrist_prethreshold_barrier: -0.0070
 Episode_Reward/requested_effort_excess: -0.0000
Episode_Reward/root_world_tracking_error: -0.0155
Episode_Reward/measured_joint_posture_l2: -0.0689
Episode_Reward/measured_feet_world_position_l2: -0.0458
Episode_Reward/original_task_position_l2: -0.0374
Episode_Reward/original_task_orientation_l2: -0.0239
        Metrics/motion/error_anchor_pos: 0.2874
        Metrics/motion/error_anchor_rot: 0.1474
    Metrics/motion/error_anchor_lin_vel: 0.4828
    Metrics/motion/error_anchor_ang_vel: 0.7758
          Metrics/motion/error_body_pos: 0.2965
          Metrics/motion/error_body_rot: 0.2536
         Metrics/motion/error_joint_pos: 0.8917
         Metrics/motion/error_joint_vel: 5.5998
        Metrics/motion/sampling_entropy: 0.0000
      Metrics/motion/sampling_top1_prob: 0.0000
       Metrics/motion/sampling_top1_bin: 0.0000
      Metrics/motion/error_body_lin_vel: 0.5445
      Metrics/motion/error_body_ang_vel: 1.6386
           Episode_Termination/time_out: 0.0000
         Episode_Termination/anchor_pos: 0.0000
         Episode_Termination/anchor_ori: 0.0000
        Episode_Termination/ee_body_pos: 0.0000
Episode_Termination/corpus_clip_time_out: 0.0000
Episode_Termination/invalid_native_model_actuation: 0.0000
Episode_Termination/world_root_tracking_failure: 1.1000
 Episode_Reward/world_potential_shaping: 0.0752
--------------------------------------------------------------------------------
                         Iteration time: 2.48s
                           Time elapsed: 00:19:38
                                    ETA: 00:02:49

################################################################################
[1m                           Learning iteration 437/500                           [0m 

                               Run name: original_core_920ms_fresh
                            Total steps: 897024 
                       Steps per second: 916 
                        Collection time: 2.071s 
                          Learning time: 0.163s 
                        Mean value loss: 339.3547
                    Mean surrogate loss: -0.0115
                      Mean entropy loss: -20.3229
                            Mean reward: 623.17
                    Mean episode length: 282.83
                        Mean action std: 0.10
--------------------------------------------------------------------------------
                         Iteration time: 2.23s
                           Time elapsed: 00:19:40
                                    ETA: 00:02:47

################################################################################
[1m                           Learning iteration 438/500                           [0m 

                               Run name: original_core_920ms_fresh
                            Total steps: 899072 
                       Steps per second: 913 
                        Collection time: 2.076s 
                          Learning time: 0.166s 
                        Mean value loss: 551.2064
                    Mean surrogate loss: -0.0112
                      Mean entropy loss: -20.3229
                            Mean reward: 624.50
                    Mean episode length: 283.67
                        Mean action std: 0.10
--------------------------------------------------------------------------------
                         Iteration time: 2.24s
                           Time elapsed: 00:19:42
                                    ETA: 00:02:44

################################################################################
[1m                           Learning iteration 439/500                           [0m 

                               Run name: original_core_920ms_fresh
                            Total steps: 901120 
                       Steps per second: 880 
                        Collection time: 2.149s 
                          Learning time: 0.176s 
                        Mean value loss: 382.0431
                    Mean surrogate loss: -0.0099
                      Mean entropy loss: -20.3229
                            Mean reward: 690.93
                    Mean episode length: 308.92
                        Mean action std: 0.10
  Episode_Reward/motion_global_root_pos: 0.0260
  Episode_Reward/motion_global_root_ori: 0.0282
         Episode_Reward/motion_body_pos: 0.0516
         Episode_Reward/motion_body_ori: 0.0477
     Episode_Reward/motion_body_lin_vel: 0.0572
     Episode_Reward/motion_body_ang_vel: 0.0533
          Episode_Reward/action_rate_l2: -0.0057
             Episode_Reward/joint_limit: -0.0005
         Episode_Reward/self_collisions: -0.0089
Episode_Reward/action_target_reference_l2: -0.0337
Episode_Reward/action_target_soft_limit_barrier: -0.0049
                   Episode_Reward/alive: 7.2471
 Episode_Reward/non_timeout_termination: -0.6698
Episode_Reward/worst_ee_z_normalized_squared: -0.1169
Episode_Reward/right_wrist_prethreshold_barrier: -0.0074
 Episode_Reward/requested_effort_excess: -0.0000
Episode_Reward/root_world_tracking_error: -0.0184
Episode_Reward/measured_joint_posture_l2: -0.0775
Episode_Reward/measured_feet_world_position_l2: -0.0501
Episode_Reward/original_task_position_l2: -0.0398
Episode_Reward/original_task_orientation_l2: -0.0283
        Metrics/motion/error_anchor_pos: 0.2543
        Metrics/motion/error_anchor_rot: 0.1568
    Metrics/motion/error_anchor_lin_vel: 0.5635
    Metrics/motion/error_anchor_ang_vel: 0.9449
          Metrics/motion/error_body_pos: 0.2583
          Metrics/motion/error_body_rot: 0.2911
         Metrics/motion/error_joint_pos: 1.1405
         Metrics/motion/error_joint_vel: 5.0244
        Metrics/motion/sampling_entropy: 0.0000
      Metrics/motion/sampling_top1_prob: 0.0000
       Metrics/motion/sampling_top1_bin: 0.0000
      Metrics/motion/error_body_lin_vel: 0.5987
      Metrics/motion/error_body_ang_vel: 1.4382
           Episode_Termination/time_out: 0.0000
         Episode_Termination/anchor_pos: 0.0000
         Episode_Termination/anchor_ori: 0.0000
        Episode_Termination/ee_body_pos: 0.0000
Episode_Termination/corpus_clip_time_out: 0.1250
Episode_Termination/invalid_native_model_actuation: 0.0000
Episode_Termination/world_root_tracking_failure: 1.0000
 Episode_Reward/world_potential_shaping: 0.0787
--------------------------------------------------------------------------------
                         Iteration time: 2.32s
                           Time elapsed: 00:19:45
                                    ETA: 00:02:41

################################################################################
[1m                           Learning iteration 440/500                           [0m 

                               Run name: original_core_920ms_fresh
                            Total steps: 903168 
                       Steps per second: 778 
                        Collection time: 2.426s 
                          Learning time: 0.204s 
                        Mean value loss: 556.7653
                    Mean surrogate loss: -0.0110
                      Mean entropy loss: -20.3229
                            Mean reward: 737.45
                    Mean episode length: 325.02
                        Mean action std: 0.10
--------------------------------------------------------------------------------
                         Iteration time: 2.63s
                           Time elapsed: 00:19:47
                                    ETA: 00:02:38

################################################################################
[1m                           Learning iteration 441/500                           [0m 

                               Run name: original_core_920ms_fresh
                            Total steps: 905216 
                       Steps per second: 882 
                        Collection time: 2.157s 
                          Learning time: 0.165s 
                        Mean value loss: 493.4558
                    Mean surrogate loss: -0.0123
                      Mean entropy loss: -20.3229
                            Mean reward: 669.15
                    Mean episode length: 295.76
                        Mean action std: 0.10
--------------------------------------------------------------------------------
                         Iteration time: 2.32s
                           Time elapsed: 00:19:50
                                    ETA: 00:02:36

################################################################################
[1m                           Learning iteration 442/500                           [0m 

                               Run name: original_core_920ms_fresh
                            Total steps: 907264 
                       Steps per second: 863 
                        Collection time: 2.201s 
                          Learning time: 0.171s 
                        Mean value loss: 342.8667
                    Mean surrogate loss: -0.0117
                      Mean entropy loss: -20.3229
                            Mean reward: 692.66
                    Mean episode length: 304.57
                        Mean action std: 0.10
--------------------------------------------------------------------------------
                         Iteration time: 2.37s
                           Time elapsed: 00:19:52
                                    ETA: 00:02:33

################################################################################
[1m                           Learning iteration 443/500                           [0m 

                               Run name: original_core_920ms_fresh
                            Total steps: 909312 
                       Steps per second: 881 
                        Collection time: 2.159s 
                          Learning time: 0.163s 
                        Mean value loss: 386.3683
                    Mean surrogate loss: -0.0143
                      Mean entropy loss: -20.3229
                            Mean reward: 680.93
                    Mean episode length: 300.37
                        Mean action std: 0.10
  Episode_Reward/motion_global_root_pos: 0.0113
  Episode_Reward/motion_global_root_ori: 0.0127
         Episode_Reward/motion_body_pos: 0.0220
         Episode_Reward/motion_body_ori: 0.0204
     Episode_Reward/motion_body_lin_vel: 0.0254
     Episode_Reward/motion_body_ang_vel: 0.0237
          Episode_Reward/action_rate_l2: -0.0026
             Episode_Reward/joint_limit: -0.0000
         Episode_Reward/self_collisions: -0.0047
Episode_Reward/action_target_reference_l2: -0.0151
Episode_Reward/action_target_soft_limit_barrier: -0.0035
                   Episode_Reward/alive: 3.2691
 Episode_Reward/non_timeout_termination: -0.7655
Episode_Reward/worst_ee_z_normalized_squared: -0.0334
Episode_Reward/right_wrist_prethreshold_barrier: -0.0017
 Episode_Reward/requested_effort_excess: -0.0000
Episode_Reward/root_world_tracking_error: -0.0099
Episode_Reward/measured_joint_posture_l2: -0.0416
Episode_Reward/measured_feet_world_position_l2: -0.0237
Episode_Reward/original_task_position_l2: -0.0195
Episode_Reward/original_task_orientation_l2: -0.0125
        Metrics/motion/error_anchor_pos: 0.2856
        Metrics/motion/error_anchor_rot: 0.1426
    Metrics/motion/error_anchor_lin_vel: 0.4963
    Metrics/motion/error_anchor_ang_vel: 0.7333
          Metrics/motion/error_body_pos: 0.2938
          Metrics/motion/error_body_rot: 0.2505
         Metrics/motion/error_joint_pos: 0.9256
         Metrics/motion/error_joint_vel: 4.1267
        Metrics/motion/sampling_entropy: 0.0000
      Metrics/motion/sampling_top1_prob: 0.0000
       Metrics/motion/sampling_top1_bin: 0.0000
      Metrics/motion/error_body_lin_vel: 0.4675
      Metrics/motion/error_body_ang_vel: 1.3397
           Episode_Termination/time_out: 0.0000
         Episode_Termination/anchor_pos: 0.0000
         Episode_Termination/anchor_ori: 0.0000
        Episode_Termination/ee_body_pos: 0.0000
Episode_Termination/corpus_clip_time_out: 0.0000
Episode_Termination/invalid_native_model_actuation: 0.0000
Episode_Termination/world_root_tracking_failure: 1.2000
 Episode_Reward/world_potential_shaping: 0.0461
--------------------------------------------------------------------------------
                         Iteration time: 2.32s
                           Time elapsed: 00:19:54
                                    ETA: 00:02:30

################################################################################
[1m                           Learning iteration 444/500                           [0m 

                               Run name: original_core_920ms_fresh
                            Total steps: 911360 
                       Steps per second: 856 
                        Collection time: 2.227s 
                          Learning time: 0.165s 
                        Mean value loss: 354.4296
                    Mean surrogate loss: -0.0103
                      Mean entropy loss: -20.3229
                            Mean reward: 628.84
                    Mean episode length: 281.21
                        Mean action std: 0.10
  Episode_Reward/motion_global_root_pos: 0.0081
  Episode_Reward/motion_global_root_ori: 0.0092
         Episode_Reward/motion_body_pos: 0.0162
         Episode_Reward/motion_body_ori: 0.0153
     Episode_Reward/motion_body_lin_vel: 0.0179
     Episode_Reward/motion_body_ang_vel: 0.0172
          Episode_Reward/action_rate_l2: -0.0018
             Episode_Reward/joint_limit: 0.0000
         Episode_Reward/self_collisions: -0.0031
Episode_Reward/action_target_reference_l2: -0.0098
Episode_Reward/action_target_soft_limit_barrier: -0.0022
                   Episode_Reward/alive: 2.3039
 Episode_Reward/non_timeout_termination: -0.7176
Episode_Reward/worst_ee_z_normalized_squared: -0.0288
Episode_Reward/right_wrist_prethreshold_barrier: -0.0010
 Episode_Reward/requested_effort_excess: -0.0000
Episode_Reward/root_world_tracking_error: -0.0072
Episode_Reward/measured_joint_posture_l2: -0.0275
Episode_Reward/measured_feet_world_position_l2: -0.0168
Episode_Reward/original_task_position_l2: -0.0125
Episode_Reward/original_task_orientation_l2: -0.0081
        Metrics/motion/error_anchor_pos: 0.2673
        Metrics/motion/error_anchor_rot: 0.1597
    Metrics/motion/error_anchor_lin_vel: 0.5426
    Metrics/motion/error_anchor_ang_vel: 1.0072
          Metrics/motion/error_body_pos: 0.2720
          Metrics/motion/error_body_rot: 0.2592
         Metrics/motion/error_joint_pos: 0.9714
         Metrics/motion/error_joint_vel: 4.7381
        Metrics/motion/sampling_entropy: 0.0000
      Metrics/motion/sampling_top1_prob: 0.0000
       Metrics/motion/sampling_top1_bin: 0.0000
      Metrics/motion/error_body_lin_vel: 0.5802
      Metrics/motion/error_body_ang_vel: 1.3171
           Episode_Termination/time_out: 0.0000
         Episode_Termination/anchor_pos: 0.0000
         Episode_Termination/anchor_ori: 0.0000
        Episode_Termination/ee_body_pos: 0.1250
Episode_Termination/corpus_clip_time_out: 0.1250
Episode_Termination/invalid_native_model_actuation: 0.0000
Episode_Termination/world_root_tracking_failure: 1.3750
 Episode_Reward/world_potential_shaping: 0.0343
--------------------------------------------------------------------------------
                         Iteration time: 2.39s
                           Time elapsed: 00:19:57
                                    ETA: 00:02:27

################################################################################
[1m                           Learning iteration 445/500                           [0m 

                               Run name: original_core_920ms_fresh
                            Total steps: 913408 
                       Steps per second: 392 
                        Collection time: 5.022s 
                          Learning time: 0.190s 
                        Mean value loss: 387.1089
                    Mean surrogate loss: -0.0131
                      Mean entropy loss: -20.3229
                            Mean reward: 616.66
                    Mean episode length: 277.73
                        Mean action std: 0.10
--------------------------------------------------------------------------------
                         Iteration time: 5.21s
                           Time elapsed: 00:20:02
                                    ETA: 00:02:25

################################################################################
[1m                           Learning iteration 446/500                           [0m 

                               Run name: original_core_920ms_fresh
                            Total steps: 915456 
                       Steps per second: 866 
                        Collection time: 2.193s 
                          Learning time: 0.171s 
                        Mean value loss: 386.0340
                    Mean surrogate loss: -0.0091
                      Mean entropy loss: -20.3229
                            Mean reward: 603.98
                    Mean episode length: 272.38
                        Mean action std: 0.10
  Episode_Reward/motion_global_root_pos: 0.0129
  Episode_Reward/motion_global_root_ori: 0.0162
         Episode_Reward/motion_body_pos: 0.0255
         Episode_Reward/motion_body_ori: 0.0270
     Episode_Reward/motion_body_lin_vel: 0.0323
     Episode_Reward/motion_body_ang_vel: 0.0307
          Episode_Reward/action_rate_l2: -0.0030
             Episode_Reward/joint_limit: -0.0000
         Episode_Reward/self_collisions: -0.0018
Episode_Reward/action_target_reference_l2: -0.0179
Episode_Reward/action_target_soft_limit_barrier: -0.0027
                   Episode_Reward/alive: 4.0815
 Episode_Reward/non_timeout_termination: -0.6804
Episode_Reward/worst_ee_z_normalized_squared: -0.0593
Episode_Reward/right_wrist_prethreshold_barrier: -0.0006
 Episode_Reward/requested_effort_excess: -0.0000
Episode_Reward/root_world_tracking_error: -0.0153
Episode_Reward/measured_joint_posture_l2: -0.0438
Episode_Reward/measured_feet_world_position_l2: -0.0299
Episode_Reward/original_task_position_l2: -0.0245
Episode_Reward/original_task_orientation_l2: -0.0147
        Metrics/motion/error_anchor_pos: 0.2824
        Metrics/motion/error_anchor_rot: 0.1721
    Metrics/motion/error_anchor_lin_vel: 0.5042
    Metrics/motion/error_anchor_ang_vel: 0.7088
          Metrics/motion/error_body_pos: 0.2890
          Metrics/motion/error_body_rot: 0.2821
         Metrics/motion/error_joint_pos: 0.9935
         Metrics/motion/error_joint_vel: 4.5366
        Metrics/motion/sampling_entropy: 0.0000
      Metrics/motion/sampling_top1_prob: 0.0000
       Metrics/motion/sampling_top1_bin: 0.0000
      Metrics/motion/error_body_lin_vel: 0.4927
      Metrics/motion/error_body_ang_vel: 1.2816
           Episode_Termination/time_out: 0.0000
         Episode_Termination/anchor_pos: 0.0000
         Episode_Termination/anchor_ori: 0.0000
        Episode_Termination/ee_body_pos: 0.0000
Episode_Termination/corpus_clip_time_out: 0.1111
Episode_Termination/invalid_native_model_actuation: 0.0000
Episode_Termination/world_root_tracking_failure: 0.8889
 Episode_Reward/world_potential_shaping: 0.0533
--------------------------------------------------------------------------------
                         Iteration time: 2.36s
                           Time elapsed: 00:20:04
                                    ETA: 00:02:22

################################################################################
[1m                           Learning iteration 447/500                           [0m 

                               Run name: original_core_920ms_fresh
                            Total steps: 917504 
                       Steps per second: 852 
                        Collection time: 2.235s 
                          Learning time: 0.167s 
                        Mean value loss: 651.7234
                    Mean surrogate loss: -0.0113
                      Mean entropy loss: -20.3229
                            Mean reward: 572.81
                    Mean episode length: 260.21
                        Mean action std: 0.10
  Episode_Reward/motion_global_root_pos: 0.0114
  Episode_Reward/motion_global_root_ori: 0.0132
         Episode_Reward/motion_body_pos: 0.0225
         Episode_Reward/motion_body_ori: 0.0213
     Episode_Reward/motion_body_lin_vel: 0.0251
     Episode_Reward/motion_body_ang_vel: 0.0240
          Episode_Reward/action_rate_l2: -0.0027
             Episode_Reward/joint_limit: -0.0001
         Episode_Reward/self_collisions: -0.0027
Episode_Reward/action_target_reference_l2: -0.0161
Episode_Reward/action_target_soft_limit_barrier: -0.0037
                   Episode_Reward/alive: 3.3564
 Episode_Reward/non_timeout_termination: -0.6804
Episode_Reward/worst_ee_z_normalized_squared: -0.0404
Episode_Reward/right_wrist_prethreshold_barrier: -0.0038
 Episode_Reward/requested_effort_excess: -0.0000
Episode_Reward/root_world_tracking_error: -0.0122
Episode_Reward/measured_joint_posture_l2: -0.0428
Episode_Reward/measured_feet_world_position_l2: -0.0250
Episode_Reward/original_task_position_l2: -0.0200
Episode_Reward/original_task_orientation_l2: -0.0132
        Metrics/motion/error_anchor_pos: 0.2722
        Metrics/motion/error_anchor_rot: 0.1161
    Metrics/motion/error_anchor_lin_vel: 0.5144
    Metrics/motion/error_anchor_ang_vel: 1.0658
          Metrics/motion/error_body_pos: 0.2822
          Metrics/motion/error_body_rot: 0.2571
         Metrics/motion/error_joint_pos: 1.0571
         Metrics/motion/error_joint_vel: 5.6880
        Metrics/motion/sampling_entropy: 0.0000
      Metrics/motion/sampling_top1_prob: 0.0000
       Metrics/motion/sampling_top1_bin: 0.0000
      Metrics/motion/error_body_lin_vel: 0.5626
      Metrics/motion/error_body_ang_vel: 1.6768
           Episode_Termination/time_out: 0.0000
         Episode_Termination/anchor_pos: 0.0000
         Episode_Termination/anchor_ori: 0.0000
        Episode_Termination/ee_body_pos: 0.0000
Episode_Termination/corpus_clip_time_out: 0.1111
Episode_Termination/invalid_native_model_actuation: 0.0000
Episode_Termination/world_root_tracking_failure: 1.3333
 Episode_Reward/world_potential_shaping: 0.0456
--------------------------------------------------------------------------------
                         Iteration time: 2.40s
                           Time elapsed: 00:20:07
                                    ETA: 00:02:20

################################################################################
[1m                           Learning iteration 448/500                           [0m 

                               Run name: original_core_920ms_fresh
                            Total steps: 919552 
                       Steps per second: 851 
                        Collection time: 2.237s 
                          Learning time: 0.167s 
                        Mean value loss: 428.8262
                    Mean surrogate loss: -0.0145
                      Mean entropy loss: -20.3228
                            Mean reward: 542.70
                    Mean episode length: 248.67
                        Mean action std: 0.10
--------------------------------------------------------------------------------
                         Iteration time: 2.40s
                           Time elapsed: 00:20:09
                                    ETA: 00:02:17

################################################################################
[1m                           Learning iteration 449/500                           [0m 

                               Run name: original_core_920ms_fresh
                            Total steps: 921600 
                       Steps per second: 877 
                        Collection time: 2.164s 
                          Learning time: 0.171s 
                        Mean value loss: 452.8324
                    Mean surrogate loss: -0.0105
                      Mean entropy loss: -20.3228
                            Mean reward: 506.05
                    Mean episode length: 234.18
                        Mean action std: 0.10
  Episode_Reward/motion_global_root_pos: 0.0107
  Episode_Reward/motion_global_root_ori: 0.0115
         Episode_Reward/motion_body_pos: 0.0210
         Episode_Reward/motion_body_ori: 0.0190
     Episode_Reward/motion_body_lin_vel: 0.0227
     Episode_Reward/motion_body_ang_vel: 0.0212
          Episode_Reward/action_rate_l2: -0.0024
             Episode_Reward/joint_limit: -0.0010
         Episode_Reward/self_collisions: -0.0045
Episode_Reward/action_target_reference_l2: -0.0148
Episode_Reward/action_target_soft_limit_barrier: -0.0024
                   Episode_Reward/alive: 2.9699
 Episode_Reward/non_timeout_termination: -0.7655
Episode_Reward/worst_ee_z_normalized_squared: -0.0506
Episode_Reward/right_wrist_prethreshold_barrier: -0.0014
 Episode_Reward/requested_effort_excess: 0.0000
Episode_Reward/root_world_tracking_error: -0.0092
Episode_Reward/measured_joint_posture_l2: -0.0323
Episode_Reward/measured_feet_world_position_l2: -0.0199
Episode_Reward/original_task_position_l2: -0.0165
Episode_Reward/original_task_orientation_l2: -0.0118
        Metrics/motion/error_anchor_pos: 0.2864
        Metrics/motion/error_anchor_rot: 0.1650
    Metrics/motion/error_anchor_lin_vel: 0.5960
    Metrics/motion/error_anchor_ang_vel: 0.8487
          Metrics/motion/error_body_pos: 0.2927
          Metrics/motion/error_body_rot: 0.3052
         Metrics/motion/error_joint_pos: 1.1355
         Metrics/motion/error_joint_vel: 5.2515
        Metrics/motion/sampling_entropy: 0.0000
      Metrics/motion/sampling_top1_prob: 0.0000
       Metrics/motion/sampling_top1_bin: 0.0000
      Metrics/motion/error_body_lin_vel: 0.5810
      Metrics/motion/error_body_ang_vel: 1.4957
           Episode_Termination/time_out: 0.0000
         Episode_Termination/anchor_pos: 0.0000
         Episode_Termination/anchor_ori: 0.0000
        Episode_Termination/ee_body_pos: 0.0000
Episode_Termination/corpus_clip_time_out: 0.0000
Episode_Termination/invalid_native_model_actuation: 0.0000
Episode_Termination/world_root_tracking_failure: 1.2500
 Episode_Reward/world_potential_shaping: 0.0401
--------------------------------------------------------------------------------
                         Iteration time: 2.34s
                           Time elapsed: 00:20:11
                                    ETA: 00:02:14

################################################################################
[1m                           Learning iteration 450/500                           [0m 

                               Run name: original_core_920ms_fresh
                            Total steps: 923648 
                       Steps per second: 771 
                        Collection time: 2.470s 
                          Learning time: 0.184s 
                        Mean value loss: 439.8408
                    Mean surrogate loss: -0.0120
                      Mean entropy loss: -20.3228
                            Mean reward: 393.00
                    Mean episode length: 190.31
                        Mean action std: 0.10
--------------------------------------------------------------------------------
                         Iteration time: 2.65s
                           Time elapsed: 00:20:14
                                    ETA: 00:02:11

################################################################################
[1m                           Learning iteration 451/500                           [0m 

                               Run name: original_core_920ms_fresh
                            Total steps: 925696 
                       Steps per second: 892 
                        Collection time: 2.115s 
                          Learning time: 0.181s 
                        Mean value loss: 290.0076
                    Mean surrogate loss: -0.0103
                      Mean entropy loss: -20.3228
                            Mean reward: 389.73
                    Mean episode length: 189.58
                        Mean action std: 0.10
--------------------------------------------------------------------------------
                         Iteration time: 2.30s
                           Time elapsed: 00:20:16
                                    ETA: 00:02:09

################################################################################
[1m                           Learning iteration 452/500                           [0m 

                               Run name: original_core_920ms_fresh
                            Total steps: 927744 
                       Steps per second: 862 
                        Collection time: 2.207s 
                          Learning time: 0.168s 
                        Mean value loss: 366.8052
                    Mean surrogate loss: -0.0118
                      Mean entropy loss: -20.3228
                            Mean reward: 444.30
                    Mean episode length: 213.00
                        Mean action std: 0.10
--------------------------------------------------------------------------------
                         Iteration time: 2.37s
                           Time elapsed: 00:20:19
                                    ETA: 00:02:06

################################################################################
[1m                           Learning iteration 453/500                           [0m 

                               Run name: original_core_920ms_fresh
                            Total steps: 929792 
                       Steps per second: 885 
                        Collection time: 2.132s 
                          Learning time: 0.182s 
                        Mean value loss: 562.5294
                    Mean surrogate loss: -0.0093
                      Mean entropy loss: -20.3228
                            Mean reward: 443.65
                    Mean episode length: 213.75
                        Mean action std: 0.10
  Episode_Reward/motion_global_root_pos: 0.0109
  Episode_Reward/motion_global_root_ori: 0.0130
         Episode_Reward/motion_body_pos: 0.0212
         Episode_Reward/motion_body_ori: 0.0213
     Episode_Reward/motion_body_lin_vel: 0.0252
     Episode_Reward/motion_body_ang_vel: 0.0240
          Episode_Reward/action_rate_l2: -0.0026
             Episode_Reward/joint_limit: -0.0003
         Episode_Reward/self_collisions: -0.0081
Episode_Reward/action_target_reference_l2: -0.0155
Episode_Reward/action_target_soft_limit_barrier: -0.0033
                   Episode_Reward/alive: 3.2700
 Episode_Reward/non_timeout_termination: -0.7272
Episode_Reward/worst_ee_z_normalized_squared: -0.0376
Episode_Reward/right_wrist_prethreshold_barrier: -0.0007
 Episode_Reward/requested_effort_excess: -0.0000
Episode_Reward/root_world_tracking_error: -0.0109
Episode_Reward/measured_joint_posture_l2: -0.0404
Episode_Reward/measured_feet_world_position_l2: -0.0246
Episode_Reward/original_task_position_l2: -0.0203
Episode_Reward/original_task_orientation_l2: -0.0112
        Metrics/motion/error_anchor_pos: 0.2806
        Metrics/motion/error_anchor_rot: 0.1340
    Metrics/motion/error_anchor_lin_vel: 0.4781
    Metrics/motion/error_anchor_ang_vel: 0.8673
          Metrics/motion/error_body_pos: 0.2909
          Metrics/motion/error_body_rot: 0.2487
         Metrics/motion/error_joint_pos: 1.0303
         Metrics/motion/error_joint_vel: 4.1564
        Metrics/motion/sampling_entropy: 0.0000
      Metrics/motion/sampling_top1_prob: 0.0000
       Metrics/motion/sampling_top1_bin: 0.0000
      Metrics/motion/error_body_lin_vel: 0.4971
      Metrics/motion/error_body_ang_vel: 1.3373
           Episode_Termination/time_out: 0.0000
         Episode_Termination/anchor_pos: 0.0000
         Episode_Termination/anchor_ori: 0.0000
        Episode_Termination/ee_body_pos: 0.0000
Episode_Termination/corpus_clip_time_out: 0.2000
Episode_Termination/invalid_native_model_actuation: 0.0000
Episode_Termination/world_root_tracking_failure: 1.6000
 Episode_Reward/world_potential_shaping: 0.0479
--------------------------------------------------------------------------------
                         Iteration time: 2.31s
                           Time elapsed: 00:20:21
                                    ETA: 00:02:03

################################################################################
[1m                           Learning iteration 454/500                           [0m 

                               Run name: original_core_920ms_fresh
                            Total steps: 931840 
                       Steps per second: 887 
                        Collection time: 2.146s 
                          Learning time: 0.163s 
                        Mean value loss: 371.5419
                    Mean surrogate loss: -0.0104
                      Mean entropy loss: -20.3228
                            Mean reward: 435.66
                    Mean episode length: 210.97
                        Mean action std: 0.10
--------------------------------------------------------------------------------
                         Iteration time: 2.31s
                           Time elapsed: 00:20:23
                                    ETA: 00:02:01

################################################################################
[1m                           Learning iteration 455/500                           [0m 

                               Run name: original_core_920ms_fresh
                            Total steps: 933888 
                       Steps per second: 891 
                        Collection time: 2.136s 
                          Learning time: 0.162s 
                        Mean value loss: 691.7736
                    Mean surrogate loss: -0.0144
                      Mean entropy loss: -20.3228
                            Mean reward: 446.74
                    Mean episode length: 216.34
                        Mean action std: 0.10
  Episode_Reward/motion_global_root_pos: 0.0193
  Episode_Reward/motion_global_root_ori: 0.0211
         Episode_Reward/motion_body_pos: 0.0387
         Episode_Reward/motion_body_ori: 0.0355
     Episode_Reward/motion_body_lin_vel: 0.0423
     Episode_Reward/motion_body_ang_vel: 0.0386
          Episode_Reward/action_rate_l2: -0.0045
             Episode_Reward/joint_limit: -0.0016
         Episode_Reward/self_collisions: -0.0080
Episode_Reward/action_target_reference_l2: -0.0290
Episode_Reward/action_target_soft_limit_barrier: -0.0039
                   Episode_Reward/alive: 5.3906
 Episode_Reward/non_timeout_termination: -0.7655
Episode_Reward/worst_ee_z_normalized_squared: -0.1191
Episode_Reward/right_wrist_prethreshold_barrier: -0.0136
 Episode_Reward/requested_effort_excess: -0.0000
Episode_Reward/root_world_tracking_error: -0.0140
Episode_Reward/measured_joint_posture_l2: -0.0547
Episode_Reward/measured_feet_world_position_l2: -0.0377
Episode_Reward/original_task_position_l2: -0.0323
Episode_Reward/original_task_orientation_l2: -0.0232
        Metrics/motion/error_anchor_pos: 0.2504
        Metrics/motion/error_anchor_rot: 0.1366
    Metrics/motion/error_anchor_lin_vel: 0.3205
    Metrics/motion/error_anchor_ang_vel: 0.8794
          Metrics/motion/error_body_pos: 0.2471
          Metrics/motion/error_body_rot: 0.2812
         Metrics/motion/error_joint_pos: 1.0299
         Metrics/motion/error_joint_vel: 5.7761
        Metrics/motion/sampling_entropy: 0.0000
      Metrics/motion/sampling_top1_prob: 0.0000
       Metrics/motion/sampling_top1_bin: 0.0000
      Metrics/motion/error_body_lin_vel: 0.3971
      Metrics/motion/error_body_ang_vel: 1.5904
           Episode_Termination/time_out: 0.0000
         Episode_Termination/anchor_pos: 0.0000
         Episode_Termination/anchor_ori: 0.0000
        Episode_Termination/ee_body_pos: 0.2222
Episode_Termination/corpus_clip_time_out: 0.0000
Episode_Termination/invalid_native_model_actuation: 0.0000
Episode_Termination/world_root_tracking_failure: 0.8889
 Episode_Reward/world_potential_shaping: 0.0631
--------------------------------------------------------------------------------
                         Iteration time: 2.30s
                           Time elapsed: 00:20:26
                                    ETA: 00:01:58

################################################################################
[1m                           Learning iteration 456/500                           [0m 

                               Run name: original_core_920ms_fresh
                            Total steps: 935936 
                       Steps per second: 879 
                        Collection time: 2.166s 
                          Learning time: 0.163s 
                        Mean value loss: 473.5516
                    Mean surrogate loss: -0.0122
                      Mean entropy loss: -20.3228
                            Mean reward: 481.66
                    Mean episode length: 230.31
                        Mean action std: 0.10
--------------------------------------------------------------------------------
                         Iteration time: 2.33s
                           Time elapsed: 00:20:28
                                    ETA: 00:01:55

################################################################################
[1m                           Learning iteration 457/500                           [0m 

                               Run name: original_core_920ms_fresh
                            Total steps: 937984 
                       Steps per second: 860 
                        Collection time: 2.217s 
                          Learning time: 0.163s 
                        Mean value loss: 568.1674
                    Mean surrogate loss: -0.0101
                      Mean entropy loss: -20.3228
                            Mean reward: 512.96
                    Mean episode length: 242.48
                        Mean action std: 0.10
--------------------------------------------------------------------------------
                         Iteration time: 2.38s
                           Time elapsed: 00:20:30
                                    ETA: 00:01:52

################################################################################
[1m                           Learning iteration 458/500                           [0m 

                               Run name: original_core_920ms_fresh
                            Total steps: 940032 
                       Steps per second: 865 
                        Collection time: 2.202s 
                          Learning time: 0.164s 
                        Mean value loss: 258.8642
                    Mean surrogate loss: -0.0122
                      Mean entropy loss: -20.3228
                            Mean reward: 522.97
                    Mean episode length: 247.23
                        Mean action std: 0.10
--------------------------------------------------------------------------------
                         Iteration time: 2.37s
                           Time elapsed: 00:20:33
                                    ETA: 00:01:50

################################################################################
[1m                           Learning iteration 459/500                           [0m 

                               Run name: original_core_920ms_fresh
                            Total steps: 942080 
                       Steps per second: 816 
                        Collection time: 2.324s 
                          Learning time: 0.185s 
                        Mean value loss: 293.5726
                    Mean surrogate loss: -0.0072
                      Mean entropy loss: -20.3228
                            Mean reward: 531.68
                    Mean episode length: 250.62
                        Mean action std: 0.10
  Episode_Reward/motion_global_root_pos: 0.0112
  Episode_Reward/motion_global_root_ori: 0.0125
         Episode_Reward/motion_body_pos: 0.0226
         Episode_Reward/motion_body_ori: 0.0200
     Episode_Reward/motion_body_lin_vel: 0.0238
     Episode_Reward/motion_body_ang_vel: 0.0213
          Episode_Reward/action_rate_l2: -0.0028
             Episode_Reward/joint_limit: -0.0005
         Episode_Reward/self_collisions: -0.0018
Episode_Reward/action_target_reference_l2: -0.0171
Episode_Reward/action_target_soft_limit_barrier: -0.0031
                   Episode_Reward/alive: 3.1861
 Episode_Reward/non_timeout_termination: -0.7655
Episode_Reward/worst_ee_z_normalized_squared: -0.0636
Episode_Reward/right_wrist_prethreshold_barrier: -0.0083
 Episode_Reward/requested_effort_excess: 0.0000
Episode_Reward/root_world_tracking_error: -0.0103
Episode_Reward/measured_joint_posture_l2: -0.0359
Episode_Reward/measured_feet_world_position_l2: -0.0209
Episode_Reward/original_task_position_l2: -0.0193
Episode_Reward/original_task_orientation_l2: -0.0167
        Metrics/motion/error_anchor_pos: 0.2929
        Metrics/motion/error_anchor_rot: 0.1123
    Metrics/motion/error_anchor_lin_vel: 0.5264
    Metrics/motion/error_anchor_ang_vel: 0.8284
          Metrics/motion/error_body_pos: 0.2910
          Metrics/motion/error_body_rot: 0.2866
         Metrics/motion/error_joint_pos: 1.1507
         Metrics/motion/error_joint_vel: 4.6885
        Metrics/motion/sampling_entropy: 0.0000
      Metrics/motion/sampling_top1_prob: 0.0000
       Metrics/motion/sampling_top1_bin: 0.0000
      Metrics/motion/error_body_lin_vel: 0.5189
      Metrics/motion/error_body_ang_vel: 1.4174
           Episode_Termination/time_out: 0.0000
         Episode_Termination/anchor_pos: 0.0000
         Episode_Termination/anchor_ori: 0.0000
        Episode_Termination/ee_body_pos: 0.0000
Episode_Termination/corpus_clip_time_out: 0.0000
Episode_Termination/invalid_native_model_actuation: 0.0000
Episode_Termination/world_root_tracking_failure: 1.0000
 Episode_Reward/world_potential_shaping: 0.0444
--------------------------------------------------------------------------------
                         Iteration time: 2.51s
                           Time elapsed: 00:20:35
                                    ETA: 00:01:47

################################################################################
[1m                           Learning iteration 460/500                           [0m 

                               Run name: original_core_920ms_fresh
                            Total steps: 944128 
                       Steps per second: 775 
                        Collection time: 2.476s 
                          Learning time: 0.166s 
                        Mean value loss: 332.3084
                    Mean surrogate loss: -0.0117
                      Mean entropy loss: -20.3228
                            Mean reward: 555.14
                    Mean episode length: 260.00
                        Mean action std: 0.10
--------------------------------------------------------------------------------
                         Iteration time: 2.64s
                           Time elapsed: 00:20:38
                                    ETA: 00:01:44

################################################################################
[1m                           Learning iteration 461/500                           [0m 

                               Run name: original_core_920ms_fresh
                            Total steps: 946176 
                       Steps per second: 811 
                        Collection time: 2.347s 
                          Learning time: 0.177s 
                        Mean value loss: 205.2718
                    Mean surrogate loss: -0.0163
                      Mean entropy loss: -20.3228
                            Mean reward: 572.88
                    Mean episode length: 267.66
                        Mean action std: 0.10
  Episode_Reward/motion_global_root_pos: 0.0114
  Episode_Reward/motion_global_root_ori: 0.0130
         Episode_Reward/motion_body_pos: 0.0227
         Episode_Reward/motion_body_ori: 0.0202
     Episode_Reward/motion_body_lin_vel: 0.0253
     Episode_Reward/motion_body_ang_vel: 0.0238
          Episode_Reward/action_rate_l2: -0.0028
             Episode_Reward/joint_limit: -0.0000
         Episode_Reward/self_collisions: -0.0028
Episode_Reward/action_target_reference_l2: -0.0163
Episode_Reward/action_target_soft_limit_barrier: -0.0032
                   Episode_Reward/alive: 3.3803
 Episode_Reward/non_timeout_termination: -0.7229
Episode_Reward/worst_ee_z_normalized_squared: -0.0426
Episode_Reward/right_wrist_prethreshold_barrier: 0.0000
 Episode_Reward/requested_effort_excess: -0.0000
Episode_Reward/root_world_tracking_error: -0.0119
Episode_Reward/measured_joint_posture_l2: -0.0439
Episode_Reward/measured_feet_world_position_l2: -0.0254
Episode_Reward/original_task_position_l2: -0.0209
Episode_Reward/original_task_orientation_l2: -0.0109
        Metrics/motion/error_anchor_pos: 0.2816
        Metrics/motion/error_anchor_rot: 0.1719
    Metrics/motion/error_anchor_lin_vel: 0.5169
    Metrics/motion/error_anchor_ang_vel: 1.0007
          Metrics/motion/error_body_pos: 0.2901
          Metrics/motion/error_body_rot: 0.2841
         Metrics/motion/error_joint_pos: 1.0569
         Metrics/motion/error_joint_vel: 5.2479
        Metrics/motion/sampling_entropy: 0.0000
      Metrics/motion/sampling_top1_prob: 0.0000
       Metrics/motion/sampling_top1_bin: 0.0000
      Metrics/motion/error_body_lin_vel: 0.5739
      Metrics/motion/error_body_ang_vel: 1.6487
           Episode_Termination/time_out: 0.0000
         Episode_Termination/anchor_pos: 0.0000
         Episode_Termination/anchor_ori: 0.0000
        Episode_Termination/ee_body_pos: 0.0000
Episode_Termination/corpus_clip_time_out: 0.1667
Episode_Termination/invalid_native_model_actuation: 0.0000
Episode_Termination/world_root_tracking_failure: 1.1667
 Episode_Reward/world_potential_shaping: 0.0471
--------------------------------------------------------------------------------
                         Iteration time: 2.52s
                           Time elapsed: 00:20:40
                                    ETA: 00:01:42

################################################################################
[1m                           Learning iteration 462/500                           [0m 

                               Run name: original_core_920ms_fresh
                            Total steps: 948224 
                       Steps per second: 867 
                        Collection time: 2.194s 
                          Learning time: 0.165s 
                        Mean value loss: 332.7527
                    Mean surrogate loss: -0.0086
                      Mean entropy loss: -20.3228
                            Mean reward: 581.19
                    Mean episode length: 270.97
                        Mean action std: 0.10
  Episode_Reward/motion_global_root_pos: 0.0126
  Episode_Reward/motion_global_root_ori: 0.0142
         Episode_Reward/motion_body_pos: 0.0249
         Episode_Reward/motion_body_ori: 0.0226
     Episode_Reward/motion_body_lin_vel: 0.0276
     Episode_Reward/motion_body_ang_vel: 0.0261
          Episode_Reward/action_rate_l2: -0.0030
             Episode_Reward/joint_limit: -0.0000
         Episode_Reward/self_collisions: -0.0121
Episode_Reward/action_target_reference_l2: -0.0186
Episode_Reward/action_target_soft_limit_barrier: -0.0037
                   Episode_Reward/alive: 3.6509
 Episode_Reward/non_timeout_termination: -0.7655
Episode_Reward/worst_ee_z_normalized_squared: -0.0474
Episode_Reward/right_wrist_prethreshold_barrier: -0.0048
 Episode_Reward/requested_effort_excess: -0.0000
Episode_Reward/root_world_tracking_error: -0.0124
Episode_Reward/measured_joint_posture_l2: -0.0437
Episode_Reward/measured_feet_world_position_l2: -0.0272
Episode_Reward/original_task_position_l2: -0.0214
Episode_Reward/original_task_orientation_l2: -0.0152
        Metrics/motion/error_anchor_pos: 0.2723
        Metrics/motion/error_anchor_rot: 0.1616
    Metrics/motion/error_anchor_lin_vel: 0.4795
    Metrics/motion/error_anchor_ang_vel: 1.0617
          Metrics/motion/error_body_pos: 0.2755
          Metrics/motion/error_body_rot: 0.2868
         Metrics/motion/error_joint_pos: 1.0870
         Metrics/motion/error_joint_vel: 7.3271
        Metrics/motion/sampling_entropy: 0.0000
      Metrics/motion/sampling_top1_prob: 0.0000
       Metrics/motion/sampling_top1_bin: 0.0000
      Metrics/motion/error_body_lin_vel: 0.5742
      Metrics/motion/error_body_ang_vel: 1.8349
           Episode_Termination/time_out: 0.0000
         Episode_Termination/anchor_pos: 0.0000
         Episode_Termination/anchor_ori: 0.0000
        Episode_Termination/ee_body_pos: 0.1667
Episode_Termination/corpus_clip_time_out: 0.0000
Episode_Termination/invalid_native_model_actuation: 0.0000
Episode_Termination/world_root_tracking_failure: 0.8333
 Episode_Reward/world_potential_shaping: 0.0513
--------------------------------------------------------------------------------
                         Iteration time: 2.36s
                           Time elapsed: 00:20:43
                                    ETA: 00:01:39

################################################################################
[1m                           Learning iteration 463/500                           [0m 

                               Run name: original_core_920ms_fresh
                            Total steps: 950272 
                       Steps per second: 853 
                        Collection time: 2.193s 
                          Learning time: 0.207s 
                        Mean value loss: 243.7668
                    Mean surrogate loss: -0.0163
                      Mean entropy loss: -20.3228
                            Mean reward: 589.80
                    Mean episode length: 274.38
                        Mean action std: 0.10
  Episode_Reward/motion_global_root_pos: 0.0064
  Episode_Reward/motion_global_root_ori: 0.0073
         Episode_Reward/motion_body_pos: 0.0126
         Episode_Reward/motion_body_ori: 0.0117
     Episode_Reward/motion_body_lin_vel: 0.0138
     Episode_Reward/motion_body_ang_vel: 0.0132
          Episode_Reward/action_rate_l2: -0.0016
             Episode_Reward/joint_limit: -0.0001
         Episode_Reward/self_collisions: -0.0014
Episode_Reward/action_target_reference_l2: -0.0088
Episode_Reward/action_target_soft_limit_barrier: -0.0021
                   Episode_Reward/alive: 1.8740
 Episode_Reward/non_timeout_termination: -0.7655
Episode_Reward/worst_ee_z_normalized_squared: -0.0184
Episode_Reward/right_wrist_prethreshold_barrier: -0.0008
 Episode_Reward/requested_effort_excess: -0.0000
Episode_Reward/root_world_tracking_error: -0.0076
Episode_Reward/measured_joint_posture_l2: -0.0245
Episode_Reward/measured_feet_world_position_l2: -0.0141
Episode_Reward/original_task_position_l2: -0.0110
Episode_Reward/original_task_orientation_l2: -0.0071
        Metrics/motion/error_anchor_pos: 0.2836
        Metrics/motion/error_anchor_rot: 0.1042
    Metrics/motion/error_anchor_lin_vel: 0.6666
    Metrics/motion/error_anchor_ang_vel: 1.1921
          Metrics/motion/error_body_pos: 0.3011
          Metrics/motion/error_body_rot: 0.2167
         Metrics/motion/error_joint_pos: 0.8457
         Metrics/motion/error_joint_vel: 5.1342
        Metrics/motion/sampling_entropy: 0.0000
      Metrics/motion/sampling_top1_prob: 0.0000
       Metrics/motion/sampling_top1_bin: 0.0000
      Metrics/motion/error_body_lin_vel: 0.6391
      Metrics/motion/error_body_ang_vel: 1.6204
           Episode_Termination/time_out: 0.0000
         Episode_Termination/anchor_pos: 0.0000
         Episode_Termination/anchor_ori: 0.0000
        Episode_Termination/ee_body_pos: 0.0000
Episode_Termination/corpus_clip_time_out: 0.0000
Episode_Termination/invalid_native_model_actuation: 0.0000
Episode_Termination/world_root_tracking_failure: 1.3333
 Episode_Reward/world_potential_shaping: 0.0331
--------------------------------------------------------------------------------
                         Iteration time: 2.40s
                           Time elapsed: 00:20:45
                                    ETA: 00:01:36

################################################################################
[1m                           Learning iteration 464/500                           [0m 

                               Run name: original_core_920ms_fresh
                            Total steps: 952320 
                       Steps per second: 826 
                        Collection time: 2.292s 
                          Learning time: 0.185s 
                        Mean value loss: 308.7190
                    Mean surrogate loss: -0.0123
                      Mean entropy loss: -20.3228
                            Mean reward: 612.87
                    Mean episode length: 282.12
                        Mean action std: 0.10
--------------------------------------------------------------------------------
                         Iteration time: 2.48s
                           Time elapsed: 00:20:48
                                    ETA: 00:01:33

################################################################################
[1m                           Learning iteration 465/500                           [0m 

                               Run name: original_core_920ms_fresh
                            Total steps: 954368 
                       Steps per second: 844 
                        Collection time: 2.237s 
                          Learning time: 0.188s 
                        Mean value loss: 437.8613
                    Mean surrogate loss: -0.0088
                      Mean entropy loss: -20.3228
                            Mean reward: 579.50
                    Mean episode length: 269.80
                        Mean action std: 0.10
--------------------------------------------------------------------------------
                         Iteration time: 2.42s
                           Time elapsed: 00:20:50
                                    ETA: 00:01:31

################################################################################
[1m                           Learning iteration 466/500                           [0m 

                               Run name: original_core_920ms_fresh
                            Total steps: 956416 
                       Steps per second: 895 
                        Collection time: 2.113s 
                          Learning time: 0.175s 
                        Mean value loss: 223.7635
                    Mean surrogate loss: -0.0121
                      Mean entropy loss: -20.3228
                            Mean reward: 549.79
                    Mean episode length: 257.05
                        Mean action std: 0.10
  Episode_Reward/motion_global_root_pos: 0.0138
  Episode_Reward/motion_global_root_ori: 0.0175
         Episode_Reward/motion_body_pos: 0.0274
         Episode_Reward/motion_body_ori: 0.0287
     Episode_Reward/motion_body_lin_vel: 0.0351
     Episode_Reward/motion_body_ang_vel: 0.0333
          Episode_Reward/action_rate_l2: -0.0034
             Episode_Reward/joint_limit: -0.0007
         Episode_Reward/self_collisions: -0.0061
Episode_Reward/action_target_reference_l2: -0.0217
Episode_Reward/action_target_soft_limit_barrier: -0.0032
                   Episode_Reward/alive: 4.4412
 Episode_Reward/non_timeout_termination: -0.6124
Episode_Reward/worst_ee_z_normalized_squared: -0.0760
Episode_Reward/right_wrist_prethreshold_barrier: -0.0130
 Episode_Reward/requested_effort_excess: -0.0000
Episode_Reward/root_world_tracking_error: -0.0166
Episode_Reward/measured_joint_posture_l2: -0.0515
Episode_Reward/measured_feet_world_position_l2: -0.0325
Episode_Reward/original_task_position_l2: -0.0282
Episode_Reward/original_task_orientation_l2: -0.0174
        Metrics/motion/error_anchor_pos: 0.2908
        Metrics/motion/error_anchor_rot: 0.1330
    Metrics/motion/error_anchor_lin_vel: 0.4687
    Metrics/motion/error_anchor_ang_vel: 0.6531
          Metrics/motion/error_body_pos: 0.2865
          Metrics/motion/error_body_rot: 0.2924
         Metrics/motion/error_joint_pos: 1.1397
         Metrics/motion/error_joint_vel: 4.8080
        Metrics/motion/sampling_entropy: 0.0000
      Metrics/motion/sampling_top1_prob: 0.0000
       Metrics/motion/sampling_top1_bin: 0.0000
      Metrics/motion/error_body_lin_vel: 0.4806
      Metrics/motion/error_body_ang_vel: 1.3273
           Episode_Termination/time_out: 0.0000
         Episode_Termination/anchor_pos: 0.0000
         Episode_Termination/anchor_ori: 0.0000
        Episode_Termination/ee_body_pos: 0.0000
Episode_Termination/corpus_clip_time_out: 0.4000
Episode_Termination/invalid_native_model_actuation: 0.0000
Episode_Termination/world_root_tracking_failure: 1.4000
 Episode_Reward/world_potential_shaping: 0.0576
--------------------------------------------------------------------------------
                         Iteration time: 2.29s
                           Time elapsed: 00:20:52
                                    ETA: 00:01:28

################################################################################
[1m                           Learning iteration 467/500                           [0m 

                               Run name: original_core_920ms_fresh
                            Total steps: 958464 
                       Steps per second: 906 
                        Collection time: 2.079s 
                          Learning time: 0.180s 
                        Mean value loss: 229.6804
                    Mean surrogate loss: -0.0040
                      Mean entropy loss: -20.3228
                            Mean reward: 559.71
                    Mean episode length: 260.35
                        Mean action std: 0.10
--------------------------------------------------------------------------------
                         Iteration time: 2.26s
                           Time elapsed: 00:20:55
                                    ETA: 00:01:25

################################################################################
[1m                           Learning iteration 468/500                           [0m 

                               Run name: original_core_920ms_fresh
                            Total steps: 960512 
                       Steps per second: 899 
                        Collection time: 2.116s 
                          Learning time: 0.161s 
                        Mean value loss: 406.0899
                    Mean surrogate loss: -0.0077
                      Mean entropy loss: -20.3228
                            Mean reward: 585.65
                    Mean episode length: 269.94
                        Mean action std: 0.10
  Episode_Reward/motion_global_root_pos: 0.0299
  Episode_Reward/motion_global_root_ori: 0.0331
         Episode_Reward/motion_body_pos: 0.0595
         Episode_Reward/motion_body_ori: 0.0551
     Episode_Reward/motion_body_lin_vel: 0.0700
     Episode_Reward/motion_body_ang_vel: 0.0658
          Episode_Reward/action_rate_l2: -0.0062
             Episode_Reward/joint_limit: -0.0003
         Episode_Reward/self_collisions: -0.0029
Episode_Reward/action_target_reference_l2: -0.0391
Episode_Reward/action_target_soft_limit_barrier: -0.0034
                   Episode_Reward/alive: 8.5198
 Episode_Reward/non_timeout_termination: -0.5103
Episode_Reward/worst_ee_z_normalized_squared: -0.1234
Episode_Reward/right_wrist_prethreshold_barrier: -0.0057
 Episode_Reward/requested_effort_excess: 0.0000
Episode_Reward/root_world_tracking_error: -0.0202
Episode_Reward/measured_joint_posture_l2: -0.0878
Episode_Reward/measured_feet_world_position_l2: -0.0605
Episode_Reward/original_task_position_l2: -0.0456
Episode_Reward/original_task_orientation_l2: -0.0318
        Metrics/motion/error_anchor_pos: 0.2621
        Metrics/motion/error_anchor_rot: 0.1771
    Metrics/motion/error_anchor_lin_vel: 0.3448
    Metrics/motion/error_anchor_ang_vel: 0.5545
          Metrics/motion/error_body_pos: 0.2630
          Metrics/motion/error_body_rot: 0.3136
         Metrics/motion/error_joint_pos: 1.1014
         Metrics/motion/error_joint_vel: 4.7443
        Metrics/motion/sampling_entropy: 0.0000
      Metrics/motion/sampling_top1_prob: 0.0000
       Metrics/motion/sampling_top1_bin: 0.0000
      Metrics/motion/error_body_lin_vel: 0.3973
      Metrics/motion/error_body_ang_vel: 1.0172
           Episode_Termination/time_out: 0.0000
         Episode_Termination/anchor_pos: 0.0000
         Episode_Termination/anchor_ori: 0.0000
        Episode_Termination/ee_body_pos: 0.0000
Episode_Termination/corpus_clip_time_out: 0.3333
Episode_Termination/invalid_native_model_actuation: 0.0000
Episode_Termination/world_root_tracking_failure: 0.6667
 Episode_Reward/world_potential_shaping: 0.0849
--------------------------------------------------------------------------------
                         Iteration time: 2.28s
                           Time elapsed: 00:20:57
                                    ETA: 00:01:23

################################################################################
[1m                           Learning iteration 469/500                           [0m 

                               Run name: original_core_920ms_fresh
                            Total steps: 962560 
                       Steps per second: 894 
                        Collection time: 2.117s 
                          Learning time: 0.172s 
                        Mean value loss: 270.2921
                    Mean surrogate loss: -0.0115
                      Mean entropy loss: -20.3228
                            Mean reward: 579.37
                    Mean episode length: 267.42
                        Mean action std: 0.10
  Episode_Reward/motion_global_root_pos: 0.0042
  Episode_Reward/motion_global_root_ori: 0.0048
         Episode_Reward/motion_body_pos: 0.0085
         Episode_Reward/motion_body_ori: 0.0078
     Episode_Reward/motion_body_lin_vel: 0.0084
     Episode_Reward/motion_body_ang_vel: 0.0082
          Episode_Reward/action_rate_l2: -0.0012
             Episode_Reward/joint_limit: 0.0000
         Episode_Reward/self_collisions: -0.0006
Episode_Reward/action_target_reference_l2: -0.0066
Episode_Reward/action_target_soft_limit_barrier: -0.0016
                   Episode_Reward/alive: 1.2827
 Episode_Reward/non_timeout_termination: -0.7655
Episode_Reward/worst_ee_z_normalized_squared: -0.0139
Episode_Reward/right_wrist_prethreshold_barrier: 0.0000
 Episode_Reward/requested_effort_excess: 0.0000
Episode_Reward/root_world_tracking_error: -0.0079
Episode_Reward/measured_joint_posture_l2: -0.0185
Episode_Reward/measured_feet_world_position_l2: -0.0097
Episode_Reward/original_task_position_l2: -0.0081
Episode_Reward/original_task_orientation_l2: -0.0048
        Metrics/motion/error_anchor_pos: 0.2846
        Metrics/motion/error_anchor_rot: 0.1964
    Metrics/motion/error_anchor_lin_vel: 0.5928
    Metrics/motion/error_anchor_ang_vel: 0.9771
          Metrics/motion/error_body_pos: 0.2853
          Metrics/motion/error_body_rot: 0.3245
         Metrics/motion/error_joint_pos: 1.1419
         Metrics/motion/error_joint_vel: 4.8624
        Metrics/motion/sampling_entropy: 0.0000
      Metrics/motion/sampling_top1_prob: 0.0000
       Metrics/motion/sampling_top1_bin: 0.0000
      Metrics/motion/error_body_lin_vel: 0.6038
      Metrics/motion/error_body_ang_vel: 1.6073
           Episode_Termination/time_out: 0.0000
         Episode_Termination/anchor_pos: 0.0000
         Episode_Termination/anchor_ori: 0.0000
        Episode_Termination/ee_body_pos: 0.0000
Episode_Termination/corpus_clip_time_out: 0.0000
Episode_Termination/invalid_native_model_actuation: 0.0000
Episode_Termination/world_root_tracking_failure: 1.0000
 Episode_Reward/world_potential_shaping: 0.0281
--------------------------------------------------------------------------------
                         Iteration time: 2.29s
                           Time elapsed: 00:20:59
                                    ETA: 00:01:20

################################################################################
[1m                           Learning iteration 470/500                           [0m 

                               Run name: original_core_920ms_fresh
                            Total steps: 964608 
                       Steps per second: 835 
                        Collection time: 2.269s 
                          Learning time: 0.183s 
                        Mean value loss: 429.3287
                    Mean surrogate loss: -0.0133
                      Mean entropy loss: -20.3228
                            Mean reward: 553.51
                    Mean episode length: 257.78
                        Mean action std: 0.10
  Episode_Reward/motion_global_root_pos: 0.0147
  Episode_Reward/motion_global_root_ori: 0.0164
         Episode_Reward/motion_body_pos: 0.0291
         Episode_Reward/motion_body_ori: 0.0261
     Episode_Reward/motion_body_lin_vel: 0.0316
     Episode_Reward/motion_body_ang_vel: 0.0279
          Episode_Reward/action_rate_l2: -0.0041
             Episode_Reward/joint_limit: -0.0008
         Episode_Reward/self_collisions: -0.0010
Episode_Reward/action_target_reference_l2: -0.0240
Episode_Reward/action_target_soft_limit_barrier: -0.0042
                   Episode_Reward/alive: 4.3855
 Episode_Reward/non_timeout_termination: -0.7655
Episode_Reward/worst_ee_z_normalized_squared: -0.0748
Episode_Reward/right_wrist_prethreshold_barrier: -0.0048
 Episode_Reward/requested_effort_excess: -0.0000
Episode_Reward/root_world_tracking_error: -0.0170
Episode_Reward/measured_joint_posture_l2: -0.0587
Episode_Reward/measured_feet_world_position_l2: -0.0340
Episode_Reward/original_task_position_l2: -0.0272
Episode_Reward/original_task_orientation_l2: -0.0194
        Metrics/motion/error_anchor_pos: 0.2831
        Metrics/motion/error_anchor_rot: 0.1900
    Metrics/motion/error_anchor_lin_vel: 0.7339
    Metrics/motion/error_anchor_ang_vel: 1.4045
          Metrics/motion/error_body_pos: 0.2920
          Metrics/motion/error_body_rot: 0.3648
         Metrics/motion/error_joint_pos: 1.1805
         Metrics/motion/error_joint_vel: 6.3153
        Metrics/motion/sampling_entropy: 0.0000
      Metrics/motion/sampling_top1_prob: 0.0000
       Metrics/motion/sampling_top1_bin: 0.0000
      Metrics/motion/error_body_lin_vel: 0.7597
      Metrics/motion/error_body_ang_vel: 2.1131
           Episode_Termination/time_out: 0.0000
         Episode_Termination/anchor_pos: 0.0000
         Episode_Termination/anchor_ori: 0.0000
        Episode_Termination/ee_body_pos: 0.0000
Episode_Termination/corpus_clip_time_out: 0.0000
Episode_Termination/invalid_native_model_actuation: 0.0000
Episode_Termination/world_root_tracking_failure: 2.3333
 Episode_Reward/world_potential_shaping: 0.0649
--------------------------------------------------------------------------------
                         Iteration time: 2.45s
                           Time elapsed: 00:21:02
                                    ETA: 00:01:17

################################################################################
[1m                           Learning iteration 471/500                           [0m 

                               Run name: original_core_920ms_fresh
                            Total steps: 966656 
                       Steps per second: 871 
                        Collection time: 2.186s 
                          Learning time: 0.163s 
                        Mean value loss: 233.7601
                    Mean surrogate loss: -0.0112
                      Mean entropy loss: -20.3228
                            Mean reward: 542.17
                    Mean episode length: 253.96
                        Mean action std: 0.10
  Episode_Reward/motion_global_root_pos: 0.0131
  Episode_Reward/motion_global_root_ori: 0.0175
         Episode_Reward/motion_body_pos: 0.0252
         Episode_Reward/motion_body_ori: 0.0297
     Episode_Reward/motion_body_lin_vel: 0.0357
     Episode_Reward/motion_body_ang_vel: 0.0330
          Episode_Reward/action_rate_l2: -0.0035
             Episode_Reward/joint_limit: -0.0010
         Episode_Reward/self_collisions: -0.0021
Episode_Reward/action_target_reference_l2: -0.0203
Episode_Reward/action_target_soft_limit_barrier: -0.0028
                   Episode_Reward/alive: 4.4606
 Episode_Reward/non_timeout_termination: -0.6124
Episode_Reward/worst_ee_z_normalized_squared: -0.0670
Episode_Reward/right_wrist_prethreshold_barrier: -0.0006
 Episode_Reward/requested_effort_excess: -0.0000
Episode_Reward/root_world_tracking_error: -0.0171
Episode_Reward/measured_joint_posture_l2: -0.0492
Episode_Reward/measured_feet_world_position_l2: -0.0352
Episode_Reward/original_task_position_l2: -0.0291
Episode_Reward/original_task_orientation_l2: -0.0165
        Metrics/motion/error_anchor_pos: 0.2793
        Metrics/motion/error_anchor_rot: 0.1463
    Metrics/motion/error_anchor_lin_vel: 0.3924
    Metrics/motion/error_anchor_ang_vel: 1.0966
          Metrics/motion/error_body_pos: 0.2860
          Metrics/motion/error_body_rot: 0.2497
         Metrics/motion/error_joint_pos: 1.0312
         Metrics/motion/error_joint_vel: 5.3145
        Metrics/motion/sampling_entropy: 0.0000
      Metrics/motion/sampling_top1_prob: 0.0000
       Metrics/motion/sampling_top1_bin: 0.0000
      Metrics/motion/error_body_lin_vel: 0.4417
      Metrics/motion/error_body_ang_vel: 1.5459
           Episode_Termination/time_out: 0.0000
         Episode_Termination/anchor_pos: 0.0000
         Episode_Termination/anchor_ori: 0.0000
        Episode_Termination/ee_body_pos: 0.0000
Episode_Termination/corpus_clip_time_out: 0.2000
Episode_Termination/invalid_native_model_actuation: 0.0000
Episode_Termination/world_root_tracking_failure: 1.0000
 Episode_Reward/world_potential_shaping: 0.0638
--------------------------------------------------------------------------------
                         Iteration time: 2.35s
                           Time elapsed: 00:21:04
                                    ETA: 00:01:15

################################################################################
[1m                           Learning iteration 472/500                           [0m 

                               Run name: original_core_920ms_fresh
                            Total steps: 968704 
                       Steps per second: 759 
                        Collection time: 2.537s 
                          Learning time: 0.160s 
                        Mean value loss: 472.4656
                    Mean surrogate loss: -0.0054
                      Mean entropy loss: -20.3228
                            Mean reward: 569.91
                    Mean episode length: 263.30
                        Mean action std: 0.10
  Episode_Reward/motion_global_root_pos: 0.0304
  Episode_Reward/motion_global_root_ori: 0.0362
         Episode_Reward/motion_body_pos: 0.0607
         Episode_Reward/motion_body_ori: 0.0629
     Episode_Reward/motion_body_lin_vel: 0.0750
     Episode_Reward/motion_body_ang_vel: 0.0715
          Episode_Reward/action_rate_l2: -0.0065
             Episode_Reward/joint_limit: -0.0012
         Episode_Reward/self_collisions: -0.0028
Episode_Reward/action_target_reference_l2: -0.0400
Episode_Reward/action_target_soft_limit_barrier: -0.0045
                   Episode_Reward/alive: 9.1545
 Episode_Reward/non_timeout_termination: -0.5741
Episode_Reward/worst_ee_z_normalized_squared: -0.1812
Episode_Reward/right_wrist_prethreshold_barrier: -0.0083
 Episode_Reward/requested_effort_excess: -0.0000
Episode_Reward/root_world_tracking_error: -0.0258
Episode_Reward/measured_joint_posture_l2: -0.0912
Episode_Reward/measured_feet_world_position_l2: -0.0646
Episode_Reward/original_task_position_l2: -0.0556
Episode_Reward/original_task_orientation_l2: -0.0327
        Metrics/motion/error_anchor_pos: 0.2566
        Metrics/motion/error_anchor_rot: 0.1324
    Metrics/motion/error_anchor_lin_vel: 0.3609
    Metrics/motion/error_anchor_ang_vel: 0.9065
          Metrics/motion/error_body_pos: 0.2579
          Metrics/motion/error_body_rot: 0.2266
         Metrics/motion/error_joint_pos: 0.8728
         Metrics/motion/error_joint_vel: 3.8092
        Metrics/motion/sampling_entropy: 0.0000
      Metrics/motion/sampling_top1_prob: 0.0000
       Metrics/motion/sampling_top1_bin: 0.0000
      Metrics/motion/error_body_lin_vel: 0.3627
      Metrics/motion/error_body_ang_vel: 1.1714
           Episode_Termination/time_out: 0.0000
         Episode_Termination/anchor_pos: 0.0000
         Episode_Termination/anchor_ori: 0.0000
        Episode_Termination/ee_body_pos: 0.0000
Episode_Termination/corpus_clip_time_out: 0.2500
Episode_Termination/invalid_native_model_actuation: 0.0000
Episode_Termination/world_root_tracking_failure: 1.0000
 Episode_Reward/world_potential_shaping: 0.1030
--------------------------------------------------------------------------------
                         Iteration time: 2.70s
                           Time elapsed: 00:21:07
                                    ETA: 00:01:12

################################################################################
[1m                           Learning iteration 473/500                           [0m 

                               Run name: original_core_920ms_fresh
                            Total steps: 970752 
                       Steps per second: 821 
                        Collection time: 2.311s 
                          Learning time: 0.181s 
                        Mean value loss: 587.9234
                    Mean surrogate loss: -0.0102
                      Mean entropy loss: -20.3228
                            Mean reward: 520.11
                    Mean episode length: 242.36
                        Mean action std: 0.10
  Episode_Reward/motion_global_root_pos: 0.0119
  Episode_Reward/motion_global_root_ori: 0.0127
         Episode_Reward/motion_body_pos: 0.0239
         Episode_Reward/motion_body_ori: 0.0196
     Episode_Reward/motion_body_lin_vel: 0.0255
     Episode_Reward/motion_body_ang_vel: 0.0231
          Episode_Reward/action_rate_l2: -0.0027
             Episode_Reward/joint_limit: -0.0016
         Episode_Reward/self_collisions: -0.0043
Episode_Reward/action_target_reference_l2: -0.0167
Episode_Reward/action_target_soft_limit_barrier: -0.0029
                   Episode_Reward/alive: 3.2924
 Episode_Reward/non_timeout_termination: -0.7655
Episode_Reward/worst_ee_z_normalized_squared: -0.0521
Episode_Reward/right_wrist_prethreshold_barrier: -0.0065
 Episode_Reward/requested_effort_excess: 0.0000
Episode_Reward/root_world_tracking_error: -0.0089
Episode_Reward/measured_joint_posture_l2: -0.0411
Episode_Reward/measured_feet_world_position_l2: -0.0230
Episode_Reward/original_task_position_l2: -0.0177
Episode_Reward/original_task_orientation_l2: -0.0145
        Metrics/motion/error_anchor_pos: 0.2865
        Metrics/motion/error_anchor_rot: 0.1603
    Metrics/motion/error_anchor_lin_vel: 0.4622
    Metrics/motion/error_anchor_ang_vel: 0.9163
          Metrics/motion/error_body_pos: 0.2835
          Metrics/motion/error_body_rot: 0.3105
         Metrics/motion/error_joint_pos: 1.1430
         Metrics/motion/error_joint_vel: 5.9561
        Metrics/motion/sampling_entropy: 0.0000
      Metrics/motion/sampling_top1_prob: 0.0000
       Metrics/motion/sampling_top1_bin: 0.0000
      Metrics/motion/error_body_lin_vel: 0.4914
      Metrics/motion/error_body_ang_vel: 1.6926
           Episode_Termination/time_out: 0.0000
         Episode_Termination/anchor_pos: 0.0000
         Episode_Termination/anchor_ori: 0.0000
        Episode_Termination/ee_body_pos: 0.1111
Episode_Termination/corpus_clip_time_out: 0.0000
Episode_Termination/invalid_native_model_actuation: 0.0000
Episode_Termination/world_root_tracking_failure: 1.2222
 Episode_Reward/world_potential_shaping: 0.0431
--------------------------------------------------------------------------------
                         Iteration time: 2.49s
                           Time elapsed: 00:21:09
                                    ETA: 00:01:09

################################################################################
[1m                           Learning iteration 474/500                           [0m 

                               Run name: original_core_920ms_fresh
                            Total steps: 972800 
                       Steps per second: 815 
                        Collection time: 2.342s 
                          Learning time: 0.170s 
                        Mean value loss: 466.2009
                    Mean surrogate loss: -0.0103
                      Mean entropy loss: -20.3228
                            Mean reward: 508.92
                    Mean episode length: 238.04
                        Mean action std: 0.10
--------------------------------------------------------------------------------
                         Iteration time: 2.51s
                           Time elapsed: 00:21:12
                                    ETA: 00:01:06

################################################################################
[1m                           Learning iteration 475/500                           [0m 

                               Run name: original_core_920ms_fresh
                            Total steps: 974848 
                       Steps per second: 772 
                        Collection time: 2.487s 
                          Learning time: 0.166s 
                        Mean value loss: 257.3821
                    Mean surrogate loss: -0.0127
                      Mean entropy loss: -20.3228
                            Mean reward: 519.82
                    Mean episode length: 242.32
                        Mean action std: 0.10
  Episode_Reward/motion_global_root_pos: 0.0094
  Episode_Reward/motion_global_root_ori: 0.0119
         Episode_Reward/motion_body_pos: 0.0189
         Episode_Reward/motion_body_ori: 0.0192
     Episode_Reward/motion_body_lin_vel: 0.0239
     Episode_Reward/motion_body_ang_vel: 0.0223
          Episode_Reward/action_rate_l2: -0.0024
             Episode_Reward/joint_limit: -0.0001
         Episode_Reward/self_collisions: -0.0065
Episode_Reward/action_target_reference_l2: -0.0148
Episode_Reward/action_target_soft_limit_barrier: -0.0023
                   Episode_Reward/alive: 3.0310
 Episode_Reward/non_timeout_termination: -0.7655
Episode_Reward/worst_ee_z_normalized_squared: -0.0474
Episode_Reward/right_wrist_prethreshold_barrier: -0.0059
 Episode_Reward/requested_effort_excess: -0.0000
Episode_Reward/root_world_tracking_error: -0.0122
Episode_Reward/measured_joint_posture_l2: -0.0368
Episode_Reward/measured_feet_world_position_l2: -0.0218
Episode_Reward/original_task_position_l2: -0.0187
Episode_Reward/original_task_orientation_l2: -0.0119
        Metrics/motion/error_anchor_pos: 0.2841
        Metrics/motion/error_anchor_rot: 0.1328
    Metrics/motion/error_anchor_lin_vel: 0.5433
    Metrics/motion/error_anchor_ang_vel: 0.9379
          Metrics/motion/error_body_pos: 0.2834
          Metrics/motion/error_body_rot: 0.2604
         Metrics/motion/error_joint_pos: 0.9411
         Metrics/motion/error_joint_vel: 5.1364
        Metrics/motion/sampling_entropy: 0.0000
      Metrics/motion/sampling_top1_prob: 0.0000
       Metrics/motion/sampling_top1_bin: 0.0000
      Metrics/motion/error_body_lin_vel: 0.5552
      Metrics/motion/error_body_ang_vel: 1.4664
           Episode_Termination/time_out: 0.0000
         Episode_Termination/anchor_pos: 0.0000
         Episode_Termination/anchor_ori: 0.0000
        Episode_Termination/ee_body_pos: 0.1429
Episode_Termination/corpus_clip_time_out: 0.0000
Episode_Termination/invalid_native_model_actuation: 0.0000
Episode_Termination/world_root_tracking_failure: 1.0000
 Episode_Reward/world_potential_shaping: 0.0449
--------------------------------------------------------------------------------
                         Iteration time: 2.65s
                           Time elapsed: 00:21:14
                                    ETA: 00:01:04

################################################################################
[1m                           Learning iteration 476/500                           [0m 

                               Run name: original_core_920ms_fresh
                            Total steps: 976896 
                       Steps per second: 375 
                        Collection time: 5.296s 
                          Learning time: 0.165s 
                        Mean value loss: 771.3549
                    Mean surrogate loss: -0.0140
                      Mean entropy loss: -20.3228
                            Mean reward: 546.49
                    Mean episode length: 252.96
                        Mean action std: 0.10
--------------------------------------------------------------------------------
                         Iteration time: 5.46s
                           Time elapsed: 00:21:20
                                    ETA: 00:01:01

################################################################################
[1m                           Learning iteration 477/500                           [0m 

                               Run name: original_core_920ms_fresh
                            Total steps: 978944 
                       Steps per second: 884 
                        Collection time: 2.156s 
                          Learning time: 0.160s 
                        Mean value loss: 274.3420
                    Mean surrogate loss: -0.0108
                      Mean entropy loss: -20.3228
                            Mean reward: 568.97
                    Mean episode length: 263.44
                        Mean action std: 0.10
  Episode_Reward/motion_global_root_pos: 0.0201
  Episode_Reward/motion_global_root_ori: 0.0231
         Episode_Reward/motion_body_pos: 0.0402
         Episode_Reward/motion_body_ori: 0.0378
     Episode_Reward/motion_body_lin_vel: 0.0470
     Episode_Reward/motion_body_ang_vel: 0.0434
          Episode_Reward/action_rate_l2: -0.0047
             Episode_Reward/joint_limit: -0.0012
         Episode_Reward/self_collisions: -0.0081
Episode_Reward/action_target_reference_l2: -0.0289
Episode_Reward/action_target_soft_limit_barrier: -0.0038
                   Episode_Reward/alive: 5.9288
 Episode_Reward/non_timeout_termination: -0.6698
Episode_Reward/worst_ee_z_normalized_squared: -0.1160
Episode_Reward/right_wrist_prethreshold_barrier: -0.0146
 Episode_Reward/requested_effort_excess: -0.0000
Episode_Reward/root_world_tracking_error: -0.0173
Episode_Reward/measured_joint_posture_l2: -0.0630
Episode_Reward/measured_feet_world_position_l2: -0.0443
Episode_Reward/original_task_position_l2: -0.0371
Episode_Reward/original_task_orientation_l2: -0.0255
        Metrics/motion/error_anchor_pos: 0.2695
        Metrics/motion/error_anchor_rot: 0.1417
    Metrics/motion/error_anchor_lin_vel: 0.4927
    Metrics/motion/error_anchor_ang_vel: 0.9092
          Metrics/motion/error_body_pos: 0.2717
          Metrics/motion/error_body_rot: 0.2848
         Metrics/motion/error_joint_pos: 1.0436
         Metrics/motion/error_joint_vel: 5.0656
        Metrics/motion/sampling_entropy: 0.0000
      Metrics/motion/sampling_top1_prob: 0.0000
       Metrics/motion/sampling_top1_bin: 0.0000
      Metrics/motion/error_body_lin_vel: 0.5346
      Metrics/motion/error_body_ang_vel: 1.6082
           Episode_Termination/time_out: 0.0000
         Episode_Termination/anchor_pos: 0.0000
         Episode_Termination/anchor_ori: 0.0000
        Episode_Termination/ee_body_pos: 0.0000
Episode_Termination/corpus_clip_time_out: 0.1250
Episode_Termination/invalid_native_model_actuation: 0.0000
Episode_Termination/world_root_tracking_failure: 1.2500
 Episode_Reward/world_potential_shaping: 0.0744
--------------------------------------------------------------------------------
                         Iteration time: 2.32s
                           Time elapsed: 00:21:22
                                    ETA: 00:00:59

################################################################################
[1m                           Learning iteration 478/500                           [0m 

                               Run name: original_core_920ms_fresh
                            Total steps: 980992 
                       Steps per second: 899 
                        Collection time: 2.109s 
                          Learning time: 0.167s 
                        Mean value loss: 702.3647
                    Mean surrogate loss: -0.0069
                      Mean entropy loss: -20.3228
                            Mean reward: 559.34
                    Mean episode length: 259.76
                        Mean action std: 0.10
--------------------------------------------------------------------------------
                         Iteration time: 2.28s
                           Time elapsed: 00:21:24
                                    ETA: 00:00:56

################################################################################
[1m                           Learning iteration 479/500                           [0m 

                               Run name: original_core_920ms_fresh
                            Total steps: 983040 
                       Steps per second: 869 
                        Collection time: 2.192s 
                          Learning time: 0.163s 
                        Mean value loss: 570.8733
                    Mean surrogate loss: -0.0057
                      Mean entropy loss: -20.3228
                            Mean reward: 581.03
                    Mean episode length: 268.82
                        Mean action std: 0.10
  Episode_Reward/motion_global_root_pos: 0.0230
  Episode_Reward/motion_global_root_ori: 0.0267
         Episode_Reward/motion_body_pos: 0.0453
         Episode_Reward/motion_body_ori: 0.0462
     Episode_Reward/motion_body_lin_vel: 0.0542
     Episode_Reward/motion_body_ang_vel: 0.0512
          Episode_Reward/action_rate_l2: -0.0050
             Episode_Reward/joint_limit: -0.0015
         Episode_Reward/self_collisions: -0.0113
Episode_Reward/action_target_reference_l2: -0.0314
Episode_Reward/action_target_soft_limit_barrier: -0.0046
                   Episode_Reward/alive: 6.7168
 Episode_Reward/non_timeout_termination: -0.7655
Episode_Reward/worst_ee_z_normalized_squared: -0.1400
Episode_Reward/right_wrist_prethreshold_barrier: -0.0093
 Episode_Reward/requested_effort_excess: 0.0000
Episode_Reward/root_world_tracking_error: -0.0185
Episode_Reward/measured_joint_posture_l2: -0.0689
Episode_Reward/measured_feet_world_position_l2: -0.0501
Episode_Reward/original_task_position_l2: -0.0398
Episode_Reward/original_task_orientation_l2: -0.0254
        Metrics/motion/error_anchor_pos: 0.2652
        Metrics/motion/error_anchor_rot: 0.1259
    Metrics/motion/error_anchor_lin_vel: 0.4135
    Metrics/motion/error_anchor_ang_vel: 0.9066
          Metrics/motion/error_body_pos: 0.2689
          Metrics/motion/error_body_rot: 0.2292
         Metrics/motion/error_joint_pos: 0.7782
         Metrics/motion/error_joint_vel: 5.5053
        Metrics/motion/sampling_entropy: 0.0000
      Metrics/motion/sampling_top1_prob: 0.0000
       Metrics/motion/sampling_top1_bin: 0.0000
      Metrics/motion/error_body_lin_vel: 0.4663
      Metrics/motion/error_body_ang_vel: 1.5622
           Episode_Termination/time_out: 0.0000
         Episode_Termination/anchor_pos: 0.0000
         Episode_Termination/anchor_ori: 0.0000
        Episode_Termination/ee_body_pos: 0.1429
Episode_Termination/corpus_clip_time_out: 0.0000
Episode_Termination/invalid_native_model_actuation: 0.0000
Episode_Termination/world_root_tracking_failure: 1.1429
 Episode_Reward/world_potential_shaping: 0.0840
--------------------------------------------------------------------------------
                         Iteration time: 2.35s
                           Time elapsed: 00:21:27
                                    ETA: 00:00:53

################################################################################
[1m                           Learning iteration 480/500                           [0m 

                               Run name: original_core_920ms_fresh
                            Total steps: 985088 
                       Steps per second: 901 
                        Collection time: 2.086s 
                          Learning time: 0.186s 
                        Mean value loss: 391.5135
                    Mean surrogate loss: -0.0080
                      Mean entropy loss: -20.3228
                            Mean reward: 617.60
                    Mean episode length: 282.99
                        Mean action std: 0.10
  Episode_Reward/motion_global_root_pos: 0.0223
  Episode_Reward/motion_global_root_ori: 0.0248
         Episode_Reward/motion_body_pos: 0.0442
         Episode_Reward/motion_body_ori: 0.0394
     Episode_Reward/motion_body_lin_vel: 0.0496
     Episode_Reward/motion_body_ang_vel: 0.0462
          Episode_Reward/action_rate_l2: -0.0050
             Episode_Reward/joint_limit: -0.0017
         Episode_Reward/self_collisions: -0.0041
Episode_Reward/action_target_reference_l2: -0.0309
Episode_Reward/action_target_soft_limit_barrier: -0.0049
                   Episode_Reward/alive: 6.3999
 Episode_Reward/non_timeout_termination: -0.5468
Episode_Reward/worst_ee_z_normalized_squared: -0.0964
Episode_Reward/right_wrist_prethreshold_barrier: -0.0060
 Episode_Reward/requested_effort_excess: -0.0000
Episode_Reward/root_world_tracking_error: -0.0185
Episode_Reward/measured_joint_posture_l2: -0.0713
Episode_Reward/measured_feet_world_position_l2: -0.0464
Episode_Reward/original_task_position_l2: -0.0379
Episode_Reward/original_task_orientation_l2: -0.0242
        Metrics/motion/error_anchor_pos: 0.2599
        Metrics/motion/error_anchor_rot: 0.1445
    Metrics/motion/error_anchor_lin_vel: 0.3345
    Metrics/motion/error_anchor_ang_vel: 0.8295
          Metrics/motion/error_body_pos: 0.2591
          Metrics/motion/error_body_rot: 0.2419
         Metrics/motion/error_joint_pos: 0.9475
         Metrics/motion/error_joint_vel: 4.4801
        Metrics/motion/sampling_entropy: 0.0000
      Metrics/motion/sampling_top1_prob: 0.0000
       Metrics/motion/sampling_top1_bin: 0.0000
      Metrics/motion/error_body_lin_vel: 0.3454
      Metrics/motion/error_body_ang_vel: 1.2108
           Episode_Termination/time_out: 0.0000
         Episode_Termination/anchor_pos: 0.0000
         Episode_Termination/anchor_ori: 0.0000
        Episode_Termination/ee_body_pos: 0.0000
Episode_Termination/corpus_clip_time_out: 0.2857
Episode_Termination/invalid_native_model_actuation: 0.0000
Episode_Termination/world_root_tracking_failure: 0.7143
 Episode_Reward/world_potential_shaping: 0.0721
--------------------------------------------------------------------------------
                         Iteration time: 2.27s
                           Time elapsed: 00:21:29
                                    ETA: 00:00:50

################################################################################
[1m                           Learning iteration 481/500                           [0m 

                               Run name: original_core_920ms_fresh
                            Total steps: 987136 
                       Steps per second: 808 
                        Collection time: 2.370s 
                          Learning time: 0.163s 
                        Mean value loss: 290.6369
                    Mean surrogate loss: -0.0052
                      Mean entropy loss: -20.3228
                            Mean reward: 664.80
                    Mean episode length: 300.62
                        Mean action std: 0.10
--------------------------------------------------------------------------------
                         Iteration time: 2.53s
                           Time elapsed: 00:21:32
                                    ETA: 00:00:48

################################################################################
[1m                           Learning iteration 482/500                           [0m 

                               Run name: original_core_920ms_fresh
                            Total steps: 989184 
                       Steps per second: 895 
                        Collection time: 2.122s 
                          Learning time: 0.165s 
                        Mean value loss: 276.1659
                    Mean surrogate loss: -0.0099
                      Mean entropy loss: -20.3228
                            Mean reward: 684.70
                    Mean episode length: 307.01
                        Mean action std: 0.10
--------------------------------------------------------------------------------
                         Iteration time: 2.29s
                           Time elapsed: 00:21:34
                                    ETA: 00:00:45

################################################################################
[1m                           Learning iteration 483/500                           [0m 

                               Run name: original_core_920ms_fresh
                            Total steps: 991232 
                       Steps per second: 837 
                        Collection time: 2.282s 
                          Learning time: 0.163s 
                        Mean value loss: 509.7207
                    Mean surrogate loss: -0.0101
                      Mean entropy loss: -20.3228
                            Mean reward: 678.60
                    Mean episode length: 303.48
                        Mean action std: 0.10
--------------------------------------------------------------------------------
                         Iteration time: 2.45s
                           Time elapsed: 00:21:36
                                    ETA: 00:00:42

################################################################################
[1m                           Learning iteration 484/500                           [0m 

                               Run name: original_core_920ms_fresh
                            Total steps: 993280 
                       Steps per second: 871 
                        Collection time: 2.181s 
                          Learning time: 0.168s 
                        Mean value loss: 839.3288
                    Mean surrogate loss: -0.0093
                      Mean entropy loss: -20.3228
                            Mean reward: 624.64
                    Mean episode length: 285.06
                        Mean action std: 0.10
--------------------------------------------------------------------------------
                         Iteration time: 2.35s
                           Time elapsed: 00:21:39
                                    ETA: 00:00:40

################################################################################
[1m                           Learning iteration 485/500                           [0m 

                               Run name: original_core_920ms_fresh
                            Total steps: 995328 
                       Steps per second: 829 
                        Collection time: 2.305s 
                          Learning time: 0.165s 
                        Mean value loss: 265.3966
                    Mean surrogate loss: -0.0151
                      Mean entropy loss: -20.3228
                            Mean reward: 635.71
                    Mean episode length: 288.67
                        Mean action std: 0.10
--------------------------------------------------------------------------------
                         Iteration time: 2.47s
                           Time elapsed: 00:21:41
                                    ETA: 00:00:37

################################################################################
[1m                           Learning iteration 486/500                           [0m 

                               Run name: original_core_920ms_fresh
                            Total steps: 997376 
                       Steps per second: 895 
                        Collection time: 2.122s 
                          Learning time: 0.166s 
                        Mean value loss: 333.2888
                    Mean surrogate loss: -0.0128
                      Mean entropy loss: -20.3228
                            Mean reward: 677.22
                    Mean episode length: 304.57
                        Mean action std: 0.10
--------------------------------------------------------------------------------
                         Iteration time: 2.29s
                           Time elapsed: 00:21:43
                                    ETA: 00:00:34

################################################################################
[1m                           Learning iteration 487/500                           [0m 

                               Run name: original_core_920ms_fresh
                            Total steps: 999424 
                       Steps per second: 819 
                        Collection time: 2.325s 
                          Learning time: 0.174s 
                        Mean value loss: 396.8800
                    Mean surrogate loss: -0.0153
                      Mean entropy loss: -20.3228
                            Mean reward: 659.50
                    Mean episode length: 297.98
                        Mean action std: 0.10
--------------------------------------------------------------------------------
                         Iteration time: 2.50s
                           Time elapsed: 00:21:46
                                    ETA: 00:00:32

################################################################################
[1m                           Learning iteration 488/500                           [0m 

                               Run name: original_core_920ms_fresh
                            Total steps: 1001472 
                       Steps per second: 897 
                        Collection time: 2.117s 
                          Learning time: 0.165s 
                        Mean value loss: 554.0000
                    Mean surrogate loss: -0.0129
                      Mean entropy loss: -20.3228
                            Mean reward: 649.33
                    Mean episode length: 293.25
                        Mean action std: 0.10
  Episode_Reward/motion_global_root_pos: 0.0185
  Episode_Reward/motion_global_root_ori: 0.0192
         Episode_Reward/motion_body_pos: 0.0366
         Episode_Reward/motion_body_ori: 0.0319
     Episode_Reward/motion_body_lin_vel: 0.0390
     Episode_Reward/motion_body_ang_vel: 0.0361
          Episode_Reward/action_rate_l2: -0.0040
             Episode_Reward/joint_limit: -0.0005
         Episode_Reward/self_collisions: -0.0063
Episode_Reward/action_target_reference_l2: -0.0242
Episode_Reward/action_target_soft_limit_barrier: -0.0028
                   Episode_Reward/alive: 4.9412
 Episode_Reward/non_timeout_termination: -0.6561
Episode_Reward/worst_ee_z_normalized_squared: -0.0930
Episode_Reward/right_wrist_prethreshold_barrier: -0.0131
 Episode_Reward/requested_effort_excess: -0.0000
Episode_Reward/root_world_tracking_error: -0.0112
Episode_Reward/measured_joint_posture_l2: -0.0515
Episode_Reward/measured_feet_world_position_l2: -0.0348
Episode_Reward/original_task_position_l2: -0.0278
Episode_Reward/original_task_orientation_l2: -0.0219
        Metrics/motion/error_anchor_pos: 0.2156
        Metrics/motion/error_anchor_rot: 0.1723
    Metrics/motion/error_anchor_lin_vel: 0.5212
    Metrics/motion/error_anchor_ang_vel: 0.8528
          Metrics/motion/error_body_pos: 0.2222
          Metrics/motion/error_body_rot: 0.3261
         Metrics/motion/error_joint_pos: 1.0797
         Metrics/motion/error_joint_vel: 6.5903
        Metrics/motion/sampling_entropy: 0.0000
      Metrics/motion/sampling_top1_prob: 0.0000
       Metrics/motion/sampling_top1_bin: 0.0000
      Metrics/motion/error_body_lin_vel: 0.5411
      Metrics/motion/error_body_ang_vel: 1.9043
           Episode_Termination/time_out: 0.0000
         Episode_Termination/anchor_pos: 0.0000
         Episode_Termination/anchor_ori: 0.0000
        Episode_Termination/ee_body_pos: 0.2857
Episode_Termination/corpus_clip_time_out: 0.1429
Episode_Termination/invalid_native_model_actuation: 0.0000
Episode_Termination/world_root_tracking_failure: 0.8571
 Episode_Reward/world_potential_shaping: 0.0560
--------------------------------------------------------------------------------
                         Iteration time: 2.28s
                           Time elapsed: 00:21:48
                                    ETA: 00:00:29

################################################################################
[1m                           Learning iteration 489/500                           [0m 

                               Run name: original_core_920ms_fresh
                            Total steps: 1003520 
                       Steps per second: 374 
                        Collection time: 5.294s 
                          Learning time: 0.171s 
                        Mean value loss: 316.5469
                    Mean surrogate loss: -0.0101
                      Mean entropy loss: -20.3228
                            Mean reward: 639.72
                    Mean episode length: 289.33
                        Mean action std: 0.10
--------------------------------------------------------------------------------
                         Iteration time: 5.47s
                           Time elapsed: 00:21:54
                                    ETA: 00:00:26

################################################################################
[1m                           Learning iteration 490/500                           [0m 

                               Run name: original_core_920ms_fresh
                            Total steps: 1005568 
                       Steps per second: 870 
                        Collection time: 2.179s 
                          Learning time: 0.172s 
                        Mean value loss: 695.7838
                    Mean surrogate loss: -0.0029
                      Mean entropy loss: -20.3228
                            Mean reward: 599.27
                    Mean episode length: 272.66
                        Mean action std: 0.10
  Episode_Reward/motion_global_root_pos: 0.0120
  Episode_Reward/motion_global_root_ori: 0.0130
         Episode_Reward/motion_body_pos: 0.0239
         Episode_Reward/motion_body_ori: 0.0211
     Episode_Reward/motion_body_lin_vel: 0.0267
     Episode_Reward/motion_body_ang_vel: 0.0248
          Episode_Reward/action_rate_l2: -0.0027
             Episode_Reward/joint_limit: -0.0009
         Episode_Reward/self_collisions: -0.0034
Episode_Reward/action_target_reference_l2: -0.0173
Episode_Reward/action_target_soft_limit_barrier: -0.0023
                   Episode_Reward/alive: 3.3450
 Episode_Reward/non_timeout_termination: -0.7655
Episode_Reward/worst_ee_z_normalized_squared: -0.0649
Episode_Reward/right_wrist_prethreshold_barrier: -0.0157
 Episode_Reward/requested_effort_excess: -0.0000
Episode_Reward/root_world_tracking_error: -0.0088
Episode_Reward/measured_joint_posture_l2: -0.0398
Episode_Reward/measured_feet_world_position_l2: -0.0232
Episode_Reward/original_task_position_l2: -0.0189
Episode_Reward/original_task_orientation_l2: -0.0155
        Metrics/motion/error_anchor_pos: 0.2448
        Metrics/motion/error_anchor_rot: 0.1576
    Metrics/motion/error_anchor_lin_vel: 0.3960
    Metrics/motion/error_anchor_ang_vel: 1.3079
          Metrics/motion/error_body_pos: 0.2544
          Metrics/motion/error_body_rot: 0.3159
         Metrics/motion/error_joint_pos: 1.0403
         Metrics/motion/error_joint_vel: 5.8799
        Metrics/motion/sampling_entropy: 0.0000
      Metrics/motion/sampling_top1_prob: 0.0000
       Metrics/motion/sampling_top1_bin: 0.0000
      Metrics/motion/error_body_lin_vel: 0.4610
      Metrics/motion/error_body_ang_vel: 1.8434
           Episode_Termination/time_out: 0.0000
         Episode_Termination/anchor_pos: 0.0000
         Episode_Termination/anchor_ori: 0.0000
        Episode_Termination/ee_body_pos: 0.3750
Episode_Termination/corpus_clip_time_out: 0.0000
Episode_Termination/invalid_native_model_actuation: 0.0000
Episode_Termination/world_root_tracking_failure: 1.1250
 Episode_Reward/world_potential_shaping: 0.0440
--------------------------------------------------------------------------------
                         Iteration time: 2.35s
                           Time elapsed: 00:21:56
                                    ETA: 00:00:24

################################################################################
[1m                           Learning iteration 491/500                           [0m 

                               Run name: original_core_920ms_fresh
                            Total steps: 1007616 
                       Steps per second: 758 
                        Collection time: 2.540s 
                          Learning time: 0.162s 
                        Mean value loss: 535.4624
                    Mean surrogate loss: -0.0150
                      Mean entropy loss: -20.3228
                            Mean reward: 600.81
                    Mean episode length: 272.87
                        Mean action std: 0.10
  Episode_Reward/motion_global_root_pos: 0.0222
  Episode_Reward/motion_global_root_ori: 0.0250
         Episode_Reward/motion_body_pos: 0.0439
         Episode_Reward/motion_body_ori: 0.0412
     Episode_Reward/motion_body_lin_vel: 0.0507
     Episode_Reward/motion_body_ang_vel: 0.0467
          Episode_Reward/action_rate_l2: -0.0051
             Episode_Reward/joint_limit: -0.0010
         Episode_Reward/self_collisions: -0.0025
Episode_Reward/action_target_reference_l2: -0.0316
Episode_Reward/action_target_soft_limit_barrier: -0.0045
                   Episode_Reward/alive: 6.4399
 Episode_Reward/non_timeout_termination: -0.6379
Episode_Reward/worst_ee_z_normalized_squared: -0.0968
Episode_Reward/right_wrist_prethreshold_barrier: -0.0031
 Episode_Reward/requested_effort_excess: -0.0000
Episode_Reward/root_world_tracking_error: -0.0187
Episode_Reward/measured_joint_posture_l2: -0.0701
Episode_Reward/measured_feet_world_position_l2: -0.0468
Episode_Reward/original_task_position_l2: -0.0366
Episode_Reward/original_task_orientation_l2: -0.0259
        Metrics/motion/error_anchor_pos: 0.2635
        Metrics/motion/error_anchor_rot: 0.1589
    Metrics/motion/error_anchor_lin_vel: 0.3175
    Metrics/motion/error_anchor_ang_vel: 1.1249
          Metrics/motion/error_body_pos: 0.2710
          Metrics/motion/error_body_rot: 0.2730
         Metrics/motion/error_joint_pos: 0.9276
         Metrics/motion/error_joint_vel: 6.2073
        Metrics/motion/sampling_entropy: 0.0000
      Metrics/motion/sampling_top1_prob: 0.0000
       Metrics/motion/sampling_top1_bin: 0.0000
      Metrics/motion/error_body_lin_vel: 0.4296
      Metrics/motion/error_body_ang_vel: 1.6375
           Episode_Termination/time_out: 0.0000
         Episode_Termination/anchor_pos: 0.0000
         Episode_Termination/anchor_ori: 0.0000
        Episode_Termination/ee_body_pos: 0.0000
Episode_Termination/corpus_clip_time_out: 0.1667
Episode_Termination/invalid_native_model_actuation: 0.0000
Episode_Termination/world_root_tracking_failure: 1.1667
 Episode_Reward/world_potential_shaping: 0.0767
--------------------------------------------------------------------------------
                         Iteration time: 2.70s
                           Time elapsed: 00:21:59
                                    ETA: 00:00:21

################################################################################
[1m                           Learning iteration 492/500                           [0m 

                               Run name: original_core_920ms_fresh
                            Total steps: 1009664 
                       Steps per second: 866 
                        Collection time: 2.199s 
                          Learning time: 0.163s 
                        Mean value loss: 518.4246
                    Mean surrogate loss: -0.0150
                      Mean entropy loss: -20.3228
                            Mean reward: 590.85
                    Mean episode length: 268.68
                        Mean action std: 0.10
--------------------------------------------------------------------------------
                         Iteration time: 2.36s
                           Time elapsed: 00:22:01
                                    ETA: 00:00:18

################################################################################
[1m                           Learning iteration 493/500                           [0m 

                               Run name: original_core_920ms_fresh
                            Total steps: 1011712 
                       Steps per second: 778 
                        Collection time: 2.468s 
                          Learning time: 0.163s 
                        Mean value loss: 427.7624
                    Mean surrogate loss: -0.0083
                      Mean entropy loss: -20.3228
                            Mean reward: 482.16
                    Mean episode length: 228.05
                        Mean action std: 0.10
  Episode_Reward/motion_global_root_pos: 0.0109
  Episode_Reward/motion_global_root_ori: 0.0121
         Episode_Reward/motion_body_pos: 0.0215
         Episode_Reward/motion_body_ori: 0.0199
     Episode_Reward/motion_body_lin_vel: 0.0238
     Episode_Reward/motion_body_ang_vel: 0.0224
          Episode_Reward/action_rate_l2: -0.0026
             Episode_Reward/joint_limit: -0.0001
         Episode_Reward/self_collisions: -0.0087
Episode_Reward/action_target_reference_l2: -0.0154
Episode_Reward/action_target_soft_limit_barrier: -0.0028
                   Episode_Reward/alive: 3.1376
 Episode_Reward/non_timeout_termination: -0.7655
Episode_Reward/worst_ee_z_normalized_squared: -0.0433
Episode_Reward/right_wrist_prethreshold_barrier: -0.0033
 Episode_Reward/requested_effort_excess: -0.0000
Episode_Reward/root_world_tracking_error: -0.0106
Episode_Reward/measured_joint_posture_l2: -0.0353
Episode_Reward/measured_feet_world_position_l2: -0.0225
Episode_Reward/original_task_position_l2: -0.0175
Episode_Reward/original_task_orientation_l2: -0.0128
        Metrics/motion/error_anchor_pos: 0.2849
        Metrics/motion/error_anchor_rot: 0.1875
    Metrics/motion/error_anchor_lin_vel: 0.5222
    Metrics/motion/error_anchor_ang_vel: 0.8408
          Metrics/motion/error_body_pos: 0.2957
          Metrics/motion/error_body_rot: 0.3186
         Metrics/motion/error_joint_pos: 1.0401
         Metrics/motion/error_joint_vel: 5.5476
        Metrics/motion/sampling_entropy: 0.0000
      Metrics/motion/sampling_top1_prob: 0.0000
       Metrics/motion/sampling_top1_bin: 0.0000
      Metrics/motion/error_body_lin_vel: 0.5532
      Metrics/motion/error_body_ang_vel: 1.5220
           Episode_Termination/time_out: 0.0000
         Episode_Termination/anchor_pos: 0.0000
         Episode_Termination/anchor_ori: 0.0000
        Episode_Termination/ee_body_pos: 0.0000
Episode_Termination/corpus_clip_time_out: 0.0000
Episode_Termination/invalid_native_model_actuation: 0.0000
Episode_Termination/world_root_tracking_failure: 1.2500
 Episode_Reward/world_potential_shaping: 0.0431
--------------------------------------------------------------------------------
                         Iteration time: 2.63s
                           Time elapsed: 00:22:04
                                    ETA: 00:00:16

################################################################################
[1m                           Learning iteration 494/500                           [0m 

                               Run name: original_core_920ms_fresh
                            Total steps: 1013760 
                       Steps per second: 910 
                        Collection time: 2.081s 
                          Learning time: 0.169s 
                        Mean value loss: 330.6001
                    Mean surrogate loss: -0.0177
                      Mean entropy loss: -20.3228
                            Mean reward: 478.74
                    Mean episode length: 227.28
                        Mean action std: 0.10
  Episode_Reward/motion_global_root_pos: 0.0122
  Episode_Reward/motion_global_root_ori: 0.0137
         Episode_Reward/motion_body_pos: 0.0243
         Episode_Reward/motion_body_ori: 0.0226
     Episode_Reward/motion_body_lin_vel: 0.0278
     Episode_Reward/motion_body_ang_vel: 0.0263
          Episode_Reward/action_rate_l2: -0.0027
             Episode_Reward/joint_limit: -0.0009
         Episode_Reward/self_collisions: -0.0170
Episode_Reward/action_target_reference_l2: -0.0165
Episode_Reward/action_target_soft_limit_barrier: -0.0029
                   Episode_Reward/alive: 3.5024
 Episode_Reward/non_timeout_termination: -0.7655
Episode_Reward/worst_ee_z_normalized_squared: -0.0507
Episode_Reward/right_wrist_prethreshold_barrier: -0.0106
 Episode_Reward/requested_effort_excess: 0.0000
Episode_Reward/root_world_tracking_error: -0.0099
Episode_Reward/measured_joint_posture_l2: -0.0368
Episode_Reward/measured_feet_world_position_l2: -0.0245
Episode_Reward/original_task_position_l2: -0.0207
Episode_Reward/original_task_orientation_l2: -0.0152
        Metrics/motion/error_anchor_pos: 0.2892
        Metrics/motion/error_anchor_rot: 0.1146
    Metrics/motion/error_anchor_lin_vel: 0.5103
    Metrics/motion/error_anchor_ang_vel: 1.0058
          Metrics/motion/error_body_pos: 0.2927
          Metrics/motion/error_body_rot: 0.3058
         Metrics/motion/error_joint_pos: 1.1421
         Metrics/motion/error_joint_vel: 5.7004
        Metrics/motion/sampling_entropy: 0.0000
      Metrics/motion/sampling_top1_prob: 0.0000
       Metrics/motion/sampling_top1_bin: 0.0000
      Metrics/motion/error_body_lin_vel: 0.5661
      Metrics/motion/error_body_ang_vel: 1.6823
           Episode_Termination/time_out: 0.0000
         Episode_Termination/anchor_pos: 0.0000
         Episode_Termination/anchor_ori: 0.0000
        Episode_Termination/ee_body_pos: 0.0000
Episode_Termination/corpus_clip_time_out: 0.0000
Episode_Termination/invalid_native_model_actuation: 0.0000
Episode_Termination/world_root_tracking_failure: 1.1667
 Episode_Reward/world_potential_shaping: 0.0457
--------------------------------------------------------------------------------
                         Iteration time: 2.25s
                           Time elapsed: 00:22:06
                                    ETA: 00:00:13

################################################################################
[1m                           Learning iteration 495/500                           [0m 

                               Run name: original_core_920ms_fresh
                            Total steps: 1015808 
                       Steps per second: 891 
                        Collection time: 2.136s 
                          Learning time: 0.162s 
                        Mean value loss: 528.9323
                    Mean surrogate loss: -0.0113
                      Mean entropy loss: -20.3228
                            Mean reward: 492.89
                    Mean episode length: 232.96
                        Mean action std: 0.10
--------------------------------------------------------------------------------
                         Iteration time: 2.30s
                           Time elapsed: 00:22:08
                                    ETA: 00:00:10

################################################################################
[1m                           Learning iteration 496/500                           [0m 

                               Run name: original_core_920ms_fresh
                            Total steps: 1017856 
                       Steps per second: 809 
                        Collection time: 2.362s 
                          Learning time: 0.169s 
                        Mean value loss: 356.1139
                    Mean surrogate loss: -0.0083
                      Mean entropy loss: -20.3227
                            Mean reward: 486.56
                    Mean episode length: 230.41
                        Mean action std: 0.10
  Episode_Reward/motion_global_root_pos: 0.0112
  Episode_Reward/motion_global_root_ori: 0.0119
         Episode_Reward/motion_body_pos: 0.0223
         Episode_Reward/motion_body_ori: 0.0194
     Episode_Reward/motion_body_lin_vel: 0.0235
     Episode_Reward/motion_body_ang_vel: 0.0217
          Episode_Reward/action_rate_l2: -0.0026
             Episode_Reward/joint_limit: -0.0003
         Episode_Reward/self_collisions: -0.0062
Episode_Reward/action_target_reference_l2: -0.0150
Episode_Reward/action_target_soft_limit_barrier: -0.0028
                   Episode_Reward/alive: 3.0900
 Episode_Reward/non_timeout_termination: -0.7655
Episode_Reward/worst_ee_z_normalized_squared: -0.0403
Episode_Reward/right_wrist_prethreshold_barrier: -0.0019
 Episode_Reward/requested_effort_excess: -0.0000
Episode_Reward/root_world_tracking_error: -0.0094
Episode_Reward/measured_joint_posture_l2: -0.0361
Episode_Reward/measured_feet_world_position_l2: -0.0213
Episode_Reward/original_task_position_l2: -0.0163
Episode_Reward/original_task_orientation_l2: -0.0139
        Metrics/motion/error_anchor_pos: 0.2874
        Metrics/motion/error_anchor_rot: 0.1231
    Metrics/motion/error_anchor_lin_vel: 0.5378
    Metrics/motion/error_anchor_ang_vel: 1.3760
          Metrics/motion/error_body_pos: 0.3000
          Metrics/motion/error_body_rot: 0.2765
         Metrics/motion/error_joint_pos: 1.0992
         Metrics/motion/error_joint_vel: 6.5303
        Metrics/motion/sampling_entropy: 0.0000
      Metrics/motion/sampling_top1_prob: 0.0000
       Metrics/motion/sampling_top1_bin: 0.0000
      Metrics/motion/error_body_lin_vel: 0.6222
      Metrics/motion/error_body_ang_vel: 1.6566
           Episode_Termination/time_out: 0.0000
         Episode_Termination/anchor_pos: 0.0000
         Episode_Termination/anchor_ori: 0.0000
        Episode_Termination/ee_body_pos: 0.0000
Episode_Termination/corpus_clip_time_out: 0.0000
Episode_Termination/invalid_native_model_actuation: 0.0000
Episode_Termination/world_root_tracking_failure: 1.1111
 Episode_Reward/world_potential_shaping: 0.0417
--------------------------------------------------------------------------------
                         Iteration time: 2.53s
                           Time elapsed: 00:22:11
                                    ETA: 00:00:08

################################################################################
[1m                           Learning iteration 497/500                           [0m 

                               Run name: original_core_920ms_fresh
                            Total steps: 1019904 
                       Steps per second: 804 
                        Collection time: 2.383s 
                          Learning time: 0.163s 
                        Mean value loss: 374.4097
                    Mean surrogate loss: -0.0067
                      Mean entropy loss: -20.3227
                            Mean reward: 468.13
                    Mean episode length: 223.69
                        Mean action std: 0.10
  Episode_Reward/motion_global_root_pos: 0.0144
  Episode_Reward/motion_global_root_ori: 0.0160
         Episode_Reward/motion_body_pos: 0.0286
         Episode_Reward/motion_body_ori: 0.0272
     Episode_Reward/motion_body_lin_vel: 0.0320
     Episode_Reward/motion_body_ang_vel: 0.0297
          Episode_Reward/action_rate_l2: -0.0034
             Episode_Reward/joint_limit: -0.0003
         Episode_Reward/self_collisions: -0.0097
Episode_Reward/action_target_reference_l2: -0.0204
Episode_Reward/action_target_soft_limit_barrier: -0.0034
                   Episode_Reward/alive: 4.1238
 Episode_Reward/non_timeout_termination: -0.6959
Episode_Reward/worst_ee_z_normalized_squared: -0.0640
Episode_Reward/right_wrist_prethreshold_barrier: -0.0115
 Episode_Reward/requested_effort_excess: -0.0000
Episode_Reward/root_world_tracking_error: -0.0124
Episode_Reward/measured_joint_posture_l2: -0.0428
Episode_Reward/measured_feet_world_position_l2: -0.0304
Episode_Reward/original_task_position_l2: -0.0242
Episode_Reward/original_task_orientation_l2: -0.0171
        Metrics/motion/error_anchor_pos: 0.2758
        Metrics/motion/error_anchor_rot: 0.1734
    Metrics/motion/error_anchor_lin_vel: 0.4515
    Metrics/motion/error_anchor_ang_vel: 0.9877
          Metrics/motion/error_body_pos: 0.2753
          Metrics/motion/error_body_rot: 0.2693
         Metrics/motion/error_joint_pos: 0.9320
         Metrics/motion/error_joint_vel: 5.6985
        Metrics/motion/sampling_entropy: 0.0000
      Metrics/motion/sampling_top1_prob: 0.0000
       Metrics/motion/sampling_top1_bin: 0.0000
      Metrics/motion/error_body_lin_vel: 0.4884
      Metrics/motion/error_body_ang_vel: 1.5805
           Episode_Termination/time_out: 0.0000
         Episode_Termination/anchor_pos: 0.0000
         Episode_Termination/anchor_ori: 0.0000
        Episode_Termination/ee_body_pos: 0.0000
Episode_Termination/corpus_clip_time_out: 0.0909
Episode_Termination/invalid_native_model_actuation: 0.0000
Episode_Termination/world_root_tracking_failure: 1.1818
 Episode_Reward/world_potential_shaping: 0.0535
--------------------------------------------------------------------------------
                         Iteration time: 2.55s
                           Time elapsed: 00:22:13
                                    ETA: 00:00:05

################################################################################
[1m                           Learning iteration 498/500                           [0m 

                               Run name: original_core_920ms_fresh
                            Total steps: 1021952 
                       Steps per second: 866 
                        Collection time: 2.194s 
                          Learning time: 0.171s 
                        Mean value loss: 493.2815
                    Mean surrogate loss: -0.0074
                      Mean entropy loss: -20.3227
                            Mean reward: 480.34
                    Mean episode length: 228.74
                        Mean action std: 0.10
--------------------------------------------------------------------------------
                         Iteration time: 2.36s
                           Time elapsed: 00:22:16
                                    ETA: 00:00:02

################################################################################
[1m                           Learning iteration 499/500                           [0m 

                               Run name: original_core_920ms_fresh
                            Total steps: 1024000 
                       Steps per second: 759 
                        Collection time: 2.511s 
                          Learning time: 0.184s 
                        Mean value loss: 524.5956
                    Mean surrogate loss: -0.0072
                      Mean entropy loss: -20.3227
                            Mean reward: 480.46
                    Mean episode length: 229.43
                        Mean action std: 0.10
--------------------------------------------------------------------------------
                         Iteration time: 2.70s
                           Time elapsed: 00:22:18
                                    ETA: 00:00:00

