candidate_id,target_rad,delay_substeps,passed,minimum_position_margin_rad,minimum_reserve_margin_rad,minimum_velocity_margin_rad_s,maximum_applied_effort_ratio,saturated_substeps,first_failure_substep,first_failure,limiting_joint,runtime_fixed_candidate_preview_passed
0,-2.2515,0,True,0.012087146678053884,0.011987146678053884,19.115019288412785,0.368942887437927,0,,,,True
0,-2.2515,1,True,0.014235155888213669,0.01413515588821367,19.143891732465253,0.3667653662249416,0,,,,True
0,-2.2515,2,True,0.016252577940949475,0.016152577940949476,19.173177201318612,0.3647811305063253,0,,,,True
0,-2.2515,3,True,0.018131388861407416,0.018031388861407417,19.17341438413383,0.36289580029409846,0,,,,True
0,-2.2515,4,True,0.01986403441007445,0.01976403441007445,19.155850161152536,0.36103398680376864,0,,,,True
0,-2.2515,5,True,0.0194617303014728,0.019361730301472802,19.138035722810592,0.3591385968929319,0,,,,True
0,-2.2515,6,True,0.018222712479222913,0.018122712479222914,19.120013548072727,0.3571597419827476,0,,,,True
1,-2.236501171875,0,True,0.013659545720654531,0.013559545720654532,19.116153200345334,0.368942887437927,0,,,,True
1,-2.236501171875,1,True,0.015654020413627734,0.015554020413627734,19.145024490915425,0.3667653662249416,0,,,,True
1,-2.236501171875,2,True,0.017522778596913202,0.017422778596913203,19.174308710995493,0.3647811305063253,0,,,,True
1,-2.236501171875,3,True,0.019258191550250103,0.019158191550250104,19.174478026668208,0.36289580029409846,0,,,,True
1,-2.236501171875,4,True,0.020773969881667576,0.020673969881667576,19.156914258774776,0.36103398680376864,0,,,,True
1,-2.236501171875,5,True,0.019435811991184604,0.019335811991184605,19.139099944081895,0.3591385968929319,0,,,,True
1,-2.236501171875,6,True,0.018196979714531825,0.018096979714531825,19.12107808842867,0.3571597419827476,0,,,,True
2,-2.229500333768483,0,True,0.014393588694829429,0.01429358869482943,19.11668253747658,0.368942887437927,0,,,,True
2,-2.229500333768483,1,True,0.01631637609063663,0.01621637609063663,19.14555328928513,0.3667653662249416,0,,,,True
2,-2.229500333768483,2,True,0.018115723872876632,0.018015723872876633,19.174836926136393,0.3647811305063253,0,,,,True
2,-2.229500333768483,3,True,0.019784187618002047,0.019684187618002048,19.174974069925106,0.36289580029409846,0,,,,True
2,-2.229500333768483,4,True,0.020761783241688203,0.020661783241688204,19.157410512556943,0.36103398680376864,0,,,,True
2,-2.229500333768483,5,True,0.019423714434265715,0.019323714434265716,19.139596253727287,0.3591385968929319,0,,,,True
2,-2.229500333768483,6,True,0.01818496876192288,0.018084968761922882,19.121574545155806,0.3571597419827476,0,,,,True
3,-2.22150234375,0,True,0.01523191276428948,0.01513191276428948,19.117287327062037,0.368942887437927,0,,,,True
3,-2.22150234375,1,True,0.01707314171919183,0.01697314171919183,19.146157463088578,0.3667653662249416,0,,,,True
3,-2.22150234375,2,True,0.01879317700684613,0.01869317700684613,19.175440433365253,0.3647811305063253,0,,,,True
3,-2.22150234375,3,True,0.020385142567077796,0.020285142567077797,19.175540437435256,0.36289580029409846,0,,,,True
3,-2.22150234375,4,True,0.020747860857181166,0.020647860857181167,19.1579771191043,0.36103398680376864,0,,,,True
3,-2.22150234375,5,True,0.01940989382071523,0.01930989382071523,19.140162922651914,0.3591385968929319,0,,,,True
3,-2.22150234375,6,True,0.018171247087412468,0.018071247087412468,19.12214138066603,0.3571597419827476,0,,,,True
4,-2.206503515625,0,True,0.016804620997539654,0.016704620997539655,19.11842166853566,0.368942887437927,0,,,,True
4,-2.206503515625,1,True,0.01849252008910529,0.01839252008910529,19.1472906489576,0.3667653662249416,0,,,,True
4,-2.206503515625,2,True,0.020063773385530226,0.019963773385530226,19.176572368400898,0.3647811305063253,0,,,,True
4,-2.206503515625,3,True,0.021512242069747334,0.021412242069747334,19.1766016135935,0.36289580029409846,0,,,,True
4,-2.206503515625,4,True,0.020721751974908553,0.020621751974908554,19.15903873929265,0.36103398680376864,0,,,,True
4,-2.206503515625,5,True,0.019383975790614905,0.019283975790614905,19.14122465566575,0.3591385968929319,0,,,,True
4,-2.206503515625,6,True,0.018145514598409296,0.018045514598409296,19.12320342192287,0.3571597419827476,0,,,,True
5,-2.1915046875,0,True,0.01837799923281791,0.01827799923281791,19.11955622473896,0.368942887437927,0,,,,True
5,-2.1915046875,1,True,0.01991215580758965,0.01981215580758965,19.14842404849536,0.3667653662249416,0,,,,True
5,-2.1915046875,2,True,0.021334567947814076,0.021234567947814077,19.177704516075412,0.3647811305063253,0,,,,True
5,-2.1915046875,3,True,0.022009108127710952,0.021909108127710953,19.1776614748193,0.36289580029409846,0,,,,True
5,-2.1915046875,4,True,0.020684957484585542,0.020584957484585543,19.160099116490414,0.36103398680376864,0,,,,True
5,-2.1915046875,5,True,0.019358057901435632,0.019258057901435633,19.142285140267145,0.3591385968929319,0,,,,True
5,-2.1915046875,6,True,0.018119782248068983,0.018019782248068984,19.124264209336577,0.3571597419827476,0,,,,True
6,-2.176505859375,0,True,0.019951704536655956,0.019851704536655957,19.120690995644683,0.368942887437927,0,,,,True
6,-2.176505859375,1,True,0.02133204915889264,0.02123204915889264,19.149557661674724,0.3667653662249416,0,,,,True
6,-2.176505859375,2,True,0.022605560908615097,0.022505560908615097,19.178791033616648,0.3647811305063253,0,,,,True
6,-2.176505859375,3,True,0.021971587970358808,0.02187158797035881,19.17872017474924,0.36289580029409846,0,,,,True
6,-2.176505859375,4,True,0.020647714122834948,0.02054771412283495,19.161158247847855,0.36103398680376864,0,,,,True
6,-2.176505859375,5,True,0.019332140153729416,0.019232140153729416,19.14334437359961,0.3591385968929319,0,,,,True
6,-2.176505859375,6,True,0.01809405003693687,0.01799405003693687,19.12532374004394,0.3571597419827476,0,,,,True
7,-2.16150703125,0,True,0.02152573727585727,0.02142573727585727,19.12182598122555,0.368942887437927,0,,,,True
7,-2.16150703125,1,True,0.02275220042728643,0.02265220042728643,19.150691488468556,0.3667653662249416,0,,,,True
7,-2.16150703125,2,True,0.022807401811709038,0.02270740181170904,19.179843289559244,0.3647811305063253,0,,,,True
7,-2.16150703125,3,True,0.021934068080378122,0.021834068080378122,19.179777631541754,0.36289580029409846,0,,,,True
7,-2.16150703125,4,True,0.020610471021592414,0.020510471021592414,19.162216130514345,0.36103398680376864,0,,,,True
7,-2.16150703125,5,True,0.019306222548046925,0.019206222548046926,19.144402352806022,0.3591385968929319,0,,,,True
7,-2.16150703125,6,True,0.018068317965558744,0.017968317965558745,19.12638201118083,0.3571597419827476,0,,,,True
8,-2.1465082031250002,0,True,0.022942400765948,0.022842400765948002,19.12296118145432,0.368942887437927,0,,,,True
8,-2.1465082031250002,1,True,0.022807401811709038,0.02270740181170904,19.1518255288497,0.3667653662249416,0,,,,True
8,-2.1465082031250002,2,True,0.022807401811709038,0.02270740181170904,19.180895637326444,0.3647811305063253,0,,,,True
8,-2.1465082031250002,3,True,0.021896548460217602,0.021796548460217603,19.18083384235209,0.36289580029409846,0,,,,True
8,-2.1465082031250002,4,True,0.020573228183280445,0.020473228183280446,19.16327276163829,0.36103398680376864,0,,,,True
8,-2.1465082031250002,5,True,0.019280305084940608,0.01918030508494061,19.145459075028278,0.3591385968929319,0,,,,True
8,-2.1465082031250002,6,True,0.018042586034479946,0.017942586034479947,19.127439019882637,0.3571597419827476,0,,,,True
9,-2.1315093750000003,0,True,0.02296002558464938,0.02286002558464938,19.124096596303684,0.368942887437927,0,,,,True
9,-2.1315093750000003,1,True,0.022807401811709038,0.02270740181170904,19.152959782790997,0.3667653662249416,0,,,,True
9,-2.1315093750000003,2,True,0.022807401811709038,0.02270740181170904,19.18194807691163,0.3647811305063253,0,,,,True
9,-2.1315093750000003,3,True,0.021859029112325956,0.021759029112325957,19.181888804334935,0.36289580029409846,0,,,,True
9,-2.1315093750000003,4,True,0.02053598561032066,0.020435985610320662,19.16432813836765,0.36103398680376864,0,,,,True
9,-2.1315093750000003,5,True,0.019254387764962022,0.019154387764962023,19.146514537407835,0.3591385968929319,0,,,,True
9,-2.1315093750000003,6,True,0.018017106020998153,0.017917106020998153,19.12848720050734,0.3571597419827476,0,,,,True
10,-2.1165105468750003,0,True,0.022977650403350314,0.022877650403350314,19.125232225746366,0.368942887437927,0,,,,True
10,-2.1165105468750003,1,True,0.022807401811709038,0.02270740181170904,19.15409425026528,0.3667653662249416,0,,,,True
10,-2.1165105468750003,2,True,0.022807401811709038,0.02270740181170904,19.183000608308166,0.3647811305063253,0,,,,True
10,-2.1165105468750003,3,True,0.021821510039152336,0.021721510039152337,19.18294251464432,0.36289580029409846,0,,,,True
10,-2.1165105468750003,4,True,0.020498743305135125,0.020398743305135126,19.16538225784975,0.36103398680376864,0,,,,True
10,-2.1165105468750003,5,True,0.01922847058866317,0.019128470588663172,19.147568737085145,0.3591385968929319,0,,,,True
10,-2.1165105468750003,6,True,0.017991374370095237,0.017891374370095237,19.129541677287538,0.3571597419827476,0,,,,True
11,-2.10151171875,0,True,0.022995275222051248,0.02289527522205125,19.12636806975507,0.368942887437927,0,,,,True
11,-2.10151171875,1,True,0.022807401811709038,0.02270740181170904,19.155202303159495,0.3667653662249416,0,,,,True
11,-2.10151171875,2,True,0.022807401811709038,0.02270740181170904,19.18405323150943,0.3647811305063253,0,,,,True
11,-2.10151171875,3,True,0.02178399124314634,0.02168399124314634,19.183994970433474,0.36289580029409846,0,,,,True
11,-2.10151171875,4,True,0.02046150127014723,0.02036150127014723,19.16643511723112,0.36103398680376864,0,,,,True
11,-2.10151171875,5,True,0.019202553556595614,0.019102553556595615,19.14862167120045,0.3591385968929319,0,,,,True
11,-2.10151171875,6,True,0.017965642861128117,0.017865642861128118,19.130594883035826,0.3571597419827476,0,,,,True
12,-2.086512890625,0,True,0.023012900040752626,0.022912900040752627,19.127504128302487,0.368942887437927,0,,,,True
12,-2.086512890625,1,True,0.022807401811709038,0.02270740181170904,19.1562555570044,0.3667653662249416,0,,,,True
12,-2.086512890625,2,True,0.022807401811709038,0.02270740181170904,19.185105946508788,0.3647811305063253,0,,,,True
12,-2.086512890625,3,True,0.021746472726758004,0.021646472726758004,19.185046168854942,0.36289580029409846,0,,,,True
12,-2.086512890625,4,True,0.020424259507779485,0.020324259507779486,19.16748671365752,0.36103398680376864,0,,,,True
12,-2.086512890625,5,True,0.019176636669311353,0.019076636669311354,19.149673336892846,0.3591385968929319,0,,,,True
12,-2.086512890625,6,True,0.017939911494643468,0.01783991149464347,19.131646814884668,0.3571597419827476,0,,,,True
13,-2.0715140625,0,True,0.02303052485945356,0.02293052485945356,19.128640401361313,0.368942887437927,0,,,,True
13,-2.0715140625,1,True,0.022807401811709038,0.02270740181170904,19.15730890312875,0.3667653662249416,0,,,,True
13,-2.0715140625,2,True,0.022807401811709038,0.02270740181170904,19.186158753299605,0.3647811305063253,0,,,,True
13,-2.0715140625,3,True,0.02170895449243826,0.02160895449243826,19.18609610706082,0.36289580029409846,0,,,,True
13,-2.0715140625,4,True,0.02038701802045617,0.020287018020456172,19.16853704427431,0.36103398680376864,0,,,,True
13,-2.0715140625,5,True,0.019150719927361948,0.01905071992736195,19.150723731301017,0.3591385968929319,0,,,,True
13,-2.0715140625,6,True,0.01791418027118663,0.01781418027118663,19.132697469966025,0.3571597419827476,0,,,,True
14,-2.065516471862793,0,True,0.023037572506559467,0.022937572506559468,19.129094823601054,0.368942887437927,0,,,,True
14,-2.065516471862793,1,True,0.022807401811709038,0.02270740181170904,19.157730131118058,0.3667653662249416,0,,,,True
14,-2.065516471862793,2,True,0.022807401811709038,0.02270740181170904,19.186579765488705,0.3647811305063253,0,,,,True
14,-2.065516471862793,3,True,0.021693952132475935,0.021593952132475936,19.18651559314626,0.36289580029409846,0,,,,True
14,-2.065516471862793,4,True,0.02037212632151375,0.02027212632151375,19.16895668570598,0.36103398680376864,0,,,,True
14,-2.065516471862793,5,True,0.019140356624602894,0.019040356624602895,19.1511433967074,0.3591385968929319,0,,,,True
14,-2.065516471862793,6,True,0.01790389115117419,0.01780389115117419,19.133117238071755,0.3571597419827476,0,,,,True
15,-2.056515234375,0,True,0.023048149678154495,0.022948149678154495,19.129776888904214,0.368942887437927,0,,,,True
15,-2.056515234375,1,True,0.022807401811709038,0.02270740181170904,19.158362341525887,0.3667653662249416,0,,,,True
15,-2.056515234375,2,True,0.022807401811709038,0.02270740181170904,19.187211651875256,0.3647811305063253,0,,,,True
15,-2.056515234375,3,True,0.021671436542638478,0.02157143654263848,19.18714478220229,0.36289580029409846,0,,,,True
15,-2.056515234375,4,True,0.020349776810601128,0.02024977681060113,19.16958610622575,0.36103398680376864,0,,,,True
15,-2.056515234375,5,True,0.019124803331300733,0.019024803331300733,19.151772851562896,0.3591385968929319,0,,,,True
15,-2.056515234375,6,True,0.017888449191305167,0.017788449191305167,19.133746845411167,0.3571597419827476,0,,,,True
16,-2.04151640625,0,True,0.023065774496855873,0.022965774496855874,19.13091359090387,0.368942887437927,0,,,,True
16,-2.04151640625,1,True,0.022807401811709038,0.02270740181170904,19.159415872189147,0.3667653662249416,0,,,,True
16,-2.04151640625,2,True,0.022807401811709038,0.02270740181170904,19.188264642229107,0.3647811305063253,0,,,,True
16,-2.04151640625,3,True,0.021633918879808256,0.021533918879808257,19.188192191429476,0.36289580029409846,0,,,,True
16,-2.04151640625,4,True,0.020312535880639082,0.020212535880639083,19.170633896655897,0.36103398680376864,0,,,,True
16,-2.04151640625,5,True,0.019089982734143085,0.018989982734143086,19.15281674737653,0.3591385968929319,0,,,,True
16,-2.04151640625,6,True,0.01786271825554442,0.01776271825554442,19.13479493835078,0.3571597419827476,0,,,,True
17,-2.0393147468566895,0,True,0.023068361622151645,0.022968361622151646,19.131080464030465,0.368942887437927,0,,,,True
17,-2.0393147468566895,1,True,0.022807401811709038,0.02270740181170904,19.159570526415067,0.3667653662249416,0,,,,True
17,-2.0393147468566895,2,True,0.022807401811709038,0.02270740181170904,19.188419217102613,0.3647811305063253,0,,,,True
17,-2.0393147468566895,3,True,0.02162841173287644,0.02152841173287644,19.188345832611176,0.36289580029409846,0,,,,True
17,-2.0393147468566895,4,True,0.020307069354384755,0.020207069354384755,19.170787593321382,0.36103398680376864,0,,,,True
17,-2.0393147468566895,5,True,0.019084570568530523,0.018984570568530524,19.152970203993675,0.3591385968929319,0,,,,True
17,-2.0393147468566895,6,True,0.017858941255534333,0.017758941255534334,19.134948678495856,0.3571597419827476,0,,,,True
18,-2.026517578125,0,True,0.023083399315556807,0.022983399315556808,19.132050507332934,0.368942887437927,0,,,,True
18,-2.026517578125,1,True,0.022807401811709038,0.02270740181170904,19.16046949511186,0.3667653662249416,0,,,,True
18,-2.026517578125,2,True,0.022807401811709038,0.02270740181170904,19.189317724354524,0.3647811305063253,0,,,,True
18,-2.026517578125,3,True,0.02159640150640252,0.02149640150640252,19.18923833189274,0.36289580029409846,0,,,,True
18,-2.026517578125,4,True,0.02027529523299565,0.02017529523299565,19.17168041270763,0.36103398680376864,0,,,,True
18,-2.026517578125,5,True,0.0190530260027848,0.0189530260027848,19.15386306472761,0.3591385968929319,0,,,,True
18,-2.026517578125,6,True,0.017836987464450615,0.017736987464450616,19.13584174591477,0.3571597419827476,0,,,,True
19,-2.01151875,0,True,0.023101024134258186,0.023001024134258186,19.133187638164056,0.368942887437927,0,,,,True
19,-2.01151875,1,True,0.022807401811709038,0.02270740181170904,19.161523210287363,0.3667653662249416,0,,,,True
19,-2.01151875,2,True,0.022807401811709038,0.02270740181170904,19.190370898244865,0.3647811305063253,0,,,,True
19,-2.01151875,3,True,0.021558884424872193,0.021458884424872194,19.19028320074067,0.36289580029409846,0,,,,True
19,-2.01151875,4,True,0.020238054870095112,0.020138054870095113,19.17272565152337,0.36103398680376864,0,,,,True
19,-2.01151875,5,True,0.019016054452089648,0.01891605445208965,19.154908213824655,0.3591385968929319,0,,,,True
19,-2.01151875,6,True,0.01781125681857043,0.017711256818570432,19.136887265232403,0.3571597419827476,0,,,,True
20,-1.996519921875,0,True,0.02311864895295912,0.02301864895295912,19.134324983369893,0.368942887437927,0,,,,True
20,-1.996519921875,1,True,0.022807401811709038,0.02270740181170904,19.16257701770899,0.3667653662249416,0,,,,True
20,-1.996519921875,2,True,0.022807401811709038,0.02270740181170904,19.19142416389351,0.3647811305063253,0,,,,True
20,-1.996519921875,3,True,0.021521367637669542,0.021421367637669542,19.19132679512187,0.36289580029409846,0,,,,True
20,-1.996519921875,4,True,0.020200814794365307,0.020100814794365308,19.17376961024503,0.36103398680376864,0,,,,True
20,-1.996519921875,5,True,0.018979082859967633,0.018879082859967634,19.155951891360107,0.3591385968929319,0,,,,True
20,-1.996519921875,6,True,0.01778552631845054,0.01768552631845054,19.137931493432294,0.3571597419827476,0,,,,True
21,-1.98152109375,0,True,0.023136273771660054,0.023036273771660055,19.13546254292307,0.368942887437927,0,,,,True
21,-1.98152109375,1,True,0.022807401811709038,0.02270740181170904,19.163630917370064,0.3667653662249416,0,,,,True
21,-1.98152109375,2,True,0.022807401811709038,0.02270740181170904,19.192477521293803,0.3647811305063253,0,,,,True
21,-1.98152109375,3,True,0.02148385114724949,0.02138385114724949,19.19236911218413,0.36289580029409846,0,,,,True
21,-1.98152109375,4,True,0.020163575008231405,0.020063575008231405,19.174812286013648,0.36103398680376864,0,,,,True
21,-1.98152109375,5,True,0.01894211154986225,0.01884211154986225,19.156994280437562,0.3591385968929319,0,,,,True
21,-1.98152109375,6,True,0.01775979596463717,0.01765979596463717,19.138974427642484,0.3571597419827476,0,,,,True
22,-1.966522265625,0,True,0.023153898590361432,0.023053898590361433,19.136593809070106,0.368942887437927,0,,,,True
22,-1.966522265625,1,True,0.022807401811709038,0.02270740181170904,19.16468490926393,0.3667653662249416,0,,,,True
22,-1.966522265625,2,True,0.022807401811709038,0.02270740181170904,19.19291061338667,0.3647811305063253,0,,,,True
22,-1.966522265625,3,True,0.021446334956065183,0.021346334956065183,19.19291061338667,0.36289580029409846,0,,,,True
22,-1.966522265625,4,True,0.020126511163499394,0.020026511163499395,19.175853325525487,0.36103398680376864,0,,,,True
22,-1.966522265625,5,True,0.018905140524172914,0.018805140524172915,19.15803537819097,0.3591385968929319,0,,,,True
22,-1.966522265625,6,True,0.017734065757676998,0.017634065757677,19.140016064990213,0.3571597419827476,0,,,,True
23,-1.9515234375000001,0,True,0.023171523409062367,0.023071523409062367,19.13764835586269,0.368942887437927,0,,,,True
23,-1.9515234375000001,1,True,0.022807401811709038,0.02270740181170904,19.165738993383897,0.3667653662249416,0,,,,True
23,-1.9515234375000001,2,True,0.022807401811709038,0.02270740181170904,19.19291061338667,0.3647811305063253,0,,,,True
23,-1.9515234375000001,3,True,0.021408819066571105,0.021308819066571106,19.19291061338667,0.36289580029409846,0,,,,True
23,-1.9515234375000001,4,True,0.02008927164191121,0.01998927164191121,19.176893104947776,0.36103398680376864,0,,,,True
23,-1.9515234375000001,5,True,0.018868169785302147,0.018768169785302147,19.159075181753412,0.3591385968929319,0,,,,True
23,-1.9515234375000001,6,True,0.017708335698115807,0.017608335698115807,19.14105640260218,0.3571597419827476,0,,,,True
24,-1.9365246093750001,0,True,0.0231891482277633,0.0230891482277633,19.13870299537701,0.368942887437927,0,,,,True
24,-1.9365246093750001,1,True,0.022807401811709038,0.02270740181170904,19.166793169723313,0.3667653662249416,0,,,,True
24,-1.9365246093750001,2,True,0.022790360426569123,0.022690360426569123,19.19291061338667,0.3647811305063253,0,,,,True
24,-1.9365246093750001,3,True,0.021371303481222625,0.021271303481222626,19.19291061338667,0.36289580029409846,0,,,,True
24,-1.9365246093750001,4,True,0.020052032417389842,0.019952032417389843,19.17793159291447,0.36103398680376864,0,,,,True
24,-1.9365246093750001,5,True,0.01883119933565247,0.01873119933565247,19.160113688257983,0.3591385968929319,0,,,,True
24,-1.9365246093750001,6,True,0.017682605786501604,0.017582605786501605,19.142095437604297,0.3571597419827476,0,,,,True
25,-1.9215257812500002,0,True,0.02320677304646468,0.02310677304646468,19.13975772760635,0.368942887437927,0,,,,True
25,-1.9215257812500002,1,True,0.022807401811709038,0.02270740181170904,19.167847438275494,0.3667653662249416,0,,,,True
25,-1.9215257812500002,2,True,0.022744165225771606,0.022644165225771607,19.19291061338667,0.3647811305063253,0,,,,True
25,-1.9215257812500002,3,True,0.02133378820247378,0.02123378820247378,19.19291061338667,0.36289580029409846,0,,,,True
25,-1.9215257812500002,4,True,0.02001479349236357,0.01991479349236357,19.178968786563722,0.36103398680376864,0,,,,True
25,-1.9215257812500002,5,True,0.01879422917762419,0.01869422917762419,19.16115089483654,0.3591385968929319,0,,,,True
25,-1.9215257812500002,6,True,0.01765687602338062,0.01755687602338062,19.143133167122,0.3571597419827476,0,,,,True
26,-1.906526953125,0,True,0.023224397865165614,0.023124397865165614,19.140812552544023,0.368942887437927,0,,,,True
26,-1.906526953125,1,True,0.022807401811709038,0.02270740181170904,19.16890179903377,0.3667653662249416,0,,,,True
26,-1.906526953125,2,True,0.022695365443111903,0.022595365443111904,19.19291061338667,0.3647811305063253,0,,,,True
26,-1.906526953125,3,True,0.021296365682739626,0.021196365682739627,19.19291061338667,0.36289580029409846,0,,,,True
26,-1.906526953125,4,True,0.01997755486926156,0.01987755486926156,19.180004683033534,0.36103398680376864,0,,,,True
26,-1.906526953125,5,True,0.0187572593136216,0.0186572593136216,19.162186798620493,0.3591385968929319,0,,,,True
26,-1.906526953125,6,True,0.017631146409299525,0.017531146409299526,19.144169588279812,0.3571597419827476,0,,,,True
27,-1.891528125,0,True,0.023242022683866992,0.023142022683866992,19.141867470183307,0.368942887437927,0,,,,True
27,-1.891528125,1,True,0.022807401811709038,0.02270740181170904,19.169956251991465,0.3667653662249416,0,,,,True
27,-1.891528125,2,True,0.022646566315636996,0.022546566315636996,19.19291061338667,0.3647811305063253,0,,,,True
27,-1.891528125,3,True,0.021258851013699953,0.021158851013699954,19.19291061338667,0.36289580029409846,0,,,,True
27,-1.891528125,4,True,0.019940316550512538,0.01984031655051254,19.18103927946118,0.36103398680376864,0,,,,True
27,-1.891528125,5,True,0.01872028974604767,0.01862028974604767,19.163221396740695,0.3591385968929319,0,,,,True
27,-1.891528125,6,True,0.01759831891928032,0.01749831891928032,19.14520469820186,0.3571597419827476,0,,,,True
28,-1.876529296875,0,True,0.023259647502567926,0.023159647502567927,19.142922480517502,0.368942887437927,0,,,,True
28,-1.876529296875,1,True,0.022807401811709038,0.02270740181170904,19.1710107971419,0.3667653662249416,0,,,,True
28,-1.876529296875,2,True,0.02259776785066636,0.022497767850666362,19.19291061338667,0.3647811305063253,0,,,,True
28,-1.876529296875,3,True,0.021221336658625578,0.02112133665862558,19.19291061338667,0.36289580029409846,0,,,,True
28,-1.876529296875,4,True,0.01990307853854656,0.01980307853854656,19.182072572983177,0.36103398680376864,0,,,,True
28,-1.876529296875,5,True,0.018683320477306253,0.018583320477306254,19.164254686327173,0.3591385968929319,0,,,,True
28,-1.876529296875,6,True,0.017561611536567767,0.017461611536567768,19.146238494011474,0.3571597419827476,0,,,,True
29,-1.86153046875,0,True,0.02327727232126886,0.02317727232126886,19.143977583539893,0.368942887437927,0,,,,True
29,-1.86153046875,1,True,0.022807401811709038,0.02270740181170904,19.172065434478405,0.3667653662249416,0,,,,True
29,-1.86153046875,2,True,0.0225490623541873,0.0224490623541873,19.19291061338667,0.3647811305063253,0,,,,True
29,-1.86153046875,3,True,0.021183822619973647,0.021083822619973647,19.19291061338667,0.36289580029409846,0,,,,True
29,-1.86153046875,4,True,0.019865840835793236,0.019765840835793237,19.183104560735476,0.36103398680376864,0,,,,True
29,-1.86153046875,5,True,0.018646351509802095,0.018546351509802095,19.165286664509367,0.3591385968929319,0,,,,True
29,-1.86153046875,6,True,0.017524904446224454,0.017424904446224455,19.147270972831425,0.3571597419827476,0,,,,True
30,-1.846531640625,0,True,0.02329489713997024,0.02319489713997024,19.14503277924377,0.368942887437927,0,,,,True
30,-1.846531640625,1,True,0.022807401811709038,0.02270740181170904,19.173120163994295,0.3667653662249416,0,,,,True
30,-1.846531640625,2,True,0.022500265218310833,0.022400265218310834,19.19291061338667,0.3647811305063253,0,,,,True
30,-1.846531640625,3,True,0.02114630890020086,0.02104630890020086,19.19291061338667,0.36289580029409846,0,,,,True
30,-1.846531640625,4,True,0.019828603444685733,0.019728603444685733,19.184106054580507,0.36103398680376864,0,,,,True
30,-1.846531640625,5,True,0.01860938284593816,0.01850938284593816,19.166317328415982,0.3591385968929319,0,,,,True
30,-1.846531640625,6,True,0.017488197650630255,0.017388197650630256,19.148302131783893,0.3571597419827476,0,,,,True
31,-1.8315328125,0,True,0.023312521958671173,0.023212521958671174,19.146088067622422,0.368942887437927,0,,,,True
31,-1.8315328125,1,True,0.022807401811709038,0.02270740181170904,19.174174985682896,0.3667653662249416,0,,,,True
31,-1.8315328125,2,True,0.02245146876689974,0.02235146876689974,19.19291061338667,0.3647811305063253,0,,,,True
31,-1.8315328125,3,True,0.021108795501766586,0.021008795501766587,19.19291061338667,0.36289580029409846,0,,,,True
31,-1.8315328125,4,True,0.019791366367652774,0.019691366367652775,19.18504886790255,0.36103398680376864,0,,,,True
31,-1.8315328125,5,True,0.01857241448812097,0.01847241448812097,19.16734667517511,0.3591385968929319,0,,,,True
31,-1.8315328125,6,True,0.017451491152164156,0.017351491152164156,19.149331967990168,0.3571597419827476,0,,,,True
32,-1.816533984375,0,True,0.023330146777372107,0.023230146777372108,19.147143448669137,0.368942887437927,0,,,,True
32,-1.816533984375,1,True,0.022807401811709038,0.02270740181170904,19.175229899537523,0.3667653662249416,0,,,,True
32,-1.816533984375,2,True,0.0224026730072846,0.022302673007284602,19.19291061338667,0.3647811305063253,0,,,,True
32,-1.816533984375,3,True,0.021071282427128413,0.020971282427128413,19.19291061338667,0.36289580029409846,0,,,,True
32,-1.816533984375,4,True,0.019754129607126636,0.019654129607126637,19.185990625184605,0.36103398680376864,0,,,,True
32,-1.816533984375,5,True,0.01853544643875571,0.01843544643875571,19.16837470191462,0.3591385968929319,0,,,,True
32,-1.816533984375,6,True,0.017414784953205587,0.017314784953205587,19.150360478571095,0.3571597419827476,0,,,,True
33,-1.80153515625,0,True,0.023347771596073486,0.023247771596073486,19.148198922377205,0.368942887437927,0,,,,True
33,-1.80153515625,1,True,0.022807401811709038,0.02270740181170904,19.1762849055515,0.3667653662249416,0,,,,True
33,-1.80153515625,2,True,0.022353877946792444,0.022253877946792445,19.19291061338667,0.3647811305063253,0,,,,True
33,-1.80153515625,3,True,0.02103376967874615,0.02093376967874615,19.19291061338667,0.36289580029409846,0,,,,True
33,-1.80153515625,4,True,0.01971689316554004,0.01961689316554004,19.186931324604693,0.36103398680376864,0,,,,True
33,-1.80153515625,5,True,0.0184984787002489,0.0183984787002489,19.169333122126147,0.3591385968929319,0,,,,True
33,-1.80153515625,6,True,0.01737807905613664,0.017278079056136642,19.15138766064683,0.3571597419827476,0,,,,True
34,-1.786536328125,0,True,0.02336539641477442,0.02326539641477442,19.1492544887399,0.368942887437927,0,,,,True
34,-1.786536328125,1,True,0.022807401811709038,0.02270740181170904,19.17734000371814,0.3667653662249416,0,,,,True
34,-1.786536328125,2,True,0.022305083592756958,0.02220508359275696,19.19291061338667,0.3647811305063253,0,,,,True
34,-1.786536328125,3,True,0.02099625725907872,0.02089625725907872,19.19291061338667,0.36289580029409846,0,,,,True
34,-1.786536328125,4,True,0.019679657045324817,0.019579657045324817,19.187870964339854,0.36103398680376864,0,,,,True
34,-1.786536328125,5,True,0.01846151127500617,0.01836151127500617,19.170273704393832,0.3591385968929319,0,,,,True
34,-1.786536328125,6,True,0.017341373463338527,0.017241373463338528,19.15241351133691,0.3571597419827476,0,,,,True
35,-1.7715375,0,True,0.023383021233475798,0.0232830212334758,19.150310147750517,0.368942887437927,0,,,,True
35,-1.7715375,1,True,0.022807401811709038,0.02270740181170904,19.178395194030767,0.3667653662249416,0,,,,True
35,-1.7715375,2,True,0.022256289952510055,0.022156289952510056,19.19291061338667,0.3647811305063253,0,,,,True
35,-1.7715375,3,True,0.0209563840364706,0.0208563840364706,19.19291061338667,0.36289580029409846,0,,,,True
35,-1.7715375,4,True,0.01964242124891502,0.01954242124891502,19.188809542567217,0.36103398680376864,0,,,,True
35,-1.7715375,5,True,0.018424544165435375,0.018324544165435375,19.17121322037256,0.3591385968929319,0,,,,True
35,-1.7715375,6,True,0.017304921997235212,0.017204921997235213,19.15337232101285,0.3571597419827476,0,,,,True
36,-1.756538671875,0,True,0.023400646052176732,0.023300646052176733,19.151365899402336,0.368942887437927,0,,,,True
36,-1.756538671875,1,True,0.022807401811709038,0.02270740181170904,19.179450476482685,0.3667653662249416,0,,,,True
36,-1.756538671875,2,True,0.022207497033388535,0.022107497033388535,19.19291061338667,0.3647811305063253,0,,,,True
36,-1.756538671875,3,True,0.02090795006093149,0.02080795006093149,19.19291061338667,0.36289580029409846,0,,,,True
36,-1.756538671875,4,True,0.019605185778743373,0.019505185778743373,19.18974705746327,0.36103398680376864,0,,,,True
36,-1.756538671875,5,True,0.018387577373942143,0.018287577373942144,19.17215166823496,0.3591385968929319,0,,,,True
36,-1.756538671875,6,True,0.017268217013415743,0.017168217013415744,19.15431221163989,0.3571597419827476,0,,,,True
37,-1.74153984375,0,True,0.023418270870877667,0.023318270870877667,19.152421743688638,0.368942887437927,0,,,,True
37,-1.74153984375,1,True,0.022807401811709038,0.02270740181170904,19.180505851067224,0.3667653662249416,0,,,,True
37,-1.74153984375,2,True,0.022158704842729637,0.022058704842729638,19.19291061338667,0.3647811305063253,0,,,,True
37,-1.74153984375,3,True,0.020859516791773114,0.020759516791773115,19.19291061338667,0.36289580029409846,0,,,,True
37,-1.74153984375,4,True,0.01956795063724348,0.01946795063724348,19.19068350720472,0.36103398680376864,0,,,,True
37,-1.74153984375,5,True,0.01835078789471778,0.01825078789471778,19.173093630344795,0.3591385968929319,0,,,,True
37,-1.74153984375,6,True,0.017231512341009836,0.017131512341009836,19.155251027566976,0.3571597419827476,0,,,,True
38,-1.726541015625,0,True,0.023435895689579045,0.023335895689579046,19.153477680602702,0.368942887437927,0,,,,True
38,-1.726541015625,1,True,0.022807401811709038,0.02270740181170904,19.181561317777682,0.3667653662249416,0,,,,True
38,-1.726541015625,2,True,0.022109913387871494,0.022009913387871494,19.19291061338667,0.3647811305063253,0,,,,True
38,-1.726541015625,3,True,0.020811084236251,0.020711084236251,19.19291061338667,0.36289580029409846,0,,,,True
38,-1.726541015625,4,True,0.019530715826851175,0.019430715826851176,19.191618889967234,0.36103398680376864,0,,,,True
38,-1.726541015625,5,True,0.01831382173615781,0.01821382173615781,19.174029937919325,0.3591385968929319,0,,,,True
38,-1.726541015625,6,True,0.01719480798240003,0.01709480798240003,19.156188766961645,0.3571597419827476,0,,,,True
39,-1.7115421875,0,True,0.02345352050827998,0.02335352050827998,19.154533710137812,0.368942887437927,0,,,,True
39,-1.7115421875,1,True,0.022807401811709038,0.02270740181170904,19.182616876607383,0.3667653662249416,0,,,,True
39,-1.7115421875,2,True,0.02206112267615623,0.02196112267615623,19.19291061338667,0.3647811305063253,0,,,,True
39,-1.7115421875,3,True,0.020762652401626447,0.020662652401626447,19.19291061338667,0.36289580029409846,0,,,,True
39,-1.7115421875,4,True,0.019493574233299338,0.01939357423329934,19.192563510890814,0.36103398680376864,0,,,,True
39,-1.7115421875,5,True,0.01827685590289807,0.01817685590289807,19.174965171894,0.3591385968929319,0,,,,True
39,-1.7115421875,6,True,0.01715810393996886,0.01705810393996886,19.157125427991314,0.3571597419827476,0,,,,True
40,-1.6965433593750001,0,True,0.023471145326980913,0.023371145326980914,19.155589832287244,0.368942887437927,0,,,,True
40,-1.6965433593750001,1,True,0.022807401811709038,0.02270740181170904,19.183672527549632,0.3667653662249416,0,,,,True
40,-1.6965433593750001,2,True,0.022012332714925975,0.021912332714925976,19.19291061338667,0.3647811305063253,0,,,,True
40,-1.6965433593750001,3,True,0.02071422129516165,0.02061422129516165,19.19291061338667,0.36289580029409846,0,,,,True
40,-1.6965433593750001,4,True,0.01945634008147845,0.019356340081478452,19.19291061338667,0.36103398680376864,0,,,,True
40,-1.6965433593750001,5,True,0.01823989039734819,0.01813989039734819,19.175899330440227,0.3591385968929319,0,,,,True
40,-1.6965433593750001,6,True,0.017121400216101534,0.017021400216101535,19.15806100882314,0.3571597419827476,0,,,,True
41,-1.6815445312500001,0,True,0.02348877014568229,0.023388770145682292,19.156646047044273,0.368942887437927,0,,,,True
41,-1.6815445312500001,1,True,0.022807401811709038,0.02270740181170904,19.18460406003838,0.3667653662249416,0,,,,True
41,-1.6815445312500001,2,True,0.021963543511526407,0.021863543511526407,19.19291061338667,0.3647811305063253,0,,,,True
41,-1.6815445312500001,3,True,0.020665883492551274,0.020565883492551274,19.19291061338667,0.36289580029409846,0,,,,True
41,-1.6815445312500001,4,True,0.01941910626806642,0.019319106268066422,19.19291061338667,0.36103398680376864,0,,,,True
41,-1.6815445312500001,5,True,0.0182029252219178,0.0181029252219178,19.17683241172869,0.3591385968929319,0,,,,True
41,-1.6815445312500001,6,True,0.01708469681318192,0.01698469681318192,19.158995507623636,0.3571597419827476,0,,,,True
42,-1.6665457031250002,0,True,0.023506394964383226,0.023406394964383227,19.157702354402183,0.368942887437927,0,,,,True
42,-1.6665457031250002,1,True,0.022807401811709038,0.02270740181170904,19.18546934394786,0.3667653662249416,0,,,,True
42,-1.6665457031250002,2,True,0.021914755073304093,0.021814755073304094,19.19291061338667,0.3647811305063253,0,,,,True
42,-1.6665457031250002,3,True,0.020617453846157652,0.020517453846157652,19.19291061338667,0.36289580029409846,0,,,,True
42,-1.6665457031250002,4,True,0.019381872795499966,0.019281872795499966,19.19291061338667,0.36103398680376864,0,,,,True
42,-1.6665457031250002,5,True,0.01816596037901652,0.018065960379016522,19.17776441393049,0.3591385968929319,0,,,,True
42,-1.6665457031250002,6,True,0.01704799373359478,0.01694799373359478,19.15992892255928,0.3571597419827476,0,,,,True
43,-1.6515468750000002,0,True,0.02352401978308416,0.02342401978308416,19.158758754354245,0.368942887437927,0,,,,True
43,-1.6515468750000002,1,True,0.022807401811709038,0.02270740181170904,19.18633465178682,0.3667653662249416,0,,,,True
43,-1.6515468750000002,2,True,0.021865967407606934,0.021765967407606935,19.19291061338667,0.3647811305063253,0,,,,True
43,-1.6515468750000002,3,True,0.02056902494971169,0.02046902494971169,19.19291061338667,0.36289580029409846,0,,,,True
43,-1.6515468750000002,4,True,0.019344639666215357,0.019244639666215358,19.19291061338667,0.36103398680376864,0,,,,True
43,-1.6515468750000002,5,True,0.01812899587105532,0.01802899587105532,19.17869533521549,0.3591385968929319,0,,,,True
43,-1.6515468750000002,6,True,0.017011290979725313,0.016911290979725314,19.160861251796167,0.3571597419827476,0,,,,True
44,-1.636548046875,0,True,0.02354164460178554,0.02344164460178554,19.159815246893732,0.368942887437927,0,,,,True
44,-1.636548046875,1,True,0.022807401811709038,0.02270740181170904,19.18719998355461,0.3667653662249416,0,,,,True
44,-1.636548046875,2,True,0.02181718052178594,0.02171718052178594,19.19291061338667,0.3647811305063253,0,,,,True
44,-1.636548046875,3,True,0.020520596810479574,0.020420596810479575,19.19291061338667,0.36289580029409846,0,,,,True
44,-1.636548046875,4,True,0.019307406882650202,0.019207406882650203,19.19291061338667,0.36103398680376864,0,,,,True
44,-1.636548046875,5,True,0.01809203170044471,0.01799203170044471,19.179625173753827,0.3591385968929319,0,,,,True
44,-1.636548046875,6,True,0.016974587637489602,0.016874587637489603,19.16179199239068,0.3571597419827476,0,,,,True
45,-1.62154921875,0,True,0.023559269420486473,0.023459269420486473,19.160871832013925,0.368942887437927,0,,,,True
45,-1.62154921875,1,True,0.022807401811709038,0.02270740181170904,19.188065339250585,0.3667653662249416,0,,,,True
45,-1.62154921875,2,True,0.021768394423194337,0.021668394423194338,19.19291061338667,0.3647811305063253,0,,,,True
45,-1.62154921875,3,True,0.020472169435735488,0.02037216943573549,19.19291061338667,0.36289580029409846,0,,,,True
45,-1.62154921875,4,True,0.01927017444724166,0.019170174447241662,19.19291061338667,0.36103398680376864,0,,,,True
45,-1.62154921875,5,True,0.01805506786959743,0.01795506786959743,19.180553927715057,0.3591385968929319,0,,,,True
45,-1.62154921875,6,True,0.016937884578360762,0.016837884578360763,19.162721617649048,0.3571597419827476,0,,,,True
46,-1.606550390625,0,True,0.02357689423918785,0.02347689423918785,19.16192850970809,0.368942887437927,0,,,,True
46,-1.606550390625,1,True,0.022807401811709038,0.02270740181170904,19.18893071887409,0.3667653662249416,0,,,,True
46,-1.606550390625,2,True,0.02171960911918447,0.02161960911918447,19.19291061338667,0.3647811305063253,0,,,,True
46,-1.606550390625,3,True,0.02042374283275139,0.02032374283275139,19.19291061338667,0.36289580029409846,0,,,,True
46,-1.606550390625,4,True,0.019226214421396826,0.019126214421396826,19.19291061338667,0.36103398680376864,0,,,,True
46,-1.606550390625,5,True,0.018018104380924438,0.01791810438092444,19.18148159526867,0.3591385968929319,0,,,,True
46,-1.606550390625,6,True,0.016901181852292613,0.016801181852292613,19.16365015174341,0.3571597419827476,0,,,,True
47,-1.5915515625,0,True,0.023594519057888785,0.023494519057888786,19.162886965472104,0.368942887437927,0,,,,True
47,-1.5915515625,1,True,0.022807401811709038,0.02270740181170904,19.189796122424486,0.3667653662249416,0,,,,True
47,-1.5915515625,2,True,0.021670824617114892,0.021570824617114893,19.19291061338667,0.3647811305063253,0,,,,True
47,-1.5915515625,3,True,0.020375317008801908,0.020275317008801908,19.19291061338667,0.36289580029409846,0,,,,True
47,-1.5915515625,4,True,0.019178138129567923,0.019078138129567924,19.19291061338667,0.36103398680376864,0,,,,True
47,-1.5915515625,5,True,0.017981141236838027,0.017881141236838028,19.18240817458355,0.3591385968929319,0,,,,True
47,-1.5915515625,6,True,0.016864479461670356,0.016764479461670357,19.16457759283875,0.3571597419827476,0,,,,True
48,-1.5765527343749999,0,True,0.02361214387658972,0.02351214387658972,19.16375234764542,0.368942887437927,0,,,,True
48,-1.5765527343749999,1,True,0.022807401811709038,0.02270740181170904,19.190661549901122,0.3667653662249416,0,,,,True
48,-1.5765527343749999,2,True,0.021622040924341057,0.021522040924341058,19.19291061338667,0.3647811305063253,0,,,,True
48,-1.5765527343749999,3,True,0.020326891971163885,0.020226891971163886,19.19291061338667,0.36289580029409846,0,,,,True
48,-1.5765527343749999,4,True,0.019130062511170554,0.019030062511170554,19.19291061338667,0.36103398680376864,0,,,,True
48,-1.5765527343749999,5,True,0.017944178439752267,0.017844178439752268,19.18333366382826,0.3591385968929319,0,,,,True
48,-1.5765527343749999,6,True,0.01682777740888408,0.016727777408884082,19.165503939100095,0.3597604634232889,0,,,,True
49,-1.56155390625,0,True,0.023629768695291098,0.0235297686952911,19.164617753886933,0.368942887437927,0,,,,True
49,-1.56155390625,1,True,0.022807401811709038,0.02270740181170904,19.191322553035217,0.3667653662249416,0,,,,True
49,-1.56155390625,2,True,0.021573258048224186,0.021473258048224187,19.19291061338667,0.36593214140673785,0,,,,True
49,-1.56155390625,3,True,0.02027846772711639,0.02017846772711639,19.19291061338667,0.3663771568545288,0,,,,True
49,-1.56155390625,4,True,0.01908198739202538,0.01898198739202538,19.19291061338667,0.3669367534460621,0,,,,True
49,-1.56155390625,5,True,0.017907215992079006,0.017807215992079007,19.18425806117136,0.3675869044728774,0,,,,True
49,-1.56155390625,6,True,0.016791075696320323,0.016691075696320324,19.166429188691414,0.36831016742547634,0,,,,True
50,-1.546555078125,0,True,0.023647393513992032,0.023547393513992033,19.165483184195995,0.3740542106819968,0,,,,True
50,-1.546555078125,1,True,0.022807401811709038,0.02270740181170904,19.191852847952344,0.37417942598533693,0,,,,True
50,-1.546555078125,2,True,0.021524475996125947,0.021424475996125947,19.19291061338667,0.3744818454089253,0,,,,True
50,-1.546555078125,3,True,0.020230044283940707,0.020130044283940707,19.19291061338667,0.37492686085671634,0,,,,True
50,-1.546555078125,4,True,0.019033913050208184,0.018933913050208185,19.19291061338667,0.37548645744824954,0,,,,True
50,-1.546555078125,5,True,0.0178702538962332,0.017770253896233202,19.185181364780714,0.37613660847506486,0,,,,True
50,-1.546555078125,6,True,0.016754374326367838,0.01665437432636784,19.167353339776856,0.3768598714276638,0,,,,True
51,-1.53155625,0,True,0.023665018332692966,0.023565018332692967,19.16634863857195,0.38260391468418425,0,,,,True
51,-1.53155625,1,True,0.022807401811709038,0.02270740181170904,19.19238314286947,0.38272912998752445,0,,,,True
51,-1.53155625,2,True,0.021475694775409337,0.021375694775409338,19.19291061338667,0.3830315494111129,0,,,,True
51,-1.53155625,3,True,0.020181621648916792,0.020081621648916793,19.19291061338667,0.3834765648589038,0,,,,True
51,-1.53155625,4,True,0.018985839492924317,0.018885839492924317,19.19291061338667,0.384036161450437,0,,,,True
51,-1.53155625,5,True,0.017833292154628033,0.017733292154628034,19.186103572824013,0.38468631247725243,0,,,,True
51,-1.53155625,6,True,0.016717673301414937,0.016617673301414938,19.16827639052021,0.38540957542985127,0,,,,True
52,-1.516557421875,0,True,0.023682643151394345,0.023582643151394345,19.167214117014158,0.3911536186863717,0,,,,True
52,-1.516557421875,1,True,0.022807401811709038,0.02270740181170904,19.19291061338667,0.3912788339897119,0,,,,True
52,-1.516557421875,2,True,0.02142691439344091,0.02132691439344091,19.19291061338667,0.39158125341330036,0,,,,True
52,-1.516557421875,3,True,0.02013319982933215,0.02003319982933215,19.19291061338667,0.3920262688610913,0,,,,True
52,-1.516557421875,4,True,0.018937766727379124,0.018837766727379125,19.19291061338667,0.3925858654526245,0,,,,True
52,-1.516557421875,5,True,0.01779638877126688,0.01769638877126688,19.187030978371624,0.3932360164794399,0,,,,True
52,-1.516557421875,6,True,0.016681088172805225,0.016581088172805226,19.16920120314703,0.3939592794320388,0,,,,True
53,-1.50155859375,0,True,0.02370026797009528,0.02360026797009528,19.168079619521958,0.3997033226885593,0,,,,True
53,-1.50155859375,1,True,0.022770585469465754,0.022670585469465755,19.19291061338667,0.3998285379918994,0,,,,True
53,-1.50155859375,2,True,0.021378134857586772,0.021278134857586773,19.19291061338667,0.4001309574154878,0,,,,True
53,-1.50155859375,3,True,0.020084778832470285,0.019984778832470285,19.19291061338667,0.4005759728632788,0,,,,True
53,-1.50155859375,4,True,0.01888978775749317,0.01878978775749317,19.19291061338667,0.401135569454812,0,,,,True
53,-1.50155859375,5,True,0.017759463024712208,0.017659463024712208,19.187954821254383,0.40178572048162736,0,,,,True
53,-1.50155859375,6,True,0.016644450326000815,0.016544450326000815,19.17012359806612,0.40250898343422625,0,,,,True
54,-1.486559765625,0,True,0.023717892788796657,0.023617892788796658,19.168748859249238,0.40825302669074676,0,,,,True
54,-1.486559765625,1,True,0.02271780642387977,0.022617806423879772,19.19291061338667,0.40837824199408684,0,,,,True
54,-1.486559765625,2,True,0.02132935617521614,0.02122935617521614,19.19291061338667,0.4086806614176753,0,,,,True
54,-1.486559765625,3,True,0.020036358665620924,0.019936358665620924,19.19291061338667,0.4091256768654663,0,,,,True
54,-1.486559765625,4,True,0.018841716578805734,0.018741716578805735,19.19291061338667,0.40968527345699945,0,,,,True
54,-1.486559765625,5,True,0.017722502349289293,0.017622502349289294,19.18887373302153,0.4103354244838148,0,,,,True
54,-1.486559765625,6,True,0.016607750339861393,0.016507750339861394,19.171043338189296,0.4110586874364137,0,,,,True
55,-1.4715609375,0,True,0.02373551760749759,0.023635517607497592,19.16927890848118,0.4168027306929342,0,,,,True
55,-1.4715609375,1,True,0.02265830567730953,0.022558305677309532,19.19291061338667,0.4169279459962744,0,,,,True
55,-1.4715609375,2,True,0.021280578353700452,0.021180578353700453,19.19291061338667,0.4172303654198628,0,,,,True
55,-1.4715609375,3,True,0.019987939336072458,0.01988793933607246,19.19291061338667,0.41767538086765377,0,,,,True
55,-1.4715609375,4,True,0.01879364621347568,0.01869364621347568,19.19291061338667,0.4182349774591869,0,,,,True
55,-1.4715609375,5,True,0.01768554203776551,0.017585542037765512,19.189791541890752,0.41888512848600234,0,,,,True
55,-1.4715609375,6,True,0.016571050708278356,0.016471050708278357,19.17196197062282,0.4196083914386012,0,,,,True
56,-1.456562109375,0,True,0.023753142426198526,0.023653142426198526,19.16980895771312,0.4253524346951217,0,,,,True
56,-1.456562109375,1,True,0.022598806786522818,0.02249880678652282,19.19291061338667,0.4254776499984619,0,,,,True
56,-1.456562109375,2,True,0.021231801400412476,0.021131801400412476,19.19291061338667,0.42578006942205027,0,,,,True
56,-1.456562109375,3,True,0.019939520851116388,0.01983952085111639,19.19291061338667,0.42622508486984123,0,,,,True
56,-1.456562109375,4,True,0.018745576668716346,0.018645576668716347,19.19291061338667,0.4267846814613745,0,,,,True
56,-1.456562109375,5,True,0.017648582092557596,0.017548582092557597,19.190708246028183,0.4274348324881898,0,,,,True
56,-1.456562109375,6,True,0.016534351433643568,0.01643435143364357,19.172879493528825,0.42815809544078876,0,,,,True
57,-1.44156328125,0,True,0.023770767244899904,0.023670767244899905,19.170339006945056,0.4339021386973092,0,,,,True
57,-1.44156328125,1,True,0.022539309768927485,0.022439309768927485,19.19291061338667,0.43402735400064935,0,,,,True
57,-1.44156328125,2,True,0.021183025322726312,0.021083025322726313,19.19291061338667,0.43432977342423773,0,,,,True
57,-1.44156328125,3,True,0.01989110321804821,0.019791103218048212,19.19291061338667,0.4347747888720287,0,,,,True
57,-1.44156328125,4,True,0.018697507951743297,0.018597507951743298,19.19291061338667,0.43533438546356196,0,,,,True
57,-1.44156328125,5,True,0.017600887328053982,0.017500887328053983,19.191623843599707,0.4359845364903773,0,,,,True
57,-1.44156328125,6,True,0.016497652518348005,0.016397652518348006,19.173795905069333,0.4367077994429762,0,,,,True
58,-1.4265644531250001,0,True,0.02378839206360084,0.02368839206360084,19.170869056176997,0.44245184269949667,0,,,,True
58,-1.4265644531250001,1,True,0.022479814641937157,0.022379814641937158,19.19291061338667,0.4425770580028368,0,,,,True
58,-1.4265644531250001,2,True,0.02113425012802006,0.02103425012802006,19.19291061338667,0.44287947742642525,0,,,,True
58,-1.4265644531250001,3,True,0.019842686444162094,0.019742686444162095,19.19291061338667,0.44332449287421627,0,,,,True
58,-1.4265644531250001,4,True,0.018649440069771206,0.018549440069771207,19.19291061338667,0.4438840894657494,0,,,,True
58,-1.4265644531250001,5,True,0.0175531592595215,0.0174531592595215,19.192538332770642,0.44453424049256474,0,,,,True
58,-1.4265644531250001,6,True,0.016460953964783975,0.016360953964783976,19.174711203405643,0.4452575034451637,0,,,,True
59,-1.4115656250000002,0,True,0.02379203477244829,0.02369203477244829,19.171399105408938,0.45100154670168413,0,,,,True
59,-1.4115656250000002,1,True,0.022420321422970346,0.022320321422970347,19.19291061338667,0.45112676200502433,0,,,,True
59,-1.4115656250000002,2,True,0.02108547582367004,0.020985475823670042,19.19291061338667,0.45142918142861277,0,,,,True
59,-1.4115656250000002,3,True,0.019794270536753533,0.019694270536753534,19.19291061338667,0.45187419687640373,0,,,,True
59,-1.4115656250000002,4,True,0.018601373030021406,0.018501373030021407,19.19291061338667,0.4524337934679369,0,,,,True
59,-1.4115656250000002,5,True,0.017505432007500765,0.017405432007500766,19.19291061338667,0.4530839444947523,0,,,,True
59,-1.4115656250000002,6,True,0.01642425577534512,0.01632425577534512,19.17562538669922,0.45380720744735115,0,,,,True
60,-1.3965667968750002,0,True,0.02373210461517683,0.02363210461517683,19.17192915464088,0.4595512507038716,0,,,,True
60,-1.3965667968750002,1,True,0.022360830129449116,0.022260830129449117,19.19291061338667,0.4596764660072118,0,,,,True
60,-1.3965667968750002,2,True,0.02103670241705702,0.02093670241705702,19.19291061338667,0.45997888543080023,0,,,,True
60,-1.3965667968750002,3,True,0.019745855503124243,0.019645855503124244,19.19291061338667,0.4604239008785912,0,,,,True
60,-1.3965667968750002,4,True,0.01855330683971257,0.01845330683971257,19.19291061338667,0.4609834974701244,0,,,,True
60,-1.3965667968750002,5,True,0.017457705579136285,0.017357705579136285,19.19291061338667,0.4616336484969398,0,,,,True
60,-1.3965667968750002,6,True,0.016387557557784316,0.016287557557784316,19.176538245456964,0.46235691144953867,0,,,,True
61,-1.38156796875,0,True,0.02367217645885189,0.02357217645885189,19.172459203872815,0.4681009547060592,0,,,,True
61,-1.38156796875,1,True,0.02230134077880397,0.02220134077880397,19.19291061338667,0.4682261700093994,0,,,,True
61,-1.38156796875,2,True,0.02098792991556442,0.02088792991556442,19.19291061338667,0.46852858943298786,0,,,,True
61,-1.38156796875,3,True,0.019697441350574163,0.019597441350574164,19.19291061338667,0.46897360488077877,0,,,,True
61,-1.38156796875,4,True,0.01850524150606825,0.01840524150606825,19.19291061338667,0.46953320147231203,0,,,,True
61,-1.38156796875,5,True,0.017409979981573454,0.017309979981573454,19.19291061338667,0.4701833524991274,0,,,,True
61,-1.38156796875,6,True,0.016350859558388997,0.016250859558388998,19.17744990612474,0.4709066154517263,0,,,,True
62,-1.366569140625,0,True,0.023612250321107364,0.023512250321107365,19.172989253104756,0.47665065870824674,0,,,,True
62,-1.366569140625,1,True,0.022241853388466293,0.022141853388466293,19.19291061338667,0.4767758740115869,0,,,,True
62,-1.366569140625,2,True,0.020939158326574336,0.020839158326574337,19.19291061338667,0.4770782934351753,0,,,,True
62,-1.366569140625,3,True,0.019649028086405007,0.019549028086405008,19.19291061338667,0.47752330888296624,0,,,,True
62,-1.366569140625,4,True,0.01845717703631289,0.01835717703631289,19.19291061338667,0.4780829054744995,0,,,,True
62,-1.366569140625,5,True,0.017362255221960776,0.017262255221960777,19.19291061338667,0.47873305650131487,0,,,,True
62,-1.366569140625,6,True,0.01631416193041879,0.016214161930418792,19.17836044623851,0.47945631945391376,0,,,,True
63,-1.3515703125,0,True,0.023552326219583364,0.023452326219583364,19.173519302336697,0.4852003627104342,0,,,,True
63,-1.3515703125,1,True,0.022182367975878137,0.022082367975878137,19.19291061338667,0.48532557801377435,0,,,,True
63,-1.3515703125,2,True,0.02089038765747331,0.02079038765747331,19.19291061338667,0.4856279974373628,0,,,,True
63,-1.3515703125,3,True,0.019600615717921155,0.019500615717921155,19.19291061338667,0.4860730128851538,0,,,,True
63,-1.3515703125,4,True,0.018409113437671376,0.018309113437671377,19.19291061338667,0.48663260947668696,0,,,,True
63,-1.3515703125,5,True,0.017314531307447645,0.017214531307447645,19.19291061338667,0.48728276050350233,0,,,,True
63,-1.3515703125,6,True,0.016277464676267783,0.016177464676267784,19.179269863958673,0.4880060234561012,0,,,,True
64,-1.336571484375,0,True,0.02349240417192444,0.023392404171924442,19.174049351568634,0.4937500667126217,0,,,,True
64,-1.336571484375,1,True,0.02212288455848066,0.02202288455848066,19.19291061338667,0.4938752820159619,0,,,,True
64,-1.336571484375,2,True,0.020841617915648758,0.02074161791564876,19.19291061338667,0.4941777014395503,0,,,,True
64,-1.336571484375,3,True,0.019552204252431427,0.019452204252431427,19.19291061338667,0.4946227168873413,0,,,,True
64,-1.336571484375,4,True,0.01836105071737215,0.018261050717372152,19.19291061338667,0.4951823134788744,0,,,,True
64,-1.336571484375,5,True,0.01726682646880029,0.01716682646880029,19.19291061338667,0.49583246450568985,0,,,,True
64,-1.336571484375,6,True,0.016240767798330502,0.016140767798330503,19.18017815744493,0.4965557274582887,0,,,,True
65,-1.3215726562499999,0,True,0.02343248419577959,0.02333248419577959,19.174579400800575,0.5022997707148094,0,,,,True
65,-1.3215726562499999,1,True,0.02206340315372657,0.02196340315372657,19.19291061338667,0.5024249860181496,0,,,,True
65,-1.3215726562499999,2,True,0.020792849108489886,0.020692849108489886,19.19291061338667,0.5027274054417379,0,,,,True
65,-1.3215726562499999,3,True,0.01950379369724109,0.01940379369724109,19.19291061338667,0.5031724208895288,0,,,,True
65,-1.3215726562499999,4,True,0.018312988882644543,0.018212988882644544,19.19291061338667,0.503732017481062,0,,,,True
65,-1.3215726562499999,5,True,0.017219179474723845,0.017119179474723845,19.19291061338667,0.5043821685078774,0,,,,True
65,-1.3215726562499999,6,True,0.016204078682597434,0.016104078682597434,19.1810861120492,0.5051054314604763,0,,,,True
66,-1.306573828125,0,True,0.02337256630880402,0.023272566308804022,19.175109450032515,0.5108494747169968,0,,,,True
66,-1.306573828125,1,True,0.022003923779067236,0.021903923779067237,19.19291061338667,0.510974690020337,0,,,,True
66,-1.306573828125,2,True,0.020733939874294283,0.020633939874294283,19.19291061338667,0.5112771094439253,0,,,,True
66,-1.306573828125,3,True,0.019455384059660297,0.019355384059660297,19.19291061338667,0.5117221248917163,0,,,,True
66,-1.306573828125,4,True,0.018264927940720987,0.018164927940720988,19.19291061338667,0.5122817214832496,0,,,,True
66,-1.306573828125,5,True,0.017171458119978666,0.017071458119978667,19.19291061338667,0.5129318725100649,0,,,,True
66,-1.306573828125,6,True,0.016167468972140497,0.016067468972140498,19.182001366398115,0.5136551354626638,0,,,,True
67,-1.291575,0,True,0.023312650528657386,0.023212650528657387,19.175639499264452,0.5193991787191843,0,,,,True
67,-1.291575,1,True,0.02194444645196425,0.02184444645196425,19.19291061338667,0.5195243940225245,0,,,,True
67,-1.291575,2,True,0.02067489313400772,0.020574893134007722,19.19291061338667,0.5198268134461128,0,,,,True
67,-1.291575,3,True,0.019406975347002753,0.019306975347002753,19.19291061338667,0.5202718288939038,0,,,,True
67,-1.291575,4,True,0.018216867898833478,0.018116867898833478,19.19291061338667,0.520831425485437,0,,,,True
67,-1.291575,5,True,0.01712373763894126,0.01702373763894126,19.19291061338667,0.5214815765122524,0,,,,True
67,-1.291575,6,True,0.01612701649036108,0.01602701649036108,19.182906277553162,0.5222048394648513,0,,,,True
68,-1.276576171875,0,True,0.023252736873005997,0.023152736873005998,19.176169548496393,0.5279488827213717,0,,,,True
68,-1.276576171875,1,True,0.021884971189880975,0.021784971189880976,19.19291061338667,0.528074098024712,0,,,,True
68,-1.276576171875,2,True,0.020615848399659686,0.020515848399659687,19.19291061338667,0.5283765174483004,0,,,,True
68,-1.276576171875,3,True,0.019358567566581275,0.019258567566581276,19.19291061338667,0.5288215328960914,0,,,,True
68,-1.276576171875,4,True,0.018168808764218003,0.018068808764218004,19.19291061338667,0.5293811294876245,0,,,,True
68,-1.276576171875,5,True,0.017076018038769458,0.01697601803876946,19.19291061338667,0.5300312805144398,0,,,,True
68,-1.276576171875,6,True,0.016079624888527544,0.015979624888527545,19.183810057111195,0.5307545434670388,0,,,,True
69,-1.26157734375,0,True,0.023192825359518388,0.023092825359518388,19.176699597728334,0.5364985867235592,0,,,,True
69,-1.26157734375,1,True,0.02182549801028788,0.02172549801028788,19.19291061338667,0.5366238020268994,0,,,,True
69,-1.26157734375,2,True,0.020556805688527025,0.020456805688527025,19.19291061338667,0.5369262214504879,0,,,,True
69,-1.26157734375,3,True,0.019310160725710013,0.019210160725710013,19.19291061338667,0.5373712368982788,0,,,,True
69,-1.26157734375,4,True,0.01812075054411144,0.018020750544111442,19.19291061338667,0.537930833489812,0,,,,True
69,-1.26157734375,5,True,0.017028299326624197,0.016928299326624197,19.19291061338667,0.5385809845166274,0,,,,True
69,-1.26157734375,6,True,0.016032234147664415,0.015932234147664415,19.184712703230456,0.5393042474692262,0,,,,True
70,-1.246578515625,0,True,0.023132916005869752,0.023032916005869753,19.17722964696027,0.5450482907257467,0,,,,True
70,-1.246578515625,1,True,0.021766026930660765,0.021666026930660765,19.19291061338667,0.5451735060290869,0,,,,True
70,-1.246578515625,2,True,0.020497765017891467,0.020397765017891468,19.19291061338667,0.5454759254526753,0,,,,True
70,-1.246578515625,3,True,0.019261754831707112,0.019161754831707112,19.19291061338667,0.5459209409004663,0,,,,True
70,-1.246578515625,4,True,0.018072693245752447,0.017972693245752448,19.19291061338667,0.5464805374919995,0,,,,True
70,-1.246578515625,5,True,0.016980581509667747,0.016880581509667748,19.19291061338667,0.5471306885188149,0,,,,True
70,-1.246578515625,6,True,0.015984844274860688,0.01588484427486069,19.185614214069233,0.5478539514714138,0,,,,True
71,-1.2315796875,0,True,0.023073008829741948,0.02297300882974195,19.17775969619221,0.5535979947279341,0,,,,True
71,-1.2315796875,1,True,0.021706557968477647,0.021606557968477647,19.19291061338667,0.5537232100312743,0,,,,True
71,-1.2315796875,2,True,0.02043872640503963,0.02033872640503963,19.19291061338667,0.5540256294548628,0,,,,True
71,-1.2315796875,3,True,0.019213349891891607,0.019113349891891607,19.19291061338667,0.5544706449026537,0,,,,True
71,-1.2315796875,4,True,0.01802463687638145,0.01792463687638145,19.19291061338667,0.555030241494187,0,,,,True
71,-1.2315796875,5,True,0.01693286459506549,0.01683286459506549,19.19291061338667,0.5556803925210023,0,,,,True
71,-1.2315796875,6,True,0.01593745527720669,0.015837455277206692,19.18651458778498,0.5564036554736013,0,,,,True
72,-1.216580859375,0,True,0.02301310384881905,0.02291310384881905,19.178289745424152,0.5621476987301217,0,,,,True
72,-1.216580859375,1,True,0.02164709114122454,0.02154709114122454,19.19291061338667,0.5622729140334619,0,,,,True
72,-1.216580859375,2,True,0.020379689867262574,0.020279689867262574,19.19291061338667,0.5625753334570502,0,,,,True
72,-1.216580859375,3,True,0.019164945913584308,0.01906494591358431,19.19291061338667,0.5630203489048413,0,,,,True
72,-1.216580859375,4,True,0.017976581443240214,0.017876581443240214,19.19291061338667,0.5635799454963745,0,,,,True
72,-1.216580859375,5,True,0.0168851485899828,0.016785148589982802,19.19291061338667,0.5642300965231898,0,,,,True
72,-1.216580859375,6,True,0.015890067161795862,0.015790067161795863,19.187413822535184,0.5649533594757887,0,,,,True
73,-1.20158203125,0,True,0.022953201080791796,0.022853201080791797,19.17881979465609,0.5706974027323092,0,,,,True
73,-1.20158203125,1,True,0.021587626466391896,0.021487626466391897,19.19291061338667,0.5708226180356494,0,,,,True
73,-1.20158203125,2,True,0.020320655421857126,0.020220655421857126,19.19291061338667,0.5711250374592378,0,,,,True
73,-1.20158203125,3,True,0.019116542904107803,0.019016542904107803,19.19291061338667,0.5715700529070288,0,,,,True
73,-1.20158203125,4,True,0.017928526953573165,0.017828526953573166,19.19291061338667,0.5721296494985619,0,,,,True
73,-1.20158203125,5,True,0.01683743350158684,0.01673743350158684,19.19291061338667,0.5727798005253772,0,,,,True
73,-1.20158203125,6,True,0.01584267993572208,0.015742679935722082,19.18831191647704,0.5735030634779762,0,,,,True
74,-1.186583203125,0,True,0.022893300543357142,0.022793300543357143,19.17934984388803,0.5792471067344966,0,,,,True
74,-1.186583203125,1,True,0.02152816396147461,0.021428163961474612,19.19291061338667,0.5793723220378368,0,,,,True
74,-1.186583203125,2,True,0.020261623086126335,0.020161623086126335,19.19291061338667,0.5796747414614253,0,,,,True
74,-1.186583203125,3,True,0.019068140870786454,0.018968140870786455,19.19291061338667,0.5801197569092162,0,,,,True
74,-1.186583203125,4,True,0.017880473414627396,0.017780473414627396,19.19291061338667,0.5806793535007494,0,,,,True
74,-1.186583203125,5,True,0.01678971933704876,0.01668971933704876,19.19291061338667,0.5813295045275648,0,,,,True
74,-1.186583203125,6,True,0.015795293606081895,0.015695293606081896,19.189208867767288,0.5820527674801638,0,,,,True
75,-1.1715843750000001,0,True,0.022833402254213375,0.022733402254213376,19.17987989311997,0.5877968107366841,0,,,,True
75,-1.1715843750000001,1,True,0.02146870364397202,0.02136870364397202,19.19291061338667,0.5879220260400243,0,,,,True
75,-1.1715843750000001,2,True,0.02020259287737458,0.02010259287737458,19.19291061338667,0.5882244454636127,0,,,,True
75,-1.1715843750000001,3,True,0.019019739820945514,0.018919739820945514,19.19291061338667,0.5886694609114037,0,,,,True
75,-1.1715843750000001,4,True,0.017832420833649998,0.01773242083365,19.19291061338667,0.589229057502937,0,,,,True
75,-1.1715843750000001,5,True,0.01674200610353971,0.01664200610353971,19.19291061338667,0.5898792085297523,0,,,,True
75,-1.1715843750000001,6,True,0.015747908179973624,0.015647908179973625,19.19010467456254,0.5906024714823512,0,,,,True
76,-1.156585546875,0,True,0.022773506231066776,0.022673506231066776,19.180409942351908,0.5963465147388718,0,,,,True
76,-1.156585546875,1,True,0.021409245531390564,0.021309245531390564,19.19291061338667,0.596471730042212,0,,,,True
76,-1.156585546875,2,True,0.020143564812916015,0.020043564812916016,19.19291061338667,0.5967741494658003,0,,,,True
76,-1.156585546875,3,True,0.01897133976191423,0.01887133976191423,19.19291061338667,0.5972191649135913,0,,,,True
76,-1.156585546875,4,True,0.01778436921788984,0.01768436921788984,19.19291061338667,0.5977787615051245,0,,,,True
76,-1.156585546875,5,True,0.016694293808232175,0.016594293808232175,19.19291061338667,0.5984289125319399,0,,,,True
76,-1.156585546875,6,True,0.015700598027535317,0.015600598027535318,19.191012680360917,0.5991521754845388,0,,,,True
77,-1.14158671875,0,True,0.02271361249162851,0.02261361249162851,19.18093999158385,0.6048962187410593,0,,,,True
77,-1.14158671875,1,True,0.021349789641239347,0.021249789641239348,19.19291061338667,0.6050214340443995,0,,,,True
77,-1.14158671875,2,True,0.020084538910064342,0.019984538910064343,19.19291061338667,0.6053238534679878,0,,,,True
77,-1.14158671875,3,True,0.018917062183565037,0.018817062183565037,19.19291061338667,0.6057688689157789,0,,,,True
77,-1.14158671875,4,True,0.01773631857459801,0.01763631857459801,19.19291061338667,0.606328465507312,0,,,,True
77,-1.14158671875,5,True,0.016646582458302195,0.016546582458302195,19.19291061338667,0.6069786165341273,0,,,,True
77,-1.14158671875,6,True,0.015653233942225953,0.015553233942225953,19.191909699169557,0.6077018794867263,0,,,,True
78,-1.126587890625,0,True,0.022653721053613296,0.022553721053613297,19.18147004081579,0.6134459227432467,0,,,,True
78,-1.126587890625,1,True,0.02129033599103325,0.02119033599103325,19.19291061338667,0.6135711380465869,0,,,,True
78,-1.126587890625,2,True,0.020025515186143483,0.019925515186143484,19.19291061338667,0.6138735574701752,0,,,,True
78,-1.126587890625,3,True,0.01885845914976514,0.01875845914976514,19.19291061338667,0.6143185729179663,0,,,,True
78,-1.126587890625,4,True,0.01768826891102826,0.01758826891102826,19.19291061338667,0.6148781695094995,0,,,,True
78,-1.126587890625,5,True,0.016598872060925807,0.016498872060925807,19.19291061338667,0.6155283205363148,0,,,,True
78,-1.126587890625,6,True,0.015605851250665381,0.015505851250665382,19.192802062865947,0.6162515834889137,0,,,,True
79,-1.1115890625,0,True,0.022593831934742514,0.022493831934742515,19.182000090047726,0.6219956267454342,0,,,,True
79,-1.1115890625,1,True,0.02123088459829381,0.02113088459829381,19.19291061338667,0.6221208420487744,0,,,,True
79,-1.1115890625,2,True,0.019966493658481355,0.019866493658481355,19.19291061338667,0.6224232614723628,0,,,,True
79,-1.1115890625,3,True,0.018799858250846846,0.018699858250846847,19.19291061338667,0.6228682769201538,0,,,,True
79,-1.1115890625,4,True,0.01764022023443612,0.017540220234436122,19.19291061338667,0.6234278735116869,0,,,,True
79,-1.1115890625,5,True,0.016551162623281268,0.01645116262328127,19.19291061338667,0.6240780245385024,0,,,,True
79,-1.1115890625,6,True,0.015558469491035343,0.015458469491035343,19.19291061338667,0.6248012874911013,0,,,,True
80,-1.096590234375,0,True,0.022533945152740653,0.022433945152740654,19.18091088608586,0.6305453307476218,0,,,,True
80,-1.096590234375,1,True,0.021171435480544343,0.021071435480544343,19.19291061338667,0.6306705460509618,0,,,,True
80,-1.096590234375,2,True,0.019907474344405873,0.019807474344405874,19.19291061338667,0.6309729654745503,0,,,,True
80,-1.096590234375,3,True,0.018741259503953778,0.01864125950395378,19.19291061338667,0.6314179809223412,0,,,,True
80,-1.096590234375,4,True,0.017592172552077123,0.017492172552077124,19.19291061338667,0.6319775775138745,0,,,,True
80,-1.096590234375,5,True,0.016503454152550834,0.016403454152550834,19.19291061338667,0.6326277285406898,0,,,,True
80,-1.096590234375,6,True,0.015511088670442597,0.015411088670442597,19.19291061338667,0.6333509914932888,0,,,,True
81,-1.08159140625,0,True,0.02247406072533842,0.02237406072533842,19.174708397482178,0.6390950347498092,0,,,,True
81,-1.08159140625,1,True,0.021111988655315717,0.021011988655315717,19.19291061338667,0.6392202500531494,0,,,,True
81,-1.08159140625,2,True,0.01984845726125606,0.01974845726125606,19.19291061338667,0.6395226694767379,0,,,,True
81,-1.08159140625,3,True,0.01868266292623666,0.01858266292623666,19.19291061338667,0.6399676849245287,0,,,,True
81,-1.08159140625,4,True,0.017544125871210348,0.017444125871210348,19.19291061338667,0.6405272815160619,0,,,,True
81,-1.08159140625,5,True,0.016455746655914538,0.01635574665591454,19.19291061338667,0.6411774325428773,0,,,,True
81,-1.08159140625,6,True,0.015463708795997455,0.015363708795997456,19.19291061338667,0.6419006954954761,0,,,,True
82,-1.066592578125,0,True,0.022414178670271845,0.022314178670271845,19.16852434197763,0.6476447387519967,0,,,,True
82,-1.066592578125,1,True,0.02105254414014235,0.02095254414014235,19.19291061338667,0.647769954055337,0,,,,True
82,-1.066592578125,2,True,0.01978944242637315,0.01968944242637315,19.19291061338667,0.6480723734789252,0,,,,True
82,-1.066592578125,3,True,0.018624068534850213,0.018524068534850214,19.19291061338667,0.6485173889267162,0,,,,True
82,-1.066592578125,4,True,0.01749608019909532,0.01739608019909532,19.19291061338667,0.6490769855182493,0,,,,True
82,-1.066592578125,5,True,0.016408040140557745,0.016308040140557745,19.19291061338667,0.6497271365450648,0,,,,True
82,-1.066592578125,6,True,0.015416329874809342,0.015316329874809343,19.19291061338667,0.6504503994976636,0,,,,True
83,-1.05159375,0,True,0.022354299005279632,0.022254299005279633,19.162308492879237,0.6561944427541841,0,,,,True
83,-1.05159375,1,True,0.020993101952564874,0.020893101952564875,19.18698157468826,0.6563196580575245,0,,,,True
83,-1.05159375,2,True,0.019730429857102827,0.019630429857102828,19.19291061338667,0.6566220774811127,0,,,,True
83,-1.05159375,3,True,0.01856547634695138,0.018465476346951382,19.19291061338667,0.6570670929289036,0,,,,True
83,-1.05159375,4,True,0.017448035542994678,0.017348035542994678,19.19291061338667,0.6576266895204368,0,,,,True
83,-1.05159375,5,True,0.016360334613666705,0.016260334613666706,19.19291061338667,0.6582768405472522,0,,,,True
83,-1.05159375,6,True,0.015368951913990347,0.015268951913990348,19.19291061338667,0.659000103499851,0,,,,True
84,-1.0365949218750001,0,True,0.022294421748108917,0.022194421748108917,19.156085980795645,0.6647441467563716,0,,,,True
84,-1.0365949218750001,1,True,0.020933662110127926,0.020833662110127927,19.18097229372096,0.6648693620597119,0,,,,True
84,-1.0365949218750001,2,True,0.019671419570796544,0.019571419570796545,19.19291061338667,0.6651717814833001,0,,,,True
84,-1.0365949218750001,3,True,0.018506886379706877,0.018406886379706878,19.19291061338667,0.6656167969310913,0,,,,True
84,-1.0365949218750001,4,True,0.01739999191017194,0.017299991910171942,19.19291061338667,0.6661763935226243,0,,,,True
84,-1.0365949218750001,5,True,0.016312630082427226,0.016212630082427227,19.19291061338667,0.6668265445494397,0,,,,True
84,-1.0365949218750001,6,True,0.015321574920654779,0.01522157492065478,19.19291061338667,0.6675498075020385,0,,,,True
85,-1.02159609375,0,True,0.022234546916508613,0.022134546916508614,19.149863122771293,0.6732938507585593,0,,,,True
85,-1.02159609375,1,True,0.020874224630380134,0.020774224630380134,19.17498341500519,0.6734190660618995,0,,,,True
85,-1.02159609375,2,True,0.01961241158481153,0.01951241158481153,19.19291061338667,0.6737214854854878,0,,,,True
85,-1.02159609375,3,True,0.018448298650284745,0.018348298650284745,19.19291061338667,0.6741665009332789,0,,,,True
85,-1.02159609375,4,True,0.017351949307892856,0.017251949307892856,19.19291061338667,0.6747260975248119,0,,,,True
85,-1.02159609375,5,True,0.016264926554029557,0.016164926554029558,19.19291061338667,0.6753762485516274,0,,,,True
85,-1.02159609375,6,True,0.015274198901918279,0.01517419890191828,19.19291061338667,0.6760995115042262,0,,,,True
86,-1.006597265625,0,True,0.022174674528232963,0.022074674528232963,19.143651566685026,0.6818435547607468,0,,,,True
86,-1.006597265625,1,True,0.020814789530876787,0.020714789530876788,19.168968918508106,0.681968770064087,0,,,,True
86,-1.006597265625,2,True,0.01955340591650767,0.019453405916507672,19.19291061338667,0.6822711894876753,0,,,,True
86,-1.006597265625,3,True,0.018389713175858358,0.018289713175858358,19.19291061338667,0.6827162049354664,0,,,,True
86,-1.006597265625,4,True,0.017303907743424496,0.017203907743424496,19.19291061338667,0.6832758015269994,0,,,,True
86,-1.006597265625,5,True,0.01621722403566439,0.01611722403566439,19.19291061338667,0.6839259525538149,0,,,,True
86,-1.006597265625,6,True,0.015226823864898709,0.01512682386489871,19.19291061338667,0.6846492155064137,0,,,,True
87,-0.9915984375,0,True,0.022114804601043758,0.02201480460104376,19.137411189796026,0.6903932587629342,0,,,,True
87,-0.9915984375,1,True,0.020755356829176286,0.020655356829176286,19.16294249220704,0.6905184740662744,0,,,,True
87,-0.9915984375,2,True,0.019494402583250636,0.019394402583250637,19.18996376825761,0.6908208934898628,0,,,,True
87,-0.9915984375,3,True,0.018331129973607307,0.018231129973607308,19.19291061338667,0.6912659089376538,0,,,,True
87,-0.9915984375,4,True,0.017255867224035715,0.017155867224035715,19.19291061338667,0.691825505529187,0,,,,True
87,-0.9915984375,5,True,0.016169522534525083,0.016069522534525083,19.19291061338667,0.6924756565560024,0,,,,True
87,-0.9915984375,6,True,0.015179449816715707,0.015079449816715707,19.19291061338667,0.6931989195086012,0,,,,True
88,-0.976599609375,0,True,0.022045732324359246,0.021945732324359247,19.13117041144798,0.6989429627651218,0,,,,True
88,-0.976599609375,1,True,0.020695926542844134,0.020595926542844135,19.1569103692658,0.6990681780684619,0,,,,True
88,-0.976599609375,2,True,0.019435401602413638,0.01933540160241364,19.184195745749548,0.6993705974920502,0,,,,True
88,-0.976599609375,3,True,0.018272549060715626,0.018172549060715627,19.19291061338667,0.6998156129398413,0,,,,True
88,-0.976599609375,4,True,0.017206433728507164,0.017106433728507165,19.19291061338667,0.7003752095313744,0,,,,True
88,-0.976599609375,5,True,0.016121822057805435,0.016021822057805436,19.19291061338667,0.7010253605581899,0,,,,True
88,-0.976599609375,6,True,0.015132076764489799,0.0150320767644898,19.19291061338667,0.7017486235107887,0,,,,True
89,-0.96160078125,0,True,0.02197646192813485,0.02187646192813485,19.124923030358282,0.7074926667673093,0,,,,True
89,-0.96160078125,1,True,0.02063649868944939,0.02053649868944939,19.150897711844067,0.7076178820706494,0,,,,True
89,-0.96160078125,2,True,0.01937640299136989,0.01927640299136989,19.178395626226038,0.7079203014942377,0,,,,True
89,-0.96160078125,3,True,0.01821397045437001,0.01811397045437001,19.19291061338667,0.7083653169420288,0,,,,True
89,-0.96160078125,4,True,0.017148263627500437,0.017048263627500438,19.19291061338667,0.7089249135335619,0,,,,True
89,-0.96160078125,5,True,0.016074122612702357,0.015974122612702358,19.19291061338667,0.7095750645603773,0,,,,True
89,-0.96160078125,6,True,0.015084704715342845,0.014984704715342845,19.19291061338667,0.7102983275129762,0,,,,True
90,-0.9466019531250001,0,True,0.021907137312123126,0.021807137312123127,19.118691334491523,0.7160423707694967,0,,,,True
90,-0.9466019531250001,1,True,0.02057707328656555,0.02047707328656555,19.14485422725482,0.716167586072837,0,,,,True
90,-0.9466019531250001,2,True,0.0193174067675006,0.0192174067675006,19.172590681540402,0.7164700054964253,0,,,,True
90,-0.9466019531250001,3,True,0.018155394147570725,0.018055394147570725,19.19291061338667,0.7169150209442162,0,,,,True
90,-0.9466019531250001,4,True,0.017090095787203108,0.01699009578720311,19.19291061338667,0.7174746175357494,0,,,,True
90,-0.9466019531250001,5,True,0.016026424206414536,0.015926424206414536,19.19291061338667,0.7181247685625648,0,,,,True
90,-0.9466019531250001,6,True,0.015037333676401143,0.014937333676401144,19.19291061338667,0.7188480315151636,0,,,,True
91,-0.9316031250000001,0,True,0.021837876598213235,0.021737876598213236,19.11242901899712,0.7245920747716842,0,,,,True
91,-0.9316031250000001,1,True,0.02051765035177011,0.020417650351770112,19.13880507524718,0.7247172900750245,0,,,,True
91,-0.9316031250000001,2,True,0.019258412948190973,0.019158412948190973,19.166780919043397,0.7250197094986127,0,,,,True
91,-0.9316031250000001,3,True,0.018096819990211177,0.017996819990211178,19.19291061338667,0.7254647249464037,0,,,,True
91,-0.9316031250000001,4,True,0.017031930224632674,0.016931930224632675,19.19291061338667,0.7260243215379368,0,,,,True
91,-0.9316031250000001,5,True,0.015978726846140212,0.015878726846140213,19.19291061338667,0.7266744725647523,0,,,,True
91,-0.9316031250000001,6,True,0.01498996365479055,0.01488996365479055,19.19291061338667,0.7273977355173511,0,,,,True
92,-0.9166042968750001,0,True,0.02176862075953867,0.02166862075953867,19.106153655327475,0.7331417787738717,0,,,,True
92,-0.9166042968750001,1,True,0.02045822990264723,0.02035822990264723,19.132756660728067,0.733266994077212,0,,,,True
92,-0.9166042968750001,2,True,0.01919942155083154,0.019099421550831542,19.1609925111353,0.7335694135008002,0,,,,True
92,-0.9166042968750001,3,True,0.018038248191382333,0.017938248191382334,19.190564863962823,0.7340144289485911,0,,,,True
92,-0.9166042968750001,4,True,0.016973766956811964,0.016873766956811965,19.19291061338667,0.7345740255401243,0,,,,True
92,-0.9166042968750001,5,True,0.015931030539082514,0.015831030539082514,19.19291061338667,0.7352241765669397,0,,,,True
92,-0.9166042968750001,6,True,0.014942594657639585,0.014842594657639586,19.19291061338667,0.7359474395195386,0,,,,True
93,-0.9016054687499999,0,True,0.021699369831535975,0.021599369831535976,19.099871742564286,0.7416914827760592,0,,,,True
93,-0.9016054687499999,1,True,0.02039881195678639,0.02029881195678639,19.12672047008069,0.7418166980793995,0,,,,True
93,-0.9016054687499999,2,True,0.019140432592816392,0.019040432592816393,19.155179438853146,0.7421191175029879,0,,,,True
93,-0.9016054687499999,3,True,0.017979678768294427,0.017879678768294428,19.185006763279393,0.7425641329507787,0,,,,True
93,-0.9016054687499999,4,True,0.01691560600076869,0.01681560600076869,19.19291061338667,0.743123729542312,0,,,,True
93,-0.9016054687499999,5,True,0.015883335292444123,0.015783335292444124,19.19291061338667,0.7437738805691274,0,,,,True
93,-0.9016054687499999,6,True,0.014895226692076768,0.014795226692076769,19.19291061338667,0.7444971435217262,0,,,,True
94,-0.8866066406249999,0,True,0.02163002630372679,0.02153002630372679,19.09360377644498,0.7502411867782467,0,,,,True
94,-0.8866066406249999,1,True,0.020339396531779297,0.020239396531779297,19.120654376944426,0.750366402081587,0,,,,True
94,-0.8866066406249999,2,True,0.01908144609154583,0.01898144609154583,19.149355269721788,0.7506688215051753,0,,,,True
94,-0.8866066406249999,3,True,0.01792111173815991,0.017821111738159912,19.179450853033416,0.7511138369529664,0,,,,True
94,-0.8866066406249999,4,True,0.01685744737353634,0.01675744737353634,19.19291061338667,0.7516734335444994,0,,,,True
94,-0.8866066406249999,5,True,0.015835641113429944,0.015735641113429944,19.19291061338667,0.7523235845713149,0,,,,True
94,-0.8866066406249999,6,True,0.014847859765234617,0.014747859765234617,19.19291061338667,0.7530468475239137,0,,,,True
95,-0.8716078125,0,True,0.02156077512708965,0.02146077512708965,19.087310953589608,0.7587908907804342,0,,,,True
95,-0.8716078125,1,True,0.02027998364522432,0.02017998364522432,19.114583398768314,0.7589161060837745,0,,,,True
95,-0.8716078125,2,True,0.019022462064423706,0.018922462064423707,19.1435263123313,0.7592185255073628,0,,,,True
95,-0.8716078125,3,True,0.017862547118196126,0.017762547118196127,19.17391203933595,0.7596635409551539,0,,,,True
95,-0.8716078125,4,True,0.016799291092150614,0.016699291092150615,19.19291061338667,0.7602231375466869,0,,,,True
95,-0.8716078125,5,True,0.0157879480092471,0.0156879480092471,19.19291061338667,0.7608732885735024,0,,,,True
95,-0.8716078125,6,True,0.014800493884246535,0.014700493884246536,19.19291061338667,0.7615965515261012,0,,,,True
96,-0.856608984375,0,True,0.02149153919471436,0.02139153919471436,19.08100947274854,0.7673405947826217,0,,,,True
96,-0.856608984375,1,True,0.020220573314723378,0.02012057331472338,19.108513958301643,0.7674658100859619,0,,,,True
96,-0.856608984375,2,True,0.018963480528859655,0.018863480528859656,19.137717752951517,0.7677682295095503,0,,,,True
96,-0.856608984375,3,True,0.017803984925624405,0.017703984925624406,19.168341911967843,0.7682132449573413,0,,,,True
96,-0.856608984375,4,True,0.01674113717365433,0.01664113717365433,19.19291061338667,0.7687728415488745,0,,,,True
96,-0.856608984375,5,True,0.015740255731113706,0.015640255731113707,19.19291061338667,0.7694229925756899,0,,,,True
96,-0.856608984375,6,True,0.014753129056248149,0.01465312905624815,19.19291061338667,0.7701462555282887,0,,,,True
97,-0.84161015625,0,True,0.021422308314864136,0.021322308314864136,19.07470821919475,0.7758902987848093,0,,,,True
97,-0.84161015625,1,True,0.020161165557884164,0.020061165557884165,19.10243890471862,0.7760155140881494,0,,,,True
97,-0.84161015625,2,True,0.018904501502267745,0.018804501502267746,19.1318792434011,0.7763179335117377,0,,,,True
97,-0.84161015625,3,True,0.01774542517767319,0.01764542517767319,19.162767785806775,0.7767629489595288,0,,,,True
97,-0.84161015625,4,True,0.016682985635094738,0.01658298563509474,19.19291061338667,0.777322545551062,0,,,,True
97,-0.84161015625,5,True,0.015692564218486638,0.015592564218486638,19.19291061338667,0.7779726965778774,0,,,,True
97,-0.84161015625,6,True,0.01470576528837464,0.01460576528837464,19.19291061338667,0.7786959595304762,0,,,,True
98,-0.826611328125,0,True,0.021353082523023037,0.021253082523023038,19.068393756759484,0.7844400027869968,0,,,,True
98,-0.826611328125,1,True,0.020101701439417585,0.020001701439417586,19.096388440732163,0.7845652180903369,0,,,,True
98,-0.826611328125,2,True,0.0188455250020656,0.0187455250020656,19.12603596791904,0.7848676375139252,0,,,,True
98,-0.826611328125,3,True,0.0176868678915727,0.0175868678915727,19.15718966633336,0.7853126529617163,0,,,,True
98,-0.826611328125,4,True,0.016624836493522643,0.016524836493522644,19.189568768789716,0.7858722495532494,0,,,,True
98,-0.826611328125,5,True,0.015644873802639125,0.015544873802639126,19.19291061338667,0.7865224005800648,0,,,,True
98,-0.826611328125,6,True,0.014658402587766517,0.014558402587766518,19.19291061338667,0.7872456635326637,0,,,,True
99,-0.8116125000000001,0,True,0.02128386185468356,0.021183861854683562,19.062072822843753,0.7929897067891842,0,,,,True
99,-0.8116125000000001,1,True,0.020042298910791345,0.019942298910791346,19.090295340754015,0.7931149220925245,0,,,,True
99,-0.8116125000000001,2,True,0.018786551045677946,0.018686551045677947,19.120194452131514,0.7934173415161128,0,,,,True
99,-0.8116125000000001,3,True,0.017628313084561142,0.017528313084561143,19.151633756293204,0.7938623569639037,0,,,,True
99,-0.8116125000000001,4,True,0.016566689765994624,0.016466689765994625,19.184273093607167,0.7944219535554369,0,,,,True
99,-0.8116125000000001,5,True,0.015597184490784066,0.015497184490784067,19.19291061338667,0.7950721045822523,0,,,,True
99,-0.8116125000000001,6,True,0.014611040961562072,0.014511040961562072,19.19291061338667,0.7957953675348511,0,,,,True
100,-0.7966136718750001,0,True,0.021214496203353583,0.021114496203353584,19.055767370655172,0.8015394107913717,0,,,,True
100,-0.7966136718750001,1,True,0.01997882134003026,0.019878821340030262,19.08419562403134,0.801664626094712,0,,,,True
100,-0.7966136718750001,2,True,0.018727579650531734,0.018627579650531734,19.11434166787437,0.8019670455183002,0,,,,True
100,-0.7966136718750001,3,True,0.01756976077387984,0.01746976077387984,19.146054079618178,0.8024120609660912,0,,,,True
100,-0.7966136718750001,4,True,0.016508545469571256,0.016408545469571257,19.178974141088815,0.8029716575576243,0,,,,True
100,-0.7966136718750001,5,True,0.015542566543305547,0.015442566543305548,19.19291061338667,0.8036218085844398,0,,,,True
100,-0.7966136718750001,6,True,0.014563680416904923,0.014463680416904923,19.19291061338667,0.8043450715370386,0,,,,True
101,-0.7816148437500001,0,True,0.02114528593754894,0.02104528593754894,19.04944217863881,0.8100891147935592,0,,,,True
101,-0.7816148437500001,1,True,0.01991009491063478,0.01981009491063478,19.07809033882052,0.8102143300968995,0,,,,True
101,-0.7816148437500001,2,True,0.018668552089899926,0.018568552089899926,19.108508425757133,0.8105167495204877,0,,,,True
101,-0.7816148437500001,3,True,0.017511210976773217,0.017411210976773218,19.140464015802902,0.8109617649682787,0,,,,True
101,-0.7816148437500001,4,True,0.016450403621318888,0.016350403621318888,19.17367266867666,0.8115213615598118,0,,,,True
101,-0.7816148437500001,5,True,0.015484820755752082,0.015384820755752083,19.19291061338667,0.8121715125866272,0,,,,True
101,-0.7816148437500001,6,True,0.014516320960939133,0.014416320960939134,19.19291061338667,0.8128947755392261,0,,,,True
102,-0.7666160156249999,0,True,0.0210760809017847,0.0209760809017847,19.043109538242696,0.8186388187957467,0,,,,True
102,-0.7666160156249999,1,True,0.019841373575613996,0.019741373575613997,19.071983516198426,0.818764034099087,0,,,,True
102,-0.7666160156249999,2,True,0.018609585897532366,0.018509585897532366,19.102646163916596,0.8190664535226753,0,,,,True
102,-0.7666160156249999,3,True,0.01745266371049281,0.01735266371049281,19.134869980687643,0.8195114689704662,0,,,,True
102,-0.7666160156249999,4,True,0.016392264238308307,0.016292264238308308,19.16840007418428,0.8200710655619994,0,,,,True
102,-0.7666160156249999,5,True,0.01542707736741189,0.01532707736741189,19.19291061338667,0.8207212165888148,0,,,,True
102,-0.7666160156249999,6,True,0.01446896260080921,0.01436896260080921,19.19291061338667,0.8214444795414138,0,,,,True
103,-0.7516171875,0,True,0.021006881131589328,0.02090688113158933,19.03676985199655,0.8271885227979342,0,,,,True
103,-0.7516171875,1,True,0.019772657370106472,0.019672657370106473,19.06587004603129,0.8273137381012745,0,,,,True
103,-0.7516171875,2,True,0.018550622318728394,0.018450622318728394,19.096779173668295,0.8276161575248628,0,,,,True
103,-0.7516171875,3,True,0.017394118992293706,0.017294118992293706,19.129271979800485,0.8280611729726539,0,,,,True
103,-0.7516171875,4,True,0.016334127337612525,0.016234127337612526,19.163091315815997,0.828620769564187,0,,,,True
103,-0.7516171875,5,True,0.015369336395186561,0.015269336395186562,19.19291061338667,0.8292709205910023,0,,,,True
103,-0.7516171875,6,True,0.01442160534366188,0.014321605343661881,19.19291061338667,0.8299941835436012,0,,,,True
104,-0.736618359375,0,True,0.02093768666250151,0.02083768666250151,19.030423609625302,0.8357382268001217,0,,,,True
104,-0.736618359375,1,True,0.019703797150508517,0.019603797150508518,19.05977074569344,0.835863442103462,0,,,,True
104,-0.736618359375,2,True,0.018491661370935386,0.018391661370935387,19.09091630642165,0.8361658615270503,0,,,,True
104,-0.736618359375,3,True,0.0173355499931791,0.0172355499931791,19.1236816251873,0.8366108769748414,0,,,,True
104,-0.736618359375,4,True,0.01627599293631299,0.01617599293631299,19.157779295910437,0.8371704735663744,0,,,,True
104,-0.736618359375,5,True,0.015311597855983017,0.015211597855983017,19.19279666879095,0.83782062459319,0,,,,True
104,-0.736618359375,6,True,0.014374249196647426,0.014274249196647427,19.19291061338667,0.8385438875457887,0,,,,True
105,-0.72161953125,0,True,0.020868497530068364,0.020768497530068365,19.02406412309386,0.8442879308023091,0,,,,True
105,-0.72161953125,1,True,0.019635091358222834,0.019535091358222834,19.053643290140958,0.8444131461056494,0,,,,True
105,-0.72161953125,2,True,0.018432703071604273,0.018332703071604273,19.085047415068658,0.8447155655292378,0,,,,True
105,-0.72161953125,3,True,0.017276979003961745,0.017176979003961746,19.118093329317546,0.8451605809770288,0,,,,True
105,-0.72161953125,4,True,0.016217861051493365,0.016117861051493366,19.152464018432248,0.845720177568562,0,,,,True
105,-0.72161953125,5,True,0.015253861766711285,0.015153861766711286,19.18782149625437,0.8463703285953774,0,,,,True
105,-0.72161953125,6,True,0.014326894166915682,0.014226894166915683,19.19291061338667,0.8470935915479763,0,,,,True
106,-0.706620703125,0,True,0.020799313769846783,0.020699313769846784,19.017698257276464,0.8528376348044966,0,,,,True
106,-0.706620703125,1,True,0.01956639080091893,0.019466390800918932,19.04751031650716,0.8529628501078369,0,,,,True
106,-0.706620703125,2,True,0.018373747438191312,0.018273747438191313,19.07917381163541,0.8532652695314252,0,,,,True
106,-0.706620703125,3,True,0.01721844206140144,0.01711844206140144,19.112486151729684,0.8537102849792163,0,,,,True
106,-0.706620703125,4,True,0.01615973170024354,0.01605973170024354,19.147145487351487,0.8542698815707495,0,,,,True
106,-0.706620703125,5,True,0.015196128144285836,0.015096128144285837,19.18281502395313,0.8549200325975649,0,,,,True
106,-0.706620703125,6,True,0.014279540261620038,0.014179540261620039,19.19291061338667,0.8556432955501637,0,,,,True
107,-0.691621875,0,True,0.0207299472573661,0.0206299472573661,19.01134731026201,0.8613873388066843,0,,,,True
107,-0.691621875,1,True,0.019497695513767344,0.019397695513767344,19.041371834948816,0.8615125541100244,0,,,,True
107,-0.691621875,2,True,0.018314687165018384,0.018214687165018385,19.073318949335288,0.8618149735336127,0,,,,True
107,-0.691621875,3,True,0.017159907735998292,0.017059907735998293,19.10687234634133,0.8622599889814038,0,,,,True
107,-0.691621875,4,True,0.016101604899655175,0.016001604899655176,19.1418302941414,0.8628195855729369,0,,,,True
107,-0.691621875,5,True,0.01513839700562869,0.01503839700562869,19.177805930733996,0.8634697365997523,0,,,,True
107,-0.691621875,6,True,0.014232187487912995,0.014132187487912996,19.19291061338667,0.8641929995523512,0,,,,True
108,-0.6766230468750001,0,True,0.020660774386767056,0.020560774386767056,19.00496872744015,0.8699370428088717,0,,,,True
108,-0.6766230468750001,1,True,0.019429005531951038,0.01932900553195104,19.035227855647594,0.8700622581122119,0,,,,True
108,-0.6766230468750001,2,True,0.018255736951217294,0.018155736951217295,19.067429448139457,0.8703646775358003,0,,,,True
108,-0.6766230468750001,3,True,0.0171013760450327,0.017001376045032702,19.10125460296182,0.8708096929835912,0,,,,True
108,-0.6766230468750001,4,True,0.01604342284282989,0.01594342284282989,19.1365314970051,0.8713692895751244,0,,,,True
108,-0.6766230468750001,5,True,0.015080668367663197,0.014980668367663198,19.172794219354934,0.8720194406019398,0,,,,True
108,-0.6766230468750001,6,True,0.014184835852951938,0.014084835852951939,19.19291061338667,0.8727427035545386,0,,,,True
109,-0.6616242187500001,0,True,0.020591606995093326,0.020491606995093326,18.9985838054257,0.8784867468110592,0,,,,True
109,-0.6616242187500001,1,True,0.019360320890657867,0.019260320890657868,19.02907838881025,0.8786119621143995,0,,,,True
109,-0.6616242187500001,2,True,0.018196789455735107,0.018096789455735108,19.061534243478512,0.8789143815379877,0,,,,True
109,-0.6616242187500001,3,True,0.01704284700578773,0.016942847005787732,19.095632927177263,0.8793593969857787,0,,,,True
109,-0.6616242187500001,4,True,0.015985301222498638,0.01588530122249864,19.131203231933615,0.8799189935773118,0,,,,True
109,-0.6616242187500001,5,True,0.01502294190662612,0.01492294190662612,19.167786434392287,0.8805691446041273,0,,,,True
109,-0.6616242187500001,6,True,0.014137485363893365,0.014037485363893366,19.19291061338667,0.8812924075567261,0,,,,True
110,-0.6466253906249999,0,True,0.020522445117936883,0.020422445117936883,18.992192557660122,0.8870364508132468,0,,,,True
110,-0.6466253906249999,1,True,0.019291641625089007,0.019191641625089007,19.02292344466833,0.8871616661165871,0,,,,True
110,-0.6466253906249999,2,True,0.018137844696048067,0.018037844696048067,19.055634363569652,0.8874640855401753,0,,,,True
110,-0.6466253906249999,3,True,0.016984320635549555,0.016884320635549555,19.0900073245834,0.8879091009879663,0,,,,True
110,-0.6466253906249999,4,True,0.015927182204148238,0.01582718220414824,19.12587172919315,0.8884686975794994,0,,,,True
110,-0.6466253906249999,5,True,0.014965217798900365,0.014865217798900366,19.16276961144215,0.8891188486063148,0,,,,True
110,-0.6466253906249999,6,True,0.014090136027895994,0.013990136027895995,19.19291061338667,0.8898421115589137,0,,,,True
111,-0.6316265624999999,0,True,0.02045328879089814,0.02035328879089814,18.985817062206323,0.8955861548154342,0,,,,True
111,-0.6316265624999999,1,True,0.019222780640788084,0.019122780640788085,19.016789813293595,0.8957113701187746,0,,,,True
111,-0.6316265624999999,2,True,0.01807890268963286,0.01797890268963286,19.049729816076347,0.8960137895423628,0,,,,True
111,-0.6316265624999999,3,True,0.016925690174711683,0.016825690174711683,19.084402024512336,0.8964588049901537,0,,,,True
111,-0.6316265624999999,4,True,0.015869065804891225,0.015769065804891225,19.12053699278199,0.8970184015816869,0,,,,True
111,-0.6316265624999999,5,True,0.014907438849724564,0.014807438849724564,19.157777567789292,0.8976685526085023,0,,,,True
111,-0.6316265624999999,6,True,0.014040394009086299,0.0139403940090863,19.19291061338667,0.8983918155611011,0,,,,True
112,-0.616627734375,0,True,0.02038413804958683,0.02028413804958683,18.979438322771667,0.9041358588176217,0,,,,True
112,-0.616627734375,1,True,0.0191541122705865,0.0190541122705865,19.01063060993596,0.904261074120962,0,,,,True
112,-0.616627734375,2,True,0.01801996345397283,0.017919963453972832,19.04382060867813,0.9045634935445502,0,,,,True
112,-0.616627734375,3,True,0.016867169229594747,0.016767169229594748,19.07876858657229,0.9050085089923414,0,,,,True
112,-0.616627734375,4,True,0.015810952041842796,0.015710952041842797,19.115199026704108,0.9055681055838743,0,,,,True
112,-0.616627734375,5,True,0.014849719889880042,0.014749719889880043,19.15275552928101,0.9062182566106898,0,,,,True
112,-0.616627734375,6,True,0.013983058128802295,0.013883058128802295,19.190949482101693,0.9069415195632886,0,,,,True
113,-0.60162890625,0,True,0.02031499292962069,0.02021499292962069,18.973053364786512,0.9126855628198092,0,,,,True
113,-0.60162890625,1,True,0.019085449381750497,0.018985449381750497,19.004465955721333,0.9128107781231495,0,,,,True
113,-0.60162890625,2,True,0.0179532791173056,0.0178532791173056,19.03790674907031,0.9131131975467377,0,,,,True
113,-0.60162890625,3,True,0.016808651005380426,0.016708651005380427,19.073131238665056,0.9135582129945289,0,,,,True
113,-0.60162890625,4,True,0.015752840932125256,0.015652840932125257,19.109857834969294,0.9141178095860618,0,,,,True
113,-0.60162890625,5,True,0.014792003515681884,0.014692003515681885,19.147730886453736,0.9147679606128772,0,,,,True
113,-0.60162890625,6,True,0.013925724764942249,0.01382572476494225,19.186261953066513,0.9154912235654762,0,,,,True
114,-0.586630078125,0,True,0.02024585346662544,0.02014585346662544,18.966662202153678,0.9212352668219966,0,,,,True
114,-0.586630078125,1,True,0.01901679200951234,0.01891679200951234,18.998295804808258,0.9213604821253369,0,,,,True
114,-0.586630078125,2,True,0.017885095576821275,0.017785095576821276,19.0319882449643,0.9216629015489253,0,,,,True
114,-0.586630078125,3,True,0.01675013551937532,0.01665013551937532,19.067491550442618,0.9221079169967163,0,,,,True
114,-0.586630078125,4,True,0.015694626128410327,0.015594626128410328,19.10453864399854,0.9226675135882494,0,,,,True
114,-0.586630078125,5,True,0.014734289744081419,0.01463428974408142,19.142703642084015,0.9233176646150649,0,,,,True
114,-0.586630078125,6,True,0.01386833696076728,0.01376833696076728,19.18160110072319,0.9240409275676638,0,,,,True
115,-0.57163125,0,True,0.020176719696235246,0.020076719696235246,18.9602648488148,0.9297849708241841,0,,,,True
115,-0.57163125,1,True,0.018948140189114948,0.01884814018911495,18.992135902652628,0.9299101861275244,0,,,,True
115,-0.57163125,2,True,0.01781673125221861,0.01771673125221861,19.026087739385666,0.9302126055511127,0,,,,True
115,-0.57163125,3,True,0.016691622788889138,0.01659162278888914,19.061853561452974,0.9306576209989038,0,,,,True
115,-0.57163125,4,True,0.01563652041180763,0.015536520411807631,19.099191014344854,0.931217217590437,0,,,,True
115,-0.57163125,5,True,0.014676578592036194,0.014576578592036194,19.137673798951493,0.9318673686172524,0,,,,True
115,-0.57163125,6,True,0.013811008707376615,0.013711008707376616,19.17690947930516,0.9325906315698512,0,,,,True
116,-0.5566324218750001,0,True,0.02010736841252969,0.020007368412529692,18.953882120175003,0.9383346748263718,0,,,,True
116,-0.5566324218750001,1,True,0.01887949395580879,0.01877949395580879,18.98597064098285,0.9384598901297119,0,,,,True
116,-0.5566324218750001,2,True,0.01774855861228719,0.01764855861228719,19.020159970824583,0.9387623095533002,0,,,,True
116,-0.5566324218750001,3,True,0.016633112831237362,0.016533112831237363,19.05621167195607,0.9392073250010913,0,,,,True
116,-0.5566324218750001,4,True,0.015578417399931599,0.0154784173999316,19.09384017109479,0.9397669215926244,0,,,,True
116,-0.5566324218750001,5,True,0.014618870076505974,0.014518870076505975,19.132641359838892,0.9404170726194399,0,,,,True
116,-0.5566324218750001,6,True,0.013753683020787388,0.013653683020787389,19.172215813859584,0.9411403355720387,0,,,,True
117,-0.5416335937500001,0,True,0.02003824615753702,0.01993824615753702,18.947473738691443,0.9468843788285592,0,,,,True
117,-0.5416335937500001,1,True,0.018810853344854106,0.018710853344854107,18.97980003045534,0.9470095941318993,0,,,,True
117,-0.5416335937500001,2,True,0.017680391455883626,0.017580391455883627,19.01422758099184,0.9473120135554877,0,,,,True
117,-0.5416335937500001,3,True,0.016574605663737252,0.016474605663737252,19.050565887574688,0.9477570290032787,0,,,,True
117,-0.5416335937500001,4,True,0.015520317109921855,0.015420317109921856,19.08848611828083,0.9483166255948119,0,,,,True
117,-0.5416335937500001,5,True,0.01456116421445941,0.01446116421445941,19.127606327532163,0.9489667766216273,0,,,,True
117,-0.5416335937500001,6,True,0.013696359917796386,0.013596359917796386,19.167520106241817,0.9496900395742262,0,,,,True
118,-0.5266347656250001,0,True,0.01996912970208431,0.01986912970208431,18.94106413187049,0.9554340828307467,0,,,,True
118,-0.5266347656250001,1,True,0.018742218391517795,0.018642218391517796,18.97362408175221,0.9555592981340869,0,,,,True
118,-0.5266347656250001,2,True,0.01761222981789956,0.01751222981789956,19.008290577663114,0.9558617175576752,0,,,,True
118,-0.5266347656250001,3,True,0.016516020719766544,0.016416020719766545,19.044924393457897,0.9563067330054662,0,,,,True
118,-0.5266347656250001,4,True,0.015462219558921575,0.015362219558921576,19.083128859940864,0.9568663295969994,0,,,,True
118,-0.5266347656250001,5,True,0.014503355372410542,0.014403355372410543,19.122594958266568,0.9575164806238148,0,,,,True
118,-0.5266347656250001,6,True,0.013639039415207943,0.013539039415207944,19.162822358308894,0.9582397435764136,0,,,,True
119,-0.5116359374999999,0,True,0.01990001908183814,0.01980001908183814,18.93464838781323,0.9639837868329343,0,,,,True
119,-0.5116359374999999,1,True,0.01867358913107564,0.01857358913107564,18.96744280558147,0.9641090021362746,0,,,,True
119,-0.5116359374999999,2,True,0.017544073733232413,0.017444073733232413,19.002348968630113,0.9644114215598628,0,,,,True
119,-0.5116359374999999,3,True,0.016457450778589955,0.016357450778589955,19.039274460108746,0.9648564370076538,0,,,,True
119,-0.5116359374999999,4,True,0.015404124764079263,0.015304124764079264,19.07776840011906,0.9654160335991869,0,,,,True
119,-0.5116359374999999,5,True,0.014445654903097793,0.014345654903097794,19.11755474915333,0.9660661846260024,0,,,,True
119,-0.5116359374999999,6,True,0.013581721529828616,0.013481721529828617,19.15812257191937,0.9667894475786012,0,,,,True
120,-0.49663710937499994,0,True,0.01983091433247397,0.01973091433247397,18.928226520604063,0.9725334908351217,0,,,,True
120,-0.49663710937499994,1,True,0.018604743404312174,0.018504743404312175,18.961277650228965,0.9726587061384621,0,,,,True
120,-0.49663710937499994,2,True,0.017475923236788926,0.017375923236788927,18.996414636016212,0.9729611255620503,0,,,,True
120,-0.49663710937499994,3,True,0.01639895195241703,0.01629895195241703,19.03360993552279,0.9734061410098412,0,,,,True
120,-0.49663710937499994,4,True,0.01534603274254609,0.01524603274254609,19.072404742864936,0.9739657376013744,0,,,,True
120,-0.49663710937499994,5,True,0.01438795713819685,0.01428795713819685,19.112511955220487,0.9746158886281898,0,,,,True
120,-0.49663710937499994,6,True,0.013524406278470735,0.013424406278470736,19.15342074893349,0.9753391515807887,0,,,,True
121,-0.48163828124999997,0,True,0.019761815489677925,0.019661815489677926,18.921794267916617,0.9810831948373092,0,,,,True
121,-0.48163828124999997,1,True,0.01853612565863516,0.01843612565863516,18.95508575254708,0.9812084101406495,0,,,,True
121,-0.48163828124999997,2,True,0.017407778363486948,0.017307778363486948,18.990483666293958,0.9815108295642377,0,,,,True
121,-0.48163828124999997,3,True,0.016340455985990765,0.016240455985990766,19.027941546274683,0.9819558450120287,0,,,,True
121,-0.48163828124999997,4,True,0.01528794351147944,0.015187943511479441,19.067037892233692,0.9825154416035619,0,,,,True
121,-0.48163828124999997,5,True,0.014330262094691903,0.014230262094691904,19.10746657926652,0.9831655926303773,0,,,,True
121,-0.48163828124999997,6,True,0.013466988685150838,0.013366988685150839,19.14874431312333,0.9838888555829761,0,,,,True
122,-0.466639453125,0,True,0.019692722589141454,0.019592722589141454,18.915353974947887,0.9896328988394967,0,,,,True
122,-0.466639453125,1,True,0.018467513711707184,0.018367513711707185,18.94888855967292,0.989758114142837,0,,,,True
122,-0.466639453125,2,True,0.017339639148246544,0.017239639148246545,18.984554534674594,0.9900605335664252,0,,,,True
122,-0.466639453125,3,True,0.016281962896651958,0.01618196289665196,19.02226929807753,0.9905055490142164,0,,,,True
122,-0.466639453125,4,True,0.015229709066937769,0.01512970906693777,19.06169203845189,0.9910651456057493,0,,,,True
122,-0.466639453125,5,True,0.014272569789571588,0.014172569789571588,19.102418624093133,0.9917152966325647,0,,,,True
122,-0.466639453125,6,True,0.013409678786921564,0.013309678786921565,19.144038423610798,0.9924385595851636,0,,,,True
123,-0.451640625,0,True,0.019623635666566663,0.019523635666566664,18.908907604169684,0.9981826028416841,0,,,,True
123,-0.451640625,1,True,0.018398907598837333,0.018298907598837334,18.94268608241815,0.9983078181450245,0,,,,True
123,-0.451640625,2,True,0.01727150562600155,0.01717150562600155,18.97862087006478,0.9986102375686127,0,,,,True
123,-0.451640625,3,True,0.01622347270174629,0.01612347270174629,19.016593196654057,0.9990552530164039,0,,,,True
123,-0.451640625,4,True,0.015171625499250663,0.015071625499250663,19.05631881437229,0.9996148496079368,0,,,,True
123,-0.451640625,5,True,0.014215205394632502,0.014115205394632502,19.09737774332243,1.0,1,,,,True
123,-0.451640625,6,True,0.013353576395264799,0.0132535763952648,19.139369371108618,1.0,1,,,,True
124,-0.4484523476508113,0,True,0.019608950741703435,0.019508950741703435,18.907536527321675,1.0,0,,,,True
124,-0.4484523476508113,1,True,0.018384469911431278,0.01828446991143128,18.941370106552103,1.0,1,,,,True
124,-0.4484523476508113,2,True,0.017257515762250097,0.017157515762250098,18.977370864148885,1.0,1,,,,True
124,-0.4484523476508113,3,True,0.016212125042980308,0.016112125042980308,19.01541301868314,1.0,1,,,,True
124,-0.4484523476508113,4,True,0.015161048204148209,0.01506104820414821,19.05522429906835,1.0,1,,,,True
124,-0.4484523476508113,5,True,0.014205172681403422,0.014105172681403422,19.09637002871765,1.0,1,,,,True
124,-0.4484523476508113,6,True,0.01334361063969114,0.01324361063969114,19.138439848931334,1.0,1,,,,True
125,-0.43664179687500004,0,True,0.01956239836280904,0.019462398362809042,18.90260794355098,1.0,1,,,,True
125,-0.43664179687500004,1,True,0.018338250442075932,0.018238250442075932,18.936651376091174,1.0,1,,,,True
125,-0.43664179687500004,2,True,0.017211400707899394,0.017111400707899394,18.972904140380603,1.0,1,,,,True
125,-0.43664179687500004,3,True,0.016174441672219597,0.016074441672219598,19.011147730248858,1.0,1,,,,True
125,-0.43664179687500004,4,True,0.015123628919280652,0.015023628919280652,19.051216686728107,1.0,1,,,,True
125,-0.43664179687500004,5,True,0.01416800842300292,0.01406800842300292,19.09263629273104,1.0,1,,,,True
125,-0.43664179687500004,6,True,0.01330669440301202,0.013206694403012021,19.13499595219861,1.0,1,,,,True
126,-0.42164296875000007,0,True,0.019503282285278978,0.01940328228527898,18.896344253462974,1.0,1,,,,True
126,-0.42164296875000007,1,True,0.018279557075699504,0.018179557075699505,18.930654844663316,1.0,1,,,,True
126,-0.42164296875000007,2,True,0.017153120868045768,0.01705312086804577,18.967197581166005,1.0,1,,,,True
126,-0.42164296875000007,3,True,0.016123130566247923,0.016023130566247924,19.00572821455139,1.0,1,,,,True
126,-0.42164296875000007,4,True,0.015076109629606815,0.014976109629606816,19.04612527548594,1.0,1,,,,True
126,-0.42164296875000007,5,True,0.014120812973888786,0.014020812973888786,19.087892834655726,1.0,1,,,,True
126,-0.42164296875000007,6,True,0.013259813897591677,0.013159813897591677,19.13062099723238,1.0,1,,,,True
127,-0.4066441406250001,0,True,0.019443945455019485,0.019343945455019485,18.89009305381466,1.0,1,,,,True
127,-0.4066441406250001,1,True,0.018220867220983372,0.018120867220983373,18.924653876576638,1.0,1,,,,True
127,-0.4066441406250001,2,True,0.01709484446371956,0.01699484446371956,18.961483205207237,1.0,1,,,,True
127,-0.4066441406250001,3,True,0.016065256278376072,0.015965256278376073,19.000305563338298,1.0,1,,,,True
127,-0.4066441406250001,4,True,0.015028591904143518,0.014928591904143518,19.041037722610405,1.0,1,,,,True
127,-0.4066441406250001,5,True,0.014073471824582295,0.013973471824582296,19.08317243093173,1.0,1,,,,True
127,-0.4066441406250001,6,True,0.01321293488619002,0.01311293488619002,19.126244507415084,1.0,1,,,,True
128,-0.3916453124999999,0,True,0.01938480450940272,0.01928480450940272,18.88382156507824,1.0,1,,,,True
128,-0.3916453124999999,1,True,0.018162180895619606,0.018062180895619607,18.918648480167473,1.0,1,,,,True
128,-0.3916453124999999,2,True,0.017036571512425436,0.016936571512425436,18.95576508877446,1.0,1,,,,True
128,-0.3916453124999999,3,True,0.01600738536805313,0.01590738536805313,18.994879780791848,1.0,1,,,,True
128,-0.3916453124999999,4,True,0.014981075750224448,0.014881075750224449,19.0359476241671,1.0,1,,,,True
128,-0.3916453124999999,5,True,0.01402627945934487,0.013926279459344871,19.078424964343355,1.0,1,,,,True
128,-0.3916453124999999,6,True,0.01316605737599863,0.01306605737599863,19.121866483952534,1.0,1,,,,True
129,-0.3766464843749999,0,True,0.019327211402443645,0.019227211402443645,18.877572955331257,1.0,2,,,,True
129,-0.3766464843749999,1,True,0.018105492891318242,0.018005492891318243,18.912683358810746,1.0,2,,,,True
129,-0.3766464843749999,2,True,0.01698095694909485,0.01688095694909485,18.950108779501722,1.0,2,,,,True
129,-0.3766464843749999,3,True,0.015952749770804964,0.015852749770804964,18.989567779290027,1.0,2,,,,True
129,-0.3766464843749999,4,True,0.014938147530577872,0.014838147530577873,19.030984588630847,1.0,2,,,,True
129,-0.3766464843749999,5,True,0.013984705234706407,0.013884705234706408,19.073847975568377,1.0,2,,,,True
129,-0.3766464843749999,6,True,0.013125890110870841,0.013025890110870842,19.117709725096905,1.0,2,,,,True
130,-0.36164765624999995,0,True,0.019278990855812417,0.019178990855812417,18.87150894172772,1.0,2,,,,True
130,-0.36164765624999995,1,True,0.018057621153904968,0.01795762115390497,18.906916506780505,1.0,2,,,,True
130,-0.36164765624999995,2,True,0.016933425620339282,0.016833425620339282,18.94464865275564,1.0,2,,,,True
130,-0.36164765624999995,3,True,0.015905548004632397,0.015805548004632398,18.984437981326792,1.0,2,,,,True
130,-0.36164765624999995,4,True,0.014901789620568096,0.014801789620568096,19.02620363979141,1.0,2,,,,True
130,-0.36164765624999995,5,True,0.013948593684151245,0.013848593684151245,19.069437074029654,1.0,2,,,,True
130,-0.36164765624999995,6,True,0.013090019359679239,0.01299001935967924,19.113694424077767,1.0,2,,,,True
131,-0.346648828125,0,True,0.019230772348860725,0.019130772348860726,18.865440598812263,1.0,2,,,,True
131,-0.346648828125,1,True,0.018009751419594267,0.017909751419594267,18.901146988404175,1.0,2,,,,True
131,-0.346648828125,2,True,0.01688589625712611,0.01678589625712611,18.939185481942097,1.0,2,,,,True
131,-0.346648828125,3,True,0.015858348166381653,0.015758348166381653,18.979306767391257,1.0,2,,,,True
131,-0.346648828125,4,True,0.014865432522775723,0.014765432522775724,19.021415483555373,1.0,2,,,,True
131,-0.346648828125,5,True,0.013912482930688252,0.013812482930688253,19.06502465759835,1.0,2,,,,True
131,-0.346648828125,6,True,0.01305400217196695,0.01295400217196695,19.109704277520798,1.0,2,,,,True
132,-0.33165,0,True,0.019182555889246444,0.019082555889246445,18.85936793523124,1.0,2,,,,True
132,-0.33165,1,True,0.017961883695966296,0.017861883695966297,18.895373806503255,1.0,2,,,,True
132,-0.33165,2,True,0.016838368866956,0.016738368866956,18.933719271488822,1.0,2,,,,True
132,-0.33165,3,True,0.015811150263477902,0.015711150263477903,18.974173083784375,1.0,2,,,,True
132,-0.33165,4,True,0.014829076239681438,0.014729076239681439,19.016625353115252,1.0,2,,,,True
132,-0.33165,5,True,0.013876372976774132,0.013776372976774132,19.06061072750429,1.0,2,,,,True
132,-0.33165,6,True,0.013018132992286269,0.01291813299228627,19.10568674311957,1.0,2,,,,True
133,-0.316651171875,0,True,0.01913434148463189,0.01903434148463189,18.853290959649,1.0,2,,,,True
133,-0.316651171875,1,True,0.01791401799060033,0.01781401799060033,18.889596898655963,1.0,2,,,,True
133,-0.316651171875,2,True,0.01679084345732962,0.01669084345732962,18.928250025829662,1.0,2,,,,True
133,-0.316651171875,3,True,0.01576480436646177,0.01566480436646177,18.969061043669083,1.0,3,,,,True
133,-0.316651171875,4,True,0.014794761857351624,0.014694761857351624,19.01189575107793,1.0,3,,,,True
133,-0.316651171875,5,True,0.013843544280530029,0.01374354428053003,19.05630388328869,1.0,3,,,,True
133,-0.316651171875,6,True,0.012986827741612306,0.012886827741612306,19.101830723979266,1.0,3,,,,True
134,-0.30165234375000005,0,True,0.01909551877857263,0.01899551877857263,18.847412678160197,1.0,3,,,,True
134,-0.30165234375000005,1,True,0.017876277888950742,0.017776277888950743,18.88405159197656,1.0,3,,,,True
134,-0.30165234375000005,2,True,0.01675433154407102,0.016654331544071022,18.92306456598541,1.0,3,,,,True
134,-0.30165234375000005,3,True,0.015728773676431995,0.015628773676431996,18.964239355835073,1.0,3,,,,True
134,-0.30165234375000005,4,True,0.014769635846858087,0.014669635846858087,19.00744580277727,1.0,3,,,,True
134,-0.30165234375000005,5,True,0.013818585886131718,0.013718585886131719,19.052256317636743,1.0,3,,,,True
134,-0.30165234375000005,6,True,0.012962034982865411,0.012862034982865412,19.098205917908338,1.0,3,,,,True
135,-0.2866535156250001,0,True,0.019058713680914163,0.018958713680914164,18.841574350653406,1.0,3,,,,True
135,-0.2866535156250001,1,True,0.017839738695047735,0.017739738695047736,18.878531826177294,1.0,3,,,,True
135,-0.2866535156250001,2,True,0.016718051848743976,0.016618051848743976,18.91788269604749,1.0,3,,,,True
135,-0.2866535156250001,3,True,0.015692743998964698,0.015592743998964698,18.95942181453117,1.0,3,,,,True
135,-0.2866535156250001,4,True,0.014744510206190942,0.014644510206190942,19.002994361152297,1.0,3,,,,True
135,-0.2866535156250001,5,True,0.013793627856078405,0.013693627856078406,19.048207648720933,1.0,3,,,,True
135,-0.2866535156250001,6,True,0.012937242582823139,0.01283724258282314,19.094580336131514,1.0,3,,,,True
136,-0.2716546875000001,0,True,0.019021909646743218,0.01892190964674322,18.835732452746875,1.0,3,,,,True
136,-0.2716546875000001,1,True,0.017803200549169063,0.017703200549169063,18.87300908646662,1.0,3,,,,True
136,-0.2716546875000001,2,True,0.016681773185094784,0.016581773185094784,18.912698403814947,1.0,3,,,,True
136,-0.2716546875000001,3,True,0.015656715336577864,0.015556715336577865,18.95460235474412,1.0,3,,,,True
136,-0.2716546875000001,4,True,0.014719384935919955,0.014619384935919955,18.998541427460193,1.0,3,,,,True
136,-0.2716546875000001,5,True,0.013768670190932308,0.013668670190932309,19.04415787728697,1.0,3,,,,True
136,-0.2716546875000001,6,True,0.012912450542043263,0.012812450542043264,19.090953979058852,1.0,3,,,,True
137,-0.2566558593749999,0,True,0.018985106678655495,0.018885106678655495,18.82988929465393,1.0,3,,,,True
137,-0.2566558593749999,1,True,0.017766663453885112,0.017666663453885113,18.86748337742339,1.0,3,,,,True
137,-0.2566558593749999,2,True,0.01664549555566941,0.01654549555566941,18.907511692416346,1.0,3,,,,True
137,-0.2566558593749999,3,True,0.015621467079627305,0.015521467079627305,18.949805031321887,1.0,4,,,,True
137,-0.2566558593749999,4,True,0.01469337016490524,0.01459337016490524,18.994157855138074,1.0,4,,,,True
137,-0.2566558593749999,5,True,0.013747036592052009,0.01364703659205201,19.040232961399372,1.0,4,,,,True
137,-0.2566558593749999,6,True,0.012892319395308327,0.012792319395308328,19.087517006404358,1.0,4,,,,True
138,-0.24165703124999993,0,True,0.01895699120497607,0.01885699120497607,18.824253327973185,1.0,4,,,,True
138,-0.24165703124999993,1,True,0.017739789909310133,0.017639789909310134,18.86220782379579,1.0,4,,,,True
138,-0.24165703124999993,2,True,0.016619981824151697,0.016519981824151698,18.902629363252164,1.0,4,,,,True
138,-0.24165703124999993,3,True,0.015596613710116891,0.015496613710116892,18.94532692934216,1.0,4,,,,True
138,-0.24165703124999993,4,True,0.014668684456597081,0.014568684456597081,18.990074925776717,1.0,4,,,,True
138,-0.24165703124999993,5,True,0.013732591890085466,0.013632591890085467,19.03657959226953,1.0,4,,,,True
138,-0.24165703124999993,6,True,0.012877966000834018,0.012777966000834019,19.084315190357636,1.0,4,,,,True
139,-0.22665820312499996,0,True,0.018931610249730113,0.018831610249730114,18.818679830393847,1.0,4,,,,True
139,-0.22665820312499996,1,True,0.01771459000129516,0.01761459000129516,18.85697368257882,1.0,4,,,,True
139,-0.22665820312499996,2,True,0.016594959251281072,0.016494959251281072,18.89775912220324,1.0,4,,,,True
139,-0.22665820312499996,3,True,0.015571760794486966,0.015471760794486967,18.940841652448796,1.0,4,,,,True
139,-0.22665820312499996,4,True,0.01464399919603565,0.014543999196035651,18.985990908357913,1.0,4,,,,True
139,-0.22665820312499996,5,True,0.013718147304524031,0.013618147304524032,19.032927418072866,1.0,4,,,,True
139,-0.22665820312499996,6,True,0.012863612721346396,0.012763612721346396,19.081112868954225,1.0,4,,,,True
140,-0.21165937499999998,0,True,0.018901518432328235,0.018801518432328235,18.813109969012253,1.0,4,,,,True
140,-0.21165937499999998,1,True,0.017689390559546325,0.017589390559546326,18.85173717085114,1.0,4,,,,True
140,-0.21165937499999998,2,True,0.016569937138879443,0.016469937138879443,18.89288699571214,1.0,4,,,,True
140,-0.21165937499999998,3,True,0.015546908333316622,0.015446908333316623,18.936354697523818,1.0,4,,,,True
140,-0.21165937499999998,4,True,0.014619314383792936,0.014519314383792937,18.981905803643155,1.0,4,,,,True
140,-0.21165937499999998,5,True,0.013703702835426324,0.013603702835426324,19.029278602791127,1.0,4,,,,True
140,-0.21165937499999998,6,True,0.012849259556903192,0.012749259556903193,19.077910042400262,1.0,4,,,,True
141,-0.196660546875,0,True,0.01886542780011169,0.01876542780011169,18.807538820456042,1.0,4,,,,True
141,-0.196660546875,1,True,0.017664191584652045,0.017564191584652045,18.846498291839996,1.0,4,,,,True
141,-0.196660546875,2,True,0.016546138202931715,0.016446138202931716,18.88805336324602,1.0,5,,,,True
141,-0.196660546875,3,True,0.015524602284937128,0.015424602284937129,18.9319570188766,1.0,5,,,,True
141,-0.196660546875,4,True,0.01459853880961548,0.01449853880961548,18.977970896174625,1.0,5,,,,True
141,-0.196660546875,5,True,0.013693786440083677,0.013593786440083678,19.025849051050965,1.0,5,,,,True
141,-0.196660546875,6,True,0.012840639011078014,0.012740639011078015,19.075004807705337,1.0,5,,,,True
142,-0.18166171875000003,0,True,0.018839315801034484,0.018739315801034485,18.802227126920243,1.0,5,,,,True
142,-0.18166171875000003,1,True,0.01764959944844069,0.01754959944844069,18.841580830219435,1.0,5,,,,True
142,-0.18166171875000003,2,True,0.016531684128750612,0.016431684128750613,18.883526685146542,1.0,5,,,,True
142,-0.18166171875000003,3,True,0.015510243633586995,0.015410243633586996,18.92784133578714,1.0,5,,,,True
142,-0.18166171875000003,4,True,0.014584272307993196,0.014484272307993196,18.9742870439642,1.0,5,,,,True
142,-0.18166171875000003,5,True,0.01368817865926708,0.013588178659267081,19.022628304413644,1.0,5,,,,True
142,-0.18166171875000003,6,True,0.012835065420236713,0.012735065420236714,19.072257680824908,1.0,5,,,,True
143,-0.16666289062500006,0,True,0.018814467277270985,0.018714467277270986,18.79694667457844,1.0,5,,,,True
143,-0.16666289062500006,1,True,0.017635044230846386,0.017535044230846387,18.836662642481823,1.0,5,,,,True
143,-0.16666289062500006,2,True,0.01651723019435325,0.01641723019435325,18.879001756772556,1.0,5,,,,True
143,-0.16666289062500006,3,True,0.015495885120575537,0.015395885120575537,18.92372459319713,1.0,5,,,,True
143,-0.16666289062500006,4,True,0.014570005943179254,0.014470005943179255,18.970602435561567,1.0,5,,,,True
143,-0.16666289062500006,5,True,0.013682570878450928,0.013582570878450929,19.019406943310546,1.0,5,,,,True
143,-0.16666289062500006,6,True,0.012829491829395856,0.012729491829395857,19.069510253082267,1.0,5,,,,True
144,-0.15166406250000009,0,True,0.01878961931913059,0.01868961931913059,18.791663926028725,1.0,5,,,,True
144,-0.15166406250000009,1,True,0.01762048915440495,0.01752048915440495,18.831742609002205,1.0,5,,,,True
144,-0.15166406250000009,2,True,0.01650277639979958,0.01640277639979958,18.874477350360877,1.0,5,,,,True
144,-0.15166406250000009,3,True,0.015481526745960927,0.015381526745960928,18.919606791911256,1.0,5,,,,True
144,-0.15166406250000009,4,True,0.014555739715233162,0.014455739715233163,18.96691707139216,1.0,5,,,,True
144,-0.15166406250000009,5,True,0.013676963097634776,0.013576963097634776,19.01617928505606,1.0,5,,,,True
144,-0.15166406250000009,6,True,0.012823918238554555,0.012723918238554555,19.06676252456662,1.0,5,,,,True
145,-0.1366652343750001,0,True,0.018766385262553253,0.018666385262553254,18.786428958829678,1.0,6,,,,True
145,-0.1366652343750001,1,True,0.01760839687041127,0.01750839687041127,18.8269182471235,1.0,6,,,,True
145,-0.1366652343750001,2,True,0.016491931428527007,0.016391931428527007,18.87010582797691,1.0,6,,,,True
145,-0.1366652343750001,3,True,0.015471965446100633,0.015371965446100633,18.915708552758755,1.0,6,,,,True
145,-0.1366652343750001,4,True,0.01454748407877915,0.01444748407877915,18.963529194889432,1.0,6,,,,True
145,-0.1366652343750001,5,True,0.013676034081072874,0.013576034081072875,19.013335142286852,1.0,6,,,,True
145,-0.1366652343750001,6,True,0.012823824362123482,0.012723824362123482,19.064493859676936,1.0,6,,,,True
146,-0.12166640625000014,0,True,0.01875205712403538,0.018652057124035382,18.78146839682242,1.0,6,,,,True
146,-0.12166640625000014,1,True,0.01760275940934486,0.01750275940934486,18.822347919644866,1.0,6,,,,True
146,-0.12166640625000014,2,True,0.016486330831940954,0.016386330831940955,18.86595740270436,1.0,6,,,,True
146,-0.12166640625000014,3,True,0.015466400458545415,0.015366400458545416,18.911993300287854,1.0,6,,,,True
146,-0.12166640625000014,4,True,0.014541953474138669,0.01444195347413867,18.96027600109559,1.0,6,,,,True
146,-0.12166640625000014,5,True,0.013676034081072874,0.013576034081072875,19.010566935182975,1.0,6,,,,True
146,-0.12166640625000014,6,True,0.012823824362123482,0.012723824362123482,19.062233249723466,1.0,6,,,,True
147,-0.10666757812500016,0,True,0.0187377291509212,0.0186377291509212,18.77650604401948,1.0,6,,,,True
147,-0.10666757812500016,1,True,0.01759712194827845,0.01749712194827845,18.817776194472223,1.0,6,,,,True
147,-0.10666757812500016,2,True,0.016480730235354457,0.016380730235354458,18.861806667836536,1.0,6,,,,True
147,-0.10666757812500016,3,True,0.015460835470990197,0.015360835470990198,18.90827731135529,1.0,6,,,,True
147,-0.10666757812500016,4,True,0.014536422869498189,0.01443642286949819,18.957022314080138,1.0,6,,,,True
147,-0.10666757812500016,5,True,0.013676034081072874,0.013576034081072875,19.007798430470736,1.0,6,,,,True
147,-0.10666757812500016,6,True,0.012823824362123482,0.012723824362123482,19.059972483662477,1.0,6,,,,True
148,-0.09166875000000019,0,True,0.01872340134327155,0.01862340134327155,18.771541902705643,1.0,6,,,,True
148,-0.09166875000000019,1,True,0.01759148448721204,0.01749148448721204,18.813203073009007,1.0,6,,,,True
148,-0.09166875000000019,2,True,0.01647512963876796,0.01637512963876796,18.857651208502265,1.0,6,,,,True
148,-0.09166875000000019,3,True,0.015455270483434536,0.015355270483434536,18.90456058641118,1.0,6,,,,True
148,-0.09166875000000019,4,True,0.014531387888275571,0.014431387888275572,18.953809725345227,1.0,7,,,,True
148,-0.09166875000000019,5,True,0.013676034081072874,0.013576034081072875,19.005149079150755,1.0,7,,,,True
148,-0.09166875000000019,6,True,0.012823824362123482,0.012723824362123482,19.05791833526058,1.0,7,,,,True
149,-0.07666992187500021,0,True,0.018713613356653447,0.018613613356653447,18.76675971175003,1.0,7,,,,True
149,-0.07666992187500021,1,True,0.01758951546458487,0.01748951546458487,18.808877733142847,1.0,7,,,,True
149,-0.07666992187500021,2,True,0.01647396570773685,0.01637396570773685,18.853818346941633,1.0,7,,,,True
149,-0.07666992187500021,3,True,0.01545493128802855,0.015354931288028551,18.901251343856604,1.0,7,,,,True
149,-0.07666992187500021,4,True,0.014531387888275571,0.014431387888275572,18.951022565564898,1.0,7,,,,True
149,-0.07666992187500021,5,True,0.013676034081072874,0.013576034081072875,19.002871374214664,1.0,7,,,,True
149,-0.07666992187500021,6,True,0.012823824362123482,0.012723824362123482,19.056176165018343,1.0,7,,,,True
150,-0.061671093749999795,0,True,0.018708071777029822,0.018608071777029823,18.762147927131206,1.0,7,,,,True
150,-0.061671093749999795,1,True,0.01758951546458487,0.01748951546458487,18.804685052502688,1.0,7,,,,True
150,-0.061671093749999795,2,True,0.01647396570773685,0.01637396570773685,18.850069632740134,1.0,7,,,,True
150,-0.061671093749999795,3,True,0.01545493128802855,0.015354931288028551,18.897968109478686,1.0,7,,,,True
150,-0.061671093749999795,4,True,0.014531387888275571,0.014431387888275572,18.94823660519821,1.0,7,,,,True
150,-0.061671093749999795,5,True,0.013676034081072874,0.013576034081072875,19.000593514722414,1.0,7,,,,True
150,-0.061671093749999795,6,True,0.012823824362123482,0.012723824362123482,19.05443393078836,1.0,7,,,,True
151,-0.04667226562499982,0,True,0.01870253019740664,0.018602530197406642,18.757534787630235,1.0,7,,,,True
151,-0.04667226562499982,1,True,0.01758951546458487,0.01748951546458487,18.80049135249413,1.0,7,,,,True
151,-0.04667226562499982,2,True,0.01647396570773685,0.01637396570773685,18.846320195025136,1.0,7,,,,True
151,-0.04667226562499982,3,True,0.01545493128802855,0.015354931288028551,18.89468439467616,1.0,7,,,,True
151,-0.04667226562499982,4,True,0.014531387888275571,0.014431387888275572,18.945450348859016,1.0,7,,,,True
151,-0.04667226562499982,5,True,0.013676034081072874,0.013576034081072875,18.998315500705008,1.0,7,,,,True
151,-0.04667226562499982,6,True,0.012823824362123482,0.012723824362123482,19.052691632577762,1.0,7,,,,True
152,-0.031673437499999846,0,True,0.018696988617783017,0.018596988617783018,18.752920294716027,1.0,7,,,,True
152,-0.031673437499999846,1,True,0.01758951546458487,0.01748951546458487,18.796335405410463,1.0,8,,,,True
152,-0.031673437499999846,2,True,0.01647396570773685,0.01637396570773685,18.8426740832111,1.0,8,,,,True
152,-0.031673437499999846,3,True,0.01545493128802855,0.015354931288028551,18.89158227321375,1.0,8,,,,True
152,-0.031673437499999846,4,True,0.014531387888275571,0.014431387888275572,18.942935162947897,1.0,8,,,,True
152,-0.031673437499999846,5,True,0.013676034081072874,0.013576034081072875,18.996407138551675,1.0,8,,,,True
152,-0.031673437499999846,6,True,0.012823824362123482,0.012723824362123482,19.051426858777326,1.0,8,,,,True
153,-0.01667460937499987,0,True,0.018696680007141087,0.018596680007141087,18.748667955273316,1.0,8,,,,True
153,-0.01667460937499987,1,True,0.01758951546458487,0.01748951546458487,18.79255649472769,1.0,8,,,,True
153,-0.01667460937499987,2,True,0.01647396570773685,0.01637396570773685,18.839362137882638,1.0,8,,,,True
153,-0.01667460937499987,3,True,0.01545493128802855,0.015354931288028551,18.888763182234584,1.0,8,,,,True
153,-0.01667460937499987,4,True,0.014531387888275571,0.014431387888275572,18.94064347938622,1.0,8,,,,True
153,-0.01667460937499987,5,True,0.013676034081072874,0.013576034081072875,18.994651657407168,1.0,8,,,,True
153,-0.01667460937499987,6,True,0.012823824362123482,0.012723824362123482,19.050234698684182,1.0,8,,,,True
154,-0.001675781249999897,0,True,0.018696680007141087,0.018596680007141087,18.74443605368863,1.0,8,,,,True
154,-0.001675781249999897,1,True,0.01758951546458487,0.01748951546458487,18.788776872685233,1.0,8,,,,True
154,-0.001675781249999897,2,True,0.01647396570773685,0.01637396570773685,18.836049720091918,1.0,8,,,,True
154,-0.001675781249999897,3,True,0.01545493128802855,0.015354931288028551,18.885943804742364,1.0,8,,,,True
154,-0.001675781249999897,4,True,0.014531387888275571,0.014431387888275572,18.938348387495992,1.0,8,,,,True
154,-0.001675781249999897,5,True,0.013676034081072874,0.013576034081072875,18.99289611287607,1.0,8,,,,True
154,-0.001675781249999897,6,True,0.012823824362123482,0.012723824362123482,19.049042522814204,1.0,8,,,,True
155,0.013323046875000077,0,True,0.018696680007141087,0.018596680007141087,18.740203163434458,1.0,8,,,,True
155,0.013323046875000077,1,True,0.01758951546458487,0.01748951546458487,18.784996539753827,1.0,8,,,,True
155,0.013323046875000077,2,True,0.01647396570773685,0.01637396570773685,18.83273683007029,1.0,8,,,,True
155,0.013323046875000077,3,True,0.01545493128802855,0.015354931288028551,18.883124140834806,1.0,8,,,,True
155,0.013323046875000077,4,True,0.014531387888275571,0.014431387888275572,18.93607186492022,1.0,9,,,,True
155,0.013323046875000077,5,True,0.013676034081072874,0.013576034081072875,18.99125229370085,1.0,9,,,,True
155,0.013323046875000077,6,True,0.012823824362123482,0.012723824362123482,19.048064302163354,1.0,9,,,,True
156,0.028321875000000052,0,True,0.018696680007141087,0.018596680007141087,18.736138985342766,1.0,9,,,,True
156,0.028321875000000052,1,True,0.01758951546458487,0.01748951546458487,18.78146344688695,1.0,9,,,,True
156,0.028321875000000052,2,True,0.01647396570773685,0.01637396570773685,18.829759791314068,1.0,9,,,,True
156,0.028321875000000052,3,True,0.01545493128802855,0.015354931288028551,18.88073928916138,1.0,9,,,,True
156,0.028321875000000052,4,True,0.014531387888275571,0.014431387888275572,18.934302183016662,1.0,9,,,,True
156,0.028321875000000052,5,True,0.013676034081072874,0.013576034081072875,18.99005094890266,1.0,9,,,,True
156,0.028321875000000052,6,True,0.012823824362123482,0.012723824362123482,19.047457488836862,1.0,9,,,,True
157,0.043320703125000026,0,True,0.018696680007141087,0.018596680007141087,18.73231906543811,1.0,9,,,,True
157,0.043320703125000026,1,True,0.01758951546458487,0.01748951546458487,18.778122535030324,1.0,9,,,,True
157,0.043320703125000026,2,True,0.01647396570773685,0.01637396570773685,18.8269158621702,1.0,9,,,,True
157,0.043320703125000026,3,True,0.01545493128802855,0.015354931288028551,18.87841599652616,1.0,9,,,,True
157,0.043320703125000026,4,True,0.014531387888275571,0.014431387888275572,18.932532438394237,1.0,9,,,,True
157,0.043320703125000026,5,True,0.013676034081072874,0.013576034081072875,18.988849588461644,1.0,9,,,,True
157,0.043320703125000026,6,True,0.012823824362123482,0.012723824362123482,19.04685067551037,1.0,9,,,,True
158,0.05831953125,0,True,0.018696680007141087,0.018596680007141087,18.728498456671176,1.0,9,,,,True
158,0.05831953125,1,True,0.01758951546458487,0.01748951546458487,18.774779626649163,1.0,9,,,,True
158,0.05831953125,2,True,0.01647396570773685,0.01637396570773685,18.82407165124095,1.0,9,,,,True
158,0.05831953125,3,True,0.01545493128802855,0.015354931288028551,18.876092555036823,1.0,9,,,,True
158,0.05831953125,4,True,0.014531387888275571,0.014431387888275572,18.930762631060237,1.0,9,,,,True
158,0.05831953125,5,True,0.013676034081072874,0.013576034081072875,18.987648212378513,1.0,9,,,,True
158,0.05831953125,6,True,0.012823824362123482,0.012723824362123482,19.04624386218388,1.0,9,,,,True
159,0.07331835937499998,0,True,0.018696680007141087,0.018596680007141087,18.72467715953652,1.0,9,,,,True
159,0.07331835937499998,1,True,0.01758951546458487,0.01748951546458487,18.771457875469274,1.0,10,,,,True
159,0.07331835937499998,2,True,0.01647396570773685,0.01637396570773685,18.821330889113494,1.0,10,,,,True
159,0.07331835937499998,3,True,0.01545493128802855,0.015354931288028551,18.873965284724363,1.0,10,,,,True
159,0.07331835937499998,4,True,0.014531387888275571,0.014431387888275572,18.929293128920815,1.0,10,,,,True
159,0.07331835937499998,5,True,0.013676034081072874,0.013576034081072875,18.986859699476245,1.0,10,,,,True
159,0.07331835937499998,6,True,0.012823824362123482,0.012723824362123482,19.046166821286217,1.0,10,,,,True
160,0.08831718749999995,0,True,0.018696680007141087,0.018596680007141087,18.721250993938717,1.0,10,,,,True
160,0.08831718749999995,1,True,0.01758951546458487,0.01748951546458487,18.768588245480405,1.0,10,,,,True
160,0.08831718749999995,2,True,0.01647396570773685,0.01637396570773685,18.818987365380934,1.0,10,,,,True
160,0.08831718749999995,3,True,0.01545493128802855,0.015354931288028551,18.872171092100654,1.0,10,,,,True
160,0.08831718749999995,4,True,0.014531387888275571,0.014431387888275572,18.9280819141673,1.0,10,,,,True
160,0.08831718749999995,5,True,0.013676034081072874,0.013576034081072875,18.98624387273622,1.0,10,,,,True
160,0.08831718749999995,6,True,0.012823824362123482,0.012723824362123482,19.046166821286217,1.0,10,,,,True
161,0.10331601562499992,0,True,0.018696680007141087,0.018596680007141087,18.717873869453257,1.0,10,,,,True
161,0.10331601562499992,1,True,0.01758951546458487,0.01748951546458487,18.765718338846938,1.0,10,,,,True
161,0.10331601562499992,2,True,0.01647396570773685,0.01637396570773685,18.81664369513909,1.0,10,,,,True
161,0.10331601562499992,3,True,0.01545493128802855,0.015354931288028551,18.8703793113938,1.0,10,,,,True
161,0.10331601562499992,4,True,0.014531387888275571,0.014431387888275572,18.926870683924154,1.0,10,,,,True
161,0.10331601562499992,5,True,0.013676034081072874,0.013576034081072875,18.985628045996197,1.0,10,,,,True
161,0.10331601562499992,6,True,0.012823824362123482,0.012723824362123482,19.046166821286217,1.0,10,,,,True
162,0.1183148437499999,0,True,0.018696680007141087,0.018596680007141087,18.714496618241938,1.0,10,,,,True
162,0.1183148437499999,1,True,0.01758951546458487,0.01748951546458487,18.762848155671307,1.0,10,,,,True
162,0.1183148437499999,2,True,0.01647396570773685,0.01637396570773685,18.814299878422275,1.0,10,,,,True
162,0.1183148437499999,3,True,0.01545493128802855,0.015354931288028551,18.868587469357927,1.0,10,,,,True
162,0.1183148437499999,4,True,0.014531387888275571,0.014431387888275572,18.925677167808715,1.0,11,,,,True
162,0.1183148437499999,5,True,0.013676034081072874,0.013576034081072875,18.985135672940928,1.0,11,,,,True
162,0.1183148437499999,6,True,0.012823824362123482,0.012723824362123482,19.046166821286217,1.0,10,,,,True
163,0.13331367187499987,0,True,0.018696680007141087,0.018596680007141087,18.711295389975877,1.0,11,,,,True
163,0.13331367187499987,1,True,0.01758951546458487,0.01748951546458487,18.760243978474637,1.0,11,,,,True
163,0.13331367187499987,2,True,0.01647396570773685,0.01637396570773685,18.812324964917458,1.0,11,,,,True
163,0.13331367187499987,3,True,0.01545493128802855,0.015354931288028551,18.867275024055687,1.0,11,,,,True
163,0.13331367187499987,4,True,0.014531387888275571,0.014431387888275572,18.92505616452047,1.0,11,,,,True
163,0.13331367187499987,5,True,0.013676034081072874,0.013576034081072875,18.985135672940928,1.0,11,,,,True
163,0.13331367187499987,6,True,0.012823824362123482,0.012723824362123482,19.046166821286217,1.0,10,,,,True
164,0.14831249999999985,0,True,0.018696680007141087,0.018596680007141087,18.708396269441003,1.0,11,,,,True
164,0.14831249999999985,1,True,0.01758951546458487,0.01748951546458487,18.75787912030711,1.0,11,,,,True
164,0.14831249999999985,2,True,0.01647396570773685,0.01637396570773685,18.8105140838845,1.0,11,,,,True
164,0.14831249999999985,3,True,0.01545493128802855,0.015354931288028551,18.866040315909157,1.0,11,,,,True
164,0.14831249999999985,4,True,0.014531387888275571,0.014431387888275572,18.92443516123223,1.0,11,,,,True
164,0.14831249999999985,5,True,0.013676034081072874,0.013576034081072875,18.985135672940928,1.0,11,,,,True
164,0.14831249999999985,6,True,0.012823824362123482,0.012723824362123482,19.046166821286217,1.0,10,,,,True
165,0.16331132812499982,0,True,0.018696680007141087,0.018596680007141087,18.705496879267223,1.0,11,,,,True
165,0.16331132812499982,1,True,0.01758951546458487,0.01748951546458487,18.75551411828693,1.0,11,,,,True
165,0.16331132812499982,2,True,0.01647396570773685,0.01637396570773685,18.80870314270036,1.0,11,,,,True
165,0.16331132812499982,3,True,0.01545493128802855,0.015354931288028551,18.864805592665483,1.0,11,,,,True
165,0.16331132812499982,4,True,0.014531387888275571,0.014431387888275572,18.923814157943983,1.0,11,,,,True
165,0.16331132812499982,5,True,0.013676034081072874,0.013576034081072875,18.985135672940928,1.0,11,,,,True
165,0.16331132812499982,6,True,0.012823824362123482,0.012723824362123482,19.046166821286217,1.0,10,,,,True
166,0.1783101562499998,0,True,0.018696680007141087,0.018596680007141087,18.702597219560076,1.0,11,,,,True
166,0.1783101562499998,1,True,0.01758951546458487,0.01748951546458487,18.753148972449285,1.0,11,,,,True
166,0.1783101562499998,2,True,0.01647396570773685,0.01637396570773685,18.806980765104637,1.0,12,,,,True
166,0.1783101562499998,3,True,0.01545493128802855,0.015354931288028551,18.863778365467628,1.0,12,,,,True
166,0.1783101562499998,4,True,0.014531387888275571,0.014431387888275572,18.92350430853713,1.0,12,,,,True
166,0.1783101562499998,5,True,0.013676034081072874,0.013576034081072875,18.985135672940928,1.0,11,,,,True
166,0.1783101562499998,6,True,0.012823824362123482,0.012723824362123482,19.046166821286217,1.0,10,,,,True
167,0.19330898437500021,0,True,0.018696680007141087,0.018596680007141087,18.700112559586074,1.0,12,,,,True
167,0.19330898437500021,1,True,0.01758951546458487,0.01748951546458487,18.751314851438508,1.0,12,,,,True
167,0.19330898437500021,2,True,0.01647396570773685,0.01637396570773685,18.805735161974187,1.0,12,,,,True
167,0.19330898437500021,3,True,0.01545493128802855,0.015354931288028551,18.863151848235123,1.0,12,,,,True
167,0.19330898437500021,4,True,0.014531387888275571,0.014431387888275572,18.92350430853713,1.0,12,,,,True
167,0.19330898437500021,5,True,0.013676034081072874,0.013576034081072875,18.985135672940928,1.0,11,,,,True
167,0.19330898437500021,6,True,0.012823824362123482,0.012723824362123482,19.046166821286217,1.0,10,,,,True
168,0.2083078125000002,0,True,0.018696680007141087,0.018596680007141087,18.697717999270324,1.0,12,,,,True
168,0.2083078125000002,1,True,0.01758951546458487,0.01748951546458487,18.74948745940639,1.0,12,,,,True
168,0.2083078125000002,2,True,0.01647396570773685,0.01637396570773685,18.80448954397282,1.0,12,,,,True
168,0.2083078125000002,3,True,0.01545493128802855,0.015354931288028551,18.862525331002622,1.0,12,,,,True
168,0.2083078125000002,4,True,0.014531387888275571,0.014431387888275572,18.92350430853713,1.0,12,,,,True
168,0.2083078125000002,5,True,0.013676034081072874,0.013576034081072875,18.985135672940928,1.0,11,,,,True
168,0.2083078125000002,6,True,0.012823824362123482,0.012723824362123482,19.046166821286217,1.0,10,,,,True
169,0.22330664062500016,0,True,0.018696680007141087,0.018596680007141087,18.695323298922695,1.0,12,,,,True
169,0.22330664062500016,1,True,0.01758951546458487,0.01748951546458487,18.747660008291952,1.0,12,,,,True
169,0.22330664062500016,2,True,0.01647396570773685,0.01637396570773685,18.803243911101344,1.0,12,,,,True
169,0.22330664062500016,3,True,0.01545493128802855,0.015354931288028551,18.861898813770118,1.0,12,,,,True
169,0.22330664062500016,4,True,0.014531387888275571,0.014431387888275572,18.92350430853713,1.0,12,,,,True
169,0.22330664062500016,5,True,0.013676034081072874,0.013576034081072875,18.985135672940928,1.0,11,,,,True
169,0.22330664062500016,6,True,0.012823824362123482,0.012723824362123482,19.046166821286217,1.0,10,,,,True
170,0.23830546875000014,0,True,0.018696680007141087,0.018596680007141087,18.69306169245047,1.0,13,,,,True
170,0.23830546875000014,1,True,0.01758951546458487,0.01748951546458487,18.746069861046443,1.0,13,,,,True
170,0.23830546875000014,2,True,0.01647396570773685,0.01637396570773685,18.8023500944902,1.0,13,,,,True
170,0.23830546875000014,3,True,0.01545493128802855,0.015354931288028551,18.861750312896035,1.0,13,,,,True
170,0.23830546875000014,4,True,0.014531387888275571,0.014431387888275572,18.92350430853713,1.0,12,,,,True
170,0.23830546875000014,5,True,0.013676034081072874,0.013576034081072875,18.985135672940928,1.0,11,,,,True
170,0.23830546875000014,6,True,0.012823824362123482,0.012723824362123482,19.046166821286217,1.0,10,,,,True
171,0.2533042968750001,0,True,0.018696680007141087,0.018596680007141087,18.69120744957393,1.0,13,,,,True
171,0.2533042968750001,1,True,0.01758951546458487,0.01748951546458487,18.744812823036025,1.0,13,,,,True
171,0.2533042968750001,2,True,0.01647396570773685,0.01637396570773685,18.801702222937152,1.0,13,,,,True
171,0.2533042968750001,3,True,0.01545493128802855,0.015354931288028551,18.861750312896035,1.0,13,,,,True
171,0.2533042968750001,4,True,0.014531387888275571,0.014431387888275572,18.92350430853713,1.0,12,,,,True
171,0.2533042968750001,5,True,0.013676034081072874,0.013576034081072875,18.985135672940928,1.0,11,,,,True
171,0.2533042968750001,6,True,0.012823824362123482,0.012723824362123482,19.046166821286217,1.0,10,,,,True
172,0.2683031250000001,0,True,0.018696680007141087,0.018596680007141087,18.689353149088223,1.0,13,,,,True
172,0.2683031250000001,1,True,0.01758951546458487,0.01748951546458487,18.743555770413874,1.0,13,,,,True
172,0.2683031250000001,2,True,0.01647396570773685,0.01637396570773685,18.801054351384106,1.0,13,,,,True
172,0.2683031250000001,3,True,0.01545493128802855,0.015354931288028551,18.861750312896035,1.0,13,,,,True
172,0.2683031250000001,4,True,0.014531387888275571,0.014431387888275572,18.92350430853713,1.0,12,,,,True
172,0.2683031250000001,5,True,0.013676034081072874,0.013576034081072875,18.985135672940928,1.0,11,,,,True
172,0.2683031250000001,6,True,0.012823824362123482,0.012723824362123482,19.046166821286217,1.0,10,,,,True
173,0.28330195312500006,0,True,0.018696680007141087,0.018596680007141087,18.687500287300722,1.0,13,,,,True
173,0.28330195312500006,1,True,0.01758951546458487,0.01748951546458487,18.742298703180783,1.0,13,,,,True
173,0.28330195312500006,2,True,0.01647396570773685,0.01637396570773685,18.800406479831057,1.0,13,,,,True
173,0.28330195312500006,3,True,0.01545493128802855,0.015354931288028551,18.861750312896035,1.0,13,,,,True
173,0.28330195312500006,4,True,0.014531387888275571,0.014431387888275572,18.92350430853713,1.0,12,,,,True
173,0.28330195312500006,5,True,0.013676034081072874,0.013576034081072875,18.985135672940928,1.0,11,,,,True
173,0.28330195312500006,6,True,0.012823824362123482,0.012723824362123482,19.046166821286217,1.0,10,,,,True
174,0.29830078125000004,0,True,0.018696680007141087,0.018596680007141087,18.686017563680668,1.0,14,,,,True
174,0.29830078125000004,1,True,0.01758951546458487,0.01748951546458487,18.741525107254795,1.0,14,,,,True
174,0.29830078125000004,2,True,0.01647396570773685,0.01637396570773685,18.800391453363176,1.0,14,,,,True
174,0.29830078125000004,3,True,0.01545493128802855,0.015354931288028551,18.861750312896035,1.0,13,,,,True
174,0.29830078125000004,4,True,0.014531387888275571,0.014431387888275572,18.92350430853713,1.0,12,,,,True
174,0.29830078125000004,5,True,0.013676034081072874,0.013576034081072875,18.985135672940928,1.0,11,,,,True
174,0.29830078125000004,6,True,0.012823824362123482,0.012723824362123482,19.046166821286217,1.0,10,,,,True
175,0.313299609375,0,True,0.018696680007141087,0.018596680007141087,18.684748621702038,1.0,14,,,,True
175,0.313299609375,1,True,0.01758951546458487,0.01748951546458487,18.74087125290753,1.0,14,,,,True
175,0.313299609375,2,True,0.01647396570773685,0.01637396570773685,18.800391453363176,1.0,14,,,,True
175,0.313299609375,3,True,0.01545493128802855,0.015354931288028551,18.861750312896035,1.0,13,,,,True
175,0.313299609375,4,True,0.014531387888275571,0.014431387888275572,18.92350430853713,1.0,12,,,,True
175,0.313299609375,5,True,0.013676034081072874,0.013576034081072875,18.985135672940928,1.0,11,,,,True
175,0.313299609375,6,True,0.012823824362123482,0.012723824362123482,19.046166821286217,1.0,10,,,,True
176,0.3282984375,0,True,0.018696680007141087,0.018596680007141087,18.683479665407987,1.0,14,,,,True
176,0.3282984375,1,True,0.01758951546458487,0.01748951546458487,18.740217398560272,1.0,14,,,,True
176,0.3282984375,2,True,0.01647396570773685,0.01637396570773685,18.800391453363176,1.0,14,,,,True
176,0.3282984375,3,True,0.01545493128802855,0.015354931288028551,18.861750312896035,1.0,13,,,,True
176,0.3282984375,4,True,0.014531387888275571,0.014431387888275572,18.92350430853713,1.0,12,,,,True
176,0.3282984375,5,True,0.013676034081072874,0.013576034081072875,18.985135672940928,1.0,11,,,,True
176,0.3282984375,6,True,0.012823824362123482,0.012723824362123482,19.046166821286217,1.0,10,,,,True
177,0.34329726562499996,0,True,0.018696680007141087,0.018596680007141087,18.682210694799352,1.0,14,,,,True
177,0.34329726562499996,1,True,0.01758951546458487,0.01748951546458487,18.73965160583036,1.0,15,,,,True
177,0.34329726562499996,2,True,0.01647396570773685,0.01637396570773685,18.800391453363176,1.0,14,,,,True
177,0.34329726562499996,3,True,0.01545493128802855,0.015354931288028551,18.861750312896035,1.0,13,,,,True
177,0.34329726562499996,4,True,0.014531387888275571,0.014431387888275572,18.92350430853713,1.0,12,,,,True
177,0.34329726562499996,5,True,0.013676034081072874,0.013576034081072875,18.985135672940928,1.0,11,,,,True
177,0.34329726562499996,6,True,0.012823824362123482,0.012723824362123482,19.046166821286217,1.0,10,,,,True
178,0.35829609374999993,0,True,0.018696680007141087,0.018596680007141087,18.681525616373147,1.0,15,,,,True
178,0.35829609374999993,1,True,0.01758951546458487,0.01748951546458487,18.73965160583036,1.0,15,,,,True
178,0.35829609374999993,2,True,0.01647396570773685,0.01637396570773685,18.800391453363176,1.0,14,,,,True
178,0.35829609374999993,3,True,0.01545493128802855,0.015354931288028551,18.861750312896035,1.0,13,,,,True
178,0.35829609374999993,4,True,0.014531387888275571,0.014431387888275572,18.92350430853713,1.0,12,,,,True
178,0.35829609374999993,5,True,0.013676034081072874,0.013576034081072875,18.985135672940928,1.0,11,,,,True
178,0.35829609374999993,6,True,0.012823824362123482,0.012723824362123482,19.046166821286217,1.0,10,,,,True
179,0.3732949218749999,0,True,0.018696680007141087,0.018596680007141087,18.680865538908073,1.0,15,,,,True
179,0.3732949218749999,1,True,0.01758951546458487,0.01748951546458487,18.73965160583036,1.0,15,,,,True
179,0.3732949218749999,2,True,0.01647396570773685,0.01637396570773685,18.800391453363176,1.0,14,,,,True
179,0.3732949218749999,3,True,0.01545493128802855,0.015354931288028551,18.861750312896035,1.0,13,,,,True
179,0.3732949218749999,4,True,0.014531387888275571,0.014431387888275572,18.92350430853713,1.0,12,,,,True
179,0.3732949218749999,5,True,0.013676034081072874,0.013576034081072875,18.985135672940928,1.0,11,,,,True
179,0.3732949218749999,6,True,0.012823824362123482,0.012723824362123482,19.046166821286217,1.0,10,,,,True
180,0.3882937499999999,0,True,0.018696680007141087,0.018596680007141087,18.680205461443002,1.0,15,,,,True
180,0.3882937499999999,1,True,0.01758951546458487,0.01748951546458487,18.73965160583036,1.0,15,,,,True
180,0.3882937499999999,2,True,0.01647396570773685,0.01637396570773685,18.800391453363176,1.0,14,,,,True
180,0.3882937499999999,3,True,0.01545493128802855,0.015354931288028551,18.861750312896035,1.0,13,,,,True
180,0.3882937499999999,4,True,0.014531387888275571,0.014431387888275572,18.92350430853713,1.0,12,,,,True
180,0.3882937499999999,5,True,0.013676034081072874,0.013576034081072875,18.985135672940928,1.0,11,,,,True
180,0.3882937499999999,6,True,0.012823824362123482,0.012723824362123482,19.046166821286217,1.0,10,,,,True
181,0.40329257812499986,0,True,0.018696680007141087,0.018596680007141087,18.679696857707636,1.0,16,,,,True
181,0.40329257812499986,1,True,0.01758951546458487,0.01748951546458487,18.73965160583036,1.0,15,,,,True
181,0.40329257812499986,2,True,0.01647396570773685,0.01637396570773685,18.800391453363176,1.0,14,,,,True
181,0.40329257812499986,3,True,0.01545493128802855,0.015354931288028551,18.861750312896035,1.0,13,,,,True
181,0.40329257812499986,4,True,0.014531387888275571,0.014431387888275572,18.92350430853713,1.0,12,,,,True
181,0.40329257812499986,5,True,0.013676034081072874,0.013576034081072875,18.985135672940928,1.0,11,,,,True
181,0.40329257812499986,6,True,0.012823824362123482,0.012723824362123482,19.046166821286217,1.0,10,,,,True
182,0.41829140624999983,0,True,0.018696680007141087,0.018596680007141087,18.679696857707636,1.0,16,,,,True
182,0.41829140624999983,1,True,0.01758951546458487,0.01748951546458487,18.73965160583036,1.0,15,,,,True
182,0.41829140624999983,2,True,0.01647396570773685,0.01637396570773685,18.800391453363176,1.0,14,,,,True
182,0.41829140624999983,3,True,0.01545493128802855,0.015354931288028551,18.861750312896035,1.0,13,,,,True
182,0.41829140624999983,4,True,0.014531387888275571,0.014431387888275572,18.92350430853713,1.0,12,,,,True
182,0.41829140624999983,5,True,0.013676034081072874,0.013576034081072875,18.985135672940928,1.0,11,,,,True
182,0.41829140624999983,6,True,0.012823824362123482,0.012723824362123482,19.046166821286217,1.0,10,,,,True
183,0.4332902343749998,0,True,0.018696680007141087,0.018596680007141087,18.679696857707636,1.0,16,,,,True
183,0.4332902343749998,1,True,0.01758951546458487,0.01748951546458487,18.73965160583036,1.0,15,,,,True
183,0.4332902343749998,2,True,0.01647396570773685,0.01637396570773685,18.800391453363176,1.0,14,,,,True
183,0.4332902343749998,3,True,0.01545493128802855,0.015354931288028551,18.861750312896035,1.0,13,,,,True
183,0.4332902343749998,4,True,0.014531387888275571,0.014431387888275572,18.92350430853713,1.0,12,,,,True
183,0.4332902343749998,5,True,0.013676034081072874,0.013576034081072875,18.985135672940928,1.0,11,,,,True
183,0.4332902343749998,6,True,0.012823824362123482,0.012723824362123482,19.046166821286217,1.0,10,,,,True
184,0.4482890625000002,0,True,0.018696680007141087,0.018596680007141087,18.679696857707636,1.0,16,,,,True
184,0.4482890625000002,1,True,0.01758951546458487,0.01748951546458487,18.73965160583036,1.0,15,,,,True
184,0.4482890625000002,2,True,0.01647396570773685,0.01637396570773685,18.800391453363176,1.0,14,,,,True
184,0.4482890625000002,3,True,0.01545493128802855,0.015354931288028551,18.861750312896035,1.0,13,,,,True
184,0.4482890625000002,4,True,0.014531387888275571,0.014431387888275572,18.92350430853713,1.0,12,,,,True
184,0.4482890625000002,5,True,0.013676034081072874,0.013576034081072875,18.985135672940928,1.0,11,,,,True
184,0.4482890625000002,6,True,0.012823824362123482,0.012723824362123482,19.046166821286217,1.0,10,,,,True
185,0.4632878906250002,0,True,0.018696680007141087,0.018596680007141087,18.679696857707636,1.0,16,,,,True
185,0.4632878906250002,1,True,0.01758951546458487,0.01748951546458487,18.73965160583036,1.0,15,,,,True
185,0.4632878906250002,2,True,0.01647396570773685,0.01637396570773685,18.800391453363176,1.0,14,,,,True
185,0.4632878906250002,3,True,0.01545493128802855,0.015354931288028551,18.861750312896035,1.0,13,,,,True
185,0.4632878906250002,4,True,0.014531387888275571,0.014431387888275572,18.92350430853713,1.0,12,,,,True
185,0.4632878906250002,5,True,0.013676034081072874,0.013576034081072875,18.985135672940928,1.0,11,,,,True
185,0.4632878906250002,6,True,0.012823824362123482,0.012723824362123482,19.046166821286217,1.0,10,,,,True
186,0.4782867187500002,0,True,0.018696680007141087,0.018596680007141087,18.679696857707636,1.0,16,,,,True
186,0.4782867187500002,1,True,0.01758951546458487,0.01748951546458487,18.73965160583036,1.0,15,,,,True
186,0.4782867187500002,2,True,0.01647396570773685,0.01637396570773685,18.800391453363176,1.0,14,,,,True
186,0.4782867187500002,3,True,0.01545493128802855,0.015354931288028551,18.861750312896035,1.0,13,,,,True
186,0.4782867187500002,4,True,0.014531387888275571,0.014431387888275572,18.92350430853713,1.0,12,,,,True
186,0.4782867187500002,5,True,0.013676034081072874,0.013576034081072875,18.985135672940928,1.0,11,,,,True
186,0.4782867187500002,6,True,0.012823824362123482,0.012723824362123482,19.046166821286217,1.0,10,,,,True
187,0.49328554687500015,0,True,0.018696680007141087,0.018596680007141087,18.679696857707636,1.0,16,,,,True
187,0.49328554687500015,1,True,0.01758951546458487,0.01748951546458487,18.73965160583036,1.0,15,,,,True
187,0.49328554687500015,2,True,0.01647396570773685,0.01637396570773685,18.800391453363176,1.0,14,,,,True
187,0.49328554687500015,3,True,0.01545493128802855,0.015354931288028551,18.861750312896035,1.0,13,,,,True
187,0.49328554687500015,4,True,0.014531387888275571,0.014431387888275572,18.92350430853713,1.0,12,,,,True
187,0.49328554687500015,5,True,0.013676034081072874,0.013576034081072875,18.985135672940928,1.0,11,,,,True
187,0.49328554687500015,6,True,0.012823824362123482,0.012723824362123482,19.046166821286217,1.0,10,,,,True
188,0.5082843750000001,0,True,0.018696680007141087,0.018596680007141087,18.679696857707636,1.0,16,,,,True
188,0.5082843750000001,1,True,0.01758951546458487,0.01748951546458487,18.73965160583036,1.0,15,,,,True
188,0.5082843750000001,2,True,0.01647396570773685,0.01637396570773685,18.800391453363176,1.0,14,,,,True
188,0.5082843750000001,3,True,0.01545493128802855,0.015354931288028551,18.861750312896035,1.0,13,,,,True
188,0.5082843750000001,4,True,0.014531387888275571,0.014431387888275572,18.92350430853713,1.0,12,,,,True
188,0.5082843750000001,5,True,0.013676034081072874,0.013576034081072875,18.985135672940928,1.0,11,,,,True
188,0.5082843750000001,6,True,0.012823824362123482,0.012723824362123482,19.046166821286217,1.0,10,,,,True
189,0.5232832031250001,0,True,0.018696680007141087,0.018596680007141087,18.679696857707636,1.0,16,,,,True
189,0.5232832031250001,1,True,0.01758951546458487,0.01748951546458487,18.73965160583036,1.0,15,,,,True
189,0.5232832031250001,2,True,0.01647396570773685,0.01637396570773685,18.800391453363176,1.0,14,,,,True
189,0.5232832031250001,3,True,0.01545493128802855,0.015354931288028551,18.861750312896035,1.0,13,,,,True
189,0.5232832031250001,4,True,0.014531387888275571,0.014431387888275572,18.92350430853713,1.0,12,,,,True
189,0.5232832031250001,5,True,0.013676034081072874,0.013576034081072875,18.985135672940928,1.0,11,,,,True
189,0.5232832031250001,6,True,0.012823824362123482,0.012723824362123482,19.046166821286217,1.0,10,,,,True
190,0.5382820312500001,0,True,0.018696680007141087,0.018596680007141087,18.679696857707636,1.0,16,,,,True
190,0.5382820312500001,1,True,0.01758951546458487,0.01748951546458487,18.73965160583036,1.0,15,,,,True
190,0.5382820312500001,2,True,0.01647396570773685,0.01637396570773685,18.800391453363176,1.0,14,,,,True
190,0.5382820312500001,3,True,0.01545493128802855,0.015354931288028551,18.861750312896035,1.0,13,,,,True
190,0.5382820312500001,4,True,0.014531387888275571,0.014431387888275572,18.92350430853713,1.0,12,,,,True
190,0.5382820312500001,5,True,0.013676034081072874,0.013576034081072875,18.985135672940928,1.0,11,,,,True
190,0.5382820312500001,6,True,0.012823824362123482,0.012723824362123482,19.046166821286217,1.0,10,,,,True
191,0.553280859375,0,True,0.018696680007141087,0.018596680007141087,18.679696857707636,1.0,16,,,,True
191,0.553280859375,1,True,0.01758951546458487,0.01748951546458487,18.73965160583036,1.0,15,,,,True
191,0.553280859375,2,True,0.01647396570773685,0.01637396570773685,18.800391453363176,1.0,14,,,,True
191,0.553280859375,3,True,0.01545493128802855,0.015354931288028551,18.861750312896035,1.0,13,,,,True
191,0.553280859375,4,True,0.014531387888275571,0.014431387888275572,18.92350430853713,1.0,12,,,,True
191,0.553280859375,5,True,0.013676034081072874,0.013576034081072875,18.985135672940928,1.0,11,,,,True
191,0.553280859375,6,True,0.012823824362123482,0.012723824362123482,19.046166821286217,1.0,10,,,,True
192,0.5682796875,0,True,0.018696680007141087,0.018596680007141087,18.679696857707636,1.0,16,,,,True
192,0.5682796875,1,True,0.01758951546458487,0.01748951546458487,18.73965160583036,1.0,15,,,,True
192,0.5682796875,2,True,0.01647396570773685,0.01637396570773685,18.800391453363176,1.0,14,,,,True
192,0.5682796875,3,True,0.01545493128802855,0.015354931288028551,18.861750312896035,1.0,13,,,,True
192,0.5682796875,4,True,0.014531387888275571,0.014431387888275572,18.92350430853713,1.0,12,,,,True
192,0.5682796875,5,True,0.013676034081072874,0.013576034081072875,18.985135672940928,1.0,11,,,,True
192,0.5682796875,6,True,0.012823824362123482,0.012723824362123482,19.046166821286217,1.0,10,,,,True
193,0.583278515625,0,True,0.018696680007141087,0.018596680007141087,18.679696857707636,1.0,16,,,,True
193,0.583278515625,1,True,0.01758951546458487,0.01748951546458487,18.73965160583036,1.0,15,,,,True
193,0.583278515625,2,True,0.01647396570773685,0.01637396570773685,18.800391453363176,1.0,14,,,,True
193,0.583278515625,3,True,0.01545493128802855,0.015354931288028551,18.861750312896035,1.0,13,,,,True
193,0.583278515625,4,True,0.014531387888275571,0.014431387888275572,18.92350430853713,1.0,12,,,,True
193,0.583278515625,5,True,0.013676034081072874,0.013576034081072875,18.985135672940928,1.0,11,,,,True
193,0.583278515625,6,True,0.012823824362123482,0.012723824362123482,19.046166821286217,1.0,10,,,,True
194,0.59827734375,0,True,0.018696680007141087,0.018596680007141087,18.679696857707636,1.0,16,,,,True
194,0.59827734375,1,True,0.01758951546458487,0.01748951546458487,18.73965160583036,1.0,15,,,,True
194,0.59827734375,2,True,0.01647396570773685,0.01637396570773685,18.800391453363176,1.0,14,,,,True
194,0.59827734375,3,True,0.01545493128802855,0.015354931288028551,18.861750312896035,1.0,13,,,,True
194,0.59827734375,4,True,0.014531387888275571,0.014431387888275572,18.92350430853713,1.0,12,,,,True
194,0.59827734375,5,True,0.013676034081072874,0.013576034081072875,18.985135672940928,1.0,11,,,,True
194,0.59827734375,6,True,0.012823824362123482,0.012723824362123482,19.046166821286217,1.0,10,,,,True
195,0.6132761718749999,0,True,0.018696680007141087,0.018596680007141087,18.679696857707636,1.0,16,,,,True
195,0.6132761718749999,1,True,0.01758951546458487,0.01748951546458487,18.73965160583036,1.0,15,,,,True
195,0.6132761718749999,2,True,0.01647396570773685,0.01637396570773685,18.800391453363176,1.0,14,,,,True
195,0.6132761718749999,3,True,0.01545493128802855,0.015354931288028551,18.861750312896035,1.0,13,,,,True
195,0.6132761718749999,4,True,0.014531387888275571,0.014431387888275572,18.92350430853713,1.0,12,,,,True
195,0.6132761718749999,5,True,0.013676034081072874,0.013576034081072875,18.985135672940928,1.0,11,,,,True
195,0.6132761718749999,6,True,0.012823824362123482,0.012723824362123482,19.046166821286217,1.0,10,,,,True
196,0.6282749999999999,0,True,0.018696680007141087,0.018596680007141087,18.679696857707636,1.0,16,,,,True
196,0.6282749999999999,1,True,0.01758951546458487,0.01748951546458487,18.73965160583036,1.0,15,,,,True
196,0.6282749999999999,2,True,0.01647396570773685,0.01637396570773685,18.800391453363176,1.0,14,,,,True
196,0.6282749999999999,3,True,0.01545493128802855,0.015354931288028551,18.861750312896035,1.0,13,,,,True
196,0.6282749999999999,4,True,0.014531387888275571,0.014431387888275572,18.92350430853713,1.0,12,,,,True
196,0.6282749999999999,5,True,0.013676034081072874,0.013576034081072875,18.985135672940928,1.0,11,,,,True
196,0.6282749999999999,6,True,0.012823824362123482,0.012723824362123482,19.046166821286217,1.0,10,,,,True
197,0.6432738281249999,0,True,0.018696680007141087,0.018596680007141087,18.679696857707636,1.0,16,,,,True
197,0.6432738281249999,1,True,0.01758951546458487,0.01748951546458487,18.73965160583036,1.0,15,,,,True
197,0.6432738281249999,2,True,0.01647396570773685,0.01637396570773685,18.800391453363176,1.0,14,,,,True
197,0.6432738281249999,3,True,0.01545493128802855,0.015354931288028551,18.861750312896035,1.0,13,,,,True
197,0.6432738281249999,4,True,0.014531387888275571,0.014431387888275572,18.92350430853713,1.0,12,,,,True
197,0.6432738281249999,5,True,0.013676034081072874,0.013576034081072875,18.985135672940928,1.0,11,,,,True
197,0.6432738281249999,6,True,0.012823824362123482,0.012723824362123482,19.046166821286217,1.0,10,,,,True
198,0.6582726562499999,0,True,0.018696680007141087,0.018596680007141087,18.679696857707636,1.0,16,,,,True
198,0.6582726562499999,1,True,0.01758951546458487,0.01748951546458487,18.73965160583036,1.0,15,,,,True
198,0.6582726562499999,2,True,0.01647396570773685,0.01637396570773685,18.800391453363176,1.0,14,,,,True
198,0.6582726562499999,3,True,0.01545493128802855,0.015354931288028551,18.861750312896035,1.0,13,,,,True
198,0.6582726562499999,4,True,0.014531387888275571,0.014431387888275572,18.92350430853713,1.0,12,,,,True
198,0.6582726562499999,5,True,0.013676034081072874,0.013576034081072875,18.985135672940928,1.0,11,,,,True
198,0.6582726562499999,6,True,0.012823824362123482,0.012723824362123482,19.046166821286217,1.0,10,,,,True
199,0.6732714843749998,0,True,0.018696680007141087,0.018596680007141087,18.679696857707636,1.0,16,,,,True
199,0.6732714843749998,1,True,0.01758951546458487,0.01748951546458487,18.73965160583036,1.0,15,,,,True
199,0.6732714843749998,2,True,0.01647396570773685,0.01637396570773685,18.800391453363176,1.0,14,,,,True
199,0.6732714843749998,3,True,0.01545493128802855,0.015354931288028551,18.861750312896035,1.0,13,,,,True
199,0.6732714843749998,4,True,0.014531387888275571,0.014431387888275572,18.92350430853713,1.0,12,,,,True
199,0.6732714843749998,5,True,0.013676034081072874,0.013576034081072875,18.985135672940928,1.0,11,,,,True
199,0.6732714843749998,6,True,0.012823824362123482,0.012723824362123482,19.046166821286217,1.0,10,,,,True
200,0.6882703124999998,0,True,0.018696680007141087,0.018596680007141087,18.679696857707636,1.0,16,,,,True
200,0.6882703124999998,1,True,0.01758951546458487,0.01748951546458487,18.73965160583036,1.0,15,,,,True
200,0.6882703124999998,2,True,0.01647396570773685,0.01637396570773685,18.800391453363176,1.0,14,,,,True
200,0.6882703124999998,3,True,0.01545493128802855,0.015354931288028551,18.861750312896035,1.0,13,,,,True
200,0.6882703124999998,4,True,0.014531387888275571,0.014431387888275572,18.92350430853713,1.0,12,,,,True
200,0.6882703124999998,5,True,0.013676034081072874,0.013576034081072875,18.985135672940928,1.0,11,,,,True
200,0.6882703124999998,6,True,0.012823824362123482,0.012723824362123482,19.046166821286217,1.0,10,,,,True
201,0.7032691406250002,0,True,0.018696680007141087,0.018596680007141087,18.679696857707636,1.0,16,,,,True
201,0.7032691406250002,1,True,0.01758951546458487,0.01748951546458487,18.73965160583036,1.0,15,,,,True
201,0.7032691406250002,2,True,0.01647396570773685,0.01637396570773685,18.800391453363176,1.0,14,,,,True
201,0.7032691406250002,3,True,0.01545493128802855,0.015354931288028551,18.861750312896035,1.0,13,,,,True
201,0.7032691406250002,4,True,0.014531387888275571,0.014431387888275572,18.92350430853713,1.0,12,,,,True
201,0.7032691406250002,5,True,0.013676034081072874,0.013576034081072875,18.985135672940928,1.0,11,,,,True
201,0.7032691406250002,6,True,0.012823824362123482,0.012723824362123482,19.046166821286217,1.0,10,,,,True
202,0.7182679687500002,0,True,0.018696680007141087,0.018596680007141087,18.679696857707636,1.0,16,,,,True
202,0.7182679687500002,1,True,0.01758951546458487,0.01748951546458487,18.73965160583036,1.0,15,,,,True
202,0.7182679687500002,2,True,0.01647396570773685,0.01637396570773685,18.800391453363176,1.0,14,,,,True
202,0.7182679687500002,3,True,0.01545493128802855,0.015354931288028551,18.861750312896035,1.0,13,,,,True
202,0.7182679687500002,4,True,0.014531387888275571,0.014431387888275572,18.92350430853713,1.0,12,,,,True
202,0.7182679687500002,5,True,0.013676034081072874,0.013576034081072875,18.985135672940928,1.0,11,,,,True
202,0.7182679687500002,6,True,0.012823824362123482,0.012723824362123482,19.046166821286217,1.0,10,,,,True
203,0.7332667968750002,0,True,0.018696680007141087,0.018596680007141087,18.679696857707636,1.0,16,,,,True
203,0.7332667968750002,1,True,0.01758951546458487,0.01748951546458487,18.73965160583036,1.0,15,,,,True
203,0.7332667968750002,2,True,0.01647396570773685,0.01637396570773685,18.800391453363176,1.0,14,,,,True
203,0.7332667968750002,3,True,0.01545493128802855,0.015354931288028551,18.861750312896035,1.0,13,,,,True
203,0.7332667968750002,4,True,0.014531387888275571,0.014431387888275572,18.92350430853713,1.0,12,,,,True
203,0.7332667968750002,5,True,0.013676034081072874,0.013576034081072875,18.985135672940928,1.0,11,,,,True
203,0.7332667968750002,6,True,0.012823824362123482,0.012723824362123482,19.046166821286217,1.0,10,,,,True
204,0.7482656250000002,0,True,0.018696680007141087,0.018596680007141087,18.679696857707636,1.0,16,,,,True
204,0.7482656250000002,1,True,0.01758951546458487,0.01748951546458487,18.73965160583036,1.0,15,,,,True
204,0.7482656250000002,2,True,0.01647396570773685,0.01637396570773685,18.800391453363176,1.0,14,,,,True
204,0.7482656250000002,3,True,0.01545493128802855,0.015354931288028551,18.861750312896035,1.0,13,,,,True
204,0.7482656250000002,4,True,0.014531387888275571,0.014431387888275572,18.92350430853713,1.0,12,,,,True
204,0.7482656250000002,5,True,0.013676034081072874,0.013576034081072875,18.985135672940928,1.0,11,,,,True
204,0.7482656250000002,6,True,0.012823824362123482,0.012723824362123482,19.046166821286217,1.0,10,,,,True
205,0.7632644531250001,0,True,0.018696680007141087,0.018596680007141087,18.679696857707636,1.0,16,,,,True
205,0.7632644531250001,1,True,0.01758951546458487,0.01748951546458487,18.73965160583036,1.0,15,,,,True
205,0.7632644531250001,2,True,0.01647396570773685,0.01637396570773685,18.800391453363176,1.0,14,,,,True
205,0.7632644531250001,3,True,0.01545493128802855,0.015354931288028551,18.861750312896035,1.0,13,,,,True
205,0.7632644531250001,4,True,0.014531387888275571,0.014431387888275572,18.92350430853713,1.0,12,,,,True
205,0.7632644531250001,5,True,0.013676034081072874,0.013576034081072875,18.985135672940928,1.0,11,,,,True
205,0.7632644531250001,6,True,0.012823824362123482,0.012723824362123482,19.046166821286217,1.0,10,,,,True
206,0.7782632812500001,0,True,0.018696680007141087,0.018596680007141087,18.679696857707636,1.0,16,,,,True
206,0.7782632812500001,1,True,0.01758951546458487,0.01748951546458487,18.73965160583036,1.0,15,,,,True
206,0.7782632812500001,2,True,0.01647396570773685,0.01637396570773685,18.800391453363176,1.0,14,,,,True
206,0.7782632812500001,3,True,0.01545493128802855,0.015354931288028551,18.861750312896035,1.0,13,,,,True
206,0.7782632812500001,4,True,0.014531387888275571,0.014431387888275572,18.92350430853713,1.0,12,,,,True
206,0.7782632812500001,5,True,0.013676034081072874,0.013576034081072875,18.985135672940928,1.0,11,,,,True
206,0.7782632812500001,6,True,0.012823824362123482,0.012723824362123482,19.046166821286217,1.0,10,,,,True
207,0.7932621093750001,0,True,0.018696680007141087,0.018596680007141087,18.679696857707636,1.0,16,,,,True
207,0.7932621093750001,1,True,0.01758951546458487,0.01748951546458487,18.73965160583036,1.0,15,,,,True
207,0.7932621093750001,2,True,0.01647396570773685,0.01637396570773685,18.800391453363176,1.0,14,,,,True
207,0.7932621093750001,3,True,0.01545493128802855,0.015354931288028551,18.861750312896035,1.0,13,,,,True
207,0.7932621093750001,4,True,0.014531387888275571,0.014431387888275572,18.92350430853713,1.0,12,,,,True
207,0.7932621093750001,5,True,0.013676034081072874,0.013576034081072875,18.985135672940928,1.0,11,,,,True
207,0.7932621093750001,6,True,0.012823824362123482,0.012723824362123482,19.046166821286217,1.0,10,,,,True
208,0.8082609375,0,True,0.018696680007141087,0.018596680007141087,18.679696857707636,1.0,16,,,,True
208,0.8082609375,1,True,0.01758951546458487,0.01748951546458487,18.73965160583036,1.0,15,,,,True
208,0.8082609375,2,True,0.01647396570773685,0.01637396570773685,18.800391453363176,1.0,14,,,,True
208,0.8082609375,3,True,0.01545493128802855,0.015354931288028551,18.861750312896035,1.0,13,,,,True
208,0.8082609375,4,True,0.014531387888275571,0.014431387888275572,18.92350430853713,1.0,12,,,,True
208,0.8082609375,5,True,0.013676034081072874,0.013576034081072875,18.985135672940928,1.0,11,,,,True
208,0.8082609375,6,True,0.012823824362123482,0.012723824362123482,19.046166821286217,1.0,10,,,,True
209,0.823259765625,0,True,0.018696680007141087,0.018596680007141087,18.679696857707636,1.0,16,,,,True
209,0.823259765625,1,True,0.01758951546458487,0.01748951546458487,18.73965160583036,1.0,15,,,,True
209,0.823259765625,2,True,0.01647396570773685,0.01637396570773685,18.800391453363176,1.0,14,,,,True
209,0.823259765625,3,True,0.01545493128802855,0.015354931288028551,18.861750312896035,1.0,13,,,,True
209,0.823259765625,4,True,0.014531387888275571,0.014431387888275572,18.92350430853713,1.0,12,,,,True
209,0.823259765625,5,True,0.013676034081072874,0.013576034081072875,18.985135672940928,1.0,11,,,,True
209,0.823259765625,6,True,0.012823824362123482,0.012723824362123482,19.046166821286217,1.0,10,,,,True
210,0.83825859375,0,True,0.018696680007141087,0.018596680007141087,18.679696857707636,1.0,16,,,,True
210,0.83825859375,1,True,0.01758951546458487,0.01748951546458487,18.73965160583036,1.0,15,,,,True
210,0.83825859375,2,True,0.01647396570773685,0.01637396570773685,18.800391453363176,1.0,14,,,,True
210,0.83825859375,3,True,0.01545493128802855,0.015354931288028551,18.861750312896035,1.0,13,,,,True
210,0.83825859375,4,True,0.014531387888275571,0.014431387888275572,18.92350430853713,1.0,12,,,,True
210,0.83825859375,5,True,0.013676034081072874,0.013576034081072875,18.985135672940928,1.0,11,,,,True
210,0.83825859375,6,True,0.012823824362123482,0.012723824362123482,19.046166821286217,1.0,10,,,,True
211,0.853257421875,0,True,0.018696680007141087,0.018596680007141087,18.679696857707636,1.0,16,,,,True
211,0.853257421875,1,True,0.01758951546458487,0.01748951546458487,18.73965160583036,1.0,15,,,,True
211,0.853257421875,2,True,0.01647396570773685,0.01637396570773685,18.800391453363176,1.0,14,,,,True
211,0.853257421875,3,True,0.01545493128802855,0.015354931288028551,18.861750312896035,1.0,13,,,,True
211,0.853257421875,4,True,0.014531387888275571,0.014431387888275572,18.92350430853713,1.0,12,,,,True
211,0.853257421875,5,True,0.013676034081072874,0.013576034081072875,18.985135672940928,1.0,11,,,,True
211,0.853257421875,6,True,0.012823824362123482,0.012723824362123482,19.046166821286217,1.0,10,,,,True
212,0.86825625,0,True,0.018696680007141087,0.018596680007141087,18.679696857707636,1.0,16,,,,True
212,0.86825625,1,True,0.01758951546458487,0.01748951546458487,18.73965160583036,1.0,15,,,,True
212,0.86825625,2,True,0.01647396570773685,0.01637396570773685,18.800391453363176,1.0,14,,,,True
212,0.86825625,3,True,0.01545493128802855,0.015354931288028551,18.861750312896035,1.0,13,,,,True
212,0.86825625,4,True,0.014531387888275571,0.014431387888275572,18.92350430853713,1.0,12,,,,True
212,0.86825625,5,True,0.013676034081072874,0.013576034081072875,18.985135672940928,1.0,11,,,,True
212,0.86825625,6,True,0.012823824362123482,0.012723824362123482,19.046166821286217,1.0,10,,,,True
213,0.8832550781249999,0,True,0.018696680007141087,0.018596680007141087,18.679696857707636,1.0,16,,,,True
213,0.8832550781249999,1,True,0.01758951546458487,0.01748951546458487,18.73965160583036,1.0,15,,,,True
213,0.8832550781249999,2,True,0.01647396570773685,0.01637396570773685,18.800391453363176,1.0,14,,,,True
213,0.8832550781249999,3,True,0.01545493128802855,0.015354931288028551,18.861750312896035,1.0,13,,,,True
213,0.8832550781249999,4,True,0.014531387888275571,0.014431387888275572,18.92350430853713,1.0,12,,,,True
213,0.8832550781249999,5,True,0.013676034081072874,0.013576034081072875,18.985135672940928,1.0,11,,,,True
213,0.8832550781249999,6,True,0.012823824362123482,0.012723824362123482,19.046166821286217,1.0,10,,,,True
214,0.8982539062499999,0,True,0.018696680007141087,0.018596680007141087,18.679696857707636,1.0,16,,,,True
214,0.8982539062499999,1,True,0.01758951546458487,0.01748951546458487,18.73965160583036,1.0,15,,,,True
214,0.8982539062499999,2,True,0.01647396570773685,0.01637396570773685,18.800391453363176,1.0,14,,,,True
214,0.8982539062499999,3,True,0.01545493128802855,0.015354931288028551,18.861750312896035,1.0,13,,,,True
214,0.8982539062499999,4,True,0.014531387888275571,0.014431387888275572,18.92350430853713,1.0,12,,,,True
214,0.8982539062499999,5,True,0.013676034081072874,0.013576034081072875,18.985135672940928,1.0,11,,,,True
214,0.8982539062499999,6,True,0.012823824362123482,0.012723824362123482,19.046166821286217,1.0,10,,,,True
215,0.9132527343749999,0,True,0.018696680007141087,0.018596680007141087,18.679696857707636,1.0,16,,,,True
215,0.9132527343749999,1,True,0.01758951546458487,0.01748951546458487,18.73965160583036,1.0,15,,,,True
215,0.9132527343749999,2,True,0.01647396570773685,0.01637396570773685,18.800391453363176,1.0,14,,,,True
215,0.9132527343749999,3,True,0.01545493128802855,0.015354931288028551,18.861750312896035,1.0,13,,,,True
215,0.9132527343749999,4,True,0.014531387888275571,0.014431387888275572,18.92350430853713,1.0,12,,,,True
215,0.9132527343749999,5,True,0.013676034081072874,0.013576034081072875,18.985135672940928,1.0,11,,,,True
215,0.9132527343749999,6,True,0.012823824362123482,0.012723824362123482,19.046166821286217,1.0,10,,,,True
216,0.9282515624999998,0,True,0.018696680007141087,0.018596680007141087,18.679696857707636,1.0,16,,,,True
216,0.9282515624999998,1,True,0.01758951546458487,0.01748951546458487,18.73965160583036,1.0,15,,,,True
216,0.9282515624999998,2,True,0.01647396570773685,0.01637396570773685,18.800391453363176,1.0,14,,,,True
216,0.9282515624999998,3,True,0.01545493128802855,0.015354931288028551,18.861750312896035,1.0,13,,,,True
216,0.9282515624999998,4,True,0.014531387888275571,0.014431387888275572,18.92350430853713,1.0,12,,,,True
216,0.9282515624999998,5,True,0.013676034081072874,0.013576034081072875,18.985135672940928,1.0,11,,,,True
216,0.9282515624999998,6,True,0.012823824362123482,0.012723824362123482,19.046166821286217,1.0,10,,,,True
217,0.9432503906249998,0,True,0.018696680007141087,0.018596680007141087,18.679696857707636,1.0,16,,,,True
217,0.9432503906249998,1,True,0.01758951546458487,0.01748951546458487,18.73965160583036,1.0,15,,,,True
217,0.9432503906249998,2,True,0.01647396570773685,0.01637396570773685,18.800391453363176,1.0,14,,,,True
217,0.9432503906249998,3,True,0.01545493128802855,0.015354931288028551,18.861750312896035,1.0,13,,,,True
217,0.9432503906249998,4,True,0.014531387888275571,0.014431387888275572,18.92350430853713,1.0,12,,,,True
217,0.9432503906249998,5,True,0.013676034081072874,0.013576034081072875,18.985135672940928,1.0,11,,,,True
217,0.9432503906249998,6,True,0.012823824362123482,0.012723824362123482,19.046166821286217,1.0,10,,,,True
218,0.9582492187500002,0,True,0.018696680007141087,0.018596680007141087,18.679696857707636,1.0,16,,,,True
218,0.9582492187500002,1,True,0.01758951546458487,0.01748951546458487,18.73965160583036,1.0,15,,,,True
218,0.9582492187500002,2,True,0.01647396570773685,0.01637396570773685,18.800391453363176,1.0,14,,,,True
218,0.9582492187500002,3,True,0.01545493128802855,0.015354931288028551,18.861750312896035,1.0,13,,,,True
218,0.9582492187500002,4,True,0.014531387888275571,0.014431387888275572,18.92350430853713,1.0,12,,,,True
218,0.9582492187500002,5,True,0.013676034081072874,0.013576034081072875,18.985135672940928,1.0,11,,,,True
218,0.9582492187500002,6,True,0.012823824362123482,0.012723824362123482,19.046166821286217,1.0,10,,,,True
219,0.9732480468750002,0,True,0.018696680007141087,0.018596680007141087,18.679696857707636,1.0,16,,,,True
219,0.9732480468750002,1,True,0.01758951546458487,0.01748951546458487,18.73965160583036,1.0,15,,,,True
219,0.9732480468750002,2,True,0.01647396570773685,0.01637396570773685,18.800391453363176,1.0,14,,,,True
219,0.9732480468750002,3,True,0.01545493128802855,0.015354931288028551,18.861750312896035,1.0,13,,,,True
219,0.9732480468750002,4,True,0.014531387888275571,0.014431387888275572,18.92350430853713,1.0,12,,,,True
219,0.9732480468750002,5,True,0.013676034081072874,0.013576034081072875,18.985135672940928,1.0,11,,,,True
219,0.9732480468750002,6,True,0.012823824362123482,0.012723824362123482,19.046166821286217,1.0,10,,,,True
220,0.9882468750000002,0,True,0.018696680007141087,0.018596680007141087,18.679696857707636,1.0,16,,,,True
220,0.9882468750000002,1,True,0.01758951546458487,0.01748951546458487,18.73965160583036,1.0,15,,,,True
220,0.9882468750000002,2,True,0.01647396570773685,0.01637396570773685,18.800391453363176,1.0,14,,,,True
220,0.9882468750000002,3,True,0.01545493128802855,0.015354931288028551,18.861750312896035,1.0,13,,,,True
220,0.9882468750000002,4,True,0.014531387888275571,0.014431387888275572,18.92350430853713,1.0,12,,,,True
220,0.9882468750000002,5,True,0.013676034081072874,0.013576034081072875,18.985135672940928,1.0,11,,,,True
220,0.9882468750000002,6,True,0.012823824362123482,0.012723824362123482,19.046166821286217,1.0,10,,,,True
221,1.0032457031250002,0,True,0.018696680007141087,0.018596680007141087,18.679696857707636,1.0,16,,,,True
221,1.0032457031250002,1,True,0.01758951546458487,0.01748951546458487,18.73965160583036,1.0,15,,,,True
221,1.0032457031250002,2,True,0.01647396570773685,0.01637396570773685,18.800391453363176,1.0,14,,,,True
221,1.0032457031250002,3,True,0.01545493128802855,0.015354931288028551,18.861750312896035,1.0,13,,,,True
221,1.0032457031250002,4,True,0.014531387888275571,0.014431387888275572,18.92350430853713,1.0,12,,,,True
221,1.0032457031250002,5,True,0.013676034081072874,0.013576034081072875,18.985135672940928,1.0,11,,,,True
221,1.0032457031250002,6,True,0.012823824362123482,0.012723824362123482,19.046166821286217,1.0,10,,,,True
222,1.0182445312500001,0,True,0.018696680007141087,0.018596680007141087,18.679696857707636,1.0,16,,,,True
222,1.0182445312500001,1,True,0.01758951546458487,0.01748951546458487,18.73965160583036,1.0,15,,,,True
222,1.0182445312500001,2,True,0.01647396570773685,0.01637396570773685,18.800391453363176,1.0,14,,,,True
222,1.0182445312500001,3,True,0.01545493128802855,0.015354931288028551,18.861750312896035,1.0,13,,,,True
222,1.0182445312500001,4,True,0.014531387888275571,0.014431387888275572,18.92350430853713,1.0,12,,,,True
222,1.0182445312500001,5,True,0.013676034081072874,0.013576034081072875,18.985135672940928,1.0,11,,,,True
222,1.0182445312500001,6,True,0.012823824362123482,0.012723824362123482,19.046166821286217,1.0,10,,,,True
223,1.0332433593750001,0,True,0.018696680007141087,0.018596680007141087,18.679696857707636,1.0,16,,,,True
223,1.0332433593750001,1,True,0.01758951546458487,0.01748951546458487,18.73965160583036,1.0,15,,,,True
223,1.0332433593750001,2,True,0.01647396570773685,0.01637396570773685,18.800391453363176,1.0,14,,,,True
223,1.0332433593750001,3,True,0.01545493128802855,0.015354931288028551,18.861750312896035,1.0,13,,,,True
223,1.0332433593750001,4,True,0.014531387888275571,0.014431387888275572,18.92350430853713,1.0,12,,,,True
223,1.0332433593750001,5,True,0.013676034081072874,0.013576034081072875,18.985135672940928,1.0,11,,,,True
223,1.0332433593750001,6,True,0.012823824362123482,0.012723824362123482,19.046166821286217,1.0,10,,,,True
224,1.0482421875,0,True,0.018696680007141087,0.018596680007141087,18.679696857707636,1.0,16,,,,True
224,1.0482421875,1,True,0.01758951546458487,0.01748951546458487,18.73965160583036,1.0,15,,,,True
224,1.0482421875,2,True,0.01647396570773685,0.01637396570773685,18.800391453363176,1.0,14,,,,True
224,1.0482421875,3,True,0.01545493128802855,0.015354931288028551,18.861750312896035,1.0,13,,,,True
224,1.0482421875,4,True,0.014531387888275571,0.014431387888275572,18.92350430853713,1.0,12,,,,True
224,1.0482421875,5,True,0.013676034081072874,0.013576034081072875,18.985135672940928,1.0,11,,,,True
224,1.0482421875,6,True,0.012823824362123482,0.012723824362123482,19.046166821286217,1.0,10,,,,True
225,1.063241015625,0,True,0.018696680007141087,0.018596680007141087,18.679696857707636,1.0,16,,,,True
225,1.063241015625,1,True,0.01758951546458487,0.01748951546458487,18.73965160583036,1.0,15,,,,True
225,1.063241015625,2,True,0.01647396570773685,0.01637396570773685,18.800391453363176,1.0,14,,,,True
225,1.063241015625,3,True,0.01545493128802855,0.015354931288028551,18.861750312896035,1.0,13,,,,True
225,1.063241015625,4,True,0.014531387888275571,0.014431387888275572,18.92350430853713,1.0,12,,,,True
225,1.063241015625,5,True,0.013676034081072874,0.013576034081072875,18.985135672940928,1.0,11,,,,True
225,1.063241015625,6,True,0.012823824362123482,0.012723824362123482,19.046166821286217,1.0,10,,,,True
226,1.07823984375,0,True,0.018696680007141087,0.018596680007141087,18.679696857707636,1.0,16,,,,True
226,1.07823984375,1,True,0.01758951546458487,0.01748951546458487,18.73965160583036,1.0,15,,,,True
226,1.07823984375,2,True,0.01647396570773685,0.01637396570773685,18.800391453363176,1.0,14,,,,True
226,1.07823984375,3,True,0.01545493128802855,0.015354931288028551,18.861750312896035,1.0,13,,,,True
226,1.07823984375,4,True,0.014531387888275571,0.014431387888275572,18.92350430853713,1.0,12,,,,True
226,1.07823984375,5,True,0.013676034081072874,0.013576034081072875,18.985135672940928,1.0,11,,,,True
226,1.07823984375,6,True,0.012823824362123482,0.012723824362123482,19.046166821286217,1.0,10,,,,True
227,1.093238671875,0,True,0.018696680007141087,0.018596680007141087,18.679696857707636,1.0,16,,,,True
227,1.093238671875,1,True,0.01758951546458487,0.01748951546458487,18.73965160583036,1.0,15,,,,True
227,1.093238671875,2,True,0.01647396570773685,0.01637396570773685,18.800391453363176,1.0,14,,,,True
227,1.093238671875,3,True,0.01545493128802855,0.015354931288028551,18.861750312896035,1.0,13,,,,True
227,1.093238671875,4,True,0.014531387888275571,0.014431387888275572,18.92350430853713,1.0,12,,,,True
227,1.093238671875,5,True,0.013676034081072874,0.013576034081072875,18.985135672940928,1.0,11,,,,True
227,1.093238671875,6,True,0.012823824362123482,0.012723824362123482,19.046166821286217,1.0,10,,,,True
228,1.1082375,0,True,0.018696680007141087,0.018596680007141087,18.679696857707636,1.0,16,,,,True
228,1.1082375,1,True,0.01758951546458487,0.01748951546458487,18.73965160583036,1.0,15,,,,True
228,1.1082375,2,True,0.01647396570773685,0.01637396570773685,18.800391453363176,1.0,14,,,,True
228,1.1082375,3,True,0.01545493128802855,0.015354931288028551,18.861750312896035,1.0,13,,,,True
228,1.1082375,4,True,0.014531387888275571,0.014431387888275572,18.92350430853713,1.0,12,,,,True
228,1.1082375,5,True,0.013676034081072874,0.013576034081072875,18.985135672940928,1.0,11,,,,True
228,1.1082375,6,True,0.012823824362123482,0.012723824362123482,19.046166821286217,1.0,10,,,,True
229,1.123236328125,0,True,0.018696680007141087,0.018596680007141087,18.679696857707636,1.0,16,,,,True
229,1.123236328125,1,True,0.01758951546458487,0.01748951546458487,18.73965160583036,1.0,15,,,,True
229,1.123236328125,2,True,0.01647396570773685,0.01637396570773685,18.800391453363176,1.0,14,,,,True
229,1.123236328125,3,True,0.01545493128802855,0.015354931288028551,18.861750312896035,1.0,13,,,,True
229,1.123236328125,4,True,0.014531387888275571,0.014431387888275572,18.92350430853713,1.0,12,,,,True
229,1.123236328125,5,True,0.013676034081072874,0.013576034081072875,18.985135672940928,1.0,11,,,,True
229,1.123236328125,6,True,0.012823824362123482,0.012723824362123482,19.046166821286217,1.0,10,,,,True
230,1.13823515625,0,True,0.018696680007141087,0.018596680007141087,18.679696857707636,1.0,16,,,,True
230,1.13823515625,1,True,0.01758951546458487,0.01748951546458487,18.73965160583036,1.0,15,,,,True
230,1.13823515625,2,True,0.01647396570773685,0.01637396570773685,18.800391453363176,1.0,14,,,,True
230,1.13823515625,3,True,0.01545493128802855,0.015354931288028551,18.861750312896035,1.0,13,,,,True
230,1.13823515625,4,True,0.014531387888275571,0.014431387888275572,18.92350430853713,1.0,12,,,,True
230,1.13823515625,5,True,0.013676034081072874,0.013576034081072875,18.985135672940928,1.0,11,,,,True
230,1.13823515625,6,True,0.012823824362123482,0.012723824362123482,19.046166821286217,1.0,10,,,,True
231,1.153233984375,0,True,0.018696680007141087,0.018596680007141087,18.679696857707636,1.0,16,,,,True
231,1.153233984375,1,True,0.01758951546458487,0.01748951546458487,18.73965160583036,1.0,15,,,,True
231,1.153233984375,2,True,0.01647396570773685,0.01637396570773685,18.800391453363176,1.0,14,,,,True
231,1.153233984375,3,True,0.01545493128802855,0.015354931288028551,18.861750312896035,1.0,13,,,,True
231,1.153233984375,4,True,0.014531387888275571,0.014431387888275572,18.92350430853713,1.0,12,,,,True
231,1.153233984375,5,True,0.013676034081072874,0.013576034081072875,18.985135672940928,1.0,11,,,,True
231,1.153233984375,6,True,0.012823824362123482,0.012723824362123482,19.046166821286217,1.0,10,,,,True
232,1.1682328124999999,0,True,0.018696680007141087,0.018596680007141087,18.679696857707636,1.0,16,,,,True
232,1.1682328124999999,1,True,0.01758951546458487,0.01748951546458487,18.73965160583036,1.0,15,,,,True
232,1.1682328124999999,2,True,0.01647396570773685,0.01637396570773685,18.800391453363176,1.0,14,,,,True
232,1.1682328124999999,3,True,0.01545493128802855,0.015354931288028551,18.861750312896035,1.0,13,,,,True
232,1.1682328124999999,4,True,0.014531387888275571,0.014431387888275572,18.92350430853713,1.0,12,,,,True
232,1.1682328124999999,5,True,0.013676034081072874,0.013576034081072875,18.985135672940928,1.0,11,,,,True
232,1.1682328124999999,6,True,0.012823824362123482,0.012723824362123482,19.046166821286217,1.0,10,,,,True
233,1.1832316406249999,0,True,0.018696680007141087,0.018596680007141087,18.679696857707636,1.0,16,,,,True
233,1.1832316406249999,1,True,0.01758951546458487,0.01748951546458487,18.73965160583036,1.0,15,,,,True
233,1.1832316406249999,2,True,0.01647396570773685,0.01637396570773685,18.800391453363176,1.0,14,,,,True
233,1.1832316406249999,3,True,0.01545493128802855,0.015354931288028551,18.861750312896035,1.0,13,,,,True
233,1.1832316406249999,4,True,0.014531387888275571,0.014431387888275572,18.92350430853713,1.0,12,,,,True
233,1.1832316406249999,5,True,0.013676034081072874,0.013576034081072875,18.985135672940928,1.0,11,,,,True
233,1.1832316406249999,6,True,0.012823824362123482,0.012723824362123482,19.046166821286217,1.0,10,,,,True
234,1.1982304687499998,0,True,0.018696680007141087,0.018596680007141087,18.679696857707636,1.0,16,,,,True
234,1.1982304687499998,1,True,0.01758951546458487,0.01748951546458487,18.73965160583036,1.0,15,,,,True
234,1.1982304687499998,2,True,0.01647396570773685,0.01637396570773685,18.800391453363176,1.0,14,,,,True
234,1.1982304687499998,3,True,0.01545493128802855,0.015354931288028551,18.861750312896035,1.0,13,,,,True
234,1.1982304687499998,4,True,0.014531387888275571,0.014431387888275572,18.92350430853713,1.0,12,,,,True
234,1.1982304687499998,5,True,0.013676034081072874,0.013576034081072875,18.985135672940928,1.0,11,,,,True
234,1.1982304687499998,6,True,0.012823824362123482,0.012723824362123482,19.046166821286217,1.0,10,,,,True
235,1.2132292968750003,0,True,0.018696680007141087,0.018596680007141087,18.679696857707636,1.0,16,,,,True
235,1.2132292968750003,1,True,0.01758951546458487,0.01748951546458487,18.73965160583036,1.0,15,,,,True
235,1.2132292968750003,2,True,0.01647396570773685,0.01637396570773685,18.800391453363176,1.0,14,,,,True
235,1.2132292968750003,3,True,0.01545493128802855,0.015354931288028551,18.861750312896035,1.0,13,,,,True
235,1.2132292968750003,4,True,0.014531387888275571,0.014431387888275572,18.92350430853713,1.0,12,,,,True
235,1.2132292968750003,5,True,0.013676034081072874,0.013576034081072875,18.985135672940928,1.0,11,,,,True
235,1.2132292968750003,6,True,0.012823824362123482,0.012723824362123482,19.046166821286217,1.0,10,,,,True
236,1.2282281250000002,0,True,0.018696680007141087,0.018596680007141087,18.679696857707636,1.0,16,,,,True
236,1.2282281250000002,1,True,0.01758951546458487,0.01748951546458487,18.73965160583036,1.0,15,,,,True
236,1.2282281250000002,2,True,0.01647396570773685,0.01637396570773685,18.800391453363176,1.0,14,,,,True
236,1.2282281250000002,3,True,0.01545493128802855,0.015354931288028551,18.861750312896035,1.0,13,,,,True
236,1.2282281250000002,4,True,0.014531387888275571,0.014431387888275572,18.92350430853713,1.0,12,,,,True
236,1.2282281250000002,5,True,0.013676034081072874,0.013576034081072875,18.985135672940928,1.0,11,,,,True
236,1.2282281250000002,6,True,0.012823824362123482,0.012723824362123482,19.046166821286217,1.0,10,,,,True
237,1.2432269531250002,0,True,0.018696680007141087,0.018596680007141087,18.679696857707636,1.0,16,,,,True
237,1.2432269531250002,1,True,0.01758951546458487,0.01748951546458487,18.73965160583036,1.0,15,,,,True
237,1.2432269531250002,2,True,0.01647396570773685,0.01637396570773685,18.800391453363176,1.0,14,,,,True
237,1.2432269531250002,3,True,0.01545493128802855,0.015354931288028551,18.861750312896035,1.0,13,,,,True
237,1.2432269531250002,4,True,0.014531387888275571,0.014431387888275572,18.92350430853713,1.0,12,,,,True
237,1.2432269531250002,5,True,0.013676034081072874,0.013576034081072875,18.985135672940928,1.0,11,,,,True
237,1.2432269531250002,6,True,0.012823824362123482,0.012723824362123482,19.046166821286217,1.0,10,,,,True
238,1.2582257812500002,0,True,0.018696680007141087,0.018596680007141087,18.679696857707636,1.0,16,,,,True
238,1.2582257812500002,1,True,0.01758951546458487,0.01748951546458487,18.73965160583036,1.0,15,,,,True
238,1.2582257812500002,2,True,0.01647396570773685,0.01637396570773685,18.800391453363176,1.0,14,,,,True
238,1.2582257812500002,3,True,0.01545493128802855,0.015354931288028551,18.861750312896035,1.0,13,,,,True
238,1.2582257812500002,4,True,0.014531387888275571,0.014431387888275572,18.92350430853713,1.0,12,,,,True
238,1.2582257812500002,5,True,0.013676034081072874,0.013576034081072875,18.985135672940928,1.0,11,,,,True
238,1.2582257812500002,6,True,0.012823824362123482,0.012723824362123482,19.046166821286217,1.0,10,,,,True
239,1.2732246093750001,0,True,0.018696680007141087,0.018596680007141087,18.679696857707636,1.0,16,,,,True
239,1.2732246093750001,1,True,0.01758951546458487,0.01748951546458487,18.73965160583036,1.0,15,,,,True
239,1.2732246093750001,2,True,0.01647396570773685,0.01637396570773685,18.800391453363176,1.0,14,,,,True
239,1.2732246093750001,3,True,0.01545493128802855,0.015354931288028551,18.861750312896035,1.0,13,,,,True
239,1.2732246093750001,4,True,0.014531387888275571,0.014431387888275572,18.92350430853713,1.0,12,,,,True
239,1.2732246093750001,5,True,0.013676034081072874,0.013576034081072875,18.985135672940928,1.0,11,,,,True
239,1.2732246093750001,6,True,0.012823824362123482,0.012723824362123482,19.046166821286217,1.0,10,,,,True
240,1.2882234375000001,0,True,0.018696680007141087,0.018596680007141087,18.679696857707636,1.0,16,,,,True
240,1.2882234375000001,1,True,0.01758951546458487,0.01748951546458487,18.73965160583036,1.0,15,,,,True
240,1.2882234375000001,2,True,0.01647396570773685,0.01637396570773685,18.800391453363176,1.0,14,,,,True
240,1.2882234375000001,3,True,0.01545493128802855,0.015354931288028551,18.861750312896035,1.0,13,,,,True
240,1.2882234375000001,4,True,0.014531387888275571,0.014431387888275572,18.92350430853713,1.0,12,,,,True
240,1.2882234375000001,5,True,0.013676034081072874,0.013576034081072875,18.985135672940928,1.0,11,,,,True
240,1.2882234375000001,6,True,0.012823824362123482,0.012723824362123482,19.046166821286217,1.0,10,,,,True
241,1.303222265625,0,True,0.018696680007141087,0.018596680007141087,18.679696857707636,1.0,16,,,,True
241,1.303222265625,1,True,0.01758951546458487,0.01748951546458487,18.73965160583036,1.0,15,,,,True
241,1.303222265625,2,True,0.01647396570773685,0.01637396570773685,18.800391453363176,1.0,14,,,,True
241,1.303222265625,3,True,0.01545493128802855,0.015354931288028551,18.861750312896035,1.0,13,,,,True
241,1.303222265625,4,True,0.014531387888275571,0.014431387888275572,18.92350430853713,1.0,12,,,,True
241,1.303222265625,5,True,0.013676034081072874,0.013576034081072875,18.985135672940928,1.0,11,,,,True
241,1.303222265625,6,True,0.012823824362123482,0.012723824362123482,19.046166821286217,1.0,10,,,,True
242,1.31822109375,0,True,0.018696680007141087,0.018596680007141087,18.679696857707636,1.0,16,,,,True
242,1.31822109375,1,True,0.01758951546458487,0.01748951546458487,18.73965160583036,1.0,15,,,,True
242,1.31822109375,2,True,0.01647396570773685,0.01637396570773685,18.800391453363176,1.0,14,,,,True
242,1.31822109375,3,True,0.01545493128802855,0.015354931288028551,18.861750312896035,1.0,13,,,,True
242,1.31822109375,4,True,0.014531387888275571,0.014431387888275572,18.92350430853713,1.0,12,,,,True
242,1.31822109375,5,True,0.013676034081072874,0.013576034081072875,18.985135672940928,1.0,11,,,,True
242,1.31822109375,6,True,0.012823824362123482,0.012723824362123482,19.046166821286217,1.0,10,,,,True
243,1.333219921875,0,True,0.018696680007141087,0.018596680007141087,18.679696857707636,1.0,16,,,,True
243,1.333219921875,1,True,0.01758951546458487,0.01748951546458487,18.73965160583036,1.0,15,,,,True
243,1.333219921875,2,True,0.01647396570773685,0.01637396570773685,18.800391453363176,1.0,14,,,,True
243,1.333219921875,3,True,0.01545493128802855,0.015354931288028551,18.861750312896035,1.0,13,,,,True
243,1.333219921875,4,True,0.014531387888275571,0.014431387888275572,18.92350430853713,1.0,12,,,,True
243,1.333219921875,5,True,0.013676034081072874,0.013576034081072875,18.985135672940928,1.0,11,,,,True
243,1.333219921875,6,True,0.012823824362123482,0.012723824362123482,19.046166821286217,1.0,10,,,,True
244,1.34821875,0,True,0.018696680007141087,0.018596680007141087,18.679696857707636,1.0,16,,,,True
244,1.34821875,1,True,0.01758951546458487,0.01748951546458487,18.73965160583036,1.0,15,,,,True
244,1.34821875,2,True,0.01647396570773685,0.01637396570773685,18.800391453363176,1.0,14,,,,True
244,1.34821875,3,True,0.01545493128802855,0.015354931288028551,18.861750312896035,1.0,13,,,,True
244,1.34821875,4,True,0.014531387888275571,0.014431387888275572,18.92350430853713,1.0,12,,,,True
244,1.34821875,5,True,0.013676034081072874,0.013576034081072875,18.985135672940928,1.0,11,,,,True
244,1.34821875,6,True,0.012823824362123482,0.012723824362123482,19.046166821286217,1.0,10,,,,True
245,1.363217578125,0,True,0.018696680007141087,0.018596680007141087,18.679696857707636,1.0,16,,,,True
245,1.363217578125,1,True,0.01758951546458487,0.01748951546458487,18.73965160583036,1.0,15,,,,True
245,1.363217578125,2,True,0.01647396570773685,0.01637396570773685,18.800391453363176,1.0,14,,,,True
245,1.363217578125,3,True,0.01545493128802855,0.015354931288028551,18.861750312896035,1.0,13,,,,True
245,1.363217578125,4,True,0.014531387888275571,0.014431387888275572,18.92350430853713,1.0,12,,,,True
245,1.363217578125,5,True,0.013676034081072874,0.013576034081072875,18.985135672940928,1.0,11,,,,True
245,1.363217578125,6,True,0.012823824362123482,0.012723824362123482,19.046166821286217,1.0,10,,,,True
246,1.37821640625,0,True,0.018696680007141087,0.018596680007141087,18.679696857707636,1.0,16,,,,True
246,1.37821640625,1,True,0.01758951546458487,0.01748951546458487,18.73965160583036,1.0,15,,,,True
246,1.37821640625,2,True,0.01647396570773685,0.01637396570773685,18.800391453363176,1.0,14,,,,True
246,1.37821640625,3,True,0.01545493128802855,0.015354931288028551,18.861750312896035,1.0,13,,,,True
246,1.37821640625,4,True,0.014531387888275571,0.014431387888275572,18.92350430853713,1.0,12,,,,True
246,1.37821640625,5,True,0.013676034081072874,0.013576034081072875,18.985135672940928,1.0,11,,,,True
246,1.37821640625,6,True,0.012823824362123482,0.012723824362123482,19.046166821286217,1.0,10,,,,True
247,1.393215234375,0,True,0.018696680007141087,0.018596680007141087,18.679696857707636,1.0,16,,,,True
247,1.393215234375,1,True,0.01758951546458487,0.01748951546458487,18.73965160583036,1.0,15,,,,True
247,1.393215234375,2,True,0.01647396570773685,0.01637396570773685,18.800391453363176,1.0,14,,,,True
247,1.393215234375,3,True,0.01545493128802855,0.015354931288028551,18.861750312896035,1.0,13,,,,True
247,1.393215234375,4,True,0.014531387888275571,0.014431387888275572,18.92350430853713,1.0,12,,,,True
247,1.393215234375,5,True,0.013676034081072874,0.013576034081072875,18.985135672940928,1.0,11,,,,True
247,1.393215234375,6,True,0.012823824362123482,0.012723824362123482,19.046166821286217,1.0,10,,,,True
248,1.4082140625,0,True,0.018696680007141087,0.018596680007141087,18.679696857707636,1.0,16,,,,True
248,1.4082140625,1,True,0.01758951546458487,0.01748951546458487,18.73965160583036,1.0,15,,,,True
248,1.4082140625,2,True,0.01647396570773685,0.01637396570773685,18.800391453363176,1.0,14,,,,True
248,1.4082140625,3,True,0.01545493128802855,0.015354931288028551,18.861750312896035,1.0,13,,,,True
248,1.4082140625,4,True,0.014531387888275571,0.014431387888275572,18.92350430853713,1.0,12,,,,True
248,1.4082140625,5,True,0.013676034081072874,0.013576034081072875,18.985135672940928,1.0,11,,,,True
248,1.4082140625,6,True,0.012823824362123482,0.012723824362123482,19.046166821286217,1.0,10,,,,True
249,1.423212890625,0,True,0.018696680007141087,0.018596680007141087,18.679696857707636,1.0,16,,,,True
249,1.423212890625,1,True,0.01758951546458487,0.01748951546458487,18.73965160583036,1.0,15,,,,True
249,1.423212890625,2,True,0.01647396570773685,0.01637396570773685,18.800391453363176,1.0,14,,,,True
249,1.423212890625,3,True,0.01545493128802855,0.015354931288028551,18.861750312896035,1.0,13,,,,True
249,1.423212890625,4,True,0.014531387888275571,0.014431387888275572,18.92350430853713,1.0,12,,,,True
249,1.423212890625,5,True,0.013676034081072874,0.013576034081072875,18.985135672940928,1.0,11,,,,True
249,1.423212890625,6,True,0.012823824362123482,0.012723824362123482,19.046166821286217,1.0,10,,,,True
250,1.4382117187499999,0,True,0.018696680007141087,0.018596680007141087,18.679696857707636,1.0,16,,,,True
250,1.4382117187499999,1,True,0.01758951546458487,0.01748951546458487,18.73965160583036,1.0,15,,,,True
250,1.4382117187499999,2,True,0.01647396570773685,0.01637396570773685,18.800391453363176,1.0,14,,,,True
250,1.4382117187499999,3,True,0.01545493128802855,0.015354931288028551,18.861750312896035,1.0,13,,,,True
250,1.4382117187499999,4,True,0.014531387888275571,0.014431387888275572,18.92350430853713,1.0,12,,,,True
250,1.4382117187499999,5,True,0.013676034081072874,0.013576034081072875,18.985135672940928,1.0,11,,,,True
250,1.4382117187499999,6,True,0.012823824362123482,0.012723824362123482,19.046166821286217,1.0,10,,,,True
251,1.4532105468749998,0,True,0.018696680007141087,0.018596680007141087,18.679696857707636,1.0,16,,,,True
251,1.4532105468749998,1,True,0.01758951546458487,0.01748951546458487,18.73965160583036,1.0,15,,,,True
251,1.4532105468749998,2,True,0.01647396570773685,0.01637396570773685,18.800391453363176,1.0,14,,,,True
251,1.4532105468749998,3,True,0.01545493128802855,0.015354931288028551,18.861750312896035,1.0,13,,,,True
251,1.4532105468749998,4,True,0.014531387888275571,0.014431387888275572,18.92350430853713,1.0,12,,,,True
251,1.4532105468749998,5,True,0.013676034081072874,0.013576034081072875,18.985135672940928,1.0,11,,,,True
251,1.4532105468749998,6,True,0.012823824362123482,0.012723824362123482,19.046166821286217,1.0,10,,,,True
252,1.4682093750000003,0,True,0.018696680007141087,0.018596680007141087,18.679696857707636,1.0,16,,,,True
252,1.4682093750000003,1,True,0.01758951546458487,0.01748951546458487,18.73965160583036,1.0,15,,,,True
252,1.4682093750000003,2,True,0.01647396570773685,0.01637396570773685,18.800391453363176,1.0,14,,,,True
252,1.4682093750000003,3,True,0.01545493128802855,0.015354931288028551,18.861750312896035,1.0,13,,,,True
252,1.4682093750000003,4,True,0.014531387888275571,0.014431387888275572,18.92350430853713,1.0,12,,,,True
252,1.4682093750000003,5,True,0.013676034081072874,0.013576034081072875,18.985135672940928,1.0,11,,,,True
252,1.4682093750000003,6,True,0.012823824362123482,0.012723824362123482,19.046166821286217,1.0,10,,,,True
253,1.4832082031250002,0,True,0.018696680007141087,0.018596680007141087,18.679696857707636,1.0,16,,,,True
253,1.4832082031250002,1,True,0.01758951546458487,0.01748951546458487,18.73965160583036,1.0,15,,,,True
253,1.4832082031250002,2,True,0.01647396570773685,0.01637396570773685,18.800391453363176,1.0,14,,,,True
253,1.4832082031250002,3,True,0.01545493128802855,0.015354931288028551,18.861750312896035,1.0,13,,,,True
253,1.4832082031250002,4,True,0.014531387888275571,0.014431387888275572,18.92350430853713,1.0,12,,,,True
253,1.4832082031250002,5,True,0.013676034081072874,0.013576034081072875,18.985135672940928,1.0,11,,,,True
253,1.4832082031250002,6,True,0.012823824362123482,0.012723824362123482,19.046166821286217,1.0,10,,,,True
254,1.4982070312500002,0,True,0.018696680007141087,0.018596680007141087,18.679696857707636,1.0,16,,,,True
254,1.4982070312500002,1,True,0.01758951546458487,0.01748951546458487,18.73965160583036,1.0,15,,,,True
254,1.4982070312500002,2,True,0.01647396570773685,0.01637396570773685,18.800391453363176,1.0,14,,,,True
254,1.4982070312500002,3,True,0.01545493128802855,0.015354931288028551,18.861750312896035,1.0,13,,,,True
254,1.4982070312500002,4,True,0.014531387888275571,0.014431387888275572,18.92350430853713,1.0,12,,,,True
254,1.4982070312500002,5,True,0.013676034081072874,0.013576034081072875,18.985135672940928,1.0,11,,,,True
254,1.4982070312500002,6,True,0.012823824362123482,0.012723824362123482,19.046166821286217,1.0,10,,,,True
255,1.5132058593750002,0,True,0.018696680007141087,0.018596680007141087,18.679696857707636,1.0,16,,,,True
255,1.5132058593750002,1,True,0.01758951546458487,0.01748951546458487,18.73965160583036,1.0,15,,,,True
255,1.5132058593750002,2,True,0.01647396570773685,0.01637396570773685,18.800391453363176,1.0,14,,,,True
255,1.5132058593750002,3,True,0.01545493128802855,0.015354931288028551,18.861750312896035,1.0,13,,,,True
255,1.5132058593750002,4,True,0.014531387888275571,0.014431387888275572,18.92350430853713,1.0,12,,,,True
255,1.5132058593750002,5,True,0.013676034081072874,0.013576034081072875,18.985135672940928,1.0,11,,,,True
255,1.5132058593750002,6,True,0.012823824362123482,0.012723824362123482,19.046166821286217,1.0,10,,,,True
256,1.5282046875000002,0,True,0.018696680007141087,0.018596680007141087,18.679696857707636,1.0,16,,,,True
256,1.5282046875000002,1,True,0.01758951546458487,0.01748951546458487,18.73965160583036,1.0,15,,,,True
256,1.5282046875000002,2,True,0.01647396570773685,0.01637396570773685,18.800391453363176,1.0,14,,,,True
256,1.5282046875000002,3,True,0.01545493128802855,0.015354931288028551,18.861750312896035,1.0,13,,,,True
256,1.5282046875000002,4,True,0.014531387888275571,0.014431387888275572,18.92350430853713,1.0,12,,,,True
256,1.5282046875000002,5,True,0.013676034081072874,0.013576034081072875,18.985135672940928,1.0,11,,,,True
256,1.5282046875000002,6,True,0.012823824362123482,0.012723824362123482,19.046166821286217,1.0,10,,,,True
257,1.5432035156250001,0,True,0.018696680007141087,0.018596680007141087,18.679696857707636,1.0,16,,,,True
257,1.5432035156250001,1,True,0.01758951546458487,0.01748951546458487,18.73965160583036,1.0,15,,,,True
257,1.5432035156250001,2,True,0.01647396570773685,0.01637396570773685,18.800391453363176,1.0,14,,,,True
257,1.5432035156250001,3,True,0.01545493128802855,0.015354931288028551,18.861750312896035,1.0,13,,,,True
257,1.5432035156250001,4,True,0.014531387888275571,0.014431387888275572,18.92350430853713,1.0,12,,,,True
257,1.5432035156250001,5,True,0.013676034081072874,0.013576034081072875,18.985135672940928,1.0,11,,,,True
257,1.5432035156250001,6,True,0.012823824362123482,0.012723824362123482,19.046166821286217,1.0,10,,,,True
258,1.55820234375,0,True,0.018696680007141087,0.018596680007141087,18.679696857707636,1.0,16,,,,True
258,1.55820234375,1,True,0.01758951546458487,0.01748951546458487,18.73965160583036,1.0,15,,,,True
258,1.55820234375,2,True,0.01647396570773685,0.01637396570773685,18.800391453363176,1.0,14,,,,True
258,1.55820234375,3,True,0.01545493128802855,0.015354931288028551,18.861750312896035,1.0,13,,,,True
258,1.55820234375,4,True,0.014531387888275571,0.014431387888275572,18.92350430853713,1.0,12,,,,True
258,1.55820234375,5,True,0.013676034081072874,0.013576034081072875,18.985135672940928,1.0,11,,,,True
258,1.55820234375,6,True,0.012823824362123482,0.012723824362123482,19.046166821286217,1.0,10,,,,True
259,1.573201171875,0,True,0.018696680007141087,0.018596680007141087,18.679696857707636,1.0,16,,,,True
259,1.573201171875,1,True,0.01758951546458487,0.01748951546458487,18.73965160583036,1.0,15,,,,True
259,1.573201171875,2,True,0.01647396570773685,0.01637396570773685,18.800391453363176,1.0,14,,,,True
259,1.573201171875,3,True,0.01545493128802855,0.015354931288028551,18.861750312896035,1.0,13,,,,True
259,1.573201171875,4,True,0.014531387888275571,0.014431387888275572,18.92350430853713,1.0,12,,,,True
259,1.573201171875,5,True,0.013676034081072874,0.013576034081072875,18.985135672940928,1.0,11,,,,True
259,1.573201171875,6,True,0.012823824362123482,0.012723824362123482,19.046166821286217,1.0,10,,,,True
260,1.5882,0,True,0.018696680007141087,0.018596680007141087,18.679696857707636,1.0,16,,,,True
260,1.5882,1,True,0.01758951546458487,0.01748951546458487,18.73965160583036,1.0,15,,,,True
260,1.5882,2,True,0.01647396570773685,0.01637396570773685,18.800391453363176,1.0,14,,,,True
260,1.5882,3,True,0.01545493128802855,0.015354931288028551,18.861750312896035,1.0,13,,,,True
260,1.5882,4,True,0.014531387888275571,0.014431387888275572,18.92350430853713,1.0,12,,,,True
260,1.5882,5,True,0.013676034081072874,0.013576034081072875,18.985135672940928,1.0,11,,,,True
260,1.5882,6,True,0.012823824362123482,0.012723824362123482,19.046166821286217,1.0,10,,,,True
261,-2.204628662109375,0,True,0.017001275402928506,0.016901275402928507,19.118563476318602,0.368942887437927,0,,,,True
261,-2.204628662109375,1,True,0.018669960474336555,0.018569960474336556,19.147432312215372,0.3667653662249416,0,,,,True
261,-2.204628662109375,2,True,0.02022261186324359,0.02012261186324359,19.176713875232075,0.3647811305063253,0,,,,True
261,-2.204628662109375,3,True,0.021653073620321095,0.021553073620321096,19.176734165601587,0.36289580029409846,0,,,,True
261,-2.204628662109375,4,True,0.02071754563791295,0.02061754563791295,19.159171354476843,0.36103398680376864,0,,,,True
261,-2.204628662109375,5,True,0.01938073604674928,0.01928073604674928,19.141357284571985,0.3591385968929319,0,,,,True
261,-2.204628662109375,6,True,0.01814229804702272,0.01804229804702272,19.123336088977837,0.3571597419827476,0,,,,True
262,-2.20275380859375,0,True,0.01719793491374677,0.01709793491374677,19.118705287456645,0.368942887437927,0,,,,True
262,-2.20275380859375,1,True,0.018847404881195295,0.018747404881195296,19.14757397881166,0.3667653662249416,0,,,,True
262,-2.20275380859375,2,True,0.020381453437994246,0.020281453437994246,19.176855385385686,0.3647811305063253,0,,,,True
262,-2.20275380859375,3,True,0.021793820051956736,0.021693820051956737,19.17686668770434,0.36289580029409846,0,,,,True
262,-2.20275380859375,4,True,0.020712890175401455,0.020612890175401456,19.15930395023382,0.36103398680376864,0,,,,True
262,-2.20275380859375,5,True,0.019377496305087227,0.019277496305087228,19.14148989396629,0.3591385968929319,0,,,,True
262,-2.20275380859375,6,True,0.018139081497803744,0.018039081497803745,19.123468736435903,0.3571597419827476,0,,,,True
263,-2.2008789550781254,0,True,0.017394599530712096,0.017294599530712097,19.11884710194973,0.368942887437927,0,,,,True
263,-2.2008789550781254,1,True,0.01902485331023529,0.01892485331023529,19.147715648746416,0.3667653662249416,0,,,,True
263,-2.2008789550781254,2,True,0.020540298110203636,0.020440298110203637,19.176996898861677,0.3647811305063253,0,,,,True
263,-2.2008789550781254,3,True,0.021934568816559086,0.021834568816559086,19.17699919054862,0.36289580029409846,0,,,,True
263,-2.2008789550781254,4,True,0.02070823471689387,0.02060823471689387,19.159436526557876,0.36103398680376864,0,,,,True
263,-2.2008789550781254,5,True,0.019374256565628745,0.019274256565628745,19.14162248384296,0.3591385968929319,0,,,,True
263,-2.2008789550781254,6,True,0.018135864950753255,0.018035864950753256,19.123601364291545,0.3571597419827476,0,,,,True
264,-2.1990041015625,0,True,0.017591269254540798,0.0174912692545408,19.118988919797804,0.368942887437927,0,,,,True
264,-2.1990041015625,1,True,0.01920230576201165,0.01910230576201165,19.147857322019583,0.3667653662249416,0,,,,True
264,-2.1990041015625,2,True,0.020699145880291425,0.020599145880291426,19.17713841565998,0.3647811305063253,0,,,,True
264,-2.1990041015625,3,True,0.022027835798643647,0.021927835798643647,19.177131674128685,0.36289580029409846,0,,,,True
264,-2.1990041015625,4,True,0.020703579262395078,0.020603579262395078,19.15956908344335,0.36103398680376864,0,,,,True
264,-2.1990041015625,5,True,0.01937101682837561,0.01927101682837561,19.141755054196437,0.3591385968929319,0,,,,True
264,-2.1990041015625,6,True,0.018132648405872587,0.018032648405872587,19.12373397253907,0.3571597419827476,0,,,,True
265,-2.197129248046875,0,True,0.017787944085949192,0.017687944085949193,19.119130741000824,0.368942887437927,0,,,,True
265,-2.197129248046875,1,True,0.019379762237080822,0.019279762237080823,19.147998998631117,0.3667653662249416,0,,,,True
265,-2.197129248046875,2,True,0.02085799674867639,0.02075799674867639,19.177279935780565,0.3647811305063253,0,,,,True
265,-2.197129248046875,3,True,0.022023178255149656,0.021923178255149656,19.17726414242964,0.36289580029409846,0,,,,True
265,-2.197129248046875,4,True,0.020698923811910408,0.02059892381191041,19.15970162088513,0.36103398680376864,0,,,,True
265,-2.197129248046875,5,True,0.01936777709332871,0.01926777709332871,19.141887605021186,0.3591385968929319,0,,,,True
265,-2.197129248046875,6,True,0.018129431863162626,0.018029431863162627,19.12386656117296,0.3571597419827476,0,,,,True
266,-2.19525439453125,0,True,0.017984624025653595,0.017884624025653596,19.11927256555872,0.368942887437927,0,,,,True
266,-2.19525439453125,1,True,0.019557222735995694,0.019457222735995695,19.148140678580965,0.3667653662249416,0,,,,True
266,-2.19525439453125,2,True,0.021016850715778634,0.020916850715778635,19.17742145922337,0.3647811305063253,0,,,,True
266,-2.19525439453125,3,True,0.022018488208539022,0.021918488208539023,19.17739660592986,0.36289580029409846,0,,,,True
266,-2.19525439453125,4,True,0.0206942683654443,0.020594268365444302,19.15983413887727,0.36103398680376864,0,,,,True
266,-2.19525439453125,5,True,0.01936453736048893,0.019264537360488932,19.142020136311466,0.3591385968929319,0,,,,True
266,-2.19525439453125,6,True,0.01812621532262515,0.01802621532262515,19.123999130187542,0.3571597419827476,0,,,,True
267,-2.1933795410156254,0,True,0.018181309074370766,0.018081309074370767,19.119414393471448,0.368942887437927,0,,,,True
267,-2.1933795410156254,1,True,0.019734687259314043,0.019634687259314044,19.148282361869057,0.3667653662249416,0,,,,True
267,-2.1933795410156254,2,True,0.021175707782017827,0.021075707782017828,19.177562985988335,0.3647811305063253,0,,,,True
267,-2.1933795410156254,3,True,0.02201379816605753,0.02191379816605753,19.177529050061565,0.36289580029409846,0,,,,True
267,-2.1933795410156254,4,True,0.020689612923000755,0.020589612923000756,19.15996663741426,0.36103398680376864,0,,,,True
267,-2.1933795410156254,5,True,0.01936129762985761,0.01926129762985761,19.142152648062154,0.3591385968929319,0,,,,True
267,-2.1933795410156254,6,True,0.018122998784259714,0.018022998784259715,19.124131679577307,0.3571597419827476,0,,,,True
268,-2.189629833984375,0,True,0.018574694501712674,0.018474694501712675,19.1196980593612,0.368942887437927,0,,,,True
268,-2.189629833984375,1,True,0.020089628381378066,0.019989628381378067,19.148565738459816,0.3667653662249416,0,,,,True
268,-2.189629833984375,2,True,0.02149343121358749,0.02139343121358749,19.177846049484554,0.3647811305063253,0,,,,True
268,-2.189629833984375,3,True,0.022004418093503286,0.021904418093503287,19.17779388019746,0.36289580029409846,0,,,,True
268,-2.189629833984375,4,True,0.020680302050203103,0.020580302050203104,19.160231576100465,0.36103398680376864,0,,,,True
268,-2.189629833984375,5,True,0.01935481817522433,0.01925481817522433,19.142417612921026,0.3591385968929319,0,,,,True
268,-2.189629833984375,6,True,0.0181165657140534,0.0180165657140534,19.12439671945984,0.3571597419827476,0,,,,True
269,-2.18775498046875,0,True,0.018771394881768266,0.018671394881768267,19.119839897338103,0.368942887437927,0,,,,True
269,-2.18775498046875,1,True,0.020267104981234407,0.020167104981234408,19.148707431762364,0.3667653662249416,0,,,,True
269,-2.18775498046875,2,True,0.021652297579757285,0.021552297579757285,19.1779875862157,0.3647811305063253,0,,,,True
269,-2.18775498046875,3,True,0.021999728063440305,0.021899728063440305,19.17792626619044,0.36289580029409846,0,,,,True
269,-2.18775498046875,4,True,0.020675646619857435,0.020575646619857436,19.16036401623881,0.36103398680376864,0,,,,True
269,-2.18775498046875,5,True,0.01935157845122415,0.01925157845122415,19.142550066018345,0.3591385968929319,0,,,,True
269,-2.18775498046875,6,True,0.0181133491822143,0.0180133491822143,19.124529209941507,0.3571597419827476,0,,,,True
270,-2.1858801269531254,0,True,0.018968100373705443,0.018868100373705444,19.11998173866963,0.368942887437927,0,,,,True
270,-2.1858801269531254,1,True,0.02044458560771467,0.020344585607714672,19.148849128402954,0.3667653662249416,0,,,,True
270,-2.1858801269531254,2,True,0.02181116704674313,0.02171116704674313,19.1781291262688,0.3647811305063253,0,,,,True
270,-2.1858801269531254,3,True,0.021995038037526893,0.021895038037526893,19.178058632792713,0.36289580029409846,0,,,,True
270,-2.1858801269531254,4,True,0.020670991193553867,0.020570991193553868,19.16049643689962,0.36103398680376864,0,,,,True
270,-2.1858801269531254,5,True,0.019348338729436865,0.019248338729436865,19.14268249955336,0.3591385968929319,0,,,,True
270,-2.1858801269531254,6,True,0.018110132652552124,0.018010132652552125,19.1246616807759,0.3571597419827476,0,,,,True
271,-2.1840052734375,0,True,0.0191648109782383,0.0190648109782383,19.120123583355724,0.368942887437927,0,,,,True
271,-2.1840052734375,1,True,0.020622070261372638,0.02052207026137264,19.14899082838154,0.3667653662249416,0,,,,True
271,-2.1840052734375,2,True,0.021970039614964687,0.021870039614964688,19.178264940081647,0.3647811305063253,0,,,,True
271,-2.1840052734375,3,True,0.021990348015766603,0.021890348015766604,19.17819097999868,0.36289580029409846,0,,,,True
271,-2.1840052734375,4,True,0.020666335771297728,0.02056633577129773,19.160628838077482,0.36103398680376864,0,,,,True
271,-2.1840052734375,5,True,0.01934509900986381,0.01924509900986381,19.142814913520613,0.3591385968929319,0,,,,True
271,-2.1840052734375,6,True,0.018106916125068206,0.018006916125068207,19.124794131957504,0.3571597419827476,0,,,,True
272,-2.182130419921875,0,True,0.019361526696082265,0.019261526696082266,19.12026543139633,0.368942887437927,0,,,,True
272,-2.182130419921875,1,True,0.020799558942763863,0.020699558942763863,19.149132531698065,0.3667653662249416,0,,,,True
272,-2.182130419921875,2,True,0.022128915284843398,0.0220289152848434,19.178396461313056,0.3647811305063253,0,,,,True
272,-2.182130419921875,3,True,0.02198565799816432,0.02188565799816432,19.178323307802984,0.36289580029409846,0,,,,True
272,-2.182130419921875,4,True,0.02066168035309257,0.02056168035309257,19.160761219766783,0.36103398680376864,0,,,,True
272,-2.182130419921875,5,True,0.019341859292505426,0.019241859292505426,19.14294730791436,0.3591385968929319,0,,,,True
272,-2.182130419921875,6,True,0.01810369959976388,0.01800369959976388,19.124926563480756,0.3571597419827476,0,,,,True
273,-2.18025556640625,0,True,0.01955824752795543,0.01945824752795543,19.12040728279139,0.368942887437927,0,,,,True
273,-2.18025556640625,1,True,0.02097705165244479,0.02087705165244479,19.14927423835247,0.3667653662249416,0,,,,True
273,-2.18025556640625,2,True,0.022287794056797594,0.022187794056797595,19.17852798397937,0.3647811305063253,0,,,,True
273,-2.18025556640625,3,True,0.02198096798472582,0.02188096798472582,19.17845561619984,0.36289580029409846,0,,,,True
273,-2.18025556640625,4,True,0.02065702493894417,0.02055702493894417,19.160893581962068,0.36103398680376864,0,,,,True
273,-2.18025556640625,5,True,0.019338619577362604,0.019238619577362604,19.14307968272923,0.3591385968929319,0,,,,True
273,-2.18025556640625,6,True,0.01810048307663914,0.01800048307663914,19.125058975339932,0.3571597419827476,0,,,,True
274,-2.1783807128906254,0,True,0.019754973474575,0.019654973474575,19.12054913754086,0.368942887437927,0,,,,True
274,-2.1783807128906254,1,True,0.021154548390970085,0.021054548390970085,19.14941594834471,0.3667653662249416,0,,,,True
274,-2.1783807128906254,2,True,0.02244667593124916,0.02234667593124916,19.178659508080568,0.3647811305063253,0,,,,True
274,-2.1783807128906254,3,True,0.021976277975456426,0.021876277975456427,19.178587905183644,0.36289580029409846,0,,,,True
274,-2.1783807128906254,4,True,0.020652369528856518,0.02055236952885652,19.161025924657654,0.36103398680376864,0,,,,True
274,-2.1783807128906254,5,True,0.01933537986443712,0.01923537986443712,19.14321203795955,0.3591385968929319,0,,,,True
274,-2.1783807128906254,6,True,0.0180972665556971,0.0179972665556971,19.12519136752951,0.3571597419827476,0,,,,True
275,-2.174631005859375,0,True,0.020148440714916394,0.020048440714916394,19.1208328571028,0.368942887437927,0,,,,True
275,-2.174631005859375,1,True,0.02150955395677112,0.021409553956771122,19.14969937834247,0.3667653662249416,0,,,,True
275,-2.174631005859375,2,True,0.022764448989318176,0.022664448989318176,19.178922560587587,0.3647811305063253,0,,,,True
275,-2.174631005859375,3,True,0.02196689796943918,0.02186689796943918,19.17885242489071,0.36289580029409846,0,,,,True
275,-2.174631005859375,4,True,0.020643058720883012,0.020543058720883012,19.161290551527507,0.36103398680376864,0,,,,True
275,-2.174631005859375,5,True,0.019328900445240382,0.019228900445240383,19.143476689644086,0.3591385968929319,0,,,,True
275,-2.174631005859375,6,True,0.018090833520360672,0.017990833520360672,19.125456092877513,0.3571597419827476,0,,,,True
276,-2.17275615234375,0,True,0.02034518201007085,0.02024518201007085,19.120974721915168,0.368942887437927,0,,,,True
276,-2.17275615234375,1,True,0.021687062785159306,0.021587062785159306,19.14984109834789,0.3667653662249416,0,,,,True
276,-2.17275615234375,2,True,0.022807401811709038,0.02270740181170904,19.179054088993375,0.3647811305063253,0,,,,True
276,-2.17275615234375,3,True,0.021962207972701986,0.021862207972701986,19.178984655602687,0.36289580029409846,0,,,,True
276,-2.17275615234375,4,True,0.020638403323006482,0.020538403323006483,19.16142283569066,0.36103398680376864,0,,,,True
276,-2.17275615234375,5,True,0.01932566073897224,0.01922566073897224,19.143608986087237,0.3591385968929319,0,,,,True
276,-2.17275615234375,6,True,0.018087617005969392,0.017987617005969393,19.12558842602475,0.3571597419827476,0,,,,True
277,-2.1708812988281254,0,True,0.02054192842283875,0.02044192842283875,19.121116590081733,0.368942887437927,0,,,,True
277,-2.1708812988281254,1,True,0.02186457564461186,0.02176457564461186,19.149982821690926,0.3667653662249416,0,,,,True
277,-2.1708812988281254,2,True,0.022807401811709038,0.02270740181170904,19.179185618833998,0.3647811305063253,0,,,,True
277,-2.1708812988281254,3,True,0.021957517980151664,0.021857517980151665,19.179116866879465,0.36289580029409846,0,,,,True
277,-2.1708812988281254,4,True,0.020633747929210244,0.020533747929210245,19.16155510033201,0.36103398680376864,0,,,,True
277,-2.1708812988281254,5,True,0.01932242103492543,0.01922242103492543,19.1437412629234,0.3591385968929319,0,,,,True
277,-2.1708812988281254,6,True,0.01808440049376303,0.01798440049376303,19.12572073947999,0.3571597419827476,0,,,,True
278,-2.1690064453125,0,True,0.020738679953930195,0.020638679953930195,19.121258461602423,0.368942887437927,0,,,,True
278,-2.1690064453125,1,True,0.022042092535686564,0.021942092535686564,19.15012454837153,0.3667653662249416,0,,,,True
278,-2.1690064453125,2,True,0.022807401811709038,0.02270740181170904,19.179317150109455,0.3647811305063253,0,,,,True
278,-2.1690064453125,3,True,0.02195282799179399,0.02185282799179399,19.179249058715516,0.36289580029409846,0,,,,True
278,-2.1690064453125,4,True,0.020629092539498295,0.020529092539498296,19.161687345445646,0.36103398680376864,0,,,,True
278,-2.1690064453125,5,True,0.0193191813331004,0.0192191813331004,19.14387352014723,0.3591385968929319,0,,,,True
278,-2.1690064453125,6,True,0.018081183983744253,0.017981183983744254,19.125853033237657,0.3571597419827476,0,,,,True
279,-2.167131591796875,0,True,0.020935436604063717,0.020835436604063718,19.121400336477215,0.368942887437927,0,,,,True
279,-2.167131591796875,1,True,0.022219613458934973,0.022119613458934973,19.15026627838965,0.3667653662249416,0,,,,True
279,-2.167131591796875,2,True,0.022807401811709038,0.02270740181170904,19.179448682819718,0.3647811305063253,0,,,,True
279,-2.167131591796875,3,True,0.0219481380076334,0.0218481380076334,19.179381231105264,0.36289580029409846,0,,,,True
279,-2.167131591796875,4,True,0.02062443715387552,0.02052443715387552,19.16181957102645,0.36103398680376864,0,,,,True
279,-2.167131591796875,5,True,0.019315941633499367,0.019215941633499368,19.144005757752815,0.3591385968929319,0,,,,True
279,-2.167131591796875,6,True,0.018077967475913503,0.017977967475913504,19.125985307292236,0.3571597419827476,0,,,,True
280,-2.16525673828125,0,True,0.02113219837395164,0.02103219837395164,19.12154221470603,0.368942887437927,0,,,,True
280,-2.16525673828125,1,True,0.02239713841491442,0.02229713841491442,19.150408011745224,0.3667653662249416,0,,,,True
280,-2.16525673828125,2,True,0.022807401811709038,0.02270740181170904,19.179580216964776,0.3647811305063253,0,,,,True
280,-2.16525673828125,3,True,0.02194344802767345,0.021843448027673452,19.179513384043396,0.36289580029409846,0,,,,True
280,-2.16525673828125,4,True,0.02061978177234769,0.02051978177234769,19.161951777068513,0.36103398680376864,0,,,,True
280,-2.16525673828125,5,True,0.019312701936122778,0.01921270193612278,19.144137975735056,0.3591385968929319,0,,,,True
280,-2.16525673828125,6,True,0.01807475097027167,0.01797475097027167,19.12611756163792,0.3571597419827476,0,,,,True
281,-2.1633818847656254,0,True,0.02132896526430983,0.02122896526430983,19.12168409628883,0.368942887437927,0,,,,True
281,-2.1633818847656254,1,True,0.022574667404179127,0.022474667404179128,19.15054974843822,0.3667653662249416,0,,,,True
281,-2.1633818847656254,2,True,0.022807401811709038,0.02270740181170904,19.179711752544623,0.3647811305063253,0,,,,True
281,-2.1633818847656254,3,True,0.021938758051919915,0.021838758051919916,19.17964551752401,0.36289580029409846,0,,,,True
281,-2.1633818847656254,4,True,0.02061512639491836,0.02051512639491836,19.16208396356635,0.36103398680376864,0,,,,True
281,-2.1633818847656254,5,True,0.01930946224097152,0.01920946224097152,19.14427017408793,0.3591385968929319,0,,,,True
281,-2.1633818847656254,6,True,0.01807153446681964,0.01797153446681964,19.12624979626938,0.3571597419827476,0,,,,True
282,-2.159632177734375,0,True,0.021722514409307614,0.021622514409307615,19.12196786951615,0.368942887437927,0,,,,True
282,-2.159632177734375,1,True,0.022807401811709038,0.02270740181170904,19.150833231836195,0.3667653662249416,0,,,,True
282,-2.159632177734375,2,True,0.022807401811709038,0.02270740181170904,19.179974828008618,0.3647811305063253,0,,,,True
282,-2.159632177734375,3,True,0.02192937811305251,0.021829378113052512,19.179909726091072,0.36289580029409846,0,,,,True
282,-2.159632177734375,4,True,0.020605815652374737,0.020505815652374738,19.162348277907082,0.36103398680376864,0,,,,True
282,-2.159632177734375,5,True,0.019302982857349882,0.019202982857349882,19.144534511883794,0.3591385968929319,0,,,,True
282,-2.159632177734375,6,True,0.018065101466489875,0.017965101466489875,19.126514206366707,0.3571597419827476,0,,,,True
283,-2.15775732421875,0,True,0.021919296665380283,0.021819296665380284,19.12210976116057,0.368942887437927,0,,,,True
283,-2.15775732421875,1,True,0.022807401811709038,0.02270740181170904,19.15097497854109,0.3667653662249416,0,,,,True
283,-2.15775732421875,2,True,0.022807401811709038,0.02270740181170904,19.180106367892748,0.3647811305063253,0,,,,True
283,-2.15775732421875,3,True,0.02192468814994708,0.02182468814994708,19.18004180116617,0.36289580029409846,0,,,,True
283,-2.15775732421875,4,True,0.02060116028726977,0.02050116028726977,19.162480405738695,0.36103398680376864,0,,,,True
283,-2.15775732421875,5,True,0.019299743168882166,0.019199743168882167,19.144666651315546,0.3591385968929319,0,,,,True
283,-2.15775732421875,6,True,0.018061884969614805,0.017961884969614806,19.126646381821487,0.3571597419827476,0,,,,True
284,-2.1558824707031254,0,True,0.022116084044788487,0.022016084044788487,19.122251656158753,0.368942887437927,0,,,,True
284,-2.1558824707031254,1,True,0.022807401811709038,0.02270740181170904,19.151116728583176,0.3667653662249416,0,,,,True
284,-2.1558824707031254,2,True,0.022807401811709038,0.02270740181170904,19.180237909211606,0.3647811305063253,0,,,,True
284,-2.1558824707031254,3,True,0.021919998191067158,0.02181999819106716,19.18017385676195,0.36289580029409846,0,,,,True
284,-2.1558824707031254,4,True,0.020596504926283288,0.02049650492628329,19.16261251400415,0.36103398680376864,0,,,,True
284,-2.1558824707031254,5,True,0.019296503482644223,0.019196503482644223,19.14479877109576,0.3591385968929319,0,,,,True
284,-2.1558824707031254,6,True,0.018058668474933537,0.017958668474933537,19.12677853753944,0.3571597419827476,0,,,,True
285,-2.1540076171875002,0,True,0.022312876548251204,0.022212876548251204,19.122393554510655,0.368942887437927,0,,,,True
285,-2.1540076171875002,1,True,0.022807401811709038,0.02270740181170904,19.151258481962408,0.3667653662249416,0,,,,True
285,-2.1540076171875002,2,True,0.022807401811709038,0.02270740181170904,19.18036945196518,0.3647811305063253,0,,,,True
285,-2.1540076171875002,3,True,0.02191530823641763,0.02181530823641763,19.180305892872518,0.36289580029409846,0,,,,True
285,-2.1540076171875002,4,True,0.02059184956941884,0.02049184956941884,19.162744602697373,0.36103398680376864,0,,,,True
285,-2.1540076171875002,5,True,0.019293263798637383,0.019193263798637384,19.144930871218747,0.3591385968929319,0,,,,True
285,-2.1540076171875002,6,True,0.018055451982447845,0.017955451982447846,19.12691067351515,0.3571597419827476,0,,,,True
286,-2.152132763671875,0,True,0.022509674176481198,0.0224096741764812,19.122535456216212,0.368942887437927,0,,,,True
286,-2.152132763671875,1,True,0.022807401811709038,0.02270740181170904,19.15140023867873,0.3667653662249416,0,,,,True
286,-2.152132763671875,2,True,0.022807401811709038,0.02270740181170904,19.180500996153466,0.3647811305063253,0,,,,True
286,-2.152132763671875,3,True,0.021910618286002936,0.021810618286002937,19.180437909492362,0.36289580029409846,0,,,,True
286,-2.152132763671875,4,True,0.020587194216681315,0.020487194216681315,19.162876671812946,0.36103398680376864,0,,,,True
286,-2.152132763671875,5,True,0.019290024116862536,0.019190024116862537,19.145062951679257,0.3591385968929319,0,,,,True
286,-2.152132763671875,6,True,0.018052235492158175,0.017952235492158176,19.127042789742898,0.3571597419827476,0,,,,True
287,-2.1502579101562502,0,True,0.022706476930198338,0.02260647693019834,19.122677361275375,0.368942887437927,0,,,,True
287,-2.1502579101562502,1,True,0.022807401811709038,0.02270740181170904,19.151541998732093,0.3667653662249416,0,,,,True
287,-2.1502579101562502,2,True,0.022807401811709038,0.02270740181170904,19.180632541776454,0.3647811305063253,0,,,,True
287,-2.1502579101562502,3,True,0.021905928339828407,0.021805928339828407,19.180569906615915,0.36289580029409846,0,,,,True
287,-2.1502579101562502,4,True,0.02058253886807604,0.02048253886807604,19.163008721345257,0.36103398680376864,0,,,,True
287,-2.1502579101562502,5,True,0.01928678443732057,0.01918678443732057,19.14519501247136,0.3591385968929319,0,,,,True
287,-2.1502579101562502,6,True,0.018049019004066746,0.017949019004066747,19.127174886217148,0.3571597419827476,0,,,,True
288,-2.1483830566406255,0,True,0.022903284810117164,0.022803284810117164,19.122819269688094,0.368942887437927,0,,,,True
288,-2.1483830566406255,1,True,0.022807401811709038,0.02270740181170904,19.15168376212243,0.3667653662249416,0,,,,True
288,-2.1483830566406255,2,True,0.022807401811709038,0.02270740181170904,19.180764088834113,0.3647811305063253,0,,,,True
288,-2.1483830566406255,3,True,0.02190123839789848,0.021801238397898482,19.180701884237596,0.36289580029409846,0,,,,True
288,-2.1483830566406255,4,True,0.0205778835236079,0.0204778835236079,19.16314075128897,0.36103398680376864,0,,,,True
288,-2.1483830566406255,5,True,0.019283544760012816,0.019183544760012817,19.14532705358945,0.3591385968929319,0,,,,True
288,-2.1483830566406255,6,True,0.01804580251817356,0.01794580251817356,19.12730696293225,0.3571597419827476,0,,,,True
289,-2.1952543945312506,0,True,0.017984624025653595,0.017884624025653596,19.11927256555872,0.368942887437927,0,,,,True
289,-2.1952543945312506,1,True,0.019557222735995694,0.019457222735995695,19.148140678580965,0.3667653662249416,0,,,,True
289,-2.1952543945312506,2,True,0.021016850715778634,0.020916850715778635,19.17742145922337,0.3647811305063253,0,,,,True
289,-2.1952543945312506,3,True,0.022018488208539022,0.021918488208539023,19.177396605929857,0.36289580029409846,0,,,,True
289,-2.1952543945312506,4,True,0.0206942683654443,0.020594268365444302,19.15983413887727,0.36103398680376864,0,,,,True
289,-2.1952543945312506,5,True,0.01936453736048893,0.019264537360488932,19.142020136311466,0.3591385968929319,0,,,,True
289,-2.1952543945312506,6,True,0.01812621532262515,0.01802621532262515,19.123999130187542,0.3571597419827476,0,,,,True
290,-2.1950200378417977,0,True,0.018009209377328972,0.017909209377328972,19.11929029386435,0.368942887437927,0,,,,True
290,-2.1950200378417977,1,True,0.019579405581315434,0.019479405581315435,19.14815838880941,0.3667653662249416,0,,,,True
290,-2.1950200378417977,2,True,0.021036707679565225,0.020936707679565226,19.177439149887306,0.3647811305063253,0,,,,True
290,-2.1950200378417977,3,True,0.02201790195300246,0.02191790195300246,19.177413162505527,0.36289580029409846,0,,,,True
290,-2.1950200378417977,4,True,0.020693686434918313,0.020593686434918313,19.159850702258463,0.36103398680376864,0,,,,True
290,-2.1950200378417977,5,True,0.01936413239403878,0.01926413239403878,19.142036701349138,0.3591385968929319,0,,,,True
290,-2.1950200378417977,6,True,0.018125813255210232,0.018025813255210233,19.12401569993465,0.3571597419827476,0,,,,True
291,-2.1947856811523443,0,True,0.018033794808835157,0.017933794808835158,19.119308022222388,0.368942887437927,0,,,,True
291,-2.1947856811523443,1,True,0.019601588489515986,0.019501588489515987,19.14817609909003,0.3667653662249416,0,,,,True
291,-2.1947856811523443,2,True,0.021056564691777524,0.020956564691777525,19.177456840603156,0.3647811305063253,0,,,,True
291,-2.1947856811523443,3,True,0.02201731569753118,0.021917315697531182,19.177429718778743,0.36289580029409846,0,,,,True
291,-2.1947856811523443,4,True,0.020693104504455828,0.02059310450445583,19.15986726533564,0.36103398680376864,0,,,,True
291,-2.1947856811523443,5,True,0.01936372742762371,0.019263727427623712,19.14205326608131,0.3591385968929319,0,,,,True
291,-2.1947856811523443,6,True,0.018125411187829954,0.018025411187829955,19.124032269375093,0.3571597419827476,0,,,,True
292,-2.194551324462891,0,True,0.018058380320171263,0.017958380320171264,19.119325750632857,0.368942887437927,0,,,,True
292,-2.194551324462891,1,True,0.01962377146060046,0.01952377146060046,19.148193809422796,0.3667653662249416,0,,,,True
292,-2.194551324462891,2,True,0.02107642175241553,0.02097642175241553,19.177474531370912,0.3647811305063253,0,,,,True
292,-2.194551324462891,3,True,0.02201672944212385,0.02191672944212385,19.177446274749283,0.36289580029409846,0,,,,True
292,-2.194551324462891,4,True,0.020692522574056404,0.020592522574056405,19.159883828108676,0.36103398680376864,0,,,,True
292,-2.194551324462891,5,True,0.019363322461243726,0.019263322461243727,19.14206983050817,0.3591385968929319,0,,,,True
292,-2.194551324462891,6,True,0.018125009120483426,0.018025009120483427,19.124048838508788,0.3571597419827476,0,,,,True
293,-2.194316967773438,0,True,0.0180829659113404,0.0179829659113404,19.119343479095736,0.368942887437927,0,,,,True
293,-2.194316967773438,1,True,0.01964595449456974,0.01954595449456974,19.14821151980773,0.3667653662249416,0,,,,True
293,-2.194316967773438,2,True,0.021096278861479245,0.020996278861479246,19.177492222190583,0.3647811305063253,0,,,,True
293,-2.194316967773438,3,True,0.022016143186781356,0.021916143186781357,19.17746283041715,0.36289580029409846,0,,,,True
293,-2.194316967773438,4,True,0.020691940643719597,0.020591940643719598,19.159900390577906,0.36103398680376864,0,,,,True
293,-2.194316967773438,5,True,0.019362917494897047,0.019262917494897048,19.142086394629672,0.3591385968929319,0,,,,True
293,-2.194316967773438,6,True,0.018124607053171093,0.018024607053171094,19.124065407335824,0.3571597419827476,0,,,,True
294,-2.194082611083985,0,True,0.01810755158234345,0.01800755158234345,19.119361207611032,0.368942887437927,0,,,,True
294,-2.194082611083985,1,True,0.019668137591424717,0.019568137591424718,19.148229230244823,0.3667653662249416,0,,,,True
294,-2.194082611083985,2,True,0.021116136018970888,0.02101613601897089,19.177509913062156,0.3647811305063253,0,,,,True
294,-2.194082611083985,3,True,0.0220155569315037,0.0219155569315037,19.177479385782167,0.36289580029409846,0,,,,True
294,-2.194082611083985,4,True,0.020691358713445407,0.020591358713445407,19.159916952743142,0.36103398680376864,0,,,,True
294,-2.194082611083985,5,True,0.01936251252858545,0.019262512528585452,19.142102958445868,0.3591385968929319,0,,,,True
294,-2.194082611083985,6,True,0.018124204985892067,0.018024204985892068,19.124081975856278,0.3571597419827476,0,,,,True
295,-2.1938482543945317,0,True,0.018132137333182197,0.018032137333182197,19.11937893617876,0.368942887437927,0,,,,True
295,-2.1938482543945317,1,True,0.019690320751166723,0.019590320751166724,19.148246940734076,0.3667653662249416,0,,,,True
295,-2.1938482543945317,2,True,0.021135993224890903,0.021035993224890904,19.17752760398564,0.3647811305063253,0,,,,True
295,-2.1938482543945317,3,True,0.02201497067628999,0.02191497067628999,19.17749594084476,0.36289580029409846,0,,,,True
295,-2.1938482543945317,4,True,0.020690776783234277,0.020590776783234278,19.15993351460417,0.36103398680376864,0,,,,True
295,-2.1938482543945317,5,True,0.019362107562308495,0.019262107562308495,19.142119521956708,0.3591385968929319,0,,,,True
295,-2.1938482543945317,6,True,0.01812380291864768,0.01802380291864768,19.12409854407001,0.3571597419827476,0,,,,True
296,-2.1936138977050783,0,True,0.018156723163857524,0.018056723163857525,19.119396664798895,0.368942887437927,0,,,,True
296,-2.1936138977050783,1,True,0.01971250397379576,0.01961250397379576,19.14826465127549,0.3667653662249416,0,,,,True
296,-2.1936138977050783,2,True,0.02115585047923929,0.02105585047923929,19.177545294961032,0.3647811305063253,0,,,,True
296,-2.1936138977050783,3,True,0.022014384421141564,0.021914384421141565,19.17751249560456,0.36289580029409846,0,,,,True
296,-2.1936138977050783,4,True,0.020690194853085764,0.020590194853085764,19.15995007616118,0.36103398680376864,0,,,,True
296,-2.1936138977050783,5,True,0.019361702596065733,0.019261702596065734,19.14213608516207,0.3591385968929319,0,,,,True
296,-2.1936138977050783,6,True,0.0181234008514366,0.0180234008514366,19.124115111977005,0.3571597419827476,0,,,,True
297,-2.1931451843261724,0,True,0.018205895064723254,0.018105895064723255,19.11943212219643,0.368942887437927,0,,,,True
297,-2.1931451843261724,1,True,0.01975687060772202,0.019656870607722022,19.14830007251479,0.3667653662249416,0,,,,True
297,-2.1931451843261724,2,True,0.021195565133226957,0.021095565133226957,19.17758067706754,0.3647811305063253,0,,,,True
297,-2.1931451843261724,3,True,0.02201321191103789,0.02191321191103789,19.177545604215844,0.36289580029409846,0,,,,True
297,-2.1931451843261724,4,True,0.020689030992978363,0.020589030992978364,19.159983198363125,0.36103398680376864,0,,,,True
297,-2.1931451843261724,5,True,0.019360892663683682,0.019260892663683683,19.142169210656736,0.3591385968929319,0,,,,True
297,-2.1931451843261724,6,True,0.018122596717117467,0.018022596717117468,19.124148246870817,0.3571597419827476,0,,,,True
298,-2.192910827636719,0,True,0.018230481134918097,0.018130481134918098,19.11944985097382,0.368942887437927,0,,,,True
298,-2.192910827636719,1,True,0.019779054019021025,0.019679054019021026,19.14831778321268,0.3667653662249416,0,,,,True
298,-2.192910827636719,2,True,0.021215422532867567,0.021115422532867568,19.17759836819866,0.3647811305063253,0,,,,True
298,-2.192910827636719,3,True,0.022012625656083085,0.021912625656083085,19.177562158067527,0.36289580029409846,0,,,,True
298,-2.192910827636719,4,True,0.020688449063019476,0.020588449063019477,19.159999759007846,0.36103398680376864,0,,,,True
298,-2.192910827636719,5,True,0.019360487697544837,0.019260487697544838,19.142185772945982,0.3591385968929319,0,,,,True
298,-2.192910827636719,6,True,0.01812219465000897,0.018022194650008972,19.124164813857693,0.3571597419827476,0,,,,True
299,-2.1926764709472657,0,True,0.018255067284953075,0.018155067284953075,19.119467579803633,0.368942887437927,0,,,,True
299,-2.1926764709472657,1,True,0.01980123749321283,0.01970123749321283,19.14833549396273,0.3667653662249416,0,,,,True
299,-2.1926764709472657,2,True,0.021235279980940103,0.021135279980940103,19.17761605938168,0.3647811305063253,0,,,,True
299,-2.1926764709472657,3,True,0.022012039401192673,0.021912039401192674,19.177578711616448,0.36289580029409846,0,,,,True
299,-2.1926764709472657,4,True,0.02068786713312276,0.020587867133122762,19.160016319348703,0.36103398680376864,0,,,,True
299,-2.1926764709472657,5,True,0.01936008273144063,0.01926008273144063,19.1422023349298,0.3591385968929319,0,,,,True
299,-2.1926764709472657,6,True,0.018121792582933782,0.018021792582933783,19.12418138053781,0.3571597419827476,0,,,,True
300,-2.1924421142578128,0,True,0.018279653514833516,0.018179653514833517,19.119485308685856,0.368942887437927,0,,,,True
300,-2.1924421142578128,1,True,0.01982342103029877,0.019723421030298772,19.14835320476494,0.3667653662249416,0,,,,True
300,-2.1924421142578128,2,True,0.021255137477445007,0.021155137477445008,19.177633750616614,0.3647811305063253,0,,,,True
300,-2.1924421142578128,3,True,0.0220114531463671,0.0219114531463671,19.177595264862553,0.36289580029409846,0,,,,True
300,-2.1924421142578128,4,True,0.02068728520328955,0.020587285203289552,19.160032879385216,0.36103398680376864,0,,,,True
300,-2.1924421142578128,5,True,0.019359677765370176,0.019259677765370176,19.142218896608124,0.3591385968929319,0,,,,True
300,-2.1924421142578128,6,True,0.018121390515893232,0.018021390515893233,19.1241979469111,0.3571597419827476,0,,,,True
301,-2.19220775756836,0,True,0.018304239824558532,0.018204239824558533,19.11950303762051,0.368942887437927,0,,,,True
301,-2.19220775756836,1,True,0.019845604630275737,0.019745604630275738,19.148370915619303,0.3667653662249416,0,,,,True
301,-2.19220775756836,2,True,0.021274995022384502,0.021174995022384503,19.17765144190345,0.3647811305063253,0,,,,True
301,-2.19220775756836,3,True,0.022010866891605474,0.021910866891605475,19.177611817805936,0.36289580029409846,0,,,,True
301,-2.19220775756836,4,True,0.020686703273519402,0.020586703273519403,19.160049439117717,0.36103398680376864,0,,,,True
301,-2.19220775756836,5,True,0.019359272799335248,0.019259272799335248,19.142235457981105,0.3591385968929319,0,,,,True
301,-2.19220775756836,6,True,0.018120988448885544,0.018020988448885545,19.12421451297771,0.3571597419827476,0,,,,True
302,-2.1919734008789065,0,True,0.0183288262141299,0.0182288262141299,19.119520766607575,0.368942887437927,0,,,,True
302,-2.1919734008789065,1,True,0.01986778829315039,0.01976778829315039,19.14838862652583,0.3667653662249416,0,,,,True
302,-2.1919734008789065,2,True,0.021294852615758586,0.021194852615758587,19.177669133242198,0.3647811305063253,0,,,,True
302,-2.1919734008789065,3,True,0.022010280636909574,0.021910280636909574,19.17762837044649,0.36289580029409846,0,,,,True
302,-2.1919734008789065,4,True,0.020686121343811426,0.020586121343811426,19.160065998546155,0.36103398680376864,0,,,,True
302,-2.1919734008789065,5,True,0.019358867833333626,0.019258867833333627,19.142252019048573,0.3591385968929319,0,,,,True
302,-2.1919734008789065,6,True,0.01812058638191294,0.01802058638191294,19.12423107873745,0.3571597419827476,0,,,,True
303,-2.191739044189453,0,True,0.01835341268354851,0.01825341268354851,19.119538495647067,0.368942887437927,0,,,,True
303,-2.191739044189453,1,True,0.019889972018921398,0.0197899720189214,19.14840633748452,0.3667653662249416,0,,,,True
303,-2.191739044189453,2,True,0.021314710257568592,0.021214710257568593,19.17768682463285,0.3647811305063253,0,,,,True
303,-2.191739044189453,3,True,0.022009694382278067,0.021909694382278067,19.17764492278432,0.36289580029409846,0,,,,True
303,-2.191739044189453,4,True,0.020685539414167398,0.020585539414167398,19.16008255767048,0.36103398680376864,0,,,,True
303,-2.191739044189453,5,True,0.019358462867367532,0.019258462867367532,19.14226857981056,0.3591385968929319,0,,,,True
303,-2.191739044189453,6,True,0.018120184314974086,0.018020184314974087,19.12424764419041,0.3571597419827476,0,,,,True
304,-2.1912703308105472,0,True,0.01840258586193766,0.01830258586193766,19.119573953883283,0.368942887437927,0,,,,True
304,-2.1912703308105472,1,True,0.01993433965915692,0.01983433965915692,19.148441759558363,0.3667653662249416,0,,,,True
304,-2.1912703308105472,2,True,0.021354425686496814,0.021254425686496815,19.177722207569875,0.3647811305063253,0,,,,True
304,-2.1912703308105472,3,True,0.02200852187320823,0.02190852187320823,19.177678026551476,0.36289580029409846,0,,,,True
304,-2.1912703308105472,4,True,0.02068437555506719,0.020584375555067192,19.160115675006406,0.36103398680376864,0,,,,True
304,-2.1912703308105472,5,True,0.019357652935538372,0.019257652935538373,19.142301700418187,0.3591385968929319,0,,,,True
304,-2.1912703308105472,6,True,0.018119380181198075,0.018019380181198075,19.12428077417599,0.3571597419827476,0,,,,True
305,-2.191035974121094,0,True,0.01842717257090909,0.01832717257090909,19.11959168308002,0.368942887437927,0,,,,True
305,-2.191035974121094,1,True,0.019956523573623652,0.019856523573623653,19.148459470673526,0.3667653662249416,0,,,,True
305,-2.191035974121094,2,True,0.02137428347361814,0.02127428347361814,19.177739899116254,0.3647811305063253,0,,,,True
305,-2.191035974121094,3,True,0.022007935618770347,0.021907935618770347,19.177694577980905,0.36289580029409846,0,,,,True
305,-2.191035974121094,4,True,0.020683793625611457,0.020583793625611458,19.16013223321823,0.36103398680376864,0,,,,True
305,-2.191035974121094,5,True,0.01935724796967575,0.01925724796967575,19.142318260263753,0.3591385968929319,0,,,,True
305,-2.191035974121094,6,True,0.01811897811436136,0.018018978114361362,19.12429733870852,0.3571597419827476,0,,,,True
306,-2.1908016174316405,0,True,0.01845175935973442,0.01835175935973442,19.119609412329172,0.368942887437927,0,,,,True
306,-2.1908016174316405,1,True,0.01997870755099118,0.019878707550991182,19.148477181840843,0.3667653662249416,0,,,,True
306,-2.1908016174316405,2,True,0.021394141309177606,0.021294141309177606,19.177757590714542,0.3647811305063253,0,,,,True
306,-2.1908016174316405,3,True,0.022007349364397744,0.021907349364397744,19.177711129107323,0.36289580029409846,0,,,,True
306,-2.1908016174316405,4,True,0.020683211696219672,0.020583211696219673,19.160148791125792,0.36103398680376864,0,,,,True
306,-2.1908016174316405,5,True,0.019356843003847324,0.019256843003847324,19.1423348198038,0.3591385968929319,0,,,,True
306,-2.1908016174316405,6,True,0.0181185760475584,0.0180185760475584,19.12431390293416,0.3571597419827476,0,,,,True
307,-2.1905672607421875,0,True,0.018476346228414542,0.018376346228414542,19.11962714163074,0.368942887437927,0,,,,True
307,-2.1905672607421875,1,True,0.020000891591260395,0.019900891591260395,19.148494893060324,0.3667653662249416,0,,,,True
307,-2.1905672607421875,2,True,0.021413999193177435,0.021313999193177436,19.17777528236473,0.3647811305063253,0,,,,True
307,-2.1905672607421875,3,True,0.02200676311008909,0.02190676311008909,19.177727679931127,0.36289580029409846,0,,,,True
307,-2.1905672607421875,4,True,0.020682629766889615,0.020582629766889616,19.16016534872923,0.36103398680376864,0,,,,True
307,-2.1905672607421875,5,True,0.01935643803805398,0.01925643803805398,19.142351379038377,0.3591385968929319,0,,,,True
307,-2.1905672607421875,6,True,0.01811817398078963,0.018018173980789632,19.12433046685309,0.3571597419827476,0,,,,True
308,-2.1903329040527346,0,True,0.01850093317695123,0.01840093317695123,19.11964487098473,0.368942887437927,0,,,,True
308,-2.1903329040527346,1,True,0.020023075694432624,0.019923075694432624,19.148512604331955,0.3667653662249416,0,,,,True
308,-2.1903329040527346,2,True,0.021433857125616296,0.021333857125616296,19.177792974066826,0.3647811305063253,0,,,,True
308,-2.1903329040527346,3,True,0.022006176855845716,0.021906176855845717,19.177744230452056,0.36289580029409846,0,,,,True
308,-2.1903329040527346,4,True,0.020682047837623507,0.020582047837623508,19.160181906028317,0.36103398680376864,0,,,,True
308,-2.1903329040527346,5,True,0.019356033072294387,0.019256033072294388,19.14236793796736,0.3591385968929319,0,,,,True
308,-2.1903329040527346,6,True,0.01811777191405417,0.01801777191405417,19.12434703046513,0.3571597419827476,0,,,,True
309,-2.1900985473632812,0,True,0.018525520205344925,0.018425520205344926,19.119662600391134,0.368942887437927,0,,,,True
309,-2.1900985473632812,1,True,0.0200452598605092,0.019945259860509202,19.14853031565575,0.3667653662249416,0,,,,True
309,-2.1900985473632812,2,True,0.02145371510649774,0.02135371510649774,19.177810665820825,0.3647811305063253,0,,,,True
309,-2.1900985473632812,3,True,0.02200559060166718,0.02190559060166718,19.17776078067007,0.36289580029409846,0,,,,True
309,-2.1900985473632812,4,True,0.02068146590842046,0.02058146590842046,19.160198463023196,0.36103398680376864,0,,,,True
309,-2.1900985473632812,5,True,0.019355628106569878,0.019255628106569878,19.142384496590793,0.3591385968929319,0,,,,True
309,-2.1900985473632812,6,True,0.01811736984735335,0.01801736984735335,19.12436359377026,0.3571597419827476,0,,,,True
310,-2.189864190673828,0,True,0.018550107313599185,0.018450107313599185,19.11968032984996,0.368942887437927,0,,,,True
310,-2.189864190673828,1,True,0.020067444089490127,0.019967444089490128,19.1485480270317,0.3667653662249416,0,,,,True
310,-2.189864190673828,2,True,0.02147357313582221,0.02137357313582221,19.177828357626737,0.3647811305063253,0,,,,True
310,-2.189864190673828,3,True,0.022005004347553037,0.021905004347553037,19.177777330585226,0.36289580029409846,0,,,,True
310,-2.189864190673828,4,True,0.02068088397928003,0.02058088397928003,19.160215019714062,0.36103398680376864,0,,,,True
310,-2.189864190673828,5,True,0.019355223140879563,0.019255223140879563,19.142401054908653,0.3591385968929319,0,,,,True
310,-2.189864190673828,6,True,0.01811696778068672,0.018016967780686722,19.124380156768517,0.3571597419827476,0,,,,True
311,-2.189395477294922,0,True,0.018599281769687614,0.018499281769687615,19.119715788924854,0.368942887437927,0,,,,True
311,-2.189395477294922,1,True,0.020111812736173462,0.020011812736173463,19.148583449940077,0.3667653662249416,0,,,,True
311,-2.189395477294922,2,True,0.021513289339797126,0.021413289339797126,19.177863741394276,0.3647811305063253,0,,,,True
311,-2.189395477294922,3,True,0.022003831839518817,0.021903831839518818,19.177810429506682,0.36289580029409846,0,,,,True
311,-2.189395477294922,4,True,0.020679720121188794,0.020579720121188794,19.160248132182687,0.36103398680376864,0,,,,True
311,-2.189395477294922,5,True,0.019354413209603294,0.019254413209603295,19.1424341706278,0.3591385968929319,0,,,,True
311,-2.189395477294922,6,True,0.01811616364745472,0.01801616364745472,19.12441328184435,0.3571597419827476,0,,,,True
312,-2.1891611206054686,0,True,0.01862386911752756,0.01852386911752756,19.119733518540922,0.368942887437927,0,,,,True
312,-2.1891611206054686,1,True,0.02013399715387676,0.02003399715387676,19.148601161472506,0.3667653662249416,0,,,,True
312,-2.1891611206054686,2,True,0.02153314751445068,0.02143314751445068,19.177881433355903,0.3647811305063253,0,,,,True
312,-2.1891611206054686,3,True,0.02200324558559963,0.02190324558559963,19.177826978513302,0.36289580029409846,0,,,,True
312,-2.1891611206054686,4,True,0.02067913819223799,0.02057913819223799,19.160264687960822,0.36103398680376864,0,,,,True
312,-2.1891611206054686,5,True,0.019354008244016896,0.019254008244016897,19.142450728029033,0.3591385968929319,0,,,,True
312,-2.1891611206054686,6,True,0.01811576158088979,0.01801576158088979,19.12442984392183,0.3571597419827476,0,,,,True
313,-2.1889267639160153,0,True,0.018648456545230285,0.018548456545230286,19.119751248209415,0.368942887437927,0,,,,True
313,-2.1889267639160153,1,True,0.020156181634490178,0.02005618163449018,19.148618873057092,0.3667653662249416,0,,,,True
313,-2.1889267639160153,2,True,0.021553005737550368,0.02145300573755037,19.17789912536944,0.3647811305063253,0,,,,True
313,-2.1889267639160153,3,True,0.022002659331743946,0.021902659331743946,19.177843527216737,0.36289580029409846,0,,,,True
313,-2.1889267639160153,4,True,0.0206785562633498,0.0205785562633498,19.16028124343445,0.36103398680376864,0,,,,True
313,-2.1889267639160153,5,True,0.019353603278465137,0.019253603278465137,19.14246728512459,0.3591385968929319,0,,,,True
313,-2.1889267639160153,6,True,0.018115359514359053,0.018015359514359053,19.12444640569258,0.3571597419827476,0,,,,True
314,-2.1886924072265623,0,True,0.018673044052801124,0.018573044052801125,19.119768977930317,0.368942887437927,0,,,,True
314,-2.1886924072265623,1,True,0.020178366178013274,0.020078366178013275,19.14863658469383,0.3667653662249416,0,,,,True
314,-2.1886924072265623,2,True,0.021572864009096193,0.021472864009096194,19.177916817434877,0.3647811305063253,0,,,,True
314,-2.1886924072265623,3,True,0.022002073077953543,0.021902073077953544,19.17786007561741,0.36289580029409846,0,,,,True
314,-2.1886924072265623,4,True,0.020677974334525118,0.02057797433452512,19.160297798603974,0.36103398680376864,0,,,,True
314,-2.1886924072265623,5,True,0.019353198312948017,0.019253198312948017,19.142483841914594,0.3591385968929319,0,,,,True
314,-2.1886924072265623,6,True,0.018114957447861624,0.018014957447861624,19.124462967156298,0.3571597419827476,0,,,,True
315,-2.1884580505371094,0,True,0.018697631640236967,0.018597631640236967,19.119786707703643,0.368942887437927,0,,,,True
315,-2.1884580505371094,1,True,0.020200550784449156,0.020100550784449157,19.148654296382723,0.3667653662249416,0,,,,True
315,-2.1884580505371094,2,True,0.021592722329089487,0.021492722329089487,19.177934509552227,0.3647811305063253,0,,,,True
315,-2.1884580505371094,3,True,0.022001486824227978,0.02190148682422798,19.177876623715115,0.36289580029409846,0,,,,True
315,-2.1884580505371094,4,True,0.02067739240576394,0.02057739240576394,19.160314353469154,0.36103398680376864,0,,,,True
315,-2.1884580505371094,5,True,0.019352793347464647,0.019252793347464648,19.14250039839896,0.3591385968929319,0,,,,True
315,-2.1884580505371094,6,True,0.01811455538139839,0.01801455538139839,19.12447952831303,0.3571597419827476,0,,,,True
316,-2.188223693847656,0,True,0.018722219307543142,0.018622219307543143,19.119804437529382,0.368942887437927,0,,,,True
316,-2.188223693847656,1,True,0.020222735453796492,0.020122735453796493,19.14867200812378,0.3667653662249416,0,,,,True
316,-2.188223693847656,2,True,0.021612580697530248,0.02151258069753025,19.177952201721478,0.3647811305063253,0,,,,True
316,-2.188223693847656,3,True,0.022000900570567694,0.021900900570567695,19.17789317150972,0.36289580029409846,0,,,,True
316,-2.188223693847656,4,True,0.020676810477064933,0.020576810477064934,19.160330908029923,0.36103398680376864,0,,,,True
316,-2.188223693847656,5,True,0.019352388382016805,0.019252388382016806,19.142516954577754,0.3591385968929319,0,,,,True
316,-2.188223693847656,6,True,0.01811415331496935,0.01801415331496935,19.124496089162818,0.3571597419827476,0,,,,True
317,-2.1879893371582027,0,True,0.018746807054720982,0.018646807054720983,19.119822167407534,0.368942887437927,0,,,,True
317,-2.1879893371582027,1,True,0.02024492018605839,0.02014492018605839,19.14868971991699,0.3667653662249416,0,,,,True
317,-2.1879893371582027,2,True,0.021632439114418034,0.021532439114418035,19.177969893942635,0.3647811305063253,0,,,,True
317,-2.1879893371582027,3,True,0.02200031431697136,0.02190031431697136,19.17790971900162,0.36289580029409846,0,,,,True
317,-2.1879893371582027,4,True,0.020676228548429876,0.020576228548429876,19.160347462286534,0.36103398680376864,0,,,,True
317,-2.1879893371582027,5,True,0.019351983416603602,0.019251983416603603,19.14253351045072,0.3591385968929319,0,,,,True
317,-2.1879893371582027,6,True,0.01811375124857495,0.01801375124857495,19.124512649705682,0.3571597419827476,0,,,,True
318,-2.1877549804687497,0,True,0.018771394881768266,0.018671394881768267,19.119839897338103,0.368942887437927,0,,,,True
318,-2.1877549804687497,1,True,0.020267104981234407,0.020167104981234408,19.148707431762364,0.3667653662249416,0,,,,True
318,-2.1877549804687497,2,True,0.021652297579757285,0.021552297579757285,19.1779875862157,0.3647811305063253,0,,,,True
318,-2.1877549804687497,3,True,0.021999728063440305,0.021899728063440305,19.17792626619044,0.36289580029409846,0,,,,True
318,-2.1877549804687497,4,True,0.020675646619857435,0.020575646619857436,19.16036401623881,0.36103398680376864,0,,,,True
318,-2.1877549804687497,5,True,0.01935157845122415,0.01925157845122415,19.142550066018345,0.3591385968929319,0,,,,True
318,-2.1877549804687497,6,True,0.0181133491822143,0.0180133491822143,19.124529209941507,0.3571597419827476,0,,,,True
