Setting seed: 20260906
Warp 1.12.0 initialized:
   CUDA Toolkit 12.9, Driver 12.9
   Devices:
     "cpu"      : "x86_64"
     "cuda:0"   : "NVIDIA GeForce RTX 3070 Laptop GPU" (8 GiB, sm_86, mempool enabled)
   Kernel cache:
     /root/.cache/warp/1.12.0
Warp DeprecationWarning: The symbol `warp.context.runtime` will soon be removed from the public API. It can still be accessed from `warp._src.context.runtime` but might be changed or removed without notice.
Module mujoco_warp._src.smooth 75c1b76 load on device 'cuda:0' took 13.86 ms  (cached)
Module mujoco_warp._src.collision_driver 4d8b905 load on device 'cuda:0' took 4.00 ms  (cached)
Module _nxn_broadphase__locals__kernel_e916423b e916423 load on device 'cuda:0' took 4.04 ms  (cached)
Module _primitive_narrowphase__locals__primitive_narrowphase_886c85b7 886c85b load on device 'cuda:0' took 5.67 ms  (cached)
Module mujoco_warp._src.constraint e4fb920 load on device 'cuda:0' took 8.54 ms  (cached)
Module _actuator_velocity__locals__actuator_velocity_54391827 7ce5a05 load on device 'cuda:0' took 3.65 ms  (cached)
Module mujoco_warp._src.passive 7fb8524 load on device 'cuda:0' took 6.20 ms  (cached)
Module mujoco_warp._src.sensor 912ac95 load on device 'cuda:0' took 10.60 ms  (cached)
Module mujoco_warp._src.forward 5922a95 load on device 'cuda:0' took 7.28 ms  (cached)
Module mujoco_warp._src.support 343d1ae load on device 'cuda:0' took 3.67 ms  (cached)
Module _tile_cholesky_factorize_solve__locals__cholesky_factorize_solve_7c4626c2 68c124c load on device 'cuda:0' took 143.55 ms  (cached)
Module mujoco_warp._src.solver 4a4fc90 load on device 'cuda:0' took 5.86 ms  (cached)
Module solve_init_jaref__locals__kernel_e8e73468 e8e7346 load on device 'cuda:0' took 2.90 ms  (cached)
Module mul_m_dense__locals___mul_m_dense_5b182806 5b18280 load on device 'cuda:0' took 3.26 ms  (cached)
Module update_constraint_efc__locals__kernel_84abb40b 84abb40 load on device 'cuda:0' took 3.91 ms  (cached)
Module update_constraint_gauss_cost__locals__kernel_026115d4 026115d load on device 'cuda:0' took 4.03 ms  (cached)
Module update_gradient_JTDAJ_dense_tiled__locals__kernel_39517fdb 4e5a3dd load on device 'cuda:0' took 7.34 ms  (cached)
Module update_gradient_cholesky__locals__kernel_ac06d661 8d9cf28 load on device 'cuda:0' took 193.78 ms  (cached)
Module linesearch_jv_fused__locals__kernel_0ca87d41 0ca87d4 load on device 'cuda:0' took 3.95 ms  (cached)
Module linesearch_prepare_gauss__locals__kernel_b235c0c8 b235c0c load on device 'cuda:0' took 3.58 ms  (cached)
Module update_constraint_efc__locals__kernel_19805a28 19805a2 load on device 'cuda:0' took 3.30 ms  (cached)
Module _contact_sort__locals__contact_sort_c2bd81ce 47863e6 load on device 'cuda:0' took 4.36 ms  (cached)
Module _tile_euler_dense__locals__euler_dense_2facc489 09a40c4 load on device 'cuda:0' took 212.96 ms  (cached)
Module reset_data__locals__reset_xfrc_applied_f86f0829 f86f082 load on device 'cuda:0' took 3.68 ms  (cached)
Module reset_data__locals__reset_qM_1511185b 1511185 load on device 'cuda:0' took 1.93 ms  (cached)
Module reset_data__locals__reset_mocap_841cb68f 841cb68 load on device 'cuda:0' took 4.44 ms  (cached)
Module reset_data__locals__reset_contact_76c1c25e 76c1c25 load on device 'cuda:0' took 2.78 ms  (cached)
Module reset_data__locals__reset_nworld_d108b6ac d108b6a load on device 'cuda:0' took 4.14 ms  (cached)

+-----------------------------------+
|          Base Environment         |
+------------------------+----------+
| Property               | Value    |
+------------------------+----------+
| Number of environments | 32       |
| Environment device     | cuda:0   |
| Environment seed       | 20260906 |
| Physics step-size      | 0.002    |
| Environment step-size  | 0.02     |
+------------------------+----------+

[INFO] <EventManager> contains 0 active terms.

[INFO] <CommandManager> contains 1 active terms.
+--------------------------------------+
|         Active Command Terms         |
+-------+--------+---------------------+
| Index | Name   |         Type        |
+-------+--------+---------------------+
|   0   | motion | CorpusMotionCommand |
+-------+--------+---------------------+

[INFO] <ActionManager> contains 1 active terms.
+---------------------------------+
| Active Action Terms (shape: 23) |
+-------+-----------+-------------+
| Index | Name      |   Dimension |
+-------+-----------+-------------+
|   0   | joint_pos |          23 |
+-------+-----------+-------------+

[INFO] <ObservationManager> contains 3 groups.
+----------------------------------------------------------------+
| Active Observation Terms in Group: 'tokenizer' (shape: (268,)) |
+---------+-----------------------------------------+------------+
|  Index  | Name                                    |   Shape    |
+---------+-----------------------------------------+------------+
|    0    | encoder_index                           |    (1,)    |
|    1    | causal_history_lower_body               |   (240,)   |
|    2    | vr_3point_local_target                  |    (9,)    |
|    3    | vr_3point_local_orn_target              |   (12,)    |
|    4    | motion_anchor_ori_b                     |    (6,)    |
+---------+-----------------------------------------+------------+
+-------------------------------------------------------------+
| Active Observation Terms in Group: 'policy' (shape: (930,)) |
+--------+------------------------+---------------------------+
| Index  | Name                   |           Shape           |
+--------+------------------------+---------------------------+
|   0    | base_ang_vel           |      (30,)  ← 10×(3,)     |
|   1    | joint_pos_rel          |     (290,)  ← 10×(29,)    |
|   2    | joint_vel              |     (290,)  ← 10×(29,)    |
|   3    | previous_action        |     (290,)  ← 10×(29,)    |
|   4    | projected_gravity      |      (30,)  ← 10×(3,)     |
+--------+------------------------+---------------------------+
+-------------------------------------------------------------+
| Active Observation Terms in Group: 'critic' (shape: (256,)) |
+-----------+------------------------------------+------------+
|   Index   | Name                               |   Shape    |
+-----------+------------------------------------+------------+
|     0     | command                            |   (46,)    |
|     1     | motion_anchor_pos_b                |    (3,)    |
|     2     | motion_anchor_ori_b                |    (6,)    |
|     3     | body_pos                           |   (42,)    |
|     4     | body_ori                           |   (84,)    |
|     5     | base_lin_vel                       |    (3,)    |
|     6     | base_ang_vel                       |    (3,)    |
|     7     | joint_pos                          |   (23,)    |
|     8     | joint_vel                          |   (23,)    |
|     9     | actions                            |   (23,)    |
+-----------+------------------------------------+------------+

[INFO] <TerminationManager> contains 6 active terms.
+----------------------------------------------+
|           Active Termination Terms           |
+-------+---------------------------+----------+
| Index | Name                      | Time Out |
+-------+---------------------------+----------+
|   0   | time_out                  |   True   |
|   1   | anchor_pos                |  False   |
|   2   | anchor_ori                |  False   |
|   3   | ee_body_pos               |  False   |
|   4   | corpus_clip_time_out      |   True   |
|   5   | stage_one_actuation_guard |  False   |
+-------+---------------------------+----------+

[INFO] <RewardManager> contains 15 active terms.
+----------------------------------------------------+
|                Active Reward Terms                 |
+-------+----------------------------------+---------+
| Index | Name                             |  Weight |
+-------+----------------------------------+---------+
|   0   | motion_global_root_pos           |     0.5 |
|   1   | motion_global_root_ori           |     0.5 |
|   2   | motion_body_pos                  |     1.0 |
|   3   | motion_body_ori                  |     1.0 |
|   4   | motion_body_lin_vel              |     1.0 |
|   5   | motion_body_ang_vel              |     1.0 |
|   6   | action_rate_l2                   |    -0.2 |
|   7   | joint_limit                      |   -20.0 |
|   8   | self_collisions                  |   -10.0 |
|   9   | action_target_reference_l2       |    -2.0 |
|   10  | action_target_soft_limit_barrier |   -10.0 |
|   11  | alive                            |     5.0 |
|   12  | non_timeout_termination          | -5000.0 |
|   13  | worst_ee_z_normalized_squared    |   -20.0 |
|   14  | right_wrist_prethreshold_barrier |   -25.0 |
+-------+----------------------------------+---------+

[INFO] <NullCurriculumManager> (inactive)
[INFO] <NullMetricsManager> (inactive)
--------------------------------------------------------------------------------
Resolved observation sets: 
	 actor :  ('tokenizer', 'policy')
	 critic :  ('critic',)
--------------------------------------------------------------------------------
Actor Model: True23FrozenPlatformLoraActorModel(
  (core): FrozenPlatformTrue23Core(
    (encoder): _FrozenMlp(
      (layers): ModuleList(
        (0-4): 5 x _FrozenLinear()
      )
    )
    (decoder): _FrozenLoRAMlp(
      (layers): ModuleList(
        (0-8): 9 x _FrozenLoRALinear()
      )
    )
    (codec): G1True23AnalyticCodec()
  )
  (distribution): GaussianDistribution()
)
Critic Model: MLPModel(
  (obs_normalizer): EmpiricalNormalization()
  (mlp): MLP(
    (0): Linear(in_features=256, out_features=512, bias=True)
    (1): ELU(alpha=1.0)
    (2): Linear(in_features=512, out_features=256, bias=True)
    (3): ELU(alpha=1.0)
    (4): Linear(in_features=256, out_features=128, bias=True)
    (5): ELU(alpha=1.0)
    (6): Linear(in_features=128, out_features=1, bias=True)
  )
)
Could not find git repository in /root/.venvs/g1_true23_mjlab/lib/python3.11/site-packages/rsl_rl/__init__.py. Skipping.
################################################################################
[1m                            Learning iteration 0/100                            [0m 

                               Run name: breadth
                            Total steps: 512 
                       Steps per second: 85 
                        Collection time: 4.401s 
                          Learning time: 1.555s 
                        Mean value loss: 5458.1768
                    Mean surrogate loss: -0.0246
                      Mean entropy loss: 10.5205
           Mean standing_retention loss: 0.0000
                            Mean reward: -97.74
                    Mean episode length: 4.00
                        Mean action std: 0.38
  Episode_Reward/motion_global_root_pos: 0.0035
  Episode_Reward/motion_global_root_ori: 0.0031
         Episode_Reward/motion_body_pos: 0.0071
         Episode_Reward/motion_body_ori: 0.0059
     Episode_Reward/motion_body_lin_vel: 0.0052
     Episode_Reward/motion_body_ang_vel: 0.0045
          Episode_Reward/action_rate_l2: -0.0284
             Episode_Reward/joint_limit: -0.0007
         Episode_Reward/self_collisions: -0.0080
Episode_Reward/action_target_reference_l2: -0.0026
Episode_Reward/action_target_soft_limit_barrier: -0.0001
                   Episode_Reward/alive: 0.0269
 Episode_Reward/non_timeout_termination: -9.7969
Episode_Reward/worst_ee_z_normalized_squared: -0.0050
Episode_Reward/right_wrist_prethreshold_barrier: 0.0000
        Metrics/motion/error_anchor_pos: 0.0489
        Metrics/motion/error_anchor_rot: 0.1451
    Metrics/motion/error_anchor_lin_vel: 0.4530
    Metrics/motion/error_anchor_ang_vel: 0.9806
          Metrics/motion/error_body_pos: 0.5469
          Metrics/motion/error_body_rot: 0.4147
         Metrics/motion/error_joint_pos: 0.4038
         Metrics/motion/error_joint_vel: 5.2961
        Metrics/motion/sampling_entropy: 0.9797
      Metrics/motion/sampling_top1_prob: 0.0252
       Metrics/motion/sampling_top1_bin: 0.1628
           Episode_Termination/time_out: 0.0625
         Episode_Termination/anchor_pos: 0.0000
         Episode_Termination/anchor_ori: 0.0000
        Episode_Termination/ee_body_pos: 0.0000
Episode_Termination/corpus_clip_time_out: 0.0625
Episode_Termination/stage_one_actuation_guard: 5.8125
--------------------------------------------------------------------------------
                         Iteration time: 5.96s
                           Time elapsed: 00:00:05
                                    ETA: 00:09:49

################################################################################
[1m                            Learning iteration 1/100                            [0m 

                               Run name: breadth
                            Total steps: 1024 
                       Steps per second: 145 
                        Collection time: 2.323s 
                          Learning time: 1.203s 
                        Mean value loss: 4271.7057
                    Mean surrogate loss: -0.0172
                      Mean entropy loss: 10.5205
           Mean standing_retention loss: 0.0000
                            Mean reward: -98.87
                    Mean episode length: 4.35
                        Mean action std: 0.38
  Episode_Reward/motion_global_root_pos: 0.0043
  Episode_Reward/motion_global_root_ori: 0.0037
         Episode_Reward/motion_body_pos: 0.0088
         Episode_Reward/motion_body_ori: 0.0070
     Episode_Reward/motion_body_lin_vel: 0.0067
     Episode_Reward/motion_body_ang_vel: 0.0059
          Episode_Reward/action_rate_l2: -0.0265
             Episode_Reward/joint_limit: -0.0002
         Episode_Reward/self_collisions: -0.0124
Episode_Reward/action_target_reference_l2: -0.0037
Episode_Reward/action_target_soft_limit_barrier: -0.0002
                   Episode_Reward/alive: 0.0352
 Episode_Reward/non_timeout_termination: -10.0000
Episode_Reward/worst_ee_z_normalized_squared: -0.0113
Episode_Reward/right_wrist_prethreshold_barrier: -0.0002
        Metrics/motion/error_anchor_pos: 0.0560
        Metrics/motion/error_anchor_rot: 0.1502
    Metrics/motion/error_anchor_lin_vel: 0.4929
    Metrics/motion/error_anchor_ang_vel: 0.9963
          Metrics/motion/error_body_pos: 0.4401
          Metrics/motion/error_body_rot: 0.3980
         Metrics/motion/error_joint_pos: 0.4609
         Metrics/motion/error_joint_vel: 5.4880
        Metrics/motion/sampling_entropy: 0.9613
      Metrics/motion/sampling_top1_prob: 0.0332
       Metrics/motion/sampling_top1_bin: 0.0924
      Metrics/motion/error_body_lin_vel: 0.5190
      Metrics/motion/error_body_ang_vel: 1.6153
           Episode_Termination/time_out: 0.0000
         Episode_Termination/anchor_pos: 0.0000
         Episode_Termination/anchor_ori: 0.0000
        Episode_Termination/ee_body_pos: 0.0000
Episode_Termination/corpus_clip_time_out: 0.0000
Episode_Termination/stage_one_actuation_guard: 5.3125
--------------------------------------------------------------------------------
                         Iteration time: 3.53s
                           Time elapsed: 00:00:09
                                    ETA: 00:07:44

################################################################################
[1m                            Learning iteration 2/100                            [0m 

                               Run name: breadth
                            Total steps: 1536 
                       Steps per second: 201 
                        Collection time: 1.573s 
                          Learning time: 0.973s 
                        Mean value loss: 3836.2384
                    Mean surrogate loss: -0.0298
                      Mean entropy loss: 10.5205
           Mean standing_retention loss: 0.0001
                            Mean reward: -98.77
                    Mean episode length: 6.41
                        Mean action std: 0.38
  Episode_Reward/motion_global_root_pos: 0.0061
  Episode_Reward/motion_global_root_ori: 0.0053
         Episode_Reward/motion_body_pos: 0.0127
         Episode_Reward/motion_body_ori: 0.0094
     Episode_Reward/motion_body_lin_vel: 0.0103
     Episode_Reward/motion_body_ang_vel: 0.0089
          Episode_Reward/action_rate_l2: -0.0348
             Episode_Reward/joint_limit: -0.0004
         Episode_Reward/self_collisions: -0.0258
Episode_Reward/action_target_reference_l2: -0.0061
Episode_Reward/action_target_soft_limit_barrier: -0.0002
                   Episode_Reward/alive: 0.0559
 Episode_Reward/non_timeout_termination: -9.8958
Episode_Reward/worst_ee_z_normalized_squared: -0.0185
Episode_Reward/right_wrist_prethreshold_barrier: 0.0000
        Metrics/motion/error_anchor_pos: 0.0630
        Metrics/motion/error_anchor_rot: 0.1628
    Metrics/motion/error_anchor_lin_vel: 0.4212
    Metrics/motion/error_anchor_ang_vel: 1.3456
          Metrics/motion/error_body_pos: 0.2997
          Metrics/motion/error_body_rot: 0.3311
         Metrics/motion/error_joint_pos: 0.5148
         Metrics/motion/error_joint_vel: 6.2523
        Metrics/motion/sampling_entropy: 0.9542
      Metrics/motion/sampling_top1_prob: 0.0334
       Metrics/motion/sampling_top1_bin: 0.0924
      Metrics/motion/error_body_lin_vel: 0.5082
      Metrics/motion/error_body_ang_vel: 1.7113
           Episode_Termination/time_out: 0.0000
         Episode_Termination/anchor_pos: 0.0000
         Episode_Termination/anchor_ori: 0.0000
        Episode_Termination/ee_body_pos: 0.0000
Episode_Termination/corpus_clip_time_out: 0.0625
Episode_Termination/stage_one_actuation_guard: 4.3125
--------------------------------------------------------------------------------
                         Iteration time: 2.55s
                           Time elapsed: 00:00:12
                                    ETA: 00:06:28

################################################################################
[1m                            Learning iteration 3/100                            [0m 

                               Run name: breadth
                            Total steps: 2048 
                       Steps per second: 174 
                        Collection time: 2.104s 
                          Learning time: 0.824s 
                        Mean value loss: 3391.1741
                    Mean surrogate loss: -0.0196
                      Mean entropy loss: 10.5205
           Mean standing_retention loss: 0.0001
                            Mean reward: -97.60
                    Mean episode length: 7.25
                        Mean action std: 0.38
  Episode_Reward/motion_global_root_pos: 0.0067
  Episode_Reward/motion_global_root_ori: 0.0058
         Episode_Reward/motion_body_pos: 0.0140
         Episode_Reward/motion_body_ori: 0.0104
     Episode_Reward/motion_body_lin_vel: 0.0110
     Episode_Reward/motion_body_ang_vel: 0.0097
          Episode_Reward/action_rate_l2: -0.0354
             Episode_Reward/joint_limit: -0.0004
         Episode_Reward/self_collisions: -0.0109
Episode_Reward/action_target_reference_l2: -0.0073
Episode_Reward/action_target_soft_limit_barrier: -0.0002
                   Episode_Reward/alive: 0.0637
 Episode_Reward/non_timeout_termination: -9.8750
Episode_Reward/worst_ee_z_normalized_squared: -0.0202
Episode_Reward/right_wrist_prethreshold_barrier: -0.0005
        Metrics/motion/error_anchor_pos: 0.0717
        Metrics/motion/error_anchor_rot: 0.1604
    Metrics/motion/error_anchor_lin_vel: 0.4651
    Metrics/motion/error_anchor_ang_vel: 1.1212
          Metrics/motion/error_body_pos: 0.7168
          Metrics/motion/error_body_rot: 0.4040
         Metrics/motion/error_joint_pos: 0.5919
         Metrics/motion/error_joint_vel: 5.6215
        Metrics/motion/sampling_entropy: 0.9530
      Metrics/motion/sampling_top1_prob: 0.0285
       Metrics/motion/sampling_top1_bin: 0.0924
      Metrics/motion/error_body_lin_vel: 0.5103
      Metrics/motion/error_body_ang_vel: 1.6090
           Episode_Termination/time_out: 0.0000
         Episode_Termination/anchor_pos: 0.0000
         Episode_Termination/anchor_ori: 0.0000
        Episode_Termination/ee_body_pos: 0.0625
Episode_Termination/corpus_clip_time_out: 0.0625
Episode_Termination/stage_one_actuation_guard: 4.0000
--------------------------------------------------------------------------------
                         Iteration time: 2.93s
                           Time elapsed: 00:00:14
                                    ETA: 00:05:58

################################################################################
[1m                            Learning iteration 4/100                            [0m 

                               Run name: breadth
                            Total steps: 2560 
                       Steps per second: 198 
                        Collection time: 1.652s 
                          Learning time: 0.929s 
                        Mean value loss: 4331.1257
                    Mean surrogate loss: -0.0195
                      Mean entropy loss: 10.5205
           Mean standing_retention loss: 0.0001
                            Mean reward: -98.65
                    Mean episode length: 7.44
                        Mean action std: 0.38
  Episode_Reward/motion_global_root_pos: 0.0073
  Episode_Reward/motion_global_root_ori: 0.0062
         Episode_Reward/motion_body_pos: 0.0150
         Episode_Reward/motion_body_ori: 0.0110
     Episode_Reward/motion_body_lin_vel: 0.0124
     Episode_Reward/motion_body_ang_vel: 0.0104
          Episode_Reward/action_rate_l2: -0.0327
             Episode_Reward/joint_limit: -0.0000
         Episode_Reward/self_collisions: -0.0301
Episode_Reward/action_target_reference_l2: -0.0081
Episode_Reward/action_target_soft_limit_barrier: -0.0003
                   Episode_Reward/alive: 0.0678
 Episode_Reward/non_timeout_termination: -10.0000
Episode_Reward/worst_ee_z_normalized_squared: -0.0212
Episode_Reward/right_wrist_prethreshold_barrier: -0.0001
        Metrics/motion/error_anchor_pos: 0.0691
        Metrics/motion/error_anchor_rot: 0.1656
    Metrics/motion/error_anchor_lin_vel: 0.4609
    Metrics/motion/error_anchor_ang_vel: 1.0108
          Metrics/motion/error_body_pos: 0.3455
          Metrics/motion/error_body_rot: 0.2760
         Metrics/motion/error_joint_pos: 0.6216
         Metrics/motion/error_joint_vel: 5.9929
        Metrics/motion/sampling_entropy: 0.9514
      Metrics/motion/sampling_top1_prob: 0.0265
       Metrics/motion/sampling_top1_bin: 0.0924
      Metrics/motion/error_body_lin_vel: 0.4895
      Metrics/motion/error_body_ang_vel: 1.7284
           Episode_Termination/time_out: 0.0000
         Episode_Termination/anchor_pos: 0.0000
         Episode_Termination/anchor_ori: 0.0000
        Episode_Termination/ee_body_pos: 0.0000
Episode_Termination/corpus_clip_time_out: 0.0000
Episode_Termination/stage_one_actuation_guard: 4.3750
--------------------------------------------------------------------------------
                         Iteration time: 2.58s
                           Time elapsed: 00:00:17
                                    ETA: 00:05:33

################################################################################
[1m                            Learning iteration 5/100                            [0m 

                               Run name: breadth
                            Total steps: 3072 
                       Steps per second: 184 
                        Collection time: 1.717s 
                          Learning time: 1.056s 
                        Mean value loss: 4381.9381
                    Mean surrogate loss: -0.0236
                      Mean entropy loss: 10.5205
           Mean standing_retention loss: 0.0001
                            Mean reward: -99.74
                    Mean episode length: 6.73
                        Mean action std: 0.38
  Episode_Reward/motion_global_root_pos: 0.0061
  Episode_Reward/motion_global_root_ori: 0.0048
         Episode_Reward/motion_body_pos: 0.0121
         Episode_Reward/motion_body_ori: 0.0091
     Episode_Reward/motion_body_lin_vel: 0.0103
     Episode_Reward/motion_body_ang_vel: 0.0087
          Episode_Reward/action_rate_l2: -0.0318
             Episode_Reward/joint_limit: -0.0002
         Episode_Reward/self_collisions: -0.0191
Episode_Reward/action_target_reference_l2: -0.0062
Episode_Reward/action_target_soft_limit_barrier: -0.0003
                   Episode_Reward/alive: 0.0527
 Episode_Reward/non_timeout_termination: -10.0000
Episode_Reward/worst_ee_z_normalized_squared: -0.0179
Episode_Reward/right_wrist_prethreshold_barrier: -0.0000
        Metrics/motion/error_anchor_pos: 0.0526
        Metrics/motion/error_anchor_rot: 0.1596
    Metrics/motion/error_anchor_lin_vel: 0.4385
    Metrics/motion/error_anchor_ang_vel: 0.9287
          Metrics/motion/error_body_pos: 0.3256
          Metrics/motion/error_body_rot: 0.3706
         Metrics/motion/error_joint_pos: 0.5014
         Metrics/motion/error_joint_vel: 5.5627
        Metrics/motion/sampling_entropy: 0.9522
      Metrics/motion/sampling_top1_prob: 0.0255
       Metrics/motion/sampling_top1_bin: 0.2143
      Metrics/motion/error_body_lin_vel: 0.4746
      Metrics/motion/error_body_ang_vel: 1.5981
           Episode_Termination/time_out: 0.0000
         Episode_Termination/anchor_pos: 0.0000
         Episode_Termination/anchor_ori: 0.0000
        Episode_Termination/ee_body_pos: 0.0000
Episode_Termination/corpus_clip_time_out: 0.0000
Episode_Termination/stage_one_actuation_guard: 4.8750
--------------------------------------------------------------------------------
                         Iteration time: 2.77s
                           Time elapsed: 00:00:20
                                    ETA: 00:05:18

################################################################################
[1m                            Learning iteration 6/100                            [0m 

                               Run name: breadth
                            Total steps: 3584 
                       Steps per second: 201 
                        Collection time: 1.723s 
                          Learning time: 0.817s 
                        Mean value loss: 4287.9186
                    Mean surrogate loss: -0.0180
                      Mean entropy loss: 10.5205
           Mean standing_retention loss: 0.0002
                            Mean reward: -98.79
                    Mean episode length: 7.00
                        Mean action std: 0.38
  Episode_Reward/motion_global_root_pos: 0.0057
  Episode_Reward/motion_global_root_ori: 0.0048
         Episode_Reward/motion_body_pos: 0.0118
         Episode_Reward/motion_body_ori: 0.0085
     Episode_Reward/motion_body_lin_vel: 0.0094
     Episode_Reward/motion_body_ang_vel: 0.0082
          Episode_Reward/action_rate_l2: -0.0306
             Episode_Reward/joint_limit: -0.0010
         Episode_Reward/self_collisions: -0.0215
Episode_Reward/action_target_reference_l2: -0.0062
Episode_Reward/action_target_soft_limit_barrier: -0.0003
                   Episode_Reward/alive: 0.0518
 Episode_Reward/non_timeout_termination: -9.8750
Episode_Reward/worst_ee_z_normalized_squared: -0.0198
Episode_Reward/right_wrist_prethreshold_barrier: -0.0006
        Metrics/motion/error_anchor_pos: 0.0612
        Metrics/motion/error_anchor_rot: 0.1794
    Metrics/motion/error_anchor_lin_vel: 0.4740
    Metrics/motion/error_anchor_ang_vel: 1.0016
          Metrics/motion/error_body_pos: 0.3724
          Metrics/motion/error_body_rot: 0.3218
         Metrics/motion/error_joint_pos: 0.5231
         Metrics/motion/error_joint_vel: 5.0623
        Metrics/motion/sampling_entropy: 0.9540
      Metrics/motion/sampling_top1_prob: 0.0259
       Metrics/motion/sampling_top1_bin: 0.3109
      Metrics/motion/error_body_lin_vel: 0.5142
      Metrics/motion/error_body_ang_vel: 1.5306
           Episode_Termination/time_out: 0.0000
         Episode_Termination/anchor_pos: 0.0000
         Episode_Termination/anchor_ori: 0.0000
        Episode_Termination/ee_body_pos: 0.0000
Episode_Termination/corpus_clip_time_out: 0.1250
Episode_Termination/stage_one_actuation_guard: 4.8750
--------------------------------------------------------------------------------
                         Iteration time: 2.54s
                           Time elapsed: 00:00:22
                                    ETA: 00:05:03

################################################################################
[1m                            Learning iteration 7/100                            [0m 

                               Run name: breadth
                            Total steps: 4096 
                       Steps per second: 189 
                        Collection time: 1.682s 
                          Learning time: 1.018s 
                        Mean value loss: 4404.8549
                    Mean surrogate loss: -0.0219
                      Mean entropy loss: 10.5205
           Mean standing_retention loss: 0.0001
                            Mean reward: -98.94
                    Mean episode length: 6.38
                        Mean action std: 0.38
  Episode_Reward/motion_global_root_pos: 0.0055
  Episode_Reward/motion_global_root_ori: 0.0047
         Episode_Reward/motion_body_pos: 0.0112
         Episode_Reward/motion_body_ori: 0.0082
     Episode_Reward/motion_body_lin_vel: 0.0089
     Episode_Reward/motion_body_ang_vel: 0.0076
          Episode_Reward/action_rate_l2: -0.0325
             Episode_Reward/joint_limit: -0.0006
         Episode_Reward/self_collisions: -0.0250
Episode_Reward/action_target_reference_l2: -0.0058
Episode_Reward/action_target_soft_limit_barrier: -0.0003
                   Episode_Reward/alive: 0.0485
 Episode_Reward/non_timeout_termination: -9.9107
Episode_Reward/worst_ee_z_normalized_squared: -0.0187
Episode_Reward/right_wrist_prethreshold_barrier: -0.0001
        Metrics/motion/error_anchor_pos: 0.0576
        Metrics/motion/error_anchor_rot: 0.1609
    Metrics/motion/error_anchor_lin_vel: 0.4406
    Metrics/motion/error_anchor_ang_vel: 1.0117
          Metrics/motion/error_body_pos: 0.5737
          Metrics/motion/error_body_rot: 0.5116
         Metrics/motion/error_joint_pos: 0.5383
         Metrics/motion/error_joint_vel: 5.5678
        Metrics/motion/sampling_entropy: 0.9542
      Metrics/motion/sampling_top1_prob: 0.0267
       Metrics/motion/sampling_top1_bin: 0.7311
      Metrics/motion/error_body_lin_vel: 0.5053
      Metrics/motion/error_body_ang_vel: 1.5629
           Episode_Termination/time_out: 0.0000
         Episode_Termination/anchor_pos: 0.0000
         Episode_Termination/anchor_ori: 0.0000
        Episode_Termination/ee_body_pos: 0.0000
Episode_Termination/corpus_clip_time_out: 0.1250
Episode_Termination/stage_one_actuation_guard: 5.4375
--------------------------------------------------------------------------------
                         Iteration time: 2.70s
                           Time elapsed: 00:00:25
                                    ETA: 00:04:53

################################################################################
[1m                            Learning iteration 8/100                            [0m 

                               Run name: breadth
                            Total steps: 4608 
                       Steps per second: 93 
                        Collection time: 1.571s 
                          Learning time: 3.909s 
                        Mean value loss: 5331.3958
                    Mean surrogate loss: -0.0189
                      Mean entropy loss: 10.5205
           Mean standing_retention loss: 0.0001
                            Mean reward: -98.88
                    Mean episode length: 5.10
                        Mean action std: 0.38
  Episode_Reward/motion_global_root_pos: 0.0051
  Episode_Reward/motion_global_root_ori: 0.0047
         Episode_Reward/motion_body_pos: 0.0108
         Episode_Reward/motion_body_ori: 0.0082
     Episode_Reward/motion_body_lin_vel: 0.0082
     Episode_Reward/motion_body_ang_vel: 0.0071
          Episode_Reward/action_rate_l2: -0.0311
             Episode_Reward/joint_limit: -0.0002
         Episode_Reward/self_collisions: -0.0232
Episode_Reward/action_target_reference_l2: -0.0051
Episode_Reward/action_target_soft_limit_barrier: -0.0003
                   Episode_Reward/alive: 0.0465
 Episode_Reward/non_timeout_termination: -9.8750
Episode_Reward/worst_ee_z_normalized_squared: -0.0171
Episode_Reward/right_wrist_prethreshold_barrier: 0.0000
        Metrics/motion/error_anchor_pos: 0.0605
        Metrics/motion/error_anchor_rot: 0.1628
    Metrics/motion/error_anchor_lin_vel: 0.4724
    Metrics/motion/error_anchor_ang_vel: 1.0082
          Metrics/motion/error_body_pos: 0.5543
          Metrics/motion/error_body_rot: 0.4077
         Metrics/motion/error_joint_pos: 0.5267
         Metrics/motion/error_joint_vel: 5.6720
        Metrics/motion/sampling_entropy: 0.9522
      Metrics/motion/sampling_top1_prob: 0.0305
       Metrics/motion/sampling_top1_bin: 0.2521
      Metrics/motion/error_body_lin_vel: 0.5138
      Metrics/motion/error_body_ang_vel: 1.6293
           Episode_Termination/time_out: 0.0000
         Episode_Termination/anchor_pos: 0.0000
         Episode_Termination/anchor_ori: 0.0000
        Episode_Termination/ee_body_pos: 0.0625
Episode_Termination/corpus_clip_time_out: 0.0625
Episode_Termination/stage_one_actuation_guard: 6.3750
--------------------------------------------------------------------------------
                         Iteration time: 5.48s
                           Time elapsed: 00:00:31
                                    ETA: 00:05:13

################################################################################
[1m                            Learning iteration 9/100                            [0m 

                               Run name: breadth
                            Total steps: 5120 
                       Steps per second: 198 
                        Collection time: 1.667s 
                          Learning time: 0.919s 
                        Mean value loss: 4586.3427
                    Mean surrogate loss: -0.0243
                      Mean entropy loss: 10.5205
           Mean standing_retention loss: 0.0001
                            Mean reward: -99.79
                    Mean episode length: 5.53
                        Mean action std: 0.38
  Episode_Reward/motion_global_root_pos: 0.0054
  Episode_Reward/motion_global_root_ori: 0.0046
         Episode_Reward/motion_body_pos: 0.0109
         Episode_Reward/motion_body_ori: 0.0084
     Episode_Reward/motion_body_lin_vel: 0.0086
     Episode_Reward/motion_body_ang_vel: 0.0073
          Episode_Reward/action_rate_l2: -0.0302
             Episode_Reward/joint_limit: -0.0000
         Episode_Reward/self_collisions: -0.0170
Episode_Reward/action_target_reference_l2: -0.0050
Episode_Reward/action_target_soft_limit_barrier: -0.0003
                   Episode_Reward/alive: 0.0467
 Episode_Reward/non_timeout_termination: -10.0000
Episode_Reward/worst_ee_z_normalized_squared: -0.0150
Episode_Reward/right_wrist_prethreshold_barrier: -0.0000
        Metrics/motion/error_anchor_pos: 0.0557
        Metrics/motion/error_anchor_rot: 0.1597
    Metrics/motion/error_anchor_lin_vel: 0.4722
    Metrics/motion/error_anchor_ang_vel: 0.9978
          Metrics/motion/error_body_pos: 0.2596
          Metrics/motion/error_body_rot: 0.3389
         Metrics/motion/error_joint_pos: 0.5152
         Metrics/motion/error_joint_vel: 6.3567
        Metrics/motion/sampling_entropy: 0.9474
      Metrics/motion/sampling_top1_prob: 0.0318
       Metrics/motion/sampling_top1_bin: 0.1324
      Metrics/motion/error_body_lin_vel: 0.5191
      Metrics/motion/error_body_ang_vel: 1.7707
           Episode_Termination/time_out: 0.0000
         Episode_Termination/anchor_pos: 0.0000
         Episode_Termination/anchor_ori: 0.0000
        Episode_Termination/ee_body_pos: 0.0000
Episode_Termination/corpus_clip_time_out: 0.0000
Episode_Termination/stage_one_actuation_guard: 5.0625
--------------------------------------------------------------------------------
                         Iteration time: 2.59s
                           Time elapsed: 00:00:33
                                    ETA: 00:05:02

################################################################################
[1m                           Learning iteration 10/100                            [0m 

                               Run name: breadth
                            Total steps: 5632 
                       Steps per second: 208 
                        Collection time: 1.572s 
                          Learning time: 0.884s 
                        Mean value loss: 4558.1094
                    Mean surrogate loss: -0.0231
                      Mean entropy loss: 10.5205
           Mean standing_retention loss: 0.0002
                            Mean reward: -98.80
                    Mean episode length: 6.37
                        Mean action std: 0.38
  Episode_Reward/motion_global_root_pos: 0.0054
  Episode_Reward/motion_global_root_ori: 0.0047
         Episode_Reward/motion_body_pos: 0.0112
         Episode_Reward/motion_body_ori: 0.0086
     Episode_Reward/motion_body_lin_vel: 0.0090
     Episode_Reward/motion_body_ang_vel: 0.0078
          Episode_Reward/action_rate_l2: -0.0309
             Episode_Reward/joint_limit: -0.0003
         Episode_Reward/self_collisions: -0.0319
Episode_Reward/action_target_reference_l2: -0.0054
Episode_Reward/action_target_soft_limit_barrier: -0.0002
                   Episode_Reward/alive: 0.0482
 Episode_Reward/non_timeout_termination: -9.8438
Episode_Reward/worst_ee_z_normalized_squared: -0.0143
Episode_Reward/right_wrist_prethreshold_barrier: 0.0000
        Metrics/motion/error_anchor_pos: 0.0613
        Metrics/motion/error_anchor_rot: 0.1603
    Metrics/motion/error_anchor_lin_vel: 0.4294
    Metrics/motion/error_anchor_ang_vel: 1.0847
          Metrics/motion/error_body_pos: 0.4113
          Metrics/motion/error_body_rot: 0.3942
         Metrics/motion/error_joint_pos: 0.5025
         Metrics/motion/error_joint_vel: 5.3162
        Metrics/motion/sampling_entropy: 0.9452
      Metrics/motion/sampling_top1_prob: 0.0325
       Metrics/motion/sampling_top1_bin: 0.0924
      Metrics/motion/error_body_lin_vel: 0.4775
      Metrics/motion/error_body_ang_vel: 1.6318
           Episode_Termination/time_out: 0.0000
         Episode_Termination/anchor_pos: 0.0000
         Episode_Termination/anchor_ori: 0.0000
        Episode_Termination/ee_body_pos: 0.0000
Episode_Termination/corpus_clip_time_out: 0.1250
Episode_Termination/stage_one_actuation_guard: 5.0625
--------------------------------------------------------------------------------
                         Iteration time: 2.46s
                           Time elapsed: 00:00:36
                                    ETA: 00:04:51

################################################################################
[1m                           Learning iteration 11/100                            [0m 

                               Run name: breadth
                            Total steps: 6144 
                       Steps per second: 168 
                        Collection time: 1.689s 
                          Learning time: 1.346s 
                        Mean value loss: 4151.2888
                    Mean surrogate loss: -0.0193
                      Mean entropy loss: 10.5205
           Mean standing_retention loss: 0.0002
                            Mean reward: -99.84
                    Mean episode length: 6.92
                        Mean action std: 0.38
  Episode_Reward/motion_global_root_pos: 0.0064
  Episode_Reward/motion_global_root_ori: 0.0055
         Episode_Reward/motion_body_pos: 0.0131
         Episode_Reward/motion_body_ori: 0.0099
     Episode_Reward/motion_body_lin_vel: 0.0100
     Episode_Reward/motion_body_ang_vel: 0.0086
          Episode_Reward/action_rate_l2: -0.0323
             Episode_Reward/joint_limit: -0.0002
         Episode_Reward/self_collisions: -0.0327
Episode_Reward/action_target_reference_l2: -0.0067
Episode_Reward/action_target_soft_limit_barrier: -0.0003
                   Episode_Reward/alive: 0.0579
 Episode_Reward/non_timeout_termination: -10.0000
Episode_Reward/worst_ee_z_normalized_squared: -0.0188
Episode_Reward/right_wrist_prethreshold_barrier: 0.0000
        Metrics/motion/error_anchor_pos: 0.0618
        Metrics/motion/error_anchor_rot: 0.1535
    Metrics/motion/error_anchor_lin_vel: 0.4950
    Metrics/motion/error_anchor_ang_vel: 1.1196
          Metrics/motion/error_body_pos: 0.1172
          Metrics/motion/error_body_rot: 0.2697
         Metrics/motion/error_joint_pos: 0.5906
         Metrics/motion/error_joint_vel: 5.9077
        Metrics/motion/sampling_entropy: 0.9440
      Metrics/motion/sampling_top1_prob: 0.0333
       Metrics/motion/sampling_top1_bin: 0.0924
      Metrics/motion/error_body_lin_vel: 0.5449
      Metrics/motion/error_body_ang_vel: 1.8729
           Episode_Termination/time_out: 0.0000
         Episode_Termination/anchor_pos: 0.0000
         Episode_Termination/anchor_ori: 0.0000
        Episode_Termination/ee_body_pos: 0.0000
Episode_Termination/corpus_clip_time_out: 0.0000
Episode_Termination/stage_one_actuation_guard: 4.3125
--------------------------------------------------------------------------------
                         Iteration time: 3.03s
                           Time elapsed: 00:00:39
                                    ETA: 00:04:46

################################################################################
[1m                           Learning iteration 12/100                            [0m 

                               Run name: breadth
                            Total steps: 6656 
                       Steps per second: 165 
                        Collection time: 1.716s 
                          Learning time: 1.384s 
                        Mean value loss: 4481.2378
                    Mean surrogate loss: -0.0199
                      Mean entropy loss: 10.5205
           Mean standing_retention loss: 0.0002
                            Mean reward: -99.89
                    Mean episode length: 6.08
                        Mean action std: 0.38
  Episode_Reward/motion_global_root_pos: 0.0055
  Episode_Reward/motion_global_root_ori: 0.0048
         Episode_Reward/motion_body_pos: 0.0112
         Episode_Reward/motion_body_ori: 0.0085
     Episode_Reward/motion_body_lin_vel: 0.0089
     Episode_Reward/motion_body_ang_vel: 0.0078
          Episode_Reward/action_rate_l2: -0.0298
             Episode_Reward/joint_limit: -0.0006
         Episode_Reward/self_collisions: -0.0221
Episode_Reward/action_target_reference_l2: -0.0056
Episode_Reward/action_target_soft_limit_barrier: -0.0003
                   Episode_Reward/alive: 0.0481
 Episode_Reward/non_timeout_termination: -10.0000
Episode_Reward/worst_ee_z_normalized_squared: -0.0161
Episode_Reward/right_wrist_prethreshold_barrier: -0.0003
        Metrics/motion/error_anchor_pos: 0.0568
        Metrics/motion/error_anchor_rot: 0.1545
    Metrics/motion/error_anchor_lin_vel: 0.4871
    Metrics/motion/error_anchor_ang_vel: 1.0037
          Metrics/motion/error_body_pos: 0.2195
          Metrics/motion/error_body_rot: 0.3394
         Metrics/motion/error_joint_pos: 0.4983
         Metrics/motion/error_joint_vel: 5.3684
        Metrics/motion/sampling_entropy: 0.9455
      Metrics/motion/sampling_top1_prob: 0.0328
       Metrics/motion/sampling_top1_bin: 0.4517
      Metrics/motion/error_body_lin_vel: 0.5276
      Metrics/motion/error_body_ang_vel: 1.6253
           Episode_Termination/time_out: 0.0000
         Episode_Termination/anchor_pos: 0.0000
         Episode_Termination/anchor_ori: 0.0000
        Episode_Termination/ee_body_pos: 0.0000
Episode_Termination/corpus_clip_time_out: 0.0000
Episode_Termination/stage_one_actuation_guard: 5.1250
--------------------------------------------------------------------------------
                         Iteration time: 3.10s
                           Time elapsed: 00:00:42
                                    ETA: 00:04:42

################################################################################
[1m                           Learning iteration 13/100                            [0m 

                               Run name: breadth
                            Total steps: 7168 
                       Steps per second: 167 
                        Collection time: 1.617s 
                          Learning time: 1.433s 
                        Mean value loss: 4625.1927
                    Mean surrogate loss: -0.0223
                      Mean entropy loss: 10.5205
           Mean standing_retention loss: 0.0002
                            Mean reward: -98.85
                    Mean episode length: 5.94
                        Mean action std: 0.38
  Episode_Reward/motion_global_root_pos: 0.0070
  Episode_Reward/motion_global_root_ori: 0.0060
         Episode_Reward/motion_body_pos: 0.0143
         Episode_Reward/motion_body_ori: 0.0101
     Episode_Reward/motion_body_lin_vel: 0.0119
     Episode_Reward/motion_body_ang_vel: 0.0102
          Episode_Reward/action_rate_l2: -0.0348
             Episode_Reward/joint_limit: -0.0000
         Episode_Reward/self_collisions: -0.0349
Episode_Reward/action_target_reference_l2: -0.0073
Episode_Reward/action_target_soft_limit_barrier: -0.0003
                   Episode_Reward/alive: 0.0641
 Episode_Reward/non_timeout_termination: -9.7917
Episode_Reward/worst_ee_z_normalized_squared: -0.0201
Episode_Reward/right_wrist_prethreshold_barrier: -0.0000
        Metrics/motion/error_anchor_pos: 0.0613
        Metrics/motion/error_anchor_rot: 0.1672
    Metrics/motion/error_anchor_lin_vel: 0.4387
    Metrics/motion/error_anchor_ang_vel: 1.1684
          Metrics/motion/error_body_pos: 0.4325
          Metrics/motion/error_body_rot: 0.3649
         Metrics/motion/error_joint_pos: 0.5461
         Metrics/motion/error_joint_vel: 5.4168
        Metrics/motion/sampling_entropy: 0.9452
      Metrics/motion/sampling_top1_prob: 0.0334
       Metrics/motion/sampling_top1_bin: 0.7311
      Metrics/motion/error_body_lin_vel: 0.5084
      Metrics/motion/error_body_ang_vel: 1.5993
           Episode_Termination/time_out: 0.0000
         Episode_Termination/anchor_pos: 0.0000
         Episode_Termination/anchor_ori: 0.0000
        Episode_Termination/ee_body_pos: 0.0000
Episode_Termination/corpus_clip_time_out: 0.0625
Episode_Termination/stage_one_actuation_guard: 5.4375
--------------------------------------------------------------------------------
                         Iteration time: 3.05s
                           Time elapsed: 00:00:45
                                    ETA: 00:04:38

################################################################################
[1m                           Learning iteration 14/100                            [0m 

                               Run name: breadth
                            Total steps: 7680 
                       Steps per second: 178 
                        Collection time: 1.546s 
                          Learning time: 1.326s 
                        Mean value loss: 4209.9938
                    Mean surrogate loss: -0.0230
                      Mean entropy loss: 10.5205
           Mean standing_retention loss: 0.0002
                            Mean reward: -97.78
                    Mean episode length: 6.64
                        Mean action std: 0.38
  Episode_Reward/motion_global_root_pos: 0.0057
  Episode_Reward/motion_global_root_ori: 0.0048
         Episode_Reward/motion_body_pos: 0.0116
         Episode_Reward/motion_body_ori: 0.0091
     Episode_Reward/motion_body_lin_vel: 0.0092
     Episode_Reward/motion_body_ang_vel: 0.0077
          Episode_Reward/action_rate_l2: -0.0299
             Episode_Reward/joint_limit: -0.0000
         Episode_Reward/self_collisions: -0.0273
Episode_Reward/action_target_reference_l2: -0.0052
Episode_Reward/action_target_soft_limit_barrier: -0.0003
                   Episode_Reward/alive: 0.0502
 Episode_Reward/non_timeout_termination: -9.8438
Episode_Reward/worst_ee_z_normalized_squared: -0.0132
Episode_Reward/right_wrist_prethreshold_barrier: -0.0000
        Metrics/motion/error_anchor_pos: 0.0577
        Metrics/motion/error_anchor_rot: 0.1704
    Metrics/motion/error_anchor_lin_vel: 0.4287
    Metrics/motion/error_anchor_ang_vel: 1.1020
          Metrics/motion/error_body_pos: 0.3217
          Metrics/motion/error_body_rot: 0.3567
         Metrics/motion/error_joint_pos: 0.5471
         Metrics/motion/error_joint_vel: 6.4085
        Metrics/motion/sampling_entropy: 0.9445
      Metrics/motion/sampling_top1_prob: 0.0343
       Metrics/motion/sampling_top1_bin: 0.7311
      Metrics/motion/error_body_lin_vel: 0.4945
      Metrics/motion/error_body_ang_vel: 1.8081
           Episode_Termination/time_out: 0.0000
         Episode_Termination/anchor_pos: 0.0000
         Episode_Termination/anchor_ori: 0.0000
        Episode_Termination/ee_body_pos: 0.0000
Episode_Termination/corpus_clip_time_out: 0.0625
Episode_Termination/stage_one_actuation_guard: 4.6250
--------------------------------------------------------------------------------
                         Iteration time: 2.87s
                           Time elapsed: 00:00:48
                                    ETA: 00:04:32

################################################################################
[1m                           Learning iteration 15/100                            [0m 

                               Run name: breadth
                            Total steps: 8192 
                       Steps per second: 185 
                        Collection time: 1.787s 
                          Learning time: 0.972s 
                        Mean value loss: 3932.7899
                    Mean surrogate loss: -0.0189
                      Mean entropy loss: 10.5205
           Mean standing_retention loss: 0.0002
                            Mean reward: -98.71
                    Mean episode length: 5.41
                        Mean action std: 0.38
  Episode_Reward/motion_global_root_pos: 0.0055
  Episode_Reward/motion_global_root_ori: 0.0050
         Episode_Reward/motion_body_pos: 0.0112
         Episode_Reward/motion_body_ori: 0.0088
     Episode_Reward/motion_body_lin_vel: 0.0085
     Episode_Reward/motion_body_ang_vel: 0.0076
          Episode_Reward/action_rate_l2: -0.0313
             Episode_Reward/joint_limit: -0.0003
         Episode_Reward/self_collisions: -0.0100
Episode_Reward/action_target_reference_l2: -0.0047
Episode_Reward/action_target_soft_limit_barrier: -0.0003
                   Episode_Reward/alive: 0.0485
 Episode_Reward/non_timeout_termination: -9.8438
Episode_Reward/worst_ee_z_normalized_squared: -0.0099
Episode_Reward/right_wrist_prethreshold_barrier: 0.0000
        Metrics/motion/error_anchor_pos: 0.0609
        Metrics/motion/error_anchor_rot: 0.1505
    Metrics/motion/error_anchor_lin_vel: 0.5131
    Metrics/motion/error_anchor_ang_vel: 1.1609
          Metrics/motion/error_body_pos: 0.1592
          Metrics/motion/error_body_rot: 0.2910
         Metrics/motion/error_joint_pos: 0.5109
         Metrics/motion/error_joint_vel: 5.5901
        Metrics/motion/sampling_entropy: 0.9448
      Metrics/motion/sampling_top1_prob: 0.0346
       Metrics/motion/sampling_top1_bin: 0.7311
      Metrics/motion/error_body_lin_vel: 0.5642
      Metrics/motion/error_body_ang_vel: 1.6728
           Episode_Termination/time_out: 0.0000
         Episode_Termination/anchor_pos: 0.0000
         Episode_Termination/anchor_ori: 0.0000
        Episode_Termination/ee_body_pos: 0.0000
Episode_Termination/corpus_clip_time_out: 0.0625
Episode_Termination/stage_one_actuation_guard: 4.3750
--------------------------------------------------------------------------------
                         Iteration time: 2.76s
                           Time elapsed: 00:00:50
                                    ETA: 00:04:27

################################################################################
[1m                           Learning iteration 16/100                            [0m 

                               Run name: breadth
                            Total steps: 8704 
                       Steps per second: 204 
                        Collection time: 1.568s 
                          Learning time: 0.939s 
                        Mean value loss: 4930.0681
                    Mean surrogate loss: -0.0196
                      Mean entropy loss: 10.5205
           Mean standing_retention loss: 0.0002
                            Mean reward: -99.71
                    Mean episode length: 7.38
                        Mean action std: 0.38
  Episode_Reward/motion_global_root_pos: 0.0062
  Episode_Reward/motion_global_root_ori: 0.0052
         Episode_Reward/motion_body_pos: 0.0127
         Episode_Reward/motion_body_ori: 0.0087
     Episode_Reward/motion_body_lin_vel: 0.0105
     Episode_Reward/motion_body_ang_vel: 0.0090
          Episode_Reward/action_rate_l2: -0.0346
             Episode_Reward/joint_limit: -0.0002
         Episode_Reward/self_collisions: -0.0109
Episode_Reward/action_target_reference_l2: -0.0075
Episode_Reward/action_target_soft_limit_barrier: -0.0003
                   Episode_Reward/alive: 0.0570
 Episode_Reward/non_timeout_termination: -10.0000
Episode_Reward/worst_ee_z_normalized_squared: -0.0279
Episode_Reward/right_wrist_prethreshold_barrier: -0.0014
        Metrics/motion/error_anchor_pos: 0.0630
        Metrics/motion/error_anchor_rot: 0.1594
    Metrics/motion/error_anchor_lin_vel: 0.4655
    Metrics/motion/error_anchor_ang_vel: 0.9683
          Metrics/motion/error_body_pos: 0.4412
          Metrics/motion/error_body_rot: 0.4093
         Metrics/motion/error_joint_pos: 0.5024
         Metrics/motion/error_joint_vel: 5.4180
        Metrics/motion/sampling_entropy: 0.9459
      Metrics/motion/sampling_top1_prob: 0.0334
       Metrics/motion/sampling_top1_bin: 0.7311
      Metrics/motion/error_body_lin_vel: 0.5081
      Metrics/motion/error_body_ang_vel: 1.5917
           Episode_Termination/time_out: 0.0000
         Episode_Termination/anchor_pos: 0.0000
         Episode_Termination/anchor_ori: 0.0000
        Episode_Termination/ee_body_pos: 0.0000
Episode_Termination/corpus_clip_time_out: 0.0000
Episode_Termination/stage_one_actuation_guard: 6.0625
--------------------------------------------------------------------------------
                         Iteration time: 2.51s
                           Time elapsed: 00:00:53
                                    ETA: 00:04:20

################################################################################
[1m                           Learning iteration 17/100                            [0m 

                               Run name: breadth
                            Total steps: 9216 
                       Steps per second: 207 
                        Collection time: 1.588s 
                          Learning time: 0.877s 
                        Mean value loss: 4781.9987
                    Mean surrogate loss: -0.0252
                      Mean entropy loss: 10.5205
           Mean standing_retention loss: 0.0002
                            Mean reward: -98.78
                    Mean episode length: 5.79
                        Mean action std: 0.38
  Episode_Reward/motion_global_root_pos: 0.0049
  Episode_Reward/motion_global_root_ori: 0.0043
         Episode_Reward/motion_body_pos: 0.0099
         Episode_Reward/motion_body_ori: 0.0076
     Episode_Reward/motion_body_lin_vel: 0.0077
     Episode_Reward/motion_body_ang_vel: 0.0067
          Episode_Reward/action_rate_l2: -0.0301
             Episode_Reward/joint_limit: -0.0001
         Episode_Reward/self_collisions: -0.0160
Episode_Reward/action_target_reference_l2: -0.0044
Episode_Reward/action_target_soft_limit_barrier: -0.0002
                   Episode_Reward/alive: 0.0414
 Episode_Reward/non_timeout_termination: -9.8438
Episode_Reward/worst_ee_z_normalized_squared: -0.0112
Episode_Reward/right_wrist_prethreshold_barrier: 0.0000
        Metrics/motion/error_anchor_pos: 0.0539
        Metrics/motion/error_anchor_rot: 0.1539
    Metrics/motion/error_anchor_lin_vel: 0.4422
    Metrics/motion/error_anchor_ang_vel: 0.9457
          Metrics/motion/error_body_pos: 0.6602
          Metrics/motion/error_body_rot: 0.4769
         Metrics/motion/error_joint_pos: 0.4778
         Metrics/motion/error_joint_vel: 5.1190
        Metrics/motion/sampling_entropy: 0.9457
      Metrics/motion/sampling_top1_prob: 0.0337
       Metrics/motion/sampling_top1_bin: 0.7311
      Metrics/motion/error_body_lin_vel: 0.4929
      Metrics/motion/error_body_ang_vel: 1.5152
           Episode_Termination/time_out: 0.0000
         Episode_Termination/anchor_pos: 0.0000
         Episode_Termination/anchor_ori: 0.0000
        Episode_Termination/ee_body_pos: 0.0000
Episode_Termination/corpus_clip_time_out: 0.0625
Episode_Termination/stage_one_actuation_guard: 5.4375
--------------------------------------------------------------------------------
                         Iteration time: 2.46s
                           Time elapsed: 00:00:55
                                    ETA: 00:04:14

################################################################################
[1m                           Learning iteration 18/100                            [0m 

                               Run name: breadth
                            Total steps: 9728 
                       Steps per second: 180 
                        Collection time: 1.562s 
                          Learning time: 1.267s 
                        Mean value loss: 4994.2423
                    Mean surrogate loss: -0.0191
                      Mean entropy loss: 10.5205
           Mean standing_retention loss: 0.0002
                            Mean reward: -99.72
                    Mean episode length: 5.43
                        Mean action std: 0.38
  Episode_Reward/motion_global_root_pos: 0.0055
  Episode_Reward/motion_global_root_ori: 0.0048
         Episode_Reward/motion_body_pos: 0.0113
         Episode_Reward/motion_body_ori: 0.0089
     Episode_Reward/motion_body_lin_vel: 0.0089
     Episode_Reward/motion_body_ang_vel: 0.0075
          Episode_Reward/action_rate_l2: -0.0305
             Episode_Reward/joint_limit: -0.0006
         Episode_Reward/self_collisions: -0.0146
Episode_Reward/action_target_reference_l2: -0.0051
Episode_Reward/action_target_soft_limit_barrier: -0.0003
                   Episode_Reward/alive: 0.0481
 Episode_Reward/non_timeout_termination: -10.0000
Episode_Reward/worst_ee_z_normalized_squared: -0.0128
Episode_Reward/right_wrist_prethreshold_barrier: 0.0000
        Metrics/motion/error_anchor_pos: 0.0643
        Metrics/motion/error_anchor_rot: 0.1735
    Metrics/motion/error_anchor_lin_vel: 0.4870
    Metrics/motion/error_anchor_ang_vel: 1.0249
          Metrics/motion/error_body_pos: 0.4376
          Metrics/motion/error_body_rot: 0.3536
         Metrics/motion/error_joint_pos: 0.5307
         Metrics/motion/error_joint_vel: 6.0632
        Metrics/motion/sampling_entropy: 0.9461
      Metrics/motion/sampling_top1_prob: 0.0336
       Metrics/motion/sampling_top1_bin: 0.7311
      Metrics/motion/error_body_lin_vel: 0.5154
      Metrics/motion/error_body_ang_vel: 1.7296
           Episode_Termination/time_out: 0.0000
         Episode_Termination/anchor_pos: 0.0000
         Episode_Termination/anchor_ori: 0.0000
        Episode_Termination/ee_body_pos: 0.0000
Episode_Termination/corpus_clip_time_out: 0.0000
Episode_Termination/stage_one_actuation_guard: 5.6250
--------------------------------------------------------------------------------
                         Iteration time: 2.83s
                           Time elapsed: 00:00:58
                                    ETA: 00:04:10

################################################################################
[1m                           Learning iteration 19/100                            [0m 

                               Run name: breadth
                            Total steps: 10240 
                       Steps per second: 87 
                        Collection time: 1.687s 
                          Learning time: 4.168s 
                        Mean value loss: 4362.6825
                    Mean surrogate loss: -0.0180
                      Mean entropy loss: 10.5205
           Mean standing_retention loss: 0.0002
                            Mean reward: -99.77
                    Mean episode length: 4.76
                        Mean action std: 0.38
  Episode_Reward/motion_global_root_pos: 0.0050
  Episode_Reward/motion_global_root_ori: 0.0043
         Episode_Reward/motion_body_pos: 0.0102
         Episode_Reward/motion_body_ori: 0.0082
     Episode_Reward/motion_body_lin_vel: 0.0079
     Episode_Reward/motion_body_ang_vel: 0.0067
          Episode_Reward/action_rate_l2: -0.0299
             Episode_Reward/joint_limit: -0.0002
         Episode_Reward/self_collisions: -0.0108
Episode_Reward/action_target_reference_l2: -0.0040
Episode_Reward/action_target_soft_limit_barrier: -0.0001
                   Episode_Reward/alive: 0.0425
 Episode_Reward/non_timeout_termination: -10.0000
Episode_Reward/worst_ee_z_normalized_squared: -0.0099
Episode_Reward/right_wrist_prethreshold_barrier: -0.0000
        Metrics/motion/error_anchor_pos: 0.0540
        Metrics/motion/error_anchor_rot: 0.1420
    Metrics/motion/error_anchor_lin_vel: 0.4934
    Metrics/motion/error_anchor_ang_vel: 1.1450
          Metrics/motion/error_body_pos: 0.3086
          Metrics/motion/error_body_rot: 0.3743
         Metrics/motion/error_joint_pos: 0.4571
         Metrics/motion/error_joint_vel: 5.9476
        Metrics/motion/sampling_entropy: 0.9458
      Metrics/motion/sampling_top1_prob: 0.0335
       Metrics/motion/sampling_top1_bin: 0.7311
      Metrics/motion/error_body_lin_vel: 0.5619
      Metrics/motion/error_body_ang_vel: 1.7975
           Episode_Termination/time_out: 0.0000
         Episode_Termination/anchor_pos: 0.0000
         Episode_Termination/anchor_ori: 0.0000
        Episode_Termination/ee_body_pos: 0.0000
Episode_Termination/corpus_clip_time_out: 0.0000
Episode_Termination/stage_one_actuation_guard: 5.6250
--------------------------------------------------------------------------------
                         Iteration time: 5.85s
                           Time elapsed: 00:01:04
                                    ETA: 00:04:18

################################################################################
[1m                           Learning iteration 20/100                            [0m 

                               Run name: breadth
                            Total steps: 10752 
                       Steps per second: 178 
                        Collection time: 1.585s 
                          Learning time: 1.289s 
                        Mean value loss: 3943.0883
                    Mean surrogate loss: -0.0275
                      Mean entropy loss: 10.5205
           Mean standing_retention loss: 0.0001
                            Mean reward: -99.81
                    Mean episode length: 6.68
                        Mean action std: 0.38
  Episode_Reward/motion_global_root_pos: 0.0068
  Episode_Reward/motion_global_root_ori: 0.0061
         Episode_Reward/motion_body_pos: 0.0139
         Episode_Reward/motion_body_ori: 0.0103
     Episode_Reward/motion_body_lin_vel: 0.0112
     Episode_Reward/motion_body_ang_vel: 0.0097
          Episode_Reward/action_rate_l2: -0.0354
             Episode_Reward/joint_limit: -0.0001
         Episode_Reward/self_collisions: -0.0397
Episode_Reward/action_target_reference_l2: -0.0070
Episode_Reward/action_target_soft_limit_barrier: -0.0003
                   Episode_Reward/alive: 0.0620
 Episode_Reward/non_timeout_termination: -10.0000
Episode_Reward/worst_ee_z_normalized_squared: -0.0192
Episode_Reward/right_wrist_prethreshold_barrier: -0.0000
        Metrics/motion/error_anchor_pos: 0.0605
        Metrics/motion/error_anchor_rot: 0.1710
    Metrics/motion/error_anchor_lin_vel: 0.4895
    Metrics/motion/error_anchor_ang_vel: 1.1407
          Metrics/motion/error_body_pos: 0.1399
          Metrics/motion/error_body_rot: 0.3159
         Metrics/motion/error_joint_pos: 0.5639
         Metrics/motion/error_joint_vel: 6.0464
        Metrics/motion/sampling_entropy: 0.9466
      Metrics/motion/sampling_top1_prob: 0.0325
       Metrics/motion/sampling_top1_bin: 0.7311
      Metrics/motion/error_body_lin_vel: 0.5475
      Metrics/motion/error_body_ang_vel: 1.8602
           Episode_Termination/time_out: 0.0000
         Episode_Termination/anchor_pos: 0.0000
         Episode_Termination/anchor_ori: 0.0000
        Episode_Termination/ee_body_pos: 0.0000
Episode_Termination/corpus_clip_time_out: 0.0000
Episode_Termination/stage_one_actuation_guard: 4.1875
--------------------------------------------------------------------------------
                         Iteration time: 2.87s
                           Time elapsed: 00:01:07
                                    ETA: 00:04:13

################################################################################
[1m                           Learning iteration 21/100                            [0m 

                               Run name: breadth
                            Total steps: 11264 
                       Steps per second: 175 
                        Collection time: 1.578s 
                          Learning time: 1.342s 
                        Mean value loss: 3843.3214
                    Mean surrogate loss: -0.0246
                      Mean entropy loss: 10.5205
           Mean standing_retention loss: 0.0001
                            Mean reward: -99.81
                    Mean episode length: 7.20
                        Mean action std: 0.38
  Episode_Reward/motion_global_root_pos: 0.0069
  Episode_Reward/motion_global_root_ori: 0.0058
         Episode_Reward/motion_body_pos: 0.0139
         Episode_Reward/motion_body_ori: 0.0100
     Episode_Reward/motion_body_lin_vel: 0.0110
     Episode_Reward/motion_body_ang_vel: 0.0095
          Episode_Reward/action_rate_l2: -0.0368
             Episode_Reward/joint_limit: -0.0003
         Episode_Reward/self_collisions: -0.0218
Episode_Reward/action_target_reference_l2: -0.0076
Episode_Reward/action_target_soft_limit_barrier: -0.0002
                   Episode_Reward/alive: 0.0622
 Episode_Reward/non_timeout_termination: -10.0000
Episode_Reward/worst_ee_z_normalized_squared: -0.0222
Episode_Reward/right_wrist_prethreshold_barrier: 0.0000
        Metrics/motion/error_anchor_pos: 0.0647
        Metrics/motion/error_anchor_rot: 0.1715
    Metrics/motion/error_anchor_lin_vel: 0.4850
    Metrics/motion/error_anchor_ang_vel: 1.0796
          Metrics/motion/error_body_pos: 0.2253
          Metrics/motion/error_body_rot: 0.3474
         Metrics/motion/error_joint_pos: 0.5913
         Metrics/motion/error_joint_vel: 5.7850
        Metrics/motion/sampling_entropy: 0.9468
      Metrics/motion/sampling_top1_prob: 0.0325
       Metrics/motion/sampling_top1_bin: 0.7311
      Metrics/motion/error_body_lin_vel: 0.5194
      Metrics/motion/error_body_ang_vel: 1.7034
           Episode_Termination/time_out: 0.0000
         Episode_Termination/anchor_pos: 0.0625
         Episode_Termination/anchor_ori: 0.0000
        Episode_Termination/ee_body_pos: 0.0000
Episode_Termination/corpus_clip_time_out: 0.0000
Episode_Termination/stage_one_actuation_guard: 4.1875
--------------------------------------------------------------------------------
                         Iteration time: 2.92s
                           Time elapsed: 00:01:10
                                    ETA: 00:04:09

################################################################################
[1m                           Learning iteration 22/100                            [0m 

                               Run name: breadth
                            Total steps: 11776 
                       Steps per second: 168 
                        Collection time: 1.643s 
                          Learning time: 1.401s 
                        Mean value loss: 4309.5631
                    Mean surrogate loss: -0.0207
                      Mean entropy loss: 10.5205
           Mean standing_retention loss: 0.0001
                            Mean reward: -97.71
                    Mean episode length: 6.98
                        Mean action std: 0.38
  Episode_Reward/motion_global_root_pos: 0.0055
  Episode_Reward/motion_global_root_ori: 0.0049
         Episode_Reward/motion_body_pos: 0.0114
         Episode_Reward/motion_body_ori: 0.0088
     Episode_Reward/motion_body_lin_vel: 0.0086
     Episode_Reward/motion_body_ang_vel: 0.0076
          Episode_Reward/action_rate_l2: -0.0306
             Episode_Reward/joint_limit: -0.0002
         Episode_Reward/self_collisions: -0.0143
Episode_Reward/action_target_reference_l2: -0.0052
Episode_Reward/action_target_soft_limit_barrier: -0.0002
                   Episode_Reward/alive: 0.0494
 Episode_Reward/non_timeout_termination: -9.8065
Episode_Reward/worst_ee_z_normalized_squared: -0.0147
Episode_Reward/right_wrist_prethreshold_barrier: -0.0000
        Metrics/motion/error_anchor_pos: 0.0582
        Metrics/motion/error_anchor_rot: 0.1611
    Metrics/motion/error_anchor_lin_vel: 0.5039
    Metrics/motion/error_anchor_ang_vel: 0.9785
          Metrics/motion/error_body_pos: 0.5824
          Metrics/motion/error_body_rot: 0.4200
         Metrics/motion/error_joint_pos: 0.5204
         Metrics/motion/error_joint_vel: 5.4620
        Metrics/motion/sampling_entropy: 0.9469
      Metrics/motion/sampling_top1_prob: 0.0331
       Metrics/motion/sampling_top1_bin: 0.7311
      Metrics/motion/error_body_lin_vel: 0.5481
      Metrics/motion/error_body_ang_vel: 1.6707
           Episode_Termination/time_out: 0.0000
         Episode_Termination/anchor_pos: 0.0000
         Episode_Termination/anchor_ori: 0.0000
        Episode_Termination/ee_body_pos: 0.0625
Episode_Termination/corpus_clip_time_out: 0.1875
Episode_Termination/stage_one_actuation_guard: 4.6875
--------------------------------------------------------------------------------
                         Iteration time: 3.04s
                           Time elapsed: 00:01:13
                                    ETA: 00:04:05

################################################################################
[1m                           Learning iteration 23/100                            [0m 

                               Run name: breadth
                            Total steps: 12288 
                       Steps per second: 182 
                        Collection time: 1.759s 
                          Learning time: 1.043s 
                        Mean value loss: 4260.6940
                    Mean surrogate loss: -0.0265
                      Mean entropy loss: 10.5205
           Mean standing_retention loss: 0.0002
                            Mean reward: -98.80
                    Mean episode length: 7.04
                        Mean action std: 0.38
  Episode_Reward/motion_global_root_pos: 0.0059
  Episode_Reward/motion_global_root_ori: 0.0049
         Episode_Reward/motion_body_pos: 0.0122
         Episode_Reward/motion_body_ori: 0.0089
     Episode_Reward/motion_body_lin_vel: 0.0099
     Episode_Reward/motion_body_ang_vel: 0.0085
          Episode_Reward/action_rate_l2: -0.0339
             Episode_Reward/joint_limit: -0.0001
         Episode_Reward/self_collisions: -0.0321
Episode_Reward/action_target_reference_l2: -0.0066
Episode_Reward/action_target_soft_limit_barrier: -0.0003
                   Episode_Reward/alive: 0.0541
 Episode_Reward/non_timeout_termination: -10.0000
Episode_Reward/worst_ee_z_normalized_squared: -0.0219
Episode_Reward/right_wrist_prethreshold_barrier: -0.0008
        Metrics/motion/error_anchor_pos: 0.0667
        Metrics/motion/error_anchor_rot: 0.1681
    Metrics/motion/error_anchor_lin_vel: 0.4602
    Metrics/motion/error_anchor_ang_vel: 1.0199
          Metrics/motion/error_body_pos: 0.3034
          Metrics/motion/error_body_rot: 0.4033
         Metrics/motion/error_joint_pos: 0.5329
         Metrics/motion/error_joint_vel: 5.7280
        Metrics/motion/sampling_entropy: 0.9467
      Metrics/motion/sampling_top1_prob: 0.0342
       Metrics/motion/sampling_top1_bin: 0.7311
      Metrics/motion/error_body_lin_vel: 0.5003
      Metrics/motion/error_body_ang_vel: 1.5936
           Episode_Termination/time_out: 0.0000
         Episode_Termination/anchor_pos: 0.0625
         Episode_Termination/anchor_ori: 0.0000
        Episode_Termination/ee_body_pos: 0.0625
Episode_Termination/corpus_clip_time_out: 0.0625
Episode_Termination/stage_one_actuation_guard: 4.2500
--------------------------------------------------------------------------------
                         Iteration time: 2.80s
                           Time elapsed: 00:01:16
                                    ETA: 00:04:01

################################################################################
[1m                           Learning iteration 24/100                            [0m 

                               Run name: breadth
                            Total steps: 12800 
                       Steps per second: 198 
                        Collection time: 1.601s 
                          Learning time: 0.981s 
                        Mean value loss: 4148.1844
                    Mean surrogate loss: -0.0213
                      Mean entropy loss: 10.5205
           Mean standing_retention loss: 0.0001
                            Mean reward: -99.81
                    Mean episode length: 6.97
                        Mean action std: 0.38
  Episode_Reward/motion_global_root_pos: 0.0063
  Episode_Reward/motion_global_root_ori: 0.0054
         Episode_Reward/motion_body_pos: 0.0131
         Episode_Reward/motion_body_ori: 0.0090
     Episode_Reward/motion_body_lin_vel: 0.0103
     Episode_Reward/motion_body_ang_vel: 0.0088
          Episode_Reward/action_rate_l2: -0.0335
             Episode_Reward/joint_limit: -0.0013
         Episode_Reward/self_collisions: -0.0163
Episode_Reward/action_target_reference_l2: -0.0075
Episode_Reward/action_target_soft_limit_barrier: -0.0002
                   Episode_Reward/alive: 0.0591
 Episode_Reward/non_timeout_termination: -10.0000
Episode_Reward/worst_ee_z_normalized_squared: -0.0287
Episode_Reward/right_wrist_prethreshold_barrier: -0.0066
        Metrics/motion/error_anchor_pos: 0.0619
        Metrics/motion/error_anchor_rot: 0.1811
    Metrics/motion/error_anchor_lin_vel: 0.5039
    Metrics/motion/error_anchor_ang_vel: 1.1335
          Metrics/motion/error_body_pos: 0.1915
          Metrics/motion/error_body_rot: 0.3076
         Metrics/motion/error_joint_pos: 0.5600
         Metrics/motion/error_joint_vel: 6.3752
        Metrics/motion/sampling_entropy: 0.9462
      Metrics/motion/sampling_top1_prob: 0.0347
       Metrics/motion/sampling_top1_bin: 0.7311
      Metrics/motion/error_body_lin_vel: 0.5549
      Metrics/motion/error_body_ang_vel: 1.8735
           Episode_Termination/time_out: 0.0000
         Episode_Termination/anchor_pos: 0.0000
         Episode_Termination/anchor_ori: 0.0000
        Episode_Termination/ee_body_pos: 0.1250
Episode_Termination/corpus_clip_time_out: 0.0000
Episode_Termination/stage_one_actuation_guard: 4.3125
--------------------------------------------------------------------------------
                         Iteration time: 2.58s
                           Time elapsed: 00:01:18
                                    ETA: 00:03:56

################################################################################
[1m                           Learning iteration 25/100                            [0m 

                               Run name: breadth
                            Total steps: 13312 
                       Steps per second: 175 
                        Collection time: 1.610s 
                          Learning time: 1.303s 
                        Mean value loss: 3029.6964
                    Mean surrogate loss: -0.0218
                      Mean entropy loss: 10.5205
           Mean standing_retention loss: 0.0002
                            Mean reward: -99.61
                    Mean episode length: 8.45
                        Mean action std: 0.38
  Episode_Reward/motion_global_root_pos: 0.0078
  Episode_Reward/motion_global_root_ori: 0.0070
         Episode_Reward/motion_body_pos: 0.0163
         Episode_Reward/motion_body_ori: 0.0114
     Episode_Reward/motion_body_lin_vel: 0.0136
     Episode_Reward/motion_body_ang_vel: 0.0118
          Episode_Reward/action_rate_l2: -0.0385
             Episode_Reward/joint_limit: -0.0011
         Episode_Reward/self_collisions: -0.0150
Episode_Reward/action_target_reference_l2: -0.0086
Episode_Reward/action_target_soft_limit_barrier: -0.0003
                   Episode_Reward/alive: 0.0757
 Episode_Reward/non_timeout_termination: -10.0000
Episode_Reward/worst_ee_z_normalized_squared: -0.0279
Episode_Reward/right_wrist_prethreshold_barrier: 0.0000
        Metrics/motion/error_anchor_pos: 0.0731
        Metrics/motion/error_anchor_rot: 0.1741
    Metrics/motion/error_anchor_lin_vel: 0.4589
    Metrics/motion/error_anchor_ang_vel: 1.0027
          Metrics/motion/error_body_pos: 0.2977
          Metrics/motion/error_body_rot: 0.4265
         Metrics/motion/error_joint_pos: 0.5161
         Metrics/motion/error_joint_vel: 4.6690
        Metrics/motion/sampling_entropy: 0.9463
      Metrics/motion/sampling_top1_prob: 0.0355
       Metrics/motion/sampling_top1_bin: 0.7311
      Metrics/motion/error_body_lin_vel: 0.5016
      Metrics/motion/error_body_ang_vel: 1.5676
           Episode_Termination/time_out: 0.0000
         Episode_Termination/anchor_pos: 0.0000
         Episode_Termination/anchor_ori: 0.0000
        Episode_Termination/ee_body_pos: 0.0625
Episode_Termination/corpus_clip_time_out: 0.0000
Episode_Termination/stage_one_actuation_guard: 3.3750
--------------------------------------------------------------------------------
                         Iteration time: 2.91s
                           Time elapsed: 00:01:21
                                    ETA: 00:03:52

################################################################################
[1m                           Learning iteration 26/100                            [0m 

                               Run name: breadth
                            Total steps: 13824 
                       Steps per second: 189 
                        Collection time: 1.596s 
                          Learning time: 1.110s 
                        Mean value loss: 4009.1903
                    Mean surrogate loss: -0.0198
                      Mean entropy loss: 10.5205
           Mean standing_retention loss: 0.0002
                            Mean reward: -98.64
                    Mean episode length: 8.52
                        Mean action std: 0.38
  Episode_Reward/motion_global_root_pos: 0.0090
  Episode_Reward/motion_global_root_ori: 0.0074
         Episode_Reward/motion_body_pos: 0.0185
         Episode_Reward/motion_body_ori: 0.0120
     Episode_Reward/motion_body_lin_vel: 0.0156
     Episode_Reward/motion_body_ang_vel: 0.0133
          Episode_Reward/action_rate_l2: -0.0414
             Episode_Reward/joint_limit: -0.0006
         Episode_Reward/self_collisions: -0.0287
Episode_Reward/action_target_reference_l2: -0.0111
Episode_Reward/action_target_soft_limit_barrier: -0.0002
                   Episode_Reward/alive: 0.0868
 Episode_Reward/non_timeout_termination: -9.8438
Episode_Reward/worst_ee_z_normalized_squared: -0.0412
Episode_Reward/right_wrist_prethreshold_barrier: -0.0000
        Metrics/motion/error_anchor_pos: 0.0685
        Metrics/motion/error_anchor_rot: 0.1831
    Metrics/motion/error_anchor_lin_vel: 0.4954
    Metrics/motion/error_anchor_ang_vel: 1.0610
          Metrics/motion/error_body_pos: 0.2533
          Metrics/motion/error_body_rot: 0.3474
         Metrics/motion/error_joint_pos: 0.6626
         Metrics/motion/error_joint_vel: 5.5315
        Metrics/motion/sampling_entropy: 0.9457
      Metrics/motion/sampling_top1_prob: 0.0369
       Metrics/motion/sampling_top1_bin: 0.7311
      Metrics/motion/error_body_lin_vel: 0.5144
      Metrics/motion/error_body_ang_vel: 1.6484
           Episode_Termination/time_out: 0.0000
         Episode_Termination/anchor_pos: 0.0000
         Episode_Termination/anchor_ori: 0.0000
        Episode_Termination/ee_body_pos: 0.0625
Episode_Termination/corpus_clip_time_out: 0.0625
Episode_Termination/stage_one_actuation_guard: 4.0000
--------------------------------------------------------------------------------
                         Iteration time: 2.71s
                           Time elapsed: 00:01:24
                                    ETA: 00:03:48

################################################################################
[1m                           Learning iteration 27/100                            [0m 

                               Run name: breadth
                            Total steps: 14336 
                       Steps per second: 201 
                        Collection time: 1.599s 
                          Learning time: 0.948s 
                        Mean value loss: 4047.9973
                    Mean surrogate loss: -0.0230
                      Mean entropy loss: 10.5205
           Mean standing_retention loss: 0.0001
                            Mean reward: -98.62
                    Mean episode length: 6.23
                        Mean action std: 0.38
  Episode_Reward/motion_global_root_pos: 0.0056
  Episode_Reward/motion_global_root_ori: 0.0051
         Episode_Reward/motion_body_pos: 0.0115
         Episode_Reward/motion_body_ori: 0.0088
     Episode_Reward/motion_body_lin_vel: 0.0091
     Episode_Reward/motion_body_ang_vel: 0.0082
          Episode_Reward/action_rate_l2: -0.0299
             Episode_Reward/joint_limit: -0.0013
         Episode_Reward/self_collisions: -0.0034
Episode_Reward/action_target_reference_l2: -0.0052
Episode_Reward/action_target_soft_limit_barrier: -0.0002
                   Episode_Reward/alive: 0.0498
 Episode_Reward/non_timeout_termination: -9.8438
Episode_Reward/worst_ee_z_normalized_squared: -0.0130
Episode_Reward/right_wrist_prethreshold_barrier: -0.0002
        Metrics/motion/error_anchor_pos: 0.0641
        Metrics/motion/error_anchor_rot: 0.1602
    Metrics/motion/error_anchor_lin_vel: 0.5169
    Metrics/motion/error_anchor_ang_vel: 1.0528
          Metrics/motion/error_body_pos: 0.2422
          Metrics/motion/error_body_rot: 0.2797
         Metrics/motion/error_joint_pos: 0.4854
         Metrics/motion/error_joint_vel: 6.2313
        Metrics/motion/sampling_entropy: 0.9453
      Metrics/motion/sampling_top1_prob: 0.0387
       Metrics/motion/sampling_top1_bin: 0.7311
      Metrics/motion/error_body_lin_vel: 0.5353
      Metrics/motion/error_body_ang_vel: 1.7312
           Episode_Termination/time_out: 0.0000
         Episode_Termination/anchor_pos: 0.0000
         Episode_Termination/anchor_ori: 0.0000
        Episode_Termination/ee_body_pos: 0.0000
Episode_Termination/corpus_clip_time_out: 0.0625
Episode_Termination/stage_one_actuation_guard: 4.6250
--------------------------------------------------------------------------------
                         Iteration time: 2.55s
                           Time elapsed: 00:01:26
                                    ETA: 00:03:43

################################################################################
[1m                           Learning iteration 28/100                            [0m 

                               Run name: breadth
                            Total steps: 14848 
                       Steps per second: 178 
                        Collection time: 1.597s 
                          Learning time: 1.275s 
                        Mean value loss: 4875.7639
                    Mean surrogate loss: -0.0234
                      Mean entropy loss: 10.5205
           Mean standing_retention loss: 0.0002
                            Mean reward: -96.84
                    Mean episode length: 6.03
                        Mean action std: 0.38
  Episode_Reward/motion_global_root_pos: 0.0055
  Episode_Reward/motion_global_root_ori: 0.0045
         Episode_Reward/motion_body_pos: 0.0113
         Episode_Reward/motion_body_ori: 0.0081
     Episode_Reward/motion_body_lin_vel: 0.0087
     Episode_Reward/motion_body_ang_vel: 0.0075
          Episode_Reward/action_rate_l2: -0.0318
             Episode_Reward/joint_limit: -0.0022
         Episode_Reward/self_collisions: -0.0117
Episode_Reward/action_target_reference_l2: -0.0061
Episode_Reward/action_target_soft_limit_barrier: -0.0002
                   Episode_Reward/alive: 0.0502
 Episode_Reward/non_timeout_termination: -9.8065
Episode_Reward/worst_ee_z_normalized_squared: -0.0251
Episode_Reward/right_wrist_prethreshold_barrier: -0.0021
        Metrics/motion/error_anchor_pos: 0.0614
        Metrics/motion/error_anchor_rot: 0.1806
    Metrics/motion/error_anchor_lin_vel: 0.4877
    Metrics/motion/error_anchor_ang_vel: 1.1185
          Metrics/motion/error_body_pos: 0.3506
          Metrics/motion/error_body_rot: 0.4061
         Metrics/motion/error_joint_pos: 0.5071
         Metrics/motion/error_joint_vel: 5.8787
        Metrics/motion/sampling_entropy: 0.9459
      Metrics/motion/sampling_top1_prob: 0.0390
       Metrics/motion/sampling_top1_bin: 0.7311
      Metrics/motion/error_body_lin_vel: 0.5542
      Metrics/motion/error_body_ang_vel: 1.7422
           Episode_Termination/time_out: 0.0000
         Episode_Termination/anchor_pos: 0.0625
         Episode_Termination/anchor_ori: 0.0000
        Episode_Termination/ee_body_pos: 0.0625
Episode_Termination/corpus_clip_time_out: 0.1875
Episode_Termination/stage_one_actuation_guard: 5.8750
--------------------------------------------------------------------------------
                         Iteration time: 2.87s
                           Time elapsed: 00:01:29
                                    ETA: 00:03:39

################################################################################
[1m                           Learning iteration 29/100                            [0m 

                               Run name: breadth
                            Total steps: 15360 
                       Steps per second: 174 
                        Collection time: 1.611s 
                          Learning time: 1.331s 
                        Mean value loss: 3873.1083
                    Mean surrogate loss: -0.0219
                      Mean entropy loss: 10.5205
           Mean standing_retention loss: 0.0002
                            Mean reward: -97.75
                    Mean episode length: 6.28
                        Mean action std: 0.38
  Episode_Reward/motion_global_root_pos: 0.0062
  Episode_Reward/motion_global_root_ori: 0.0051
         Episode_Reward/motion_body_pos: 0.0125
         Episode_Reward/motion_body_ori: 0.0090
     Episode_Reward/motion_body_lin_vel: 0.0100
     Episode_Reward/motion_body_ang_vel: 0.0087
          Episode_Reward/action_rate_l2: -0.0321
             Episode_Reward/joint_limit: -0.0007
         Episode_Reward/self_collisions: -0.0210
Episode_Reward/action_target_reference_l2: -0.0068
Episode_Reward/action_target_soft_limit_barrier: -0.0004
                   Episode_Reward/alive: 0.0553
 Episode_Reward/non_timeout_termination: -9.9306
Episode_Reward/worst_ee_z_normalized_squared: -0.0204
Episode_Reward/right_wrist_prethreshold_barrier: 0.0000
        Metrics/motion/error_anchor_pos: 0.0617
        Metrics/motion/error_anchor_rot: 0.1628
    Metrics/motion/error_anchor_lin_vel: 0.4902
    Metrics/motion/error_anchor_ang_vel: 1.1083
          Metrics/motion/error_body_pos: 0.2966
          Metrics/motion/error_body_rot: 0.3540
         Metrics/motion/error_joint_pos: 0.5116
         Metrics/motion/error_joint_vel: 5.7296
        Metrics/motion/sampling_entropy: 0.9457
      Metrics/motion/sampling_top1_prob: 0.0392
       Metrics/motion/sampling_top1_bin: 0.7311
      Metrics/motion/error_body_lin_vel: 0.5251
      Metrics/motion/error_body_ang_vel: 1.6833
           Episode_Termination/time_out: 0.0000
         Episode_Termination/anchor_pos: 0.0000
         Episode_Termination/anchor_ori: 0.0000
        Episode_Termination/ee_body_pos: 0.0000
Episode_Termination/corpus_clip_time_out: 0.0625
Episode_Termination/stage_one_actuation_guard: 4.6875
--------------------------------------------------------------------------------
                         Iteration time: 2.94s
                           Time elapsed: 00:01:32
                                    ETA: 00:03:36

################################################################################
[1m                           Learning iteration 30/100                            [0m 

                               Run name: breadth
                            Total steps: 15872 
                       Steps per second: 85 
                        Collection time: 4.660s 
                          Learning time: 1.328s 
                        Mean value loss: 4656.6735
                    Mean surrogate loss: -0.0211
                      Mean entropy loss: 10.5205
           Mean standing_retention loss: 0.0002
                            Mean reward: -99.76
                    Mean episode length: 6.52
                        Mean action std: 0.38
  Episode_Reward/motion_global_root_pos: 0.0058
  Episode_Reward/motion_global_root_ori: 0.0054
         Episode_Reward/motion_body_pos: 0.0123
         Episode_Reward/motion_body_ori: 0.0093
     Episode_Reward/motion_body_lin_vel: 0.0093
     Episode_Reward/motion_body_ang_vel: 0.0081
          Episode_Reward/action_rate_l2: -0.0334
             Episode_Reward/joint_limit: -0.0000
         Episode_Reward/self_collisions: -0.0217
Episode_Reward/action_target_reference_l2: -0.0062
Episode_Reward/action_target_soft_limit_barrier: -0.0003
                   Episode_Reward/alive: 0.0540
 Episode_Reward/non_timeout_termination: -10.0000
Episode_Reward/worst_ee_z_normalized_squared: -0.0160
Episode_Reward/right_wrist_prethreshold_barrier: 0.0000
        Metrics/motion/error_anchor_pos: 0.0669
        Metrics/motion/error_anchor_rot: 0.1642
    Metrics/motion/error_anchor_lin_vel: 0.4759
    Metrics/motion/error_anchor_ang_vel: 0.9520
          Metrics/motion/error_body_pos: 0.2793
          Metrics/motion/error_body_rot: 0.4023
         Metrics/motion/error_joint_pos: 0.5336
         Metrics/motion/error_joint_vel: 5.9260
        Metrics/motion/sampling_entropy: 0.9456
      Metrics/motion/sampling_top1_prob: 0.0393
       Metrics/motion/sampling_top1_bin: 0.7311
      Metrics/motion/error_body_lin_vel: 0.5400
      Metrics/motion/error_body_ang_vel: 1.7265
           Episode_Termination/time_out: 0.0000
         Episode_Termination/anchor_pos: 0.0000
         Episode_Termination/anchor_ori: 0.0000
        Episode_Termination/ee_body_pos: 0.0625
Episode_Termination/corpus_clip_time_out: 0.0000
Episode_Termination/stage_one_actuation_guard: 5.2500
--------------------------------------------------------------------------------
                         Iteration time: 5.99s
                           Time elapsed: 00:01:38
                                    ETA: 00:03:39

################################################################################
[1m                           Learning iteration 31/100                            [0m 

                               Run name: breadth
                            Total steps: 16384 
                       Steps per second: 179 
                        Collection time: 1.604s 
                          Learning time: 1.253s 
                        Mean value loss: 3896.9218
                    Mean surrogate loss: -0.0210
                      Mean entropy loss: 10.5205
           Mean standing_retention loss: 0.0003
                            Mean reward: -99.75
                    Mean episode length: 5.97
                        Mean action std: 0.38
  Episode_Reward/motion_global_root_pos: 0.0050
  Episode_Reward/motion_global_root_ori: 0.0044
         Episode_Reward/motion_body_pos: 0.0104
         Episode_Reward/motion_body_ori: 0.0080
     Episode_Reward/motion_body_lin_vel: 0.0086
     Episode_Reward/motion_body_ang_vel: 0.0073
          Episode_Reward/action_rate_l2: -0.0311
             Episode_Reward/joint_limit: -0.0003
         Episode_Reward/self_collisions: -0.0165
Episode_Reward/action_target_reference_l2: -0.0047
Episode_Reward/action_target_soft_limit_barrier: -0.0002
                   Episode_Reward/alive: 0.0440
 Episode_Reward/non_timeout_termination: -10.0000
Episode_Reward/worst_ee_z_normalized_squared: -0.0121
Episode_Reward/right_wrist_prethreshold_barrier: -0.0000
        Metrics/motion/error_anchor_pos: 0.0529
        Metrics/motion/error_anchor_rot: 0.1568
    Metrics/motion/error_anchor_lin_vel: 0.4125
    Metrics/motion/error_anchor_ang_vel: 0.9836
          Metrics/motion/error_body_pos: 0.3743
          Metrics/motion/error_body_rot: 0.3662
         Metrics/motion/error_joint_pos: 0.4690
         Metrics/motion/error_joint_vel: 5.1214
        Metrics/motion/sampling_entropy: 0.9450
      Metrics/motion/sampling_top1_prob: 0.0401
       Metrics/motion/sampling_top1_bin: 0.7311
      Metrics/motion/error_body_lin_vel: 0.4577
      Metrics/motion/error_body_ang_vel: 1.5753
           Episode_Termination/time_out: 0.0000
         Episode_Termination/anchor_pos: 0.0000
         Episode_Termination/anchor_ori: 0.0000
        Episode_Termination/ee_body_pos: 0.0000
Episode_Termination/corpus_clip_time_out: 0.0000
Episode_Termination/stage_one_actuation_guard: 4.9375
--------------------------------------------------------------------------------
                         Iteration time: 2.86s
                           Time elapsed: 00:01:41
                                    ETA: 00:03:35

################################################################################
[1m                           Learning iteration 32/100                            [0m 

                               Run name: breadth
                            Total steps: 16896 
                       Steps per second: 171 
                        Collection time: 1.660s 
                          Learning time: 1.327s 
                        Mean value loss: 4139.3143
                    Mean surrogate loss: -0.0166
                      Mean entropy loss: 10.5205
           Mean standing_retention loss: 0.0003
                            Mean reward: -98.85
                    Mean episode length: 6.01
                        Mean action std: 0.38
  Episode_Reward/motion_global_root_pos: 0.0062
  Episode_Reward/motion_global_root_ori: 0.0054
         Episode_Reward/motion_body_pos: 0.0129
         Episode_Reward/motion_body_ori: 0.0092
     Episode_Reward/motion_body_lin_vel: 0.0103
     Episode_Reward/motion_body_ang_vel: 0.0089
          Episode_Reward/action_rate_l2: -0.0327
             Episode_Reward/joint_limit: -0.0003
         Episode_Reward/self_collisions: -0.0310
Episode_Reward/action_target_reference_l2: -0.0069
Episode_Reward/action_target_soft_limit_barrier: -0.0003
                   Episode_Reward/alive: 0.0573
 Episode_Reward/non_timeout_termination: -9.8958
Episode_Reward/worst_ee_z_normalized_squared: -0.0199
Episode_Reward/right_wrist_prethreshold_barrier: -0.0000
        Metrics/motion/error_anchor_pos: 0.0636
        Metrics/motion/error_anchor_rot: 0.1591
    Metrics/motion/error_anchor_lin_vel: 0.5156
    Metrics/motion/error_anchor_ang_vel: 1.0822
          Metrics/motion/error_body_pos: 0.3546
          Metrics/motion/error_body_rot: 0.3661
         Metrics/motion/error_joint_pos: 0.5628
         Metrics/motion/error_joint_vel: 5.4421
        Metrics/motion/sampling_entropy: 0.9449
      Metrics/motion/sampling_top1_prob: 0.0400
       Metrics/motion/sampling_top1_bin: 0.7311
      Metrics/motion/error_body_lin_vel: 0.5333
      Metrics/motion/error_body_ang_vel: 1.6718
           Episode_Termination/time_out: 0.0000
         Episode_Termination/anchor_pos: 0.0000
         Episode_Termination/anchor_ori: 0.0000
        Episode_Termination/ee_body_pos: 0.0625
Episode_Termination/corpus_clip_time_out: 0.0625
Episode_Termination/stage_one_actuation_guard: 4.8125
--------------------------------------------------------------------------------
                         Iteration time: 2.99s
                           Time elapsed: 00:01:44
                                    ETA: 00:03:32

################################################################################
[1m                           Learning iteration 33/100                            [0m 

                               Run name: breadth
                            Total steps: 17408 
                       Steps per second: 172 
                        Collection time: 1.674s 
                          Learning time: 1.301s 
                        Mean value loss: 3923.6273
                    Mean surrogate loss: -0.0229
                      Mean entropy loss: 10.5205
           Mean standing_retention loss: 0.0003
                            Mean reward: -99.68
                    Mean episode length: 6.06
                        Mean action std: 0.38
  Episode_Reward/motion_global_root_pos: 0.0062
  Episode_Reward/motion_global_root_ori: 0.0055
         Episode_Reward/motion_body_pos: 0.0125
         Episode_Reward/motion_body_ori: 0.0100
     Episode_Reward/motion_body_lin_vel: 0.0097
     Episode_Reward/motion_body_ang_vel: 0.0085
          Episode_Reward/action_rate_l2: -0.0324
             Episode_Reward/joint_limit: -0.0008
         Episode_Reward/self_collisions: -0.0146
Episode_Reward/action_target_reference_l2: -0.0054
Episode_Reward/action_target_soft_limit_barrier: -0.0001
                   Episode_Reward/alive: 0.0552
 Episode_Reward/non_timeout_termination: -10.0000
Episode_Reward/worst_ee_z_normalized_squared: -0.0151
Episode_Reward/right_wrist_prethreshold_barrier: 0.0000
        Metrics/motion/error_anchor_pos: 0.0580
        Metrics/motion/error_anchor_rot: 0.1577
    Metrics/motion/error_anchor_lin_vel: 0.5437
    Metrics/motion/error_anchor_ang_vel: 0.9690
          Metrics/motion/error_body_pos: 0.3274
          Metrics/motion/error_body_rot: 0.3081
         Metrics/motion/error_joint_pos: 0.5071
         Metrics/motion/error_joint_vel: 6.3693
        Metrics/motion/sampling_entropy: 0.9453
      Metrics/motion/sampling_top1_prob: 0.0397
       Metrics/motion/sampling_top1_bin: 0.7311
      Metrics/motion/error_body_lin_vel: 0.5774
      Metrics/motion/error_body_ang_vel: 1.8805
           Episode_Termination/time_out: 0.0000
         Episode_Termination/anchor_pos: 0.0000
         Episode_Termination/anchor_ori: 0.0000
        Episode_Termination/ee_body_pos: 0.0625
Episode_Termination/corpus_clip_time_out: 0.0000
Episode_Termination/stage_one_actuation_guard: 4.6250
--------------------------------------------------------------------------------
                         Iteration time: 2.97s
                           Time elapsed: 00:01:47
                                    ETA: 00:03:28

################################################################################
[1m                           Learning iteration 34/100                            [0m 

                               Run name: breadth
                            Total steps: 17920 
                       Steps per second: 170 
                        Collection time: 1.710s 
                          Learning time: 1.301s 
                        Mean value loss: 3412.5244
                    Mean surrogate loss: -0.0158
                      Mean entropy loss: 10.5205
           Mean standing_retention loss: 0.0003
                            Mean reward: -99.68
                    Mean episode length: 6.46
                        Mean action std: 0.38
  Episode_Reward/motion_global_root_pos: 0.0060
  Episode_Reward/motion_global_root_ori: 0.0051
         Episode_Reward/motion_body_pos: 0.0122
         Episode_Reward/motion_body_ori: 0.0096
     Episode_Reward/motion_body_lin_vel: 0.0098
     Episode_Reward/motion_body_ang_vel: 0.0083
          Episode_Reward/action_rate_l2: -0.0303
             Episode_Reward/joint_limit: -0.0007
         Episode_Reward/self_collisions: -0.0277
Episode_Reward/action_target_reference_l2: -0.0053
Episode_Reward/action_target_soft_limit_barrier: -0.0003
                   Episode_Reward/alive: 0.0530
 Episode_Reward/non_timeout_termination: -10.0000
Episode_Reward/worst_ee_z_normalized_squared: -0.0135
Episode_Reward/right_wrist_prethreshold_barrier: 0.0000
        Metrics/motion/error_anchor_pos: 0.0585
        Metrics/motion/error_anchor_rot: 0.1588
    Metrics/motion/error_anchor_lin_vel: 0.4572
    Metrics/motion/error_anchor_ang_vel: 1.0750
          Metrics/motion/error_body_pos: 0.1816
          Metrics/motion/error_body_rot: 0.3520
         Metrics/motion/error_joint_pos: 0.5792
         Metrics/motion/error_joint_vel: 5.0905
        Metrics/motion/sampling_entropy: 0.9454
      Metrics/motion/sampling_top1_prob: 0.0416
       Metrics/motion/sampling_top1_bin: 0.7311
      Metrics/motion/error_body_lin_vel: 0.5025
      Metrics/motion/error_body_ang_vel: 1.5748
           Episode_Termination/time_out: 0.0000
         Episode_Termination/anchor_pos: 0.0000
         Episode_Termination/anchor_ori: 0.0000
        Episode_Termination/ee_body_pos: 0.0000
Episode_Termination/corpus_clip_time_out: 0.0000
Episode_Termination/stage_one_actuation_guard: 4.2500
--------------------------------------------------------------------------------
                         Iteration time: 3.01s
                           Time elapsed: 00:01:50
                                    ETA: 00:03:25

################################################################################
[1m                           Learning iteration 35/100                            [0m 

                               Run name: breadth
                            Total steps: 18432 
                       Steps per second: 186 
                        Collection time: 1.603s 
                          Learning time: 1.137s 
                        Mean value loss: 3815.2747
                    Mean surrogate loss: -0.0211
                      Mean entropy loss: 10.5205
           Mean standing_retention loss: 0.0003
                            Mean reward: -99.79
                    Mean episode length: 8.25
                        Mean action std: 0.38
  Episode_Reward/motion_global_root_pos: 0.0091
  Episode_Reward/motion_global_root_ori: 0.0075
         Episode_Reward/motion_body_pos: 0.0193
         Episode_Reward/motion_body_ori: 0.0127
     Episode_Reward/motion_body_lin_vel: 0.0164
     Episode_Reward/motion_body_ang_vel: 0.0142
          Episode_Reward/action_rate_l2: -0.0441
             Episode_Reward/joint_limit: -0.0007
         Episode_Reward/self_collisions: -0.0568
Episode_Reward/action_target_reference_l2: -0.0115
Episode_Reward/action_target_soft_limit_barrier: -0.0005
                   Episode_Reward/alive: 0.0912
 Episode_Reward/non_timeout_termination: -10.0000
Episode_Reward/worst_ee_z_normalized_squared: -0.0448
Episode_Reward/right_wrist_prethreshold_barrier: -0.0001
        Metrics/motion/error_anchor_pos: 0.0787
        Metrics/motion/error_anchor_rot: 0.1831
    Metrics/motion/error_anchor_lin_vel: 0.4846
    Metrics/motion/error_anchor_ang_vel: 0.9912
          Metrics/motion/error_body_pos: 0.3535
          Metrics/motion/error_body_rot: 0.3704
         Metrics/motion/error_joint_pos: 0.6673
         Metrics/motion/error_joint_vel: 5.7914
        Metrics/motion/sampling_entropy: 0.9452
      Metrics/motion/sampling_top1_prob: 0.0427
       Metrics/motion/sampling_top1_bin: 0.7311
      Metrics/motion/error_body_lin_vel: 0.5070
      Metrics/motion/error_body_ang_vel: 1.6436
           Episode_Termination/time_out: 0.0000
         Episode_Termination/anchor_pos: 0.0000
         Episode_Termination/anchor_ori: 0.0000
        Episode_Termination/ee_body_pos: 0.0625
Episode_Termination/corpus_clip_time_out: 0.0000
Episode_Termination/stage_one_actuation_guard: 3.9375
--------------------------------------------------------------------------------
                         Iteration time: 2.74s
                           Time elapsed: 00:01:53
                                    ETA: 00:03:21

################################################################################
[1m                           Learning iteration 36/100                            [0m 

                               Run name: breadth
                            Total steps: 18944 
                       Steps per second: 194 
                        Collection time: 1.614s 
                          Learning time: 1.019s 
                        Mean value loss: 4849.7094
                    Mean surrogate loss: -0.0199
                      Mean entropy loss: 10.5205
           Mean standing_retention loss: 0.0004
                            Mean reward: -99.64
                    Mean episode length: 8.39
                        Mean action std: 0.38
  Episode_Reward/motion_global_root_pos: 0.0087
  Episode_Reward/motion_global_root_ori: 0.0082
         Episode_Reward/motion_body_pos: 0.0181
         Episode_Reward/motion_body_ori: 0.0129
     Episode_Reward/motion_body_lin_vel: 0.0153
     Episode_Reward/motion_body_ang_vel: 0.0129
          Episode_Reward/action_rate_l2: -0.0416
             Episode_Reward/joint_limit: -0.0006
         Episode_Reward/self_collisions: -0.0301
Episode_Reward/action_target_reference_l2: -0.0091
Episode_Reward/action_target_soft_limit_barrier: -0.0004
                   Episode_Reward/alive: 0.0837
 Episode_Reward/non_timeout_termination: -10.0000
Episode_Reward/worst_ee_z_normalized_squared: -0.0205
Episode_Reward/right_wrist_prethreshold_barrier: 0.0000
        Metrics/motion/error_anchor_pos: 0.0702
        Metrics/motion/error_anchor_rot: 0.1532
    Metrics/motion/error_anchor_lin_vel: 0.4492
    Metrics/motion/error_anchor_ang_vel: 1.1135
          Metrics/motion/error_body_pos: 0.5596
          Metrics/motion/error_body_rot: 0.3907
         Metrics/motion/error_joint_pos: 0.5986
         Metrics/motion/error_joint_vel: 5.5487
        Metrics/motion/sampling_entropy: 0.9448
      Metrics/motion/sampling_top1_prob: 0.0423
       Metrics/motion/sampling_top1_bin: 0.7311
      Metrics/motion/error_body_lin_vel: 0.4881
      Metrics/motion/error_body_ang_vel: 1.7086
           Episode_Termination/time_out: 0.0000
         Episode_Termination/anchor_pos: 0.0000
         Episode_Termination/anchor_ori: 0.0000
        Episode_Termination/ee_body_pos: 0.0000
Episode_Termination/corpus_clip_time_out: 0.0000
Episode_Termination/stage_one_actuation_guard: 4.8125
--------------------------------------------------------------------------------
                         Iteration time: 2.63s
                           Time elapsed: 00:01:55
                                    ETA: 00:03:17

################################################################################
[1m                           Learning iteration 37/100                            [0m 

                               Run name: breadth
                            Total steps: 19456 
                       Steps per second: 201 
                        Collection time: 1.597s 
                          Learning time: 0.949s 
                        Mean value loss: 3907.6790
                    Mean surrogate loss: -0.0222
                      Mean entropy loss: 10.5205
           Mean standing_retention loss: 0.0004
                            Mean reward: -99.66
                    Mean episode length: 6.70
                        Mean action std: 0.38
  Episode_Reward/motion_global_root_pos: 0.0059
  Episode_Reward/motion_global_root_ori: 0.0053
         Episode_Reward/motion_body_pos: 0.0122
         Episode_Reward/motion_body_ori: 0.0093
     Episode_Reward/motion_body_lin_vel: 0.0094
     Episode_Reward/motion_body_ang_vel: 0.0082
          Episode_Reward/action_rate_l2: -0.0322
             Episode_Reward/joint_limit: -0.0013
         Episode_Reward/self_collisions: -0.0107
Episode_Reward/action_target_reference_l2: -0.0054
Episode_Reward/action_target_soft_limit_barrier: -0.0004
                   Episode_Reward/alive: 0.0534
 Episode_Reward/non_timeout_termination: -10.0000
Episode_Reward/worst_ee_z_normalized_squared: -0.0150
Episode_Reward/right_wrist_prethreshold_barrier: 0.0000
        Metrics/motion/error_anchor_pos: 0.0680
        Metrics/motion/error_anchor_rot: 0.1619
    Metrics/motion/error_anchor_lin_vel: 0.4862
    Metrics/motion/error_anchor_ang_vel: 1.1972
          Metrics/motion/error_body_pos: 0.1978
          Metrics/motion/error_body_rot: 0.3199
         Metrics/motion/error_joint_pos: 0.5565
         Metrics/motion/error_joint_vel: 5.9927
        Metrics/motion/sampling_entropy: 0.9455
      Metrics/motion/sampling_top1_prob: 0.0418
       Metrics/motion/sampling_top1_bin: 0.7311
      Metrics/motion/error_body_lin_vel: 0.5276
      Metrics/motion/error_body_ang_vel: 1.7608
           Episode_Termination/time_out: 0.0000
         Episode_Termination/anchor_pos: 0.0625
         Episode_Termination/anchor_ori: 0.0000
        Episode_Termination/ee_body_pos: 0.0625
Episode_Termination/corpus_clip_time_out: 0.1250
Episode_Termination/stage_one_actuation_guard: 4.1250
--------------------------------------------------------------------------------
                         Iteration time: 2.55s
                           Time elapsed: 00:01:58
                                    ETA: 00:03:13

################################################################################
[1m                           Learning iteration 38/100                            [0m 

                               Run name: breadth
                            Total steps: 19968 
                       Steps per second: 174 
                        Collection time: 2.097s 
                          Learning time: 0.840s 
                        Mean value loss: 3957.6867
                    Mean surrogate loss: -0.0200
                      Mean entropy loss: 10.5205
           Mean standing_retention loss: 0.0004
                            Mean reward: -98.60
                    Mean episode length: 6.06
                        Mean action std: 0.38
  Episode_Reward/motion_global_root_pos: 0.0053
  Episode_Reward/motion_global_root_ori: 0.0047
         Episode_Reward/motion_body_pos: 0.0107
         Episode_Reward/motion_body_ori: 0.0084
     Episode_Reward/motion_body_lin_vel: 0.0086
     Episode_Reward/motion_body_ang_vel: 0.0074
          Episode_Reward/action_rate_l2: -0.0312
             Episode_Reward/joint_limit: -0.0003
         Episode_Reward/self_collisions: -0.0082
Episode_Reward/action_target_reference_l2: -0.0043
Episode_Reward/action_target_soft_limit_barrier: -0.0001
                   Episode_Reward/alive: 0.0451
 Episode_Reward/non_timeout_termination: -9.8750
Episode_Reward/worst_ee_z_normalized_squared: -0.0065
Episode_Reward/right_wrist_prethreshold_barrier: 0.0000
        Metrics/motion/error_anchor_pos: 0.0542
        Metrics/motion/error_anchor_rot: 0.1372
    Metrics/motion/error_anchor_lin_vel: 0.4622
    Metrics/motion/error_anchor_ang_vel: 0.9627
          Metrics/motion/error_body_pos: 0.3646
          Metrics/motion/error_body_rot: 0.3362
         Metrics/motion/error_joint_pos: 0.4490
         Metrics/motion/error_joint_vel: 4.9225
        Metrics/motion/sampling_entropy: 0.9462
      Metrics/motion/sampling_top1_prob: 0.0418
       Metrics/motion/sampling_top1_bin: 0.7311
      Metrics/motion/error_body_lin_vel: 0.4837
      Metrics/motion/error_body_ang_vel: 1.5362
           Episode_Termination/time_out: 0.0000
         Episode_Termination/anchor_pos: 0.0000
         Episode_Termination/anchor_ori: 0.0000
        Episode_Termination/ee_body_pos: 0.0000
Episode_Termination/corpus_clip_time_out: 0.0625
Episode_Termination/stage_one_actuation_guard: 5.0625
--------------------------------------------------------------------------------
                         Iteration time: 2.94s
                           Time elapsed: 00:02:01
                                    ETA: 00:03:09

################################################################################
[1m                           Learning iteration 39/100                            [0m 

                               Run name: breadth
                            Total steps: 20480 
                       Steps per second: 194 
                        Collection time: 1.611s 
                          Learning time: 1.024s 
                        Mean value loss: 3744.3181
                    Mean surrogate loss: -0.0174
                      Mean entropy loss: 10.5205
           Mean standing_retention loss: 0.0003
                            Mean reward: -98.61
                    Mean episode length: 6.76
                        Mean action std: 0.38
  Episode_Reward/motion_global_root_pos: 0.0071
  Episode_Reward/motion_global_root_ori: 0.0062
         Episode_Reward/motion_body_pos: 0.0145
         Episode_Reward/motion_body_ori: 0.0108
     Episode_Reward/motion_body_lin_vel: 0.0114
     Episode_Reward/motion_body_ang_vel: 0.0098
          Episode_Reward/action_rate_l2: -0.0390
             Episode_Reward/joint_limit: -0.0016
         Episode_Reward/self_collisions: -0.0204
Episode_Reward/action_target_reference_l2: -0.0071
Episode_Reward/action_target_soft_limit_barrier: -0.0003
                   Episode_Reward/alive: 0.0660
 Episode_Reward/non_timeout_termination: -9.8750
Episode_Reward/worst_ee_z_normalized_squared: -0.0170
Episode_Reward/right_wrist_prethreshold_barrier: -0.0010
        Metrics/motion/error_anchor_pos: 0.0672
        Metrics/motion/error_anchor_rot: 0.1604
    Metrics/motion/error_anchor_lin_vel: 0.4911
    Metrics/motion/error_anchor_ang_vel: 1.1341
          Metrics/motion/error_body_pos: 0.3154
          Metrics/motion/error_body_rot: 0.3461
         Metrics/motion/error_joint_pos: 0.5900
         Metrics/motion/error_joint_vel: 6.2373
        Metrics/motion/sampling_entropy: 0.9466
      Metrics/motion/sampling_top1_prob: 0.0410
       Metrics/motion/sampling_top1_bin: 0.7311
      Metrics/motion/error_body_lin_vel: 0.5182
      Metrics/motion/error_body_ang_vel: 1.7859
           Episode_Termination/time_out: 0.0000
         Episode_Termination/anchor_pos: 0.0625
         Episode_Termination/anchor_ori: 0.0000
        Episode_Termination/ee_body_pos: 0.0000
Episode_Termination/corpus_clip_time_out: 0.0625
Episode_Termination/stage_one_actuation_guard: 3.8750
--------------------------------------------------------------------------------
                         Iteration time: 2.64s
                           Time elapsed: 00:02:04
                                    ETA: 00:03:06

################################################################################
[1m                           Learning iteration 40/100                            [0m 

                               Run name: breadth
                            Total steps: 20992 
                       Steps per second: 204 
                        Collection time: 1.691s 
                          Learning time: 0.817s 
                        Mean value loss: 3679.3932
                    Mean surrogate loss: -0.0215
                      Mean entropy loss: 10.5205
           Mean standing_retention loss: 0.0004
                            Mean reward: -99.59
                    Mean episode length: 7.35
                        Mean action std: 0.38
  Episode_Reward/motion_global_root_pos: 0.0066
  Episode_Reward/motion_global_root_ori: 0.0058
         Episode_Reward/motion_body_pos: 0.0138
         Episode_Reward/motion_body_ori: 0.0098
     Episode_Reward/motion_body_lin_vel: 0.0111
     Episode_Reward/motion_body_ang_vel: 0.0096
          Episode_Reward/action_rate_l2: -0.0331
             Episode_Reward/joint_limit: -0.0002
         Episode_Reward/self_collisions: -0.0161
Episode_Reward/action_target_reference_l2: -0.0076
Episode_Reward/action_target_soft_limit_barrier: -0.0003
                   Episode_Reward/alive: 0.0621
 Episode_Reward/non_timeout_termination: -10.0000
Episode_Reward/worst_ee_z_normalized_squared: -0.0231
Episode_Reward/right_wrist_prethreshold_barrier: -0.0000
        Metrics/motion/error_anchor_pos: 0.0687
        Metrics/motion/error_anchor_rot: 0.1657
    Metrics/motion/error_anchor_lin_vel: 0.4620
    Metrics/motion/error_anchor_ang_vel: 1.0675
          Metrics/motion/error_body_pos: 0.3161
          Metrics/motion/error_body_rot: 0.2820
         Metrics/motion/error_joint_pos: 0.5706
         Metrics/motion/error_joint_vel: 6.2662
        Metrics/motion/sampling_entropy: 0.9464
      Metrics/motion/sampling_top1_prob: 0.0402
       Metrics/motion/sampling_top1_bin: 0.7311
      Metrics/motion/error_body_lin_vel: 0.5220
      Metrics/motion/error_body_ang_vel: 1.8068
           Episode_Termination/time_out: 0.0000
         Episode_Termination/anchor_pos: 0.0000
         Episode_Termination/anchor_ori: 0.0000
        Episode_Termination/ee_body_pos: 0.0000
Episode_Termination/corpus_clip_time_out: 0.0000
Episode_Termination/stage_one_actuation_guard: 4.1250
--------------------------------------------------------------------------------
                         Iteration time: 2.51s
                           Time elapsed: 00:02:06
                                    ETA: 00:03:02

################################################################################
[1m                           Learning iteration 41/100                            [0m 

                               Run name: breadth
                            Total steps: 21504 
                       Steps per second: 199 
                        Collection time: 1.605s 
                          Learning time: 0.957s 
                        Mean value loss: 3156.6803
                    Mean surrogate loss: -0.0248
                      Mean entropy loss: 10.5205
           Mean standing_retention loss: 0.0004
                            Mean reward: -98.68
                    Mean episode length: 6.84
                        Mean action std: 0.38
  Episode_Reward/motion_global_root_pos: 0.0070
  Episode_Reward/motion_global_root_ori: 0.0059
         Episode_Reward/motion_body_pos: 0.0147
         Episode_Reward/motion_body_ori: 0.0104
     Episode_Reward/motion_body_lin_vel: 0.0118
     Episode_Reward/motion_body_ang_vel: 0.0100
          Episode_Reward/action_rate_l2: -0.0350
             Episode_Reward/joint_limit: -0.0001
         Episode_Reward/self_collisions: -0.0273
Episode_Reward/action_target_reference_l2: -0.0084
Episode_Reward/action_target_soft_limit_barrier: -0.0004
                   Episode_Reward/alive: 0.0670
 Episode_Reward/non_timeout_termination: -9.7619
Episode_Reward/worst_ee_z_normalized_squared: -0.0284
Episode_Reward/right_wrist_prethreshold_barrier: 0.0000
        Metrics/motion/error_anchor_pos: 0.0722
        Metrics/motion/error_anchor_rot: 0.1687
    Metrics/motion/error_anchor_lin_vel: 0.4579
    Metrics/motion/error_anchor_ang_vel: 1.0542
          Metrics/motion/error_body_pos: 0.2680
          Metrics/motion/error_body_rot: 0.3888
         Metrics/motion/error_joint_pos: 0.6099
         Metrics/motion/error_joint_vel: 5.6323
        Metrics/motion/sampling_entropy: 0.9467
      Metrics/motion/sampling_top1_prob: 0.0397
       Metrics/motion/sampling_top1_bin: 0.7311
      Metrics/motion/error_body_lin_vel: 0.5149
      Metrics/motion/error_body_ang_vel: 1.7271
           Episode_Termination/time_out: 0.0000
         Episode_Termination/anchor_pos: 0.0714
         Episode_Termination/anchor_ori: 0.0000
        Episode_Termination/ee_body_pos: 0.0714
Episode_Termination/corpus_clip_time_out: 0.0714
Episode_Termination/stage_one_actuation_guard: 3.7143
--------------------------------------------------------------------------------
                         Iteration time: 2.56s
                           Time elapsed: 00:02:09
                                    ETA: 00:02:58

################################################################################
[1m                           Learning iteration 42/100                            [0m 

                               Run name: breadth
                            Total steps: 22016 
                       Steps per second: 210 
                        Collection time: 1.597s 
                          Learning time: 0.833s 
                        Mean value loss: 3986.5759
                    Mean surrogate loss: -0.0269
                      Mean entropy loss: 10.5205
           Mean standing_retention loss: 0.0005
                            Mean reward: -99.09
                    Mean episode length: 9.90
                        Mean action std: 0.38
  Episode_Reward/motion_global_root_pos: 0.0102
  Episode_Reward/motion_global_root_ori: 0.0076
         Episode_Reward/motion_body_pos: 0.0209
         Episode_Reward/motion_body_ori: 0.0126
     Episode_Reward/motion_body_lin_vel: 0.0184
     Episode_Reward/motion_body_ang_vel: 0.0155
          Episode_Reward/action_rate_l2: -0.0472
             Episode_Reward/joint_limit: -0.0004
         Episode_Reward/self_collisions: -0.0569
Episode_Reward/action_target_reference_l2: -0.0139
Episode_Reward/action_target_soft_limit_barrier: -0.0006
                   Episode_Reward/alive: 0.1013
 Episode_Reward/non_timeout_termination: -10.0000
Episode_Reward/worst_ee_z_normalized_squared: -0.0610
Episode_Reward/right_wrist_prethreshold_barrier: -0.0327
        Metrics/motion/error_anchor_pos: 0.0723
        Metrics/motion/error_anchor_rot: 0.1996
    Metrics/motion/error_anchor_lin_vel: 0.4435
    Metrics/motion/error_anchor_ang_vel: 0.9614
          Metrics/motion/error_body_pos: 0.2398
          Metrics/motion/error_body_rot: 0.3298
         Metrics/motion/error_joint_pos: 0.6148
         Metrics/motion/error_joint_vel: 5.2297
        Metrics/motion/sampling_entropy: 0.9470
      Metrics/motion/sampling_top1_prob: 0.0398
       Metrics/motion/sampling_top1_bin: 0.7311
      Metrics/motion/error_body_lin_vel: 0.4805
      Metrics/motion/error_body_ang_vel: 1.7125
           Episode_Termination/time_out: 0.0000
         Episode_Termination/anchor_pos: 0.0000
         Episode_Termination/anchor_ori: 0.0000
        Episode_Termination/ee_body_pos: 0.0625
Episode_Termination/corpus_clip_time_out: 0.0000
Episode_Termination/stage_one_actuation_guard: 4.1250
--------------------------------------------------------------------------------
                         Iteration time: 2.43s
                           Time elapsed: 00:02:11
                                    ETA: 00:02:54

################################################################################
[1m                           Learning iteration 43/100                            [0m 

                               Run name: breadth
                            Total steps: 22528 
                       Steps per second: 206 
                        Collection time: 1.646s 
                          Learning time: 0.831s 
                        Mean value loss: 4173.3342
                    Mean surrogate loss: -0.0193
                      Mean entropy loss: 10.5205
           Mean standing_retention loss: 0.0005
                            Mean reward: -98.75
                    Mean episode length: 5.65
                        Mean action std: 0.38
  Episode_Reward/motion_global_root_pos: 0.0046
  Episode_Reward/motion_global_root_ori: 0.0041
         Episode_Reward/motion_body_pos: 0.0094
         Episode_Reward/motion_body_ori: 0.0075
     Episode_Reward/motion_body_lin_vel: 0.0073
     Episode_Reward/motion_body_ang_vel: 0.0063
          Episode_Reward/action_rate_l2: -0.0282
             Episode_Reward/joint_limit: -0.0005
         Episode_Reward/self_collisions: -0.0104
Episode_Reward/action_target_reference_l2: -0.0039
Episode_Reward/action_target_soft_limit_barrier: -0.0002
                   Episode_Reward/alive: 0.0388
 Episode_Reward/non_timeout_termination: -9.9219
Episode_Reward/worst_ee_z_normalized_squared: -0.0107
Episode_Reward/right_wrist_prethreshold_barrier: -0.0002
        Metrics/motion/error_anchor_pos: 0.0573
        Metrics/motion/error_anchor_rot: 0.1410
    Metrics/motion/error_anchor_lin_vel: 0.4971
    Metrics/motion/error_anchor_ang_vel: 0.9564
          Metrics/motion/error_body_pos: 0.2891
          Metrics/motion/error_body_rot: 0.3790
         Metrics/motion/error_joint_pos: 0.4461
         Metrics/motion/error_joint_vel: 5.5361
        Metrics/motion/sampling_entropy: 0.9476
      Metrics/motion/sampling_top1_prob: 0.0403
       Metrics/motion/sampling_top1_bin: 0.7311
      Metrics/motion/error_body_lin_vel: 0.5137
      Metrics/motion/error_body_ang_vel: 1.6457
           Episode_Termination/time_out: 0.0000
         Episode_Termination/anchor_pos: 0.0000
         Episode_Termination/anchor_ori: 0.0000
        Episode_Termination/ee_body_pos: 0.0000
Episode_Termination/corpus_clip_time_out: 0.0625
Episode_Termination/stage_one_actuation_guard: 5.5625
--------------------------------------------------------------------------------
                         Iteration time: 2.48s
                           Time elapsed: 00:02:14
                                    ETA: 00:02:50

################################################################################
[1m                           Learning iteration 44/100                            [0m 

                               Run name: breadth
                            Total steps: 23040 
                       Steps per second: 212 
                        Collection time: 1.604s 
                          Learning time: 0.810s 
                        Mean value loss: 4009.7540
                    Mean surrogate loss: -0.0262
                      Mean entropy loss: 10.5205
           Mean standing_retention loss: 0.0005
                            Mean reward: -98.51
                    Mean episode length: 6.51
                        Mean action std: 0.38
  Episode_Reward/motion_global_root_pos: 0.0060
  Episode_Reward/motion_global_root_ori: 0.0054
         Episode_Reward/motion_body_pos: 0.0123
         Episode_Reward/motion_body_ori: 0.0095
     Episode_Reward/motion_body_lin_vel: 0.0098
     Episode_Reward/motion_body_ang_vel: 0.0085
          Episode_Reward/action_rate_l2: -0.0329
             Episode_Reward/joint_limit: -0.0006
         Episode_Reward/self_collisions: -0.0080
Episode_Reward/action_target_reference_l2: -0.0055
Episode_Reward/action_target_soft_limit_barrier: -0.0001
                   Episode_Reward/alive: 0.0538
 Episode_Reward/non_timeout_termination: -10.0000
Episode_Reward/worst_ee_z_normalized_squared: -0.0098
Episode_Reward/right_wrist_prethreshold_barrier: 0.0000
        Metrics/motion/error_anchor_pos: 0.0590
        Metrics/motion/error_anchor_rot: 0.1400
    Metrics/motion/error_anchor_lin_vel: 0.4948
    Metrics/motion/error_anchor_ang_vel: 0.9596
          Metrics/motion/error_body_pos: 0.3408
          Metrics/motion/error_body_rot: 0.3948
         Metrics/motion/error_joint_pos: 0.4934
         Metrics/motion/error_joint_vel: 5.3264
        Metrics/motion/sampling_entropy: 0.9477
      Metrics/motion/sampling_top1_prob: 0.0410
       Metrics/motion/sampling_top1_bin: 0.7311
      Metrics/motion/error_body_lin_vel: 0.5482
      Metrics/motion/error_body_ang_vel: 1.5537
           Episode_Termination/time_out: 0.0000
         Episode_Termination/anchor_pos: 0.0000
         Episode_Termination/anchor_ori: 0.0000
        Episode_Termination/ee_body_pos: 0.0000
Episode_Termination/corpus_clip_time_out: 0.0000
Episode_Termination/stage_one_actuation_guard: 5.2500
--------------------------------------------------------------------------------
                         Iteration time: 2.41s
                           Time elapsed: 00:02:16
                                    ETA: 00:02:46

################################################################################
[1m                           Learning iteration 45/100                            [0m 

                               Run name: breadth
                            Total steps: 23552 
                       Steps per second: 188 
                        Collection time: 1.646s 
                          Learning time: 1.070s 
                        Mean value loss: 4732.4633
                    Mean surrogate loss: -0.0208
                      Mean entropy loss: 10.5205
           Mean standing_retention loss: 0.0005
                            Mean reward: -99.76
                    Mean episode length: 5.71
                        Mean action std: 0.38
  Episode_Reward/motion_global_root_pos: 0.0049
  Episode_Reward/motion_global_root_ori: 0.0044
         Episode_Reward/motion_body_pos: 0.0101
         Episode_Reward/motion_body_ori: 0.0078
     Episode_Reward/motion_body_lin_vel: 0.0077
     Episode_Reward/motion_body_ang_vel: 0.0065
          Episode_Reward/action_rate_l2: -0.0303
             Episode_Reward/joint_limit: -0.0002
         Episode_Reward/self_collisions: -0.0134
Episode_Reward/action_target_reference_l2: -0.0046
Episode_Reward/action_target_soft_limit_barrier: -0.0002
                   Episode_Reward/alive: 0.0423
 Episode_Reward/non_timeout_termination: -10.0000
Episode_Reward/worst_ee_z_normalized_squared: -0.0124
Episode_Reward/right_wrist_prethreshold_barrier: 0.0000
        Metrics/motion/error_anchor_pos: 0.0588
        Metrics/motion/error_anchor_rot: 0.1493
    Metrics/motion/error_anchor_lin_vel: 0.4700
    Metrics/motion/error_anchor_ang_vel: 1.0660
          Metrics/motion/error_body_pos: 0.4801
          Metrics/motion/error_body_rot: 0.3750
         Metrics/motion/error_joint_pos: 0.5012
         Metrics/motion/error_joint_vel: 5.6427
        Metrics/motion/sampling_entropy: 0.9467
      Metrics/motion/sampling_top1_prob: 0.0418
       Metrics/motion/sampling_top1_bin: 0.7311
      Metrics/motion/error_body_lin_vel: 0.5145
      Metrics/motion/error_body_ang_vel: 1.7425
           Episode_Termination/time_out: 0.0000
         Episode_Termination/anchor_pos: 0.0000
         Episode_Termination/anchor_ori: 0.0000
        Episode_Termination/ee_body_pos: 0.0000
Episode_Termination/corpus_clip_time_out: 0.0000
Episode_Termination/stage_one_actuation_guard: 6.1250
--------------------------------------------------------------------------------
                         Iteration time: 2.72s
                           Time elapsed: 00:02:19
                                    ETA: 00:02:43

################################################################################
[1m                           Learning iteration 46/100                            [0m 

                               Run name: breadth
                            Total steps: 24064 
                       Steps per second: 191 
                        Collection time: 1.669s 
                          Learning time: 1.007s 
                        Mean value loss: 4166.6666
                    Mean surrogate loss: -0.0199
                      Mean entropy loss: 10.5205
           Mean standing_retention loss: 0.0005
                            Mean reward: -98.69
                    Mean episode length: 5.99
                        Mean action std: 0.38
  Episode_Reward/motion_global_root_pos: 0.0057
  Episode_Reward/motion_global_root_ori: 0.0050
         Episode_Reward/motion_body_pos: 0.0115
         Episode_Reward/motion_body_ori: 0.0090
     Episode_Reward/motion_body_lin_vel: 0.0089
     Episode_Reward/motion_body_ang_vel: 0.0075
          Episode_Reward/action_rate_l2: -0.0346
             Episode_Reward/joint_limit: -0.0000
         Episode_Reward/self_collisions: -0.0134
Episode_Reward/action_target_reference_l2: -0.0053
Episode_Reward/action_target_soft_limit_barrier: -0.0002
                   Episode_Reward/alive: 0.0498
 Episode_Reward/non_timeout_termination: -9.8958
Episode_Reward/worst_ee_z_normalized_squared: -0.0125
Episode_Reward/right_wrist_prethreshold_barrier: 0.0000
        Metrics/motion/error_anchor_pos: 0.0550
        Metrics/motion/error_anchor_rot: 0.1499
    Metrics/motion/error_anchor_lin_vel: 0.4765
    Metrics/motion/error_anchor_ang_vel: 1.0693
          Metrics/motion/error_body_pos: 0.3616
          Metrics/motion/error_body_rot: 0.3895
         Metrics/motion/error_joint_pos: 0.5169
         Metrics/motion/error_joint_vel: 6.3336
        Metrics/motion/sampling_entropy: 0.9461
      Metrics/motion/sampling_top1_prob: 0.0430
       Metrics/motion/sampling_top1_bin: 0.7311
      Metrics/motion/error_body_lin_vel: 0.5251
      Metrics/motion/error_body_ang_vel: 1.7827
           Episode_Termination/time_out: 0.0000
         Episode_Termination/anchor_pos: 0.0000
         Episode_Termination/anchor_ori: 0.0000
        Episode_Termination/ee_body_pos: 0.0000
Episode_Termination/corpus_clip_time_out: 0.0625
Episode_Termination/stage_one_actuation_guard: 5.1250
--------------------------------------------------------------------------------
                         Iteration time: 2.68s
                           Time elapsed: 00:02:21
                                    ETA: 00:02:39

################################################################################
[1m                           Learning iteration 47/100                            [0m 

                               Run name: breadth
                            Total steps: 24576 
                       Steps per second: 195 
                        Collection time: 1.744s 
                          Learning time: 0.881s 
                        Mean value loss: 3656.5378
                    Mean surrogate loss: -0.0219
                      Mean entropy loss: 10.5205
           Mean standing_retention loss: 0.0005
                            Mean reward: -97.73
                    Mean episode length: 6.17
                        Mean action std: 0.38
  Episode_Reward/motion_global_root_pos: 0.0061
  Episode_Reward/motion_global_root_ori: 0.0052
         Episode_Reward/motion_body_pos: 0.0124
         Episode_Reward/motion_body_ori: 0.0090
     Episode_Reward/motion_body_lin_vel: 0.0098
     Episode_Reward/motion_body_ang_vel: 0.0083
          Episode_Reward/action_rate_l2: -0.0337
             Episode_Reward/joint_limit: -0.0001
         Episode_Reward/self_collisions: -0.0107
Episode_Reward/action_target_reference_l2: -0.0066
Episode_Reward/action_target_soft_limit_barrier: -0.0003
                   Episode_Reward/alive: 0.0548
 Episode_Reward/non_timeout_termination: -9.8958
Episode_Reward/worst_ee_z_normalized_squared: -0.0213
Episode_Reward/right_wrist_prethreshold_barrier: 0.0000
        Metrics/motion/error_anchor_pos: 0.0639
        Metrics/motion/error_anchor_rot: 0.1667
    Metrics/motion/error_anchor_lin_vel: 0.4671
    Metrics/motion/error_anchor_ang_vel: 1.0777
          Metrics/motion/error_body_pos: 0.4492
          Metrics/motion/error_body_rot: 0.3789
         Metrics/motion/error_joint_pos: 0.5925
         Metrics/motion/error_joint_vel: 5.5525
        Metrics/motion/sampling_entropy: 0.9454
      Metrics/motion/sampling_top1_prob: 0.0434
       Metrics/motion/sampling_top1_bin: 0.7311
      Metrics/motion/error_body_lin_vel: 0.5154
      Metrics/motion/error_body_ang_vel: 1.6242
           Episode_Termination/time_out: 0.0000
         Episode_Termination/anchor_pos: 0.0000
         Episode_Termination/anchor_ori: 0.0000
        Episode_Termination/ee_body_pos: 0.0625
Episode_Termination/corpus_clip_time_out: 0.0625
Episode_Termination/stage_one_actuation_guard: 4.3750
--------------------------------------------------------------------------------
                         Iteration time: 2.62s
                           Time elapsed: 00:02:24
                                    ETA: 00:02:36

################################################################################
[1m                           Learning iteration 48/100                            [0m 

                               Run name: breadth
                            Total steps: 25088 
                       Steps per second: 180 
                        Collection time: 1.752s 
                          Learning time: 1.086s 
                        Mean value loss: 3714.9558
                    Mean surrogate loss: -0.0203
                      Mean entropy loss: 10.5205
           Mean standing_retention loss: 0.0004
                            Mean reward: -99.70
                    Mean episode length: 6.62
                        Mean action std: 0.38
  Episode_Reward/motion_global_root_pos: 0.0059
  Episode_Reward/motion_global_root_ori: 0.0052
         Episode_Reward/motion_body_pos: 0.0124
         Episode_Reward/motion_body_ori: 0.0092
     Episode_Reward/motion_body_lin_vel: 0.0099
     Episode_Reward/motion_body_ang_vel: 0.0084
          Episode_Reward/action_rate_l2: -0.0347
             Episode_Reward/joint_limit: -0.0004
         Episode_Reward/self_collisions: -0.0244
Episode_Reward/action_target_reference_l2: -0.0058
Episode_Reward/action_target_soft_limit_barrier: -0.0002
                   Episode_Reward/alive: 0.0543
 Episode_Reward/non_timeout_termination: -10.0000
Episode_Reward/worst_ee_z_normalized_squared: -0.0141
Episode_Reward/right_wrist_prethreshold_barrier: -0.0001
        Metrics/motion/error_anchor_pos: 0.0627
        Metrics/motion/error_anchor_rot: 0.1596
    Metrics/motion/error_anchor_lin_vel: 0.4838
    Metrics/motion/error_anchor_ang_vel: 0.9315
          Metrics/motion/error_body_pos: 0.2328
          Metrics/motion/error_body_rot: 0.3870
         Metrics/motion/error_joint_pos: 0.4955
         Metrics/motion/error_joint_vel: 5.3622
        Metrics/motion/sampling_entropy: 0.9453
      Metrics/motion/sampling_top1_prob: 0.0426
       Metrics/motion/sampling_top1_bin: 0.7311
      Metrics/motion/error_body_lin_vel: 0.5080
      Metrics/motion/error_body_ang_vel: 1.5909
           Episode_Termination/time_out: 0.0000
         Episode_Termination/anchor_pos: 0.0000
         Episode_Termination/anchor_ori: 0.0000
        Episode_Termination/ee_body_pos: 0.0000
Episode_Termination/corpus_clip_time_out: 0.0000
Episode_Termination/stage_one_actuation_guard: 4.8125
--------------------------------------------------------------------------------
                         Iteration time: 2.84s
                           Time elapsed: 00:02:27
                                    ETA: 00:02:33

################################################################################
[1m                           Learning iteration 49/100                            [0m 

                               Run name: breadth
                            Total steps: 25600 
                       Steps per second: 196 
                        Collection time: 1.611s 
                          Learning time: 1.000s 
                        Mean value loss: 4127.2278
                    Mean surrogate loss: -0.0208
                      Mean entropy loss: 10.5205
           Mean standing_retention loss: 0.0004
                            Mean reward: -99.74
                    Mean episode length: 7.87
                        Mean action std: 0.38
  Episode_Reward/motion_global_root_pos: 0.0072
  Episode_Reward/motion_global_root_ori: 0.0061
         Episode_Reward/motion_body_pos: 0.0148
         Episode_Reward/motion_body_ori: 0.0106
     Episode_Reward/motion_body_lin_vel: 0.0120
     Episode_Reward/motion_body_ang_vel: 0.0102
          Episode_Reward/action_rate_l2: -0.0408
             Episode_Reward/joint_limit: -0.0004
         Episode_Reward/self_collisions: -0.0263
Episode_Reward/action_target_reference_l2: -0.0076
Episode_Reward/action_target_soft_limit_barrier: -0.0003
                   Episode_Reward/alive: 0.0677
 Episode_Reward/non_timeout_termination: -10.0000
Episode_Reward/worst_ee_z_normalized_squared: -0.0260
Episode_Reward/right_wrist_prethreshold_barrier: 0.0000
        Metrics/motion/error_anchor_pos: 0.0672
        Metrics/motion/error_anchor_rot: 0.1857
    Metrics/motion/error_anchor_lin_vel: 0.4635
    Metrics/motion/error_anchor_ang_vel: 1.1762
          Metrics/motion/error_body_pos: 0.3649
          Metrics/motion/error_body_rot: 0.3730
         Metrics/motion/error_joint_pos: 0.6000
         Metrics/motion/error_joint_vel: 5.8808
        Metrics/motion/sampling_entropy: 0.9457
      Metrics/motion/sampling_top1_prob: 0.0418
       Metrics/motion/sampling_top1_bin: 0.7311
      Metrics/motion/error_body_lin_vel: 0.5312
      Metrics/motion/error_body_ang_vel: 1.7067
           Episode_Termination/time_out: 0.0000
         Episode_Termination/anchor_pos: 0.0000
         Episode_Termination/anchor_ori: 0.0000
        Episode_Termination/ee_body_pos: 0.0625
Episode_Termination/corpus_clip_time_out: 0.0000
Episode_Termination/stage_one_actuation_guard: 4.6875
--------------------------------------------------------------------------------
                         Iteration time: 2.61s
                           Time elapsed: 00:02:29
                                    ETA: 00:02:29

################################################################################
[1m                           Learning iteration 50/100                            [0m 

                               Run name: breadth
                            Total steps: 26112 
                       Steps per second: 176 
                        Collection time: 1.895s 
                          Learning time: 1.011s 
                        Mean value loss: 3585.1969
                    Mean surrogate loss: -0.0185
                      Mean entropy loss: 10.5205
           Mean standing_retention loss: 0.0003
                            Mean reward: -98.70
                    Mean episode length: 6.75
                        Mean action std: 0.38
  Episode_Reward/motion_global_root_pos: 0.0057
  Episode_Reward/motion_global_root_ori: 0.0053
         Episode_Reward/motion_body_pos: 0.0118
         Episode_Reward/motion_body_ori: 0.0089
     Episode_Reward/motion_body_lin_vel: 0.0094
     Episode_Reward/motion_body_ang_vel: 0.0079
          Episode_Reward/action_rate_l2: -0.0319
             Episode_Reward/joint_limit: -0.0014
         Episode_Reward/self_collisions: -0.0132
Episode_Reward/action_target_reference_l2: -0.0056
Episode_Reward/action_target_soft_limit_barrier: -0.0002
                   Episode_Reward/alive: 0.0520
 Episode_Reward/non_timeout_termination: -9.8958
Episode_Reward/worst_ee_z_normalized_squared: -0.0176
Episode_Reward/right_wrist_prethreshold_barrier: -0.0033
        Metrics/motion/error_anchor_pos: 0.0670
        Metrics/motion/error_anchor_rot: 0.1384
    Metrics/motion/error_anchor_lin_vel: 0.4875
    Metrics/motion/error_anchor_ang_vel: 1.0442
          Metrics/motion/error_body_pos: 0.3005
          Metrics/motion/error_body_rot: 0.3335
         Metrics/motion/error_joint_pos: 0.5435
         Metrics/motion/error_joint_vel: 5.8962
        Metrics/motion/sampling_entropy: 0.9460
      Metrics/motion/sampling_top1_prob: 0.0417
       Metrics/motion/sampling_top1_bin: 0.7311
      Metrics/motion/error_body_lin_vel: 0.5089
      Metrics/motion/error_body_ang_vel: 1.6895
           Episode_Termination/time_out: 0.0000
         Episode_Termination/anchor_pos: 0.0625
         Episode_Termination/anchor_ori: 0.0000
        Episode_Termination/ee_body_pos: 0.0000
Episode_Termination/corpus_clip_time_out: 0.1250
Episode_Termination/stage_one_actuation_guard: 3.8125
--------------------------------------------------------------------------------
                         Iteration time: 2.91s
                           Time elapsed: 00:02:32
                                    ETA: 00:02:26

################################################################################
[1m                           Learning iteration 51/100                            [0m 

                               Run name: breadth
                            Total steps: 26624 
                       Steps per second: 180 
                        Collection time: 1.635s 
                          Learning time: 1.200s 
                        Mean value loss: 3728.8075
                    Mean surrogate loss: -0.0183
                      Mean entropy loss: 10.5205
           Mean standing_retention loss: 0.0003
                            Mean reward: -99.74
                    Mean episode length: 6.64
                        Mean action std: 0.38
  Episode_Reward/motion_global_root_pos: 0.0055
  Episode_Reward/motion_global_root_ori: 0.0051
         Episode_Reward/motion_body_pos: 0.0115
         Episode_Reward/motion_body_ori: 0.0088
     Episode_Reward/motion_body_lin_vel: 0.0093
     Episode_Reward/motion_body_ang_vel: 0.0081
          Episode_Reward/action_rate_l2: -0.0327
             Episode_Reward/joint_limit: -0.0007
         Episode_Reward/self_collisions: -0.0148
Episode_Reward/action_target_reference_l2: -0.0056
Episode_Reward/action_target_soft_limit_barrier: -0.0003
                   Episode_Reward/alive: 0.0499
 Episode_Reward/non_timeout_termination: -10.0000
Episode_Reward/worst_ee_z_normalized_squared: -0.0135
Episode_Reward/right_wrist_prethreshold_barrier: -0.0004
        Metrics/motion/error_anchor_pos: 0.0584
        Metrics/motion/error_anchor_rot: 0.1591
    Metrics/motion/error_anchor_lin_vel: 0.4419
    Metrics/motion/error_anchor_ang_vel: 1.0030
          Metrics/motion/error_body_pos: 0.5159
          Metrics/motion/error_body_rot: 0.4148
         Metrics/motion/error_joint_pos: 0.4999
         Metrics/motion/error_joint_vel: 4.9917
        Metrics/motion/sampling_entropy: 0.9462
      Metrics/motion/sampling_top1_prob: 0.0423
       Metrics/motion/sampling_top1_bin: 0.7311
      Metrics/motion/error_body_lin_vel: 0.4702
      Metrics/motion/error_body_ang_vel: 1.4481
           Episode_Termination/time_out: 0.0000
         Episode_Termination/anchor_pos: 0.0625
         Episode_Termination/anchor_ori: 0.0000
        Episode_Termination/ee_body_pos: 0.0000
Episode_Termination/corpus_clip_time_out: 0.0000
Episode_Termination/stage_one_actuation_guard: 4.8750
--------------------------------------------------------------------------------
                         Iteration time: 2.83s
                           Time elapsed: 00:02:35
                                    ETA: 00:02:23

################################################################################
[1m                           Learning iteration 52/100                            [0m 

                               Run name: breadth
                            Total steps: 27136 
                       Steps per second: 85 
                        Collection time: 4.763s 
                          Learning time: 1.224s 
                        Mean value loss: 4114.1398
                    Mean surrogate loss: -0.0202
                      Mean entropy loss: 10.5205
           Mean standing_retention loss: 0.0003
                            Mean reward: -99.68
                    Mean episode length: 6.41
                        Mean action std: 0.38
  Episode_Reward/motion_global_root_pos: 0.0066
  Episode_Reward/motion_global_root_ori: 0.0058
         Episode_Reward/motion_body_pos: 0.0136
         Episode_Reward/motion_body_ori: 0.0099
     Episode_Reward/motion_body_lin_vel: 0.0112
     Episode_Reward/motion_body_ang_vel: 0.0098
          Episode_Reward/action_rate_l2: -0.0344
             Episode_Reward/joint_limit: -0.0007
         Episode_Reward/self_collisions: -0.0269
Episode_Reward/action_target_reference_l2: -0.0068
Episode_Reward/action_target_soft_limit_barrier: -0.0003
                   Episode_Reward/alive: 0.0601
 Episode_Reward/non_timeout_termination: -10.0000
Episode_Reward/worst_ee_z_normalized_squared: -0.0167
Episode_Reward/right_wrist_prethreshold_barrier: -0.0000
        Metrics/motion/error_anchor_pos: 0.0600
        Metrics/motion/error_anchor_rot: 0.1643
    Metrics/motion/error_anchor_lin_vel: 0.4532
    Metrics/motion/error_anchor_ang_vel: 0.8930
          Metrics/motion/error_body_pos: 0.3400
          Metrics/motion/error_body_rot: 0.4249
         Metrics/motion/error_joint_pos: 0.5555
         Metrics/motion/error_joint_vel: 5.0169
        Metrics/motion/sampling_entropy: 0.9469
      Metrics/motion/sampling_top1_prob: 0.0413
       Metrics/motion/sampling_top1_bin: 0.7311
      Metrics/motion/error_body_lin_vel: 0.4916
      Metrics/motion/error_body_ang_vel: 1.4539
           Episode_Termination/time_out: 0.0000
         Episode_Termination/anchor_pos: 0.0000
         Episode_Termination/anchor_ori: 0.0000
        Episode_Termination/ee_body_pos: 0.0000
Episode_Termination/corpus_clip_time_out: 0.0000
Episode_Termination/stage_one_actuation_guard: 5.3125
--------------------------------------------------------------------------------
                         Iteration time: 5.99s
                           Time elapsed: 00:02:41
                                    ETA: 00:02:23

################################################################################
[1m                           Learning iteration 53/100                            [0m 

                               Run name: breadth
                            Total steps: 27648 
                       Steps per second: 196 
                        Collection time: 1.721s 
                          Learning time: 0.878s 
                        Mean value loss: 3541.9860
                    Mean surrogate loss: -0.0200
                      Mean entropy loss: 10.5205
           Mean standing_retention loss: 0.0003
                            Mean reward: -98.68
                    Mean episode length: 6.39
                        Mean action std: 0.38
  Episode_Reward/motion_global_root_pos: 0.0047
  Episode_Reward/motion_global_root_ori: 0.0042
         Episode_Reward/motion_body_pos: 0.0097
         Episode_Reward/motion_body_ori: 0.0076
     Episode_Reward/motion_body_lin_vel: 0.0073
     Episode_Reward/motion_body_ang_vel: 0.0062
          Episode_Reward/action_rate_l2: -0.0303
             Episode_Reward/joint_limit: -0.0009
         Episode_Reward/self_collisions: -0.0090
Episode_Reward/action_target_reference_l2: -0.0042
Episode_Reward/action_target_soft_limit_barrier: -0.0003
                   Episode_Reward/alive: 0.0408
 Episode_Reward/non_timeout_termination: -9.8958
Episode_Reward/worst_ee_z_normalized_squared: -0.0127
Episode_Reward/right_wrist_prethreshold_barrier: 0.0000
        Metrics/motion/error_anchor_pos: 0.0562
        Metrics/motion/error_anchor_rot: 0.1466
    Metrics/motion/error_anchor_lin_vel: 0.5002
    Metrics/motion/error_anchor_ang_vel: 1.2539
          Metrics/motion/error_body_pos: 0.2570
          Metrics/motion/error_body_rot: 0.2874
         Metrics/motion/error_joint_pos: 0.4813
         Metrics/motion/error_joint_vel: 6.6812
        Metrics/motion/sampling_entropy: 0.9477
      Metrics/motion/sampling_top1_prob: 0.0408
       Metrics/motion/sampling_top1_bin: 0.7311
      Metrics/motion/error_body_lin_vel: 0.5748
      Metrics/motion/error_body_ang_vel: 1.9728
           Episode_Termination/time_out: 0.0000
         Episode_Termination/anchor_pos: 0.0000
         Episode_Termination/anchor_ori: 0.0000
        Episode_Termination/ee_body_pos: 0.0625
Episode_Termination/corpus_clip_time_out: 0.0625
Episode_Termination/stage_one_actuation_guard: 4.1250
--------------------------------------------------------------------------------
                         Iteration time: 2.60s
                           Time elapsed: 00:02:44
                                    ETA: 00:02:19

################################################################################
[1m                           Learning iteration 54/100                            [0m 

                               Run name: breadth
                            Total steps: 28160 
                       Steps per second: 178 
                        Collection time: 1.625s 
                          Learning time: 1.244s 
                        Mean value loss: 3717.0193
                    Mean surrogate loss: -0.0195
                      Mean entropy loss: 10.5205
           Mean standing_retention loss: 0.0003
                            Mean reward: -98.86
                    Mean episode length: 7.00
                        Mean action std: 0.38
  Episode_Reward/motion_global_root_pos: 0.0070
  Episode_Reward/motion_global_root_ori: 0.0060
         Episode_Reward/motion_body_pos: 0.0147
         Episode_Reward/motion_body_ori: 0.0101
     Episode_Reward/motion_body_lin_vel: 0.0117
     Episode_Reward/motion_body_ang_vel: 0.0101
          Episode_Reward/action_rate_l2: -0.0374
             Episode_Reward/joint_limit: -0.0049
         Episode_Reward/self_collisions: -0.0242
Episode_Reward/action_target_reference_l2: -0.0086
Episode_Reward/action_target_soft_limit_barrier: -0.0002
                   Episode_Reward/alive: 0.0680
 Episode_Reward/non_timeout_termination: -9.8750
Episode_Reward/worst_ee_z_normalized_squared: -0.0372
Episode_Reward/right_wrist_prethreshold_barrier: -0.0109
        Metrics/motion/error_anchor_pos: 0.0761
        Metrics/motion/error_anchor_rot: 0.1811
    Metrics/motion/error_anchor_lin_vel: 0.5032
    Metrics/motion/error_anchor_ang_vel: 1.1823
          Metrics/motion/error_body_pos: 0.3545
          Metrics/motion/error_body_rot: 0.3952
         Metrics/motion/error_joint_pos: 0.6067
         Metrics/motion/error_joint_vel: 5.6146
        Metrics/motion/sampling_entropy: 0.9477
      Metrics/motion/sampling_top1_prob: 0.0409
       Metrics/motion/sampling_top1_bin: 0.7311
      Metrics/motion/error_body_lin_vel: 0.5323
      Metrics/motion/error_body_ang_vel: 1.7144
           Episode_Termination/time_out: 0.0000
         Episode_Termination/anchor_pos: 0.0625
         Episode_Termination/anchor_ori: 0.0000
        Episode_Termination/ee_body_pos: 0.0000
Episode_Termination/corpus_clip_time_out: 0.0625
Episode_Termination/stage_one_actuation_guard: 4.5625
--------------------------------------------------------------------------------
                         Iteration time: 2.87s
                           Time elapsed: 00:02:47
                                    ETA: 00:02:16

################################################################################
[1m                           Learning iteration 55/100                            [0m 

                               Run name: breadth
                            Total steps: 28672 
                       Steps per second: 180 
                        Collection time: 1.776s 
                          Learning time: 1.062s 
                        Mean value loss: 4221.7560
                    Mean surrogate loss: -0.0190
                      Mean entropy loss: 10.5205
           Mean standing_retention loss: 0.0003
                            Mean reward: -98.77
                    Mean episode length: 6.02
                        Mean action std: 0.38
  Episode_Reward/motion_global_root_pos: 0.0056
  Episode_Reward/motion_global_root_ori: 0.0047
         Episode_Reward/motion_body_pos: 0.0114
         Episode_Reward/motion_body_ori: 0.0081
     Episode_Reward/motion_body_lin_vel: 0.0090
     Episode_Reward/motion_body_ang_vel: 0.0076
          Episode_Reward/action_rate_l2: -0.0330
             Episode_Reward/joint_limit: -0.0008
         Episode_Reward/self_collisions: -0.0138
Episode_Reward/action_target_reference_l2: -0.0060
Episode_Reward/action_target_soft_limit_barrier: -0.0003
                   Episode_Reward/alive: 0.0496
 Episode_Reward/non_timeout_termination: -9.9107
Episode_Reward/worst_ee_z_normalized_squared: -0.0182
Episode_Reward/right_wrist_prethreshold_barrier: -0.0003
        Metrics/motion/error_anchor_pos: 0.0630
        Metrics/motion/error_anchor_rot: 0.1673
    Metrics/motion/error_anchor_lin_vel: 0.5096
    Metrics/motion/error_anchor_ang_vel: 1.1052
          Metrics/motion/error_body_pos: 0.5562
          Metrics/motion/error_body_rot: 0.4536
         Metrics/motion/error_joint_pos: 0.5335
         Metrics/motion/error_joint_vel: 5.2376
        Metrics/motion/sampling_entropy: 0.9475
      Metrics/motion/sampling_top1_prob: 0.0418
       Metrics/motion/sampling_top1_bin: 0.7311
      Metrics/motion/error_body_lin_vel: 0.5492
      Metrics/motion/error_body_ang_vel: 1.6159
           Episode_Termination/time_out: 0.0000
         Episode_Termination/anchor_pos: 0.0000
         Episode_Termination/anchor_ori: 0.0000
        Episode_Termination/ee_body_pos: 0.0000
Episode_Termination/corpus_clip_time_out: 0.0625
Episode_Termination/stage_one_actuation_guard: 5.7500
--------------------------------------------------------------------------------
                         Iteration time: 2.84s
                           Time elapsed: 00:02:49
                                    ETA: 00:02:13

################################################################################
[1m                           Learning iteration 56/100                            [0m 

                               Run name: breadth
                            Total steps: 29184 
                       Steps per second: 191 
                        Collection time: 1.692s 
                          Learning time: 0.979s 
                        Mean value loss: 3419.8325
                    Mean surrogate loss: -0.0157
                      Mean entropy loss: 10.5205
           Mean standing_retention loss: 0.0003
                            Mean reward: -99.80
                    Mean episode length: 5.90
                        Mean action std: 0.38
  Episode_Reward/motion_global_root_pos: 0.0065
  Episode_Reward/motion_global_root_ori: 0.0060
         Episode_Reward/motion_body_pos: 0.0135
         Episode_Reward/motion_body_ori: 0.0096
     Episode_Reward/motion_body_lin_vel: 0.0110
     Episode_Reward/motion_body_ang_vel: 0.0093
          Episode_Reward/action_rate_l2: -0.0332
             Episode_Reward/joint_limit: -0.0014
         Episode_Reward/self_collisions: -0.0320
Episode_Reward/action_target_reference_l2: -0.0069
Episode_Reward/action_target_soft_limit_barrier: -0.0004
                   Episode_Reward/alive: 0.0595
 Episode_Reward/non_timeout_termination: -10.0000
Episode_Reward/worst_ee_z_normalized_squared: -0.0183
Episode_Reward/right_wrist_prethreshold_barrier: 0.0000
        Metrics/motion/error_anchor_pos: 0.0639
        Metrics/motion/error_anchor_rot: 0.1464
    Metrics/motion/error_anchor_lin_vel: 0.4775
    Metrics/motion/error_anchor_ang_vel: 0.9584
          Metrics/motion/error_body_pos: 0.3905
          Metrics/motion/error_body_rot: 0.3912
         Metrics/motion/error_joint_pos: 0.5686
         Metrics/motion/error_joint_vel: 5.6477
        Metrics/motion/sampling_entropy: 0.9479
      Metrics/motion/sampling_top1_prob: 0.0416
       Metrics/motion/sampling_top1_bin: 0.7311
      Metrics/motion/error_body_lin_vel: 0.5128
      Metrics/motion/error_body_ang_vel: 1.6587
           Episode_Termination/time_out: 0.0000
         Episode_Termination/anchor_pos: 0.0000
         Episode_Termination/anchor_ori: 0.0000
        Episode_Termination/ee_body_pos: 0.0000
Episode_Termination/corpus_clip_time_out: 0.0000
Episode_Termination/stage_one_actuation_guard: 4.0625
--------------------------------------------------------------------------------
                         Iteration time: 2.67s
                           Time elapsed: 00:02:52
                                    ETA: 00:02:10

################################################################################
[1m                           Learning iteration 57/100                            [0m 

                               Run name: breadth
                            Total steps: 29696 
                       Steps per second: 175 
                        Collection time: 1.767s 
                          Learning time: 1.153s 
                        Mean value loss: 3740.6953
                    Mean surrogate loss: -0.0165
                      Mean entropy loss: 10.5205
           Mean standing_retention loss: 0.0003
                            Mean reward: -99.73
                    Mean episode length: 6.78
                        Mean action std: 0.38
  Episode_Reward/motion_global_root_pos: 0.0059
  Episode_Reward/motion_global_root_ori: 0.0052
         Episode_Reward/motion_body_pos: 0.0120
         Episode_Reward/motion_body_ori: 0.0089
     Episode_Reward/motion_body_lin_vel: 0.0098
     Episode_Reward/motion_body_ang_vel: 0.0085
          Episode_Reward/action_rate_l2: -0.0326
             Episode_Reward/joint_limit: -0.0002
         Episode_Reward/self_collisions: -0.0207
Episode_Reward/action_target_reference_l2: -0.0057
Episode_Reward/action_target_soft_limit_barrier: -0.0002
                   Episode_Reward/alive: 0.0522
 Episode_Reward/non_timeout_termination: -10.0000
Episode_Reward/worst_ee_z_normalized_squared: -0.0148
Episode_Reward/right_wrist_prethreshold_barrier: 0.0000
        Metrics/motion/error_anchor_pos: 0.0632
        Metrics/motion/error_anchor_rot: 0.1565
    Metrics/motion/error_anchor_lin_vel: 0.4614
    Metrics/motion/error_anchor_ang_vel: 0.9359
          Metrics/motion/error_body_pos: 0.3219
          Metrics/motion/error_body_rot: 0.3843
         Metrics/motion/error_joint_pos: 0.5244
         Metrics/motion/error_joint_vel: 4.8225
        Metrics/motion/sampling_entropy: 0.9487
      Metrics/motion/sampling_top1_prob: 0.0410
       Metrics/motion/sampling_top1_bin: 0.7311
      Metrics/motion/error_body_lin_vel: 0.4883
      Metrics/motion/error_body_ang_vel: 1.4900
           Episode_Termination/time_out: 0.0000
         Episode_Termination/anchor_pos: 0.0000
         Episode_Termination/anchor_ori: 0.0000
        Episode_Termination/ee_body_pos: 0.0000
Episode_Termination/corpus_clip_time_out: 0.0000
Episode_Termination/stage_one_actuation_guard: 5.1250
--------------------------------------------------------------------------------
                         Iteration time: 2.92s
                           Time elapsed: 00:02:55
                                    ETA: 00:02:07

################################################################################
[1m                           Learning iteration 58/100                            [0m 

                               Run name: breadth
                            Total steps: 30208 
                       Steps per second: 179 
                        Collection time: 1.762s 
                          Learning time: 1.090s 
                        Mean value loss: 4269.3073
                    Mean surrogate loss: -0.0185
                      Mean entropy loss: 10.5205
           Mean standing_retention loss: 0.0002
                            Mean reward: -99.81
                    Mean episode length: 5.91
                        Mean action std: 0.38
  Episode_Reward/motion_global_root_pos: 0.0056
  Episode_Reward/motion_global_root_ori: 0.0049
         Episode_Reward/motion_body_pos: 0.0113
         Episode_Reward/motion_body_ori: 0.0082
     Episode_Reward/motion_body_lin_vel: 0.0089
     Episode_Reward/motion_body_ang_vel: 0.0077
          Episode_Reward/action_rate_l2: -0.0323
             Episode_Reward/joint_limit: -0.0002
         Episode_Reward/self_collisions: -0.0283
Episode_Reward/action_target_reference_l2: -0.0057
Episode_Reward/action_target_soft_limit_barrier: -0.0002
                   Episode_Reward/alive: 0.0486
 Episode_Reward/non_timeout_termination: -10.0000
Episode_Reward/worst_ee_z_normalized_squared: -0.0160
Episode_Reward/right_wrist_prethreshold_barrier: -0.0000
        Metrics/motion/error_anchor_pos: 0.0552
        Metrics/motion/error_anchor_rot: 0.1497
    Metrics/motion/error_anchor_lin_vel: 0.4837
    Metrics/motion/error_anchor_ang_vel: 1.0163
          Metrics/motion/error_body_pos: 0.4569
          Metrics/motion/error_body_rot: 0.3820
         Metrics/motion/error_joint_pos: 0.5136
         Metrics/motion/error_joint_vel: 5.6277
        Metrics/motion/sampling_entropy: 0.9486
      Metrics/motion/sampling_top1_prob: 0.0407
       Metrics/motion/sampling_top1_bin: 0.7311
      Metrics/motion/error_body_lin_vel: 0.5265
      Metrics/motion/error_body_ang_vel: 1.6550
           Episode_Termination/time_out: 0.0000
         Episode_Termination/anchor_pos: 0.0000
         Episode_Termination/anchor_ori: 0.0000
        Episode_Termination/ee_body_pos: 0.0000
Episode_Termination/corpus_clip_time_out: 0.0000
Episode_Termination/stage_one_actuation_guard: 5.8125
--------------------------------------------------------------------------------
                         Iteration time: 2.85s
                           Time elapsed: 00:02:58
                                    ETA: 00:02:03

################################################################################
[1m                           Learning iteration 59/100                            [0m 

                               Run name: breadth
                            Total steps: 30720 
                       Steps per second: 198 
                        Collection time: 1.661s 
                          Learning time: 0.923s 
                        Mean value loss: 3843.8046
                    Mean surrogate loss: -0.0226
                      Mean entropy loss: 10.5205
           Mean standing_retention loss: 0.0003
                            Mean reward: -98.74
                    Mean episode length: 5.55
                        Mean action std: 0.38
  Episode_Reward/motion_global_root_pos: 0.0052
  Episode_Reward/motion_global_root_ori: 0.0045
         Episode_Reward/motion_body_pos: 0.0107
         Episode_Reward/motion_body_ori: 0.0080
     Episode_Reward/motion_body_lin_vel: 0.0086
     Episode_Reward/motion_body_ang_vel: 0.0071
          Episode_Reward/action_rate_l2: -0.0307
             Episode_Reward/joint_limit: -0.0007
         Episode_Reward/self_collisions: -0.0104
Episode_Reward/action_target_reference_l2: -0.0052
Episode_Reward/action_target_soft_limit_barrier: -0.0002
                   Episode_Reward/alive: 0.0458
 Episode_Reward/non_timeout_termination: -9.9107
Episode_Reward/worst_ee_z_normalized_squared: -0.0171
Episode_Reward/right_wrist_prethreshold_barrier: -0.0000
        Metrics/motion/error_anchor_pos: 0.0599
        Metrics/motion/error_anchor_rot: 0.1554
    Metrics/motion/error_anchor_lin_vel: 0.4600
    Metrics/motion/error_anchor_ang_vel: 0.9741
          Metrics/motion/error_body_pos: 0.3127
          Metrics/motion/error_body_rot: 0.3820
         Metrics/motion/error_joint_pos: 0.5119
         Metrics/motion/error_joint_vel: 5.6448
        Metrics/motion/sampling_entropy: 0.9489
      Metrics/motion/sampling_top1_prob: 0.0405
       Metrics/motion/sampling_top1_bin: 0.7311
      Metrics/motion/error_body_lin_vel: 0.5017
      Metrics/motion/error_body_ang_vel: 1.6422
           Episode_Termination/time_out: 0.0000
         Episode_Termination/anchor_pos: 0.0000
         Episode_Termination/anchor_ori: 0.0000
        Episode_Termination/ee_body_pos: 0.0000
Episode_Termination/corpus_clip_time_out: 0.0625
Episode_Termination/stage_one_actuation_guard: 5.3750
--------------------------------------------------------------------------------
                         Iteration time: 2.58s
                           Time elapsed: 00:03:00
                                    ETA: 00:02:00

################################################################################
[1m                           Learning iteration 60/100                            [0m 

                               Run name: breadth
                            Total steps: 31232 
                       Steps per second: 192 
                        Collection time: 1.702s 
                          Learning time: 0.962s 
                        Mean value loss: 2597.2889
                    Mean surrogate loss: -0.0218
                      Mean entropy loss: 10.5205
           Mean standing_retention loss: 0.0003
                            Mean reward: -98.67
                    Mean episode length: 6.66
                        Mean action std: 0.38
  Episode_Reward/motion_global_root_pos: 0.0062
  Episode_Reward/motion_global_root_ori: 0.0055
         Episode_Reward/motion_body_pos: 0.0129
         Episode_Reward/motion_body_ori: 0.0094
     Episode_Reward/motion_body_lin_vel: 0.0103
     Episode_Reward/motion_body_ang_vel: 0.0086
          Episode_Reward/action_rate_l2: -0.0351
             Episode_Reward/joint_limit: -0.0006
         Episode_Reward/self_collisions: -0.0154
Episode_Reward/action_target_reference_l2: -0.0065
Episode_Reward/action_target_soft_limit_barrier: -0.0003
                   Episode_Reward/alive: 0.0575
 Episode_Reward/non_timeout_termination: -9.7917
Episode_Reward/worst_ee_z_normalized_squared: -0.0167
Episode_Reward/right_wrist_prethreshold_barrier: -0.0001
        Metrics/motion/error_anchor_pos: 0.0618
        Metrics/motion/error_anchor_rot: 0.1678
    Metrics/motion/error_anchor_lin_vel: 0.4917
    Metrics/motion/error_anchor_ang_vel: 1.1197
          Metrics/motion/error_body_pos: 0.2153
          Metrics/motion/error_body_rot: 0.3192
         Metrics/motion/error_joint_pos: 0.5389
         Metrics/motion/error_joint_vel: 5.6884
        Metrics/motion/sampling_entropy: 0.9485
      Metrics/motion/sampling_top1_prob: 0.0412
       Metrics/motion/sampling_top1_bin: 0.7311
      Metrics/motion/error_body_lin_vel: 0.5409
      Metrics/motion/error_body_ang_vel: 1.7982
           Episode_Termination/time_out: 0.0000
         Episode_Termination/anchor_pos: 0.0000
         Episode_Termination/anchor_ori: 0.0000
        Episode_Termination/ee_body_pos: 0.0000
Episode_Termination/corpus_clip_time_out: 0.0625
Episode_Termination/stage_one_actuation_guard: 3.5000
--------------------------------------------------------------------------------
                         Iteration time: 2.66s
                           Time elapsed: 00:03:03
                                    ETA: 00:01:57

################################################################################
[1m                           Learning iteration 61/100                            [0m 

                               Run name: breadth
                            Total steps: 31744 
                       Steps per second: 202 
                        Collection time: 1.661s 
                          Learning time: 0.864s 
                        Mean value loss: 3482.8790
                    Mean surrogate loss: -0.0196
                      Mean entropy loss: 10.5205
           Mean standing_retention loss: 0.0003
                            Mean reward: -99.60
                    Mean episode length: 7.26
                        Mean action std: 0.38
  Episode_Reward/motion_global_root_pos: 0.0066
  Episode_Reward/motion_global_root_ori: 0.0055
         Episode_Reward/motion_body_pos: 0.0134
         Episode_Reward/motion_body_ori: 0.0096
     Episode_Reward/motion_body_lin_vel: 0.0110
     Episode_Reward/motion_body_ang_vel: 0.0094
          Episode_Reward/action_rate_l2: -0.0339
             Episode_Reward/joint_limit: -0.0003
         Episode_Reward/self_collisions: -0.0128
Episode_Reward/action_target_reference_l2: -0.0067
Episode_Reward/action_target_soft_limit_barrier: -0.0003
                   Episode_Reward/alive: 0.0598
 Episode_Reward/non_timeout_termination: -10.0000
Episode_Reward/worst_ee_z_normalized_squared: -0.0225
Episode_Reward/right_wrist_prethreshold_barrier: -0.0013
        Metrics/motion/error_anchor_pos: 0.0620
        Metrics/motion/error_anchor_rot: 0.1705
    Metrics/motion/error_anchor_lin_vel: 0.4843
    Metrics/motion/error_anchor_ang_vel: 0.9677
          Metrics/motion/error_body_pos: 0.2670
          Metrics/motion/error_body_rot: 0.3490
         Metrics/motion/error_joint_pos: 0.5569
         Metrics/motion/error_joint_vel: 5.7435
        Metrics/motion/sampling_entropy: 0.9485
      Metrics/motion/sampling_top1_prob: 0.0415
       Metrics/motion/sampling_top1_bin: 0.7311
      Metrics/motion/error_body_lin_vel: 0.5237
      Metrics/motion/error_body_ang_vel: 1.6725
           Episode_Termination/time_out: 0.0000
         Episode_Termination/anchor_pos: 0.0625
         Episode_Termination/anchor_ori: 0.0000
        Episode_Termination/ee_body_pos: 0.0000
Episode_Termination/corpus_clip_time_out: 0.0000
Episode_Termination/stage_one_actuation_guard: 5.0000
--------------------------------------------------------------------------------
                         Iteration time: 2.53s
                           Time elapsed: 00:03:06
                                    ETA: 00:01:54

################################################################################
[1m                           Learning iteration 62/100                            [0m 

                               Run name: breadth
                            Total steps: 32256 
                       Steps per second: 182 
                        Collection time: 1.705s 
                          Learning time: 1.099s 
                        Mean value loss: 3083.8341
                    Mean surrogate loss: -0.0217
                      Mean entropy loss: 10.5205
           Mean standing_retention loss: 0.0003
                            Mean reward: -98.83
                    Mean episode length: 6.51
                        Mean action std: 0.38
  Episode_Reward/motion_global_root_pos: 0.0069
  Episode_Reward/motion_global_root_ori: 0.0057
         Episode_Reward/motion_body_pos: 0.0146
         Episode_Reward/motion_body_ori: 0.0101
     Episode_Reward/motion_body_lin_vel: 0.0116
     Episode_Reward/motion_body_ang_vel: 0.0098
          Episode_Reward/action_rate_l2: -0.0392
             Episode_Reward/joint_limit: -0.0006
         Episode_Reward/self_collisions: -0.0244
Episode_Reward/action_target_reference_l2: -0.0081
Episode_Reward/action_target_soft_limit_barrier: -0.0004
                   Episode_Reward/alive: 0.0669
 Episode_Reward/non_timeout_termination: -9.9306
Episode_Reward/worst_ee_z_normalized_squared: -0.0348
Episode_Reward/right_wrist_prethreshold_barrier: -0.0010
        Metrics/motion/error_anchor_pos: 0.0647
        Metrics/motion/error_anchor_rot: 0.1917
    Metrics/motion/error_anchor_lin_vel: 0.4750
    Metrics/motion/error_anchor_ang_vel: 1.0087
          Metrics/motion/error_body_pos: 0.5524
          Metrics/motion/error_body_rot: 0.4493
         Metrics/motion/error_joint_pos: 0.5778
         Metrics/motion/error_joint_vel: 5.6111
        Metrics/motion/sampling_entropy: 0.9481
      Metrics/motion/sampling_top1_prob: 0.0412
       Metrics/motion/sampling_top1_bin: 0.7311
      Metrics/motion/error_body_lin_vel: 0.5240
      Metrics/motion/error_body_ang_vel: 1.6958
           Episode_Termination/time_out: 0.0000
         Episode_Termination/anchor_pos: 0.0000
         Episode_Termination/anchor_ori: 0.0000
        Episode_Termination/ee_body_pos: 0.0625
Episode_Termination/corpus_clip_time_out: 0.0625
Episode_Termination/stage_one_actuation_guard: 4.1875
--------------------------------------------------------------------------------
                         Iteration time: 2.80s
                           Time elapsed: 00:03:08
                                    ETA: 00:01:50

################################################################################
[1m                           Learning iteration 63/100                            [0m 

                               Run name: breadth
                            Total steps: 32768 
                       Steps per second: 93 
                        Collection time: 4.596s 
                          Learning time: 0.904s 
                        Mean value loss: 3969.7219
                    Mean surrogate loss: -0.0238
                      Mean entropy loss: 10.5205
           Mean standing_retention loss: 0.0003
                            Mean reward: -99.77
                    Mean episode length: 8.33
                        Mean action std: 0.38
  Episode_Reward/motion_global_root_pos: 0.0076
  Episode_Reward/motion_global_root_ori: 0.0062
         Episode_Reward/motion_body_pos: 0.0155
         Episode_Reward/motion_body_ori: 0.0108
     Episode_Reward/motion_body_lin_vel: 0.0128
     Episode_Reward/motion_body_ang_vel: 0.0110
          Episode_Reward/action_rate_l2: -0.0406
             Episode_Reward/joint_limit: -0.0002
         Episode_Reward/self_collisions: -0.0262
Episode_Reward/action_target_reference_l2: -0.0086
Episode_Reward/action_target_soft_limit_barrier: -0.0003
                   Episode_Reward/alive: 0.0711
 Episode_Reward/non_timeout_termination: -10.0000
Episode_Reward/worst_ee_z_normalized_squared: -0.0284
Episode_Reward/right_wrist_prethreshold_barrier: 0.0000
        Metrics/motion/error_anchor_pos: 0.0695
        Metrics/motion/error_anchor_rot: 0.1720
    Metrics/motion/error_anchor_lin_vel: 0.4810
    Metrics/motion/error_anchor_ang_vel: 1.1402
          Metrics/motion/error_body_pos: 0.5532
          Metrics/motion/error_body_rot: 0.4362
         Metrics/motion/error_joint_pos: 0.6137
         Metrics/motion/error_joint_vel: 6.0459
        Metrics/motion/sampling_entropy: 0.9481
      Metrics/motion/sampling_top1_prob: 0.0410
       Metrics/motion/sampling_top1_bin: 0.7311
      Metrics/motion/error_body_lin_vel: 0.5145
      Metrics/motion/error_body_ang_vel: 1.7642
           Episode_Termination/time_out: 0.0000
         Episode_Termination/anchor_pos: 0.0000
         Episode_Termination/anchor_ori: 0.0000
        Episode_Termination/ee_body_pos: 0.0000
Episode_Termination/corpus_clip_time_out: 0.0000
Episode_Termination/stage_one_actuation_guard: 4.7500
--------------------------------------------------------------------------------
                         Iteration time: 5.50s
                           Time elapsed: 00:03:14
                                    ETA: 00:01:49

################################################################################
[1m                           Learning iteration 64/100                            [0m 

                               Run name: breadth
                            Total steps: 33280 
                       Steps per second: 202 
                        Collection time: 1.589s 
                          Learning time: 0.943s 
                        Mean value loss: 2858.0579
                    Mean surrogate loss: -0.0251
                      Mean entropy loss: 10.5205
           Mean standing_retention loss: 0.0003
                            Mean reward: -98.74
                    Mean episode length: 5.82
                        Mean action std: 0.38
  Episode_Reward/motion_global_root_pos: 0.0054
  Episode_Reward/motion_global_root_ori: 0.0047
         Episode_Reward/motion_body_pos: 0.0112
         Episode_Reward/motion_body_ori: 0.0085
     Episode_Reward/motion_body_lin_vel: 0.0091
     Episode_Reward/motion_body_ang_vel: 0.0077
          Episode_Reward/action_rate_l2: -0.0298
             Episode_Reward/joint_limit: -0.0001
         Episode_Reward/self_collisions: -0.0149
Episode_Reward/action_target_reference_l2: -0.0054
Episode_Reward/action_target_soft_limit_barrier: -0.0002
                   Episode_Reward/alive: 0.0479
 Episode_Reward/non_timeout_termination: -9.8958
Episode_Reward/worst_ee_z_normalized_squared: -0.0134
Episode_Reward/right_wrist_prethreshold_barrier: -0.0002
        Metrics/motion/error_anchor_pos: 0.0581
        Metrics/motion/error_anchor_rot: 0.1601
    Metrics/motion/error_anchor_lin_vel: 0.4511
    Metrics/motion/error_anchor_ang_vel: 0.9457
          Metrics/motion/error_body_pos: 0.1519
          Metrics/motion/error_body_rot: 0.2995
         Metrics/motion/error_joint_pos: 0.4913
         Metrics/motion/error_joint_vel: 5.7181
        Metrics/motion/sampling_entropy: 0.9479
      Metrics/motion/sampling_top1_prob: 0.0415
       Metrics/motion/sampling_top1_bin: 0.7311
      Metrics/motion/error_body_lin_vel: 0.4943
      Metrics/motion/error_body_ang_vel: 1.7197
           Episode_Termination/time_out: 0.0000
         Episode_Termination/anchor_pos: 0.0625
         Episode_Termination/anchor_ori: 0.0000
        Episode_Termination/ee_body_pos: 0.0000
Episode_Termination/corpus_clip_time_out: 0.0625
Episode_Termination/stage_one_actuation_guard: 4.5000
--------------------------------------------------------------------------------
                         Iteration time: 2.53s
                           Time elapsed: 00:03:16
                                    ETA: 00:01:46

################################################################################
[1m                           Learning iteration 65/100                            [0m 

                               Run name: breadth
                            Total steps: 33792 
                       Steps per second: 192 
                        Collection time: 1.595s 
                          Learning time: 1.062s 
                        Mean value loss: 3457.7602
                    Mean surrogate loss: -0.0218
                      Mean entropy loss: 10.5205
           Mean standing_retention loss: 0.0003
                            Mean reward: -99.92
                    Mean episode length: 7.64
                        Mean action std: 0.38
  Episode_Reward/motion_global_root_pos: 0.0074
  Episode_Reward/motion_global_root_ori: 0.0062
         Episode_Reward/motion_body_pos: 0.0154
         Episode_Reward/motion_body_ori: 0.0105
     Episode_Reward/motion_body_lin_vel: 0.0125
     Episode_Reward/motion_body_ang_vel: 0.0106
          Episode_Reward/action_rate_l2: -0.0411
             Episode_Reward/joint_limit: -0.0030
         Episode_Reward/self_collisions: -0.0316
Episode_Reward/action_target_reference_l2: -0.0095
Episode_Reward/action_target_soft_limit_barrier: -0.0004
                   Episode_Reward/alive: 0.0718
 Episode_Reward/non_timeout_termination: -10.0000
Episode_Reward/worst_ee_z_normalized_squared: -0.0358
Episode_Reward/right_wrist_prethreshold_barrier: -0.0118
        Metrics/motion/error_anchor_pos: 0.0665
        Metrics/motion/error_anchor_rot: 0.1831
    Metrics/motion/error_anchor_lin_vel: 0.4521
    Metrics/motion/error_anchor_ang_vel: 1.2033
          Metrics/motion/error_body_pos: 0.2770
          Metrics/motion/error_body_rot: 0.3647
         Metrics/motion/error_joint_pos: 0.6272
         Metrics/motion/error_joint_vel: 5.8248
        Metrics/motion/sampling_entropy: 0.9480
      Metrics/motion/sampling_top1_prob: 0.0422
       Metrics/motion/sampling_top1_bin: 0.7311
      Metrics/motion/error_body_lin_vel: 0.5304
      Metrics/motion/error_body_ang_vel: 1.8101
           Episode_Termination/time_out: 0.0000
         Episode_Termination/anchor_pos: 0.0000
         Episode_Termination/anchor_ori: 0.0000
        Episode_Termination/ee_body_pos: 0.0000
Episode_Termination/corpus_clip_time_out: 0.0000
Episode_Termination/stage_one_actuation_guard: 4.0625
--------------------------------------------------------------------------------
                         Iteration time: 2.66s
                           Time elapsed: 00:03:19
                                    ETA: 00:01:42

################################################################################
[1m                           Learning iteration 66/100                            [0m 

                               Run name: breadth
                            Total steps: 34304 
                       Steps per second: 200 
                        Collection time: 1.696s 
                          Learning time: 0.855s 
                        Mean value loss: 3628.3296
                    Mean surrogate loss: -0.0282
                      Mean entropy loss: 10.5205
           Mean standing_retention loss: 0.0004
                            Mean reward: -99.87
                    Mean episode length: 7.68
                        Mean action std: 0.38
  Episode_Reward/motion_global_root_pos: 0.0068
  Episode_Reward/motion_global_root_ori: 0.0058
         Episode_Reward/motion_body_pos: 0.0139
         Episode_Reward/motion_body_ori: 0.0104
     Episode_Reward/motion_body_lin_vel: 0.0111
     Episode_Reward/motion_body_ang_vel: 0.0091
          Episode_Reward/action_rate_l2: -0.0362
             Episode_Reward/joint_limit: -0.0003
         Episode_Reward/self_collisions: -0.0225
Episode_Reward/action_target_reference_l2: -0.0068
Episode_Reward/action_target_soft_limit_barrier: -0.0004
                   Episode_Reward/alive: 0.0621
 Episode_Reward/non_timeout_termination: -10.0000
Episode_Reward/worst_ee_z_normalized_squared: -0.0186
Episode_Reward/right_wrist_prethreshold_barrier: -0.0000
        Metrics/motion/error_anchor_pos: 0.0637
        Metrics/motion/error_anchor_rot: 0.1696
    Metrics/motion/error_anchor_lin_vel: 0.4780
    Metrics/motion/error_anchor_ang_vel: 1.1093
          Metrics/motion/error_body_pos: 0.1392
          Metrics/motion/error_body_rot: 0.2926
         Metrics/motion/error_joint_pos: 0.6073
         Metrics/motion/error_joint_vel: 6.5699
        Metrics/motion/sampling_entropy: 0.9484
      Metrics/motion/sampling_top1_prob: 0.0421
       Metrics/motion/sampling_top1_bin: 0.7311
      Metrics/motion/error_body_lin_vel: 0.5270
      Metrics/motion/error_body_ang_vel: 1.9128
           Episode_Termination/time_out: 0.0000
         Episode_Termination/anchor_pos: 0.0000
         Episode_Termination/anchor_ori: 0.0000
        Episode_Termination/ee_body_pos: 0.0000
Episode_Termination/corpus_clip_time_out: 0.0000
Episode_Termination/stage_one_actuation_guard: 4.5000
--------------------------------------------------------------------------------
                         Iteration time: 2.55s
                           Time elapsed: 00:03:22
                                    ETA: 00:01:39

################################################################################
[1m                           Learning iteration 67/100                            [0m 

                               Run name: breadth
                            Total steps: 34816 
                       Steps per second: 194 
                        Collection time: 1.671s 
                          Learning time: 0.955s 
                        Mean value loss: 4157.6347
                    Mean surrogate loss: -0.0191
                      Mean entropy loss: 10.5205
           Mean standing_retention loss: 0.0004
                            Mean reward: -99.69
                    Mean episode length: 6.93
                        Mean action std: 0.38
  Episode_Reward/motion_global_root_pos: 0.0067
  Episode_Reward/motion_global_root_ori: 0.0057
         Episode_Reward/motion_body_pos: 0.0136
         Episode_Reward/motion_body_ori: 0.0097
     Episode_Reward/motion_body_lin_vel: 0.0112
     Episode_Reward/motion_body_ang_vel: 0.0097
          Episode_Reward/action_rate_l2: -0.0333
             Episode_Reward/joint_limit: -0.0004
         Episode_Reward/self_collisions: -0.0189
Episode_Reward/action_target_reference_l2: -0.0072
Episode_Reward/action_target_soft_limit_barrier: -0.0004
                   Episode_Reward/alive: 0.0613
 Episode_Reward/non_timeout_termination: -10.0000
Episode_Reward/worst_ee_z_normalized_squared: -0.0236
Episode_Reward/right_wrist_prethreshold_barrier: -0.0001
        Metrics/motion/error_anchor_pos: 0.0587
        Metrics/motion/error_anchor_rot: 0.1741
    Metrics/motion/error_anchor_lin_vel: 0.4675
    Metrics/motion/error_anchor_ang_vel: 0.9781
          Metrics/motion/error_body_pos: 0.2286
          Metrics/motion/error_body_rot: 0.3156
         Metrics/motion/error_joint_pos: 0.5436
         Metrics/motion/error_joint_vel: 5.1463
        Metrics/motion/sampling_entropy: 0.9488
      Metrics/motion/sampling_top1_prob: 0.0423
       Metrics/motion/sampling_top1_bin: 0.7311
      Metrics/motion/error_body_lin_vel: 0.4964
      Metrics/motion/error_body_ang_vel: 1.4828
           Episode_Termination/time_out: 0.0000
         Episode_Termination/anchor_pos: 0.0000
         Episode_Termination/anchor_ori: 0.0000
        Episode_Termination/ee_body_pos: 0.0625
Episode_Termination/corpus_clip_time_out: 0.0000
Episode_Termination/stage_one_actuation_guard: 5.3750
--------------------------------------------------------------------------------
                         Iteration time: 2.63s
                           Time elapsed: 00:03:24
                                    ETA: 00:01:36

################################################################################
[1m                           Learning iteration 68/100                            [0m 

                               Run name: breadth
                            Total steps: 35328 
                       Steps per second: 189 
                        Collection time: 1.608s 
                          Learning time: 1.097s 
                        Mean value loss: 3661.7201
                    Mean surrogate loss: -0.0203
                      Mean entropy loss: 10.5205
           Mean standing_retention loss: 0.0005
                            Mean reward: -98.71
                    Mean episode length: 5.79
                        Mean action std: 0.38
  Episode_Reward/motion_global_root_pos: 0.0053
  Episode_Reward/motion_global_root_ori: 0.0046
         Episode_Reward/motion_body_pos: 0.0107
         Episode_Reward/motion_body_ori: 0.0083
     Episode_Reward/motion_body_lin_vel: 0.0083
     Episode_Reward/motion_body_ang_vel: 0.0069
          Episode_Reward/action_rate_l2: -0.0294
             Episode_Reward/joint_limit: -0.0001
         Episode_Reward/self_collisions: -0.0193
Episode_Reward/action_target_reference_l2: -0.0050
Episode_Reward/action_target_soft_limit_barrier: -0.0002
                   Episode_Reward/alive: 0.0457
 Episode_Reward/non_timeout_termination: -9.8438
Episode_Reward/worst_ee_z_normalized_squared: -0.0138
Episode_Reward/right_wrist_prethreshold_barrier: -0.0000
        Metrics/motion/error_anchor_pos: 0.0607
        Metrics/motion/error_anchor_rot: 0.1518
    Metrics/motion/error_anchor_lin_vel: 0.5030
    Metrics/motion/error_anchor_ang_vel: 0.9444
          Metrics/motion/error_body_pos: 0.2998
          Metrics/motion/error_body_rot: 0.3694
         Metrics/motion/error_joint_pos: 0.5384
         Metrics/motion/error_joint_vel: 5.9446
        Metrics/motion/sampling_entropy: 0.9497
      Metrics/motion/sampling_top1_prob: 0.0422
       Metrics/motion/sampling_top1_bin: 0.7311
      Metrics/motion/error_body_lin_vel: 0.5308
      Metrics/motion/error_body_ang_vel: 1.7161
           Episode_Termination/time_out: 0.0000
         Episode_Termination/anchor_pos: 0.0000
         Episode_Termination/anchor_ori: 0.0000
        Episode_Termination/ee_body_pos: 0.0625
Episode_Termination/corpus_clip_time_out: 0.0625
Episode_Termination/stage_one_actuation_guard: 4.8750
--------------------------------------------------------------------------------
                         Iteration time: 2.70s
                           Time elapsed: 00:03:27
                                    ETA: 00:01:33

################################################################################
[1m                           Learning iteration 69/100                            [0m 

                               Run name: breadth
                            Total steps: 35840 
                       Steps per second: 190 
                        Collection time: 1.663s 
                          Learning time: 1.025s 
                        Mean value loss: 3145.8393
                    Mean surrogate loss: -0.0244
                      Mean entropy loss: 10.5205
           Mean standing_retention loss: 0.0006
                            Mean reward: -99.66
                    Mean episode length: 6.70
                        Mean action std: 0.38
  Episode_Reward/motion_global_root_pos: 0.0057
  Episode_Reward/motion_global_root_ori: 0.0052
         Episode_Reward/motion_body_pos: 0.0119
         Episode_Reward/motion_body_ori: 0.0092
     Episode_Reward/motion_body_lin_vel: 0.0093
     Episode_Reward/motion_body_ang_vel: 0.0080
          Episode_Reward/action_rate_l2: -0.0311
             Episode_Reward/joint_limit: -0.0002
         Episode_Reward/self_collisions: -0.0094
Episode_Reward/action_target_reference_l2: -0.0052
Episode_Reward/action_target_soft_limit_barrier: -0.0003
                   Episode_Reward/alive: 0.0520
 Episode_Reward/non_timeout_termination: -10.0000
Episode_Reward/worst_ee_z_normalized_squared: -0.0101
Episode_Reward/right_wrist_prethreshold_barrier: -0.0001
        Metrics/motion/error_anchor_pos: 0.0671
        Metrics/motion/error_anchor_rot: 0.1557
    Metrics/motion/error_anchor_lin_vel: 0.4694
    Metrics/motion/error_anchor_ang_vel: 1.0362
          Metrics/motion/error_body_pos: 0.3665
          Metrics/motion/error_body_rot: 0.3196
         Metrics/motion/error_joint_pos: 0.4864
         Metrics/motion/error_joint_vel: 5.9446
        Metrics/motion/sampling_entropy: 0.9499
      Metrics/motion/sampling_top1_prob: 0.0420
       Metrics/motion/sampling_top1_bin: 0.7311
      Metrics/motion/error_body_lin_vel: 0.5271
      Metrics/motion/error_body_ang_vel: 1.7870
           Episode_Termination/time_out: 0.0000
         Episode_Termination/anchor_pos: 0.0000
         Episode_Termination/anchor_ori: 0.0000
        Episode_Termination/ee_body_pos: 0.0000
Episode_Termination/corpus_clip_time_out: 0.0000
Episode_Termination/stage_one_actuation_guard: 4.2500
--------------------------------------------------------------------------------
                         Iteration time: 2.69s
                           Time elapsed: 00:03:30
                                    ETA: 00:01:30

################################################################################
[1m                           Learning iteration 70/100                            [0m 

                               Run name: breadth
                            Total steps: 36352 
                       Steps per second: 181 
                        Collection time: 1.869s 
                          Learning time: 0.959s 
                        Mean value loss: 3786.2869
                    Mean surrogate loss: -0.0201
                      Mean entropy loss: 10.5205
           Mean standing_retention loss: 0.0006
                            Mean reward: -99.62
                    Mean episode length: 7.41
                        Mean action std: 0.38
  Episode_Reward/motion_global_root_pos: 0.0064
  Episode_Reward/motion_global_root_ori: 0.0053
         Episode_Reward/motion_body_pos: 0.0132
         Episode_Reward/motion_body_ori: 0.0095
     Episode_Reward/motion_body_lin_vel: 0.0106
     Episode_Reward/motion_body_ang_vel: 0.0090
          Episode_Reward/action_rate_l2: -0.0340
             Episode_Reward/joint_limit: -0.0004
         Episode_Reward/self_collisions: -0.0175
Episode_Reward/action_target_reference_l2: -0.0070
Episode_Reward/action_target_soft_limit_barrier: -0.0003
                   Episode_Reward/alive: 0.0590
 Episode_Reward/non_timeout_termination: -10.0000
Episode_Reward/worst_ee_z_normalized_squared: -0.0239
Episode_Reward/right_wrist_prethreshold_barrier: -0.0000
        Metrics/motion/error_anchor_pos: 0.0686
        Metrics/motion/error_anchor_rot: 0.1726
    Metrics/motion/error_anchor_lin_vel: 0.4621
    Metrics/motion/error_anchor_ang_vel: 1.0229
          Metrics/motion/error_body_pos: 0.7825
          Metrics/motion/error_body_rot: 0.4494
         Metrics/motion/error_joint_pos: 0.5721
         Metrics/motion/error_joint_vel: 5.2353
        Metrics/motion/sampling_entropy: 0.9503
      Metrics/motion/sampling_top1_prob: 0.0421
       Metrics/motion/sampling_top1_bin: 0.7311
      Metrics/motion/error_body_lin_vel: 0.4895
      Metrics/motion/error_body_ang_vel: 1.5665
           Episode_Termination/time_out: 0.0000
         Episode_Termination/anchor_pos: 0.0000
         Episode_Termination/anchor_ori: 0.0000
        Episode_Termination/ee_body_pos: 0.0625
Episode_Termination/corpus_clip_time_out: 0.0000
Episode_Termination/stage_one_actuation_guard: 5.0625
--------------------------------------------------------------------------------
                         Iteration time: 2.83s
                           Time elapsed: 00:03:33
                                    ETA: 00:01:27

################################################################################
[1m                           Learning iteration 71/100                            [0m 

                               Run name: breadth
                            Total steps: 36864 
                       Steps per second: 192 
                        Collection time: 1.621s 
                          Learning time: 1.045s 
                        Mean value loss: 3367.4520
                    Mean surrogate loss: -0.0227
                      Mean entropy loss: 10.5205
           Mean standing_retention loss: 0.0006
                            Mean reward: -99.77
                    Mean episode length: 4.50
                        Mean action std: 0.38
  Episode_Reward/motion_global_root_pos: 0.0044
  Episode_Reward/motion_global_root_ori: 0.0039
         Episode_Reward/motion_body_pos: 0.0089
         Episode_Reward/motion_body_ori: 0.0071
     Episode_Reward/motion_body_lin_vel: 0.0069
     Episode_Reward/motion_body_ang_vel: 0.0060
          Episode_Reward/action_rate_l2: -0.0248
             Episode_Reward/joint_limit: -0.0004
         Episode_Reward/self_collisions: -0.0148
Episode_Reward/action_target_reference_l2: -0.0036
Episode_Reward/action_target_soft_limit_barrier: -0.0002
                   Episode_Reward/alive: 0.0358
 Episode_Reward/non_timeout_termination: -10.0000
Episode_Reward/worst_ee_z_normalized_squared: -0.0070
Episode_Reward/right_wrist_prethreshold_barrier: 0.0000
        Metrics/motion/error_anchor_pos: 0.0531
        Metrics/motion/error_anchor_rot: 0.1558
    Metrics/motion/error_anchor_lin_vel: 0.4377
    Metrics/motion/error_anchor_ang_vel: 1.0220
          Metrics/motion/error_body_pos: 0.6749
          Metrics/motion/error_body_rot: 0.4580
         Metrics/motion/error_joint_pos: 0.4597
         Metrics/motion/error_joint_vel: 5.0970
        Metrics/motion/sampling_entropy: 0.9507
      Metrics/motion/sampling_top1_prob: 0.0414
       Metrics/motion/sampling_top1_bin: 0.7311
      Metrics/motion/error_body_lin_vel: 0.4961
      Metrics/motion/error_body_ang_vel: 1.5069
           Episode_Termination/time_out: 0.0000
         Episode_Termination/anchor_pos: 0.0000
         Episode_Termination/anchor_ori: 0.0000
        Episode_Termination/ee_body_pos: 0.0000
Episode_Termination/corpus_clip_time_out: 0.0000
Episode_Termination/stage_one_actuation_guard: 5.5000
--------------------------------------------------------------------------------
                         Iteration time: 2.67s
                           Time elapsed: 00:03:35
                                    ETA: 00:01:23

################################################################################
[1m                           Learning iteration 72/100                            [0m 

                               Run name: breadth
                            Total steps: 37376 
                       Steps per second: 168 
                        Collection time: 1.931s 
                          Learning time: 1.099s 
                        Mean value loss: 3215.7057
                    Mean surrogate loss: -0.0202
                      Mean entropy loss: 10.5205
           Mean standing_retention loss: 0.0006
                            Mean reward: -97.72
                    Mean episode length: 7.07
                        Mean action std: 0.38
  Episode_Reward/motion_global_root_pos: 0.0064
  Episode_Reward/motion_global_root_ori: 0.0057
         Episode_Reward/motion_body_pos: 0.0134
         Episode_Reward/motion_body_ori: 0.0096
     Episode_Reward/motion_body_lin_vel: 0.0104
     Episode_Reward/motion_body_ang_vel: 0.0088
          Episode_Reward/action_rate_l2: -0.0372
             Episode_Reward/joint_limit: -0.0012
         Episode_Reward/self_collisions: -0.0168
Episode_Reward/action_target_reference_l2: -0.0070
Episode_Reward/action_target_soft_limit_barrier: -0.0003
                   Episode_Reward/alive: 0.0602
 Episode_Reward/non_timeout_termination: -9.6250
Episode_Reward/worst_ee_z_normalized_squared: -0.0207
Episode_Reward/right_wrist_prethreshold_barrier: -0.0005
        Metrics/motion/error_anchor_pos: 0.0742
        Metrics/motion/error_anchor_rot: 0.1638
    Metrics/motion/error_anchor_lin_vel: 0.4911
    Metrics/motion/error_anchor_ang_vel: 1.1171
          Metrics/motion/error_body_pos: 0.3533
          Metrics/motion/error_body_rot: 0.3881
         Metrics/motion/error_joint_pos: 0.5876
         Metrics/motion/error_joint_vel: 5.8564
        Metrics/motion/sampling_entropy: 0.9507
      Metrics/motion/sampling_top1_prob: 0.0410
       Metrics/motion/sampling_top1_bin: 0.7311
      Metrics/motion/error_body_lin_vel: 0.5265
      Metrics/motion/error_body_ang_vel: 1.7904
           Episode_Termination/time_out: 0.0000
         Episode_Termination/anchor_pos: 0.0625
         Episode_Termination/anchor_ori: 0.0000
        Episode_Termination/ee_body_pos: 0.1250
Episode_Termination/corpus_clip_time_out: 0.1250
Episode_Termination/stage_one_actuation_guard: 4.3125
--------------------------------------------------------------------------------
                         Iteration time: 3.03s
                           Time elapsed: 00:03:38
                                    ETA: 00:01:20

################################################################################
[1m                           Learning iteration 73/100                            [0m 

                               Run name: breadth
                            Total steps: 37888 
                       Steps per second: 189 
                        Collection time: 1.607s 
                          Learning time: 1.094s 
                        Mean value loss: 3341.6482
                    Mean surrogate loss: -0.0223
                      Mean entropy loss: 10.5205
           Mean standing_retention loss: 0.0006
                            Mean reward: -99.52
                    Mean episode length: 7.19
                        Mean action std: 0.38
  Episode_Reward/motion_global_root_pos: 0.0073
  Episode_Reward/motion_global_root_ori: 0.0066
         Episode_Reward/motion_body_pos: 0.0153
         Episode_Reward/motion_body_ori: 0.0114
     Episode_Reward/motion_body_lin_vel: 0.0122
     Episode_Reward/motion_body_ang_vel: 0.0105
          Episode_Reward/action_rate_l2: -0.0356
             Episode_Reward/joint_limit: -0.0001
         Episode_Reward/self_collisions: -0.0110
Episode_Reward/action_target_reference_l2: -0.0074
Episode_Reward/action_target_soft_limit_barrier: -0.0003
                   Episode_Reward/alive: 0.0691
 Episode_Reward/non_timeout_termination: -10.0000
Episode_Reward/worst_ee_z_normalized_squared: -0.0138
Episode_Reward/right_wrist_prethreshold_barrier: -0.0001
        Metrics/motion/error_anchor_pos: 0.0693
        Metrics/motion/error_anchor_rot: 0.1595
    Metrics/motion/error_anchor_lin_vel: 0.5114
    Metrics/motion/error_anchor_ang_vel: 1.0834
          Metrics/motion/error_body_pos: 0.4133
          Metrics/motion/error_body_rot: 0.3584
         Metrics/motion/error_joint_pos: 0.5835
         Metrics/motion/error_joint_vel: 6.2144
        Metrics/motion/sampling_entropy: 0.9500
      Metrics/motion/sampling_top1_prob: 0.0412
       Metrics/motion/sampling_top1_bin: 0.7311
      Metrics/motion/error_body_lin_vel: 0.5504
      Metrics/motion/error_body_ang_vel: 1.8726
           Episode_Termination/time_out: 0.0000
         Episode_Termination/anchor_pos: 0.0000
         Episode_Termination/anchor_ori: 0.0000
        Episode_Termination/ee_body_pos: 0.0000
Episode_Termination/corpus_clip_time_out: 0.0000
Episode_Termination/stage_one_actuation_guard: 4.4375
--------------------------------------------------------------------------------
                         Iteration time: 2.70s
                           Time elapsed: 00:03:41
                                    ETA: 00:01:17

################################################################################
[1m                           Learning iteration 74/100                            [0m 

                               Run name: breadth
                            Total steps: 38400 
                       Steps per second: 92 
                        Collection time: 4.593s 
                          Learning time: 0.953s 
                        Mean value loss: 3659.3240
                    Mean surrogate loss: -0.0205
                      Mean entropy loss: 10.5205
           Mean standing_retention loss: 0.0005
                            Mean reward: -99.65
                    Mean episode length: 6.49
                        Mean action std: 0.38
  Episode_Reward/motion_global_root_pos: 0.0058
  Episode_Reward/motion_global_root_ori: 0.0049
         Episode_Reward/motion_body_pos: 0.0117
         Episode_Reward/motion_body_ori: 0.0087
     Episode_Reward/motion_body_lin_vel: 0.0091
     Episode_Reward/motion_body_ang_vel: 0.0077
          Episode_Reward/action_rate_l2: -0.0334
             Episode_Reward/joint_limit: -0.0001
         Episode_Reward/self_collisions: -0.0098
Episode_Reward/action_target_reference_l2: -0.0056
Episode_Reward/action_target_soft_limit_barrier: -0.0003
                   Episode_Reward/alive: 0.0510
 Episode_Reward/non_timeout_termination: -10.0000
Episode_Reward/worst_ee_z_normalized_squared: -0.0181
Episode_Reward/right_wrist_prethreshold_barrier: -0.0000
        Metrics/motion/error_anchor_pos: 0.0616
        Metrics/motion/error_anchor_rot: 0.1654
    Metrics/motion/error_anchor_lin_vel: 0.5178
    Metrics/motion/error_anchor_ang_vel: 1.1076
          Metrics/motion/error_body_pos: 0.4197
          Metrics/motion/error_body_rot: 0.4034
         Metrics/motion/error_joint_pos: 0.5263
         Metrics/motion/error_joint_vel: 6.2616
        Metrics/motion/sampling_entropy: 0.9497
      Metrics/motion/sampling_top1_prob: 0.0409
       Metrics/motion/sampling_top1_bin: 0.7311
      Metrics/motion/error_body_lin_vel: 0.5700
      Metrics/motion/error_body_ang_vel: 1.7977
           Episode_Termination/time_out: 0.0000
         Episode_Termination/anchor_pos: 0.0000
         Episode_Termination/anchor_ori: 0.0000
        Episode_Termination/ee_body_pos: 0.0000
Episode_Termination/corpus_clip_time_out: 0.0000
Episode_Termination/stage_one_actuation_guard: 5.1875
--------------------------------------------------------------------------------
                         Iteration time: 5.55s
                           Time elapsed: 00:03:46
                                    ETA: 00:01:15

################################################################################
[1m                           Learning iteration 75/100                            [0m 

                               Run name: breadth
                            Total steps: 38912 
                       Steps per second: 174 
                        Collection time: 1.884s 
                          Learning time: 1.051s 
                        Mean value loss: 2561.7609
                    Mean surrogate loss: -0.0226
                      Mean entropy loss: 10.5205
           Mean standing_retention loss: 0.0005
                            Mean reward: -99.78
                    Mean episode length: 6.07
                        Mean action std: 0.38
  Episode_Reward/motion_global_root_pos: 0.0054
  Episode_Reward/motion_global_root_ori: 0.0046
         Episode_Reward/motion_body_pos: 0.0110
         Episode_Reward/motion_body_ori: 0.0082
     Episode_Reward/motion_body_lin_vel: 0.0087
     Episode_Reward/motion_body_ang_vel: 0.0074
          Episode_Reward/action_rate_l2: -0.0299
             Episode_Reward/joint_limit: -0.0003
         Episode_Reward/self_collisions: -0.0272
Episode_Reward/action_target_reference_l2: -0.0053
Episode_Reward/action_target_soft_limit_barrier: -0.0003
                   Episode_Reward/alive: 0.0471
 Episode_Reward/non_timeout_termination: -10.0000
Episode_Reward/worst_ee_z_normalized_squared: -0.0171
Episode_Reward/right_wrist_prethreshold_barrier: -0.0001
        Metrics/motion/error_anchor_pos: 0.0564
        Metrics/motion/error_anchor_rot: 0.1619
    Metrics/motion/error_anchor_lin_vel: 0.5131
    Metrics/motion/error_anchor_ang_vel: 1.0043
          Metrics/motion/error_body_pos: 0.5298
          Metrics/motion/error_body_rot: 0.3566
         Metrics/motion/error_joint_pos: 0.5290
         Metrics/motion/error_joint_vel: 5.9093
        Metrics/motion/sampling_entropy: 0.9499
      Metrics/motion/sampling_top1_prob: 0.0411
       Metrics/motion/sampling_top1_bin: 0.7311
      Metrics/motion/error_body_lin_vel: 0.5441
      Metrics/motion/error_body_ang_vel: 1.7316
           Episode_Termination/time_out: 0.0000
         Episode_Termination/anchor_pos: 0.0000
         Episode_Termination/anchor_ori: 0.0000
        Episode_Termination/ee_body_pos: 0.0000
Episode_Termination/corpus_clip_time_out: 0.0000
Episode_Termination/stage_one_actuation_guard: 3.6875
--------------------------------------------------------------------------------
                         Iteration time: 2.94s
                           Time elapsed: 00:03:49
                                    ETA: 00:01:12

################################################################################
[1m                           Learning iteration 76/100                            [0m 

                               Run name: breadth
                            Total steps: 39424 
                       Steps per second: 175 
                        Collection time: 1.715s 
                          Learning time: 1.205s 
                        Mean value loss: 3558.0502
                    Mean surrogate loss: -0.0229
                      Mean entropy loss: 10.5205
           Mean standing_retention loss: 0.0005
                            Mean reward: -99.60
                    Mean episode length: 7.61
                        Mean action std: 0.38
  Episode_Reward/motion_global_root_pos: 0.0074
  Episode_Reward/motion_global_root_ori: 0.0067
         Episode_Reward/motion_body_pos: 0.0159
         Episode_Reward/motion_body_ori: 0.0111
     Episode_Reward/motion_body_lin_vel: 0.0133
     Episode_Reward/motion_body_ang_vel: 0.0113
          Episode_Reward/action_rate_l2: -0.0385
             Episode_Reward/joint_limit: -0.0011
         Episode_Reward/self_collisions: -0.0128
Episode_Reward/action_target_reference_l2: -0.0087
Episode_Reward/action_target_soft_limit_barrier: -0.0002
                   Episode_Reward/alive: 0.0736
 Episode_Reward/non_timeout_termination: -10.0000
Episode_Reward/worst_ee_z_normalized_squared: -0.0268
Episode_Reward/right_wrist_prethreshold_barrier: -0.0070
        Metrics/motion/error_anchor_pos: 0.0688
        Metrics/motion/error_anchor_rot: 0.1712
    Metrics/motion/error_anchor_lin_vel: 0.4941
    Metrics/motion/error_anchor_ang_vel: 0.9886
          Metrics/motion/error_body_pos: 0.3538
          Metrics/motion/error_body_rot: 0.4307
         Metrics/motion/error_joint_pos: 0.5719
         Metrics/motion/error_joint_vel: 5.3963
        Metrics/motion/sampling_entropy: 0.9500
      Metrics/motion/sampling_top1_prob: 0.0421
       Metrics/motion/sampling_top1_bin: 0.7311
      Metrics/motion/error_body_lin_vel: 0.5269
      Metrics/motion/error_body_ang_vel: 1.5698
           Episode_Termination/time_out: 0.0000
         Episode_Termination/anchor_pos: 0.0625
         Episode_Termination/anchor_ori: 0.0000
        Episode_Termination/ee_body_pos: 0.0000
Episode_Termination/corpus_clip_time_out: 0.0000
Episode_Termination/stage_one_actuation_guard: 4.9375
--------------------------------------------------------------------------------
                         Iteration time: 2.92s
                           Time elapsed: 00:03:52
                                    ETA: 00:01:09

################################################################################
[1m                           Learning iteration 77/100                            [0m 

                               Run name: breadth
                            Total steps: 39936 
                       Steps per second: 182 
                        Collection time: 1.634s 
                          Learning time: 1.175s 
                        Mean value loss: 2704.9171
                    Mean surrogate loss: -0.0168
                      Mean entropy loss: 10.5205
           Mean standing_retention loss: 0.0005
                            Mean reward: -99.50
                    Mean episode length: 7.98
                        Mean action std: 0.38
  Episode_Reward/motion_global_root_pos: 0.0068
  Episode_Reward/motion_global_root_ori: 0.0058
         Episode_Reward/motion_body_pos: 0.0140
         Episode_Reward/motion_body_ori: 0.0097
     Episode_Reward/motion_body_lin_vel: 0.0114
     Episode_Reward/motion_body_ang_vel: 0.0097
          Episode_Reward/action_rate_l2: -0.0334
             Episode_Reward/joint_limit: -0.0002
         Episode_Reward/self_collisions: -0.0131
Episode_Reward/action_target_reference_l2: -0.0078
Episode_Reward/action_target_soft_limit_barrier: -0.0002
                   Episode_Reward/alive: 0.0631
 Episode_Reward/non_timeout_termination: -10.0000
Episode_Reward/worst_ee_z_normalized_squared: -0.0221
Episode_Reward/right_wrist_prethreshold_barrier: 0.0000
        Metrics/motion/error_anchor_pos: 0.0576
        Metrics/motion/error_anchor_rot: 0.1587
    Metrics/motion/error_anchor_lin_vel: 0.4795
    Metrics/motion/error_anchor_ang_vel: 1.0719
          Metrics/motion/error_body_pos: 0.2093
          Metrics/motion/error_body_rot: 0.3480
         Metrics/motion/error_joint_pos: 0.5424
         Metrics/motion/error_joint_vel: 6.0873
        Metrics/motion/sampling_entropy: 0.9503
      Metrics/motion/sampling_top1_prob: 0.0422
       Metrics/motion/sampling_top1_bin: 0.7311
      Metrics/motion/error_body_lin_vel: 0.5239
      Metrics/motion/error_body_ang_vel: 1.7640
           Episode_Termination/time_out: 0.0000
         Episode_Termination/anchor_pos: 0.0000
         Episode_Termination/anchor_ori: 0.0000
        Episode_Termination/ee_body_pos: 0.0000
Episode_Termination/corpus_clip_time_out: 0.0000
Episode_Termination/stage_one_actuation_guard: 4.0000
--------------------------------------------------------------------------------
                         Iteration time: 2.81s
                           Time elapsed: 00:03:55
                                    ETA: 00:01:06

################################################################################
[1m                           Learning iteration 78/100                            [0m 

                               Run name: breadth
                            Total steps: 40448 
                       Steps per second: 189 
                        Collection time: 1.809s 
                          Learning time: 0.896s 
                        Mean value loss: 2529.3790
                    Mean surrogate loss: -0.0147
                      Mean entropy loss: 10.5205
           Mean standing_retention loss: 0.0005
                            Mean reward: -99.54
                    Mean episode length: 7.57
                        Mean action std: 0.38
  Episode_Reward/motion_global_root_pos: 0.0076
  Episode_Reward/motion_global_root_ori: 0.0066
         Episode_Reward/motion_body_pos: 0.0159
         Episode_Reward/motion_body_ori: 0.0116
     Episode_Reward/motion_body_lin_vel: 0.0128
     Episode_Reward/motion_body_ang_vel: 0.0114
          Episode_Reward/action_rate_l2: -0.0363
             Episode_Reward/joint_limit: -0.0003
         Episode_Reward/self_collisions: -0.0232
Episode_Reward/action_target_reference_l2: -0.0084
Episode_Reward/action_target_soft_limit_barrier: -0.0004
                   Episode_Reward/alive: 0.0733
 Episode_Reward/non_timeout_termination: -10.0000
Episode_Reward/worst_ee_z_normalized_squared: -0.0269
Episode_Reward/right_wrist_prethreshold_barrier: -0.0049
        Metrics/motion/error_anchor_pos: 0.0764
        Metrics/motion/error_anchor_rot: 0.1706
    Metrics/motion/error_anchor_lin_vel: 0.4757
    Metrics/motion/error_anchor_ang_vel: 0.8880
          Metrics/motion/error_body_pos: 0.1801
          Metrics/motion/error_body_rot: 0.3379
         Metrics/motion/error_joint_pos: 0.5745
         Metrics/motion/error_joint_vel: 5.5857
        Metrics/motion/sampling_entropy: 0.9504
      Metrics/motion/sampling_top1_prob: 0.0422
       Metrics/motion/sampling_top1_bin: 0.7311
      Metrics/motion/error_body_lin_vel: 0.4982
      Metrics/motion/error_body_ang_vel: 1.5727
           Episode_Termination/time_out: 0.0000
         Episode_Termination/anchor_pos: 0.0000
         Episode_Termination/anchor_ori: 0.0000
        Episode_Termination/ee_body_pos: 0.0000
Episode_Termination/corpus_clip_time_out: 0.0000
Episode_Termination/stage_one_actuation_guard: 3.6250
--------------------------------------------------------------------------------
                         Iteration time: 2.70s
                           Time elapsed: 00:03:58
                                    ETA: 00:01:03

################################################################################
[1m                           Learning iteration 79/100                            [0m 

                               Run name: breadth
                            Total steps: 40960 
                       Steps per second: 207 
                        Collection time: 1.620s 
                          Learning time: 0.853s 
                        Mean value loss: 2874.4060
                    Mean surrogate loss: -0.0235
                      Mean entropy loss: 10.5205
           Mean standing_retention loss: 0.0005
                            Mean reward: -97.60
                    Mean episode length: 8.14
                        Mean action std: 0.38
  Episode_Reward/motion_global_root_pos: 0.0069
  Episode_Reward/motion_global_root_ori: 0.0061
         Episode_Reward/motion_body_pos: 0.0143
         Episode_Reward/motion_body_ori: 0.0102
     Episode_Reward/motion_body_lin_vel: 0.0118
     Episode_Reward/motion_body_ang_vel: 0.0100
          Episode_Reward/action_rate_l2: -0.0364
             Episode_Reward/joint_limit: -0.0011
         Episode_Reward/self_collisions: -0.0166
Episode_Reward/action_target_reference_l2: -0.0077
Episode_Reward/action_target_soft_limit_barrier: -0.0003
                   Episode_Reward/alive: 0.0655
 Episode_Reward/non_timeout_termination: -9.7545
Episode_Reward/worst_ee_z_normalized_squared: -0.0267
Episode_Reward/right_wrist_prethreshold_barrier: -0.0054
        Metrics/motion/error_anchor_pos: 0.0691
        Metrics/motion/error_anchor_rot: 0.1569
    Metrics/motion/error_anchor_lin_vel: 0.4769
    Metrics/motion/error_anchor_ang_vel: 0.9562
          Metrics/motion/error_body_pos: 0.7978
          Metrics/motion/error_body_rot: 0.4544
         Metrics/motion/error_joint_pos: 0.5829
         Metrics/motion/error_joint_vel: 5.4948
        Metrics/motion/sampling_entropy: 0.9503
      Metrics/motion/sampling_top1_prob: 0.0422
       Metrics/motion/sampling_top1_bin: 0.7311
      Metrics/motion/error_body_lin_vel: 0.5053
      Metrics/motion/error_body_ang_vel: 1.5727
           Episode_Termination/time_out: 0.0000
         Episode_Termination/anchor_pos: 0.0000
         Episode_Termination/anchor_ori: 0.0000
        Episode_Termination/ee_body_pos: 0.0000
Episode_Termination/corpus_clip_time_out: 0.1250
Episode_Termination/stage_one_actuation_guard: 4.2500
--------------------------------------------------------------------------------
                         Iteration time: 2.47s
                           Time elapsed: 00:04:00
                                    ETA: 00:01:00

################################################################################
[1m                           Learning iteration 80/100                            [0m 

                               Run name: breadth
                            Total steps: 41472 
                       Steps per second: 206 
                        Collection time: 1.649s 
                          Learning time: 0.826s 
                        Mean value loss: 3332.9456
                    Mean surrogate loss: -0.0192
                      Mean entropy loss: 10.5205
           Mean standing_retention loss: 0.0005
                            Mean reward: -99.81
                    Mean episode length: 7.27
                        Mean action std: 0.38
  Episode_Reward/motion_global_root_pos: 0.0070
  Episode_Reward/motion_global_root_ori: 0.0062
         Episode_Reward/motion_body_pos: 0.0143
         Episode_Reward/motion_body_ori: 0.0108
     Episode_Reward/motion_body_lin_vel: 0.0116
     Episode_Reward/motion_body_ang_vel: 0.0099
          Episode_Reward/action_rate_l2: -0.0350
             Episode_Reward/joint_limit: -0.0013
         Episode_Reward/self_collisions: -0.0160
Episode_Reward/action_target_reference_l2: -0.0065
Episode_Reward/action_target_soft_limit_barrier: -0.0002
                   Episode_Reward/alive: 0.0643
 Episode_Reward/non_timeout_termination: -10.0000
Episode_Reward/worst_ee_z_normalized_squared: -0.0186
Episode_Reward/right_wrist_prethreshold_barrier: -0.0214
        Metrics/motion/error_anchor_pos: 0.0604
        Metrics/motion/error_anchor_rot: 0.1618
    Metrics/motion/error_anchor_lin_vel: 0.4612
    Metrics/motion/error_anchor_ang_vel: 1.0987
          Metrics/motion/error_body_pos: 0.2775
          Metrics/motion/error_body_rot: 0.3774
         Metrics/motion/error_joint_pos: 0.5524
         Metrics/motion/error_joint_vel: 5.0731
        Metrics/motion/sampling_entropy: 0.9507
      Metrics/motion/sampling_top1_prob: 0.0419
       Metrics/motion/sampling_top1_bin: 0.7311
      Metrics/motion/error_body_lin_vel: 0.5062
      Metrics/motion/error_body_ang_vel: 1.5811
           Episode_Termination/time_out: 0.0000
         Episode_Termination/anchor_pos: 0.0000
         Episode_Termination/anchor_ori: 0.0000
        Episode_Termination/ee_body_pos: 0.0667
Episode_Termination/corpus_clip_time_out: 0.0000
Episode_Termination/stage_one_actuation_guard: 5.0667
--------------------------------------------------------------------------------
                         Iteration time: 2.47s
                           Time elapsed: 00:04:03
                                    ETA: 00:00:57

################################################################################
[1m                           Learning iteration 81/100                            [0m 

                               Run name: breadth
                            Total steps: 41984 
                       Steps per second: 186 
                        Collection time: 1.691s 
                          Learning time: 1.050s 
                        Mean value loss: 3164.9106
                    Mean surrogate loss: -0.0228
                      Mean entropy loss: 10.5205
           Mean standing_retention loss: 0.0005
                            Mean reward: -99.55
                    Mean episode length: 6.89
                        Mean action std: 0.38
  Episode_Reward/motion_global_root_pos: 0.0059
  Episode_Reward/motion_global_root_ori: 0.0053
         Episode_Reward/motion_body_pos: 0.0126
         Episode_Reward/motion_body_ori: 0.0093
     Episode_Reward/motion_body_lin_vel: 0.0100
     Episode_Reward/motion_body_ang_vel: 0.0088
          Episode_Reward/action_rate_l2: -0.0328
             Episode_Reward/joint_limit: -0.0002
         Episode_Reward/self_collisions: -0.0101
Episode_Reward/action_target_reference_l2: -0.0062
Episode_Reward/action_target_soft_limit_barrier: -0.0003
                   Episode_Reward/alive: 0.0551
 Episode_Reward/non_timeout_termination: -10.0000
Episode_Reward/worst_ee_z_normalized_squared: -0.0158
Episode_Reward/right_wrist_prethreshold_barrier: 0.0000
        Metrics/motion/error_anchor_pos: 0.0650
        Metrics/motion/error_anchor_rot: 0.1473
    Metrics/motion/error_anchor_lin_vel: 0.4933
    Metrics/motion/error_anchor_ang_vel: 0.9289
          Metrics/motion/error_body_pos: 0.4040
          Metrics/motion/error_body_rot: 0.3485
         Metrics/motion/error_joint_pos: 0.5082
         Metrics/motion/error_joint_vel: 5.1486
        Metrics/motion/sampling_entropy: 0.9513
      Metrics/motion/sampling_top1_prob: 0.0413
       Metrics/motion/sampling_top1_bin: 0.7311
      Metrics/motion/error_body_lin_vel: 0.5134
      Metrics/motion/error_body_ang_vel: 1.5976
           Episode_Termination/time_out: 0.0000
         Episode_Termination/anchor_pos: 0.0000
         Episode_Termination/anchor_ori: 0.0000
        Episode_Termination/ee_body_pos: 0.0000
Episode_Termination/corpus_clip_time_out: 0.0000
Episode_Termination/stage_one_actuation_guard: 4.6875
--------------------------------------------------------------------------------
                         Iteration time: 2.74s
                           Time elapsed: 00:04:06
                                    ETA: 00:00:54

################################################################################
[1m                           Learning iteration 82/100                            [0m 

                               Run name: breadth
                            Total steps: 42496 
                       Steps per second: 205 
                        Collection time: 1.669s 
                          Learning time: 0.817s 
                        Mean value loss: 3465.4410
                    Mean surrogate loss: -0.0154
                      Mean entropy loss: 10.5205
           Mean standing_retention loss: 0.0005
                            Mean reward: -99.73
                    Mean episode length: 6.45
                        Mean action std: 0.38
  Episode_Reward/motion_global_root_pos: 0.0065
  Episode_Reward/motion_global_root_ori: 0.0052
         Episode_Reward/motion_body_pos: 0.0131
         Episode_Reward/motion_body_ori: 0.0093
     Episode_Reward/motion_body_lin_vel: 0.0105
     Episode_Reward/motion_body_ang_vel: 0.0090
          Episode_Reward/action_rate_l2: -0.0327
             Episode_Reward/joint_limit: -0.0003
         Episode_Reward/self_collisions: -0.0222
Episode_Reward/action_target_reference_l2: -0.0073
Episode_Reward/action_target_soft_limit_barrier: -0.0005
                   Episode_Reward/alive: 0.0588
 Episode_Reward/non_timeout_termination: -10.0000
Episode_Reward/worst_ee_z_normalized_squared: -0.0272
Episode_Reward/right_wrist_prethreshold_barrier: -0.0000
        Metrics/motion/error_anchor_pos: 0.0634
        Metrics/motion/error_anchor_rot: 0.1811
    Metrics/motion/error_anchor_lin_vel: 0.4694
    Metrics/motion/error_anchor_ang_vel: 0.9657
          Metrics/motion/error_body_pos: 0.2854
          Metrics/motion/error_body_rot: 0.3852
         Metrics/motion/error_joint_pos: 0.5439
         Metrics/motion/error_joint_vel: 5.1093
        Metrics/motion/sampling_entropy: 0.9510
      Metrics/motion/sampling_top1_prob: 0.0409
       Metrics/motion/sampling_top1_bin: 0.7311
      Metrics/motion/error_body_lin_vel: 0.5086
      Metrics/motion/error_body_ang_vel: 1.5325
           Episode_Termination/time_out: 0.0000
         Episode_Termination/anchor_pos: 0.0000
         Episode_Termination/anchor_ori: 0.0000
        Episode_Termination/ee_body_pos: 0.0625
Episode_Termination/corpus_clip_time_out: 0.0000
Episode_Termination/stage_one_actuation_guard: 5.4375
--------------------------------------------------------------------------------
                         Iteration time: 2.49s
                           Time elapsed: 00:04:08
                                    ETA: 00:00:50

################################################################################
[1m                           Learning iteration 83/100                            [0m 

                               Run name: breadth
                            Total steps: 43008 
                       Steps per second: 207 
                        Collection time: 1.592s 
                          Learning time: 0.870s 
                        Mean value loss: 2575.4174
                    Mean surrogate loss: -0.0233
                      Mean entropy loss: 10.5205
           Mean standing_retention loss: 0.0005
                            Mean reward: -98.69
                    Mean episode length: 5.85
                        Mean action std: 0.38
  Episode_Reward/motion_global_root_pos: 0.0054
  Episode_Reward/motion_global_root_ori: 0.0048
         Episode_Reward/motion_body_pos: 0.0112
         Episode_Reward/motion_body_ori: 0.0084
     Episode_Reward/motion_body_lin_vel: 0.0089
     Episode_Reward/motion_body_ang_vel: 0.0078
          Episode_Reward/action_rate_l2: -0.0296
             Episode_Reward/joint_limit: -0.0001
         Episode_Reward/self_collisions: -0.0093
Episode_Reward/action_target_reference_l2: -0.0050
Episode_Reward/action_target_soft_limit_barrier: -0.0002
                   Episode_Reward/alive: 0.0477
 Episode_Reward/non_timeout_termination: -9.8438
Episode_Reward/worst_ee_z_normalized_squared: -0.0135
Episode_Reward/right_wrist_prethreshold_barrier: 0.0000
        Metrics/motion/error_anchor_pos: 0.0555
        Metrics/motion/error_anchor_rot: 0.1633
    Metrics/motion/error_anchor_lin_vel: 0.4845
    Metrics/motion/error_anchor_ang_vel: 0.9060
          Metrics/motion/error_body_pos: 0.1934
          Metrics/motion/error_body_rot: 0.3404
         Metrics/motion/error_joint_pos: 0.4866
         Metrics/motion/error_joint_vel: 5.3858
        Metrics/motion/sampling_entropy: 0.9515
      Metrics/motion/sampling_top1_prob: 0.0402
       Metrics/motion/sampling_top1_bin: 0.7311
      Metrics/motion/error_body_lin_vel: 0.5332
      Metrics/motion/error_body_ang_vel: 1.6259
           Episode_Termination/time_out: 0.0000
         Episode_Termination/anchor_pos: 0.0000
         Episode_Termination/anchor_ori: 0.0000
        Episode_Termination/ee_body_pos: 0.0000
Episode_Termination/corpus_clip_time_out: 0.0625
Episode_Termination/stage_one_actuation_guard: 4.1250
--------------------------------------------------------------------------------
                         Iteration time: 2.46s
                           Time elapsed: 00:04:11
                                    ETA: 00:00:47

################################################################################
[1m                           Learning iteration 84/100                            [0m 

                               Run name: breadth
                            Total steps: 43520 
                       Steps per second: 152 
                        Collection time: 2.090s 
                          Learning time: 1.261s 
                        Mean value loss: 2762.5572
                    Mean surrogate loss: -0.0186
                      Mean entropy loss: 10.5205
           Mean standing_retention loss: 0.0004
                            Mean reward: -99.89
                    Mean episode length: 7.25
                        Mean action std: 0.38
  Episode_Reward/motion_global_root_pos: 0.0068
  Episode_Reward/motion_global_root_ori: 0.0060
         Episode_Reward/motion_body_pos: 0.0140
         Episode_Reward/motion_body_ori: 0.0100
     Episode_Reward/motion_body_lin_vel: 0.0112
     Episode_Reward/motion_body_ang_vel: 0.0097
          Episode_Reward/action_rate_l2: -0.0337
             Episode_Reward/joint_limit: -0.0016
         Episode_Reward/self_collisions: -0.0186
Episode_Reward/action_target_reference_l2: -0.0074
Episode_Reward/action_target_soft_limit_barrier: -0.0002
                   Episode_Reward/alive: 0.0639
 Episode_Reward/non_timeout_termination: -10.0000
Episode_Reward/worst_ee_z_normalized_squared: -0.0288
Episode_Reward/right_wrist_prethreshold_barrier: -0.0399
        Metrics/motion/error_anchor_pos: 0.0712
        Metrics/motion/error_anchor_rot: 0.1675
    Metrics/motion/error_anchor_lin_vel: 0.4975
    Metrics/motion/error_anchor_ang_vel: 1.0668
          Metrics/motion/error_body_pos: 0.7915
          Metrics/motion/error_body_rot: 0.4724
         Metrics/motion/error_joint_pos: 0.5902
         Metrics/motion/error_joint_vel: 6.0541
        Metrics/motion/sampling_entropy: 0.9522
      Metrics/motion/sampling_top1_prob: 0.0397
       Metrics/motion/sampling_top1_bin: 0.7311
      Metrics/motion/error_body_lin_vel: 0.5280
      Metrics/motion/error_body_ang_vel: 1.7475
           Episode_Termination/time_out: 0.0000
         Episode_Termination/anchor_pos: 0.0000
         Episode_Termination/anchor_ori: 0.0000
        Episode_Termination/ee_body_pos: 0.1250
Episode_Termination/corpus_clip_time_out: 0.0000
Episode_Termination/stage_one_actuation_guard: 3.8750
--------------------------------------------------------------------------------
                         Iteration time: 3.35s
                           Time elapsed: 00:04:14
                                    ETA: 00:00:44

################################################################################
[1m                           Learning iteration 85/100                            [0m 

                               Run name: breadth
                            Total steps: 44032 
                       Steps per second: 80 
                        Collection time: 5.333s 
                          Learning time: 1.026s 
                        Mean value loss: 2815.8895
                    Mean surrogate loss: -0.0211
                      Mean entropy loss: 10.5205
           Mean standing_retention loss: 0.0003
                            Mean reward: -97.59
                    Mean episode length: 7.45
                        Mean action std: 0.38
  Episode_Reward/motion_global_root_pos: 0.0058
  Episode_Reward/motion_global_root_ori: 0.0049
         Episode_Reward/motion_body_pos: 0.0118
         Episode_Reward/motion_body_ori: 0.0086
     Episode_Reward/motion_body_lin_vel: 0.0094
     Episode_Reward/motion_body_ang_vel: 0.0079
          Episode_Reward/action_rate_l2: -0.0318
             Episode_Reward/joint_limit: -0.0006
         Episode_Reward/self_collisions: -0.0122
Episode_Reward/action_target_reference_l2: -0.0061
Episode_Reward/action_target_soft_limit_barrier: -0.0002
                   Episode_Reward/alive: 0.0517
 Episode_Reward/non_timeout_termination: -9.6667
Episode_Reward/worst_ee_z_normalized_squared: -0.0170
Episode_Reward/right_wrist_prethreshold_barrier: 0.0000
        Metrics/motion/error_anchor_pos: 0.0611
        Metrics/motion/error_anchor_rot: 0.1649
    Metrics/motion/error_anchor_lin_vel: 0.4506
    Metrics/motion/error_anchor_ang_vel: 1.0110
          Metrics/motion/error_body_pos: 0.3069
          Metrics/motion/error_body_rot: 0.3872
         Metrics/motion/error_joint_pos: 0.5065
         Metrics/motion/error_joint_vel: 5.4779
        Metrics/motion/sampling_entropy: 0.9524
      Metrics/motion/sampling_top1_prob: 0.0393
       Metrics/motion/sampling_top1_bin: 0.7311
      Metrics/motion/error_body_lin_vel: 0.5000
      Metrics/motion/error_body_ang_vel: 1.6977
           Episode_Termination/time_out: 0.0000
         Episode_Termination/anchor_pos: 0.0000
         Episode_Termination/anchor_ori: 0.0000
        Episode_Termination/ee_body_pos: 0.0000
Episode_Termination/corpus_clip_time_out: 0.1250
Episode_Termination/stage_one_actuation_guard: 4.5000
--------------------------------------------------------------------------------
                         Iteration time: 6.36s
                           Time elapsed: 00:04:20
                                    ETA: 00:00:42

################################################################################
[1m                           Learning iteration 86/100                            [0m 

                               Run name: breadth
                            Total steps: 44544 
                       Steps per second: 187 
                        Collection time: 1.798s 
                          Learning time: 0.935s 
                        Mean value loss: 3022.2787
                    Mean surrogate loss: -0.0221
                      Mean entropy loss: 10.5205
           Mean standing_retention loss: 0.0003
                            Mean reward: -98.65
                    Mean episode length: 7.23
                        Mean action std: 0.38
  Episode_Reward/motion_global_root_pos: 0.0073
  Episode_Reward/motion_global_root_ori: 0.0065
         Episode_Reward/motion_body_pos: 0.0154
         Episode_Reward/motion_body_ori: 0.0107
     Episode_Reward/motion_body_lin_vel: 0.0128
     Episode_Reward/motion_body_ang_vel: 0.0108
          Episode_Reward/action_rate_l2: -0.0365
             Episode_Reward/joint_limit: -0.0002
         Episode_Reward/self_collisions: -0.0189
Episode_Reward/action_target_reference_l2: -0.0086
Episode_Reward/action_target_soft_limit_barrier: -0.0005
                   Episode_Reward/alive: 0.0710
 Episode_Reward/non_timeout_termination: -10.0000
Episode_Reward/worst_ee_z_normalized_squared: -0.0280
Episode_Reward/right_wrist_prethreshold_barrier: -0.0005
        Metrics/motion/error_anchor_pos: 0.0694
        Metrics/motion/error_anchor_rot: 0.1876
    Metrics/motion/error_anchor_lin_vel: 0.4837
    Metrics/motion/error_anchor_ang_vel: 1.1111
          Metrics/motion/error_body_pos: 0.3313
          Metrics/motion/error_body_rot: 0.2977
         Metrics/motion/error_joint_pos: 0.5669
         Metrics/motion/error_joint_vel: 5.5631
        Metrics/motion/sampling_entropy: 0.9523
      Metrics/motion/sampling_top1_prob: 0.0388
       Metrics/motion/sampling_top1_bin: 0.7311
      Metrics/motion/error_body_lin_vel: 0.5269
      Metrics/motion/error_body_ang_vel: 1.7588
           Episode_Termination/time_out: 0.0000
         Episode_Termination/anchor_pos: 0.0000
         Episode_Termination/anchor_ori: 0.0000
        Episode_Termination/ee_body_pos: 0.0625
Episode_Termination/corpus_clip_time_out: 0.0625
Episode_Termination/stage_one_actuation_guard: 4.5625
--------------------------------------------------------------------------------
                         Iteration time: 2.73s
                           Time elapsed: 00:04:23
                                    ETA: 00:00:39

################################################################################
[1m                           Learning iteration 87/100                            [0m 

                               Run name: breadth
                            Total steps: 45056 
                       Steps per second: 186 
                        Collection time: 1.916s 
                          Learning time: 0.833s 
                        Mean value loss: 2678.1839
                    Mean surrogate loss: -0.0232
                      Mean entropy loss: 10.5205
           Mean standing_retention loss: 0.0003
                            Mean reward: -97.82
                    Mean episode length: 6.36
                        Mean action std: 0.38
  Episode_Reward/motion_global_root_pos: 0.0055
  Episode_Reward/motion_global_root_ori: 0.0048
         Episode_Reward/motion_body_pos: 0.0112
         Episode_Reward/motion_body_ori: 0.0085
     Episode_Reward/motion_body_lin_vel: 0.0090
     Episode_Reward/motion_body_ang_vel: 0.0077
          Episode_Reward/action_rate_l2: -0.0303
             Episode_Reward/joint_limit: -0.0014
         Episode_Reward/self_collisions: -0.0109
Episode_Reward/action_target_reference_l2: -0.0055
Episode_Reward/action_target_soft_limit_barrier: -0.0004
                   Episode_Reward/alive: 0.0490
 Episode_Reward/non_timeout_termination: -9.7917
Episode_Reward/worst_ee_z_normalized_squared: -0.0245
Episode_Reward/right_wrist_prethreshold_barrier: -0.0054
        Metrics/motion/error_anchor_pos: 0.0611
        Metrics/motion/error_anchor_rot: 0.1563
    Metrics/motion/error_anchor_lin_vel: 0.4611
    Metrics/motion/error_anchor_ang_vel: 0.9008
          Metrics/motion/error_body_pos: 0.4436
          Metrics/motion/error_body_rot: 0.3480
         Metrics/motion/error_joint_pos: 0.5350
         Metrics/motion/error_joint_vel: 5.7244
        Metrics/motion/sampling_entropy: 0.9520
      Metrics/motion/sampling_top1_prob: 0.0388
       Metrics/motion/sampling_top1_bin: 0.7311
      Metrics/motion/error_body_lin_vel: 0.5048
      Metrics/motion/error_body_ang_vel: 1.6608
           Episode_Termination/time_out: 0.0000
         Episode_Termination/anchor_pos: 0.0000
         Episode_Termination/anchor_ori: 0.0000
        Episode_Termination/ee_body_pos: 0.0000
Episode_Termination/corpus_clip_time_out: 0.1250
Episode_Termination/stage_one_actuation_guard: 4.6250
--------------------------------------------------------------------------------
                         Iteration time: 2.75s
                           Time elapsed: 00:04:26
                                    ETA: 00:00:36

################################################################################
[1m                           Learning iteration 88/100                            [0m 

                               Run name: breadth
                            Total steps: 45568 
                       Steps per second: 171 
                        Collection time: 1.869s 
                          Learning time: 1.117s 
                        Mean value loss: 2934.8940
                    Mean surrogate loss: -0.0207
                      Mean entropy loss: 10.5205
           Mean standing_retention loss: 0.0004
                            Mean reward: -98.62
                    Mean episode length: 6.75
                        Mean action std: 0.38
  Episode_Reward/motion_global_root_pos: 0.0070
  Episode_Reward/motion_global_root_ori: 0.0065
         Episode_Reward/motion_body_pos: 0.0146
         Episode_Reward/motion_body_ori: 0.0107
     Episode_Reward/motion_body_lin_vel: 0.0113
     Episode_Reward/motion_body_ang_vel: 0.0096
          Episode_Reward/action_rate_l2: -0.0367
             Episode_Reward/joint_limit: -0.0003
         Episode_Reward/self_collisions: -0.0177
Episode_Reward/action_target_reference_l2: -0.0075
Episode_Reward/action_target_soft_limit_barrier: -0.0004
                   Episode_Reward/alive: 0.0665
 Episode_Reward/non_timeout_termination: -9.8438
Episode_Reward/worst_ee_z_normalized_squared: -0.0193
Episode_Reward/right_wrist_prethreshold_barrier: -0.0000
        Metrics/motion/error_anchor_pos: 0.0747
        Metrics/motion/error_anchor_rot: 0.1571
    Metrics/motion/error_anchor_lin_vel: 0.4900
    Metrics/motion/error_anchor_ang_vel: 1.1819
          Metrics/motion/error_body_pos: 0.2691
          Metrics/motion/error_body_rot: 0.3653
         Metrics/motion/error_joint_pos: 0.6176
         Metrics/motion/error_joint_vel: 5.9455
        Metrics/motion/sampling_entropy: 0.9519
      Metrics/motion/sampling_top1_prob: 0.0389
       Metrics/motion/sampling_top1_bin: 0.7311
      Metrics/motion/error_body_lin_vel: 0.5314
      Metrics/motion/error_body_ang_vel: 1.7972
           Episode_Termination/time_out: 0.0000
         Episode_Termination/anchor_pos: 0.0000
         Episode_Termination/anchor_ori: 0.0000
        Episode_Termination/ee_body_pos: 0.0625
Episode_Termination/corpus_clip_time_out: 0.0625
Episode_Termination/stage_one_actuation_guard: 4.6250
--------------------------------------------------------------------------------
                         Iteration time: 2.99s
                           Time elapsed: 00:04:29
                                    ETA: 00:00:33

################################################################################
[1m                           Learning iteration 89/100                            [0m 

                               Run name: breadth
                            Total steps: 46080 
                       Steps per second: 190 
                        Collection time: 1.613s 
                          Learning time: 1.078s 
                        Mean value loss: 2709.4723
                    Mean surrogate loss: -0.0189
                      Mean entropy loss: 10.5205
           Mean standing_retention loss: 0.0003
                            Mean reward: -98.58
                    Mean episode length: 7.32
                        Mean action std: 0.38
  Episode_Reward/motion_global_root_pos: 0.0079
  Episode_Reward/motion_global_root_ori: 0.0068
         Episode_Reward/motion_body_pos: 0.0162
         Episode_Reward/motion_body_ori: 0.0117
     Episode_Reward/motion_body_lin_vel: 0.0134
     Episode_Reward/motion_body_ang_vel: 0.0114
          Episode_Reward/action_rate_l2: -0.0357
             Episode_Reward/joint_limit: -0.0002
         Episode_Reward/self_collisions: -0.0244
Episode_Reward/action_target_reference_l2: -0.0086
Episode_Reward/action_target_soft_limit_barrier: -0.0002
                   Episode_Reward/alive: 0.0745
 Episode_Reward/non_timeout_termination: -9.8438
Episode_Reward/worst_ee_z_normalized_squared: -0.0262
Episode_Reward/right_wrist_prethreshold_barrier: -0.0000
        Metrics/motion/error_anchor_pos: 0.0667
        Metrics/motion/error_anchor_rot: 0.1638
    Metrics/motion/error_anchor_lin_vel: 0.4563
    Metrics/motion/error_anchor_ang_vel: 1.1511
          Metrics/motion/error_body_pos: 0.1959
          Metrics/motion/error_body_rot: 0.3382
         Metrics/motion/error_joint_pos: 0.6236
         Metrics/motion/error_joint_vel: 5.2451
        Metrics/motion/sampling_entropy: 0.9516
      Metrics/motion/sampling_top1_prob: 0.0395
       Metrics/motion/sampling_top1_bin: 0.7311
      Metrics/motion/error_body_lin_vel: 0.4889
      Metrics/motion/error_body_ang_vel: 1.6583
           Episode_Termination/time_out: 0.0000
         Episode_Termination/anchor_pos: 0.0000
         Episode_Termination/anchor_ori: 0.0000
        Episode_Termination/ee_body_pos: 0.0625
Episode_Termination/corpus_clip_time_out: 0.0625
Episode_Termination/stage_one_actuation_guard: 3.7500
--------------------------------------------------------------------------------
                         Iteration time: 2.69s
                           Time elapsed: 00:04:31
                                    ETA: 00:00:30

################################################################################
[1m                           Learning iteration 90/100                            [0m 

                               Run name: breadth
                            Total steps: 46592 
                       Steps per second: 183 
                        Collection time: 1.725s 
                          Learning time: 1.060s 
                        Mean value loss: 2439.4481
                    Mean surrogate loss: -0.0189
                      Mean entropy loss: 10.5205
           Mean standing_retention loss: 0.0003
                            Mean reward: -98.75
                    Mean episode length: 7.78
                        Mean action std: 0.38
  Episode_Reward/motion_global_root_pos: 0.0072
  Episode_Reward/motion_global_root_ori: 0.0065
         Episode_Reward/motion_body_pos: 0.0149
         Episode_Reward/motion_body_ori: 0.0109
     Episode_Reward/motion_body_lin_vel: 0.0117
     Episode_Reward/motion_body_ang_vel: 0.0102
          Episode_Reward/action_rate_l2: -0.0361
             Episode_Reward/joint_limit: -0.0011
         Episode_Reward/self_collisions: -0.0120
Episode_Reward/action_target_reference_l2: -0.0076
Episode_Reward/action_target_soft_limit_barrier: -0.0005
                   Episode_Reward/alive: 0.0680
 Episode_Reward/non_timeout_termination: -10.0000
Episode_Reward/worst_ee_z_normalized_squared: -0.0245
Episode_Reward/right_wrist_prethreshold_barrier: -0.0351
        Metrics/motion/error_anchor_pos: 0.0751
        Metrics/motion/error_anchor_rot: 0.1647
    Metrics/motion/error_anchor_lin_vel: 0.4721
    Metrics/motion/error_anchor_ang_vel: 1.1176
          Metrics/motion/error_body_pos: 0.2432
          Metrics/motion/error_body_rot: 0.3698
         Metrics/motion/error_joint_pos: 0.6175
         Metrics/motion/error_joint_vel: 5.5291
        Metrics/motion/sampling_entropy: 0.9518
      Metrics/motion/sampling_top1_prob: 0.0394
       Metrics/motion/sampling_top1_bin: 0.7311
      Metrics/motion/error_body_lin_vel: 0.5080
      Metrics/motion/error_body_ang_vel: 1.7642
           Episode_Termination/time_out: 0.0000
         Episode_Termination/anchor_pos: 0.0667
         Episode_Termination/anchor_ori: 0.0000
        Episode_Termination/ee_body_pos: 0.1333
Episode_Termination/corpus_clip_time_out: 0.0000
Episode_Termination/stage_one_actuation_guard: 3.4667
--------------------------------------------------------------------------------
                         Iteration time: 2.79s
                           Time elapsed: 00:04:34
                                    ETA: 00:00:27

################################################################################
[1m                           Learning iteration 91/100                            [0m 

                               Run name: breadth
                            Total steps: 47104 
                       Steps per second: 180 
                        Collection time: 1.770s 
                          Learning time: 1.066s 
                        Mean value loss: 2699.8607
                    Mean surrogate loss: -0.0259
                      Mean entropy loss: 10.5205
           Mean standing_retention loss: 0.0003
                            Mean reward: -99.98
                    Mean episode length: 7.20
                        Mean action std: 0.38
  Episode_Reward/motion_global_root_pos: 0.0064
  Episode_Reward/motion_global_root_ori: 0.0057
         Episode_Reward/motion_body_pos: 0.0134
         Episode_Reward/motion_body_ori: 0.0099
     Episode_Reward/motion_body_lin_vel: 0.0110
     Episode_Reward/motion_body_ang_vel: 0.0095
          Episode_Reward/action_rate_l2: -0.0333
             Episode_Reward/joint_limit: -0.0000
         Episode_Reward/self_collisions: -0.0250
Episode_Reward/action_target_reference_l2: -0.0066
Episode_Reward/action_target_soft_limit_barrier: -0.0002
                   Episode_Reward/alive: 0.0598
 Episode_Reward/non_timeout_termination: -10.0000
Episode_Reward/worst_ee_z_normalized_squared: -0.0219
Episode_Reward/right_wrist_prethreshold_barrier: 0.0000
        Metrics/motion/error_anchor_pos: 0.0701
        Metrics/motion/error_anchor_rot: 0.1666
    Metrics/motion/error_anchor_lin_vel: 0.4904
    Metrics/motion/error_anchor_ang_vel: 0.9040
          Metrics/motion/error_body_pos: 0.4897
          Metrics/motion/error_body_rot: 0.3504
         Metrics/motion/error_joint_pos: 0.5250
         Metrics/motion/error_joint_vel: 5.0704
        Metrics/motion/sampling_entropy: 0.9520
      Metrics/motion/sampling_top1_prob: 0.0390
       Metrics/motion/sampling_top1_bin: 0.7311
      Metrics/motion/error_body_lin_vel: 0.5128
      Metrics/motion/error_body_ang_vel: 1.5621
           Episode_Termination/time_out: 0.0000
         Episode_Termination/anchor_pos: 0.0000
         Episode_Termination/anchor_ori: 0.0000
        Episode_Termination/ee_body_pos: 0.0000
Episode_Termination/corpus_clip_time_out: 0.0000
Episode_Termination/stage_one_actuation_guard: 4.5625
--------------------------------------------------------------------------------
                         Iteration time: 2.84s
                           Time elapsed: 00:04:37
                                    ETA: 00:00:24

################################################################################
[1m                           Learning iteration 92/100                            [0m 

                               Run name: breadth
                            Total steps: 47616 
                       Steps per second: 174 
                        Collection time: 1.940s 
                          Learning time: 0.998s 
                        Mean value loss: 2898.1073
                    Mean surrogate loss: -0.0228
                      Mean entropy loss: 10.5205
           Mean standing_retention loss: 0.0002
                            Mean reward: -99.91
                    Mean episode length: 7.75
                        Mean action std: 0.38
  Episode_Reward/motion_global_root_pos: 0.0069
  Episode_Reward/motion_global_root_ori: 0.0061
         Episode_Reward/motion_body_pos: 0.0145
         Episode_Reward/motion_body_ori: 0.0103
     Episode_Reward/motion_body_lin_vel: 0.0114
     Episode_Reward/motion_body_ang_vel: 0.0100
          Episode_Reward/action_rate_l2: -0.0355
             Episode_Reward/joint_limit: -0.0007
         Episode_Reward/self_collisions: -0.0192
Episode_Reward/action_target_reference_l2: -0.0075
Episode_Reward/action_target_soft_limit_barrier: -0.0003
                   Episode_Reward/alive: 0.0660
 Episode_Reward/non_timeout_termination: -10.0000
Episode_Reward/worst_ee_z_normalized_squared: -0.0309
Episode_Reward/right_wrist_prethreshold_barrier: -0.0338
        Metrics/motion/error_anchor_pos: 0.0757
        Metrics/motion/error_anchor_rot: 0.1683
    Metrics/motion/error_anchor_lin_vel: 0.5184
    Metrics/motion/error_anchor_ang_vel: 1.0596
          Metrics/motion/error_body_pos: 0.4830
          Metrics/motion/error_body_rot: 0.3778
         Metrics/motion/error_joint_pos: 0.5844
         Metrics/motion/error_joint_vel: 5.6818
        Metrics/motion/sampling_entropy: 0.9522
      Metrics/motion/sampling_top1_prob: 0.0388
       Metrics/motion/sampling_top1_bin: 0.7311
      Metrics/motion/error_body_lin_vel: 0.5592
      Metrics/motion/error_body_ang_vel: 1.7241
           Episode_Termination/time_out: 0.0000
         Episode_Termination/anchor_pos: 0.0625
         Episode_Termination/anchor_ori: 0.0000
        Episode_Termination/ee_body_pos: 0.1250
Episode_Termination/corpus_clip_time_out: 0.0000
Episode_Termination/stage_one_actuation_guard: 4.4375
--------------------------------------------------------------------------------
                         Iteration time: 2.94s
                           Time elapsed: 00:04:40
                                    ETA: 00:00:21

################################################################################
[1m                           Learning iteration 93/100                            [0m 

                               Run name: breadth
                            Total steps: 48128 
                       Steps per second: 177 
                        Collection time: 1.834s 
                          Learning time: 1.056s 
                        Mean value loss: 2912.9819
                    Mean surrogate loss: -0.0159
                      Mean entropy loss: 10.5205
           Mean standing_retention loss: 0.0002
                            Mean reward: -99.55
                    Mean episode length: 7.07
                        Mean action std: 0.38
  Episode_Reward/motion_global_root_pos: 0.0078
  Episode_Reward/motion_global_root_ori: 0.0073
         Episode_Reward/motion_body_pos: 0.0163
         Episode_Reward/motion_body_ori: 0.0117
     Episode_Reward/motion_body_lin_vel: 0.0137
     Episode_Reward/motion_body_ang_vel: 0.0116
          Episode_Reward/action_rate_l2: -0.0384
             Episode_Reward/joint_limit: -0.0004
         Episode_Reward/self_collisions: -0.0242
Episode_Reward/action_target_reference_l2: -0.0083
Episode_Reward/action_target_soft_limit_barrier: -0.0003
                   Episode_Reward/alive: 0.0742
 Episode_Reward/non_timeout_termination: -10.0000
Episode_Reward/worst_ee_z_normalized_squared: -0.0130
Episode_Reward/right_wrist_prethreshold_barrier: 0.0000
        Metrics/motion/error_anchor_pos: 0.0575
        Metrics/motion/error_anchor_rot: 0.1518
    Metrics/motion/error_anchor_lin_vel: 0.4778
    Metrics/motion/error_anchor_ang_vel: 1.1109
          Metrics/motion/error_body_pos: 0.2511
          Metrics/motion/error_body_rot: 0.3416
         Metrics/motion/error_joint_pos: 0.5475
         Metrics/motion/error_joint_vel: 5.8973
        Metrics/motion/sampling_entropy: 0.9524
      Metrics/motion/sampling_top1_prob: 0.0393
       Metrics/motion/sampling_top1_bin: 0.7311
      Metrics/motion/error_body_lin_vel: 0.5157
      Metrics/motion/error_body_ang_vel: 1.7768
           Episode_Termination/time_out: 0.0000
         Episode_Termination/anchor_pos: 0.0000
         Episode_Termination/anchor_ori: 0.0000
        Episode_Termination/ee_body_pos: 0.0000
Episode_Termination/corpus_clip_time_out: 0.0000
Episode_Termination/stage_one_actuation_guard: 4.5000
--------------------------------------------------------------------------------
                         Iteration time: 2.89s
                           Time elapsed: 00:04:43
                                    ETA: 00:00:18

################################################################################
[1m                           Learning iteration 94/100                            [0m 

                               Run name: breadth
                            Total steps: 48640 
                       Steps per second: 158 
                        Collection time: 1.904s 
                          Learning time: 1.323s 
                        Mean value loss: 3100.6184
                    Mean surrogate loss: -0.0215
                      Mean entropy loss: 10.5205
           Mean standing_retention loss: 0.0002
                            Mean reward: -99.72
                    Mean episode length: 6.98
                        Mean action std: 0.38
  Episode_Reward/motion_global_root_pos: 0.0072
  Episode_Reward/motion_global_root_ori: 0.0058
         Episode_Reward/motion_body_pos: 0.0145
         Episode_Reward/motion_body_ori: 0.0098
     Episode_Reward/motion_body_lin_vel: 0.0121
     Episode_Reward/motion_body_ang_vel: 0.0105
          Episode_Reward/action_rate_l2: -0.0350
             Episode_Reward/joint_limit: -0.0003
         Episode_Reward/self_collisions: -0.0180
Episode_Reward/action_target_reference_l2: -0.0084
Episode_Reward/action_target_soft_limit_barrier: -0.0004
                   Episode_Reward/alive: 0.0662
 Episode_Reward/non_timeout_termination: -10.0000
Episode_Reward/worst_ee_z_normalized_squared: -0.0336
Episode_Reward/right_wrist_prethreshold_barrier: -0.0001
        Metrics/motion/error_anchor_pos: 0.0635
        Metrics/motion/error_anchor_rot: 0.1771
    Metrics/motion/error_anchor_lin_vel: 0.4641
    Metrics/motion/error_anchor_ang_vel: 0.9538
          Metrics/motion/error_body_pos: 0.3430
          Metrics/motion/error_body_rot: 0.3932
         Metrics/motion/error_joint_pos: 0.5887
         Metrics/motion/error_joint_vel: 5.7335
        Metrics/motion/sampling_entropy: 0.9525
      Metrics/motion/sampling_top1_prob: 0.0395
       Metrics/motion/sampling_top1_bin: 0.7311
      Metrics/motion/error_body_lin_vel: 0.5128
      Metrics/motion/error_body_ang_vel: 1.6288
           Episode_Termination/time_out: 0.0000
         Episode_Termination/anchor_pos: 0.0000
         Episode_Termination/anchor_ori: 0.0000
        Episode_Termination/ee_body_pos: 0.0625
Episode_Termination/corpus_clip_time_out: 0.0000
Episode_Termination/stage_one_actuation_guard: 4.8750
--------------------------------------------------------------------------------
                         Iteration time: 3.23s
                           Time elapsed: 00:04:46
                                    ETA: 00:00:15

################################################################################
[1m                           Learning iteration 95/100                            [0m 

                               Run name: breadth
                            Total steps: 49152 
                       Steps per second: 88 
                        Collection time: 1.716s 
                          Learning time: 4.100s 
                        Mean value loss: 2450.4005
                    Mean surrogate loss: -0.0211
                      Mean entropy loss: 10.5205
           Mean standing_retention loss: 0.0002
                            Mean reward: -99.61
                    Mean episode length: 6.89
                        Mean action std: 0.38
  Episode_Reward/motion_global_root_pos: 0.0061
  Episode_Reward/motion_global_root_ori: 0.0056
         Episode_Reward/motion_body_pos: 0.0128
         Episode_Reward/motion_body_ori: 0.0099
     Episode_Reward/motion_body_lin_vel: 0.0100
     Episode_Reward/motion_body_ang_vel: 0.0085
          Episode_Reward/action_rate_l2: -0.0329
             Episode_Reward/joint_limit: -0.0013
         Episode_Reward/self_collisions: -0.0086
Episode_Reward/action_target_reference_l2: -0.0057
Episode_Reward/action_target_soft_limit_barrier: -0.0002
                   Episode_Reward/alive: 0.0561
 Episode_Reward/non_timeout_termination: -10.0000
Episode_Reward/worst_ee_z_normalized_squared: -0.0106
Episode_Reward/right_wrist_prethreshold_barrier: -0.0001
        Metrics/motion/error_anchor_pos: 0.0682
        Metrics/motion/error_anchor_rot: 0.1581
    Metrics/motion/error_anchor_lin_vel: 0.4772
    Metrics/motion/error_anchor_ang_vel: 1.1518
          Metrics/motion/error_body_pos: 0.8393
          Metrics/motion/error_body_rot: 0.3758
         Metrics/motion/error_joint_pos: 0.5533
         Metrics/motion/error_joint_vel: 6.2244
        Metrics/motion/sampling_entropy: 0.9519
      Metrics/motion/sampling_top1_prob: 0.0402
       Metrics/motion/sampling_top1_bin: 0.7311
      Metrics/motion/error_body_lin_vel: 0.5225
      Metrics/motion/error_body_ang_vel: 1.7941
           Episode_Termination/time_out: 0.0000
         Episode_Termination/anchor_pos: 0.0000
         Episode_Termination/anchor_ori: 0.0000
        Episode_Termination/ee_body_pos: 0.0000
Episode_Termination/corpus_clip_time_out: 0.0000
Episode_Termination/stage_one_actuation_guard: 4.3125
--------------------------------------------------------------------------------
                         Iteration time: 5.82s
                           Time elapsed: 00:04:52
                                    ETA: 00:00:12

################################################################################
[1m                           Learning iteration 96/100                            [0m 

                               Run name: breadth
                            Total steps: 49664 
                       Steps per second: 187 
                        Collection time: 1.750s 
                          Learning time: 0.978s 
                        Mean value loss: 2604.0398
                    Mean surrogate loss: -0.0216
                      Mean entropy loss: 10.5205
           Mean standing_retention loss: 0.0003
                            Mean reward: -99.67
                    Mean episode length: 7.22
                        Mean action std: 0.38
  Episode_Reward/motion_global_root_pos: 0.0064
  Episode_Reward/motion_global_root_ori: 0.0054
         Episode_Reward/motion_body_pos: 0.0131
         Episode_Reward/motion_body_ori: 0.0097
     Episode_Reward/motion_body_lin_vel: 0.0108
     Episode_Reward/motion_body_ang_vel: 0.0091
          Episode_Reward/action_rate_l2: -0.0318
             Episode_Reward/joint_limit: -0.0005
         Episode_Reward/self_collisions: -0.0308
Episode_Reward/action_target_reference_l2: -0.0064
Episode_Reward/action_target_soft_limit_barrier: -0.0003
                   Episode_Reward/alive: 0.0579
 Episode_Reward/non_timeout_termination: -10.0000
Episode_Reward/worst_ee_z_normalized_squared: -0.0181
Episode_Reward/right_wrist_prethreshold_barrier: -0.0000
        Metrics/motion/error_anchor_pos: 0.0609
        Metrics/motion/error_anchor_rot: 0.1679
    Metrics/motion/error_anchor_lin_vel: 0.4581
    Metrics/motion/error_anchor_ang_vel: 0.9553
          Metrics/motion/error_body_pos: 0.1784
          Metrics/motion/error_body_rot: 0.3001
         Metrics/motion/error_joint_pos: 0.5212
         Metrics/motion/error_joint_vel: 5.3581
        Metrics/motion/sampling_entropy: 0.9514
      Metrics/motion/sampling_top1_prob: 0.0409
       Metrics/motion/sampling_top1_bin: 0.7311
      Metrics/motion/error_body_lin_vel: 0.4949
      Metrics/motion/error_body_ang_vel: 1.5450
           Episode_Termination/time_out: 0.0000
         Episode_Termination/anchor_pos: 0.0000
         Episode_Termination/anchor_ori: 0.0000
        Episode_Termination/ee_body_pos: 0.0000
Episode_Termination/corpus_clip_time_out: 0.0000
Episode_Termination/stage_one_actuation_guard: 4.6875
--------------------------------------------------------------------------------
                         Iteration time: 2.73s
                           Time elapsed: 00:04:55
                                    ETA: 00:00:09

################################################################################
[1m                           Learning iteration 97/100                            [0m 

                               Run name: breadth
                            Total steps: 50176 
                       Steps per second: 165 
                        Collection time: 1.890s 
                          Learning time: 1.207s 
                        Mean value loss: 2439.4326
                    Mean surrogate loss: -0.0261
                      Mean entropy loss: 10.5205
           Mean standing_retention loss: 0.0003
                            Mean reward: -98.71
                    Mean episode length: 6.71
                        Mean action std: 0.38
  Episode_Reward/motion_global_root_pos: 0.0070
  Episode_Reward/motion_global_root_ori: 0.0060
         Episode_Reward/motion_body_pos: 0.0145
         Episode_Reward/motion_body_ori: 0.0110
     Episode_Reward/motion_body_lin_vel: 0.0116
     Episode_Reward/motion_body_ang_vel: 0.0100
          Episode_Reward/action_rate_l2: -0.0373
             Episode_Reward/joint_limit: -0.0013
         Episode_Reward/self_collisions: -0.0201
Episode_Reward/action_target_reference_l2: -0.0064
Episode_Reward/action_target_soft_limit_barrier: -0.0003
                   Episode_Reward/alive: 0.0658
 Episode_Reward/non_timeout_termination: -9.6875
Episode_Reward/worst_ee_z_normalized_squared: -0.0190
Episode_Reward/right_wrist_prethreshold_barrier: -0.0000
        Metrics/motion/error_anchor_pos: 0.0658
        Metrics/motion/error_anchor_rot: 0.1792
    Metrics/motion/error_anchor_lin_vel: 0.4471
    Metrics/motion/error_anchor_ang_vel: 0.9359
          Metrics/motion/error_body_pos: 0.4238
          Metrics/motion/error_body_rot: 0.4218
         Metrics/motion/error_joint_pos: 0.5767
         Metrics/motion/error_joint_vel: 5.5049
        Metrics/motion/sampling_entropy: 0.9516
      Metrics/motion/sampling_top1_prob: 0.0408
       Metrics/motion/sampling_top1_bin: 0.7311
      Metrics/motion/error_body_lin_vel: 0.4947
      Metrics/motion/error_body_ang_vel: 1.6036
           Episode_Termination/time_out: 0.0000
         Episode_Termination/anchor_pos: 0.0000
         Episode_Termination/anchor_ori: 0.0000
        Episode_Termination/ee_body_pos: 0.0000
Episode_Termination/corpus_clip_time_out: 0.1250
Episode_Termination/stage_one_actuation_guard: 4.2500
--------------------------------------------------------------------------------
                         Iteration time: 3.10s
                           Time elapsed: 00:04:58
                                    ETA: 00:00:06

################################################################################
[1m                           Learning iteration 98/100                            [0m 

                               Run name: breadth
                            Total steps: 50688 
                       Steps per second: 193 
                        Collection time: 1.707s 
                          Learning time: 0.937s 
                        Mean value loss: 2845.3928
                    Mean surrogate loss: -0.0224
                      Mean entropy loss: 10.5205
           Mean standing_retention loss: 0.0003
                            Mean reward: -98.80
                    Mean episode length: 6.72
                        Mean action std: 0.38
  Episode_Reward/motion_global_root_pos: 0.0059
  Episode_Reward/motion_global_root_ori: 0.0052
         Episode_Reward/motion_body_pos: 0.0122
         Episode_Reward/motion_body_ori: 0.0088
     Episode_Reward/motion_body_lin_vel: 0.0096
     Episode_Reward/motion_body_ang_vel: 0.0084
          Episode_Reward/action_rate_l2: -0.0348
             Episode_Reward/joint_limit: -0.0012
         Episode_Reward/self_collisions: -0.0125
Episode_Reward/action_target_reference_l2: -0.0063
Episode_Reward/action_target_soft_limit_barrier: -0.0003
                   Episode_Reward/alive: 0.0543
 Episode_Reward/non_timeout_termination: -10.0000
Episode_Reward/worst_ee_z_normalized_squared: -0.0218
Episode_Reward/right_wrist_prethreshold_barrier: -0.0299
        Metrics/motion/error_anchor_pos: 0.0688
        Metrics/motion/error_anchor_rot: 0.1715
    Metrics/motion/error_anchor_lin_vel: 0.4730
    Metrics/motion/error_anchor_ang_vel: 1.0749
          Metrics/motion/error_body_pos: 0.6732
          Metrics/motion/error_body_rot: 0.4958
         Metrics/motion/error_joint_pos: 0.5331
         Metrics/motion/error_joint_vel: 5.7141
        Metrics/motion/sampling_entropy: 0.9518
      Metrics/motion/sampling_top1_prob: 0.0406
       Metrics/motion/sampling_top1_bin: 0.7311
      Metrics/motion/error_body_lin_vel: 0.5355
      Metrics/motion/error_body_ang_vel: 1.6521
           Episode_Termination/time_out: 0.0000
         Episode_Termination/anchor_pos: 0.0000
         Episode_Termination/anchor_ori: 0.0000
        Episode_Termination/ee_body_pos: 0.0000
Episode_Termination/corpus_clip_time_out: 0.0625
Episode_Termination/stage_one_actuation_guard: 5.0625
--------------------------------------------------------------------------------
                         Iteration time: 2.64s
                           Time elapsed: 00:05:00
                                    ETA: 00:00:03

################################################################################
[1m                           Learning iteration 99/100                            [0m 

                               Run name: breadth
                            Total steps: 51200 
                       Steps per second: 196 
                        Collection time: 1.612s 
                          Learning time: 0.994s 
                        Mean value loss: 2200.9757
                    Mean surrogate loss: -0.0213
                      Mean entropy loss: 10.5205
           Mean standing_retention loss: 0.0003
                            Mean reward: -99.70
                    Mean episode length: 6.42
                        Mean action std: 0.38
  Episode_Reward/motion_global_root_pos: 0.0056
  Episode_Reward/motion_global_root_ori: 0.0050
         Episode_Reward/motion_body_pos: 0.0118
         Episode_Reward/motion_body_ori: 0.0084
     Episode_Reward/motion_body_lin_vel: 0.0090
     Episode_Reward/motion_body_ang_vel: 0.0079
          Episode_Reward/action_rate_l2: -0.0336
             Episode_Reward/joint_limit: -0.0004
         Episode_Reward/self_collisions: -0.0106
Episode_Reward/action_target_reference_l2: -0.0057
Episode_Reward/action_target_soft_limit_barrier: -0.0003
                   Episode_Reward/alive: 0.0514
 Episode_Reward/non_timeout_termination: -10.0000
Episode_Reward/worst_ee_z_normalized_squared: -0.0160
Episode_Reward/right_wrist_prethreshold_barrier: 0.0000
        Metrics/motion/error_anchor_pos: 0.0698
        Metrics/motion/error_anchor_rot: 0.1568
    Metrics/motion/error_anchor_lin_vel: 0.5091
    Metrics/motion/error_anchor_ang_vel: 1.0324
          Metrics/motion/error_body_pos: 0.2663
          Metrics/motion/error_body_rot: 0.3458
         Metrics/motion/error_joint_pos: 0.5230
         Metrics/motion/error_joint_vel: 5.4271
        Metrics/motion/sampling_entropy: 0.9519
      Metrics/motion/sampling_top1_prob: 0.0403
       Metrics/motion/sampling_top1_bin: 0.7311
      Metrics/motion/error_body_lin_vel: 0.5475
      Metrics/motion/error_body_ang_vel: 1.6298
           Episode_Termination/time_out: 0.0000
         Episode_Termination/anchor_pos: 0.0000
         Episode_Termination/anchor_ori: 0.0000
        Episode_Termination/ee_body_pos: 0.0000
Episode_Termination/corpus_clip_time_out: 0.0000
Episode_Termination/stage_one_actuation_guard: 4.1333
--------------------------------------------------------------------------------
                         Iteration time: 2.61s
                           Time elapsed: 00:05:03
                                    ETA: 00:00:00

/mnt/z/codex/GR00T-WholeBodyControl-sonic-transfer-23dof/artifacts/g1_true23_frozen_lora/standing_retention_ppo_20260906_v1/breadth_serial
