candidate_id,target_rad,delay_substeps,passed,minimum_position_margin_rad,minimum_reserve_margin_rad,minimum_velocity_margin_rad_s,maximum_applied_effort_ratio,saturated_substeps,first_failure_substep,first_failure,limiting_joint,runtime_fixed_candidate_preview_passed
0,-2.2515,0,True,0.06407363713464731,0.06397363713464731,16.841742617784295,0.3082348581724441,0,,,,True
0,-2.2515,1,True,0.06417840382072315,0.06407840382072315,16.707110842018935,0.30779986508623586,0,,,,True
0,-2.2515,2,True,0.06417840382072315,0.06407840382072315,16.707110842018935,0.30747682988923253,0,,,,True
0,-2.2515,3,True,0.06417840382072315,0.06407840382072315,16.707110842018935,0.29108586603436565,0,,,,True
0,-2.2515,4,True,0.06417840382072315,0.06407840382072315,16.707110842018935,0.2761229108704308,0,,,,True
0,-2.2515,5,True,0.06417840382072315,0.06407840382072315,16.707110842018935,0.2638497666207131,0,,,,True
0,-2.2515,6,True,0.06417840382072315,0.06407840382072315,16.707110842018935,0.25368049307782403,0,,,,True
1,-2.236501171875,0,True,0.06406836405998906,0.06396836405998906,16.84233251815744,0.3083299689026805,0,,,,True
1,-2.236501171875,1,True,0.06417840382072315,0.06407840382072315,16.707110842018935,0.30784669411457966,0,,,,True
1,-2.236501171875,2,True,0.06417840382072315,0.06407840382072315,16.707110842018935,0.30747682988923253,0,,,,True
1,-2.236501171875,3,True,0.06417840382072315,0.06407840382072315,16.707110842018935,0.29108586603436565,0,,,,True
1,-2.236501171875,4,True,0.06417840382072315,0.06407840382072315,16.707110842018935,0.2761229108704308,0,,,,True
1,-2.236501171875,5,True,0.06417840382072315,0.06407840382072315,16.707110842018935,0.2638497666207131,0,,,,True
1,-2.236501171875,6,True,0.06417840382072315,0.06407840382072315,16.707110842018935,0.25368049307782403,0,,,,True
2,-2.22150234375,0,True,0.06406309098533125,0.06396309098533125,16.84292241853059,0.308425081214877,0,,,,True
2,-2.22150234375,1,True,0.06417840382072315,0.06407840382072315,16.707110842018935,0.3078935231429233,0,,,,True
2,-2.22150234375,2,True,0.06417840382072315,0.06407840382072315,16.707110842018935,0.30747682988923253,0,,,,True
2,-2.22150234375,3,True,0.06417840382072315,0.06407840382072315,16.707110842018935,0.29108586603436565,0,,,,True
2,-2.22150234375,4,True,0.06417840382072315,0.06407840382072315,16.707110842018935,0.2761229108704308,0,,,,True
2,-2.22150234375,5,True,0.06417840382072315,0.06407840382072315,16.707110842018935,0.2638497666207131,0,,,,True
2,-2.22150234375,6,True,0.06417840382072315,0.06407840382072315,16.707110842018935,0.25368049307782403,0,,,,True
3,-2.206503515625,0,True,0.06405783928428521,0.06395783928428521,16.843497962362175,0.30852081323816893,0,,,,True
3,-2.206503515625,1,True,0.06417840382072315,0.06407840382072315,16.707110842018935,0.3079403521712669,0,,,,True
3,-2.206503515625,2,True,0.06417840382072315,0.06407840382072315,16.707110842018935,0.30747682988923253,0,,,,True
3,-2.206503515625,3,True,0.06417840382072315,0.06407840382072315,16.707110842018935,0.29108586603436565,0,,,,True
3,-2.206503515625,4,True,0.06417840382072315,0.06407840382072315,16.707110842018935,0.2761229108704308,0,,,,True
3,-2.206503515625,5,True,0.06417840382072315,0.06407840382072315,16.707110842018935,0.2638497666207131,0,,,,True
3,-2.206503515625,6,True,0.06417840382072315,0.06407840382072315,16.707110842018935,0.25368049307782403,0,,,,True
4,-2.1915046875,0,True,0.06405265119355619,0.06395265119355618,16.844030779481656,0.30861838646124384,0,,,,True
4,-2.1915046875,1,True,0.06417840382072315,0.06407840382072315,16.707110842018935,0.30798718119961066,0,,,,True
4,-2.1915046875,2,True,0.06417840382072315,0.06407840382072315,16.707110842018935,0.30747682988923253,0,,,,True
4,-2.1915046875,3,True,0.06417840382072315,0.06407840382072315,16.707110842018935,0.29108586603436565,0,,,,True
4,-2.1915046875,4,True,0.06417840382072315,0.06407840382072315,16.707110842018935,0.2761229108704308,0,,,,True
4,-2.1915046875,5,True,0.06417840382072315,0.06407840382072315,16.707110842018935,0.2638497666207131,0,,,,True
4,-2.1915046875,6,True,0.06417840382072315,0.06407840382072315,16.707110842018935,0.25368049307782403,0,,,,True
5,-2.176505859375,0,True,0.06404746310282716,0.06394746310282716,16.844563596601134,0.3087159612574674,0,,,,True
5,-2.176505859375,1,True,0.06417840382072315,0.06407840382072315,16.707110842018935,0.3080340102279543,0,,,,True
5,-2.176505859375,2,True,0.06417840382072315,0.06407840382072315,16.707110842018935,0.30747682988923253,0,,,,True
5,-2.176505859375,3,True,0.06417840382072315,0.06407840382072315,16.707110842018935,0.29108586603436565,0,,,,True
5,-2.176505859375,4,True,0.06417840382072315,0.06407840382072315,16.707110842018935,0.2761229108704308,0,,,,True
5,-2.176505859375,5,True,0.06417840382072315,0.06407840382072315,16.707110842018935,0.2638497666207131,0,,,,True
5,-2.176505859375,6,True,0.06417840382072315,0.06407840382072315,16.707110842018935,0.25368049307782403,0,,,,True
6,-2.16150703125,0,True,0.06404227501209858,0.06394227501209858,16.845096413720615,0.30881353762676683,0,,,,True
6,-2.16150703125,1,True,0.06417840382072315,0.06407840382072315,16.707110842018935,0.30808083925629787,0,,,,True
6,-2.16150703125,2,True,0.06417840382072315,0.06407840382072315,16.707110842018935,0.30747682988923253,0,,,,True
6,-2.16150703125,3,True,0.06417840382072315,0.06407840382072315,16.707110842018935,0.29108586603436565,0,,,,True
6,-2.16150703125,4,True,0.06417840382072315,0.06407840382072315,16.707110842018935,0.2761229108704308,0,,,,True
6,-2.16150703125,5,True,0.06417840382072315,0.06407840382072315,16.707110842018935,0.2638497666207131,0,,,,True
6,-2.16150703125,6,True,0.06417840382072315,0.06407840382072315,16.707110842018935,0.25368049307782403,0,,,,True
7,-2.1465082031250002,0,True,0.06403700265877488,0.06393700265877487,16.845685829577416,0.30890867869473876,0,,,,True
7,-2.1465082031250002,1,True,0.06417840382072315,0.06407840382072315,16.707110842018935,0.30812766828464166,0,,,,True
7,-2.1465082031250002,2,True,0.06417840382072315,0.06407840382072315,16.707110842018935,0.30747682988923253,0,,,,True
7,-2.1465082031250002,3,True,0.06417840382072315,0.06407840382072315,16.707110842018935,0.29108586603436565,0,,,,True
7,-2.1465082031250002,4,True,0.06417840382072315,0.06407840382072315,16.707110842018935,0.2761229108704308,0,,,,True
7,-2.1465082031250002,5,True,0.06417840382072315,0.06407840382072315,16.707110842018935,0.2638497666207131,0,,,,True
7,-2.1465082031250002,6,True,0.06417840382072315,0.06407840382072315,16.707110842018935,0.25368049307782403,0,,,,True
8,-2.1315093750000003,0,True,0.06403172958411663,0.06393172958411662,16.846275729950566,0.3090038004831801,0,,,,True
8,-2.1315093750000003,1,True,0.06417840382072315,0.06407840382072315,16.707110842018935,0.3081744973129853,0,,,,True
8,-2.1315093750000003,2,True,0.06417840382072315,0.06407840382072315,16.707110842018935,0.30747682988923253,0,,,,True
8,-2.1315093750000003,3,True,0.06417840382072315,0.06407840382072315,16.707110842018935,0.29108586603436565,0,,,,True
8,-2.1315093750000003,4,True,0.06417840382072315,0.06407840382072315,16.707110842018935,0.2761229108704308,0,,,,True
8,-2.1315093750000003,5,True,0.06417840382072315,0.06407840382072315,16.707110842018935,0.2638497666207131,0,,,,True
8,-2.1315093750000003,6,True,0.06417840382072315,0.06407840382072315,16.707110842018935,0.25368049307782403,0,,,,True
9,-2.120533458523762,0,True,0.0640278708275166,0.0639278708275166,16.846707410157244,0.3090734101770865,0,,,,True
9,-2.120533458523762,1,True,0.06417840382072315,0.06407840382072315,16.707110842018935,0.30820876609048437,0,,,,True
9,-2.120533458523762,2,True,0.06417840382072315,0.06407840382072315,16.707110842018935,0.30747682988923253,0,,,,True
9,-2.120533458523762,3,True,0.06417840382072315,0.06407840382072315,16.707110842018935,0.29108586603436565,0,,,,True
9,-2.120533458523762,4,True,0.06417840382072315,0.06407840382072315,16.707110842018935,0.2761229108704308,0,,,,True
9,-2.120533458523762,5,True,0.06417840382072315,0.06407840382072315,16.707110842018935,0.2638497666207131,0,,,,True
9,-2.120533458523762,6,True,0.06417840382072315,0.06407840382072315,16.707110842018935,0.25368049307782403,0,,,,True
10,-2.1165105468750003,0,True,0.06402645650945882,0.06392645650945881,16.846865630323713,0.3090989238530323,0,,,,True
10,-2.1165105468750003,1,True,0.06417840382072315,0.06407840382072315,16.707110842018935,0.308221326341329,0,,,,True
10,-2.1165105468750003,2,True,0.06417840382072315,0.06407840382072315,16.707110842018935,0.30747682988923253,0,,,,True
10,-2.1165105468750003,3,True,0.06417840382072315,0.06407840382072315,16.707110842018935,0.29108586603436565,0,,,,True
10,-2.1165105468750003,4,True,0.06417840382072315,0.06407840382072315,16.707110842018935,0.2761229108704308,0,,,,True
10,-2.1165105468750003,5,True,0.06417840382072315,0.06407840382072315,16.707110842018935,0.2638497666207131,0,,,,True
10,-2.1165105468750003,6,True,0.06417840382072315,0.06407840382072315,16.707110842018935,0.25368049307782403,0,,,,True
11,-2.10151171875,0,True,0.06402118343480101,0.06392118343480101,16.84745553069686,0.3091940488042149,0,,,,True
11,-2.10151171875,1,True,0.06417840382072315,0.06407840382072315,16.707110842018935,0.3082681553696726,0,,,,True
11,-2.10151171875,2,True,0.06417840382072315,0.06407840382072315,16.707110842018935,0.30747682988923253,0,,,,True
11,-2.10151171875,3,True,0.06417840382072315,0.06407840382072315,16.707110842018935,0.29108586603436565,0,,,,True
11,-2.10151171875,4,True,0.06417840382072315,0.06407840382072315,16.707110842018935,0.2761229108704308,0,,,,True
11,-2.10151171875,5,True,0.06417840382072315,0.06407840382072315,16.707110842018935,0.2638497666207131,0,,,,True
11,-2.10151171875,6,True,0.06417840382072315,0.06407840382072315,16.707110842018935,0.25368049307782403,0,,,,True
12,-2.086512890625,0,True,0.06401591036014276,0.06391591036014276,16.848045431070005,0.3092891753366507,0,,,,True
12,-2.086512890625,1,True,0.06417840382072315,0.06407840382072315,16.707110842018935,0.30831498439801636,0,,,,True
12,-2.086512890625,2,True,0.06417840382072315,0.06407840382072315,16.707110842018935,0.30747682988923253,0,,,,True
12,-2.086512890625,3,True,0.06417840382072315,0.06407840382072315,16.707110842018935,0.29108586603436565,0,,,,True
12,-2.086512890625,4,True,0.06417840382072315,0.06407840382072315,16.707110842018935,0.2761229108704308,0,,,,True
12,-2.086512890625,5,True,0.06417840382072315,0.06407840382072315,16.707110842018935,0.2638497666207131,0,,,,True
12,-2.086512890625,6,True,0.06417840382072315,0.06407840382072315,16.707110842018935,0.25368049307782403,0,,,,True
13,-2.0715140625,0,True,0.06401063728548495,0.06391063728548495,16.848635331443155,0.3093854890416326,0,,,,True
13,-2.0715140625,1,True,0.06417840382072315,0.06407840382072315,16.707110842018935,0.30836181342636004,0,,,,True
13,-2.0715140625,2,True,0.06417840382072315,0.06407840382072315,16.707110842018935,0.30747682988923253,0,,,,True
13,-2.0715140625,3,True,0.06417840382072315,0.06407840382072315,16.707110842018935,0.29108586603436565,0,,,,True
13,-2.0715140625,4,True,0.06417840382072315,0.06407840382072315,16.707110842018935,0.2761229108704308,0,,,,True
13,-2.0715140625,5,True,0.06417840382072315,0.06407840382072315,16.707110842018935,0.2638497666207131,0,,,,True
13,-2.0715140625,6,True,0.06417840382072315,0.06407840382072315,16.707110842018935,0.25368049307782403,0,,,,True
14,-2.056515234375,0,True,0.06400536421082714,0.06390536421082714,16.849225231816302,0.309484024485248,0,,,,True
14,-2.056515234375,1,True,0.06417840382072315,0.06407840382072315,16.707110842018935,0.30840864245470373,0,,,,True
14,-2.056515234375,2,True,0.06417840382072315,0.06407840382072315,16.707110842018935,0.30747682988923253,0,,,,True
14,-2.056515234375,3,True,0.06417840382072315,0.06407840382072315,16.707110842018935,0.29108586603436565,0,,,,True
14,-2.056515234375,4,True,0.06417840382072315,0.06407840382072315,16.707110842018935,0.2761229108704308,0,,,,True
14,-2.056515234375,5,True,0.06417840382072315,0.06407840382072315,16.707110842018935,0.2638497666207131,0,,,,True
14,-2.056515234375,6,True,0.06417840382072315,0.06407840382072315,16.707110842018935,0.25368049307782403,0,,,,True
15,-2.04151640625,0,True,0.06400009113616889,0.06390009113616889,16.84981513218945,0.30958256142849566,0,,,,True
15,-2.04151640625,1,True,0.06417840382072315,0.06407840382072315,16.707110842018935,0.3084554714830473,0,,,,True
15,-2.04151640625,2,True,0.06417840382072315,0.06407840382072315,16.707110842018935,0.30747682988923253,0,,,,True
15,-2.04151640625,3,True,0.06417840382072315,0.06407840382072315,16.707110842018935,0.29108586603436565,0,,,,True
15,-2.04151640625,4,True,0.06417840382072315,0.06407840382072315,16.707110842018935,0.2761229108704308,0,,,,True
15,-2.04151640625,5,True,0.06417840382072315,0.06407840382072315,16.707110842018935,0.2638497666207131,0,,,,True
15,-2.04151640625,6,True,0.06417840382072315,0.06407840382072315,16.707110842018935,0.25368049307782403,0,,,,True
16,-2.026517578125,0,True,0.06399481806151108,0.06389481806151108,16.8504050325626,0.3096792513232984,0,,,,True
16,-2.026517578125,1,True,0.06417840382072315,0.06407840382072315,16.707110842018935,0.308502300511391,0,,,,True
16,-2.026517578125,2,True,0.06417840382072315,0.06407840382072315,16.707110842018935,0.30747682988923253,0,,,,True
16,-2.026517578125,3,True,0.06417840382072315,0.06407840382072315,16.707110842018935,0.29108586603436565,0,,,,True
16,-2.026517578125,4,True,0.06417840382072315,0.06407840382072315,16.707110842018935,0.2761229108704308,0,,,,True
16,-2.026517578125,5,True,0.06417840382072315,0.06407840382072315,16.707110842018935,0.2638497666207131,0,,,,True
16,-2.026517578125,6,True,0.06417840382072315,0.06407840382072315,16.707110842018935,0.25368049307782403,0,,,,True
17,-2.01151875,0,True,0.06398954498685283,0.06388954498685283,16.850994932935745,0.30977438576267663,0,,,,True
17,-2.01151875,1,True,0.06417840382072315,0.06407840382072315,16.707110842018935,0.30854912953973457,0,,,,True
17,-2.01151875,2,True,0.06417840382072315,0.06407840382072315,16.707110842018935,0.30747682988923253,0,,,,True
17,-2.01151875,3,True,0.06417840382072315,0.06407840382072315,16.707110842018935,0.29108586603436565,0,,,,True
17,-2.01151875,4,True,0.06417840382072315,0.06407840382072315,16.707110842018935,0.2761229108704308,0,,,,True
17,-2.01151875,5,True,0.06417840382072315,0.06407840382072315,16.707110842018935,0.2638497666207131,0,,,,True
17,-2.01151875,6,True,0.06417840382072315,0.06407840382072315,16.707110842018935,0.25368049307782403,0,,,,True
18,-1.996519921875,0,True,0.06398427191219502,0.06388427191219502,16.85158483330889,0.30986952178283234,0,,,,True
18,-1.996519921875,1,True,0.06417840382072315,0.06407840382072315,16.707110842018935,0.3085959585680784,0,,,,True
18,-1.996519921875,2,True,0.06417840382072315,0.06407840382072315,16.707110842018935,0.30747682988923253,0,,,,True
18,-1.996519921875,3,True,0.06417840382072315,0.06407840382072315,16.707110842018935,0.29108586603436565,0,,,,True
18,-1.996519921875,4,True,0.06417840382072315,0.06407840382072315,16.707110842018935,0.2761229108704308,0,,,,True
18,-1.996519921875,5,True,0.06417840382072315,0.06407840382072315,16.707110842018935,0.2638497666207131,0,,,,True
18,-1.996519921875,6,True,0.06417840382072315,0.06407840382072315,16.707110842018935,0.25368049307782403,0,,,,True
19,-1.98152109375,0,True,0.06397899883753722,0.06387899883753721,16.852174733682038,0.3099646593836893,0,,,,True
19,-1.98152109375,1,True,0.06417840382072315,0.06407840382072315,16.707110842018935,0.30864278759642194,0,,,,True
19,-1.98152109375,2,True,0.06417840382072315,0.06407840382072315,16.707110842018935,0.30747682988923253,0,,,,True
19,-1.98152109375,3,True,0.06417840382072315,0.06407840382072315,16.707110842018935,0.29108586603436565,0,,,,True
19,-1.98152109375,4,True,0.06417840382072315,0.06407840382072315,16.707110842018935,0.2761229108704308,0,,,,True
19,-1.98152109375,5,True,0.06417840382072315,0.06407840382072315,16.707110842018935,0.2638497666207131,0,,,,True
19,-1.98152109375,6,True,0.06417840382072315,0.06407840382072315,16.707110842018935,0.25368049307782403,0,,,,True
20,-1.966522265625,0,True,0.06397372576287896,0.06387372576287896,16.852764634055184,0.3100597985651644,0,,,,True
20,-1.966522265625,1,True,0.06417840382072315,0.06407840382072315,16.707110842018935,0.3086896166247657,0,,,,True
20,-1.966522265625,2,True,0.06417840382072315,0.06407840382072315,16.707110842018935,0.30747682988923253,0,,,,True
20,-1.966522265625,3,True,0.06417840382072315,0.06407840382072315,16.707110842018935,0.29108586603436565,0,,,,True
20,-1.966522265625,4,True,0.06417840382072315,0.06407840382072315,16.707110842018935,0.2761229108704308,0,,,,True
20,-1.966522265625,5,True,0.06417840382072315,0.06407840382072315,16.707110842018935,0.2638497666207131,0,,,,True
20,-1.966522265625,6,True,0.06417840382072315,0.06407840382072315,16.707110842018935,0.25368049307782403,0,,,,True
21,-1.9515234375000001,0,True,0.06396845268822116,0.06386845268822115,16.853354534428334,0.31015493932717964,0,,,,True
21,-1.9515234375000001,1,True,0.06417840382072315,0.06407840382072315,16.707110842018935,0.3087364456531093,0,,,,True
21,-1.9515234375000001,2,True,0.06417840382072315,0.06407840382072315,16.707110842018935,0.30747682988923253,0,,,,True
21,-1.9515234375000001,3,True,0.06417840382072315,0.06407840382072315,16.707110842018935,0.29108586603436565,0,,,,True
21,-1.9515234375000001,4,True,0.06417840382072315,0.06407840382072315,16.707110842018935,0.2761229108704308,0,,,,True
21,-1.9515234375000001,5,True,0.06417840382072315,0.06407840382072315,16.707110842018935,0.2638497666207131,0,,,,True
21,-1.9515234375000001,6,True,0.06417840382072315,0.06407840382072315,16.707110842018935,0.25368049307782403,0,,,,True
22,-1.9365246093750001,0,True,0.06396317961356335,0.06386317961356335,16.85394443480148,0.3102500816696571,0,,,,True
22,-1.9365246093750001,1,True,0.06417840382072315,0.06407840382072315,16.707110842018935,0.308783274681453,0,,,,True
22,-1.9365246093750001,2,True,0.06417840382072315,0.06407840382072315,16.707110842018935,0.30747682988923253,0,,,,True
22,-1.9365246093750001,3,True,0.06417840382072315,0.06407840382072315,16.707110842018935,0.29108586603436565,0,,,,True
22,-1.9365246093750001,4,True,0.06417840382072315,0.06407840382072315,16.707110842018935,0.2761229108704308,0,,,,True
22,-1.9365246093750001,5,True,0.06417840382072315,0.06407840382072315,16.707110842018935,0.2638497666207131,0,,,,True
22,-1.9365246093750001,6,True,0.06417840382072315,0.06407840382072315,16.707110842018935,0.25368049307782403,0,,,,True
23,-1.9215257812500002,0,True,0.0639579065389051,0.0638579065389051,16.854534335174627,0.3103452255925157,0,,,,True
23,-1.9215257812500002,1,True,0.06417840382072315,0.06407840382072315,16.707110842018935,0.30883010370979663,0,,,,True
23,-1.9215257812500002,2,True,0.06417840382072315,0.06407840382072315,16.707110842018935,0.30747682988923253,0,,,,True
23,-1.9215257812500002,3,True,0.06417840382072315,0.06407840382072315,16.707110842018935,0.29108586603436565,0,,,,True
23,-1.9215257812500002,4,True,0.06417840382072315,0.06407840382072315,16.707110842018935,0.2761229108704308,0,,,,True
23,-1.9215257812500002,5,True,0.06417840382072315,0.06407840382072315,16.707110842018935,0.2638497666207131,0,,,,True
23,-1.9215257812500002,6,True,0.06417840382072315,0.06407840382072315,16.707110842018935,0.25368049307782403,0,,,,True
24,-1.9096636772155762,0,True,0.06395373622908807,0.06385373622908806,16.855000868928993,0.31042047306434484,0,,,,True
24,-1.9096636772155762,1,True,0.06417840382072315,0.06407840382072315,16.707110842018935,0.30886713932360693,0,,,,True
24,-1.9096636772155762,2,True,0.06417840382072315,0.06407840382072315,16.707110842018935,0.30747682988923253,0,,,,True
24,-1.9096636772155762,3,True,0.06417840382072315,0.06407840382072315,16.707110842018935,0.29108586603436565,0,,,,True
24,-1.9096636772155762,4,True,0.06417840382072315,0.06407840382072315,16.707110842018935,0.2761229108704308,0,,,,True
24,-1.9096636772155762,5,True,0.06417840382072315,0.06407840382072315,16.707110842018935,0.2638497666207131,0,,,,True
24,-1.9096636772155762,6,True,0.06417840382072315,0.06407840382072315,16.707110842018935,0.25368049307782403,0,,,,True
25,-1.906526953125,0,True,0.06395263346424729,0.06385263346424729,16.855124235547777,0.3104403710956771,0,,,,True
25,-1.906526953125,1,True,0.06417840382072315,0.06407840382072315,16.707110842018935,0.3088769327381404,0,,,,True
25,-1.906526953125,2,True,0.06417840382072315,0.06407840382072315,16.707110842018935,0.30747682988923253,0,,,,True
25,-1.906526953125,3,True,0.06417840382072315,0.06407840382072315,16.707110842018935,0.29108586603436565,0,,,,True
25,-1.906526953125,4,True,0.06417840382072315,0.06407840382072315,16.707110842018935,0.2761229108704308,0,,,,True
25,-1.906526953125,5,True,0.06417840382072315,0.06407840382072315,16.707110842018935,0.2638497666207131,0,,,,True
25,-1.906526953125,6,True,0.06417840382072315,0.06407840382072315,16.707110842018935,0.25368049307782403,0,,,,True
26,-1.9014489650726318,0,True,0.06395084821743424,0.06385084821743424,16.855323951620388,0.3104725838188881,0,,,,True
26,-1.9014489650726318,1,True,0.06417840382072315,0.06407840382072315,16.707110842018935,0.30889278712652674,0,,,,True
26,-1.9014489650726318,2,True,0.06417840382072315,0.06407840382072315,16.707110842018935,0.30747682988923253,0,,,,True
26,-1.9014489650726318,3,True,0.06417840382072315,0.06407840382072315,16.707110842018935,0.29108586603436565,0,,,,True
26,-1.9014489650726318,4,True,0.06417840382072315,0.06407840382072315,16.707110842018935,0.2761229108704308,0,,,,True
26,-1.9014489650726318,5,True,0.06417840382072315,0.06407840382072315,16.707110842018935,0.2638497666207131,0,,,,True
26,-1.9014489650726318,6,True,0.06417840382072315,0.06407840382072315,16.707110842018935,0.25368049307782403,0,,,,True
27,-1.891528125,0,True,0.06394736038958948,0.06384736038958948,16.855714135920923,0.31053551817906133,0,,,,True
27,-1.891528125,1,True,0.06417840382072315,0.06407840382072315,16.707110842018935,0.308923761766484,0,,,,True
27,-1.891528125,2,True,0.06417840382072315,0.06407840382072315,16.707110842018935,0.30747682988923253,0,,,,True
27,-1.891528125,3,True,0.06417840382072315,0.06407840382072315,16.707110842018935,0.29108586603436565,0,,,,True
27,-1.891528125,4,True,0.06417840382072315,0.06407840382072315,16.707110842018935,0.2761229108704308,0,,,,True
27,-1.891528125,5,True,0.06417840382072315,0.06407840382072315,16.707110842018935,0.2638497666207131,0,,,,True
27,-1.891528125,6,True,0.06417840382072315,0.06407840382072315,16.707110842018935,0.25368049307782403,0,,,,True
28,-1.876529296875,0,True,0.06394208731493123,0.06384208731493123,16.85630403629407,0.3106306668425909,0,,,,True
28,-1.876529296875,1,True,0.06417840382072315,0.06407840382072315,16.707110842018935,0.3089705907948277,0,,,,True
28,-1.876529296875,2,True,0.06417840382072315,0.06407840382072315,16.707110842018935,0.30747682988923253,0,,,,True
28,-1.876529296875,3,True,0.06417840382072315,0.06407840382072315,16.707110842018935,0.29108586603436565,0,,,,True
28,-1.876529296875,4,True,0.06417840382072315,0.06407840382072315,16.707110842018935,0.2761229108704308,0,,,,True
28,-1.876529296875,5,True,0.06417840382072315,0.06407840382072315,16.707110842018935,0.2638497666207131,0,,,,True
28,-1.876529296875,6,True,0.06417840382072315,0.06407840382072315,16.707110842018935,0.25368049307782403,0,,,,True
29,-1.86153046875,0,True,0.06393681424027342,0.06383681424027342,16.856893936667216,0.31072581708618385,0,,,,True
29,-1.86153046875,1,True,0.06417840382072315,0.06407840382072315,16.707110842018935,0.3090174198231713,0,,,,True
29,-1.86153046875,2,True,0.06417840382072315,0.06407840382072315,16.707110842018935,0.30747682988923253,0,,,,True
29,-1.86153046875,3,True,0.06417840382072315,0.06407840382072315,16.707110842018935,0.29108586603436565,0,,,,True
29,-1.86153046875,4,True,0.06417840382072315,0.06407840382072315,16.707110842018935,0.2761229108704308,0,,,,True
29,-1.86153046875,5,True,0.06417840382072315,0.06407840382072315,16.707110842018935,0.2638497666207131,0,,,,True
29,-1.86153046875,6,True,0.06417840382072315,0.06407840382072315,16.707110842018935,0.25368049307782403,0,,,,True
30,-1.846531640625,0,True,0.06393154116561561,0.06383154116561561,16.857483837040366,0.31082096890976413,0,,,,True
30,-1.846531640625,1,True,0.06417840382072315,0.06407840382072315,16.707110842018935,0.3090642488515151,0,,,,True
30,-1.846531640625,2,True,0.06417840382072315,0.06407840382072315,16.707110842018935,0.30747682988923253,0,,,,True
30,-1.846531640625,3,True,0.06417840382072315,0.06407840382072315,16.707110842018935,0.29108586603436565,0,,,,True
30,-1.846531640625,4,True,0.06417840382072315,0.06407840382072315,16.707110842018935,0.2761229108704308,0,,,,True
30,-1.846531640625,5,True,0.06417840382072315,0.06407840382072315,16.707110842018935,0.2638497666207131,0,,,,True
30,-1.846531640625,6,True,0.06417840382072315,0.06407840382072315,16.707110842018935,0.25368049307782403,0,,,,True
31,-1.8315328125,0,True,0.06392626809095736,0.06382626809095736,16.858073737413513,0.3109161223132492,0,,,,True
31,-1.8315328125,1,True,0.06417840382072315,0.06407840382072315,16.707110842018935,0.30911107787985864,0,,,,True
31,-1.8315328125,2,True,0.06417840382072315,0.06407840382072315,16.707110842018935,0.30747682988923253,0,,,,True
31,-1.8315328125,3,True,0.06417840382072315,0.06407840382072315,16.707110842018935,0.29108586603436565,0,,,,True
31,-1.8315328125,4,True,0.06417840382072315,0.06407840382072315,16.707110842018935,0.2761229108704308,0,,,,True
31,-1.8315328125,5,True,0.06417840382072315,0.06407840382072315,16.707110842018935,0.2638497666207131,0,,,,True
31,-1.8315328125,6,True,0.06417840382072315,0.06407840382072315,16.707110842018935,0.25368049307782403,0,,,,True
32,-1.816533984375,0,True,0.06392099501629955,0.06382099501629955,16.85866363778666,0.3110112772965601,0,,,,True
32,-1.816533984375,1,True,0.06417840382072315,0.06407840382072315,16.707110842018935,0.30915790690820233,0,,,,True
32,-1.816533984375,2,True,0.06417840382072315,0.06407840382072315,16.707110842018935,0.30747682988923253,0,,,,True
32,-1.816533984375,3,True,0.06417840382072315,0.06407840382072315,16.707110842018935,0.29108586603436565,0,,,,True
32,-1.816533984375,4,True,0.06417840382072315,0.06407840382072315,16.707110842018935,0.2761229108704308,0,,,,True
32,-1.816533984375,5,True,0.06417840382072315,0.06407840382072315,16.707110842018935,0.2638497666207131,0,,,,True
32,-1.816533984375,6,True,0.06417840382072315,0.06407840382072315,16.707110842018935,0.25368049307782403,0,,,,True
33,-1.80153515625,0,True,0.0639157219416413,0.0638157219416413,16.859253538159805,0.3111064338596208,0,,,,True
33,-1.80153515625,1,True,0.06417840382072315,0.06407840382072315,16.707110842018935,0.30920473593654596,0,,,,True
33,-1.80153515625,2,True,0.06417840382072315,0.06407840382072315,16.707110842018935,0.30747682988923253,0,,,,True
33,-1.80153515625,3,True,0.06417840382072315,0.06407840382072315,16.707110842018935,0.29108586603436565,0,,,,True
33,-1.80153515625,4,True,0.06417840382072315,0.06407840382072315,16.707110842018935,0.2761229108704308,0,,,,True
33,-1.80153515625,5,True,0.06417840382072315,0.06407840382072315,16.707110842018935,0.2638497666207131,0,,,,True
33,-1.80153515625,6,True,0.06417840382072315,0.06407840382072315,16.707110842018935,0.25368049307782403,0,,,,True
34,-1.786536328125,0,True,0.0639104488669835,0.06381044886698349,16.859843438532955,0.3112015920023499,0,,,,True
34,-1.786536328125,1,True,0.06417840382072315,0.06407840382072315,16.707110842018935,0.3092515649648897,0,,,,True
34,-1.786536328125,2,True,0.06417840382072315,0.06407840382072315,16.707110842018935,0.30747682988923253,0,,,,True
34,-1.786536328125,3,True,0.06417840382072315,0.06407840382072315,16.707110842018935,0.29108586603436565,0,,,,True
34,-1.786536328125,4,True,0.06417840382072315,0.06407840382072315,16.707110842018935,0.2761229108704308,0,,,,True
34,-1.786536328125,5,True,0.06417840382072315,0.06407840382072315,16.707110842018935,0.2638497666207131,0,,,,True
34,-1.786536328125,6,True,0.06417840382072315,0.06407840382072315,16.707110842018935,0.25368049307782403,0,,,,True
35,-1.7715375,0,True,0.06390517579232569,0.06380517579232568,16.860433338906102,0.3112967517246669,0,,,,True
35,-1.7715375,1,True,0.06417840382072315,0.06407840382072315,16.707110842018935,0.3092983939932334,0,,,,True
35,-1.7715375,2,True,0.06417840382072315,0.06407840382072315,16.707110842018935,0.30747682988923253,0,,,,True
35,-1.7715375,3,True,0.06417840382072315,0.06407840382072315,16.707110842018935,0.29108586603436565,0,,,,True
35,-1.7715375,4,True,0.06417840382072315,0.06407840382072315,16.707110842018935,0.2761229108704308,0,,,,True
35,-1.7715375,5,True,0.06417840382072315,0.06407840382072315,16.707110842018935,0.2638497666207131,0,,,,True
35,-1.7715375,6,True,0.06417840382072315,0.06407840382072315,16.707110842018935,0.25368049307782403,0,,,,True
36,-1.756538671875,0,True,0.06389990271766743,0.06379990271766743,16.86102323927925,0.3113919130264948,0,,,,True
36,-1.756538671875,1,True,0.06417840382072315,0.06407840382072315,16.707110842018935,0.309345223021577,0,,,,True
36,-1.756538671875,2,True,0.06417840382072315,0.06407840382072315,16.707110842018935,0.30747682988923253,0,,,,True
36,-1.756538671875,3,True,0.06417840382072315,0.06407840382072315,16.707110842018935,0.29108586603436565,0,,,,True
36,-1.756538671875,4,True,0.06417840382072315,0.06407840382072315,16.707110842018935,0.2761229108704308,0,,,,True
36,-1.756538671875,5,True,0.06417840382072315,0.06407840382072315,16.707110842018935,0.2638497666207131,0,,,,True
36,-1.756538671875,6,True,0.06417840382072315,0.06407840382072315,16.707110842018935,0.25368049307782403,0,,,,True
37,-1.74153984375,0,True,0.06389462964300963,0.06379462964300962,16.8616131396524,0.31148707590775326,0,,,,True
37,-1.74153984375,1,True,0.06417840382072315,0.06407840382072315,16.707110842018935,0.30939205204992076,0,,,,True
37,-1.74153984375,2,True,0.06417840382072315,0.06407840382072315,16.707110842018935,0.30747682988923253,0,,,,True
37,-1.74153984375,3,True,0.06417840382072315,0.06407840382072315,16.707110842018935,0.29108586603436565,0,,,,True
37,-1.74153984375,4,True,0.06417840382072315,0.06407840382072315,16.707110842018935,0.2761229108704308,0,,,,True
37,-1.74153984375,5,True,0.06417840382072315,0.06407840382072315,16.707110842018935,0.2638497666207131,0,,,,True
37,-1.74153984375,6,True,0.06417840382072315,0.06407840382072315,16.707110842018935,0.25368049307782403,0,,,,True
38,-1.726541015625,0,True,0.06388935656835182,0.06378935656835182,16.862203040025545,0.3115822403683627,0,,,,True
38,-1.726541015625,1,True,0.06417840382072315,0.06407840382072315,16.707110842018935,0.3094388810782644,0,,,,True
38,-1.726541015625,2,True,0.06417840382072315,0.06407840382072315,16.707110842018935,0.30747682988923253,0,,,,True
38,-1.726541015625,3,True,0.06417840382072315,0.06407840382072315,16.707110842018935,0.29108586603436565,0,,,,True
38,-1.726541015625,4,True,0.06417840382072315,0.06407840382072315,16.707110842018935,0.2761229108704308,0,,,,True
38,-1.726541015625,5,True,0.06417840382072315,0.06407840382072315,16.707110842018935,0.2638497666207131,0,,,,True
38,-1.726541015625,6,True,0.06417840382072315,0.06407840382072315,16.707110842018935,0.25368049307782403,0,,,,True
39,-1.7115421875,0,True,0.06388408349369357,0.06378408349369356,16.86279294039869,0.31167740640824343,0,,,,True
39,-1.7115421875,1,True,0.06417840382072315,0.06407840382072315,16.707110842018935,0.3094857101066081,0,,,,True
39,-1.7115421875,2,True,0.06417840382072315,0.06407840382072315,16.707110842018935,0.30747682988923253,0,,,,True
39,-1.7115421875,3,True,0.06417840382072315,0.06407840382072315,16.707110842018935,0.29108586603436565,0,,,,True
39,-1.7115421875,4,True,0.06417840382072315,0.06407840382072315,16.707110842018935,0.2761229108704308,0,,,,True
39,-1.7115421875,5,True,0.06417840382072315,0.06407840382072315,16.707110842018935,0.2638497666207131,0,,,,True
39,-1.7115421875,6,True,0.06417840382072315,0.06407840382072315,16.707110842018935,0.2558596929127823,0,,,,True
40,-1.6965433593750001,0,True,0.06387881041903576,0.06377881041903576,16.863382840771838,0.31177257402731656,0,,,,True
40,-1.6965433593750001,1,True,0.06417840382072315,0.06407840382072315,16.707110842018935,0.3095325391349517,0,,,,True
40,-1.6965433593750001,2,True,0.06417840382072315,0.06407840382072315,16.707110842018935,0.30747682988923253,0,,,,True
40,-1.6965433593750001,3,True,0.06417840382072315,0.06407840382072315,16.707110842018935,0.29108586603436565,0,,,,True
40,-1.6965433593750001,4,True,0.06417840382072315,0.06407840382072315,16.707110842018935,0.2761229108704308,0,,,,True
40,-1.6965433593750001,5,True,0.06417840382072315,0.06407840382072315,16.707110842018935,0.2638497666207131,0,,,,True
40,-1.6965433593750001,6,True,0.06417840382072315,0.06407840382072315,16.707110842018935,0.26440939691496984,0,,,,True
41,-1.6815445312500001,0,True,0.06387353734437795,0.06377353734437795,16.863972741144984,0.3118677432255041,0,,,,True
41,-1.6815445312500001,1,True,0.06417840382072315,0.06407840382072315,16.707110842018935,0.30957936816329534,0,,,,True
41,-1.6815445312500001,2,True,0.06417840382072315,0.06407840382072315,16.707110842018935,0.30747682988923253,0,,,,True
41,-1.6815445312500001,3,True,0.06417840382072315,0.06407840382072315,16.707110842018935,0.29108586603436565,0,,,,True
41,-1.6815445312500001,4,True,0.06417840382072315,0.06407840382072315,16.707110842018935,0.2761229108704308,0,,,,True
41,-1.6815445312500001,5,True,0.06417840382072315,0.06407840382072315,16.707110842018935,0.2668080052759464,0,,,,True
41,-1.6815445312500001,6,True,0.06417840382072315,0.06407840382072315,16.707110842018935,0.2729591009171573,0,,,,True
42,-1.6665457031250002,0,True,0.0638682642697197,0.0637682642697197,16.864562641518134,0.3119629140027256,0,,,,True
42,-1.6665457031250002,1,True,0.06417840382072315,0.06407840382072315,16.707110842018935,0.30962619719163903,0,,,,True
42,-1.6665457031250002,2,True,0.06417840382072315,0.06407840382072315,16.707110842018935,0.30747682988923253,0,,,,True
42,-1.6665457031250002,3,True,0.06417840382072315,0.06407840382072315,16.707110842018935,0.29108586603436565,0,,,,True
42,-1.6665457031250002,4,True,0.06417840382072315,0.06407840382072315,16.707110842018935,0.2761229108704308,0,,,,True
42,-1.6665457031250002,5,True,0.06417840382072315,0.06407840382072315,16.707110842018935,0.27535770927813386,0,,,,True
42,-1.6665457031250002,6,True,0.06417840382072315,0.06407840382072315,16.707110842018935,0.2815088049193448,0,,,,True
43,-1.6515468750000002,0,True,0.06386299119506189,0.06376299119506189,16.86515254189128,0.31205808635890103,0,,,,True
43,-1.6515468750000002,1,True,0.06417840382072315,0.06407840382072315,16.707110842018935,0.3096730262199827,0,,,,True
43,-1.6515468750000002,2,True,0.06417840382072315,0.06407840382072315,16.707110842018935,0.30747682988923253,0,,,,True
43,-1.6515468750000002,3,True,0.06417840382072315,0.06407840382072315,16.707110842018935,0.29108586603436565,0,,,,True
43,-1.6515468750000002,4,True,0.06417840382072315,0.06407840382072315,16.707110842018935,0.2775476608856858,0,,,,True
43,-1.6515468750000002,5,True,0.06417840382072315,0.06407840382072315,16.707110842018935,0.2839074132803214,0,,,,True
43,-1.6515468750000002,6,True,0.06417840382072315,0.06407840382072315,16.707110842018935,0.2900585089215323,0,,,,True
44,-1.636548046875,0,True,0.06385771812040408,0.06375771812040408,16.865742442264427,0.31215326029395213,0,,,,True
44,-1.636548046875,1,True,0.06417840382072315,0.06407840382072315,16.707110842018935,0.3097198552483264,0,,,,True
44,-1.636548046875,2,True,0.06417840382072315,0.06407840382072315,16.707110842018935,0.30747682988923253,0,,,,True
44,-1.636548046875,3,True,0.06417840382072315,0.06407840382072315,16.707110842018935,0.29108586603436565,0,,,,True
44,-1.636548046875,4,True,0.06417840382072315,0.06407840382072315,16.707110842018935,0.28609736488787335,0,,,,True
44,-1.636548046875,5,True,0.06417840382072315,0.06407840382072315,16.707110842018935,0.29245711728250895,0,,,,True
44,-1.636548046875,6,True,0.06417840382072315,0.06407840382072315,16.707110842018935,0.29860821292371986,0,,,,True
45,-1.62154921875,0,True,0.06385244504574583,0.06375244504574583,16.866332342637577,0.3122484358077991,0,,,,True
45,-1.62154921875,1,True,0.06417840382072315,0.06407840382072315,16.707110842018935,0.30976668427667003,0,,,,True
45,-1.62154921875,2,True,0.06417840382072315,0.06407840382072315,16.707110842018935,0.30747682988923253,0,,,,True
45,-1.62154921875,3,True,0.06417840382072315,0.06407840382072315,16.707110842018935,0.29108586603436565,0,,,,True
45,-1.62154921875,4,True,0.06417840382072315,0.06407840382072315,16.707110842018935,0.29464706889006087,0,,,,True
45,-1.62154921875,5,True,0.06417840382072315,0.06407840382072315,16.707110842018935,0.3010068212846965,0,,,,True
45,-1.62154921875,6,True,0.06417840382072315,0.06407840382072315,16.707110842018935,0.3071579169259074,0,,,,True
46,-1.606550390625,0,True,0.06384717197108802,0.06374717197108802,16.866922243010723,0.31234361290036217,0,,,,True
46,-1.606550390625,1,True,0.06417840382072315,0.06407840382072315,16.707110842018935,0.3098135133050138,0,,,,True
46,-1.606550390625,2,True,0.06417840382072315,0.06407840382072315,16.707110842018935,0.30747682988923253,0,,,,True
46,-1.606550390625,3,True,0.06417840382072315,0.06407840382072315,16.707110842018935,0.2967724246185426,0,,,,True
46,-1.606550390625,4,True,0.06417840382072315,0.06407840382072315,16.707110842018935,0.30319677289224833,0,,,,True
46,-1.606550390625,5,True,0.06417840382072315,0.06407840382072315,16.707110842018935,0.309556525286884,0,,,,True
46,-1.606550390625,6,True,0.06417840382072315,0.06407840382072315,16.707110842018935,0.31570762092809485,0,,,,True
47,-1.5915515625,0,True,0.06384189889643022,0.06374189889643021,16.86751214338387,0.3124387915715626,0,,,,True
47,-1.5915515625,1,True,0.06417840382072315,0.06407840382072315,16.707110842018935,0.3098603423333574,0,,,,True
47,-1.5915515625,2,True,0.06417840382072315,0.06407840382072315,16.707110842018935,0.30747682988923253,0,,,,True
47,-1.5915515625,3,True,0.06417840382072315,0.06407840382072315,16.707110842018935,0.30532212862073005,0,,,,True
47,-1.5915515625,4,True,0.06417840382072315,0.06407840382072315,16.707110842018935,0.3117464768944358,0,,,,True
47,-1.5915515625,5,True,0.06417840382072315,0.06407840382072315,16.707110842018935,0.31810622928907145,0,,,,True
47,-1.5915515625,6,True,0.06417840382072315,0.06407840382072315,16.707110842018935,0.32425732493028236,0,,,,True
48,-1.5765527343749999,0,True,0.06383662582177196,0.06373662582177196,16.86810204375702,0.31253397182132253,0,,,,True
48,-1.5765527343749999,1,True,0.06417840382072315,0.06407840382072315,16.707110842018935,0.30990717136170104,0,,,,True
48,-1.5765527343749999,2,True,0.06417840382072315,0.06407840382072315,16.707110842018935,0.30776227539197515,0,,,,True
48,-1.5765527343749999,3,True,0.06417840382072315,0.06407840382072315,16.707110842018935,0.3138718326229177,0,,,,True
48,-1.5765527343749999,4,True,0.06417840382072315,0.06407840382072315,16.707110842018935,0.32029618089662343,0,,,,True
48,-1.5765527343749999,5,True,0.06417840382072315,0.06407840382072315,16.707110842018935,0.326655933291259,0,,,,True
48,-1.5765527343749999,6,True,0.06417840382072315,0.06407840382072315,16.707110842018935,0.33280702893246994,0,,,,True
49,-1.56155390625,0,True,0.06383135274711416,0.06373135274711415,16.868691944130166,0.31262915364956034,0,,,,True
49,-1.56155390625,1,True,0.06417840382072315,0.06407840382072315,16.707110842018935,0.31204136538469096,0,,,,True
49,-1.56155390625,2,True,0.06417840382072315,0.06407840382072315,16.707110842018935,0.31631197939416267,0,,,,True
49,-1.56155390625,3,True,0.06417840382072315,0.06407840382072315,16.707110842018935,0.3224215366251052,0,,,,True
49,-1.56155390625,4,True,0.06417840382072315,0.06407840382072315,16.707110842018935,0.32884588489881095,0,,,,True
49,-1.56155390625,5,True,0.06417840382072315,0.06407840382072315,16.707110842018935,0.3352056372934465,0,,,,True
49,-1.56155390625,6,True,0.06417840382072315,0.06407840382072315,16.707110842018935,0.3413567329346574,0,,,,True
50,-1.546555078125,0,True,0.0638260796724559,0.0637260796724559,16.869281844503313,0.31597505562729405,0,,,,True
50,-1.546555078125,1,True,0.06417840382072315,0.06407840382072315,16.707110842018935,0.3205910693868785,0,,,,True
50,-1.546555078125,2,True,0.06417840382072315,0.06407840382072315,16.707110842018935,0.32486168339635013,0,,,,True
50,-1.546555078125,3,True,0.06417840382072315,0.06407840382072315,16.707110842018935,0.3309712406272927,0,,,,True
50,-1.546555078125,4,True,0.06417840382072315,0.06407840382072315,16.707110842018935,0.3373955889009984,0,,,,True
50,-1.546555078125,5,True,0.06417840382072315,0.06407840382072315,16.707110842018935,0.34375534129563406,0,,,,True
50,-1.546555078125,6,True,0.06417840382072315,0.06407840382072315,16.707110842018935,0.349906436936845,0,,,,True
51,-1.53155625,0,True,0.0638208065977981,0.0637208065977981,16.86987174487646,0.3245247596294815,0,,,,True
51,-1.53155625,1,True,0.06417840382072315,0.06407840382072315,16.707110842018935,0.32914077338906594,0,,,,True
51,-1.53155625,2,True,0.06417840382072315,0.06407840382072315,16.707110842018935,0.3334113873985376,0,,,,True
51,-1.53155625,3,True,0.06417840382072315,0.06407840382072315,16.707110842018935,0.3395209446294802,0,,,,True
51,-1.53155625,4,True,0.06417840382072315,0.06407840382072315,16.707110842018935,0.3459452929031859,0,,,,True
51,-1.53155625,5,True,0.06417840382072315,0.06407840382072315,16.707110842018935,0.35230504529782153,0,,,,True
51,-1.53155625,6,True,0.06417840382072315,0.06407840382072315,16.707110842018935,0.35845614093903244,0,,,,True
52,-1.516557421875,0,True,0.06381553352314029,0.06371553352314029,16.870461645249605,0.333074463631669,0,,,,True
52,-1.516557421875,1,True,0.06417840382072315,0.06407840382072315,16.707110842018935,0.3376904773912534,0,,,,True
52,-1.516557421875,2,True,0.06417840382072315,0.06407840382072315,16.707110842018935,0.34196109140072506,0,,,,True
52,-1.516557421875,3,True,0.06417840382072315,0.06407840382072315,16.707110842018935,0.34807064863166765,0,,,,True
52,-1.516557421875,4,True,0.06417840382072315,0.06407840382072315,16.707110842018935,0.3544949969053734,0,,,,True
52,-1.516557421875,5,True,0.06417840382072315,0.06407840382072315,16.707110842018935,0.360854749300009,0,,,,True
52,-1.516557421875,6,True,0.06417840382072315,0.06407840382072315,16.707110842018935,0.3670058449412199,0,,,,True
53,-1.50155859375,0,True,0.06381026044848204,0.06371026044848203,16.871051545622755,0.34162416763385645,0,,,,True
53,-1.50155859375,1,True,0.06417840382072315,0.06407840382072315,16.707110842018935,0.34624018139344087,0,,,,True
53,-1.50155859375,2,True,0.06417840382072315,0.06407840382072315,16.707110842018935,0.3505107954029125,0,,,,True
53,-1.50155859375,3,True,0.06417840382072315,0.06407840382072315,16.707110842018935,0.3566203526338551,0,,,,True
53,-1.50155859375,4,True,0.06417840382072315,0.06407840382072315,16.707110842018935,0.36304470090756086,0,,,,True
53,-1.50155859375,5,True,0.06417840382072315,0.06407840382072315,16.707110842018935,0.3694044533021965,0,,,,True
53,-1.50155859375,6,True,0.06417840382072315,0.06407840382072315,16.707110842018935,0.3755555489434074,0,,,,True
54,-1.486559765625,0,True,0.06380498737382423,0.06370498737382423,16.871641445995902,0.35017387163604397,0,,,,True
54,-1.486559765625,1,True,0.06417840382072315,0.06407840382072315,16.707110842018935,0.3547898853956284,0,,,,True
54,-1.486559765625,2,True,0.06417840382072315,0.06407840382072315,16.707110842018935,0.3590604994051001,0,,,,True
54,-1.486559765625,3,True,0.06417840382072315,0.06407840382072315,16.707110842018935,0.3651700566360426,0,,,,True
54,-1.486559765625,4,True,0.06417840382072315,0.06407840382072315,16.707110842018935,0.3715944049097483,0,,,,True
54,-1.486559765625,5,True,0.06417840382072315,0.06407840382072315,16.707110842018935,0.377954157304384,0,,,,True
54,-1.486559765625,6,True,0.06417840382072315,0.06407840382072315,16.707110842018935,0.3841052529455949,0,,,,True
55,-1.4715609375,0,True,0.06379971429916642,0.06369971429916642,16.87223134636905,0.35872357563823143,0,,,,True
55,-1.4715609375,1,True,0.06417840382072315,0.06407840382072315,16.707110842018935,0.3633395893978159,0,,,,True
55,-1.4715609375,2,True,0.06417840382072315,0.06407840382072315,16.707110842018935,0.36761020340728756,0,,,,True
55,-1.4715609375,3,True,0.06417840382072315,0.06407840382072315,16.707110842018935,0.37371976063823015,0,,,,True
55,-1.4715609375,4,True,0.06417840382072315,0.06407840382072315,16.707110842018935,0.38014410891193584,0,,,,True
55,-1.4715609375,5,True,0.06417840382072315,0.06407840382072315,16.707110842018935,0.38650386130657144,0,,,,True
55,-1.4715609375,6,True,0.06417840382072315,0.06407840382072315,16.707110842018935,0.3926549569477824,0,,,,True
56,-1.456562109375,0,True,0.06379444122450817,0.06369444122450817,16.8728212467422,0.3672732796404189,0,,,,True
56,-1.456562109375,1,True,0.06417840382072315,0.06407840382072315,16.707110842018935,0.3718892934000034,0,,,,True
56,-1.456562109375,2,True,0.06417840382072315,0.06407840382072315,16.707110842018935,0.376159907409475,0,,,,True
56,-1.456562109375,3,True,0.06417840382072315,0.06407840382072315,16.707110842018935,0.3822694646404176,0,,,,True
56,-1.456562109375,4,True,0.06417840382072315,0.06407840382072315,16.707110842018935,0.3886938129141233,0,,,,True
56,-1.456562109375,5,True,0.06417840382072315,0.06407840382072315,16.707110842018935,0.39505356530875896,0,,,,True
56,-1.456562109375,6,True,0.06417840382072315,0.06407840382072315,16.707110842018935,0.40120466094996987,0,,,,True
57,-1.44156328125,0,True,0.06378916814985036,0.06368916814985036,16.873411147115345,0.37582298364260636,0,,,,True
57,-1.44156328125,1,True,0.06417840382072315,0.06407840382072315,16.707110842018935,0.38043899740219084,0,,,,True
57,-1.44156328125,2,True,0.06417840382072315,0.06407840382072315,16.707110842018935,0.3847096114116625,0,,,,True
57,-1.44156328125,3,True,0.06417840382072315,0.06407840382072315,16.707110842018935,0.3908191686426051,0,,,,True
57,-1.44156328125,4,True,0.06417840382072315,0.06407840382072315,16.707110842018935,0.39724351691631077,0,,,,True
57,-1.44156328125,5,True,0.06417840382072315,0.06407840382072315,16.707110842018935,0.4036032693109465,0,,,,True
57,-1.44156328125,6,True,0.06417840382072315,0.06407840382072315,16.707110842018935,0.40975436495215734,0,,,,True
58,-1.4265644531250001,0,True,0.06378389507519255,0.06368389507519255,16.87400104748849,0.38437268764479393,0,,,,True
58,-1.4265644531250001,1,True,0.06417840382072315,0.06407840382072315,16.707110842018935,0.38898870140437836,0,,,,True
58,-1.4265644531250001,2,True,0.06417840382072315,0.06407840382072315,16.707110842018935,0.39325931541385,0,,,,True
58,-1.4265644531250001,3,True,0.06417840382072315,0.06407840382072315,16.707110842018935,0.39936887264479254,0,,,,True
58,-1.4265644531250001,4,True,0.06417840382072315,0.06407840382072315,16.707110842018935,0.40579322091849823,0,,,,True
58,-1.4265644531250001,5,True,0.06417840382072315,0.06407840382072315,16.707110842018935,0.41215297331313394,0,,,,True
58,-1.4265644531250001,6,True,0.06417840382072315,0.06407840382072315,16.707110842018935,0.41830406895434485,0,,,,True
59,-1.4115656250000002,0,True,0.0637786220005343,0.0636786220005343,16.874590947861638,0.3929223916469814,0,,,,True
59,-1.4115656250000002,1,True,0.06417840382072315,0.06407840382072315,16.707110842018935,0.3975384054065658,0,,,,True
59,-1.4115656250000002,2,True,0.06417840382072315,0.06407840382072315,16.707110842018935,0.4018090194160375,0,,,,True
59,-1.4115656250000002,3,True,0.06417840382072315,0.06407840382072315,16.707110842018935,0.40791857664698006,0,,,,True
59,-1.4115656250000002,4,True,0.06417840382072315,0.06407840382072315,16.707110842018935,0.4143429249206858,0,,,,True
59,-1.4115656250000002,5,True,0.06417840382072315,0.06407840382072315,16.707110842018935,0.4207026773153214,0,,,,True
59,-1.4115656250000002,6,True,0.06417840382072315,0.06407840382072315,16.707110842018935,0.4268537729565323,0,,,,True
60,-1.3965667968750002,0,True,0.0637733489258765,0.06367334892587649,16.875180848234788,0.40147209564916886,0,,,,True
60,-1.3965667968750002,1,True,0.06417840382072315,0.06407840382072315,16.707110842018935,0.4060881094087533,0,,,,True
60,-1.3965667968750002,2,True,0.06417840382072315,0.06407840382072315,16.707110842018935,0.410358723418225,0,,,,True
60,-1.3965667968750002,3,True,0.06417840382072315,0.06407840382072315,16.707110842018935,0.4164682806491675,0,,,,True
60,-1.3965667968750002,4,True,0.06417840382072315,0.06407840382072315,16.707110842018935,0.42289262892287327,0,,,,True
60,-1.3965667968750002,5,True,0.06417840382072315,0.06407840382072315,16.707110842018935,0.42925238131750887,0,,,,True
60,-1.3965667968750002,6,True,0.06417840382072315,0.06407840382072315,16.707110842018935,0.4354034769587198,0,,,,True
61,-1.38156796875,0,True,0.06376807585121869,0.06366807585121868,16.875770748607934,0.41002179965135643,0,,,,True
61,-1.38156796875,1,True,0.06417840382072315,0.06407840382072315,16.707110842018935,0.4146378134109409,0,,,,True
61,-1.38156796875,2,True,0.06417840382072315,0.06407840382072315,16.707110842018935,0.41890842742041257,0,,,,True
61,-1.38156796875,3,True,0.06417840382072315,0.06407840382072315,16.707110842018935,0.42501798465135515,0,,,,True
61,-1.38156796875,4,True,0.06417840382072315,0.06407840382072315,16.707110842018935,0.43144233292506085,0,,,,True
61,-1.38156796875,5,True,0.06417840382072315,0.06407840382072315,16.707110842018935,0.4378020853196965,0,,,,True
61,-1.38156796875,6,True,0.06417840382072315,0.06407840382072315,16.707110842018935,0.4439531809609074,0,,,,True
62,-1.366569140625,0,True,0.06376280277656043,0.06366280277656043,16.87636064898108,0.41857150365354395,0,,,,True
62,-1.366569140625,1,True,0.06417840382072315,0.06407840382072315,16.707110842018935,0.4231875174131284,0,,,,True
62,-1.366569140625,2,True,0.06417840382072315,0.06407840382072315,16.707110842018935,0.42745813142260003,0,,,,True
62,-1.366569140625,3,True,0.06417840382072315,0.06407840382072315,16.707110842018935,0.4335676886535426,0,,,,True
62,-1.366569140625,4,True,0.06417840382072315,0.06407840382072315,16.707110842018935,0.4399920369272483,0,,,,True
62,-1.366569140625,5,True,0.06417840382072315,0.06407840382072315,16.707110842018935,0.446351789321884,0,,,,True
62,-1.366569140625,6,True,0.06417840382072315,0.06407840382072315,16.707110842018935,0.4525028849630949,0,,,,True
63,-1.3515703125,0,True,0.06375752970190263,0.06365752970190262,16.876950549354227,0.4271212076557314,0,,,,True
63,-1.3515703125,1,True,0.06417840382072315,0.06407840382072315,16.707110842018935,0.4317372214153159,0,,,,True
63,-1.3515703125,2,True,0.06417840382072315,0.06407840382072315,16.707110842018935,0.4360078354247876,0,,,,True
63,-1.3515703125,3,True,0.06417840382072315,0.06407840382072315,16.707110842018935,0.4421173926557301,0,,,,True
63,-1.3515703125,4,True,0.06417840382072315,0.06407840382072315,16.707110842018935,0.44854174092943583,0,,,,True
63,-1.3515703125,5,True,0.06417840382072315,0.06407840382072315,16.707110842018935,0.4549014933240715,0,,,,True
63,-1.3515703125,6,True,0.06417840382072315,0.06407840382072315,16.707110842018935,0.4610525889652824,0,,,,True
64,-1.336571484375,0,True,0.06375225662724437,0.06365225662724437,16.877540449727377,0.43567091165791894,0,,,,True
64,-1.336571484375,1,True,0.06417840382072315,0.06407840382072315,16.707110842018935,0.44028692541750336,0,,,,True
64,-1.336571484375,2,True,0.06417840382072315,0.06407840382072315,16.707110842018935,0.44455753942697507,0,,,,True
64,-1.336571484375,3,True,0.06417840382072315,0.06407840382072315,16.707110842018935,0.4506670966579176,0,,,,True
64,-1.336571484375,4,True,0.06417840382072315,0.06407840382072315,16.707110842018935,0.45709144493162335,0,,,,True
64,-1.336571484375,5,True,0.06417840382072315,0.06407840382072315,16.707110842018935,0.46345119732625895,0,,,,True
64,-1.336571484375,6,True,0.06417840382072315,0.06407840382072315,16.707110842018935,0.46960229296746986,0,,,,True
65,-1.3215726562499999,0,True,0.06374698355258657,0.06364698355258656,16.878130350100523,0.44422061566010657,0,,,,True
65,-1.3215726562499999,1,True,0.06417840382072315,0.06407840382072315,16.707110842018935,0.448836629419691,0,,,,True
65,-1.3215726562499999,2,True,0.06417840382072315,0.06407840382072315,16.707110842018935,0.45310724342916264,0,,,,True
65,-1.3215726562499999,3,True,0.06417840382072315,0.06407840382072315,16.707110842018935,0.45921680066010523,0,,,,True
65,-1.3215726562499999,4,True,0.06417840382072315,0.06407840382072315,16.707110842018935,0.465641148933811,0,,,,True
65,-1.3215726562499999,5,True,0.06417840382072315,0.06407840382072315,16.707110842018935,0.4720009013284466,0,,,,True
65,-1.3215726562499999,6,True,0.06417840382072315,0.06407840382072315,16.707110842018935,0.4781519969696575,0,,,,True
66,-1.306573828125,0,True,0.06374171047792876,0.06364171047792876,16.87872025047367,0.45277031966229403,0,,,,True
66,-1.306573828125,1,True,0.06417840382072315,0.06407840382072315,16.707110842018935,0.45738633342187845,0,,,,True
66,-1.306573828125,2,True,0.06417840382072315,0.06407840382072315,16.707110842018935,0.4616569474313501,0,,,,True
66,-1.306573828125,3,True,0.06417840382072315,0.06407840382072315,16.707110842018935,0.4677665046622927,0,,,,True
66,-1.306573828125,4,True,0.06417840382072315,0.06407840382072315,16.707110842018935,0.47419085293599844,0,,,,True
66,-1.306573828125,5,True,0.06417840382072315,0.06407840382072315,16.707110842018935,0.48055060533063404,0,,,,True
66,-1.306573828125,6,True,0.06417840382072315,0.06407840382072315,16.707110842018935,0.48670170097184495,0,,,,True
67,-1.291575,0,True,0.06373643740327051,0.0636364374032705,16.87931015084682,0.4613200236644815,0,,,,True
67,-1.291575,1,True,0.06417840382072315,0.06407840382072315,16.707110842018935,0.4659360374240659,0,,,,True
67,-1.291575,2,True,0.06417840382072315,0.06407840382072315,16.707110842018935,0.4702066514335376,0,,,,True
67,-1.291575,3,True,0.06417840382072315,0.06407840382072315,16.707110842018935,0.47631620866448016,0,,,,True
67,-1.291575,4,True,0.06417840382072315,0.06407840382072315,16.707110842018935,0.4827405569381859,0,,,,True
67,-1.291575,5,True,0.06417840382072315,0.06407840382072315,16.707110842018935,0.48910030933282156,0,,,,True
67,-1.291575,6,True,0.06417840382072315,0.06407840382072315,16.707110842018935,0.4952514049740324,0,,,,True
68,-1.276576171875,0,True,0.0637311643286127,0.0636311643286127,16.879900051219966,0.46986972766666896,0,,,,True
68,-1.276576171875,1,True,0.06417840382072315,0.06407840382072315,16.707110842018935,0.4744857414262535,0,,,,True
68,-1.276576171875,2,True,0.06417840382072315,0.06407840382072315,16.707110842018935,0.47875635543572514,0,,,,True
68,-1.276576171875,3,True,0.06417840382072315,0.06407840382072315,16.707110842018935,0.4848659126666676,0,,,,True
68,-1.276576171875,4,True,0.06417840382072315,0.06407840382072315,16.707110842018935,0.49129026094037337,0,,,,True
68,-1.276576171875,5,True,0.06417840382072315,0.06407840382072315,16.707110842018935,0.497650013335009,0,,,,True
68,-1.276576171875,6,True,0.06417840382072315,0.06407840382072315,16.707110842018935,0.50380110897622,0,,,,True
69,-1.26157734375,0,True,0.06372589125395489,0.06362589125395489,16.880489951593113,0.4784194316688565,0,,,,True
69,-1.26157734375,1,True,0.06417840382072315,0.06407840382072315,16.707110842018935,0.48303544542844096,0,,,,True
69,-1.26157734375,2,True,0.06417840382072315,0.06407840382072315,16.707110842018935,0.4873060594379126,0,,,,True
69,-1.26157734375,3,True,0.06417840382072315,0.06407840382072315,16.707110842018935,0.4934156166688552,0,,,,True
69,-1.26157734375,4,True,0.06417840382072315,0.06407840382072315,16.707110842018935,0.4998399649425609,0,,,,True
69,-1.26157734375,5,True,0.06417840382072315,0.06407840382072315,16.707110842018935,0.5061997173371965,0,,,,True
69,-1.26157734375,6,True,0.06417840382072315,0.06407840382072315,16.707110842018935,0.5123508129784075,0,,,,True
70,-1.246578515625,0,True,0.06372061817929664,0.06362061817929664,16.88107985196626,0.48696913567104394,0,,,,True
70,-1.246578515625,1,True,0.06417840382072315,0.06407840382072315,16.707110842018935,0.4915851494306284,0,,,,True
70,-1.246578515625,2,True,0.06417840382072315,0.06407840382072315,16.707110842018935,0.4958557634401001,0,,,,True
70,-1.246578515625,3,True,0.06417840382072315,0.06407840382072315,16.707110842018935,0.5019653206710426,0,,,,True
70,-1.246578515625,4,True,0.06417840382072315,0.06407840382072315,16.707110842018935,0.5083896689447484,0,,,,True
70,-1.246578515625,5,True,0.06417840382072315,0.06407840382072315,16.707110842018935,0.514749421339384,0,,,,True
70,-1.246578515625,6,True,0.06417840382072315,0.06407840382072315,16.707110842018935,0.5209005169805949,0,,,,True
71,-1.2315796875,0,True,0.06371534510463883,0.06361534510463883,16.881669752339405,0.4955188396732314,0,,,,True
71,-1.2315796875,1,True,0.06417840382072315,0.06407840382072315,16.707110842018935,0.5001348534328158,0,,,,True
71,-1.2315796875,2,True,0.06417840382072315,0.06407840382072315,16.707110842018935,0.5044054674422875,0,,,,True
71,-1.2315796875,3,True,0.06417840382072315,0.06407840382072315,16.707110842018935,0.5105150246732301,0,,,,True
71,-1.2315796875,4,True,0.06417840382072315,0.06407840382072315,16.707110842018935,0.5169393729469358,0,,,,True
71,-1.2315796875,5,True,0.06417840382072315,0.06407840382072315,16.707110842018935,0.5232991253415714,0,,,,True
71,-1.2315796875,6,True,0.06417840382072315,0.06407840382072315,16.707110842018935,0.5294502209827824,0,,,,True
72,-1.216580859375,0,True,0.06371007202998102,0.06361007202998102,16.882259652712555,0.5040685436754189,0,,,,True
72,-1.216580859375,1,True,0.06417840382072315,0.06407840382072315,16.707110842018935,0.5086845574350034,0,,,,True
72,-1.216580859375,2,True,0.06417840382072315,0.06407840382072315,16.707110842018935,0.5129551714444751,0,,,,True
72,-1.216580859375,3,True,0.06417840382072315,0.06407840382072315,16.707110842018935,0.5190647286754175,0,,,,True
72,-1.216580859375,4,True,0.06417840382072315,0.06407840382072315,16.707110842018935,0.5254890769491233,0,,,,True
72,-1.216580859375,5,True,0.06417840382072315,0.06407840382072315,16.707110842018935,0.531848829343759,0,,,,True
72,-1.216580859375,6,True,0.06417840382072315,0.06407840382072315,16.707110842018935,0.53799992498497,0,,,,True
73,-1.20158203125,0,True,0.06370479895532277,0.06360479895532277,16.882849553085702,0.5126182476776064,0,,,,True
73,-1.20158203125,1,True,0.06417840382072315,0.06407840382072315,16.707110842018935,0.5172342614371909,0,,,,True
73,-1.20158203125,2,True,0.06417840382072315,0.06407840382072315,16.707110842018935,0.5215048754466626,0,,,,True
73,-1.20158203125,3,True,0.06417840382072315,0.06407840382072315,16.707110842018935,0.5276144326776051,0,,,,True
73,-1.20158203125,4,True,0.06417840382072315,0.06407840382072315,16.707110842018935,0.5340387809513109,0,,,,True
73,-1.20158203125,5,True,0.06417840382072315,0.06407840382072315,16.707110842018935,0.5403985333459465,0,,,,True
73,-1.20158203125,6,True,0.06417840382072315,0.06407840382072315,16.707110842018935,0.5465496289871574,0,,,,True
74,-1.186583203125,0,True,0.06369952588066496,0.06359952588066496,16.88343945345885,0.5211679516797939,0,,,,True
74,-1.186583203125,1,True,0.06417840382072315,0.06407840382072315,16.707110842018935,0.5257839654393783,0,,,,True
74,-1.186583203125,2,True,0.06417840382072315,0.06407840382072315,16.707110842018935,0.53005457944885,0,,,,True
74,-1.186583203125,3,True,0.06417840382072315,0.06407840382072315,16.707110842018935,0.5361641366797926,0,,,,True
74,-1.186583203125,4,True,0.06417840382072315,0.06407840382072315,16.707110842018935,0.5425884849534983,0,,,,True
74,-1.186583203125,5,True,0.06417840382072315,0.06407840382072315,16.707110842018935,0.5489482373481339,0,,,,True
74,-1.186583203125,6,True,0.06417840382072315,0.06407840382072315,16.707110842018935,0.5550993329893449,0,,,,True
75,-1.1715843750000001,0,True,0.06369425280600716,0.06359425280600715,16.884029353832,0.5297176556819814,0,,,,True
75,-1.1715843750000001,1,True,0.06417840382072315,0.06407840382072315,16.707110842018935,0.5343336694415658,0,,,,True
75,-1.1715843750000001,2,True,0.06417840382072315,0.06407840382072315,16.707110842018935,0.5386042834510375,0,,,,True
75,-1.1715843750000001,3,True,0.06417840382072315,0.06407840382072315,16.707110842018935,0.54471384068198,0,,,,True
75,-1.1715843750000001,4,True,0.06417840382072315,0.06407840382072315,16.707110842018935,0.5511381889556858,0,,,,True
75,-1.1715843750000001,5,True,0.06417840382072315,0.06407840382072315,16.707110842018935,0.5574979413503214,0,,,,True
75,-1.1715843750000001,6,True,0.06417840382072315,0.06407840382072315,16.707110842018935,0.5636490369915323,0,,,,True
76,-1.156585546875,0,True,0.0636889797313489,0.0635889797313489,16.884619254205145,0.538267359684169,0,,,,True
76,-1.156585546875,1,True,0.06417840382072315,0.06407840382072315,16.707110842018935,0.5428833734437535,0,,,,True
76,-1.156585546875,2,True,0.06417840382072315,0.06407840382072315,16.707110842018935,0.5471539874532251,0,,,,True
76,-1.156585546875,3,True,0.06417840382072315,0.06407840382072315,16.707110842018935,0.5532635446841677,0,,,,True
76,-1.156585546875,4,True,0.06417840382072315,0.06407840382072315,16.707110842018935,0.5596878929578734,0,,,,True
76,-1.156585546875,5,True,0.06417840382072315,0.06407840382072315,16.707110842018935,0.566047645352509,0,,,,True
76,-1.156585546875,6,True,0.06417840382072315,0.06407840382072315,16.707110842018935,0.5721987409937199,0,,,,True
77,-1.14158671875,0,True,0.0636837066566911,0.0635837066566911,16.88520915457829,0.5468170636863564,0,,,,True
77,-1.14158671875,1,True,0.06417840382072315,0.06407840382072315,16.707110842018935,0.551433077445941,0,,,,True
77,-1.14158671875,2,True,0.06417840382072315,0.06407840382072315,16.707110842018935,0.5557036914554127,0,,,,True
77,-1.14158671875,3,True,0.06417840382072315,0.06407840382072315,16.707110842018935,0.5618132486863552,0,,,,True
77,-1.14158671875,4,True,0.06417840382072315,0.06407840382072315,16.707110842018935,0.5682375969600608,0,,,,True
77,-1.14158671875,5,True,0.06417840382072315,0.06407840382072315,16.707110842018935,0.5745973493546965,0,,,,True
77,-1.14158671875,6,True,0.06417840382072315,0.06407840382072315,16.707110842018935,0.5807484449959075,0,,,,True
78,-1.126587890625,0,True,0.06367843358203329,0.06357843358203329,16.885799054951438,0.555366767688544,0,,,,True
78,-1.126587890625,1,True,0.06417840382072315,0.06407840382072315,16.707110842018935,0.5599827814481284,0,,,,True
78,-1.126587890625,2,True,0.06417840382072315,0.06407840382072315,16.707110842018935,0.5642533954576001,0,,,,True
78,-1.126587890625,3,True,0.06417840382072315,0.06407840382072315,16.707110842018935,0.5703629526885426,0,,,,True
78,-1.126587890625,4,True,0.06417840382072315,0.06407840382072315,16.707110842018935,0.5767873009622484,0,,,,True
78,-1.126587890625,5,True,0.06417840382072315,0.06407840382072315,16.707110842018935,0.583147053356884,0,,,,True
78,-1.126587890625,6,True,0.06417840382072315,0.06407840382072315,16.707110842018935,0.589298148998095,0,,,,True
79,-1.1115890625,0,True,0.06367316050737504,0.06357316050737503,16.886388955324588,0.5639164716907314,0,,,,True
79,-1.1115890625,1,True,0.06417840382072315,0.06407840382072315,16.707110842018935,0.5685324854503159,0,,,,True
79,-1.1115890625,2,True,0.06417840382072315,0.06407840382072315,16.707110842018935,0.5728030994597876,0,,,,True
79,-1.1115890625,3,True,0.06417840382072315,0.06407840382072315,16.707110842018935,0.5789126566907301,0,,,,True
79,-1.1115890625,4,True,0.06417840382072315,0.06407840382072315,16.707110842018935,0.5853370049644359,0,,,,True
79,-1.1115890625,5,True,0.06417840382072315,0.06407840382072315,16.707110842018935,0.5916967573590715,0,,,,True
79,-1.1115890625,6,True,0.06417840382072315,0.06407840382072315,16.707110842018935,0.5978478530002824,0,,,,True
80,-1.096590234375,0,True,0.06366788743271723,0.06356788743271723,16.886978855697734,0.5724661756929189,0,,,,True
80,-1.096590234375,1,True,0.06417840382072315,0.06407840382072315,16.707110842018935,0.5770821894525033,0,,,,True
80,-1.096590234375,2,True,0.06417840382072315,0.06407840382072315,16.707110842018935,0.581352803461975,0,,,,True
80,-1.096590234375,3,True,0.06417840382072315,0.06407840382072315,16.707110842018935,0.5874623606929176,0,,,,True
80,-1.096590234375,4,True,0.06417840382072315,0.06407840382072315,16.707110842018935,0.5938867089666233,0,,,,True
80,-1.096590234375,5,True,0.06417840382072315,0.06407840382072315,16.707110842018935,0.6002464613612589,0,,,,True
80,-1.096590234375,6,True,0.06417840382072315,0.06407840382072315,16.707110842018935,0.6063975570024699,0,,,,True
81,-1.08159140625,0,True,0.06366261435805898,0.06356261435805897,16.88756875607088,0.5810158796951064,0,,,,True
81,-1.08159140625,1,True,0.06417840382072315,0.06407840382072315,16.707110842018935,0.5856318934546908,0,,,,True
81,-1.08159140625,2,True,0.06417840382072315,0.06407840382072315,16.707110842018935,0.5899025074641625,0,,,,True
81,-1.08159140625,3,True,0.06417840382072315,0.06407840382072315,16.707110842018935,0.596012064695105,0,,,,True
81,-1.08159140625,4,True,0.06417840382072315,0.06407840382072315,16.707110842018935,0.6024364129688108,0,,,,True
81,-1.08159140625,5,True,0.06417840382072315,0.06407840382072315,16.707110842018935,0.6087961653634465,0,,,,True
81,-1.08159140625,6,True,0.06417840382072315,0.06407840382072315,16.707110842018935,0.6149472610046574,0,,,,True
82,-1.066592578125,0,True,0.06365734128340117,0.06355734128340117,16.888158656444027,0.589565583697294,0,,,,True
82,-1.066592578125,1,True,0.06417840382072315,0.06407840382072315,16.707110842018935,0.5941815974568784,0,,,,True
82,-1.066592578125,2,True,0.06417840382072315,0.06407840382072315,16.707110842018935,0.5984522114663501,0,,,,True
82,-1.066592578125,3,True,0.06417840382072315,0.06407840382072315,16.707110842018935,0.6045617686972926,0,,,,True
82,-1.066592578125,4,True,0.06417840382072315,0.06407840382072315,16.707110842018935,0.6109861169709984,0,,,,True
82,-1.066592578125,5,True,0.06417840382072315,0.06407840382072315,16.707110842018935,0.617345869365634,0,,,,True
82,-1.066592578125,6,True,0.06417840382072315,0.06407840382072315,16.707110842018935,0.6234969650068449,0,,,,True
83,-1.05159375,0,True,0.06365206820874336,0.06355206820874336,16.888748556817177,0.5981152876994814,0,,,,True
83,-1.05159375,1,True,0.06417840382072315,0.06407840382072315,16.707110842018935,0.6027313014590658,0,,,,True
83,-1.05159375,2,True,0.06417840382072315,0.06407840382072315,16.707110842018935,0.6070019154685375,0,,,,True
83,-1.05159375,3,True,0.06417840382072315,0.06407840382072315,16.707110842018935,0.6131114726994801,0,,,,True
83,-1.05159375,4,True,0.06417840382072315,0.06407840382072315,16.707110842018935,0.6195358209731858,0,,,,True
83,-1.05159375,5,True,0.06417840382072315,0.06407840382072315,16.707110842018935,0.6258955733678214,0,,,,True
83,-1.05159375,6,True,0.06417840382072315,0.06407840382072315,16.707110842018935,0.6320466690090324,0,,,,True
84,-1.0365949218750001,0,True,0.06364679513408511,0.06354679513408511,16.889338457190323,0.6066649917016689,0,,,,True
84,-1.0365949218750001,1,True,0.06417840382072315,0.06407840382072315,16.707110842018935,0.6112810054612533,0,,,,True
84,-1.0365949218750001,2,True,0.06417840382072315,0.06407840382072315,16.707110842018935,0.615551619470725,0,,,,True
84,-1.0365949218750001,3,True,0.06417840382072315,0.06407840382072315,16.707110842018935,0.6216611767016675,0,,,,True
84,-1.0365949218750001,4,True,0.06417840382072315,0.06407840382072315,16.707110842018935,0.6280855249753733,0,,,,True
84,-1.0365949218750001,5,True,0.06417840382072315,0.06407840382072315,16.707110842018935,0.6344452773700089,0,,,,True
84,-1.0365949218750001,6,True,0.06417840382072315,0.06407840382072315,16.707110842018935,0.6405963730112199,0,,,,True
85,-1.02159609375,0,True,0.0636415220594273,0.0635415220594273,16.88992835756347,0.6152146957038565,0,,,,True
85,-1.02159609375,1,True,0.06417840382072315,0.06407840382072315,16.707110842018935,0.6198307094634409,0,,,,True
85,-1.02159609375,2,True,0.06417840382072315,0.06407840382072315,16.707110842018935,0.6241013234729126,0,,,,True
85,-1.02159609375,3,True,0.06417840382072315,0.06407840382072315,16.707110842018935,0.6302108807038551,0,,,,True
85,-1.02159609375,4,True,0.06417840382072315,0.06407840382072315,16.707110842018935,0.6366352289775609,0,,,,True
85,-1.02159609375,5,True,0.06417840382072315,0.06407840382072315,16.707110842018935,0.6429949813721965,0,,,,True
85,-1.02159609375,6,True,0.06417840382072315,0.06407840382072315,16.707110842018935,0.6491460770134074,0,,,,True
86,-1.006597265625,0,True,0.0636362489847695,0.06353624898476949,16.89051825793662,0.6237643997060439,0,,,,True
86,-1.006597265625,1,True,0.06417840382072315,0.06407840382072315,16.707110842018935,0.6283804134656283,0,,,,True
86,-1.006597265625,2,True,0.06417840382072315,0.06407840382072315,16.707110842018935,0.6326510274751,0,,,,True
86,-1.006597265625,3,True,0.06417840382072315,0.06407840382072315,16.707110842018935,0.6387605847060427,0,,,,True
86,-1.006597265625,4,True,0.06417840382072315,0.06407840382072315,16.707110842018935,0.6451849329797484,0,,,,True
86,-1.006597265625,5,True,0.06417840382072315,0.06407840382072315,16.707110842018935,0.651544685374384,0,,,,True
86,-1.006597265625,6,True,0.06417840382072315,0.06407840382072315,16.707110842018935,0.6576957810155949,0,,,,True
87,-0.9915984375,0,True,0.06363097591011124,0.06353097591011124,16.891108158309766,0.6323141037082314,0,,,,True
87,-0.9915984375,1,True,0.06417840382072315,0.06407840382072315,16.707110842018935,0.6369301174678159,0,,,,True
87,-0.9915984375,2,True,0.06417840382072315,0.06407840382072315,16.707110842018935,0.6412007314772876,0,,,,True
87,-0.9915984375,3,True,0.06417840382072315,0.06407840382072315,16.707110842018935,0.6473102887082302,0,,,,True
87,-0.9915984375,4,True,0.06417840382072315,0.06407840382072315,16.707110842018935,0.6537346369819359,0,,,,True
87,-0.9915984375,5,True,0.06417840382072315,0.06407840382072315,16.707110842018935,0.6600943893765715,0,,,,True
87,-0.9915984375,6,True,0.06417840382072315,0.06407840382072315,16.707110842018935,0.6662454850177824,0,,,,True
88,-0.976599609375,0,True,0.06362570283545343,0.06352570283545343,16.891698058682913,0.6408638077104188,0,,,,True
88,-0.976599609375,1,True,0.06417840382072315,0.06407840382072315,16.707110842018935,0.6454798214700034,0,,,,True
88,-0.976599609375,2,True,0.06417840382072315,0.06407840382072315,16.707110842018935,0.6497504354794751,0,,,,True
88,-0.976599609375,3,True,0.06417840382072315,0.06407840382072315,16.707110842018935,0.6558599927104176,0,,,,True
88,-0.976599609375,4,True,0.06417840382072315,0.06407840382072315,16.707110842018935,0.6622843409841234,0,,,,True
88,-0.976599609375,5,True,0.06417840382072315,0.06407840382072315,16.707110842018935,0.668644093378759,0,,,,True
88,-0.976599609375,6,True,0.06417840382072315,0.06407840382072315,16.707110842018935,0.6747951890199699,0,,,,True
89,-0.96160078125,0,True,0.06362042976079563,0.06352042976079562,16.89228795905606,0.6494135117126065,0,,,,True
89,-0.96160078125,1,True,0.06417840382072315,0.06407840382072315,16.707110842018935,0.6540295254721908,0,,,,True
89,-0.96160078125,2,True,0.06417840382072315,0.06407840382072315,16.707110842018935,0.6583001394816627,0,,,,True
89,-0.96160078125,3,True,0.06417840382072315,0.06407840382072315,16.707110842018935,0.6644096967126051,0,,,,True
89,-0.96160078125,4,True,0.06417840382072315,0.06407840382072315,16.707110842018935,0.6708340449863108,0,,,,True
89,-0.96160078125,5,True,0.06417840382072315,0.06407840382072315,16.707110842018935,0.6771937973809464,0,,,,True
89,-0.96160078125,6,True,0.06417840382072315,0.06407840382072315,16.707110842018935,0.6833448930221574,0,,,,True
90,-0.9466019531250001,0,True,0.06361515668613738,0.06351515668613737,16.892877859429206,0.657963215714794,0,,,,True
90,-0.9466019531250001,1,True,0.06417840382072315,0.06407840382072315,16.707110842018935,0.6625792294743783,0,,,,True
90,-0.9466019531250001,2,True,0.06417840382072315,0.06407840382072315,16.707110842018935,0.6668498434838501,0,,,,True
90,-0.9466019531250001,3,True,0.06417840382072315,0.06407840382072315,16.707110842018935,0.6729594007147927,0,,,,True
90,-0.9466019531250001,4,True,0.06417840382072315,0.06407840382072315,16.707110842018935,0.6793837489884984,0,,,,True
90,-0.9466019531250001,5,True,0.06417840382072315,0.06407840382072315,16.707110842018935,0.6857435013831339,0,,,,True
90,-0.9466019531250001,6,True,0.06417840382072315,0.06407840382072315,16.707110842018935,0.6918945970243449,0,,,,True
91,-0.9316031250000001,0,True,0.06360987985792299,0.06350987985792299,16.89346626193193,0.6665129197169815,0,,,,True
91,-0.9316031250000001,1,True,0.06417840382072315,0.06407840382072315,16.707110842018935,0.6711289334765658,0,,,,True
91,-0.9316031250000001,2,True,0.06417840382072315,0.06407840382072315,16.707110842018935,0.6753995474860376,0,,,,True
91,-0.9316031250000001,3,True,0.06417840382072315,0.06407840382072315,16.707110842018935,0.6815091047169801,0,,,,True
91,-0.9316031250000001,4,True,0.06417840382072315,0.06407840382072315,16.707110842018935,0.6879334529906859,0,,,,True
91,-0.9316031250000001,5,True,0.06417840382072315,0.06407840382072315,16.707110842018935,0.6942932053853214,0,,,,True
91,-0.9316031250000001,6,True,0.06417840382072315,0.06407840382072315,16.707110842018935,0.7004443010265323,0,,,,True
92,-0.9166042968750001,0,True,0.06360459976917765,0.06350459976917765,16.894053363307975,0.6750626237191689,0,,,,True
92,-0.9166042968750001,1,True,0.06417840382072315,0.06407840382072315,16.707110842018935,0.6796786374787532,0,,,,True
92,-0.9166042968750001,2,True,0.06417840382072315,0.06407840382072315,16.707110842018935,0.683949251488225,0,,,,True
92,-0.9166042968750001,3,True,0.06417840382072315,0.06407840382072315,16.707110842018935,0.6900588087191676,0,,,,True
92,-0.9166042968750001,4,True,0.06417840382072315,0.06407840382072315,16.707110842018935,0.6964831569928733,0,,,,True
92,-0.9166042968750001,5,True,0.06417840382072315,0.06407840382072315,16.707110842018935,0.702842909387509,0,,,,True
92,-0.9166042968750001,6,True,0.06417840382072315,0.06407840382072315,16.707110842018935,0.7089940050287198,0,,,,True
93,-0.9016054687499999,0,True,0.06359931968043187,0.06349931968043186,16.894640464684024,0.6836123277213565,0,,,,True
93,-0.9016054687499999,1,True,0.06417840382072315,0.06407840382072315,16.707110842018935,0.6882283414809409,0,,,,True
93,-0.9016054687499999,2,True,0.06417840382072315,0.06407840382072315,16.707110842018935,0.6924989554904127,0,,,,True
93,-0.9016054687499999,3,True,0.06417840382072315,0.06407840382072315,16.707110842018935,0.6986085127213552,0,,,,True
93,-0.9016054687499999,4,True,0.06417840382072315,0.06407840382072315,16.707110842018935,0.705032860995061,0,,,,True
93,-0.9016054687499999,5,True,0.06417840382072315,0.06407840382072315,16.707110842018935,0.7113926133896966,0,,,,True
93,-0.9016054687499999,6,True,0.06417840382072315,0.06407840382072315,16.707110842018935,0.7175437090309075,0,,,,True
94,-0.8866066406249999,0,True,0.06359403959168652,0.06349403959168652,16.895227566060072,0.692162031723544,0,,,,True
94,-0.8866066406249999,1,True,0.06417840382072315,0.06407840382072315,16.707110842018935,0.6967780454831285,0,,,,True
94,-0.8866066406249999,2,True,0.06417840382072315,0.06407840382072315,16.707110842018935,0.7010486594926002,0,,,,True
94,-0.8866066406249999,3,True,0.06417840382072315,0.06407840382072315,16.707110842018935,0.7071582167235426,0,,,,True
94,-0.8866066406249999,4,True,0.06417840382072315,0.06407840382072315,16.707110842018935,0.7135825649972485,0,,,,True
94,-0.8866066406249999,5,True,0.06417840382072315,0.06407840382072315,16.707110842018935,0.7199423173918841,0,,,,True
94,-0.8866066406249999,6,True,0.06417840382072315,0.06407840382072315,16.707110842018935,0.7260934130330949,0,,,,True
95,-0.8716078125,0,True,0.06358875950294118,0.06348875950294118,16.895814667436117,0.7007117357257314,0,,,,True
95,-0.8716078125,1,True,0.06417840382072315,0.06407840382072315,16.707110842018935,0.705327749485316,0,,,,True
95,-0.8716078125,2,True,0.06417840382072315,0.06407840382072315,16.707110842018935,0.7095983634947877,0,,,,True
95,-0.8716078125,3,True,0.06417840382072315,0.06407840382072315,16.707110842018935,0.7157079207257301,0,,,,True
95,-0.8716078125,4,True,0.06417840382072315,0.06407840382072315,16.707110842018935,0.722132268999436,0,,,,True
95,-0.8716078125,5,True,0.06417840382072315,0.06407840382072315,16.707110842018935,0.7284920213940715,0,,,,True
95,-0.8716078125,6,True,0.06417840382072315,0.06407840382072315,16.707110842018935,0.7346431170352824,0,,,,True
96,-0.856608984375,0,True,0.06358347941419584,0.06348347941419584,16.896401768812165,0.7092614397279189,0,,,,True
96,-0.856608984375,1,True,0.06417840382072315,0.06407840382072315,16.707110842018935,0.7138774534875034,0,,,,True
96,-0.856608984375,2,True,0.06417840382072315,0.06407840382072315,16.707110842018935,0.7181480674969751,0,,,,True
96,-0.856608984375,3,True,0.06417840382072315,0.06407840382072315,16.707110842018935,0.7242576247279175,0,,,,True
96,-0.856608984375,4,True,0.06417840382072315,0.06407840382072315,16.707110842018935,0.7306819730016234,0,,,,True
96,-0.856608984375,5,True,0.06417840382072315,0.06407840382072315,16.707110842018935,0.737041725396259,0,,,,True
96,-0.856608984375,6,True,0.06417840382072315,0.06407840382072315,16.707110842018935,0.7431928210374699,0,,,,True
97,-0.84161015625,0,True,0.0635781405746294,0.0634781405746294,16.896924196379793,0.7178111437301063,0,,,,True
97,-0.84161015625,1,True,0.06417840382072315,0.06407840382072315,16.707110842018935,0.7224271574896909,0,,,,True
97,-0.84161015625,2,True,0.06417840382072315,0.06407840382072315,16.707110842018935,0.7266977714991626,0,,,,True
97,-0.84161015625,3,True,0.06417840382072315,0.06407840382072315,16.707110842018935,0.7328073287301051,0,,,,True
97,-0.84161015625,4,True,0.06417840382072315,0.06407840382072315,16.707110842018935,0.7392316770038109,0,,,,True
97,-0.84161015625,5,True,0.06417840382072315,0.06407840382072315,16.707110842018935,0.7455914293984465,0,,,,True
97,-0.84161015625,6,True,0.06417840382072315,0.06407840382072315,16.707110842018935,0.7517425250396573,0,,,,True
98,-0.826611328125,0,True,0.06357286048588406,0.06347286048588406,16.89751129775584,0.7263608477322938,0,,,,True
98,-0.826611328125,1,True,0.06417840382072315,0.06407840382072315,16.707110842018935,0.7309768614918783,0,,,,True
98,-0.826611328125,2,True,0.06417840382072315,0.06407840382072315,16.707110842018935,0.7352474755013502,0,,,,True
98,-0.826611328125,3,True,0.06417840382072315,0.06407840382072315,16.707110842018935,0.7413570327322926,0,,,,True
98,-0.826611328125,4,True,0.06417840382072315,0.06407840382072315,16.707110842018935,0.7477813810059983,0,,,,True
98,-0.826611328125,5,True,0.06417840382072315,0.06407840382072315,16.707110842018935,0.7541411334006339,0,,,,True
98,-0.826611328125,6,True,0.06417840382072315,0.06407840382072315,16.707110842018935,0.7602922290418449,0,,,,True
99,-0.8116125000000001,0,True,0.06356758039713872,0.06346758039713872,16.898098399131886,0.7349105517344815,0,,,,True
99,-0.8116125000000001,1,True,0.06417840382072315,0.06407840382072315,16.707110842018935,0.7395265654940658,0,,,,True
99,-0.8116125000000001,2,True,0.06417840382072315,0.06407840382072315,16.707110842018935,0.7437971795035376,0,,,,True
99,-0.8116125000000001,3,True,0.06417840382072315,0.06407840382072315,16.707110842018935,0.7499067367344802,0,,,,True
99,-0.8116125000000001,4,True,0.06417840382072315,0.06407840382072315,16.707110842018935,0.7563310850081859,0,,,,True
99,-0.8116125000000001,5,True,0.06417840382072315,0.06407840382072315,16.707110842018935,0.7626908374028214,0,,,,True
99,-0.8116125000000001,6,True,0.06417840382072315,0.06407840382072315,16.707110842018935,0.7688419330440324,0,,,,True
100,-0.7966136718750001,0,True,0.06356230030839338,0.06346230030839338,16.898685500507934,0.743460255736669,0,,,,True
100,-0.7966136718750001,1,True,0.06417840382072315,0.06407840382072315,16.707110842018935,0.7480762694962533,0,,,,True
100,-0.7966136718750001,2,True,0.06417840382072315,0.06407840382072315,16.707110842018935,0.7523468835057251,0,,,,True
100,-0.7966136718750001,3,True,0.06417840382072315,0.06407840382072315,16.707110842018935,0.7584564407366676,0,,,,True
100,-0.7966136718750001,4,True,0.06417840382072315,0.06407840382072315,16.707110842018935,0.7648807890103734,0,,,,True
100,-0.7966136718750001,5,True,0.06417840382072315,0.06407840382072315,16.707110842018935,0.7712405414050089,0,,,,True
100,-0.7966136718750001,6,True,0.06417840382072315,0.06407840382072315,16.707110842018935,0.7773916370462198,0,,,,True
101,-0.7816148437500001,0,True,0.06355702021964804,0.06345702021964804,16.899272601883983,0.7520099597388564,0,,,,True
101,-0.7816148437500001,1,True,0.06417840382072315,0.06407840382072315,16.707110842018935,0.7566259734984407,0,,,,True
101,-0.7816148437500001,2,True,0.06417840382072315,0.06407840382072315,16.707110842018935,0.7608965875079126,0,,,,True
101,-0.7816148437500001,3,True,0.06417840382072315,0.06407840382072315,16.707110842018935,0.7670061447388551,0,,,,True
101,-0.7816148437500001,4,True,0.06417840382072315,0.06407840382072315,16.707110842018935,0.7734304930125608,0,,,,True
101,-0.7816148437500001,5,True,0.06417840382072315,0.06407840382072315,16.707110842018935,0.7797902454071965,0,,,,True
101,-0.7816148437500001,6,True,0.06417840382072315,0.06407840382072315,16.707110842018935,0.7859413410484073,0,,,,True
102,-0.7666160156249999,0,True,0.06355174013090226,0.06345174013090225,16.899859703260027,0.760559663741044,0,,,,True
102,-0.7666160156249999,1,True,0.06417840382072315,0.06407840382072315,16.707110842018935,0.7651756775006284,0,,,,True
102,-0.7666160156249999,2,True,0.06417840382072315,0.06407840382072315,16.707110842018935,0.7694462915101002,0,,,,True
102,-0.7666160156249999,3,True,0.06417840382072315,0.06407840382072315,16.707110842018935,0.7755558487410427,0,,,,True
102,-0.7666160156249999,4,True,0.06417840382072315,0.06407840382072315,16.707110842018935,0.7819801970147485,0,,,,True
102,-0.7666160156249999,5,True,0.06417840382072315,0.06407840382072315,16.707110842018935,0.7883399494093841,0,,,,True
102,-0.7666160156249999,6,True,0.06417840382072315,0.06407840382072315,16.707110842018935,0.794491045050595,0,,,,True
103,-0.7516171875,0,True,0.06345410118412964,0.06335410118412964,16.900446804636076,0.7691093677432315,0,,,,True
103,-0.7516171875,1,True,0.06417840382072315,0.06407840382072315,16.707110842018935,0.773725381502816,0,,,,True
103,-0.7516171875,2,True,0.06417840382072315,0.06407840382072315,16.707110842018935,0.7779959955122877,0,,,,True
103,-0.7516171875,3,True,0.06417840382072315,0.06407840382072315,16.707110842018935,0.7841055527432301,0,,,,True
103,-0.7516171875,4,True,0.06417840382072315,0.06407840382072315,16.707110842018935,0.790529901016936,0,,,,True
103,-0.7516171875,5,True,0.06417840382072315,0.06407840382072315,16.707110842018935,0.7968896534115716,0,,,,True
103,-0.7516171875,6,True,0.06417840382072315,0.06407840382072315,16.707110842018935,0.8030407490527824,0,,,,True
104,-0.736618359375,0,True,0.06325147725491265,0.06315147725491264,16.901033906012124,0.7776590717454189,0,,,,True
104,-0.736618359375,1,True,0.06417840382072315,0.06407840382072315,16.707110842018935,0.7822750855050035,0,,,,True
104,-0.736618359375,2,True,0.06417840382072315,0.06407840382072315,16.707110842018935,0.7865456995144752,0,,,,True
104,-0.736618359375,3,True,0.06417840382072315,0.06407840382072315,16.707110842018935,0.7926552567454176,0,,,,True
104,-0.736618359375,4,True,0.06417840382072315,0.06407840382072315,16.707110842018935,0.7990796050191235,0,,,,True
104,-0.736618359375,5,True,0.06417840382072315,0.06407840382072315,16.707110842018935,0.805439357413759,0,,,,True
104,-0.736618359375,6,True,0.06417840382072315,0.06407840382072315,16.707110842018935,0.8115904530549699,0,,,,True
105,-0.72161953125,0,True,0.06304887666259651,0.0629488766625965,16.90162100738817,0.7862087757476064,0,,,,True
105,-0.72161953125,1,True,0.06417840382072315,0.06407840382072315,16.707110842018935,0.7908247895071909,0,,,,True
105,-0.72161953125,2,True,0.06417840382072315,0.06407840382072315,16.707110842018935,0.7950954035166626,0,,,,True
105,-0.72161953125,3,True,0.06417840382072315,0.06407840382072315,16.707110842018935,0.801204960747605,0,,,,True
105,-0.72161953125,4,True,0.06417840382072315,0.06407840382072315,16.707110842018935,0.8076293090213109,0,,,,True
105,-0.72161953125,5,True,0.06417840382072315,0.06407840382072315,16.707110842018935,0.8139890614159465,0,,,,True
105,-0.72161953125,6,True,0.06417840382072315,0.06407840382072315,16.707110842018935,0.8201401570571574,0,,,,True
106,-0.706620703125,0,True,0.06284624925436377,0.06274624925436377,16.902208108764217,0.7947584797497939,0,,,,True
106,-0.706620703125,1,True,0.06414595770435083,0.06404595770435083,16.707110842018935,0.7993744935093784,0,,,,True
106,-0.706620703125,2,True,0.06417840382072315,0.06407840382072315,16.707110842018935,0.8036451075188501,0,,,,True
106,-0.706620703125,3,True,0.06417840382072315,0.06407840382072315,16.707110842018935,0.8097546647497925,0,,,,True
106,-0.706620703125,4,True,0.06417840382072315,0.06407840382072315,16.707110842018935,0.8161790130234984,0,,,,True
106,-0.706620703125,5,True,0.06417840382072315,0.06407840382072315,16.707110842018935,0.822538765418134,0,,,,True
106,-0.706620703125,6,True,0.06417840382072315,0.06407840382072315,16.707110842018935,0.8286898610593448,0,,,,True
107,-0.691621875,0,True,0.06264339000797126,0.06254339000797125,16.902795210140262,0.8033081837519813,0,,,,True
107,-0.691621875,1,True,0.06395556125307023,0.06385556125307022,16.707110842018935,0.8079241975115659,0,,,,True
107,-0.691621875,2,True,0.06417840382072315,0.06407840382072315,16.707110842018935,0.8121948115210377,0,,,,True
107,-0.691621875,3,True,0.06417840382072315,0.06407840382072315,16.707110842018935,0.81830436875198,0,,,,True
107,-0.691621875,4,True,0.06417840382072315,0.06407840382072315,16.707110842018935,0.8247287170256858,0,,,,True
107,-0.691621875,5,True,0.06417840382072315,0.06407840382072315,16.707110842018935,0.8310884694203214,0,,,,True
107,-0.691621875,6,True,0.06417840382072315,0.06407840382072315,16.707110842018935,0.8372395650615324,0,,,,True
108,-0.6766230468750001,0,True,0.062440441211616626,0.06234044121161662,16.90338231151631,0.811857887754169,0,,,,True
108,-0.6766230468750001,1,True,0.06376404890846166,0.06366404890846165,16.707110842018935,0.8164739015137533,0,,,,True
108,-0.6766230468750001,2,True,0.06417840382072315,0.06407840382072315,16.707110842018935,0.8207445155232251,0,,,,True
108,-0.6766230468750001,3,True,0.06417840382072315,0.06407840382072315,16.707110842018935,0.8268540727541677,0,,,,True
108,-0.6766230468750001,4,True,0.06417840382072315,0.06407840382072315,16.707110842018935,0.8332784210278734,0,,,,True
108,-0.6766230468750001,5,True,0.06417840382072315,0.06407840382072315,16.707110842018935,0.8396381734225089,0,,,,True
108,-0.6766230468750001,6,True,0.06417840382072315,0.06407840382072315,16.707110842018935,0.8457892690637199,0,,,,True
109,-0.6616242187500001,0,True,0.062238992720941244,0.06213899272094124,16.90396941289236,0.8204075917563565,0,,,,True
109,-0.6616242187500001,1,True,0.0635735785661713,0.0634735785661713,16.707110842018935,0.8250236055159408,0,,,,True
109,-0.6616242187500001,2,True,0.06417840382072315,0.06407840382072315,16.707110842018935,0.8292942195254126,0,,,,True
109,-0.6616242187500001,3,True,0.06417840382072315,0.06407840382072315,16.707110842018935,0.8354037767563551,0,,,,True
109,-0.6616242187500001,4,True,0.06417840382072315,0.06407840382072315,16.707110842018935,0.8418281250300609,0,,,,True
109,-0.6616242187500001,5,True,0.06417840382072315,0.06407840382072315,16.707110842018935,0.8481878774246964,0,,,,True
109,-0.6616242187500001,6,True,0.06417840382072315,0.06407840382072315,16.707110842018935,0.8543389730659073,0,,,,True
110,-0.6466253906249999,0,True,0.06203746926973519,0.06193746926973519,16.904556514268403,0.828957295758544,0,,,,True
110,-0.6466253906249999,1,True,0.06338290968120486,0.06328290968120485,16.707110842018935,0.8335733095181284,0,,,,True
110,-0.6466253906249999,2,True,0.06417840382072315,0.06407840382072315,16.707110842018935,0.8378439235276002,0,,,,True
110,-0.6466253906249999,3,True,0.06417840382072315,0.06407840382072315,16.707110842018935,0.8439534807585427,0,,,,True
110,-0.6466253906249999,4,True,0.06417840382072315,0.06407840382072315,16.707110842018935,0.8503778290322486,0,,,,True
110,-0.6466253906249999,5,True,0.06417840382072315,0.06407840382072315,16.707110842018935,0.8567375814268839,0,,,,True
110,-0.6466253906249999,6,True,0.06417840382072315,0.06407840382072315,16.707110842018935,0.862888677068095,0,,,,True
111,-0.6316265624999999,0,True,0.061836188136695114,0.06173618813669511,16.90514361564445,0.8375069997607315,0,,,,True
111,-0.6316265624999999,1,True,0.0631921818348058,0.06309218183480579,16.707110842018935,0.8421230135203159,0,,,,True
111,-0.6316265624999999,2,True,0.06417840382072315,0.06407840382072315,16.707110842018935,0.8463936275297876,0,,,,True
111,-0.6316265624999999,3,True,0.06417840382072315,0.06407840382072315,16.707110842018935,0.8525031847607302,0,,,,True
111,-0.6316265624999999,4,True,0.06417840382072315,0.06407840382072315,16.707110842018935,0.858927533034436,0,,,,True
111,-0.6316265624999999,5,True,0.06417840382072315,0.06407840382072315,16.707110842018935,0.8652872854290714,0,,,,True
111,-0.6316265624999999,6,True,0.06417840382072315,0.06407840382072315,16.707110842018935,0.8714383810702825,0,,,,True
112,-0.616627734375,0,True,0.06163447409960732,0.061534474099607314,16.9057307170205,0.846056703762919,0,,,,True
112,-0.616627734375,1,True,0.06300139617039413,0.06290139617039413,16.707110842018935,0.8506727175225034,0,,,,True
112,-0.616627734375,2,True,0.06417840382072315,0.06407840382072315,16.707110842018935,0.8549433315319752,0,,,,True
112,-0.616627734375,3,True,0.06417840382072315,0.06407840382072315,16.707110842018935,0.8610528887629176,0,,,,True
112,-0.616627734375,4,True,0.06417840382072315,0.06407840382072315,16.707110842018935,0.8674772370366235,0,,,,True
112,-0.616627734375,5,True,0.06417840382072315,0.06407840382072315,16.707110842018935,0.8738369894312591,0,,,,True
112,-0.616627734375,6,True,0.06417840382072315,0.06407840382072315,16.707110842018935,0.87998808507247,0,,,,True
113,-0.60162890625,0,True,0.061432686597455266,0.06133268659745526,16.906317818396545,0.8546064077651064,0,,,,True
113,-0.60162890625,1,True,0.06281055383924272,0.06271055383924272,16.707110842018935,0.859222421524691,0,,,,True
113,-0.60162890625,2,True,0.06417840382072315,0.06407840382072315,16.707110842018935,0.8634930355341627,0,,,,True
113,-0.60162890625,3,True,0.06417840382072315,0.06407840382072315,16.707110842018935,0.8696025927651051,0,,,,True
113,-0.60162890625,4,True,0.06417840382072315,0.06407840382072315,16.707110842018935,0.876026941038811,0,,,,True
113,-0.60162890625,5,True,0.06417840382072315,0.06407840382072315,16.707110842018935,0.8823866934334466,0,,,,True
113,-0.60162890625,6,True,0.06417840382072315,0.06407840382072315,16.707110842018935,0.8885377890746574,0,,,,True
114,-0.586630078125,0,True,0.06123082708744665,0.061130827087446646,16.906904919772593,0.8631561117672939,0,,,,True
114,-0.586630078125,1,True,0.06261965599342023,0.06251965599342023,16.707110842018935,0.8677721255268784,0,,,,True
114,-0.586630078125,2,True,0.06417840382072315,0.06407840382072315,16.707110842018935,0.8720427395363501,0,,,,True
114,-0.586630078125,3,True,0.06417840382072315,0.06407840382072315,16.707110842018935,0.8781522967672926,0,,,,True
114,-0.586630078125,4,True,0.06417840382072315,0.06407840382072315,16.707110842018935,0.8845766450409984,0,,,,True
114,-0.586630078125,5,True,0.06417840382072315,0.06407840382072315,16.707110842018935,0.890936397435634,0,,,,True
114,-0.586630078125,6,True,0.06417840382072315,0.06407840382072315,16.707110842018935,0.8970874930768449,0,,,,True
115,-0.57163125,0,True,0.061028376603227574,0.06092837660322757,16.90749202114864,0.8717058157694814,0,,,,True
115,-0.57163125,1,True,0.06242870378574139,0.06232870378574139,16.707110842018935,0.8763218295290659,0,,,,True
115,-0.57163125,2,True,0.06417840382072315,0.06407840382072315,16.707110842018935,0.8805924435385376,0,,,,True
115,-0.57163125,3,True,0.06417840382072315,0.06407840382072315,16.707110842018935,0.88670200076948,0,,,,True
115,-0.57163125,4,True,0.06417840382072315,0.06407840382072315,16.707110842018935,0.8931263490431859,0,,,,True
115,-0.57163125,5,True,0.06417840382072315,0.06407840382072315,16.707110842018935,0.8994861014378215,0,,,,True
115,-0.57163125,6,True,0.06417840382072315,0.06407840382072315,16.707110842018935,0.9056371970790323,0,,,,True
116,-0.5566324218750001,0,True,0.06082356217790341,0.06072356217790341,16.908079122524686,0.8802555197716688,0,,,,True
116,-0.5566324218750001,1,True,0.06223770201900081,0.062137702019000804,16.707110842018935,0.8848715335312534,0,,,,True
116,-0.5566324218750001,2,True,0.064048424636169,0.063948424636169,16.707110842018935,0.8891421475407252,0,,,,True
116,-0.5566324218750001,3,True,0.06417840382072315,0.06407840382072315,16.707110842018935,0.8952517047716675,0,,,,True
116,-0.5566324218750001,4,True,0.06417840382072315,0.06407840382072315,16.707110842018935,0.9016760530453733,0,,,,True
116,-0.5566324218750001,5,True,0.06417840382072315,0.06407840382072315,16.707110842018935,0.908035805440009,0,,,,True
116,-0.5566324218750001,6,True,0.06417840382072315,0.06407840382072315,16.707110842018935,0.9141869010812199,0,,,,True
117,-0.5416335937500001,0,True,0.060619912413179655,0.06051991241317965,16.908666223900735,0.8888052237738564,0,,,,True
117,-0.5416335937500001,1,True,0.06204664741905663,0.06194664741905663,16.707110842018935,0.8934212375334408,0,,,,True
117,-0.5416335937500001,2,True,0.06386981944264791,0.06376981944264791,16.707110842018935,0.8976918515429126,0,,,,True
117,-0.5416335937500001,3,True,0.06417840382072315,0.06407840382072315,16.707110842018935,0.9038014087738552,0,,,,True
117,-0.5416335937500001,4,True,0.06417840382072315,0.06407840382072315,16.707110842018935,0.9102257570475609,0,,,,True
117,-0.5416335937500001,5,True,0.06417840382072315,0.06407840382072315,16.707110842018935,0.9165855094421964,0,,,,True
117,-0.5416335937500001,6,True,0.06417840382072315,0.06407840382072315,16.707110842018935,0.9227366050834074,0,,,,True
118,-0.5266347656250001,0,True,0.0604161745332763,0.0603161745332763,16.90925332527678,0.897354927776044,0,,,,True
118,-0.5266347656250001,1,True,0.061855534983015215,0.06175553498301521,16.707110842018935,0.9019709415356283,0,,,,True
118,-0.5266347656250001,2,True,0.06369115392734814,0.06359115392734814,16.707110842018935,0.9062415555451001,0,,,,True
118,-0.5266347656250001,3,True,0.06417840382072315,0.06407840382072315,16.707110842018935,0.9123511127760426,0,,,,True
118,-0.5266347656250001,4,True,0.06417840382072315,0.06407840382072315,16.707110842018935,0.9187754610497484,0,,,,True
118,-0.5266347656250001,5,True,0.06417840382072315,0.06407840382072315,16.707110842018935,0.9251352134443839,0,,,,True
118,-0.5266347656250001,6,True,0.06417840382072315,0.06407840382072315,16.707110842018935,0.9312863090855948,0,,,,True
119,-0.5116359374999999,0,True,0.060212375338615676,0.06011237533861567,16.909840426652828,0.9059046317782316,0,,,,True
119,-0.5116359374999999,1,True,0.061664663504377604,0.0615646635043776,16.707110842018935,0.9105206455378159,0,,,,True
119,-0.5116359374999999,2,True,0.06351241150172227,0.06341241150172226,16.707110842018935,0.9147912595472877,0,,,,True
119,-0.5116359374999999,3,True,0.06417840382072315,0.06407840382072315,16.707110842018935,0.9209008167782302,0,,,,True
119,-0.5116359374999999,4,True,0.06417840382072315,0.06407840382072315,16.707110842018935,0.927325165051936,0,,,,True
119,-0.5116359374999999,5,True,0.06417840382072315,0.06407840382072315,16.707110842018935,0.9336849174465714,0,,,,True
119,-0.5116359374999999,6,True,0.06417840382072315,0.06407840382072315,16.707110842018935,0.9398360130877825,0,,,,True
120,-0.49663710937499994,0,True,0.06000851630672388,0.05990851630672388,16.910427528028876,0.914454335780419,0,,,,True
120,-0.49663710937499994,1,True,0.061473378334980566,0.06137337833498056,16.707110842018935,0.9190703495400033,0,,,,True
120,-0.49663710937499994,2,True,0.06333362936213183,0.06323362936213182,16.707110842018935,0.9233409635494751,0,,,,True
120,-0.49663710937499994,3,True,0.06417840382072315,0.06407840382072315,16.707110842018935,0.9294505207804177,0,,,,True
120,-0.49663710937499994,4,True,0.06417840382072315,0.06407840382072315,16.707110842018935,0.9358748690541234,0,,,,True
120,-0.49663710937499994,5,True,0.06417840382072315,0.06407840382072315,16.707110842018935,0.9422346214487589,0,,,,True
120,-0.49663710937499994,6,True,0.06417840382072315,0.06407840382072315,16.707110842018935,0.94838571708997,0,,,,True
121,-0.48163828124999997,0,True,0.05980459891504708,0.05970459891504708,16.911014629404924,0.9230040397826065,0,,,,True
121,-0.48163828124999997,1,True,0.061282045896076554,0.06118204589607655,16.707110842018935,0.9276200535421908,0,,,,True
121,-0.48163828124999997,2,True,0.06315480854744093,0.06305480854744093,16.707110842018935,0.9318906675516626,0,,,,True
121,-0.48163828124999997,3,True,0.06417840382072315,0.06407840382072315,16.707110842018935,0.9380002247826051,0,,,,True
121,-0.48163828124999997,4,True,0.06417840382072315,0.06407840382072315,16.707110842018935,0.944424573056311,0,,,,True
121,-0.48163828124999997,5,True,0.06417840382072315,0.06407840382072315,16.707110842018935,0.9507843254509466,0,,,,True
121,-0.48163828124999997,6,True,0.06417840382072315,0.06407840382072315,16.707110842018935,0.9569354210921575,0,,,,True
122,-0.466639453125,0,True,0.059600624637500044,0.05950062463750004,16.91160173078097,0.9315537437847939,0,,,,True
122,-0.466639453125,1,True,0.061090667346316074,0.06099066734631607,16.707110842018935,0.9361697575443785,0,,,,True
122,-0.466639453125,2,True,0.06297618229704449,0.06287618229704449,16.707110842018935,0.9404403715538501,0,,,,True
122,-0.466639453125,3,True,0.06417840382072315,0.06407840382072315,16.707110842018935,0.9465499287847926,0,,,,True
122,-0.466639453125,4,True,0.06417840382072315,0.06407840382072315,16.707110842018935,0.9529742770584985,0,,,,True
122,-0.466639453125,5,True,0.06417840382072315,0.06407840382072315,16.707110842018935,0.9593340294531341,0,,,,True
122,-0.466639453125,6,True,0.06417840382072315,0.06407840382072315,16.707110842018935,0.9654851250943449,0,,,,True
123,-0.451640625,0,True,0.059396998518299604,0.0592969985182996,16.912188832157018,0.9401034477869814,0,,,,True
123,-0.451640625,1,True,0.060899243844765305,0.0607992438447653,16.707110842018935,0.9447194615465659,0,,,,True
123,-0.451640625,2,True,0.06279728624435865,0.06269728624435865,16.707110842018935,0.9489900755560376,0,,,,True
123,-0.451640625,3,True,0.06417840382072315,0.06407840382072315,16.707110842018935,0.9550996327869801,0,,,,True
123,-0.451640625,4,True,0.06417840382072315,0.06407840382072315,16.707110842018935,0.9615239810606859,0,,,,True
123,-0.451640625,5,True,0.06417840382072315,0.06407840382072315,16.707110842018935,0.9678837334553215,0,,,,True
123,-0.451640625,6,True,0.06417840382072315,0.06407840382072315,16.707110842018935,0.9740348290965324,0,,,,True
124,-0.43664179687500004,0,True,0.059192914066119595,0.05909291406611959,16.912775933533062,0.9486531517891689,0,,,,True
124,-0.43664179687500004,1,True,0.06070777655085502,0.060607776550855016,16.707110842018935,0.9532691655487534,0,,,,True
124,-0.43664179687500004,2,True,0.0626171549134904,0.0625171549134904,16.707110842018935,0.9575397795582251,0,,,,True
124,-0.43664179687500004,3,True,0.06417840382072315,0.06407840382072315,16.707110842018935,0.9636493367891675,0,,,,True
124,-0.43664179687500004,4,True,0.06417840382072315,0.06407840382072315,16.707110842018935,0.9700736850628734,0,,,,True
124,-0.43664179687500004,5,True,0.06417840382072315,0.06407840382072315,16.707110842018935,0.976433437457509,0,,,,True
124,-0.43664179687500004,6,True,0.06417840382072315,0.06407840382072315,16.707110842018935,0.9825845330987198,0,,,,True
125,-0.42164296875000007,0,True,0.05898877714718731,0.05888877714718731,16.91336303490911,0.9572028557913563,0,,,,True
125,-0.42164296875000007,1,True,0.06051626662434506,0.06041626662434506,16.707110842018935,0.9618188695509409,0,,,,True
125,-0.42164296875000007,2,True,0.0624381868828463,0.0623381868828463,16.707110842018935,0.9660894835604126,0,,,,True
125,-0.42164296875000007,3,True,0.06417840382072315,0.06407840382072315,16.707110842018935,0.972199040791355,0,,,,True
125,-0.42164296875000007,4,True,0.06417840382072315,0.06407840382072315,16.707110842018935,0.9786233890650609,0,,,,True
125,-0.42164296875000007,5,True,0.06417840382072315,0.06407840382072315,16.707110842018935,0.9849831414596965,0,,,,True
125,-0.42164296875000007,6,True,0.06417840382072315,0.06407840382072315,16.707110842018935,0.9911342371009073,0,,,,True
126,-0.4066441406250001,0,True,0.05878454899830965,0.058684548998309646,16.91395013628516,0.9657525597935439,0,,,,True
126,-0.4066441406250001,1,True,0.060324707448968784,0.06022470744896878,16.707110842018935,0.9703685735531283,0,,,,True
126,-0.4066441406250001,2,True,0.062259184644579246,0.06215918464457924,16.707110842018935,0.9746391875626002,0,,,,True
126,-0.4066441406250001,3,True,0.06417840382072315,0.06407840382072315,16.707110842018935,0.9807487447935425,0,,,,True
126,-0.4066441406250001,4,True,0.06417840382072315,0.06407840382072315,16.707110842018935,0.9871730930672483,0,,,,True
126,-0.4066441406250001,5,True,0.06417840382072315,0.06407840382072315,16.707110842018935,0.9935328454618839,0,,,,True
126,-0.4066441406250001,6,True,0.06417840382072315,0.06407840382072315,16.707110842018935,0.9996839411030949,0,,,,True
127,-0.3916453124999999,0,True,0.05858024023325825,0.05848024023325825,16.914537237661204,0.9743022637957316,0,,,,True
127,-0.3916453124999999,1,True,0.060133063278344334,0.06003306327834433,16.707110842018935,0.9789182775553159,0,,,,True
127,-0.3916453124999999,2,True,0.06208014909284687,0.06198014909284687,16.707110842018935,0.9831888915647877,0,,,,True
127,-0.3916453124999999,3,True,0.06417840382072315,0.06407840382072315,16.707110842018935,0.9892984487957303,0,,,,True
127,-0.3916453124999999,4,True,0.06417840382072315,0.06407840382072315,16.707110842018935,0.9957227970694359,0,,,,True
127,-0.3916453124999999,5,True,0.06417840382072315,0.06407840382072315,16.707110842018935,1.0,1,,,,True
127,-0.3916453124999999,6,True,0.06417840382072315,0.06407840382072315,16.707110842018935,1.0,1,,,,True
128,-0.3766464843749999,0,True,0.05832483574365499,0.05822483574365499,16.915124339037252,0.9828519677979191,0,,,,True
128,-0.3766464843749999,1,True,0.059941396204712394,0.05984139620471239,16.707110842018935,0.9874679815575034,0,,,,True
128,-0.3766464843749999,2,True,0.0619010811221945,0.0618010811221945,16.707110842018935,0.9917385955669752,0,,,,True
128,-0.3766464843749999,3,True,0.06408191086749948,0.06398191086749948,16.707110842018935,0.9978481527979177,0,,,,True
128,-0.3766464843749999,4,True,0.06417840382072315,0.06407840382072315,16.707110842018935,1.0,1,,,,True
128,-0.3766464843749999,5,True,0.06417840382072315,0.06407840382072315,16.707110842018935,1.0,1,,,,True
128,-0.3766464843749999,6,True,0.06417840382072315,0.06407840382072315,16.707110842018935,1.0,1,,,,True
129,-0.36164765624999995,0,True,0.05812026458799968,0.05802026458799968,16.9157114404133,0.9914016718001065,0,,,,True
129,-0.36164765624999995,1,True,0.059748311005013655,0.05964831100501365,16.707110842018935,0.9960176855596908,0,,,,True
129,-0.36164765624999995,2,True,0.06172243928336929,0.06162243928336929,16.707110842018935,1.0,1,,,,True
129,-0.36164765624999995,3,True,0.06392656070705405,0.06382656070705404,16.707110842018935,1.0,1,,,,True
129,-0.36164765624999995,4,True,0.06417840382072315,0.06407840382072315,16.707110842018935,1.0,1,,,,True
129,-0.36164765624999995,5,True,0.06417840382072315,0.06407840382072315,16.707110842018935,1.0,1,,,,True
129,-0.36164765624999995,6,True,0.06417840382072315,0.06407840382072315,16.707110842018935,1.0,1,,,,True
130,-0.346648828125,0,True,0.057915657527112696,0.05781565752711269,16.916298541789345,0.999951375802294,0,,,,True
130,-0.346648828125,1,True,0.059563413350115724,0.05946341335011572,16.707110842018935,1.0,1,,,,True
130,-0.346648828125,2,True,0.06155688817043803,0.061456888170438026,16.707110842018935,1.0,1,,,,True
130,-0.346648828125,3,True,0.06377466807891397,0.06367466807891396,16.707110842018935,1.0,1,,,,True
130,-0.346648828125,4,True,0.06417840382072315,0.06407840382072315,16.707110842018935,1.0,1,,,,True
130,-0.346648828125,5,True,0.06417840382072315,0.06407840382072315,16.707110842018935,1.0,1,,,,True
130,-0.346648828125,6,True,0.06417840382072315,0.06407840382072315,16.707110842018935,1.0,2,,,,True
131,-0.3465635262263702,0,True,0.057914493749597895,0.05781449374959789,16.91630188077434,1.0,0,,,,True
131,-0.3465635262263702,1,True,0.05956239549752773,0.05946239549752773,16.707110842018935,1.0,1,,,,True
131,-0.3465635262263702,2,True,0.06155594659422903,0.061455946594229025,16.707110842018935,1.0,1,,,,True
131,-0.3465635262263702,3,True,0.06377380419040657,0.06367380419040657,16.707110842018935,1.0,1,,,,True
131,-0.3465635262263702,4,True,0.06417840382072315,0.06407840382072315,16.707110842018935,1.0,1,,,,True
131,-0.3465635262263702,5,True,0.06417840382072315,0.06407840382072315,16.707110842018935,1.0,1,,,,True
131,-0.3465635262263702,6,True,0.06417840382072315,0.06407840382072315,16.707110842018935,1.0,2,,,,True
132,-0.33165,0,True,0.05772345826992886,0.05762345826992886,16.91630188077434,1.0,1,,,,True
132,-0.33165,1,True,0.059384786227005826,0.05928478622700582,16.707110842018935,1.0,1,,,,True
132,-0.33165,2,True,0.061391320599282206,0.061291320599282204,16.707110842018935,1.0,1,,,,True
132,-0.33165,3,True,0.06362276195690653,0.06352276195690652,16.707110842018935,1.0,1,,,,True
132,-0.33165,4,True,0.06417840382072315,0.06407840382072315,16.707110842018935,1.0,1,,,,True
132,-0.33165,5,True,0.06417840382072315,0.06407840382072315,16.707110842018935,1.0,2,,,,True
132,-0.33165,6,True,0.06417840382072315,0.06407840382072315,16.707110842018935,1.0,2,,,,True
133,-0.316651171875,0,True,0.057531305208898154,0.05743130520889815,16.91630188077434,1.0,1,,,,True
133,-0.316651171875,1,True,0.0592057850625225,0.059105785062522495,16.707110842018935,1.0,1,,,,True
133,-0.316651171875,2,True,0.061225737240198974,0.06112573724019897,16.707110842018935,1.0,1,,,,True
133,-0.316651171875,3,True,0.06347084282461513,0.06337084282461512,16.707110842018935,1.0,1,,,,True
133,-0.316651171875,4,True,0.06417840382072315,0.06407840382072315,16.707110842018935,1.0,2,,,,True
133,-0.316651171875,5,True,0.06417840382072315,0.06407840382072315,16.707110842018935,1.0,2,,,,True
133,-0.316651171875,6,True,0.06417840382072315,0.06407840382072315,16.707110842018935,1.0,2,,,,True
134,-0.30165234375000005,0,True,0.05733910983063195,0.05723910983063195,16.91630188077434,1.0,1,,,,True
134,-0.30165234375000005,1,True,0.05902676548140606,0.05892676548140606,16.707110842018935,1.0,1,,,,True
134,-0.30165234375000005,2,True,0.06106206265526204,0.060962062655262036,16.707110842018935,1.0,2,,,,True
134,-0.30165234375000005,3,True,0.06333211697470587,0.06323211697470586,16.707110842018935,1.0,2,,,,True
134,-0.30165234375000005,4,True,0.06417840382072315,0.06407840382072315,16.707110842018935,1.0,2,,,,True
134,-0.30165234375000005,5,True,0.06417840382072315,0.06407840382072315,16.707110842018935,1.0,2,,,,True
134,-0.30165234375000005,6,True,0.06417840382072315,0.06407840382072315,16.707110842018935,1.0,2,,,,True
135,-0.2866535156250001,0,True,0.05714680733449873,0.057046807334498725,16.91630188077434,1.0,1,,,,True
135,-0.2866535156250001,1,True,0.05885272888552251,0.05875272888552251,16.707110842018935,1.0,2,,,,True
135,-0.2866535156250001,2,True,0.06091084702991312,0.060810847029913115,16.707110842018935,1.0,2,,,,True
135,-0.2866535156250001,3,True,0.06319467485342622,0.06309467485342622,16.707110842018935,1.0,2,,,,True
135,-0.2866535156250001,4,True,0.06417840382072315,0.06407840382072315,16.707110842018935,1.0,2,,,,True
135,-0.2866535156250001,5,True,0.06417840382072315,0.06407840382072315,16.707110842018935,1.0,2,,,,True
135,-0.2866535156250001,6,True,0.06417840382072315,0.06407840382072315,16.707110842018935,1.0,3,,,,True
136,-0.2716546875000001,0,True,0.05696451154282922,0.05686451154282922,16.91630188077434,1.0,2,,,,True
136,-0.2716546875000001,1,True,0.058687898110873604,0.0585878981108736,16.707110842018935,1.0,2,,,,True
136,-0.2716546875000001,2,True,0.060759923957882656,0.06065992395788265,16.707110842018935,1.0,2,,,,True
136,-0.2716546875000001,3,True,0.06305722948291148,0.06295722948291148,16.707110842018935,1.0,2,,,,True
136,-0.2716546875000001,4,True,0.06417840382072315,0.06407840382072315,16.707110842018935,1.0,3,,,,True
136,-0.2716546875000001,5,True,0.06417840382072315,0.06407840382072315,16.707110842018935,1.0,3,,,,True
136,-0.2716546875000001,6,True,0.06417840382072315,0.06407840382072315,16.707110842018935,1.0,3,,,,True
137,-0.2566558593749999,0,True,0.05678566199197821,0.056685661991978206,16.91630188077434,1.0,2,,,,True
137,-0.2566558593749999,1,True,0.058523062942116066,0.058423062942116064,16.707110842018935,1.0,2,,,,True
137,-0.2566558593749999,2,True,0.06060870005223551,0.060508700052235506,16.707110842018935,1.0,2,,,,True
137,-0.2566558593749999,3,True,0.06292410676208116,0.06282410676208115,16.707110842018935,1.0,3,,,,True
137,-0.2566558593749999,4,True,0.06417840382072315,0.06407840382072315,16.707110842018935,1.0,3,,,,True
137,-0.2566558593749999,5,True,0.06417840382072315,0.06407840382072315,16.707110842018935,1.0,3,,,,True
137,-0.2566558593749999,6,True,0.06417840382072315,0.06407840382072315,16.707110842018935,1.0,3,,,,True
138,-0.24165703124999993,0,True,0.05660677506627776,0.056506775066277756,16.91630188077434,1.0,2,,,,True
138,-0.24165703124999993,1,True,0.05835822404491342,0.05825822404491342,16.707110842018935,1.0,2,,,,True
138,-0.24165703124999993,2,True,0.060464842244675854,0.06036484224467585,16.707110842018935,1.0,3,,,,True
138,-0.24165703124999993,3,True,0.06280160768415444,0.06270160768415443,16.707110842018935,1.0,3,,,,True
138,-0.24165703124999993,4,True,0.06417840382072315,0.06407840382072315,16.707110842018935,1.0,3,,,,True
138,-0.24165703124999993,5,True,0.06417840382072315,0.06407840382072315,16.707110842018935,1.0,3,,,,True
138,-0.24165703124999993,6,True,0.06417840382072315,0.06407840382072315,16.707110842018935,1.0,4,,,,True
139,-0.22665820312499996,0,True,0.056428235223417555,0.05632823522341755,16.91630188077434,1.0,2,,,,True
139,-0.22665820312499996,1,True,0.0582031095568758,0.058103109556875795,16.707110842018935,1.0,3,,,,True
139,-0.22665820312499996,2,True,0.06032853989880271,0.06022853989880271,16.707110842018935,1.0,3,,,,True
139,-0.22665820312499996,3,True,0.06267911186941877,0.06257911186941877,16.707110842018935,1.0,3,,,,True
139,-0.22665820312499996,4,True,0.06417840382072315,0.06407840382072315,16.707110842018935,1.0,3,,,,True
139,-0.22665820312499996,5,True,0.06417840382072315,0.06407840382072315,16.707110842018935,1.0,4,,,,True
139,-0.22665820312499996,6,True,0.06417840382072315,0.06407840382072315,16.707110842018935,1.0,4,,,,True
140,-0.21165937499999998,0,True,0.05626184361085418,0.056161843610854176,16.91630188077434,1.0,3,,,,True
140,-0.21165937499999998,1,True,0.05805313869766593,0.057953138697665926,16.707110842018935,1.0,3,,,,True
140,-0.21165937499999998,2,True,0.06019224199938966,0.06009224199938966,16.707110842018935,1.0,3,,,,True
140,-0.21165937499999998,3,True,0.06255661954668934,0.06245661954668934,16.707110842018935,1.0,3,,,,True
140,-0.21165937499999998,4,True,0.06417840382072315,0.06407840382072315,16.707110842018935,1.0,4,,,,True
140,-0.21165937499999998,5,True,0.06417840382072315,0.06407840382072315,16.707110842018935,1.0,4,,,,True
140,-0.21165937499999998,6,True,0.06417840382072315,0.06407840382072315,16.707110842018935,1.0,4,,,,True
141,-0.196660546875,0,True,0.05609789129749698,0.05599789129749698,16.91630188077434,1.0,3,,,,True
141,-0.196660546875,1,True,0.05790317401118905,0.05780317401118905,16.707110842018935,1.0,3,,,,True
141,-0.196660546875,2,True,0.060056448827237485,0.05995644882723748,16.707110842018935,1.0,4,,,,True
141,-0.196660546875,3,True,0.06244676139577843,0.062346761395778424,16.707110842018935,1.0,4,,,,True
141,-0.196660546875,4,True,0.06417840382072315,0.06407840382072315,16.707110842018935,1.0,4,,,,True
141,-0.196660546875,5,True,0.06417840382072315,0.06407840382072315,16.707110842018935,1.0,4,,,,True
141,-0.196660546875,6,True,0.06417840382072315,0.06407840382072315,16.707110842018935,1.0,4,,,,True
142,-0.18166171875000003,0,True,0.05593394645591587,0.05583394645591587,16.91630188077434,1.0,3,,,,True
142,-0.18166171875000003,1,True,0.05775600948782955,0.05765600948782955,16.707110842018935,1.0,4,,,,True
142,-0.18166171875000003,2,True,0.05993545649998211,0.059835456499982106,16.707110842018935,1.0,4,,,,True
142,-0.18166171875000003,3,True,0.06233975123742441,0.06223975123742441,16.707110842018935,1.0,4,,,,True
142,-0.18166171875000003,4,True,0.06417840382072315,0.06407840382072315,16.707110842018935,1.0,4,,,,True
142,-0.18166171875000003,5,True,0.06417840382072315,0.06407840382072315,16.707110842018935,1.0,4,,,,True
142,-0.18166171875000003,6,True,0.06417840382072315,0.06407840382072315,16.707110842018935,1.0,5,,,,True
143,-0.16666289062500006,0,True,0.05577459632997828,0.055674596329978274,16.91630188077434,1.0,4,,,,True
143,-0.16666289062500006,1,True,0.05762137373092813,0.057521373730928124,16.707110842018935,1.0,4,,,,True
143,-0.16666289062500006,2,True,0.05981447360408154,0.05971447360408154,16.707110842018935,1.0,4,,,,True
143,-0.16666289062500006,3,True,0.062232514349749746,0.06213251434974974,16.707110842018935,1.0,4,,,,True
143,-0.16666289062500006,4,True,0.06417840382072315,0.06407840382072315,16.707110842018935,1.0,5,,,,True
143,-0.16666289062500006,5,True,0.06417840382072315,0.06407840382072315,16.707110842018935,1.0,5,,,,True
143,-0.16666289062500006,6,True,0.06417840382072315,0.06407840382072315,16.707110842018935,1.0,5,,,,True
144,-0.15166406250000009,0,True,0.05562602017333784,0.05552602017333784,16.91630188077434,1.0,4,,,,True
144,-0.15166406250000009,1,True,0.05748675054637653,0.05738675054637653,16.707110842018935,1.0,4,,,,True
144,-0.15166406250000009,2,True,0.05969350036768084,0.05959350036768084,16.707110842018935,1.0,4,,,,True
144,-0.15166406250000009,3,True,0.06213255900829617,0.06203255900829617,16.707110842018935,1.0,5,,,,True
144,-0.15166406250000009,4,True,0.06417840382072315,0.06407840382072315,16.707110842018935,1.0,5,,,,True
144,-0.15166406250000009,5,True,0.06417840382072315,0.06407840382072315,16.707110842018935,1.0,5,,,,True
144,-0.15166406250000009,6,True,0.06417840382072315,0.06407840382072315,16.707110842018935,1.0,5,,,,True
145,-0.1366652343750001,0,True,0.055477459764485815,0.05537745976448581,16.91630188077434,1.0,4,,,,True
145,-0.1366652343750001,1,True,0.057352140271595076,0.05725214027159507,16.707110842018935,1.0,4,,,,True
145,-0.1366652343750001,2,True,0.05958321525907895,0.059483215259078945,16.707110842018935,1.0,5,,,,True
145,-0.1366652343750001,3,True,0.06204066222536886,0.061940662225368856,16.707110842018935,1.0,5,,,,True
145,-0.1366652343750001,4,True,0.06417840382072315,0.06407840382072315,16.707110842018935,1.0,5,,,,True
145,-0.1366652343750001,5,True,0.06417840382072315,0.06407840382072315,16.707110842018935,1.0,5,,,,True
145,-0.1366652343750001,6,True,0.06417840382072315,0.06407840382072315,16.707110842018935,1.0,6,,,,True
146,-0.12166640625000014,0,True,0.055328915578826354,0.05522891557882635,16.91630188077434,1.0,4,,,,True
146,-0.12166640625000014,1,True,0.05723073068488427,0.057130730684884265,16.707110842018935,1.0,5,,,,True
146,-0.12166640625000014,2,True,0.05947774196676292,0.05937774196676292,16.707110842018935,1.0,5,,,,True
146,-0.12166640625000014,3,True,0.061948773953090175,0.06184877395309017,16.707110842018935,1.0,5,,,,True
146,-0.12166640625000014,4,True,0.06417840382072315,0.06407840382072315,16.707110842018935,1.0,5,,,,True
146,-0.12166640625000014,5,True,0.06417840382072315,0.06407840382072315,16.707110842018935,1.0,6,,,,True
146,-0.12166640625000014,6,True,0.06417840382072315,0.06407840382072315,16.707110842018935,1.0,6,,,,True
147,-0.10666757812500016,0,True,0.05519531150536139,0.055095311505361386,16.91630188077434,1.0,5,,,,True
147,-0.10666757812500016,1,True,0.05711173165283068,0.057011731652830674,16.707110842018935,1.0,5,,,,True
147,-0.10666757812500016,2,True,0.05937228057596755,0.05927228057596755,16.707110842018935,1.0,5,,,,True
147,-0.10666757812500016,3,True,0.06185983179537047,0.061759831795370465,16.707110842018935,1.0,6,,,,True
147,-0.10666757812500016,4,True,0.06417840382072315,0.06407840382072315,16.707110842018935,1.0,6,,,,True
147,-0.10666757812500016,5,True,0.06417840382072315,0.06407840382072315,16.707110842018935,1.0,6,,,,True
147,-0.10666757812500016,6,True,0.06417840382072315,0.06407840382072315,16.707110842018935,1.0,6,,,,True
148,-0.09166875000000019,0,True,0.05506249322544088,0.054962493225440875,16.91630188077434,1.0,5,,,,True
148,-0.09166875000000019,1,True,0.056992748782581426,0.05689274878258142,16.707110842018935,1.0,5,,,,True
148,-0.09166875000000019,2,True,0.05927341838202915,0.05917341838202915,16.707110842018935,1.0,6,,,,True
148,-0.09166875000000019,3,True,0.061783357451419274,0.06168335745141927,16.707110842018935,1.0,6,,,,True
148,-0.09166875000000019,4,True,0.06417840382072315,0.06407840382072315,16.707110842018935,1.0,6,,,,True
148,-0.09166875000000019,5,True,0.06417840382072315,0.06407840382072315,16.707110842018935,1.0,6,,,,True
148,-0.09166875000000019,6,True,0.06417840382072315,0.06407840382072315,16.707110842018935,1.0,7,,,,True
149,-0.07666992187500021,0,True,0.05492969581459972,0.05482969581459972,16.91630188077434,1.0,5,,,,True
149,-0.07666992187500021,1,True,0.05688320294677496,0.056783202946774955,16.707110842018935,1.0,6,,,,True
149,-0.07666992187500021,2,True,0.05918344983020729,0.05908344983020729,16.707110842018935,1.0,6,,,,True
149,-0.07666992187500021,3,True,0.06170689135853946,0.06160689135853946,16.707110842018935,1.0,6,,,,True
149,-0.07666992187500021,4,True,0.06414844554132326,0.06404844554132326,16.707110842018935,1.0,6,,,,True
149,-0.07666992187500021,5,True,0.06417840382072315,0.06407840382072315,16.707110842018935,1.0,7,,,,True
149,-0.07666992187500021,6,True,0.06417840382072315,0.06407840382072315,16.707110842018935,1.0,7,,,,True
150,-0.061671093749999795,0,True,0.054808220888451054,0.05470822088845105,16.91630188077434,1.0,6,,,,True
150,-0.061671093749999795,1,True,0.05677992382446284,0.05667992382446284,16.707110842018935,1.0,6,,,,True
150,-0.061671093749999795,2,True,0.05909349333576985,0.05899349333576985,16.707110842018935,1.0,6,,,,True
150,-0.061671093749999795,3,True,0.06163108874799006,0.061531088747990056,16.707110842018935,1.0,7,,,,True
150,-0.061671093749999795,4,True,0.0640970128081082,0.0639970128081082,16.707110842018935,1.0,7,,,,True
150,-0.061671093749999795,5,True,0.06417840382072315,0.06407840382072315,16.707110842018935,1.0,7,,,,True
150,-0.061671093749999795,6,True,0.06417840382072315,0.06407840382072315,16.707110842018935,1.0,7,,,,True
151,-0.04667226562499982,0,True,0.05469132516536668,0.054591325165366675,16.91630188077434,1.0,6,,,,True
151,-0.04667226562499982,1,True,0.056676661632669045,0.05657666163266904,16.707110842018935,1.0,6,,,,True
151,-0.04667226562499982,2,True,0.05900675800157007,0.05890675800157007,16.707110842018935,1.0,7,,,,True
151,-0.04667226562499982,3,True,0.061569661101863904,0.0614696611018639,16.707110842018935,1.0,7,,,,True
151,-0.04667226562499982,4,True,0.06404859109050243,0.06394859109050242,16.707110842018935,1.0,7,,,,True
151,-0.04667226562499982,5,True,0.06417840382072315,0.06407840382072315,16.707110842018935,1.0,7,,,,True
151,-0.04667226562499982,6,True,0.06417840382072315,0.06407840382072315,16.707110842018935,1.0,7,,,,True
152,-0.031673437499999846,0,True,0.05457445200196931,0.054474452001969306,16.91630188077434,1.0,6,,,,True
152,-0.031673437499999846,1,True,0.05657983370404285,0.056479833704042845,16.707110842018935,1.0,7,,,,True
152,-0.031673437499999846,2,True,0.05893226722392342,0.058832267223923415,16.707110842018935,1.0,7,,,,True
152,-0.031673437499999846,3,True,0.0615082403421181,0.0614082403421181,16.707110842018935,1.0,7,,,,True
152,-0.031673437499999846,4,True,0.06400000967275332,0.06390000967275332,16.707110842018935,1.0,7,,,,True
152,-0.031673437499999846,5,True,0.06417840382072315,0.06407840382072315,16.707110842018935,1.0,8,,,,True
152,-0.031673437499999846,6,True,0.06417840382072315,0.06407840382072315,16.707110842018935,1.0,8,,,,True
153,-0.01667460937499987,0,True,0.05446621371325877,0.05436621371325877,16.91630188077434,1.0,7,,,,True
153,-0.01667460937499987,1,True,0.05649217484253688,0.05639217484253688,16.707110842018935,1.0,7,,,,True
153,-0.01667460937499987,2,True,0.0588577872050724,0.058757787205072395,16.707110842018935,1.0,7,,,,True
153,-0.01667460937499987,3,True,0.06144682649244393,0.061346826492443926,16.707110842018935,1.0,7,,,,True
153,-0.01667460937499987,4,True,0.06396001257012252,0.06386001257012251,16.707110842018935,1.0,8,,,,True
153,-0.01667460937499987,5,True,0.06417840382072315,0.06407840382072315,16.707110842018935,1.0,8,,,,True
153,-0.01667460937499987,6,True,0.06417840382072315,0.06407840382072315,16.707110842018935,1.0,8,,,,True
154,-0.001675781249999897,0,True,0.05436523927463499,0.05426523927463499,16.91630188077434,1.0,7,,,,True
154,-0.001675781249999897,1,True,0.05640469743378995,0.05630469743378995,16.707110842018935,1.0,7,,,,True
154,-0.001675781249999897,2,True,0.058785016014603286,0.05868501601460328,16.707110842018935,1.0,8,,,,True
154,-0.001675781249999897,3,True,0.061398519319534106,0.0612985193195341,16.707110842018935,1.0,8,,,,True
154,-0.001675781249999897,4,True,0.06392497955684995,0.06382497955684995,16.707110842018935,1.0,8,,,,True
154,-0.001675781249999897,5,True,0.06417840382072315,0.06407840382072315,16.707110842018935,1.0,8,,,,True
154,-0.001675781249999897,6,True,0.06417840382072315,0.06407840382072315,16.707110842018935,1.0,8,,,,True
155,0.013323046875000077,0,True,0.0542642867429004,0.0541642867429004,16.91630188077434,1.0,7,,,,True
155,0.013323046875000077,1,True,0.0563211537661128,0.056221153766112794,16.707110842018935,1.0,8,,,,True
155,0.013323046875000077,2,True,0.058725483853585114,0.05862548385358511,16.707110842018935,1.0,8,,,,True
155,0.013323046875000077,3,True,0.06135144623128408,0.061251446231284076,16.707110842018935,1.0,8,,,,True
155,0.013323046875000077,4,True,0.06388994908953105,0.06378994908953105,16.707110842018935,1.0,8,,,,True
155,0.013323046875000077,5,True,0.06417840382072315,0.06407840382072315,16.707110842018935,1.0,9,,,,True
155,0.013323046875000077,6,True,0.06417840382072315,0.06407840382072315,16.707110842018935,1.0,9,,,,True
156,0.028321875000000052,0,True,0.05416985217352499,0.05406985217352499,16.91630188077434,1.0,8,,,,True
156,0.028321875000000052,1,True,0.05624893372443962,0.05614893372443962,16.707110842018935,1.0,8,,,,True
156,0.028321875000000052,2,True,0.05866596023910331,0.05856596023910331,16.707110842018935,1.0,8,,,,True
156,0.028321875000000052,3,True,0.061304378133477666,0.06120437813347766,16.707110842018935,1.0,8,,,,True
156,0.028321875000000052,4,True,0.06386095725252838,0.06376095725252838,16.707110842018935,1.0,9,,,,True
156,0.028321875000000052,5,True,0.06417840382072315,0.06407840382072315,16.707110842018935,1.0,9,,,,True
156,0.028321875000000052,6,True,0.06417840382072315,0.06407840382072315,16.707110842018935,1.0,9,,,,True
157,0.043320703125000026,0,True,0.05408479805002786,0.05398479805002786,16.91630188077434,1.0,8,,,,True
157,0.043320703125000026,1,True,0.05617672707568655,0.05607672707568655,16.707110842018935,1.0,8,,,,True
157,0.043320703125000026,2,True,0.058607261140847466,0.058507261140847464,16.707110842018935,1.0,9,,,,True
157,0.043320703125000026,3,True,0.06126824358457483,0.06116824358457483,16.707110842018935,1.0,9,,,,True
157,0.043320703125000026,4,True,0.06383816009979304,0.06373816009979304,16.707110842018935,1.0,9,,,,True
157,0.043320703125000026,5,True,0.06417840382072315,0.06407840382072315,16.707110842018935,1.0,9,,,,True
157,0.043320703125000026,6,True,0.06417840382072315,0.06407840382072315,16.707110842018935,1.0,9,,,,True
158,0.05831953125,0,True,0.05399976347946156,0.05389976347946156,16.91630188077434,1.0,8,,,,True
158,0.05831953125,1,True,0.05610803833574707,0.056008038335747065,16.707110842018935,1.0,9,,,,True
158,0.05831953125,2,True,0.058561926491782046,0.05846192649178204,16.707110842018935,1.0,9,,,,True
158,0.05831953125,3,True,0.06123451924725609,0.06113451924725609,16.707110842018935,1.0,9,,,,True
158,0.05831953125,4,True,0.06381536417045197,0.06371536417045197,16.707110842018935,1.0,9,,,,True
158,0.05831953125,5,True,0.06417840382072315,0.06407840382072315,16.707110842018935,1.0,9,,,,True
158,0.05831953125,6,True,0.06417840382072315,0.06407840382072315,16.707110842018935,1.0,10,,,,True
159,0.07331835937499998,0,True,0.05392092524541514,0.05382092524541514,16.91630188077434,1.0,9,,,,True
159,0.07331835937499998,1,True,0.056050684593292655,0.05595068459329265,16.707110842018935,1.0,9,,,,True
159,0.07331835937499998,2,True,0.05851659781262919,0.05841659781262919,16.707110842018935,1.0,9,,,,True
159,0.07331835937499998,3,True,0.061200797936515894,0.06110079793651589,16.707110842018935,1.0,9,,,,True
159,0.07331835937499998,4,True,0.06379584250686277,0.06369584250686276,16.707110842018935,1.0,10,,,,True
159,0.07331835937499998,5,True,0.06417840382072315,0.06407840382072315,16.707110842018935,1.0,10,,,,True
159,0.07331835937499998,6,True,0.06417840382072315,0.06407840382072315,16.707110842018935,1.0,10,,,,True
160,0.08831718749999995,0,True,0.05385130659844117,0.05375130659844117,16.91630188077434,1.0,9,,,,True
160,0.08831718749999995,1,True,0.05599334112783749,0.05589334112783749,16.707110842018935,1.0,9,,,,True
160,0.08831718749999995,2,True,0.058471275113219257,0.058371275113219254,16.707110842018935,1.0,9,,,,True
160,0.08831718749999995,3,True,0.06117528509084291,0.06107528509084291,16.707110842018935,1.0,10,,,,True
160,0.08831718749999995,4,True,0.06378344853017381,0.06368344853017381,16.707110842018935,1.0,10,,,,True
160,0.08831718749999995,5,True,0.06417840382072315,0.06407840382072315,16.707110842018935,1.0,10,,,,True
160,0.08831718749999995,6,True,0.06417840382072315,0.06407840382072315,16.707110842018935,1.0,10,,,,True
161,0.10331601562499992,0,True,0.05378170401471971,0.05368170401471971,16.91630188077434,1.0,9,,,,True
161,0.10331601562499992,1,True,0.055938770160974816,0.05583877016097481,16.707110842018935,1.0,10,,,,True
161,0.10331601562499992,2,True,0.058438641782499356,0.058338641782499354,16.707110842018935,1.0,10,,,,True
161,0.10331601562499992,3,True,0.06115350411955012,0.061053504119550114,16.707110842018935,1.0,10,,,,True
161,0.10331601562499992,4,True,0.0637710549067787,0.0636710549067787,16.707110842018935,1.0,10,,,,True
161,0.10331601562499992,5,True,0.06417840382072315,0.06407840382072315,16.707110842018935,1.0,10,,,,True
161,0.10331601562499992,6,True,0.06417840382072315,0.06407840382072315,16.707110842018935,1.0,10,,,,True
162,0.1183148437499999,0,True,0.0537182653456445,0.0536182653456445,16.91630188077434,1.0,10,,,,True
162,0.1183148437499999,1,True,0.055895417290879656,0.055795417290879654,16.707110842018935,1.0,10,,,,True
162,0.1183148437499999,2,True,0.05840640944304498,0.05830640944304498,16.707110842018935,1.0,10,,,,True
162,0.1183148437499999,3,True,0.061131724563508794,0.06103172456350879,16.707110842018935,1.0,10,,,,True
162,0.1183148437499999,4,True,0.0637594032034352,0.0636594032034352,16.707110842018935,1.0,11,,,,True
162,0.1183148437499999,5,True,0.06417840382072315,0.06407840382072315,16.707110842018935,1.0,11,,,,True
162,0.1183148437499999,6,True,0.06417840382072315,0.06407840382072315,16.707110842018935,1.0,10,,,,True
163,0.13331367187499987,0,True,0.05366340154929361,0.05356340154929361,16.91630188077434,1.0,10,,,,True
163,0.13331367187499987,1,True,0.05585207141814186,0.055752071418141855,16.707110842018935,1.0,10,,,,True
163,0.13331367187499987,2,True,0.0583741806358784,0.0582741806358784,16.707110842018935,1.0,10,,,,True
163,0.13331367187499987,3,True,0.06111504315148597,0.06101504315148597,16.707110842018935,1.0,11,,,,True
163,0.13331367187499987,4,True,0.06375490680317952,0.06365490680317952,16.707110842018935,1.0,11,,,,True
163,0.13331367187499987,5,True,0.06417840382072315,0.06407840382072315,16.707110842018935,1.0,11,,,,True
163,0.13331367187499987,6,True,0.06417840382072315,0.06407840382072315,16.707110842018935,1.0,10,,,,True
164,0.14831249999999985,0,True,0.053608549787897086,0.05350854978789708,16.91630188077434,1.0,10,,,,True
164,0.14831249999999985,1,True,0.05581021356176574,0.05571021356176574,16.707110842018935,1.0,11,,,,True
164,0.14831249999999985,2,True,0.058351655151302584,0.05825165515130258,16.707110842018935,1.0,11,,,,True
164,0.14831249999999985,3,True,0.061103327368571936,0.06100332736857193,16.707110842018935,1.0,11,,,,True
164,0.14831249999999985,4,True,0.06375041040292428,0.06365041040292428,16.707110842018935,1.0,11,,,,True
164,0.14831249999999985,5,True,0.06417840382072315,0.06407840382072315,16.707110842018935,1.0,11,,,,True
164,0.14831249999999985,6,True,0.06417840382072315,0.06407840382072315,16.707110842018935,1.0,10,,,,True
165,0.16331132812499982,0,True,0.05355914906423642,0.05345914906423642,16.91630188077434,1.0,11,,,,True
165,0.16331132812499982,1,True,0.055779711458311176,0.055679711458311174,16.707110842018935,1.0,11,,,,True
165,0.16331132812499982,2,True,0.05833106283097722,0.05823106283097722,16.707110842018935,1.0,11,,,,True
165,0.16331132812499982,3,True,0.06109161198434476,0.06099161198434476,16.707110842018935,1.0,11,,,,True
165,0.16331132812499982,4,True,0.06374591400266905,0.06364591400266904,16.707110842018935,1.0,11,,,,True
165,0.16331132812499982,5,True,0.06417840382072315,0.06407840382072315,16.707110842018935,1.0,11,,,,True
165,0.16331132812499982,6,True,0.06417840382072315,0.06407840382072315,16.707110842018935,1.0,10,,,,True
166,0.1783101562499998,0,True,0.05351806252918001,0.05341806252918001,16.91630188077434,1.0,11,,,,True
166,0.1783101562499998,1,True,0.05574921341038941,0.055649213410389406,16.707110842018935,1.0,11,,,,True
166,0.1783101562499998,2,True,0.05831047212793816,0.05821047212793816,16.707110842018935,1.0,11,,,,True
166,0.1783101562499998,3,True,0.06108198313433144,0.06098198313433144,16.707110842018935,1.0,12,,,,True
166,0.1783101562499998,4,True,0.06374511313691178,0.06364511313691178,16.707110842018935,1.0,12,,,,True
166,0.1783101562499998,5,True,0.06417840382072315,0.06407840382072315,16.707110842018935,1.0,11,,,,True
166,0.1783101562499998,6,True,0.06417840382072315,0.06407840382072315,16.707110842018935,1.0,10,,,,True
167,0.19330898437500021,0,True,0.053476984035910835,0.05337698403591083,16.91630188077434,1.0,11,,,,True
167,0.19330898437500021,1,True,0.05571871942115525,0.05561871942115525,16.707110842018935,1.0,11,,,,True
167,0.19330898437500021,2,True,0.05829614195395072,0.05819614195395072,16.707110842018935,1.0,12,,,,True
167,0.19330898437500021,3,True,0.061077784764058674,0.06097778476405867,16.707110842018935,1.0,12,,,,True
167,0.19330898437500021,4,True,0.06374511313691178,0.06364511313691178,16.707110842018935,1.0,12,,,,True
167,0.19330898437500021,5,True,0.06417840382072315,0.06407840382072315,16.707110842018935,1.0,11,,,,True
167,0.19330898437500021,6,True,0.06417840382072315,0.06407840382072315,16.707110842018935,1.0,10,,,,True
168,0.2083078125000002,0,True,0.05343986933018208,0.053339869330182074,16.91630188077434,1.0,12,,,,True
168,0.2083078125000002,1,True,0.05569927364099758,0.05559927364099758,16.707110842018935,1.0,12,,,,True
168,0.2083078125000002,2,True,0.05828520066841181,0.058185200668411804,16.707110842018935,1.0,12,,,,True
168,0.2083078125000002,3,True,0.061073586393785906,0.0609735863937859,16.707110842018935,1.0,12,,,,True
168,0.2083078125000002,4,True,0.06374511313691178,0.06364511313691178,16.707110842018935,1.0,12,,,,True
168,0.2083078125000002,5,True,0.06417840382072315,0.06407840382072315,16.707110842018935,1.0,11,,,,True
168,0.2083078125000002,6,True,0.06417840382072315,0.06407840382072315,16.707110842018935,1.0,10,,,,True
169,0.22330664062500016,0,True,0.053411295255183955,0.05331129525518395,16.91630188077434,1.0,12,,,,True
169,0.22330664062500016,1,True,0.05568002174371989,0.055580021743719885,16.707110842018935,1.0,12,,,,True
169,0.22330664062500016,2,True,0.05827425982915191,0.058174259829151906,16.707110842018935,1.0,12,,,,True
169,0.22330664062500016,3,True,0.061069388023512694,0.06096938802351269,16.707110842018935,1.0,12,,,,True
169,0.22330664062500016,4,True,0.06374511313691178,0.06364511313691178,16.707110842018935,1.0,12,,,,True
169,0.22330664062500016,5,True,0.06417840382072315,0.06407840382072315,16.707110842018935,1.0,11,,,,True
169,0.22330664062500016,6,True,0.06417840382072315,0.06407840382072315,16.707110842018935,1.0,10,,,,True
170,0.23830546875000014,0,True,0.05338272576832237,0.05328272576832237,16.91630188077434,1.0,12,,,,True
170,0.23830546875000014,1,True,0.05566077167255479,0.055560771672554785,16.707110842018935,1.0,12,,,,True
170,0.23830546875000014,2,True,0.058266173582556036,0.05816617358255603,16.707110842018935,1.0,13,,,,True
170,0.23830546875000014,3,True,0.06106934541335418,0.06096934541335418,16.707110842018935,1.0,13,,,,True
170,0.23830546875000014,4,True,0.06374511313691178,0.06364511313691178,16.707110842018935,1.0,12,,,,True
170,0.23830546875000014,5,True,0.06417840382072315,0.06407840382072315,16.707110842018935,1.0,11,,,,True
170,0.23830546875000014,6,True,0.06417840382072315,0.06407840382072315,16.707110842018935,1.0,10,,,,True
171,0.2533042968750001,0,True,0.05335607119492103,0.053256071194921026,16.91630188077434,1.0,13,,,,True
171,0.2533042968750001,1,True,0.05564875488628385,0.055548754886283844,16.707110842018935,1.0,13,,,,True
171,0.2533042968750001,2,True,0.05826231468352239,0.058162314683522384,16.707110842018935,1.0,13,,,,True
171,0.2533042968750001,3,True,0.06106934541335418,0.06096934541335418,16.707110842018935,1.0,13,,,,True
171,0.2533042968750001,4,True,0.06374511313691178,0.06364511313691178,16.707110842018935,1.0,12,,,,True
171,0.2533042968750001,5,True,0.06417840382072315,0.06407840382072315,16.707110842018935,1.0,11,,,,True
171,0.2533042968750001,6,True,0.06417840382072315,0.06407840382072315,16.707110842018935,1.0,10,,,,True
172,0.2683031250000001,0,True,0.05333830230460945,0.05323830230460945,16.91630188077434,1.0,13,,,,True
172,0.2683031250000001,1,True,0.05563868371607583,0.05553868371607583,16.707110842018935,1.0,13,,,,True
172,0.2683031250000001,2,True,0.05825845578448874,0.058158455784488736,16.707110842018935,1.0,13,,,,True
172,0.2683031250000001,3,True,0.06106934541335418,0.06096934541335418,16.707110842018935,1.0,13,,,,True
172,0.2683031250000001,4,True,0.06374511313691178,0.06364511313691178,16.707110842018935,1.0,12,,,,True
172,0.2683031250000001,5,True,0.06417840382072315,0.06407840382072315,16.707110842018935,1.0,11,,,,True
172,0.2683031250000001,6,True,0.06417840382072315,0.06407840382072315,16.707110842018935,1.0,10,,,,True
173,0.28330195312500006,0,True,0.05332053545025106,0.05322053545025106,16.91630188077434,1.0,13,,,,True
173,0.28330195312500006,1,True,0.05562861304113076,0.055528613041130756,16.707110842018935,1.0,13,,,,True
173,0.28330195312500006,2,True,0.05825495139811787,0.05815495139811787,16.707110842018935,1.0,14,,,,True
173,0.28330195312500006,3,True,0.06106934541335418,0.06096934541335418,16.707110842018935,1.0,13,,,,True
173,0.28330195312500006,4,True,0.06374511313691178,0.06364511313691178,16.707110842018935,1.0,12,,,,True
173,0.28330195312500006,5,True,0.06417840382072315,0.06407840382072315,16.707110842018935,1.0,11,,,,True
173,0.28330195312500006,6,True,0.06417840382072315,0.06407840382072315,16.707110842018935,1.0,10,,,,True
174,0.29830078125000004,0,True,0.05330277063250888,0.053202770632508875,16.91630188077434,1.0,13,,,,True
174,0.29830078125000004,1,True,0.055622005209911674,0.05552200520991167,16.707110842018935,1.0,14,,,,True
174,0.29830078125000004,2,True,0.05825495139811787,0.05815495139811787,16.707110842018935,1.0,14,,,,True
174,0.29830078125000004,3,True,0.06106934541335418,0.06096934541335418,16.707110842018935,1.0,13,,,,True
174,0.29830078125000004,4,True,0.06374511313691178,0.06364511313691178,16.707110842018935,1.0,12,,,,True
174,0.29830078125000004,5,True,0.06417840382072315,0.06407840382072315,16.707110842018935,1.0,11,,,,True
174,0.29830078125000004,6,True,0.06417840382072315,0.06407840382072315,16.707110842018935,1.0,10,,,,True
175,0.313299609375,0,True,0.05329337664211753,0.053193376642117526,16.91630188077434,1.0,14,,,,True
175,0.313299609375,1,True,0.05561852671159562,0.055518526711595614,16.707110842018935,1.0,14,,,,True
175,0.313299609375,2,True,0.05825495139811787,0.05815495139811787,16.707110842018935,1.0,14,,,,True
175,0.313299609375,3,True,0.06106934541335418,0.06096934541335418,16.707110842018935,1.0,13,,,,True
175,0.313299609375,4,True,0.06374511313691178,0.06364511313691178,16.707110842018935,1.0,12,,,,True
175,0.313299609375,5,True,0.06417840382072315,0.06407840382072315,16.707110842018935,1.0,11,,,,True
175,0.313299609375,6,True,0.06417840382072315,0.06407840382072315,16.707110842018935,1.0,10,,,,True
176,0.3282984375,0,True,0.05328426651744067,0.05318426651744067,16.91630188077434,1.0,14,,,,True
176,0.3282984375,1,True,0.05561504821327956,0.05551504821327956,16.707110842018935,1.0,14,,,,True
176,0.3282984375,2,True,0.05825495139811787,0.05815495139811787,16.707110842018935,1.0,14,,,,True
176,0.3282984375,3,True,0.06106934541335418,0.06096934541335418,16.707110842018935,1.0,13,,,,True
176,0.3282984375,4,True,0.06374511313691178,0.06364511313691178,16.707110842018935,1.0,12,,,,True
176,0.3282984375,5,True,0.06417840382072315,0.06407840382072315,16.707110842018935,1.0,11,,,,True
176,0.3282984375,6,True,0.06417840382072315,0.06407840382072315,16.707110842018935,1.0,10,,,,True
177,0.34329726562499996,0,True,0.05327515693722118,0.05317515693722118,16.91630188077434,1.0,14,,,,True
177,0.34329726562499996,1,True,0.05561223378300584,0.055512233783005835,16.707110842018935,1.0,15,,,,True
177,0.34329726562499996,2,True,0.05825495139811787,0.05815495139811787,16.707110842018935,1.0,14,,,,True
177,0.34329726562499996,3,True,0.06106934541335418,0.06096934541335418,16.707110842018935,1.0,13,,,,True
177,0.34329726562499996,4,True,0.06374511313691178,0.06364511313691178,16.707110842018935,1.0,12,,,,True
177,0.34329726562499996,5,True,0.06417840382072315,0.06407840382072315,16.707110842018935,1.0,11,,,,True
177,0.34329726562499996,6,True,0.06417840382072315,0.06407840382072315,16.707110842018935,1.0,10,,,,True
178,0.35829609374999993,0,True,0.05327018084705326,0.05317018084705326,16.91630188077434,1.0,15,,,,True
178,0.35829609374999993,1,True,0.05561223378300584,0.055512233783005835,16.707110842018935,1.0,15,,,,True
178,0.35829609374999993,2,True,0.05825495139811787,0.05815495139811787,16.707110842018935,1.0,14,,,,True
178,0.35829609374999993,3,True,0.06106934541335418,0.06096934541335418,16.707110842018935,1.0,13,,,,True
178,0.35829609374999993,4,True,0.06374511313691178,0.06364511313691178,16.707110842018935,1.0,12,,,,True
178,0.35829609374999993,5,True,0.06417840382072315,0.06407840382072315,16.707110842018935,1.0,11,,,,True
178,0.35829609374999993,6,True,0.06417840382072315,0.06407840382072315,16.707110842018935,1.0,10,,,,True
179,0.3732949218749999,0,True,0.05326712145513479,0.05316712145513479,16.91630188077434,1.0,15,,,,True
179,0.3732949218749999,1,True,0.05561223378300584,0.055512233783005835,16.707110842018935,1.0,15,,,,True
179,0.3732949218749999,2,True,0.05825495139811787,0.05815495139811787,16.707110842018935,1.0,14,,,,True
179,0.3732949218749999,3,True,0.06106934541335418,0.06096934541335418,16.707110842018935,1.0,13,,,,True
179,0.3732949218749999,4,True,0.06374511313691178,0.06364511313691178,16.707110842018935,1.0,12,,,,True
179,0.3732949218749999,5,True,0.06417840382072315,0.06407840382072315,16.707110842018935,1.0,11,,,,True
179,0.3732949218749999,6,True,0.06417840382072315,0.06407840382072315,16.707110842018935,1.0,10,,,,True
180,0.3882937499999999,0,True,0.053264062063216766,0.05316406206321676,16.91630188077434,1.0,15,,,,True
180,0.3882937499999999,1,True,0.05561223378300584,0.055512233783005835,16.707110842018935,1.0,15,,,,True
180,0.3882937499999999,2,True,0.05825495139811787,0.05815495139811787,16.707110842018935,1.0,14,,,,True
180,0.3882937499999999,3,True,0.06106934541335418,0.06096934541335418,16.707110842018935,1.0,13,,,,True
180,0.3882937499999999,4,True,0.06374511313691178,0.06364511313691178,16.707110842018935,1.0,12,,,,True
180,0.3882937499999999,5,True,0.06417840382072315,0.06407840382072315,16.707110842018935,1.0,11,,,,True
180,0.3882937499999999,6,True,0.06417840382072315,0.06407840382072315,16.707110842018935,1.0,10,,,,True
181,0.40329257812499986,0,True,0.05326198831078033,0.053161988310780325,16.91630188077434,1.0,16,,,,True
181,0.40329257812499986,1,True,0.05561223378300584,0.055512233783005835,16.707110842018935,1.0,15,,,,True
181,0.40329257812499986,2,True,0.05825495139811787,0.05815495139811787,16.707110842018935,1.0,14,,,,True
181,0.40329257812499986,3,True,0.06106934541335418,0.06096934541335418,16.707110842018935,1.0,13,,,,True
181,0.40329257812499986,4,True,0.06374511313691178,0.06364511313691178,16.707110842018935,1.0,12,,,,True
181,0.40329257812499986,5,True,0.06417840382072315,0.06407840382072315,16.707110842018935,1.0,11,,,,True
181,0.40329257812499986,6,True,0.06417840382072315,0.06407840382072315,16.707110842018935,1.0,10,,,,True
182,0.41829140624999983,0,True,0.05326198831078033,0.053161988310780325,16.91630188077434,1.0,16,,,,True
182,0.41829140624999983,1,True,0.05561223378300584,0.055512233783005835,16.707110842018935,1.0,15,,,,True
182,0.41829140624999983,2,True,0.05825495139811787,0.05815495139811787,16.707110842018935,1.0,14,,,,True
182,0.41829140624999983,3,True,0.06106934541335418,0.06096934541335418,16.707110842018935,1.0,13,,,,True
182,0.41829140624999983,4,True,0.06374511313691178,0.06364511313691178,16.707110842018935,1.0,12,,,,True
182,0.41829140624999983,5,True,0.06417840382072315,0.06407840382072315,16.707110842018935,1.0,11,,,,True
182,0.41829140624999983,6,True,0.06417840382072315,0.06407840382072315,16.707110842018935,1.0,10,,,,True
183,0.4332902343749998,0,True,0.05326198831078033,0.053161988310780325,16.91630188077434,1.0,16,,,,True
183,0.4332902343749998,1,True,0.05561223378300584,0.055512233783005835,16.707110842018935,1.0,15,,,,True
183,0.4332902343749998,2,True,0.05825495139811787,0.05815495139811787,16.707110842018935,1.0,14,,,,True
183,0.4332902343749998,3,True,0.06106934541335418,0.06096934541335418,16.707110842018935,1.0,13,,,,True
183,0.4332902343749998,4,True,0.06374511313691178,0.06364511313691178,16.707110842018935,1.0,12,,,,True
183,0.4332902343749998,5,True,0.06417840382072315,0.06407840382072315,16.707110842018935,1.0,11,,,,True
183,0.4332902343749998,6,True,0.06417840382072315,0.06407840382072315,16.707110842018935,1.0,10,,,,True
184,0.4482890625000002,0,True,0.05326198831078033,0.053161988310780325,16.91630188077434,1.0,16,,,,True
184,0.4482890625000002,1,True,0.05561223378300584,0.055512233783005835,16.707110842018935,1.0,15,,,,True
184,0.4482890625000002,2,True,0.05825495139811787,0.05815495139811787,16.707110842018935,1.0,14,,,,True
184,0.4482890625000002,3,True,0.06106934541335418,0.06096934541335418,16.707110842018935,1.0,13,,,,True
184,0.4482890625000002,4,True,0.06374511313691178,0.06364511313691178,16.707110842018935,1.0,12,,,,True
184,0.4482890625000002,5,True,0.06417840382072315,0.06407840382072315,16.707110842018935,1.0,11,,,,True
184,0.4482890625000002,6,True,0.06417840382072315,0.06407840382072315,16.707110842018935,1.0,10,,,,True
185,0.4632878906250002,0,True,0.05326198831078033,0.053161988310780325,16.91630188077434,1.0,16,,,,True
185,0.4632878906250002,1,True,0.05561223378300584,0.055512233783005835,16.707110842018935,1.0,15,,,,True
185,0.4632878906250002,2,True,0.05825495139811787,0.05815495139811787,16.707110842018935,1.0,14,,,,True
185,0.4632878906250002,3,True,0.06106934541335418,0.06096934541335418,16.707110842018935,1.0,13,,,,True
185,0.4632878906250002,4,True,0.06374511313691178,0.06364511313691178,16.707110842018935,1.0,12,,,,True
185,0.4632878906250002,5,True,0.06417840382072315,0.06407840382072315,16.707110842018935,1.0,11,,,,True
185,0.4632878906250002,6,True,0.06417840382072315,0.06407840382072315,16.707110842018935,1.0,10,,,,True
186,0.4782867187500002,0,True,0.05326198831078033,0.053161988310780325,16.91630188077434,1.0,16,,,,True
186,0.4782867187500002,1,True,0.05561223378300584,0.055512233783005835,16.707110842018935,1.0,15,,,,True
186,0.4782867187500002,2,True,0.05825495139811787,0.05815495139811787,16.707110842018935,1.0,14,,,,True
186,0.4782867187500002,3,True,0.06106934541335418,0.06096934541335418,16.707110842018935,1.0,13,,,,True
186,0.4782867187500002,4,True,0.06374511313691178,0.06364511313691178,16.707110842018935,1.0,12,,,,True
186,0.4782867187500002,5,True,0.06417840382072315,0.06407840382072315,16.707110842018935,1.0,11,,,,True
186,0.4782867187500002,6,True,0.06417840382072315,0.06407840382072315,16.707110842018935,1.0,10,,,,True
187,0.49328554687500015,0,True,0.05326198831078033,0.053161988310780325,16.91630188077434,1.0,16,,,,True
187,0.49328554687500015,1,True,0.05561223378300584,0.055512233783005835,16.707110842018935,1.0,15,,,,True
187,0.49328554687500015,2,True,0.05825495139811787,0.05815495139811787,16.707110842018935,1.0,14,,,,True
187,0.49328554687500015,3,True,0.06106934541335418,0.06096934541335418,16.707110842018935,1.0,13,,,,True
187,0.49328554687500015,4,True,0.06374511313691178,0.06364511313691178,16.707110842018935,1.0,12,,,,True
187,0.49328554687500015,5,True,0.06417840382072315,0.06407840382072315,16.707110842018935,1.0,11,,,,True
187,0.49328554687500015,6,True,0.06417840382072315,0.06407840382072315,16.707110842018935,1.0,10,,,,True
188,0.5082843750000001,0,True,0.05326198831078033,0.053161988310780325,16.91630188077434,1.0,16,,,,True
188,0.5082843750000001,1,True,0.05561223378300584,0.055512233783005835,16.707110842018935,1.0,15,,,,True
188,0.5082843750000001,2,True,0.05825495139811787,0.05815495139811787,16.707110842018935,1.0,14,,,,True
188,0.5082843750000001,3,True,0.06106934541335418,0.06096934541335418,16.707110842018935,1.0,13,,,,True
188,0.5082843750000001,4,True,0.06374511313691178,0.06364511313691178,16.707110842018935,1.0,12,,,,True
188,0.5082843750000001,5,True,0.06417840382072315,0.06407840382072315,16.707110842018935,1.0,11,,,,True
188,0.5082843750000001,6,True,0.06417840382072315,0.06407840382072315,16.707110842018935,1.0,10,,,,True
189,0.5232832031250001,0,True,0.05326198831078033,0.053161988310780325,16.91630188077434,1.0,16,,,,True
189,0.5232832031250001,1,True,0.05561223378300584,0.055512233783005835,16.707110842018935,1.0,15,,,,True
189,0.5232832031250001,2,True,0.05825495139811787,0.05815495139811787,16.707110842018935,1.0,14,,,,True
189,0.5232832031250001,3,True,0.06106934541335418,0.06096934541335418,16.707110842018935,1.0,13,,,,True
189,0.5232832031250001,4,True,0.06374511313691178,0.06364511313691178,16.707110842018935,1.0,12,,,,True
189,0.5232832031250001,5,True,0.06417840382072315,0.06407840382072315,16.707110842018935,1.0,11,,,,True
189,0.5232832031250001,6,True,0.06417840382072315,0.06407840382072315,16.707110842018935,1.0,10,,,,True
190,0.5382820312500001,0,True,0.05326198831078033,0.053161988310780325,16.91630188077434,1.0,16,,,,True
190,0.5382820312500001,1,True,0.05561223378300584,0.055512233783005835,16.707110842018935,1.0,15,,,,True
190,0.5382820312500001,2,True,0.05825495139811787,0.05815495139811787,16.707110842018935,1.0,14,,,,True
190,0.5382820312500001,3,True,0.06106934541335418,0.06096934541335418,16.707110842018935,1.0,13,,,,True
190,0.5382820312500001,4,True,0.06374511313691178,0.06364511313691178,16.707110842018935,1.0,12,,,,True
190,0.5382820312500001,5,True,0.06417840382072315,0.06407840382072315,16.707110842018935,1.0,11,,,,True
190,0.5382820312500001,6,True,0.06417840382072315,0.06407840382072315,16.707110842018935,1.0,10,,,,True
191,0.553280859375,0,True,0.05326198831078033,0.053161988310780325,16.91630188077434,1.0,16,,,,True
191,0.553280859375,1,True,0.05561223378300584,0.055512233783005835,16.707110842018935,1.0,15,,,,True
191,0.553280859375,2,True,0.05825495139811787,0.05815495139811787,16.707110842018935,1.0,14,,,,True
191,0.553280859375,3,True,0.06106934541335418,0.06096934541335418,16.707110842018935,1.0,13,,,,True
191,0.553280859375,4,True,0.06374511313691178,0.06364511313691178,16.707110842018935,1.0,12,,,,True
191,0.553280859375,5,True,0.06417840382072315,0.06407840382072315,16.707110842018935,1.0,11,,,,True
191,0.553280859375,6,True,0.06417840382072315,0.06407840382072315,16.707110842018935,1.0,10,,,,True
192,0.5682796875,0,True,0.05326198831078033,0.053161988310780325,16.91630188077434,1.0,16,,,,True
192,0.5682796875,1,True,0.05561223378300584,0.055512233783005835,16.707110842018935,1.0,15,,,,True
192,0.5682796875,2,True,0.05825495139811787,0.05815495139811787,16.707110842018935,1.0,14,,,,True
192,0.5682796875,3,True,0.06106934541335418,0.06096934541335418,16.707110842018935,1.0,13,,,,True
192,0.5682796875,4,True,0.06374511313691178,0.06364511313691178,16.707110842018935,1.0,12,,,,True
192,0.5682796875,5,True,0.06417840382072315,0.06407840382072315,16.707110842018935,1.0,11,,,,True
192,0.5682796875,6,True,0.06417840382072315,0.06407840382072315,16.707110842018935,1.0,10,,,,True
193,0.583278515625,0,True,0.05326198831078033,0.053161988310780325,16.91630188077434,1.0,16,,,,True
193,0.583278515625,1,True,0.05561223378300584,0.055512233783005835,16.707110842018935,1.0,15,,,,True
193,0.583278515625,2,True,0.05825495139811787,0.05815495139811787,16.707110842018935,1.0,14,,,,True
193,0.583278515625,3,True,0.06106934541335418,0.06096934541335418,16.707110842018935,1.0,13,,,,True
193,0.583278515625,4,True,0.06374511313691178,0.06364511313691178,16.707110842018935,1.0,12,,,,True
193,0.583278515625,5,True,0.06417840382072315,0.06407840382072315,16.707110842018935,1.0,11,,,,True
193,0.583278515625,6,True,0.06417840382072315,0.06407840382072315,16.707110842018935,1.0,10,,,,True
194,0.59827734375,0,True,0.05326198831078033,0.053161988310780325,16.91630188077434,1.0,16,,,,True
194,0.59827734375,1,True,0.05561223378300584,0.055512233783005835,16.707110842018935,1.0,15,,,,True
194,0.59827734375,2,True,0.05825495139811787,0.05815495139811787,16.707110842018935,1.0,14,,,,True
194,0.59827734375,3,True,0.06106934541335418,0.06096934541335418,16.707110842018935,1.0,13,,,,True
194,0.59827734375,4,True,0.06374511313691178,0.06364511313691178,16.707110842018935,1.0,12,,,,True
194,0.59827734375,5,True,0.06417840382072315,0.06407840382072315,16.707110842018935,1.0,11,,,,True
194,0.59827734375,6,True,0.06417840382072315,0.06407840382072315,16.707110842018935,1.0,10,,,,True
195,0.6132761718749999,0,True,0.05326198831078033,0.053161988310780325,16.91630188077434,1.0,16,,,,True
195,0.6132761718749999,1,True,0.05561223378300584,0.055512233783005835,16.707110842018935,1.0,15,,,,True
195,0.6132761718749999,2,True,0.05825495139811787,0.05815495139811787,16.707110842018935,1.0,14,,,,True
195,0.6132761718749999,3,True,0.06106934541335418,0.06096934541335418,16.707110842018935,1.0,13,,,,True
195,0.6132761718749999,4,True,0.06374511313691178,0.06364511313691178,16.707110842018935,1.0,12,,,,True
195,0.6132761718749999,5,True,0.06417840382072315,0.06407840382072315,16.707110842018935,1.0,11,,,,True
195,0.6132761718749999,6,True,0.06417840382072315,0.06407840382072315,16.707110842018935,1.0,10,,,,True
196,0.6282749999999999,0,True,0.05326198831078033,0.053161988310780325,16.91630188077434,1.0,16,,,,True
196,0.6282749999999999,1,True,0.05561223378300584,0.055512233783005835,16.707110842018935,1.0,15,,,,True
196,0.6282749999999999,2,True,0.05825495139811787,0.05815495139811787,16.707110842018935,1.0,14,,,,True
196,0.6282749999999999,3,True,0.06106934541335418,0.06096934541335418,16.707110842018935,1.0,13,,,,True
196,0.6282749999999999,4,True,0.06374511313691178,0.06364511313691178,16.707110842018935,1.0,12,,,,True
196,0.6282749999999999,5,True,0.06417840382072315,0.06407840382072315,16.707110842018935,1.0,11,,,,True
196,0.6282749999999999,6,True,0.06417840382072315,0.06407840382072315,16.707110842018935,1.0,10,,,,True
197,0.6432738281249999,0,True,0.05326198831078033,0.053161988310780325,16.91630188077434,1.0,16,,,,True
197,0.6432738281249999,1,True,0.05561223378300584,0.055512233783005835,16.707110842018935,1.0,15,,,,True
197,0.6432738281249999,2,True,0.05825495139811787,0.05815495139811787,16.707110842018935,1.0,14,,,,True
197,0.6432738281249999,3,True,0.06106934541335418,0.06096934541335418,16.707110842018935,1.0,13,,,,True
197,0.6432738281249999,4,True,0.06374511313691178,0.06364511313691178,16.707110842018935,1.0,12,,,,True
197,0.6432738281249999,5,True,0.06417840382072315,0.06407840382072315,16.707110842018935,1.0,11,,,,True
197,0.6432738281249999,6,True,0.06417840382072315,0.06407840382072315,16.707110842018935,1.0,10,,,,True
198,0.6582726562499999,0,True,0.05326198831078033,0.053161988310780325,16.91630188077434,1.0,16,,,,True
198,0.6582726562499999,1,True,0.05561223378300584,0.055512233783005835,16.707110842018935,1.0,15,,,,True
198,0.6582726562499999,2,True,0.05825495139811787,0.05815495139811787,16.707110842018935,1.0,14,,,,True
198,0.6582726562499999,3,True,0.06106934541335418,0.06096934541335418,16.707110842018935,1.0,13,,,,True
198,0.6582726562499999,4,True,0.06374511313691178,0.06364511313691178,16.707110842018935,1.0,12,,,,True
198,0.6582726562499999,5,True,0.06417840382072315,0.06407840382072315,16.707110842018935,1.0,11,,,,True
198,0.6582726562499999,6,True,0.06417840382072315,0.06407840382072315,16.707110842018935,1.0,10,,,,True
199,0.6732714843749998,0,True,0.05326198831078033,0.053161988310780325,16.91630188077434,1.0,16,,,,True
199,0.6732714843749998,1,True,0.05561223378300584,0.055512233783005835,16.707110842018935,1.0,15,,,,True
199,0.6732714843749998,2,True,0.05825495139811787,0.05815495139811787,16.707110842018935,1.0,14,,,,True
199,0.6732714843749998,3,True,0.06106934541335418,0.06096934541335418,16.707110842018935,1.0,13,,,,True
199,0.6732714843749998,4,True,0.06374511313691178,0.06364511313691178,16.707110842018935,1.0,12,,,,True
199,0.6732714843749998,5,True,0.06417840382072315,0.06407840382072315,16.707110842018935,1.0,11,,,,True
199,0.6732714843749998,6,True,0.06417840382072315,0.06407840382072315,16.707110842018935,1.0,10,,,,True
200,0.6882703124999998,0,True,0.05326198831078033,0.053161988310780325,16.91630188077434,1.0,16,,,,True
200,0.6882703124999998,1,True,0.05561223378300584,0.055512233783005835,16.707110842018935,1.0,15,,,,True
200,0.6882703124999998,2,True,0.05825495139811787,0.05815495139811787,16.707110842018935,1.0,14,,,,True
200,0.6882703124999998,3,True,0.06106934541335418,0.06096934541335418,16.707110842018935,1.0,13,,,,True
200,0.6882703124999998,4,True,0.06374511313691178,0.06364511313691178,16.707110842018935,1.0,12,,,,True
200,0.6882703124999998,5,True,0.06417840382072315,0.06407840382072315,16.707110842018935,1.0,11,,,,True
200,0.6882703124999998,6,True,0.06417840382072315,0.06407840382072315,16.707110842018935,1.0,10,,,,True
201,0.7032691406250002,0,True,0.05326198831078033,0.053161988310780325,16.91630188077434,1.0,16,,,,True
201,0.7032691406250002,1,True,0.05561223378300584,0.055512233783005835,16.707110842018935,1.0,15,,,,True
201,0.7032691406250002,2,True,0.05825495139811787,0.05815495139811787,16.707110842018935,1.0,14,,,,True
201,0.7032691406250002,3,True,0.06106934541335418,0.06096934541335418,16.707110842018935,1.0,13,,,,True
201,0.7032691406250002,4,True,0.06374511313691178,0.06364511313691178,16.707110842018935,1.0,12,,,,True
201,0.7032691406250002,5,True,0.06417840382072315,0.06407840382072315,16.707110842018935,1.0,11,,,,True
201,0.7032691406250002,6,True,0.06417840382072315,0.06407840382072315,16.707110842018935,1.0,10,,,,True
202,0.7182679687500002,0,True,0.05326198831078033,0.053161988310780325,16.91630188077434,1.0,16,,,,True
202,0.7182679687500002,1,True,0.05561223378300584,0.055512233783005835,16.707110842018935,1.0,15,,,,True
202,0.7182679687500002,2,True,0.05825495139811787,0.05815495139811787,16.707110842018935,1.0,14,,,,True
202,0.7182679687500002,3,True,0.06106934541335418,0.06096934541335418,16.707110842018935,1.0,13,,,,True
202,0.7182679687500002,4,True,0.06374511313691178,0.06364511313691178,16.707110842018935,1.0,12,,,,True
202,0.7182679687500002,5,True,0.06417840382072315,0.06407840382072315,16.707110842018935,1.0,11,,,,True
202,0.7182679687500002,6,True,0.06417840382072315,0.06407840382072315,16.707110842018935,1.0,10,,,,True
203,0.7332667968750002,0,True,0.05326198831078033,0.053161988310780325,16.91630188077434,1.0,16,,,,True
203,0.7332667968750002,1,True,0.05561223378300584,0.055512233783005835,16.707110842018935,1.0,15,,,,True
203,0.7332667968750002,2,True,0.05825495139811787,0.05815495139811787,16.707110842018935,1.0,14,,,,True
203,0.7332667968750002,3,True,0.06106934541335418,0.06096934541335418,16.707110842018935,1.0,13,,,,True
203,0.7332667968750002,4,True,0.06374511313691178,0.06364511313691178,16.707110842018935,1.0,12,,,,True
203,0.7332667968750002,5,True,0.06417840382072315,0.06407840382072315,16.707110842018935,1.0,11,,,,True
203,0.7332667968750002,6,True,0.06417840382072315,0.06407840382072315,16.707110842018935,1.0,10,,,,True
204,0.7482656250000002,0,True,0.05326198831078033,0.053161988310780325,16.91630188077434,1.0,16,,,,True
204,0.7482656250000002,1,True,0.05561223378300584,0.055512233783005835,16.707110842018935,1.0,15,,,,True
204,0.7482656250000002,2,True,0.05825495139811787,0.05815495139811787,16.707110842018935,1.0,14,,,,True
204,0.7482656250000002,3,True,0.06106934541335418,0.06096934541335418,16.707110842018935,1.0,13,,,,True
204,0.7482656250000002,4,True,0.06374511313691178,0.06364511313691178,16.707110842018935,1.0,12,,,,True
204,0.7482656250000002,5,True,0.06417840382072315,0.06407840382072315,16.707110842018935,1.0,11,,,,True
204,0.7482656250000002,6,True,0.06417840382072315,0.06407840382072315,16.707110842018935,1.0,10,,,,True
205,0.7632644531250001,0,True,0.05326198831078033,0.053161988310780325,16.91630188077434,1.0,16,,,,True
205,0.7632644531250001,1,True,0.05561223378300584,0.055512233783005835,16.707110842018935,1.0,15,,,,True
205,0.7632644531250001,2,True,0.05825495139811787,0.05815495139811787,16.707110842018935,1.0,14,,,,True
205,0.7632644531250001,3,True,0.06106934541335418,0.06096934541335418,16.707110842018935,1.0,13,,,,True
205,0.7632644531250001,4,True,0.06374511313691178,0.06364511313691178,16.707110842018935,1.0,12,,,,True
205,0.7632644531250001,5,True,0.06417840382072315,0.06407840382072315,16.707110842018935,1.0,11,,,,True
205,0.7632644531250001,6,True,0.06417840382072315,0.06407840382072315,16.707110842018935,1.0,10,,,,True
206,0.7782632812500001,0,True,0.05326198831078033,0.053161988310780325,16.91630188077434,1.0,16,,,,True
206,0.7782632812500001,1,True,0.05561223378300584,0.055512233783005835,16.707110842018935,1.0,15,,,,True
206,0.7782632812500001,2,True,0.05825495139811787,0.05815495139811787,16.707110842018935,1.0,14,,,,True
206,0.7782632812500001,3,True,0.06106934541335418,0.06096934541335418,16.707110842018935,1.0,13,,,,True
206,0.7782632812500001,4,True,0.06374511313691178,0.06364511313691178,16.707110842018935,1.0,12,,,,True
206,0.7782632812500001,5,True,0.06417840382072315,0.06407840382072315,16.707110842018935,1.0,11,,,,True
206,0.7782632812500001,6,True,0.06417840382072315,0.06407840382072315,16.707110842018935,1.0,10,,,,True
207,0.7932621093750001,0,True,0.05326198831078033,0.053161988310780325,16.91630188077434,1.0,16,,,,True
207,0.7932621093750001,1,True,0.05561223378300584,0.055512233783005835,16.707110842018935,1.0,15,,,,True
207,0.7932621093750001,2,True,0.05825495139811787,0.05815495139811787,16.707110842018935,1.0,14,,,,True
207,0.7932621093750001,3,True,0.06106934541335418,0.06096934541335418,16.707110842018935,1.0,13,,,,True
207,0.7932621093750001,4,True,0.06374511313691178,0.06364511313691178,16.707110842018935,1.0,12,,,,True
207,0.7932621093750001,5,True,0.06417840382072315,0.06407840382072315,16.707110842018935,1.0,11,,,,True
207,0.7932621093750001,6,True,0.06417840382072315,0.06407840382072315,16.707110842018935,1.0,10,,,,True
208,0.8082609375,0,True,0.05326198831078033,0.053161988310780325,16.91630188077434,1.0,16,,,,True
208,0.8082609375,1,True,0.05561223378300584,0.055512233783005835,16.707110842018935,1.0,15,,,,True
208,0.8082609375,2,True,0.05825495139811787,0.05815495139811787,16.707110842018935,1.0,14,,,,True
208,0.8082609375,3,True,0.06106934541335418,0.06096934541335418,16.707110842018935,1.0,13,,,,True
208,0.8082609375,4,True,0.06374511313691178,0.06364511313691178,16.707110842018935,1.0,12,,,,True
208,0.8082609375,5,True,0.06417840382072315,0.06407840382072315,16.707110842018935,1.0,11,,,,True
208,0.8082609375,6,True,0.06417840382072315,0.06407840382072315,16.707110842018935,1.0,10,,,,True
209,0.823259765625,0,True,0.05326198831078033,0.053161988310780325,16.91630188077434,1.0,16,,,,True
209,0.823259765625,1,True,0.05561223378300584,0.055512233783005835,16.707110842018935,1.0,15,,,,True
209,0.823259765625,2,True,0.05825495139811787,0.05815495139811787,16.707110842018935,1.0,14,,,,True
209,0.823259765625,3,True,0.06106934541335418,0.06096934541335418,16.707110842018935,1.0,13,,,,True
209,0.823259765625,4,True,0.06374511313691178,0.06364511313691178,16.707110842018935,1.0,12,,,,True
209,0.823259765625,5,True,0.06417840382072315,0.06407840382072315,16.707110842018935,1.0,11,,,,True
209,0.823259765625,6,True,0.06417840382072315,0.06407840382072315,16.707110842018935,1.0,10,,,,True
210,0.83825859375,0,True,0.05326198831078033,0.053161988310780325,16.91630188077434,1.0,16,,,,True
210,0.83825859375,1,True,0.05561223378300584,0.055512233783005835,16.707110842018935,1.0,15,,,,True
210,0.83825859375,2,True,0.05825495139811787,0.05815495139811787,16.707110842018935,1.0,14,,,,True
210,0.83825859375,3,True,0.06106934541335418,0.06096934541335418,16.707110842018935,1.0,13,,,,True
210,0.83825859375,4,True,0.06374511313691178,0.06364511313691178,16.707110842018935,1.0,12,,,,True
210,0.83825859375,5,True,0.06417840382072315,0.06407840382072315,16.707110842018935,1.0,11,,,,True
210,0.83825859375,6,True,0.06417840382072315,0.06407840382072315,16.707110842018935,1.0,10,,,,True
211,0.853257421875,0,True,0.05326198831078033,0.053161988310780325,16.91630188077434,1.0,16,,,,True
211,0.853257421875,1,True,0.05561223378300584,0.055512233783005835,16.707110842018935,1.0,15,,,,True
211,0.853257421875,2,True,0.05825495139811787,0.05815495139811787,16.707110842018935,1.0,14,,,,True
211,0.853257421875,3,True,0.06106934541335418,0.06096934541335418,16.707110842018935,1.0,13,,,,True
211,0.853257421875,4,True,0.06374511313691178,0.06364511313691178,16.707110842018935,1.0,12,,,,True
211,0.853257421875,5,True,0.06417840382072315,0.06407840382072315,16.707110842018935,1.0,11,,,,True
211,0.853257421875,6,True,0.06417840382072315,0.06407840382072315,16.707110842018935,1.0,10,,,,True
212,0.86825625,0,True,0.05326198831078033,0.053161988310780325,16.91630188077434,1.0,16,,,,True
212,0.86825625,1,True,0.05561223378300584,0.055512233783005835,16.707110842018935,1.0,15,,,,True
212,0.86825625,2,True,0.05825495139811787,0.05815495139811787,16.707110842018935,1.0,14,,,,True
212,0.86825625,3,True,0.06106934541335418,0.06096934541335418,16.707110842018935,1.0,13,,,,True
212,0.86825625,4,True,0.06374511313691178,0.06364511313691178,16.707110842018935,1.0,12,,,,True
212,0.86825625,5,True,0.06417840382072315,0.06407840382072315,16.707110842018935,1.0,11,,,,True
212,0.86825625,6,True,0.06417840382072315,0.06407840382072315,16.707110842018935,1.0,10,,,,True
213,0.8832550781249999,0,True,0.05326198831078033,0.053161988310780325,16.91630188077434,1.0,16,,,,True
213,0.8832550781249999,1,True,0.05561223378300584,0.055512233783005835,16.707110842018935,1.0,15,,,,True
213,0.8832550781249999,2,True,0.05825495139811787,0.05815495139811787,16.707110842018935,1.0,14,,,,True
213,0.8832550781249999,3,True,0.06106934541335418,0.06096934541335418,16.707110842018935,1.0,13,,,,True
213,0.8832550781249999,4,True,0.06374511313691178,0.06364511313691178,16.707110842018935,1.0,12,,,,True
213,0.8832550781249999,5,True,0.06417840382072315,0.06407840382072315,16.707110842018935,1.0,11,,,,True
213,0.8832550781249999,6,True,0.06417840382072315,0.06407840382072315,16.707110842018935,1.0,10,,,,True
214,0.8982539062499999,0,True,0.05326198831078033,0.053161988310780325,16.91630188077434,1.0,16,,,,True
214,0.8982539062499999,1,True,0.05561223378300584,0.055512233783005835,16.707110842018935,1.0,15,,,,True
214,0.8982539062499999,2,True,0.05825495139811787,0.05815495139811787,16.707110842018935,1.0,14,,,,True
214,0.8982539062499999,3,True,0.06106934541335418,0.06096934541335418,16.707110842018935,1.0,13,,,,True
214,0.8982539062499999,4,True,0.06374511313691178,0.06364511313691178,16.707110842018935,1.0,12,,,,True
214,0.8982539062499999,5,True,0.06417840382072315,0.06407840382072315,16.707110842018935,1.0,11,,,,True
214,0.8982539062499999,6,True,0.06417840382072315,0.06407840382072315,16.707110842018935,1.0,10,,,,True
215,0.9132527343749999,0,True,0.05326198831078033,0.053161988310780325,16.91630188077434,1.0,16,,,,True
215,0.9132527343749999,1,True,0.05561223378300584,0.055512233783005835,16.707110842018935,1.0,15,,,,True
215,0.9132527343749999,2,True,0.05825495139811787,0.05815495139811787,16.707110842018935,1.0,14,,,,True
215,0.9132527343749999,3,True,0.06106934541335418,0.06096934541335418,16.707110842018935,1.0,13,,,,True
215,0.9132527343749999,4,True,0.06374511313691178,0.06364511313691178,16.707110842018935,1.0,12,,,,True
215,0.9132527343749999,5,True,0.06417840382072315,0.06407840382072315,16.707110842018935,1.0,11,,,,True
215,0.9132527343749999,6,True,0.06417840382072315,0.06407840382072315,16.707110842018935,1.0,10,,,,True
216,0.9282515624999998,0,True,0.05326198831078033,0.053161988310780325,16.91630188077434,1.0,16,,,,True
216,0.9282515624999998,1,True,0.05561223378300584,0.055512233783005835,16.707110842018935,1.0,15,,,,True
216,0.9282515624999998,2,True,0.05825495139811787,0.05815495139811787,16.707110842018935,1.0,14,,,,True
216,0.9282515624999998,3,True,0.06106934541335418,0.06096934541335418,16.707110842018935,1.0,13,,,,True
216,0.9282515624999998,4,True,0.06374511313691178,0.06364511313691178,16.707110842018935,1.0,12,,,,True
216,0.9282515624999998,5,True,0.06417840382072315,0.06407840382072315,16.707110842018935,1.0,11,,,,True
216,0.9282515624999998,6,True,0.06417840382072315,0.06407840382072315,16.707110842018935,1.0,10,,,,True
217,0.9432503906249998,0,True,0.05326198831078033,0.053161988310780325,16.91630188077434,1.0,16,,,,True
217,0.9432503906249998,1,True,0.05561223378300584,0.055512233783005835,16.707110842018935,1.0,15,,,,True
217,0.9432503906249998,2,True,0.05825495139811787,0.05815495139811787,16.707110842018935,1.0,14,,,,True
217,0.9432503906249998,3,True,0.06106934541335418,0.06096934541335418,16.707110842018935,1.0,13,,,,True
217,0.9432503906249998,4,True,0.06374511313691178,0.06364511313691178,16.707110842018935,1.0,12,,,,True
217,0.9432503906249998,5,True,0.06417840382072315,0.06407840382072315,16.707110842018935,1.0,11,,,,True
217,0.9432503906249998,6,True,0.06417840382072315,0.06407840382072315,16.707110842018935,1.0,10,,,,True
218,0.9582492187500002,0,True,0.05326198831078033,0.053161988310780325,16.91630188077434,1.0,16,,,,True
218,0.9582492187500002,1,True,0.05561223378300584,0.055512233783005835,16.707110842018935,1.0,15,,,,True
218,0.9582492187500002,2,True,0.05825495139811787,0.05815495139811787,16.707110842018935,1.0,14,,,,True
218,0.9582492187500002,3,True,0.06106934541335418,0.06096934541335418,16.707110842018935,1.0,13,,,,True
218,0.9582492187500002,4,True,0.06374511313691178,0.06364511313691178,16.707110842018935,1.0,12,,,,True
218,0.9582492187500002,5,True,0.06417840382072315,0.06407840382072315,16.707110842018935,1.0,11,,,,True
218,0.9582492187500002,6,True,0.06417840382072315,0.06407840382072315,16.707110842018935,1.0,10,,,,True
219,0.9732480468750002,0,True,0.05326198831078033,0.053161988310780325,16.91630188077434,1.0,16,,,,True
219,0.9732480468750002,1,True,0.05561223378300584,0.055512233783005835,16.707110842018935,1.0,15,,,,True
219,0.9732480468750002,2,True,0.05825495139811787,0.05815495139811787,16.707110842018935,1.0,14,,,,True
219,0.9732480468750002,3,True,0.06106934541335418,0.06096934541335418,16.707110842018935,1.0,13,,,,True
219,0.9732480468750002,4,True,0.06374511313691178,0.06364511313691178,16.707110842018935,1.0,12,,,,True
219,0.9732480468750002,5,True,0.06417840382072315,0.06407840382072315,16.707110842018935,1.0,11,,,,True
219,0.9732480468750002,6,True,0.06417840382072315,0.06407840382072315,16.707110842018935,1.0,10,,,,True
220,0.9882468750000002,0,True,0.05326198831078033,0.053161988310780325,16.91630188077434,1.0,16,,,,True
220,0.9882468750000002,1,True,0.05561223378300584,0.055512233783005835,16.707110842018935,1.0,15,,,,True
220,0.9882468750000002,2,True,0.05825495139811787,0.05815495139811787,16.707110842018935,1.0,14,,,,True
220,0.9882468750000002,3,True,0.06106934541335418,0.06096934541335418,16.707110842018935,1.0,13,,,,True
220,0.9882468750000002,4,True,0.06374511313691178,0.06364511313691178,16.707110842018935,1.0,12,,,,True
220,0.9882468750000002,5,True,0.06417840382072315,0.06407840382072315,16.707110842018935,1.0,11,,,,True
220,0.9882468750000002,6,True,0.06417840382072315,0.06407840382072315,16.707110842018935,1.0,10,,,,True
221,1.0032457031250002,0,True,0.05326198831078033,0.053161988310780325,16.91630188077434,1.0,16,,,,True
221,1.0032457031250002,1,True,0.05561223378300584,0.055512233783005835,16.707110842018935,1.0,15,,,,True
221,1.0032457031250002,2,True,0.05825495139811787,0.05815495139811787,16.707110842018935,1.0,14,,,,True
221,1.0032457031250002,3,True,0.06106934541335418,0.06096934541335418,16.707110842018935,1.0,13,,,,True
221,1.0032457031250002,4,True,0.06374511313691178,0.06364511313691178,16.707110842018935,1.0,12,,,,True
221,1.0032457031250002,5,True,0.06417840382072315,0.06407840382072315,16.707110842018935,1.0,11,,,,True
221,1.0032457031250002,6,True,0.06417840382072315,0.06407840382072315,16.707110842018935,1.0,10,,,,True
222,1.0182445312500001,0,True,0.05326198831078033,0.053161988310780325,16.91630188077434,1.0,16,,,,True
222,1.0182445312500001,1,True,0.05561223378300584,0.055512233783005835,16.707110842018935,1.0,15,,,,True
222,1.0182445312500001,2,True,0.05825495139811787,0.05815495139811787,16.707110842018935,1.0,14,,,,True
222,1.0182445312500001,3,True,0.06106934541335418,0.06096934541335418,16.707110842018935,1.0,13,,,,True
222,1.0182445312500001,4,True,0.06374511313691178,0.06364511313691178,16.707110842018935,1.0,12,,,,True
222,1.0182445312500001,5,True,0.06417840382072315,0.06407840382072315,16.707110842018935,1.0,11,,,,True
222,1.0182445312500001,6,True,0.06417840382072315,0.06407840382072315,16.707110842018935,1.0,10,,,,True
223,1.0332433593750001,0,True,0.05326198831078033,0.053161988310780325,16.91630188077434,1.0,16,,,,True
223,1.0332433593750001,1,True,0.05561223378300584,0.055512233783005835,16.707110842018935,1.0,15,,,,True
223,1.0332433593750001,2,True,0.05825495139811787,0.05815495139811787,16.707110842018935,1.0,14,,,,True
223,1.0332433593750001,3,True,0.06106934541335418,0.06096934541335418,16.707110842018935,1.0,13,,,,True
223,1.0332433593750001,4,True,0.06374511313691178,0.06364511313691178,16.707110842018935,1.0,12,,,,True
223,1.0332433593750001,5,True,0.06417840382072315,0.06407840382072315,16.707110842018935,1.0,11,,,,True
223,1.0332433593750001,6,True,0.06417840382072315,0.06407840382072315,16.707110842018935,1.0,10,,,,True
224,1.0482421875,0,True,0.05326198831078033,0.053161988310780325,16.91630188077434,1.0,16,,,,True
224,1.0482421875,1,True,0.05561223378300584,0.055512233783005835,16.707110842018935,1.0,15,,,,True
224,1.0482421875,2,True,0.05825495139811787,0.05815495139811787,16.707110842018935,1.0,14,,,,True
224,1.0482421875,3,True,0.06106934541335418,0.06096934541335418,16.707110842018935,1.0,13,,,,True
224,1.0482421875,4,True,0.06374511313691178,0.06364511313691178,16.707110842018935,1.0,12,,,,True
224,1.0482421875,5,True,0.06417840382072315,0.06407840382072315,16.707110842018935,1.0,11,,,,True
224,1.0482421875,6,True,0.06417840382072315,0.06407840382072315,16.707110842018935,1.0,10,,,,True
225,1.063241015625,0,True,0.05326198831078033,0.053161988310780325,16.91630188077434,1.0,16,,,,True
225,1.063241015625,1,True,0.05561223378300584,0.055512233783005835,16.707110842018935,1.0,15,,,,True
225,1.063241015625,2,True,0.05825495139811787,0.05815495139811787,16.707110842018935,1.0,14,,,,True
225,1.063241015625,3,True,0.06106934541335418,0.06096934541335418,16.707110842018935,1.0,13,,,,True
225,1.063241015625,4,True,0.06374511313691178,0.06364511313691178,16.707110842018935,1.0,12,,,,True
225,1.063241015625,5,True,0.06417840382072315,0.06407840382072315,16.707110842018935,1.0,11,,,,True
225,1.063241015625,6,True,0.06417840382072315,0.06407840382072315,16.707110842018935,1.0,10,,,,True
226,1.07823984375,0,True,0.05326198831078033,0.053161988310780325,16.91630188077434,1.0,16,,,,True
226,1.07823984375,1,True,0.05561223378300584,0.055512233783005835,16.707110842018935,1.0,15,,,,True
226,1.07823984375,2,True,0.05825495139811787,0.05815495139811787,16.707110842018935,1.0,14,,,,True
226,1.07823984375,3,True,0.06106934541335418,0.06096934541335418,16.707110842018935,1.0,13,,,,True
226,1.07823984375,4,True,0.06374511313691178,0.06364511313691178,16.707110842018935,1.0,12,,,,True
226,1.07823984375,5,True,0.06417840382072315,0.06407840382072315,16.707110842018935,1.0,11,,,,True
226,1.07823984375,6,True,0.06417840382072315,0.06407840382072315,16.707110842018935,1.0,10,,,,True
227,1.093238671875,0,True,0.05326198831078033,0.053161988310780325,16.91630188077434,1.0,16,,,,True
227,1.093238671875,1,True,0.05561223378300584,0.055512233783005835,16.707110842018935,1.0,15,,,,True
227,1.093238671875,2,True,0.05825495139811787,0.05815495139811787,16.707110842018935,1.0,14,,,,True
227,1.093238671875,3,True,0.06106934541335418,0.06096934541335418,16.707110842018935,1.0,13,,,,True
227,1.093238671875,4,True,0.06374511313691178,0.06364511313691178,16.707110842018935,1.0,12,,,,True
227,1.093238671875,5,True,0.06417840382072315,0.06407840382072315,16.707110842018935,1.0,11,,,,True
227,1.093238671875,6,True,0.06417840382072315,0.06407840382072315,16.707110842018935,1.0,10,,,,True
228,1.1082375,0,True,0.05326198831078033,0.053161988310780325,16.91630188077434,1.0,16,,,,True
228,1.1082375,1,True,0.05561223378300584,0.055512233783005835,16.707110842018935,1.0,15,,,,True
228,1.1082375,2,True,0.05825495139811787,0.05815495139811787,16.707110842018935,1.0,14,,,,True
228,1.1082375,3,True,0.06106934541335418,0.06096934541335418,16.707110842018935,1.0,13,,,,True
228,1.1082375,4,True,0.06374511313691178,0.06364511313691178,16.707110842018935,1.0,12,,,,True
228,1.1082375,5,True,0.06417840382072315,0.06407840382072315,16.707110842018935,1.0,11,,,,True
228,1.1082375,6,True,0.06417840382072315,0.06407840382072315,16.707110842018935,1.0,10,,,,True
229,1.123236328125,0,True,0.05326198831078033,0.053161988310780325,16.91630188077434,1.0,16,,,,True
229,1.123236328125,1,True,0.05561223378300584,0.055512233783005835,16.707110842018935,1.0,15,,,,True
229,1.123236328125,2,True,0.05825495139811787,0.05815495139811787,16.707110842018935,1.0,14,,,,True
229,1.123236328125,3,True,0.06106934541335418,0.06096934541335418,16.707110842018935,1.0,13,,,,True
229,1.123236328125,4,True,0.06374511313691178,0.06364511313691178,16.707110842018935,1.0,12,,,,True
229,1.123236328125,5,True,0.06417840382072315,0.06407840382072315,16.707110842018935,1.0,11,,,,True
229,1.123236328125,6,True,0.06417840382072315,0.06407840382072315,16.707110842018935,1.0,10,,,,True
230,1.13823515625,0,True,0.05326198831078033,0.053161988310780325,16.91630188077434,1.0,16,,,,True
230,1.13823515625,1,True,0.05561223378300584,0.055512233783005835,16.707110842018935,1.0,15,,,,True
230,1.13823515625,2,True,0.05825495139811787,0.05815495139811787,16.707110842018935,1.0,14,,,,True
230,1.13823515625,3,True,0.06106934541335418,0.06096934541335418,16.707110842018935,1.0,13,,,,True
230,1.13823515625,4,True,0.06374511313691178,0.06364511313691178,16.707110842018935,1.0,12,,,,True
230,1.13823515625,5,True,0.06417840382072315,0.06407840382072315,16.707110842018935,1.0,11,,,,True
230,1.13823515625,6,True,0.06417840382072315,0.06407840382072315,16.707110842018935,1.0,10,,,,True
231,1.153233984375,0,True,0.05326198831078033,0.053161988310780325,16.91630188077434,1.0,16,,,,True
231,1.153233984375,1,True,0.05561223378300584,0.055512233783005835,16.707110842018935,1.0,15,,,,True
231,1.153233984375,2,True,0.05825495139811787,0.05815495139811787,16.707110842018935,1.0,14,,,,True
231,1.153233984375,3,True,0.06106934541335418,0.06096934541335418,16.707110842018935,1.0,13,,,,True
231,1.153233984375,4,True,0.06374511313691178,0.06364511313691178,16.707110842018935,1.0,12,,,,True
231,1.153233984375,5,True,0.06417840382072315,0.06407840382072315,16.707110842018935,1.0,11,,,,True
231,1.153233984375,6,True,0.06417840382072315,0.06407840382072315,16.707110842018935,1.0,10,,,,True
232,1.1682328124999999,0,True,0.05326198831078033,0.053161988310780325,16.91630188077434,1.0,16,,,,True
232,1.1682328124999999,1,True,0.05561223378300584,0.055512233783005835,16.707110842018935,1.0,15,,,,True
232,1.1682328124999999,2,True,0.05825495139811787,0.05815495139811787,16.707110842018935,1.0,14,,,,True
232,1.1682328124999999,3,True,0.06106934541335418,0.06096934541335418,16.707110842018935,1.0,13,,,,True
232,1.1682328124999999,4,True,0.06374511313691178,0.06364511313691178,16.707110842018935,1.0,12,,,,True
232,1.1682328124999999,5,True,0.06417840382072315,0.06407840382072315,16.707110842018935,1.0,11,,,,True
232,1.1682328124999999,6,True,0.06417840382072315,0.06407840382072315,16.707110842018935,1.0,10,,,,True
233,1.1832316406249999,0,True,0.05326198831078033,0.053161988310780325,16.91630188077434,1.0,16,,,,True
233,1.1832316406249999,1,True,0.05561223378300584,0.055512233783005835,16.707110842018935,1.0,15,,,,True
233,1.1832316406249999,2,True,0.05825495139811787,0.05815495139811787,16.707110842018935,1.0,14,,,,True
233,1.1832316406249999,3,True,0.06106934541335418,0.06096934541335418,16.707110842018935,1.0,13,,,,True
233,1.1832316406249999,4,True,0.06374511313691178,0.06364511313691178,16.707110842018935,1.0,12,,,,True
233,1.1832316406249999,5,True,0.06417840382072315,0.06407840382072315,16.707110842018935,1.0,11,,,,True
233,1.1832316406249999,6,True,0.06417840382072315,0.06407840382072315,16.707110842018935,1.0,10,,,,True
234,1.1982304687499998,0,True,0.05326198831078033,0.053161988310780325,16.91630188077434,1.0,16,,,,True
234,1.1982304687499998,1,True,0.05561223378300584,0.055512233783005835,16.707110842018935,1.0,15,,,,True
234,1.1982304687499998,2,True,0.05825495139811787,0.05815495139811787,16.707110842018935,1.0,14,,,,True
234,1.1982304687499998,3,True,0.06106934541335418,0.06096934541335418,16.707110842018935,1.0,13,,,,True
234,1.1982304687499998,4,True,0.06374511313691178,0.06364511313691178,16.707110842018935,1.0,12,,,,True
234,1.1982304687499998,5,True,0.06417840382072315,0.06407840382072315,16.707110842018935,1.0,11,,,,True
234,1.1982304687499998,6,True,0.06417840382072315,0.06407840382072315,16.707110842018935,1.0,10,,,,True
235,1.2132292968750003,0,True,0.05326198831078033,0.053161988310780325,16.91630188077434,1.0,16,,,,True
235,1.2132292968750003,1,True,0.05561223378300584,0.055512233783005835,16.707110842018935,1.0,15,,,,True
235,1.2132292968750003,2,True,0.05825495139811787,0.05815495139811787,16.707110842018935,1.0,14,,,,True
235,1.2132292968750003,3,True,0.06106934541335418,0.06096934541335418,16.707110842018935,1.0,13,,,,True
235,1.2132292968750003,4,True,0.06374511313691178,0.06364511313691178,16.707110842018935,1.0,12,,,,True
235,1.2132292968750003,5,True,0.06417840382072315,0.06407840382072315,16.707110842018935,1.0,11,,,,True
235,1.2132292968750003,6,True,0.06417840382072315,0.06407840382072315,16.707110842018935,1.0,10,,,,True
236,1.2282281250000002,0,True,0.05326198831078033,0.053161988310780325,16.91630188077434,1.0,16,,,,True
236,1.2282281250000002,1,True,0.05561223378300584,0.055512233783005835,16.707110842018935,1.0,15,,,,True
236,1.2282281250000002,2,True,0.05825495139811787,0.05815495139811787,16.707110842018935,1.0,14,,,,True
236,1.2282281250000002,3,True,0.06106934541335418,0.06096934541335418,16.707110842018935,1.0,13,,,,True
236,1.2282281250000002,4,True,0.06374511313691178,0.06364511313691178,16.707110842018935,1.0,12,,,,True
236,1.2282281250000002,5,True,0.06417840382072315,0.06407840382072315,16.707110842018935,1.0,11,,,,True
236,1.2282281250000002,6,True,0.06417840382072315,0.06407840382072315,16.707110842018935,1.0,10,,,,True
237,1.2432269531250002,0,True,0.05326198831078033,0.053161988310780325,16.91630188077434,1.0,16,,,,True
237,1.2432269531250002,1,True,0.05561223378300584,0.055512233783005835,16.707110842018935,1.0,15,,,,True
237,1.2432269531250002,2,True,0.05825495139811787,0.05815495139811787,16.707110842018935,1.0,14,,,,True
237,1.2432269531250002,3,True,0.06106934541335418,0.06096934541335418,16.707110842018935,1.0,13,,,,True
237,1.2432269531250002,4,True,0.06374511313691178,0.06364511313691178,16.707110842018935,1.0,12,,,,True
237,1.2432269531250002,5,True,0.06417840382072315,0.06407840382072315,16.707110842018935,1.0,11,,,,True
237,1.2432269531250002,6,True,0.06417840382072315,0.06407840382072315,16.707110842018935,1.0,10,,,,True
238,1.2582257812500002,0,True,0.05326198831078033,0.053161988310780325,16.91630188077434,1.0,16,,,,True
238,1.2582257812500002,1,True,0.05561223378300584,0.055512233783005835,16.707110842018935,1.0,15,,,,True
238,1.2582257812500002,2,True,0.05825495139811787,0.05815495139811787,16.707110842018935,1.0,14,,,,True
238,1.2582257812500002,3,True,0.06106934541335418,0.06096934541335418,16.707110842018935,1.0,13,,,,True
238,1.2582257812500002,4,True,0.06374511313691178,0.06364511313691178,16.707110842018935,1.0,12,,,,True
238,1.2582257812500002,5,True,0.06417840382072315,0.06407840382072315,16.707110842018935,1.0,11,,,,True
238,1.2582257812500002,6,True,0.06417840382072315,0.06407840382072315,16.707110842018935,1.0,10,,,,True
239,1.2732246093750001,0,True,0.05326198831078033,0.053161988310780325,16.91630188077434,1.0,16,,,,True
239,1.2732246093750001,1,True,0.05561223378300584,0.055512233783005835,16.707110842018935,1.0,15,,,,True
239,1.2732246093750001,2,True,0.05825495139811787,0.05815495139811787,16.707110842018935,1.0,14,,,,True
239,1.2732246093750001,3,True,0.06106934541335418,0.06096934541335418,16.707110842018935,1.0,13,,,,True
239,1.2732246093750001,4,True,0.06374511313691178,0.06364511313691178,16.707110842018935,1.0,12,,,,True
239,1.2732246093750001,5,True,0.06417840382072315,0.06407840382072315,16.707110842018935,1.0,11,,,,True
239,1.2732246093750001,6,True,0.06417840382072315,0.06407840382072315,16.707110842018935,1.0,10,,,,True
240,1.2882234375000001,0,True,0.05326198831078033,0.053161988310780325,16.91630188077434,1.0,16,,,,True
240,1.2882234375000001,1,True,0.05561223378300584,0.055512233783005835,16.707110842018935,1.0,15,,,,True
240,1.2882234375000001,2,True,0.05825495139811787,0.05815495139811787,16.707110842018935,1.0,14,,,,True
240,1.2882234375000001,3,True,0.06106934541335418,0.06096934541335418,16.707110842018935,1.0,13,,,,True
240,1.2882234375000001,4,True,0.06374511313691178,0.06364511313691178,16.707110842018935,1.0,12,,,,True
240,1.2882234375000001,5,True,0.06417840382072315,0.06407840382072315,16.707110842018935,1.0,11,,,,True
240,1.2882234375000001,6,True,0.06417840382072315,0.06407840382072315,16.707110842018935,1.0,10,,,,True
241,1.303222265625,0,True,0.05326198831078033,0.053161988310780325,16.91630188077434,1.0,16,,,,True
241,1.303222265625,1,True,0.05561223378300584,0.055512233783005835,16.707110842018935,1.0,15,,,,True
241,1.303222265625,2,True,0.05825495139811787,0.05815495139811787,16.707110842018935,1.0,14,,,,True
241,1.303222265625,3,True,0.06106934541335418,0.06096934541335418,16.707110842018935,1.0,13,,,,True
241,1.303222265625,4,True,0.06374511313691178,0.06364511313691178,16.707110842018935,1.0,12,,,,True
241,1.303222265625,5,True,0.06417840382072315,0.06407840382072315,16.707110842018935,1.0,11,,,,True
241,1.303222265625,6,True,0.06417840382072315,0.06407840382072315,16.707110842018935,1.0,10,,,,True
242,1.31822109375,0,True,0.05326198831078033,0.053161988310780325,16.91630188077434,1.0,16,,,,True
242,1.31822109375,1,True,0.05561223378300584,0.055512233783005835,16.707110842018935,1.0,15,,,,True
242,1.31822109375,2,True,0.05825495139811787,0.05815495139811787,16.707110842018935,1.0,14,,,,True
242,1.31822109375,3,True,0.06106934541335418,0.06096934541335418,16.707110842018935,1.0,13,,,,True
242,1.31822109375,4,True,0.06374511313691178,0.06364511313691178,16.707110842018935,1.0,12,,,,True
242,1.31822109375,5,True,0.06417840382072315,0.06407840382072315,16.707110842018935,1.0,11,,,,True
242,1.31822109375,6,True,0.06417840382072315,0.06407840382072315,16.707110842018935,1.0,10,,,,True
243,1.333219921875,0,True,0.05326198831078033,0.053161988310780325,16.91630188077434,1.0,16,,,,True
243,1.333219921875,1,True,0.05561223378300584,0.055512233783005835,16.707110842018935,1.0,15,,,,True
243,1.333219921875,2,True,0.05825495139811787,0.05815495139811787,16.707110842018935,1.0,14,,,,True
243,1.333219921875,3,True,0.06106934541335418,0.06096934541335418,16.707110842018935,1.0,13,,,,True
243,1.333219921875,4,True,0.06374511313691178,0.06364511313691178,16.707110842018935,1.0,12,,,,True
243,1.333219921875,5,True,0.06417840382072315,0.06407840382072315,16.707110842018935,1.0,11,,,,True
243,1.333219921875,6,True,0.06417840382072315,0.06407840382072315,16.707110842018935,1.0,10,,,,True
244,1.34821875,0,True,0.05326198831078033,0.053161988310780325,16.91630188077434,1.0,16,,,,True
244,1.34821875,1,True,0.05561223378300584,0.055512233783005835,16.707110842018935,1.0,15,,,,True
244,1.34821875,2,True,0.05825495139811787,0.05815495139811787,16.707110842018935,1.0,14,,,,True
244,1.34821875,3,True,0.06106934541335418,0.06096934541335418,16.707110842018935,1.0,13,,,,True
244,1.34821875,4,True,0.06374511313691178,0.06364511313691178,16.707110842018935,1.0,12,,,,True
244,1.34821875,5,True,0.06417840382072315,0.06407840382072315,16.707110842018935,1.0,11,,,,True
244,1.34821875,6,True,0.06417840382072315,0.06407840382072315,16.707110842018935,1.0,10,,,,True
245,1.363217578125,0,True,0.05326198831078033,0.053161988310780325,16.91630188077434,1.0,16,,,,True
245,1.363217578125,1,True,0.05561223378300584,0.055512233783005835,16.707110842018935,1.0,15,,,,True
245,1.363217578125,2,True,0.05825495139811787,0.05815495139811787,16.707110842018935,1.0,14,,,,True
245,1.363217578125,3,True,0.06106934541335418,0.06096934541335418,16.707110842018935,1.0,13,,,,True
245,1.363217578125,4,True,0.06374511313691178,0.06364511313691178,16.707110842018935,1.0,12,,,,True
245,1.363217578125,5,True,0.06417840382072315,0.06407840382072315,16.707110842018935,1.0,11,,,,True
245,1.363217578125,6,True,0.06417840382072315,0.06407840382072315,16.707110842018935,1.0,10,,,,True
246,1.37821640625,0,True,0.05326198831078033,0.053161988310780325,16.91630188077434,1.0,16,,,,True
246,1.37821640625,1,True,0.05561223378300584,0.055512233783005835,16.707110842018935,1.0,15,,,,True
246,1.37821640625,2,True,0.05825495139811787,0.05815495139811787,16.707110842018935,1.0,14,,,,True
246,1.37821640625,3,True,0.06106934541335418,0.06096934541335418,16.707110842018935,1.0,13,,,,True
246,1.37821640625,4,True,0.06374511313691178,0.06364511313691178,16.707110842018935,1.0,12,,,,True
246,1.37821640625,5,True,0.06417840382072315,0.06407840382072315,16.707110842018935,1.0,11,,,,True
246,1.37821640625,6,True,0.06417840382072315,0.06407840382072315,16.707110842018935,1.0,10,,,,True
247,1.393215234375,0,True,0.05326198831078033,0.053161988310780325,16.91630188077434,1.0,16,,,,True
247,1.393215234375,1,True,0.05561223378300584,0.055512233783005835,16.707110842018935,1.0,15,,,,True
247,1.393215234375,2,True,0.05825495139811787,0.05815495139811787,16.707110842018935,1.0,14,,,,True
247,1.393215234375,3,True,0.06106934541335418,0.06096934541335418,16.707110842018935,1.0,13,,,,True
247,1.393215234375,4,True,0.06374511313691178,0.06364511313691178,16.707110842018935,1.0,12,,,,True
247,1.393215234375,5,True,0.06417840382072315,0.06407840382072315,16.707110842018935,1.0,11,,,,True
247,1.393215234375,6,True,0.06417840382072315,0.06407840382072315,16.707110842018935,1.0,10,,,,True
248,1.4082140625,0,True,0.05326198831078033,0.053161988310780325,16.91630188077434,1.0,16,,,,True
248,1.4082140625,1,True,0.05561223378300584,0.055512233783005835,16.707110842018935,1.0,15,,,,True
248,1.4082140625,2,True,0.05825495139811787,0.05815495139811787,16.707110842018935,1.0,14,,,,True
248,1.4082140625,3,True,0.06106934541335418,0.06096934541335418,16.707110842018935,1.0,13,,,,True
248,1.4082140625,4,True,0.06374511313691178,0.06364511313691178,16.707110842018935,1.0,12,,,,True
248,1.4082140625,5,True,0.06417840382072315,0.06407840382072315,16.707110842018935,1.0,11,,,,True
248,1.4082140625,6,True,0.06417840382072315,0.06407840382072315,16.707110842018935,1.0,10,,,,True
249,1.423212890625,0,True,0.05326198831078033,0.053161988310780325,16.91630188077434,1.0,16,,,,True
249,1.423212890625,1,True,0.05561223378300584,0.055512233783005835,16.707110842018935,1.0,15,,,,True
249,1.423212890625,2,True,0.05825495139811787,0.05815495139811787,16.707110842018935,1.0,14,,,,True
249,1.423212890625,3,True,0.06106934541335418,0.06096934541335418,16.707110842018935,1.0,13,,,,True
249,1.423212890625,4,True,0.06374511313691178,0.06364511313691178,16.707110842018935,1.0,12,,,,True
249,1.423212890625,5,True,0.06417840382072315,0.06407840382072315,16.707110842018935,1.0,11,,,,True
249,1.423212890625,6,True,0.06417840382072315,0.06407840382072315,16.707110842018935,1.0,10,,,,True
250,1.4382117187499999,0,True,0.05326198831078033,0.053161988310780325,16.91630188077434,1.0,16,,,,True
250,1.4382117187499999,1,True,0.05561223378300584,0.055512233783005835,16.707110842018935,1.0,15,,,,True
250,1.4382117187499999,2,True,0.05825495139811787,0.05815495139811787,16.707110842018935,1.0,14,,,,True
250,1.4382117187499999,3,True,0.06106934541335418,0.06096934541335418,16.707110842018935,1.0,13,,,,True
250,1.4382117187499999,4,True,0.06374511313691178,0.06364511313691178,16.707110842018935,1.0,12,,,,True
250,1.4382117187499999,5,True,0.06417840382072315,0.06407840382072315,16.707110842018935,1.0,11,,,,True
250,1.4382117187499999,6,True,0.06417840382072315,0.06407840382072315,16.707110842018935,1.0,10,,,,True
251,1.4532105468749998,0,True,0.05326198831078033,0.053161988310780325,16.91630188077434,1.0,16,,,,True
251,1.4532105468749998,1,True,0.05561223378300584,0.055512233783005835,16.707110842018935,1.0,15,,,,True
251,1.4532105468749998,2,True,0.05825495139811787,0.05815495139811787,16.707110842018935,1.0,14,,,,True
251,1.4532105468749998,3,True,0.06106934541335418,0.06096934541335418,16.707110842018935,1.0,13,,,,True
251,1.4532105468749998,4,True,0.06374511313691178,0.06364511313691178,16.707110842018935,1.0,12,,,,True
251,1.4532105468749998,5,True,0.06417840382072315,0.06407840382072315,16.707110842018935,1.0,11,,,,True
251,1.4532105468749998,6,True,0.06417840382072315,0.06407840382072315,16.707110842018935,1.0,10,,,,True
252,1.4682093750000003,0,True,0.05326198831078033,0.053161988310780325,16.91630188077434,1.0,16,,,,True
252,1.4682093750000003,1,True,0.05561223378300584,0.055512233783005835,16.707110842018935,1.0,15,,,,True
252,1.4682093750000003,2,True,0.05825495139811787,0.05815495139811787,16.707110842018935,1.0,14,,,,True
252,1.4682093750000003,3,True,0.06106934541335418,0.06096934541335418,16.707110842018935,1.0,13,,,,True
252,1.4682093750000003,4,True,0.06374511313691178,0.06364511313691178,16.707110842018935,1.0,12,,,,True
252,1.4682093750000003,5,True,0.06417840382072315,0.06407840382072315,16.707110842018935,1.0,11,,,,True
252,1.4682093750000003,6,True,0.06417840382072315,0.06407840382072315,16.707110842018935,1.0,10,,,,True
253,1.4832082031250002,0,True,0.05326198831078033,0.053161988310780325,16.91630188077434,1.0,16,,,,True
253,1.4832082031250002,1,True,0.05561223378300584,0.055512233783005835,16.707110842018935,1.0,15,,,,True
253,1.4832082031250002,2,True,0.05825495139811787,0.05815495139811787,16.707110842018935,1.0,14,,,,True
253,1.4832082031250002,3,True,0.06106934541335418,0.06096934541335418,16.707110842018935,1.0,13,,,,True
253,1.4832082031250002,4,True,0.06374511313691178,0.06364511313691178,16.707110842018935,1.0,12,,,,True
253,1.4832082031250002,5,True,0.06417840382072315,0.06407840382072315,16.707110842018935,1.0,11,,,,True
253,1.4832082031250002,6,True,0.06417840382072315,0.06407840382072315,16.707110842018935,1.0,10,,,,True
254,1.4982070312500002,0,True,0.05326198831078033,0.053161988310780325,16.91630188077434,1.0,16,,,,True
254,1.4982070312500002,1,True,0.05561223378300584,0.055512233783005835,16.707110842018935,1.0,15,,,,True
254,1.4982070312500002,2,True,0.05825495139811787,0.05815495139811787,16.707110842018935,1.0,14,,,,True
254,1.4982070312500002,3,True,0.06106934541335418,0.06096934541335418,16.707110842018935,1.0,13,,,,True
254,1.4982070312500002,4,True,0.06374511313691178,0.06364511313691178,16.707110842018935,1.0,12,,,,True
254,1.4982070312500002,5,True,0.06417840382072315,0.06407840382072315,16.707110842018935,1.0,11,,,,True
254,1.4982070312500002,6,True,0.06417840382072315,0.06407840382072315,16.707110842018935,1.0,10,,,,True
255,1.5132058593750002,0,True,0.05326198831078033,0.053161988310780325,16.91630188077434,1.0,16,,,,True
255,1.5132058593750002,1,True,0.05561223378300584,0.055512233783005835,16.707110842018935,1.0,15,,,,True
255,1.5132058593750002,2,True,0.05825495139811787,0.05815495139811787,16.707110842018935,1.0,14,,,,True
255,1.5132058593750002,3,True,0.06106934541335418,0.06096934541335418,16.707110842018935,1.0,13,,,,True
255,1.5132058593750002,4,True,0.06374511313691178,0.06364511313691178,16.707110842018935,1.0,12,,,,True
255,1.5132058593750002,5,True,0.06417840382072315,0.06407840382072315,16.707110842018935,1.0,11,,,,True
255,1.5132058593750002,6,True,0.06417840382072315,0.06407840382072315,16.707110842018935,1.0,10,,,,True
256,1.5282046875000002,0,True,0.05326198831078033,0.053161988310780325,16.91630188077434,1.0,16,,,,True
256,1.5282046875000002,1,True,0.05561223378300584,0.055512233783005835,16.707110842018935,1.0,15,,,,True
256,1.5282046875000002,2,True,0.05825495139811787,0.05815495139811787,16.707110842018935,1.0,14,,,,True
256,1.5282046875000002,3,True,0.06106934541335418,0.06096934541335418,16.707110842018935,1.0,13,,,,True
256,1.5282046875000002,4,True,0.06374511313691178,0.06364511313691178,16.707110842018935,1.0,12,,,,True
256,1.5282046875000002,5,True,0.06417840382072315,0.06407840382072315,16.707110842018935,1.0,11,,,,True
256,1.5282046875000002,6,True,0.06417840382072315,0.06407840382072315,16.707110842018935,1.0,10,,,,True
257,1.5432035156250001,0,True,0.05326198831078033,0.053161988310780325,16.91630188077434,1.0,16,,,,True
257,1.5432035156250001,1,True,0.05561223378300584,0.055512233783005835,16.707110842018935,1.0,15,,,,True
257,1.5432035156250001,2,True,0.05825495139811787,0.05815495139811787,16.707110842018935,1.0,14,,,,True
257,1.5432035156250001,3,True,0.06106934541335418,0.06096934541335418,16.707110842018935,1.0,13,,,,True
257,1.5432035156250001,4,True,0.06374511313691178,0.06364511313691178,16.707110842018935,1.0,12,,,,True
257,1.5432035156250001,5,True,0.06417840382072315,0.06407840382072315,16.707110842018935,1.0,11,,,,True
257,1.5432035156250001,6,True,0.06417840382072315,0.06407840382072315,16.707110842018935,1.0,10,,,,True
258,1.55820234375,0,True,0.05326198831078033,0.053161988310780325,16.91630188077434,1.0,16,,,,True
258,1.55820234375,1,True,0.05561223378300584,0.055512233783005835,16.707110842018935,1.0,15,,,,True
258,1.55820234375,2,True,0.05825495139811787,0.05815495139811787,16.707110842018935,1.0,14,,,,True
258,1.55820234375,3,True,0.06106934541335418,0.06096934541335418,16.707110842018935,1.0,13,,,,True
258,1.55820234375,4,True,0.06374511313691178,0.06364511313691178,16.707110842018935,1.0,12,,,,True
258,1.55820234375,5,True,0.06417840382072315,0.06407840382072315,16.707110842018935,1.0,11,,,,True
258,1.55820234375,6,True,0.06417840382072315,0.06407840382072315,16.707110842018935,1.0,10,,,,True
259,1.573201171875,0,True,0.05326198831078033,0.053161988310780325,16.91630188077434,1.0,16,,,,True
259,1.573201171875,1,True,0.05561223378300584,0.055512233783005835,16.707110842018935,1.0,15,,,,True
259,1.573201171875,2,True,0.05825495139811787,0.05815495139811787,16.707110842018935,1.0,14,,,,True
259,1.573201171875,3,True,0.06106934541335418,0.06096934541335418,16.707110842018935,1.0,13,,,,True
259,1.573201171875,4,True,0.06374511313691178,0.06364511313691178,16.707110842018935,1.0,12,,,,True
259,1.573201171875,5,True,0.06417840382072315,0.06407840382072315,16.707110842018935,1.0,11,,,,True
259,1.573201171875,6,True,0.06417840382072315,0.06407840382072315,16.707110842018935,1.0,10,,,,True
260,1.5882,0,True,0.05326198831078033,0.053161988310780325,16.91630188077434,1.0,16,,,,True
260,1.5882,1,True,0.05561223378300584,0.055512233783005835,16.707110842018935,1.0,15,,,,True
260,1.5882,2,True,0.05825495139811787,0.05815495139811787,16.707110842018935,1.0,14,,,,True
260,1.5882,3,True,0.06106934541335418,0.06096934541335418,16.707110842018935,1.0,13,,,,True
260,1.5882,4,True,0.06374511313691178,0.06364511313691178,16.707110842018935,1.0,12,,,,True
260,1.5882,5,True,0.06417840382072315,0.06407840382072315,16.707110842018935,1.0,11,,,,True
260,1.5882,6,True,0.06417840382072315,0.06407840382072315,16.707110842018935,1.0,10,,,,True
261,-2.249625146484375,0,True,0.06407297800031486,0.06397297800031486,16.841816355330938,0.3082467469272072,0,,,,True
261,-2.249625146484375,1,True,0.06417840382072315,0.06407840382072315,16.707110842018935,0.3078057187147789,0,,,,True
261,-2.249625146484375,2,True,0.06417840382072315,0.06407840382072315,16.707110842018935,0.30747682988923253,0,,,,True
261,-2.249625146484375,3,True,0.06417840382072315,0.06407840382072315,16.707110842018935,0.29108586603436565,0,,,,True
261,-2.249625146484375,4,True,0.06417840382072315,0.06407840382072315,16.707110842018935,0.2761229108704308,0,,,,True
261,-2.249625146484375,5,True,0.06417840382072315,0.06407840382072315,16.707110842018935,0.2638497666207131,0,,,,True
261,-2.249625146484375,6,True,0.06417840382072315,0.06407840382072315,16.707110842018935,0.25368049307782403,0,,,,True
262,-2.24775029296875,0,True,0.06407231886598286,0.06397231886598286,16.841890092877584,0.30825863570668965,0,,,,True
262,-2.24775029296875,1,True,0.06417840382072315,0.06407840382072315,16.707110842018935,0.3078115723433218,0,,,,True
262,-2.24775029296875,2,True,0.06417840382072315,0.06407840382072315,16.707110842018935,0.30747682988923253,0,,,,True
262,-2.24775029296875,3,True,0.06417840382072315,0.06407840382072315,16.707110842018935,0.29108586603436565,0,,,,True
262,-2.24775029296875,4,True,0.06417840382072315,0.06407840382072315,16.707110842018935,0.2761229108704308,0,,,,True
262,-2.24775029296875,5,True,0.06417840382072315,0.06407840382072315,16.707110842018935,0.2638497666207131,0,,,,True
262,-2.24775029296875,6,True,0.06417840382072315,0.06407840382072315,16.707110842018935,0.25368049307782403,0,,,,True
263,-2.2458754394531253,0,True,0.06407165973165041,0.06397165973165041,16.841963830424227,0.3082705245108913,0,,,,True
263,-2.2458754394531253,1,True,0.06417840382072315,0.06407840382072315,16.707110842018935,0.3078174259718649,0,,,,True
263,-2.2458754394531253,2,True,0.06417840382072315,0.06407840382072315,16.707110842018935,0.30747682988923253,0,,,,True
263,-2.2458754394531253,3,True,0.06417840382072315,0.06407840382072315,16.707110842018935,0.29108586603436565,0,,,,True
263,-2.2458754394531253,4,True,0.06417840382072315,0.06407840382072315,16.707110842018935,0.2761229108704308,0,,,,True
263,-2.2458754394531253,5,True,0.06417840382072315,0.06407840382072315,16.707110842018935,0.2638497666207131,0,,,,True
263,-2.2458754394531253,6,True,0.06417840382072315,0.06407840382072315,16.707110842018935,0.25368049307782403,0,,,,True
264,-2.2440005859375,0,True,0.06407100059731796,0.06397100059731796,16.84203756797087,0.3082824133398129,0,,,,True
264,-2.2440005859375,1,True,0.06417840382072315,0.06407840382072315,16.707110842018935,0.3078232796004078,0,,,,True
264,-2.2440005859375,2,True,0.06417840382072315,0.06407840382072315,16.707110842018935,0.30747682988923253,0,,,,True
264,-2.2440005859375,3,True,0.06417840382072315,0.06407840382072315,16.707110842018935,0.29108586603436565,0,,,,True
264,-2.2440005859375,4,True,0.06417840382072315,0.06407840382072315,16.707110842018935,0.2761229108704308,0,,,,True
264,-2.2440005859375,5,True,0.06417840382072315,0.06407840382072315,16.707110842018935,0.2638497666207131,0,,,,True
264,-2.2440005859375,6,True,0.06417840382072315,0.06407840382072315,16.707110842018935,0.25368049307782403,0,,,,True
265,-2.242125732421875,0,True,0.06407034146298596,0.06397034146298596,16.842111305517513,0.3082943021934509,0,,,,True
265,-2.242125732421875,1,True,0.06417840382072315,0.06407840382072315,16.707110842018935,0.3078291332289507,0,,,,True
265,-2.242125732421875,2,True,0.06417840382072315,0.06407840382072315,16.707110842018935,0.30747682988923253,0,,,,True
265,-2.242125732421875,3,True,0.06417840382072315,0.06407840382072315,16.707110842018935,0.29108586603436565,0,,,,True
265,-2.242125732421875,4,True,0.06417840382072315,0.06407840382072315,16.707110842018935,0.2761229108704308,0,,,,True
265,-2.242125732421875,5,True,0.06417840382072315,0.06407840382072315,16.707110842018935,0.2638497666207131,0,,,,True
265,-2.242125732421875,6,True,0.06417840382072315,0.06407840382072315,16.707110842018935,0.25368049307782403,0,,,,True
266,-2.24025087890625,0,True,0.06406968232865351,0.06396968232865351,16.842185043064156,0.30830619107180995,0,,,,True
266,-2.24025087890625,1,True,0.06417840382072315,0.06407840382072315,16.707110842018935,0.3078349868574938,0,,,,True
266,-2.24025087890625,2,True,0.06417840382072315,0.06407840382072315,16.707110842018935,0.30747682988923253,0,,,,True
266,-2.24025087890625,3,True,0.06417840382072315,0.06407840382072315,16.707110842018935,0.29108586603436565,0,,,,True
266,-2.24025087890625,4,True,0.06417840382072315,0.06407840382072315,16.707110842018935,0.2761229108704308,0,,,,True
266,-2.24025087890625,5,True,0.06417840382072315,0.06407840382072315,16.707110842018935,0.2638497666207131,0,,,,True
266,-2.24025087890625,6,True,0.06417840382072315,0.06407840382072315,16.707110842018935,0.25368049307782403,0,,,,True
267,-2.2383760253906253,0,True,0.0640690231943215,0.0639690231943215,16.8422587806108,0.30831807997488625,0,,,,True
267,-2.2383760253906253,1,True,0.06417840382072315,0.06407840382072315,16.707110842018935,0.30784084048603666,0,,,,True
267,-2.2383760253906253,2,True,0.06417840382072315,0.06407840382072315,16.707110842018935,0.30747682988923253,0,,,,True
267,-2.2383760253906253,3,True,0.06417840382072315,0.06407840382072315,16.707110842018935,0.29108586603436565,0,,,,True
267,-2.2383760253906253,4,True,0.06417840382072315,0.06407840382072315,16.707110842018935,0.2761229108704308,0,,,,True
267,-2.2383760253906253,5,True,0.06417840382072315,0.06407840382072315,16.707110842018935,0.2638497666207131,0,,,,True
267,-2.2383760253906253,6,True,0.06417840382072315,0.06407840382072315,16.707110842018935,0.25368049307782403,0,,,,True
268,-2.234626318359375,0,True,0.06406770492565705,0.06396770492565705,16.842406255704088,0.3083418578551931,0,,,,True
268,-2.234626318359375,1,True,0.06417840382072315,0.06407840382072315,16.707110842018935,0.30785254774312265,0,,,,True
268,-2.234626318359375,2,True,0.06417840382072315,0.06407840382072315,16.707110842018935,0.30747682988923253,0,,,,True
268,-2.234626318359375,3,True,0.06417840382072315,0.06407840382072315,16.707110842018935,0.29108586603436565,0,,,,True
268,-2.234626318359375,4,True,0.06417840382072315,0.06407840382072315,16.707110842018935,0.2761229108704308,0,,,,True
268,-2.234626318359375,5,True,0.06417840382072315,0.06407840382072315,16.707110842018935,0.2638497666207131,0,,,,True
268,-2.234626318359375,6,True,0.06417840382072315,0.06407840382072315,16.707110842018935,0.25368049307782403,0,,,,True
269,-2.23275146484375,0,True,0.0640670457913246,0.0639670457913246,16.84247999325073,0.30835374683242467,0,,,,True
269,-2.23275146484375,1,True,0.06417840382072315,0.06407840382072315,16.707110842018935,0.3078584013716656,0,,,,True
269,-2.23275146484375,2,True,0.06417840382072315,0.06407840382072315,16.707110842018935,0.30747682988923253,0,,,,True
269,-2.23275146484375,3,True,0.06417840382072315,0.06407840382072315,16.707110842018935,0.29108586603436565,0,,,,True
269,-2.23275146484375,4,True,0.06417840382072315,0.06407840382072315,16.707110842018935,0.2761229108704308,0,,,,True
269,-2.23275146484375,5,True,0.06417840382072315,0.06407840382072315,16.707110842018935,0.2638497666207131,0,,,,True
269,-2.23275146484375,6,True,0.06417840382072315,0.06407840382072315,16.707110842018935,0.25368049307782403,0,,,,True
270,-2.2308766113281253,0,True,0.0640663866569926,0.0639663866569926,16.842553730797373,0.3083656358343723,0,,,,True
270,-2.2308766113281253,1,True,0.06417840382072315,0.06407840382072315,16.707110842018935,0.30786425500020853,0,,,,True
270,-2.2308766113281253,2,True,0.06417840382072315,0.06407840382072315,16.707110842018935,0.30747682988923253,0,,,,True
270,-2.2308766113281253,3,True,0.06417840382072315,0.06407840382072315,16.707110842018935,0.29108586603436565,0,,,,True
270,-2.2308766113281253,4,True,0.06417840382072315,0.06407840382072315,16.707110842018935,0.2761229108704308,0,,,,True
270,-2.2308766113281253,5,True,0.06417840382072315,0.06407840382072315,16.707110842018935,0.2638497666207131,0,,,,True
270,-2.2308766113281253,6,True,0.06417840382072315,0.06407840382072315,16.707110842018935,0.25368049307782403,0,,,,True
271,-2.2290017578125,0,True,0.06406572752266015,0.06396572752266015,16.842627468344016,0.3083775248610391,0,,,,True
271,-2.2290017578125,1,True,0.06417840382072315,0.06407840382072315,16.707110842018935,0.3078701086287514,0,,,,True
271,-2.2290017578125,2,True,0.06417840382072315,0.06407840382072315,16.707110842018935,0.30747682988923253,0,,,,True
271,-2.2290017578125,3,True,0.06417840382072315,0.06407840382072315,16.707110842018935,0.29108586603436565,0,,,,True
271,-2.2290017578125,4,True,0.06417840382072315,0.06407840382072315,16.707110842018935,0.2761229108704308,0,,,,True
271,-2.2290017578125,5,True,0.06417840382072315,0.06407840382072315,16.707110842018935,0.2638497666207131,0,,,,True
271,-2.2290017578125,6,True,0.06417840382072315,0.06407840382072315,16.707110842018935,0.25368049307782403,0,,,,True
272,-2.227126904296875,0,True,0.06406506838832815,0.06396506838832815,16.84270120589066,0.3083894139124233,0,,,,True
272,-2.227126904296875,1,True,0.06417840382072315,0.06407840382072315,16.707110842018935,0.3078759622572944,0,,,,True
272,-2.227126904296875,2,True,0.06417840382072315,0.06407840382072315,16.707110842018935,0.30747682988923253,0,,,,True
272,-2.227126904296875,3,True,0.06417840382072315,0.06407840382072315,16.707110842018935,0.29108586603436565,0,,,,True
272,-2.227126904296875,4,True,0.06417840382072315,0.06407840382072315,16.707110842018935,0.2761229108704308,0,,,,True
272,-2.227126904296875,5,True,0.06417840382072315,0.06407840382072315,16.707110842018935,0.2638497666207131,0,,,,True
272,-2.227126904296875,6,True,0.06417840382072315,0.06407840382072315,16.707110842018935,0.25368049307782403,0,,,,True
273,-2.22525205078125,0,True,0.0640644092539957,0.0639644092539957,16.842774943437302,0.3084013029885237,0,,,,True
273,-2.22525205078125,1,True,0.06417840382072315,0.06407840382072315,16.707110842018935,0.3078818158858374,0,,,,True
273,-2.22525205078125,2,True,0.06417840382072315,0.06407840382072315,16.707110842018935,0.30747682988923253,0,,,,True
273,-2.22525205078125,3,True,0.06417840382072315,0.06407840382072315,16.707110842018935,0.29108586603436565,0,,,,True
273,-2.22525205078125,4,True,0.06417840382072315,0.06407840382072315,16.707110842018935,0.2761229108704308,0,,,,True
273,-2.22525205078125,5,True,0.06417840382072315,0.06407840382072315,16.707110842018935,0.2638497666207131,0,,,,True
273,-2.22525205078125,6,True,0.06417840382072315,0.06407840382072315,16.707110842018935,0.25368049307782403,0,,,,True
274,-2.2233771972656253,0,True,0.06406375011966325,0.06396375011966325,16.84284868098395,0.30841319208934204,0,,,,True
274,-2.2233771972656253,1,True,0.06417840382072315,0.06407840382072315,16.707110842018935,0.3078876695143804,0,,,,True
274,-2.2233771972656253,2,True,0.06417840382072315,0.06407840382072315,16.707110842018935,0.30747682988923253,0,,,,True
274,-2.2233771972656253,3,True,0.06417840382072315,0.06407840382072315,16.707110842018935,0.29108586603436565,0,,,,True
274,-2.2233771972656253,4,True,0.06417840382072315,0.06407840382072315,16.707110842018935,0.2761229108704308,0,,,,True
274,-2.2233771972656253,5,True,0.06417840382072315,0.06407840382072315,16.707110842018935,0.2638497666207131,0,,,,True
274,-2.2233771972656253,6,True,0.06417840382072315,0.06407840382072315,16.707110842018935,0.25368049307782403,0,,,,True
275,-2.219627490234375,0,True,0.0640624318509988,0.0639624318509988,16.842996156077234,0.30843697036512874,0,,,,True
275,-2.219627490234375,1,True,0.06417840382072315,0.06407840382072315,16.707110842018935,0.3078993767714663,0,,,,True
275,-2.219627490234375,2,True,0.06417840382072315,0.06407840382072315,16.707110842018935,0.30747682988923253,0,,,,True
275,-2.219627490234375,3,True,0.06417840382072315,0.06407840382072315,16.707110842018935,0.29108586603436565,0,,,,True
275,-2.219627490234375,4,True,0.06417840382072315,0.06407840382072315,16.707110842018935,0.2761229108704308,0,,,,True
275,-2.219627490234375,5,True,0.06417840382072315,0.06407840382072315,16.707110842018935,0.2638497666207131,0,,,,True
275,-2.219627490234375,6,True,0.06417840382072315,0.06407840382072315,16.707110842018935,0.25368049307782403,0,,,,True
276,-2.21775263671875,0,True,0.0640617727166668,0.0639617727166668,16.843069893623877,0.3084488595400983,0,,,,True
276,-2.21775263671875,1,True,0.06417840382072315,0.06407840382072315,16.707110842018935,0.30790523040000917,0,,,,True
276,-2.21775263671875,2,True,0.06417840382072315,0.06407840382072315,16.707110842018935,0.30747682988923253,0,,,,True
276,-2.21775263671875,3,True,0.06417840382072315,0.06407840382072315,16.707110842018935,0.29108586603436565,0,,,,True
276,-2.21775263671875,4,True,0.06417840382072315,0.06407840382072315,16.707110842018935,0.2761229108704308,0,,,,True
276,-2.21775263671875,5,True,0.06417840382072315,0.06407840382072315,16.707110842018935,0.2638497666207131,0,,,,True
276,-2.21775263671875,6,True,0.06417840382072315,0.06407840382072315,16.707110842018935,0.25368049307782403,0,,,,True
277,-2.2158777832031253,0,True,0.06406111358233435,0.06396111358233435,16.84314363117052,0.3084607487397841,0,,,,True
277,-2.2158777832031253,1,True,0.06417840382072315,0.06407840382072315,16.707110842018935,0.3079110840285521,0,,,,True
277,-2.2158777832031253,2,True,0.06417840382072315,0.06407840382072315,16.707110842018935,0.30747682988923253,0,,,,True
277,-2.2158777832031253,3,True,0.06417840382072315,0.06407840382072315,16.707110842018935,0.29108586603436565,0,,,,True
277,-2.2158777832031253,4,True,0.06417840382072315,0.06407840382072315,16.707110842018935,0.2761229108704308,0,,,,True
277,-2.2158777832031253,5,True,0.06417840382072315,0.06407840382072315,16.707110842018935,0.2638497666207131,0,,,,True
277,-2.2158777832031253,6,True,0.06417840382072315,0.06407840382072315,16.707110842018935,0.25368049307782403,0,,,,True
278,-2.2140029296875,0,True,0.06406045444800235,0.06396045444800234,16.843217368717163,0.3084726379641853,0,,,,True
278,-2.2140029296875,1,True,0.06417840382072315,0.06407840382072315,16.707110842018935,0.30791693765709505,0,,,,True
278,-2.2140029296875,2,True,0.06417840382072315,0.06407840382072315,16.707110842018935,0.30747682988923253,0,,,,True
278,-2.2140029296875,3,True,0.06417840382072315,0.06407840382072315,16.707110842018935,0.29108586603436565,0,,,,True
278,-2.2140029296875,4,True,0.06417840382072315,0.06407840382072315,16.707110842018935,0.2761229108704308,0,,,,True
278,-2.2140029296875,5,True,0.06417840382072315,0.06407840382072315,16.707110842018935,0.2638497666207131,0,,,,True
278,-2.2140029296875,6,True,0.06417840382072315,0.06407840382072315,16.707110842018935,0.25368049307782403,0,,,,True
279,-2.212128076171875,0,True,0.0640597953136699,0.0639597953136699,16.843291106263806,0.30848452721330355,0,,,,True
279,-2.212128076171875,1,True,0.06417840382072315,0.06407840382072315,16.707110842018935,0.3079227912856381,0,,,,True
279,-2.212128076171875,2,True,0.06417840382072315,0.06407840382072315,16.707110842018935,0.30747682988923253,0,,,,True
279,-2.212128076171875,3,True,0.06417840382072315,0.06407840382072315,16.707110842018935,0.29108586603436565,0,,,,True
279,-2.212128076171875,4,True,0.06417840382072315,0.06407840382072315,16.707110842018935,0.2761229108704308,0,,,,True
279,-2.212128076171875,5,True,0.06417840382072315,0.06407840382072315,16.707110842018935,0.2638497666207131,0,,,,True
279,-2.212128076171875,6,True,0.06417840382072315,0.06407840382072315,16.707110842018935,0.25368049307782403,0,,,,True
280,-2.21025322265625,0,True,0.06405913630696736,0.06395913630696735,16.843364758082306,0.3084964201782142,0,,,,True
280,-2.21025322265625,1,True,0.06417840382072315,0.06407840382072315,16.707110842018935,0.3079286449141809,0,,,,True
280,-2.21025322265625,2,True,0.06417840382072315,0.06407840382072315,16.707110842018935,0.30747682988923253,0,,,,True
280,-2.21025322265625,3,True,0.06417840382072315,0.06407840382072315,16.707110842018935,0.29108586603436565,0,,,,True
280,-2.21025322265625,4,True,0.06417840382072315,0.06407840382072315,16.707110842018935,0.2761229108704308,0,,,,True
280,-2.21025322265625,5,True,0.06417840382072315,0.06407840382072315,16.707110842018935,0.2638497666207131,0,,,,True
280,-2.21025322265625,6,True,0.06417840382072315,0.06407840382072315,16.707110842018935,0.25368049307782403,0,,,,True
281,-2.2083783691406254,0,True,0.06405848779562628,0.06395848779562628,16.84343136022224,0.30850861669590157,0,,,,True
281,-2.2083783691406254,1,True,0.06417840382072315,0.06407840382072315,16.707110842018935,0.307934498542724,0,,,,True
281,-2.2083783691406254,2,True,0.06417840382072315,0.06407840382072315,16.707110842018935,0.30747682988923253,0,,,,True
281,-2.2083783691406254,3,True,0.06417840382072315,0.06407840382072315,16.707110842018935,0.29108586603436565,0,,,,True
281,-2.2083783691406254,4,True,0.06417840382072315,0.06407840382072315,16.707110842018935,0.2761229108704308,0,,,,True
281,-2.2083783691406254,5,True,0.06417840382072315,0.06407840382072315,16.707110842018935,0.2638497666207131,0,,,,True
281,-2.2083783691406254,6,True,0.06417840382072315,0.06407840382072315,16.707110842018935,0.25368049307782403,0,,,,True
282,-2.251265643310547,0,True,0.0640735547428557,0.0639735547428557,16.841751834977625,0.308236344265437,0,,,,True
282,-2.251265643310547,1,True,0.06417840382072315,0.06407840382072315,16.707110842018935,0.30780059678980376,0,,,,True
282,-2.251265643310547,2,True,0.06417840382072315,0.06407840382072315,16.707110842018935,0.30747682988923253,0,,,,True
282,-2.251265643310547,3,True,0.06417840382072315,0.06407840382072315,16.707110842018935,0.29108586603436565,0,,,,True
282,-2.251265643310547,4,True,0.06417840382072315,0.06407840382072315,16.707110842018935,0.2761229108704308,0,,,,True
282,-2.251265643310547,5,True,0.06417840382072315,0.06407840382072315,16.707110842018935,0.2638497666207131,0,,,,True
282,-2.251265643310547,6,True,0.06417840382072315,0.06407840382072315,16.707110842018935,0.25368049307782403,0,,,,True
283,-2.2510312866210938,0,True,0.06407347235106409,0.06397347235106408,16.841761052170956,0.3082378303588177,0,,,,True
283,-2.2510312866210938,1,True,0.06417840382072315,0.06407840382072315,16.707110842018935,0.3078013284933716,0,,,,True
283,-2.2510312866210938,2,True,0.06417840382072315,0.06407840382072315,16.707110842018935,0.30747682988923253,0,,,,True
283,-2.2510312866210938,3,True,0.06417840382072315,0.06407840382072315,16.707110842018935,0.29108586603436565,0,,,,True
283,-2.2510312866210938,4,True,0.06417840382072315,0.06407840382072315,16.707110842018935,0.2761229108704308,0,,,,True
283,-2.2510312866210938,5,True,0.06417840382072315,0.06407840382072315,16.707110842018935,0.2638497666207131,0,,,,True
283,-2.2510312866210938,6,True,0.06417840382072315,0.06407840382072315,16.707110842018935,0.25368049307782403,0,,,,True
284,-2.2507969299316404,0,True,0.06407338995927248,0.06397338995927247,16.841770269364286,0.308239316452584,0,,,,True
284,-2.2507969299316404,1,True,0.06417840382072315,0.06407840382072315,16.707110842018935,0.30780206019693945,0,,,,True
284,-2.2507969299316404,2,True,0.06417840382072315,0.06407840382072315,16.707110842018935,0.30747682988923253,0,,,,True
284,-2.2507969299316404,3,True,0.06417840382072315,0.06407840382072315,16.707110842018935,0.29108586603436565,0,,,,True
284,-2.2507969299316404,4,True,0.06417840382072315,0.06407840382072315,16.707110842018935,0.2761229108704308,0,,,,True
284,-2.2507969299316404,5,True,0.06417840382072315,0.06407840382072315,16.707110842018935,0.2638497666207131,0,,,,True
284,-2.2507969299316404,6,True,0.06417840382072315,0.06407840382072315,16.707110842018935,0.25368049307782403,0,,,,True
285,-2.2505625732421874,0,True,0.06407330756748086,0.06397330756748086,16.841779486557616,0.3082408025467363,0,,,,True
285,-2.2505625732421874,1,True,0.06417840382072315,0.06407840382072315,16.707110842018935,0.3078027919005075,0,,,,True
285,-2.2505625732421874,2,True,0.06417840382072315,0.06407840382072315,16.707110842018935,0.30747682988923253,0,,,,True
285,-2.2505625732421874,3,True,0.06417840382072315,0.06407840382072315,16.707110842018935,0.29108586603436565,0,,,,True
285,-2.2505625732421874,4,True,0.06417840382072315,0.06407840382072315,16.707110842018935,0.2761229108704308,0,,,,True
285,-2.2505625732421874,5,True,0.06417840382072315,0.06407840382072315,16.707110842018935,0.2638497666207131,0,,,,True
285,-2.2505625732421874,6,True,0.06417840382072315,0.06407840382072315,16.707110842018935,0.25368049307782403,0,,,,True
286,-2.2503282165527345,0,True,0.0640732251756897,0.0639732251756897,16.841788703750947,0.3082422886412746,0,,,,True
286,-2.2503282165527345,1,True,0.06417840382072315,0.06407840382072315,16.707110842018935,0.3078035236040752,0,,,,True
286,-2.2503282165527345,2,True,0.06417840382072315,0.06407840382072315,16.707110842018935,0.30747682988923253,0,,,,True
286,-2.2503282165527345,3,True,0.06417840382072315,0.06407840382072315,16.707110842018935,0.29108586603436565,0,,,,True
286,-2.2503282165527345,4,True,0.06417840382072315,0.06407840382072315,16.707110842018935,0.2761229108704308,0,,,,True
286,-2.2503282165527345,5,True,0.06417840382072315,0.06407840382072315,16.707110842018935,0.2638497666207131,0,,,,True
286,-2.2503282165527345,6,True,0.06417840382072315,0.06407840382072315,16.707110842018935,0.25368049307782403,0,,,,True
287,-2.250093859863281,0,True,0.06407314278389808,0.06397314278389808,16.841797920944277,0.30824377473619935,0,,,,True
287,-2.250093859863281,1,True,0.06417840382072315,0.06407840382072315,16.707110842018935,0.3078042553076432,0,,,,True
287,-2.250093859863281,2,True,0.06417840382072315,0.06407840382072315,16.707110842018935,0.30747682988923253,0,,,,True
287,-2.250093859863281,3,True,0.06417840382072315,0.06407840382072315,16.707110842018935,0.29108586603436565,0,,,,True
287,-2.250093859863281,4,True,0.06417840382072315,0.06407840382072315,16.707110842018935,0.2761229108704308,0,,,,True
287,-2.250093859863281,5,True,0.06417840382072315,0.06407840382072315,16.707110842018935,0.2638497666207131,0,,,,True
287,-2.250093859863281,6,True,0.06417840382072315,0.06407840382072315,16.707110842018935,0.25368049307782403,0,,,,True
288,-2.2498595031738278,0,True,0.06407306039210647,0.06397306039210647,16.841807138137607,0.308245260831511,0,,,,True
288,-2.2498595031738278,1,True,0.06417840382072315,0.06407840382072315,16.707110842018935,0.30780498701121106,0,,,,True
288,-2.2498595031738278,2,True,0.06417840382072315,0.06407840382072315,16.707110842018935,0.30747682988923253,0,,,,True
288,-2.2498595031738278,3,True,0.06417840382072315,0.06407840382072315,16.707110842018935,0.29108586603436565,0,,,,True
288,-2.2498595031738278,4,True,0.06417840382072315,0.06407840382072315,16.707110842018935,0.2761229108704308,0,,,,True
288,-2.2498595031738278,5,True,0.06417840382072315,0.06407840382072315,16.707110842018935,0.2638497666207131,0,,,,True
288,-2.2498595031738278,6,True,0.06417840382072315,0.06407840382072315,16.707110842018935,0.25368049307782403,0,,,,True
289,-2.249390789794922,0,True,0.06407289560852325,0.06397289560852325,16.841825572524268,0.30824823302329074,0,,,,True
289,-2.249390789794922,1,True,0.06417840382072315,0.06407840382072315,16.707110842018935,0.3078064504183467,0,,,,True
289,-2.249390789794922,2,True,0.06417840382072315,0.06407840382072315,16.707110842018935,0.30747682988923253,0,,,,True
289,-2.249390789794922,3,True,0.06417840382072315,0.06407840382072315,16.707110842018935,0.29108586603436565,0,,,,True
289,-2.249390789794922,4,True,0.06417840382072315,0.06407840382072315,16.707110842018935,0.2761229108704308,0,,,,True
289,-2.249390789794922,5,True,0.06417840382072315,0.06407840382072315,16.707110842018935,0.2638497666207131,0,,,,True
289,-2.249390789794922,6,True,0.06417840382072315,0.06407840382072315,16.707110842018935,0.25368049307782403,0,,,,True
290,-2.2491564331054685,0,True,0.06407281321673164,0.06397281321673164,16.8418347897176,0.30824971911976057,0,,,,True
290,-2.2491564331054685,1,True,0.06417840382072315,0.06407840382072315,16.707110842018935,0.30780718212191466,0,,,,True
290,-2.2491564331054685,2,True,0.06417840382072315,0.06407840382072315,16.707110842018935,0.30747682988923253,0,,,,True
290,-2.2491564331054685,3,True,0.06417840382072315,0.06407840382072315,16.707110842018935,0.29108586603436565,0,,,,True
290,-2.2491564331054685,4,True,0.06417840382072315,0.06407840382072315,16.707110842018935,0.2761229108704308,0,,,,True
290,-2.2491564331054685,5,True,0.06417840382072315,0.06407840382072315,16.707110842018935,0.2638497666207131,0,,,,True
290,-2.2491564331054685,6,True,0.06417840382072315,0.06407840382072315,16.707110842018935,0.25368049307782403,0,,,,True
291,-2.2489220764160156,0,True,0.06407273082494047,0.06397273082494047,16.84184400691093,0.30825120521661703,0,,,,True
291,-2.2489220764160156,1,True,0.06417840382072315,0.06407840382072315,16.707110842018935,0.30780791382548245,0,,,,True
291,-2.2489220764160156,2,True,0.06417840382072315,0.06407840382072315,16.707110842018935,0.30747682988923253,0,,,,True
291,-2.2489220764160156,3,True,0.06417840382072315,0.06407840382072315,16.707110842018935,0.29108586603436565,0,,,,True
291,-2.2489220764160156,4,True,0.06417840382072315,0.06407840382072315,16.707110842018935,0.2761229108704308,0,,,,True
291,-2.2489220764160156,5,True,0.06417840382072315,0.06407840382072315,16.707110842018935,0.2638497666207131,0,,,,True
291,-2.2489220764160156,6,True,0.06417840382072315,0.06407840382072315,16.707110842018935,0.25368049307782403,0,,,,True
292,-2.248922076416015,0,True,0.06407273082494047,0.06397273082494047,16.84184400691093,0.30825120521661703,0,,,,True
292,-2.248922076416015,1,True,0.06417840382072315,0.06407840382072315,16.707110842018935,0.30780791382548256,0,,,,True
292,-2.248922076416015,2,True,0.06417840382072315,0.06407840382072315,16.707110842018935,0.30747682988923253,0,,,,True
292,-2.248922076416015,3,True,0.06417840382072315,0.06407840382072315,16.707110842018935,0.29108586603436565,0,,,,True
292,-2.248922076416015,4,True,0.06417840382072315,0.06407840382072315,16.707110842018935,0.2761229108704308,0,,,,True
292,-2.248922076416015,5,True,0.06417840382072315,0.06407840382072315,16.707110842018935,0.2638497666207131,0,,,,True
292,-2.248922076416015,6,True,0.06417840382072315,0.06407840382072315,16.707110842018935,0.25368049307782403,0,,,,True
293,-2.2486877197265622,0,True,0.06407264843314886,0.06397264843314886,16.84185322410426,0.3082526913138599,0,,,,True
293,-2.2486877197265622,1,True,0.06417840382072315,0.06407840382072315,16.707110842018935,0.3078086455290504,0,,,,True
293,-2.2486877197265622,2,True,0.06417840382072315,0.06407840382072315,16.707110842018935,0.30747682988923253,0,,,,True
293,-2.2486877197265622,3,True,0.06417840382072315,0.06407840382072315,16.707110842018935,0.29108586603436565,0,,,,True
293,-2.2486877197265622,4,True,0.06417840382072315,0.06407840382072315,16.707110842018935,0.2761229108704308,0,,,,True
293,-2.2486877197265622,5,True,0.06417840382072315,0.06407840382072315,16.707110842018935,0.2638497666207131,0,,,,True
293,-2.2486877197265622,6,True,0.06417840382072315,0.06407840382072315,16.707110842018935,0.25368049307782403,0,,,,True
294,-2.2484533630371093,0,True,0.06407256604135725,0.06397256604135725,16.841862441297593,0.30825417741148725,0,,,,True
294,-2.2484533630371093,1,True,0.06417840382072315,0.06407840382072315,16.707110842018935,0.30780937723261825,0,,,,True
294,-2.2484533630371093,2,True,0.06417840382072315,0.06407840382072315,16.707110842018935,0.30747682988923253,0,,,,True
294,-2.2484533630371093,3,True,0.06417840382072315,0.06407840382072315,16.707110842018935,0.29108586603436565,0,,,,True
294,-2.2484533630371093,4,True,0.06417840382072315,0.06407840382072315,16.707110842018935,0.2761229108704308,0,,,,True
294,-2.2484533630371093,5,True,0.06417840382072315,0.06407840382072315,16.707110842018935,0.2638497666207131,0,,,,True
294,-2.2484533630371093,6,True,0.06417840382072315,0.06407840382072315,16.707110842018935,0.25368049307782403,0,,,,True
295,-2.2482190063476564,0,True,0.06407248364956564,0.06397248364956563,16.841871658490923,0.30825566350950223,0,,,,True
295,-2.2482190063476564,1,True,0.06417840382072315,0.06407840382072315,16.707110842018935,0.30781010893618604,0,,,,True
295,-2.2482190063476564,2,True,0.06417840382072315,0.06407840382072315,16.707110842018935,0.30747682988923253,0,,,,True
295,-2.2482190063476564,3,True,0.06417840382072315,0.06407840382072315,16.707110842018935,0.29108586603436565,0,,,,True
295,-2.2482190063476564,4,True,0.06417840382072315,0.06407840382072315,16.707110842018935,0.2761229108704308,0,,,,True
295,-2.2482190063476564,5,True,0.06417840382072315,0.06407840382072315,16.707110842018935,0.2638497666207131,0,,,,True
295,-2.2482190063476564,6,True,0.06417840382072315,0.06407840382072315,16.707110842018935,0.25368049307782403,0,,,,True
296,-2.248219006347656,0,True,0.06407248364956564,0.06397248364956563,16.841871658490923,0.3082556635095022,0,,,,True
296,-2.248219006347656,1,True,0.06417840382072315,0.06407840382072315,16.707110842018935,0.30781010893618616,0,,,,True
296,-2.248219006347656,2,True,0.06417840382072315,0.06407840382072315,16.707110842018935,0.30747682988923253,0,,,,True
296,-2.248219006347656,3,True,0.06417840382072315,0.06407840382072315,16.707110842018935,0.29108586603436565,0,,,,True
296,-2.248219006347656,4,True,0.06417840382072315,0.06407840382072315,16.707110842018935,0.2761229108704308,0,,,,True
296,-2.248219006347656,5,True,0.06417840382072315,0.06407840382072315,16.707110842018935,0.2638497666207131,0,,,,True
296,-2.248219006347656,6,True,0.06417840382072315,0.06407840382072315,16.707110842018935,0.25368049307782403,0,,,,True
297,-2.247984649658203,0,True,0.06407240125777403,0.06397240125777402,16.841880875684254,0.3082571496079036,0,,,,True
297,-2.247984649658203,1,True,0.06417840382072315,0.06407840382072315,16.707110842018935,0.30781084063975406,0,,,,True
297,-2.247984649658203,2,True,0.06417840382072315,0.06407840382072315,16.707110842018935,0.30747682988923253,0,,,,True
297,-2.247984649658203,3,True,0.06417840382072315,0.06407840382072315,16.707110842018935,0.29108586603436565,0,,,,True
297,-2.247984649658203,4,True,0.06417840382072315,0.06407840382072315,16.707110842018935,0.2761229108704308,0,,,,True
297,-2.247984649658203,5,True,0.06417840382072315,0.06407840382072315,16.707110842018935,0.2638497666207131,0,,,,True
297,-2.247984649658203,6,True,0.06417840382072315,0.06407840382072315,16.707110842018935,0.25368049307782403,0,,,,True
298,-2.2479846496582025,0,True,0.06407240125777403,0.06397240125777402,16.841880875684254,0.3082571496079035,0,,,,True
298,-2.2479846496582025,1,True,0.06417840382072315,0.06407840382072315,16.707110842018935,0.30781084063975406,0,,,,True
298,-2.2479846496582025,2,True,0.06417840382072315,0.06407840382072315,16.707110842018935,0.30747682988923253,0,,,,True
298,-2.2479846496582025,3,True,0.06417840382072315,0.06407840382072315,16.707110842018935,0.29108586603436565,0,,,,True
298,-2.2479846496582025,4,True,0.06417840382072315,0.06407840382072315,16.707110842018935,0.2761229108704308,0,,,,True
298,-2.2479846496582025,5,True,0.06417840382072315,0.06407840382072315,16.707110842018935,0.2638497666207131,0,,,,True
298,-2.2479846496582025,6,True,0.06417840382072315,0.06407840382072315,16.707110842018935,0.25368049307782403,0,,,,True
299,-2.2477502929687496,0,True,0.06407231886598286,0.06397231886598286,16.841890092877584,0.3082586357066897,0,,,,True
299,-2.2477502929687496,1,True,0.06417840382072315,0.06407840382072315,16.707110842018935,0.30781157234332185,0,,,,True
299,-2.2477502929687496,2,True,0.06417840382072315,0.06407840382072315,16.707110842018935,0.30747682988923253,0,,,,True
299,-2.2477502929687496,3,True,0.06417840382072315,0.06407840382072315,16.707110842018935,0.29108586603436565,0,,,,True
299,-2.2477502929687496,4,True,0.06417840382072315,0.06407840382072315,16.707110842018935,0.2761229108704308,0,,,,True
299,-2.2477502929687496,5,True,0.06417840382072315,0.06407840382072315,16.707110842018935,0.2638497666207131,0,,,,True
299,-2.2477502929687496,6,True,0.06417840382072315,0.06407840382072315,16.707110842018935,0.25368049307782403,0,,,,True
300,-2.247515936279297,0,True,0.06407223647419125,0.06397223647419124,16.841899310070914,0.30826012180586426,0,,,,True
300,-2.247515936279297,1,True,0.06417840382072315,0.06407840382072315,16.707110842018935,0.30781230404688975,0,,,,True
300,-2.247515936279297,2,True,0.06417840382072315,0.06407840382072315,16.707110842018935,0.30747682988923253,0,,,,True
300,-2.247515936279297,3,True,0.06417840382072315,0.06407840382072315,16.707110842018935,0.29108586603436565,0,,,,True
300,-2.247515936279297,4,True,0.06417840382072315,0.06407840382072315,16.707110842018935,0.2761229108704308,0,,,,True
300,-2.247515936279297,5,True,0.06417840382072315,0.06407840382072315,16.707110842018935,0.2638497666207131,0,,,,True
300,-2.247515936279297,6,True,0.06417840382072315,0.06407840382072315,16.707110842018935,0.25368049307782403,0,,,,True
301,-2.2472815795898438,0,True,0.06407215408239963,0.06397215408239963,16.841908527264245,0.3082616079054236,0,,,,True
301,-2.2472815795898438,1,True,0.06417840382072315,0.06407840382072315,16.707110842018935,0.30781303575045765,0,,,,True
301,-2.2472815795898438,2,True,0.06417840382072315,0.06407840382072315,16.707110842018935,0.30747682988923253,0,,,,True
301,-2.2472815795898438,3,True,0.06417840382072315,0.06407840382072315,16.707110842018935,0.29108586603436565,0,,,,True
301,-2.2472815795898438,4,True,0.06417840382072315,0.06407840382072315,16.707110842018935,0.2761229108704308,0,,,,True
301,-2.2472815795898438,5,True,0.06417840382072315,0.06407840382072315,16.707110842018935,0.2638497666207131,0,,,,True
301,-2.2472815795898438,6,True,0.06417840382072315,0.06407840382072315,16.707110842018935,0.25368049307782403,0,,,,True
302,-2.247047222900391,0,True,0.06407207169060802,0.06397207169060802,16.841917744457575,0.30826309400536883,0,,,,True
302,-2.247047222900391,1,True,0.06417840382072315,0.06407840382072315,16.707110842018935,0.30781376745402544,0,,,,True
302,-2.247047222900391,2,True,0.06417840382072315,0.06407840382072315,16.707110842018935,0.30747682988923253,0,,,,True
302,-2.247047222900391,3,True,0.06417840382072315,0.06407840382072315,16.707110842018935,0.29108586603436565,0,,,,True
302,-2.247047222900391,4,True,0.06417840382072315,0.06407840382072315,16.707110842018935,0.2761229108704308,0,,,,True
302,-2.247047222900391,5,True,0.06417840382072315,0.06407840382072315,16.707110842018935,0.2638497666207131,0,,,,True
302,-2.247047222900391,6,True,0.06417840382072315,0.06407840382072315,16.707110842018935,0.25368049307782403,0,,,,True
303,-2.246812866210938,0,True,0.06407198929881641,0.06397198929881641,16.841926961650906,0.3082645801057013,0,,,,True
303,-2.246812866210938,1,True,0.06417840382072315,0.06407840382072315,16.707110842018935,0.30781449915759335,0,,,,True
303,-2.246812866210938,2,True,0.06417840382072315,0.06407840382072315,16.707110842018935,0.30747682988923253,0,,,,True
303,-2.246812866210938,3,True,0.06417840382072315,0.06407840382072315,16.707110842018935,0.29108586603436565,0,,,,True
303,-2.246812866210938,4,True,0.06417840382072315,0.06407840382072315,16.707110842018935,0.2761229108704308,0,,,,True
303,-2.246812866210938,5,True,0.06417840382072315,0.06407840382072315,16.707110842018935,0.2638497666207131,0,,,,True
303,-2.246812866210938,6,True,0.06417840382072315,0.06407840382072315,16.707110842018935,0.25368049307782403,0,,,,True
304,-2.2465785095214845,0,True,0.0640719069070248,0.0639719069070248,16.841936178844236,0.30826606620641883,0,,,,True
304,-2.2465785095214845,1,True,0.06417840382072315,0.06407840382072315,16.707110842018935,0.3078152308611612,0,,,,True
304,-2.2465785095214845,2,True,0.06417840382072315,0.06407840382072315,16.707110842018935,0.30747682988923253,0,,,,True
304,-2.2465785095214845,3,True,0.06417840382072315,0.06407840382072315,16.707110842018935,0.29108586603436565,0,,,,True
304,-2.2465785095214845,4,True,0.06417840382072315,0.06407840382072315,16.707110842018935,0.2761229108704308,0,,,,True
304,-2.2465785095214845,5,True,0.06417840382072315,0.06407840382072315,16.707110842018935,0.2638497666207131,0,,,,True
304,-2.2465785095214845,6,True,0.06417840382072315,0.06407840382072315,16.707110842018935,0.25368049307782403,0,,,,True
305,-2.2463441528320316,0,True,0.06407182451523363,0.06397182451523363,16.841945396037566,0.3082675523075246,0,,,,True
305,-2.2463441528320316,1,True,0.06417840382072315,0.06407840382072315,16.707110842018935,0.307815962564729,0,,,,True
305,-2.2463441528320316,2,True,0.06417840382072315,0.06407840382072315,16.707110842018935,0.30747682988923253,0,,,,True
305,-2.2463441528320316,3,True,0.06417840382072315,0.06407840382072315,16.707110842018935,0.29108586603436565,0,,,,True
305,-2.2463441528320316,4,True,0.06417840382072315,0.06407840382072315,16.707110842018935,0.2761229108704308,0,,,,True
305,-2.2463441528320316,5,True,0.06417840382072315,0.06407840382072315,16.707110842018935,0.2638497666207131,0,,,,True
305,-2.2463441528320316,6,True,0.06417840382072315,0.06407840382072315,16.707110842018935,0.25368049307782403,0,,,,True
306,-2.246109796142578,0,True,0.06407174212344202,0.06397174212344202,16.841954613230897,0.30826903840901493,0,,,,True
306,-2.246109796142578,1,True,0.06417840382072315,0.06407840382072315,16.707110842018935,0.30781669426829694,0,,,,True
306,-2.246109796142578,2,True,0.06417840382072315,0.06407840382072315,16.707110842018935,0.30747682988923253,0,,,,True
306,-2.246109796142578,3,True,0.06417840382072315,0.06407840382072315,16.707110842018935,0.29108586603436565,0,,,,True
306,-2.246109796142578,4,True,0.06417840382072315,0.06407840382072315,16.707110842018935,0.2761229108704308,0,,,,True
306,-2.246109796142578,5,True,0.06417840382072315,0.06407840382072315,16.707110842018935,0.2638497666207131,0,,,,True
306,-2.246109796142578,6,True,0.06417840382072315,0.06407840382072315,16.707110842018935,0.25368049307782403,0,,,,True
